sample,treatment,cell,Acta2,Bgn,Ccl2,Ccnd1,Cd74,Clec3b,Col12a1,Col14a1,Col1a1,Col1a2,Col3a1,Col5a1,Col5a2,Col6a1,Col6a2,Col6a3,Csf2,Cxcl1,Cxcl2,Cxcl3,Dcn,Dusp4,Dusp6,Etv1,Etv4,Etv5,Fn1,Fosl1,H2-Aa,H2-Ab1,Has1,Hgf,Hspg2,Igfbp2,Igfbp3,Igfbp7,Il6,Lum,Ly6c1,Mmp1a,Mmp3,Plau,Postn,Saa3,Serpine1,Slpi,Sparc,Spry2,Spry4,Tagln,Thbs1,Thbs2,Thy1,Tnc,Vcan,Vegfa,myCAF,iCAF,apCAF,SASP,matrisome_core,MAPK_targets,RASON_inhibition_PD
GSM9850799,RMC6236,43,0.819815408357075,0.9937826448243114,0.39065467711301044,0.9780240978157645,0.9998367758784426,0.9909039648622981,0.39065467711301044,0.39065467711301044,0.9974922839506173,0.9992135565052231,0.9997774216524217,0.8798373694207028,0.9372922602089269,0.9903104226020892,0.9621913580246914,0.9372922602089269,0.39065467711301044,0.39065467711301044,0.819815408357075,0.39065467711301044,1.0000148385565053,0.39065467711301044,0.819815408357075,0.819815408357075,0.39065467711301044,0.9148860398860399,0.969284188034188,0.39065467711301044,0.9996290360873694,0.9995845204178537,0.39065467711301044,0.39065467711301044,0.39065467711301044,0.39065467711301044,0.39065467711301044,0.991883309591643,0.39065467711301044,0.39065467711301044,0.39065467711301044,0.39065467711301044,0.39065467711301044,0.9148860398860399,0.39065467711301044,0.999540004748338,0.39065467711301044,0.9979522792022792,0.9967800332383666,0.9148860398860399,0.819815408357075,0.39065467711301044,0.9521456552706553,0.39065467711301044,0.39065467711301044,0.39065467711301044,0.819815408357075,0.39065467711301044,0.46218146565368784,0.49069622507122507,0.9993085232668566,0.501699014719848,0.8099212150747238,0.7154673815553445,0.7469623355040023
GSM9850799,RMC6236,45,0.4321877967711301,0.9777570037986705,0.4321877967711301,0.4321877967711301,0.4321877967711301,0.943880579297246,0.4321877967711301,0.4321877967711301,0.9992135565052231,0.9997180674264008,0.9998367758784426,0.9846569325735992,0.9972103513770181,0.9978632478632479,0.943880579297246,0.9916013770180437,0.4321877967711301,0.4321877967711301,0.4321877967711301,0.4321877967711301,0.9995251661918328,0.943880579297246,0.4321877967711301,0.4321877967711301,0.4321877967711301,0.4321877967711301,0.9978632478632479,0.4321877967711301,0.4321877967711301,0.4321877967711301,0.4321877967711301,0.4321877967711301,0.9933374881291548,0.4321877967711301,0.4321877967711301,0.943880579297246,0.4321877967711301,0.4321877967711301,0.4321877967711301,0.4321877967711301,0.4321877967711301,0.4321877967711301,0.4321877967711301,0.9933374881291548,0.4321877967711301,0.9658861585944919,0.9994806505223172,0.4321877967711301,0.4321877967711301,0.4321877967711301,0.4321877967711301,0.4321877967711301,0.4321877967711301,0.4321877967711301,0.8968720322886989,0.8968720322886989,0.4321877967711301,0.5174699271921495,0.6511574074074075,0.501929012345679,0.8389344979257258,0.489042550385143,0.4321877967711302
GSM9850799,RMC6236,83,0.42377433523266855,0.9747892924976258,0.9893607549857549,0.9392064339981007,0.8853424738841406,0.8853424738841406,0.42377433523266855,0.9629926400759734,0.9955039173789174,0.9977297008547008,0.9977297008547008,0.42377433523266855,0.981184710351377,0.42377433523266855,0.8853424738841406,0.42377433523266855,0.42377433523266855,0.42377433523266855,0.42377433523266855,0.42377433523266855,0.9999554843304843,0.42377433523266855,0.42377433523266855,0.9629926400759734,0.42377433523266855,0.8853424738841406,0.9965574548907882,0.42377433523266855,0.42377433523266855,0.8853424738841406,0.42377433523266855,0.42377433523266855,0.9392064339981007,0.42377433523266855,0.42377433523266855,0.9924620132953467,0.42377433523266855,0.42377433523266855,0.42377433523266855,0.42377433523266855,0.42377433523266855,0.9392064339981007,0.42377433523266855,0.9949103751187085,0.42377433523266855,0.9893607549857549,0.9981600189933523,0.8853424738841406,0.42377433523266855,0.42377433523266855,0.42377433523266855,0.42377433523266855,0.42377433523266855,0.42377433523266855,0.9747892924976258,0.42377433523266855,0.42377433523266855,0.5905720758151314,0.8357460826210825,0.5416104921313254,0.7437443769680611,0.643528410889522,0.6292841032424367
GSM9850799,RMC6236,87,0.8764690170940171,0.968022910731244,0.985636277302944,0.4193079297245964,0.9821047008547008,0.4193079297245964,0.4193079297245964,0.968022910731244,0.9978187321937322,0.999272910731244,0.999540004748338,0.9301697530864198,0.9948658594491928,0.9544307929724596,0.9544307929724596,0.985636277302944,0.4193079297245964,0.4193079297245964,0.8764690170940171,0.4193079297245964,0.9999851614434948,0.8764690170940171,0.4193079297245964,0.4193079297245964,0.4193079297245964,0.968022910731244,0.992224596391263,0.4193079297245964,0.9301697530864198,0.987832383665717,0.8764690170940171,0.4193079297245964,0.985636277302944,0.4193079297245964,0.4193079297245964,0.9962458452041786,0.8764690170940171,0.4193079297245964,0.4193079297245964,0.4193079297245964,0.4193079297245964,0.8764690170940171,0.4193079297245964,0.9998664529914529,0.4193079297245964,0.9992432336182336,0.9995103276353277,0.8764690170940171,0.4193079297245964,0.4193079297245964,0.4193079297245964,0.4193079297245964,0.4193079297245964,0.4193079297245964,0.4193079297245964,0.4193079297245964,0.4955014442861665,0.6631474556821779,0.9798433048433048,0.5989328958078959,0.8040732618583495,0.5818676136963175,0.5630045109211775
GSM9850799,RMC6236,146,0.966553893637227,0.9940200617283951,0.9949400522317189,0.8642420465337132,0.966553893637227,0.41325379867046536,0.41325379867046536,0.9430941358024691,0.9967058404558404,0.9975961538461539,0.9995103276353277,0.9771486229819563,0.9799085944919278,0.966553893637227,0.966553893637227,0.9430941358024691,0.41325379867046536,0.41325379867046536,0.41325379867046536,0.41325379867046536,0.9998367758784426,0.9183434235517569,0.8642420465337132,0.8642420465337132,0.9430941358024691,0.8642420465337132,0.997343898385565,0.41325379867046536,0.9729789886039886,0.9799085944919278,0.41325379867046536,0.41325379867046536,0.9430941358024691,0.41325379867046536,0.41325379867046536,0.997343898385565,0.41325379867046536,0.8642420465337132,0.9430941358024691,0.41325379867046536,0.41325379867046536,0.41325379867046536,0.41325379867046536,0.9999554843304843,0.8642420465337132,0.9571017331433999,0.9995696818613485,0.9430941358024691,0.41325379867046536,0.41325379867046536,0.41325379867046536,0.41325379867046536,0.8642420465337132,0.41325379867046536,0.8642420465337132,0.8642420465337132,0.5806351891421336,0.5898672443811332,0.9752997388414055,0.5609504307420973,0.8496018580996652,0.7875563865147197,0.7579174297924297
GSM9850799,RMC6236,182,0.3859656932573599,0.9872833570750238,0.3859656932573599,0.8112832383665717,0.9929962013295347,0.9944355413105413,0.3859656932573599,0.3859656932573599,0.9932484567901234,0.9985309829059829,0.998872269705603,0.9099002849002849,0.949266975308642,0.9595500949667616,0.9760208926875593,0.9099002849002849,0.3859656932573599,0.3859656932573599,0.8112832383665717,0.3859656932573599,1.0000148385565053,0.3859656932573599,0.3859656932573599,0.8731303418803419,0.3859656932573599,0.8112832383665717,0.8112832383665717,0.3859656932573599,0.9815705128205128,0.9595500949667616,0.8112832383665717,0.3859656932573599,0.9595500949667616,0.3859656932573599,0.3859656932573599,0.9982787274453941,0.3859656932573599,0.3859656932573599,0.3859656932573599,0.3859656932573599,0.3859656932573599,0.3859656932573599,0.3859656932573599,0.9718364197530864,0.3859656932573599,0.9904736467236467,0.9964535849952516,0.8112832383665717,0.3859656932573599,0.3859656932573599,0.3859656932573599,0.3859656932573599,0.3859656932573599,0.3859656932573599,0.949266975308642,0.8731303418803419,0.3859656932573599,0.5582635921177589,0.9792853751187085,0.4948796381088047,0.8067879367221472,0.5818676136963172,0.5682446411613078
GSM9850799,RMC6236,220,0.9497714862298196,0.9933226495726496,0.997343898385565,0.9417141500474834,0.9991245251661919,0.9608558879392213,0.3655923551756885,0.9417141500474834,0.995874881291548,0.9975219610636278,0.9979374406457739,0.8717800332383666,0.9874910968660968,0.9886485042735043,0.9878620607787274,0.9680377492877493,0.3655923551756885,0.9945394112060779,0.9560927113010447,0.3655923551756885,0.9999258072174739,0.7700468898385565,0.9608558879392213,0.831983024691358,0.3655923551756885,0.7700468898385565,0.9962310066476733,0.3655923551756885,0.9942129629629629,0.99534069325736,0.3655923551756885,0.7700468898385565,0.9497714862298196,0.3655923551756885,0.3655923551756885,0.9968690645773979,0.3655923551756885,0.9882181861348528,0.831983024691358,0.3655923551756885,0.3655923551756885,0.3655923551756885,0.3655923551756885,0.9998961301044634,0.3655923551756885,0.9971509971509972,0.9988871082621082,0.8717800332383666,0.3655923551756885,0.3655923551756885,0.7700468898385565,0.3655923551756885,0.9001216761633428,0.3655923551756885,0.9417141500474834,0.7700468898385565,0.5520437638493193,0.7433795307059196,0.9971450617283951,0.6006912647537648,0.8700025303643727,0.6936893267911786,0.6630248609415276
GSM9850799,RMC6236,226,0.9745518755935423,0.9958897198480532,0.9920168566001899,0.4084015906932574,0.8541963437796771,0.4084015906932574,0.8541963437796771,0.4084015906932574,0.9987683998100665,0.9995548433048433,0.9999554843304843,0.9672958214624882,0.9948658594491928,0.9913046058879392,0.9927291073124407,0.9856066001899335,0.4084015906932574,0.9095293209876543,0.8541963437796771,0.4084015906932574,0.9998961301044634,0.4084015906932574,0.8541963437796771,0.9563301282051282,0.9095293209876543,0.9563301282051282,0.999198717948718,0.4084015906932574,0.4084015906932574,0.8541963437796771,0.4084015906932574,0.9563301282051282,0.9672958214624882,0.4084015906932574,0.9385832146248813,0.996809710351377,0.9095293209876543,0.4084015906932574,0.4084015906932574,0.4084015906932574,0.4084015906932574,0.8541963437796771,0.9095293209876543,0.9997477445394112,0.4084015906932574,0.4084015906932574,0.9996587132003799,0.9095293209876543,0.8541963437796771,0.8541963437796771,0.4084015906932574,0.4084015906932574,0.4084015906932574,0.4084015906932574,0.9385832146248813,0.9794782763532763,0.739721826527382,0.5754441674580564,0.704988722697056,0.7073211318002984,0.8617757222472137,0.7405907064471879,0.7572263770180437
GSM9850799,RMC6236,380,0.3825379867046534,0.9922542735042735,0.9608410493827161,0.8628917378917379,0.9880252849002849,0.3825379867046534,0.3825379867046534,0.3825379867046534,0.9959045584045584,0.9987980769230769,0.9985309829059829,0.8030033238366572,0.9880252849002849,0.952665004748338,0.9783950617283951,0.9880252849002849,0.3825379867046534,0.3825379867046534,0.3825379867046534,0.3825379867046534,0.9984419515669516,0.3825379867046534,0.9608410493827161,0.3825379867046534,0.9241749762583096,0.3825379867046534,0.9990206552706553,0.8030033238366572,0.899201685660019,0.941224477682811,0.3825379867046534,0.3825379867046534,0.9608410493827161,0.3825379867046534,0.3825379867046534,0.9947768281101614,0.3825379867046534,0.3825379867046534,0.3825379867046534,0.3825379867046534,0.3825379867046534,0.8030033238366572,0.3825379867046534,0.9999851614434948,0.8030033238366572,0.9998070987654321,0.997076804368471,0.952665004748338,0.8628917378917379,0.3825379867046534,0.899201685660019,0.8628917378917379,0.3825379867046534,0.3825379867046534,0.952665004748338,0.3825379867046534,0.4625969452358341,0.3825379867046534,0.9656487416904083,0.5276431708723376,0.8691239316239316,0.7237868655692731,0.8212865452448787
GSM9850799,RMC6236,418,0.8462577160493827,0.9901768755935423,0.9838556505223172,0.37274453941120606,0.9972400284900285,0.8462577160493827,0.37274453941120606,0.37274453941120606,0.9964239078822412,0.9996141975308642,0.9974032526115859,0.9765550807217473,0.9914678300094967,0.9838556505223172,0.9789440883190883,0.9693880579297246,0.37274453941120606,0.37274453941120606,0.37274453941120606,0.37274453941120606,0.9998070987654321,0.8837399097815765,0.7846331908831908,0.37274453941120606,0.37274453941120606,0.7846331908831908,0.9942129629629629,0.37274453941120606,0.9906220322886989,0.9945690883190883,0.37274453941120606,0.37274453941120606,0.9513592117758785,0.37274453941120606,0.37274453941120606,0.9936787749287749,0.37274453941120606,0.37274453941120606,0.37274453941120606,0.37274453941120606,0.37274453941120606,0.7846331908831908,0.37274453941120606,0.9994212962962963,0.9408535137701804,0.9974477682811016,0.999272910731244,0.37274453941120606,0.37274453941120606,0.37274453941120606,0.8462577160493827,0.37274453941120606,0.9408535137701804,0.37274453941120606,0.8837399097815765,0.37274453941120606,0.5463482312440645,0.45166340218423545,0.9958600427350428,0.5307476088726089,0.8447082583595742,0.5210526142239105,0.49042701126034455
GSM9850799,RMC6236,459,0.42267628205128205,0.9977000237416904,0.42267628205128205,0.42267628205128205,0.42267628205128205,0.9957710113960114,0.42267628205128205,0.962369420702754,0.9985309829059829,0.9983974358974359,0.9992580721747388,0.986036918328585,0.9934265194681862,0.9934265194681862,0.9928774928774928,0.9819414767331434,0.42267628205128205,0.42267628205128205,0.42267628205128205,0.42267628205128205,0.9999554843304843,0.42267628205128205,0.42267628205128205,0.42267628205128205,0.42267628205128205,0.42267628205128205,0.8836657169990503,0.42267628205128205,0.8836657169990503,0.42267628205128205,0.42267628205128205,0.42267628205128205,0.962369420702754,0.42267628205128205,0.9928774928774928,0.9997180674264008,0.42267628205128205,0.9913936372269706,0.8836657169990503,0.42267628205128205,0.42267628205128205,0.42267628205128205,0.986036918328585,0.42267628205128205,0.42267628205128205,0.42267628205128205,0.9991096866096866,0.42267628205128205,0.8836657169990503,0.42267628205128205,0.9747892924976258,0.962369420702754,0.9949994064577398,0.42267628205128205,0.962369420702754,0.962369420702754,0.7030458610319722,0.6849724992086103,0.5148741690408356,0.5024430623388956,0.9519121432498625,0.4738973303788118,0.4885319156152489
GSM9850799,RMC6236,714,0.8628768993352327,0.9931297483380817,0.41157704178537513,0.41157704178537513,0.9722518993352327,0.9206730769230769,0.41157704178537513,0.41157704178537513,0.9994806505223172,0.9997180674264008,0.9999258072174739,0.9884110873694207,0.9935749050332384,0.9919278252611586,0.9630668328584995,0.9206730769230769,0.41157704178537513,0.41157704178537513,0.8628768993352327,0.41157704178537513,1.0000148385565053,0.41157704178537513,0.9206730769230769,0.8628768993352327,0.41157704178537513,0.41157704178537513,0.9986942070275404,0.8628768993352327,0.8628768993352327,0.9820601851851852,0.41157704178537513,0.41157704178537513,0.9940052231718899,0.41157704178537513,0.41157704178537513,0.9969284188034188,0.41157704178537513,0.9480798907882241,0.41157704178537513,0.41157704178537513,0.41157704178537513,0.9206730769230769,0.9206730769230769,0.9984419515669516,0.9206730769230769,0.41157704178537513,0.9998070987654321,0.41157704178537513,0.8628768993352327,0.41157704178537513,0.41157704178537513,0.41157704178537513,0.41157704178537513,0.41157704178537513,0.9480798907882241,0.9206730769230769,0.48679368471035134,0.49642638097499203,0.8454415954415955,0.5947155660697326,0.889157544859299,0.618576553761739,0.6132478632478634
GSM9850799,RMC6236,1054,0.405982905982906,0.9909039648622981,0.9915865384615384,0.405982905982906,0.9944800569800569,0.9386425688509021,0.405982905982906,0.405982905982906,0.9948510208926875,0.9981006647673314,0.9983825973409307,0.8506054131054132,0.9663164767331434,0.9559443257359924,0.9085054605887939,0.9729938271604939,0.405982905982906,0.405982905982906,0.405982905982906,0.405982905982906,0.9999554843304843,0.405982905982906,0.9386425688509021,0.8506054131054132,0.405982905982906,0.9386425688509021,0.9958006885090218,0.405982905982906,0.9894497863247863,0.9915865384615384,0.405982905982906,0.405982905982906,0.9386425688509021,0.405982905982906,0.405982905982906,0.9928329772079773,0.405982905982906,0.9775789411206078,0.405982905982906,0.405982905982906,0.405982905982906,0.9663164767331434,0.405982905982906,1.0000148385565053,0.8506054131054132,0.993619420702754,0.9979374406457739,0.8506054131054132,0.9386425688509021,0.405982905982906,0.9559443257359924,0.405982905982906,0.405982905982906,0.405982905982906,0.9386425688509021,0.8506054131054132,0.40598290598290593,0.49475951646090527,0.9938301282051283,0.5932709266042601,0.8767923414304994,0.6823411285216842,0.6977831196581198
GSM9850799,RMC6236,1208,0.9823421177587844,0.9909484805318138,0.9959490740740741,0.39676816239316237,0.977193138651472,0.9857401471984806,0.39676816239316237,0.9598320275403609,0.9968690645773979,0.9976555080721747,0.9998367758784426,0.9480502136752137,0.9909484805318138,0.9842414529914529,0.979982787274454,0.9675332383665717,0.39676816239316237,0.8341939696106363,0.39676816239316237,0.39676816239316237,0.9999851614434948,0.39676816239316237,0.8341939696106363,0.39676816239316237,0.39676816239316237,0.39676816239316237,0.9947174738841406,0.8341939696106363,0.8956404320987654,0.9675332383665717,0.39676816239316237,0.39676816239316237,0.9285820275403609,0.39676816239316237,0.9480502136752137,0.9969432573599241,0.8341939696106363,0.8341939696106363,0.8956404320987654,0.39676816239316237,0.39676816239316237,0.39676816239316237,0.9285820275403609,0.9999258072174739,0.9285820275403609,0.39676816239316237,0.9998664529914529,0.9732015669515669,0.39676816239316237,0.39676816239316237,0.8341939696106363,0.39676816239316237,0.8341939696106363,0.39676816239316237,0.8956404320987654,0.39676816239316237,0.6591484647040202,0.8177281180753403,0.8474121557454891,0.582912554266721,0.8981770442845005,0.5580220533924237,0.604094593677927
GSM9850799,RMC6236,1346,0.40449905033238365,0.9909039648622981,0.40449905033238365,0.9338497150997151,0.40449905033238365,0.8475931861348528,0.40449905033238365,0.8475931861348528,0.9980264719848053,0.9998070987654321,0.9994064577397911,0.9792111823361823,0.9903994539411206,0.9891826923076923,0.9846717711301045,0.9812737416904084,0.40449905033238365,0.40449905033238365,0.40449905033238365,0.40449905033238365,0.9998367758784426,0.9049293684710351,0.40449905033238365,0.40449905033238365,0.40449905033238365,0.40449905033238365,0.994153608736942,0.40449905033238365,0.8475931861348528,0.40449905033238365,0.40449905033238365,0.40449905033238365,0.9871201329534662,0.40449905033238365,0.40449905033238365,0.9934265194681862,0.40449905033238365,0.40449905033238365,0.40449905033238365,0.40449905033238365,0.40449905033238365,0.40449905033238365,0.40449905033238365,0.9998961301044634,0.9604552469135802,0.9963051994301995,0.9998664529914529,0.950201804368471,0.8475931861348528,0.40449905033238365,0.40449905033238365,0.40449905033238365,0.8475931861348528,0.40449905033238365,0.9049293684710351,0.9049293684710351,0.47834807296612847,0.5521970955998733,0.7305585232668566,0.5220214777506444,0.8326991802868994,0.6287854806373324,0.621377272418939
GSM9850799,RMC6236,1400,0.4023622981956315,0.9990948480531814,0.84806801994302,0.971480294396961,0.9965722934472935,0.4023622981956315,0.4023622981956315,0.4023622981956315,0.9997477445394112,0.9986200142450142,0.9998367758784426,0.9922839506172839,0.9940200617283951,0.9965722934472935,0.9947174738841406,0.9915865384615384,0.4023622981956315,0.4023622981956315,0.4023622981956315,0.4023622981956315,0.9995696818613485,0.84806801994302,0.84806801994302,0.9119925213675214,0.84806801994302,0.4023622981956315,0.9997774216524217,0.4023622981956315,0.9929220085470085,0.9783653846153846,0.4023622981956315,0.4023622981956315,0.9879807692307693,0.4023622981956315,0.4023622981956315,0.9947174738841406,0.4023622981956315,0.9989316239316239,0.4023622981956315,0.4023622981956315,0.4023622981956315,0.4023622981956315,0.9879807692307693,0.9879807692307693,0.4023622981956315,0.971480294396961,0.9996735517568851,0.84806801994302,0.4023622981956315,0.84806801994302,0.84806801994302,0.9119925213675214,0.4023622981956315,0.4023622981956315,0.4023622981956315,0.84806801994302,0.5615849556821778,0.40236229819563146,0.9854641500474834,0.5083456281372948,0.9213251924326485,0.7203146433470508,0.6746816069732736
GSM9850799,RMC6236,1582,0.9707828822412156,0.9966316476733144,0.9209550094966762,0.8668387939221273,0.8668387939221273,0.41498990978157646,0.9209550094966762,0.41498990978157646,0.997610992402659,0.9978632478632479,0.9999258072174739,0.980249881291548,0.9945690883190883,0.9935155508072174,0.9959639126305793,0.980249881291548,0.41498990978157646,0.8668387939221273,0.41498990978157646,0.41498990978157646,0.9988129154795822,0.41498990978157646,0.9831879154795822,0.41498990978157646,0.9621913580246914,0.41498990978157646,0.9984271130104464,0.41498990978157646,0.41498990978157646,0.41498990978157646,0.41498990978157646,0.41498990978157646,0.980249881291548,0.41498990978157646,0.41498990978157646,0.9974626068376068,0.8668387939221273,0.41498990978157646,0.41498990978157646,0.41498990978157646,0.41498990978157646,0.41498990978157646,0.8668387939221273,0.9998070987654321,0.41498990978157646,0.980249881291548,0.9993025878442545,0.41498990978157646,0.41498990978157646,0.41498990978157646,0.9474269943019943,0.41498990978157646,0.41498990978157646,0.41498990978157646,0.9884407644824311,0.8668387939221273,0.5919495884773663,0.5656062044950935,0.7353751187084521,0.589560227581061,0.8926867783775679,0.5891286140128734,0.6388825295075297
GSM9850799,RMC6236,1604,0.4195898622981956,0.9821640550807218,0.4195898622981956,0.4195898622981956,0.8757122507122507,0.9996883903133903,0.9901471984805318,0.997803893637227,0.998471628679962,0.9994212962962963,0.9998961301044634,0.9893162393162394,0.9901471984805318,0.9937826448243114,0.9884110873694207,0.9923433048433048,0.4195898622981956,0.4195898622981956,0.4195898622981956,0.4195898622981956,0.9999554843304843,0.4195898622981956,0.4195898622981956,0.4195898622981956,0.4195898622981956,0.4195898622981956,0.9996587132003799,0.4195898622981956,0.8757122507122507,0.4195898622981956,0.4195898622981956,0.8757122507122507,0.9821640550807218,0.4195898622981956,0.4195898622981956,0.9960529439696106,0.8757122507122507,0.9966464862298196,0.9972993827160493,0.4195898622981956,0.4195898622981956,0.8757122507122507,0.9908297720797721,0.4195898622981956,0.4195898622981956,0.4195898622981956,0.9997180674264008,0.9660345441595442,0.4195898622981956,0.4195898622981956,0.8757122507122507,0.9847608024691358,0.8757122507122507,0.4195898622981956,0.9531101614434948,0.9284633190883191,0.6848983064260842,0.7849472736625515,0.6020388176638176,0.5948544125627461,0.9545315389613637,0.4803059380605677,0.49765338827838834
GSM9850799,RMC6236,1751,0.870414886039886,0.9674145299145299,0.4154053893637227,0.9537333808167141,0.9806801994301995,0.9674145299145299,0.870414886039886,0.9674145299145299,0.9752789648622981,0.9928329772079773,0.9986496913580247,0.870414886039886,0.9845679012345679,0.9887523741690408,0.9674145299145299,0.870414886039886,0.4154053893637227,0.4154053893637227,0.870414886039886,0.4154053893637227,0.9997180674264008,0.4154053893637227,0.870414886039886,0.4154053893637227,0.4154053893637227,0.870414886039886,0.4154053893637227,0.4154053893637227,0.927454297245964,0.927454297245964,0.4154053893637227,0.4154053893637227,0.4154053893637227,0.4154053893637227,0.4154053893637227,0.9969135802469136,0.4154053893637227,0.4154053893637227,0.4154053893637227,0.4154053893637227,0.4154053893637227,0.4154053893637227,0.4154053893637227,0.4154053893637227,0.4154053893637227,0.9999554843304843,0.9966168091168092,0.870414886039886,0.4154053893637227,0.4154053893637227,0.870414886039886,0.4154053893637227,0.870414886039886,0.4154053893637227,0.4154053893637227,0.4154053893637227,0.6429101377018044,0.5994084362139918,0.850189933523267,0.48944236704653366,0.7573856962563104,0.626889442861665,0.6873134581467915
GSM9850799,RMC6236,1771,0.8183315527065527,0.9980264719848053,0.9943316714150048,0.38786502849002846,0.9996438746438746,0.9192634140550807,0.38786502849002846,0.8832799145299145,0.9953703703703703,0.9970471272554606,0.994153608736942,0.9558256172839507,0.9872685185185185,0.9839743589743589,0.965559710351377,0.8183315527065527,0.38786502849002846,0.38786502849002846,0.38786502849002846,0.38786502849002846,0.9976851851851852,0.38786502849002846,0.9412986704653371,0.8183315527065527,0.38786502849002846,0.38786502849002846,0.9192634140550807,0.38786502849002846,0.9981303418803419,0.9979671177587844,0.38786502849002846,0.38786502849002846,0.9839743589743589,0.38786502849002846,0.9839743589743589,0.9974032526115859,0.38786502849002846,0.9839743589743589,0.8183315527065527,0.38786502849002846,0.38786502849002846,0.8183315527065527,0.38786502849002846,0.38786502849002846,0.38786502849002846,0.38786502849002846,0.9972548670465338,0.8183315527065527,0.8183315527065527,0.38786502849002846,0.8832799145299145,0.8183315527065527,0.972340930674264,0.38786502849002846,0.8183315527065527,0.8832799145299145,0.7281180753402975,0.6307449944602722,0.7542942782526116,0.5408569054402389,0.8880727682811015,0.592846496781682,0.5899174128340796
GSM9850799,RMC6236,1925,0.9175866571699905,0.9730531813865148,0.9993322649572649,0.9511811490978158,0.40219907407407407,0.40219907407407407,0.40219907407407407,0.9676371082621082,0.9950142450142451,0.9993767806267806,0.9999258072174739,0.9730531813865148,0.9892568850902185,0.9922691120607787,0.9905923551756886,0.8365236229819563,0.40219907407407407,0.8365236229819563,0.40219907407407407,0.40219907407407407,0.9998664529914529,0.8365236229819563,0.9676371082621082,0.8365236229819563,0.40219907407407407,0.9607223409306742,0.9950142450142451,0.40219907407407407,0.40219907407407407,0.40219907407407407,0.8365236229819563,0.40219907407407407,0.983247269705603,0.40219907407407407,0.40219907407407407,0.9676371082621082,0.40219907407407407,0.40219907407407407,0.40219907407407407,0.40219907407407407,0.40219907407407407,0.40219907407407407,0.40219907407407407,0.9994954890788225,0.9793002136752137,0.8873456790123457,0.9995548433048433,0.40219907407407407,0.8365236229819563,0.40219907407407407,0.40219907407407407,0.40219907407407407,0.8365236229819563,0.40219907407407407,0.9175866571699905,0.40219907407407407,0.5604844294080406,0.6412135960747071,0.6186876780626781,0.5574845679012347,0.8239647373419304,0.7328565210509655,0.7032373490706824
GSM9850799,RMC6236,1961,0.46652421652421655,0.9977297008547008,0.46652421652421655,0.46652421652421655,0.46652421652421655,0.46652421652421655,0.9561372269705603,0.9849982193732194,0.9969284188034188,0.9969284188034188,0.9985161443494777,0.9849982193732194,0.9927142687559354,0.9561372269705603,0.46652421652421655,0.46652421652421655,0.46652421652421655,0.46652421652421655,0.46652421652421655,0.46652421652421655,0.9927142687559354,0.46652421652421655,0.46652421652421655,0.46652421652421655,0.46652421652421655,0.46652421652421655,0.9849982193732194,0.46652421652421655,0.46652421652421655,0.46652421652421655,0.46652421652421655,0.9561372269705603,0.46652421652421655,0.46652421652421655,0.46652421652421655,0.9561372269705603,0.46652421652421655,0.9561372269705603,0.46652421652421655,0.46652421652421655,0.46652421652421655,0.46652421652421655,0.9561372269705603,0.46652421652421655,0.46652421652421655,0.46652421652421655,0.9849982193732194,0.46652421652421655,0.46652421652421655,0.46652421652421655,0.46652421652421655,0.46652421652421655,0.46652421652421655,0.46652421652421655,0.46652421652421655,0.46652421652421655,0.5481263849319405,0.5529365503323836,0.4665242165242166,0.5364689323022658,0.7928740565801969,0.46652421652421655,0.46652421652421655
GSM9850799,RMC6236,2036,0.8787541547958214,0.9966168091168092,0.9977742165242165,0.8787541547958214,0.9845085470085471,0.9883517331433999,0.4208363010446344,0.4208363010446344,0.9989909781576448,0.9989909781576448,0.999540004748338,0.9569533475783476,0.994079415954416,0.9883517331433999,0.9702041785375118,0.9569533475783476,0.4208363010446344,0.4208363010446344,0.4208363010446344,0.4208363010446344,1.0000148385565053,0.4208363010446344,0.8787541547958214,0.4208363010446344,0.4208363010446344,0.8787541547958214,0.9968839031339032,0.4208363010446344,0.4208363010446344,0.8787541547958214,0.9321581196581197,0.4208363010446344,0.9909781576448243,0.4208363010446344,0.8787541547958214,0.9973290598290598,0.8787541547958214,0.4208363010446344,0.9569533475783476,0.4208363010446344,0.4208363010446344,0.4208363010446344,0.4208363010446344,0.8787541547958214,0.8787541547958214,0.9978929249762583,0.9994212962962963,0.4208363010446344,0.8787541547958214,0.4208363010446344,0.9321581196581197,0.4208363010446344,0.8787541547958214,0.4208363010446344,0.9569533475783476,0.4208363010446344,0.6497952279202279,0.7663149928774929,0.8321492165242166,0.5686410425993759,0.8642334557904731,0.624355347156273,0.6825036460453128
GSM9850799,RMC6236,2103,0.987105294396961,0.9978187321937322,0.42052469135802467,0.42052469135802467,0.9577546296296297,0.42052469135802467,0.9707828822412156,0.42052469135802467,0.9996883903133903,0.9997774216524217,1.0000148385565053,0.9924323361823362,0.9973142212725546,0.9935897435897436,0.9899839743589743,0.9924323361823362,0.42052469135802467,0.42052469135802467,0.42052469135802467,0.42052469135802467,0.9998664529914529,0.42052469135802467,0.8790806030389364,0.9707828822412156,0.42052469135802467,0.8790806030389364,0.9974626068376068,0.42052469135802467,0.9707828822412156,0.9886781813865148,0.42052469135802467,0.42052469135802467,0.9577546296296297,0.9777866809116809,0.9707828822412156,0.9954890788224121,0.8790806030389364,0.99900581671415,0.42052469135802467,0.42052469135802467,0.42052469135802467,0.42052469135802467,0.42052469135802467,0.9975961538461539,0.42052469135802467,0.42052469135802467,0.9999851614434948,0.42052469135802467,0.9330929487179487,0.8790806030389364,0.42052469135802467,0.9330929487179487,0.42052469135802467,0.42052469135802467,0.42052469135802467,0.9577546296296297,0.8602282169990504,0.4969506766381766,0.8670673076923077,0.5725255647130646,0.8701220197930726,0.6405178326474622,0.6247647028897028
GSM9850799,RMC6236,2470,0.4035642212725546,0.9881291547958214,0.9977148622981956,0.8988010446343779,0.9273059116809117,0.9720589981006648,0.8441506410256411,0.9750860636277303,0.996141975308642,0.9987238841405508,0.9997180674264008,0.9449489553656221,0.9881291547958214,0.9896278490028491,0.9909039648622981,0.9560036799620133,0.4035642212725546,0.8441506410256411,0.4035642212725546,0.4035642212725546,0.9999258072174739,0.8441506410256411,0.9449489553656221,0.4035642212725546,0.8441506410256411,0.4035642212725546,0.9962458452041786,0.4035642212725546,0.8441506410256411,0.8441506410256411,0.4035642212725546,0.4035642212725546,0.9780537749287749,0.4035642212725546,0.4035642212725546,0.9949252136752137,0.4035642212725546,0.4035642212725546,0.8441506410256411,0.4035642212725546,0.4035642212725546,0.4035642212725546,0.4035642212725546,0.9997774216524217,0.9273059116809117,0.968482905982906,0.9998664529914529,0.4035642212725546,0.8441506410256411,0.4035642212725546,0.9780537749287749,0.4035642212725546,0.9560036799620133,0.4035642212725546,0.9449489553656221,0.4035642212725546,0.5690685343463121,0.7404291310541312,0.9167735042735042,0.5571242029575362,0.8612462200729747,0.6656065342407935,0.6775348494098494
GSM9850799,RMC6236,2604,0.4120963912630579,0.9933968423551757,0.9604700854700855,0.4120963912630579,0.9993174264007597,0.4120963912630579,0.4120963912630579,0.4120963912630579,0.9946581196581197,0.9991542022792023,0.9971509971509972,0.8617491690408358,0.9604700854700855,0.9830098528015194,0.9700557929724596,0.9604700854700855,0.4120963912630579,0.4120963912630579,0.8617491690408358,0.4120963912630579,0.9999258072174739,0.4120963912630579,0.9168744064577398,0.9604700854700855,0.9168744064577398,0.8617491690408358,0.9933968423551757,0.4120963912630579,0.9444444444444444,0.9895833333333334,0.4120963912630579,0.4120963912630579,0.9799531101614435,0.4120963912630579,0.4120963912630579,0.9955187559354226,0.4120963912630579,0.4120963912630579,0.4120963912630579,0.4120963912630579,0.4120963912630579,0.4120963912630579,0.4120963912630579,0.9996141975308642,0.4120963912630579,0.9604700854700855,0.99900581671415,0.4120963912630579,0.4120963912630579,0.4120963912630579,0.4120963912630579,0.4120963912630579,0.8617491690408358,0.4120963912630579,0.9604700854700855,0.9604700854700855,0.48703852089268757,0.4120963912630579,0.9786858974358974,0.5642265720390719,0.8270183560753734,0.6351611137490766,0.6205547924297924
GSM9850799,RMC6236,2609,0.9361200142450142,0.9959045584045584,0.9853988603988604,0.38839921652421655,0.9962606837606838,0.38839921652421655,0.9139512108262108,0.38839921652421655,0.9976555080721747,0.9991393637226971,0.9998070987654321,0.9799976258309592,0.9927142687559354,0.9947026353276354,0.988500118708452,0.9504540598290598,0.38839921652421655,0.9866601377018044,0.38839921652421655,0.38839921652421655,0.9997477445394112,0.38839921652421655,0.9675183998100665,0.8162096391263058,0.8162096391263058,0.8779528727445394,0.9977742165242165,0.38839921652421655,0.960173314339981,0.9822679249762583,0.38839921652421655,0.38839921652421655,0.9769112060778727,0.38839921652421655,0.38839921652421655,0.9968245489078822,0.38839921652421655,0.38839921652421655,0.38839921652421655,0.38839921652421655,0.38839921652421655,0.9139512108262108,0.38839921652421655,0.9139512108262108,0.38839921652421655,0.38839921652421655,0.9998961301044634,0.8779528727445394,0.8162096391263058,0.8162096391263058,0.8162096391263058,0.38839921652421655,0.8162096391263058,0.38839921652421655,0.38839921652421655,0.9504540598290598,0.7098814893953783,0.48810937005381455,0.8482104700854702,0.5949201261701262,0.8227058029689609,0.704138968027857,0.7332345509428845
GSM9850799,RMC6236,2630,0.7997388414055081,0.9923433048433048,0.993218779677113,0.8884437321937322,0.9949697293447294,0.3827308879392213,0.3827308879392213,0.3827308879392213,0.9977742165242165,0.9997180674264008,0.9994509734093068,0.9696254748338081,0.993218779677113,0.9899691358024691,0.9903994539411206,0.9696254748338081,0.3827308879392213,0.8543595679012346,0.3827308879392213,0.3827308879392213,0.9999258072174739,0.7997388414055081,0.9274246201329535,0.3827308879392213,0.3827308879392213,0.9116215574548908,0.9973735754985755,0.3827308879392213,0.9836627492877493,0.9696254748338081,0.3827308879392213,0.3827308879392213,0.9696254748338081,0.3827308879392213,0.3827308879392213,0.9958303656220323,0.3827308879392213,0.9942426400759734,0.3827308879392213,0.3827308879392213,0.3827308879392213,0.3827308879392213,0.3827308879392213,0.9970174501424501,0.3827308879392213,0.999540004748338,0.9995993589743589,0.9116215574548908,0.7997388414055081,0.3827308879392213,0.3827308879392213,0.7997388414055081,0.7997388414055081,0.3827308879392213,0.9856066001899335,0.7997388414055081,0.5912348646723646,0.46133566793289016,0.9889630816714149,0.5336040309998643,0.8840226233318338,0.7096424237627941,0.7434731549314881
GSM9850799,RMC6236,2674,0.47849893162393164,0.9730235042735043,0.47849893162393164,0.47849893162393164,0.9980413105413105,0.47849893162393164,0.47849893162393164,0.47849893162393164,0.9920168566001899,0.99900581671415,0.9997032288698955,0.9730235042735043,0.9920168566001899,0.9920168566001899,0.9730235042735043,0.47849893162393164,0.47849893162393164,0.47849893162393164,0.47849893162393164,0.47849893162393164,0.9998961301044634,0.47849893162393164,0.47849893162393164,0.47849893162393164,0.47849893162393164,0.47849893162393164,0.47849893162393164,0.47849893162393164,0.47849893162393164,0.47849893162393164,0.47849893162393164,0.47849893162393164,0.47849893162393164,0.47849893162393164,0.47849893162393164,0.47849893162393164,0.47849893162393164,0.47849893162393164,0.47849893162393164,0.47849893162393164,0.47849893162393164,0.47849893162393164,0.47849893162393164,0.9994509734093068,0.47849893162393164,0.47849893162393164,0.9971361585944919,0.47849893162393164,0.47849893162393164,0.47849893162393164,0.47849893162393164,0.47849893162393164,0.47849893162393164,0.47849893162393164,0.47849893162393164,0.47849893162393164,0.4784989316239317,0.4784989316239317,0.6865978157644825,0.4784989316239318,0.7472290948168142,0.47849893162393176,0.47849893162393176
GSM9850799,RMC6236,2783,0.9689725783475783,0.9943761870845205,0.9971064814814815,0.3590040360873694,0.8110606600189934,0.3590040360873694,0.9310897435897436,0.9951626305792972,0.9988129154795822,0.9997180674264008,0.9998664529914529,0.9895239791073125,0.9959787511870846,0.9801163342830009,0.9903994539411206,0.9458541073124407,0.3590040360873694,0.982178893637227,0.8747032288698955,0.3590040360873694,0.9990354938271605,0.8484241452991453,0.9604849240265907,0.8110606600189934,0.8110606600189934,0.3590040360873694,0.9997477445394112,0.7535612535612536,0.7535612535612536,0.7535612535612536,0.3590040360873694,0.8484241452991453,0.9801163342830009,0.3590040360873694,0.7535612535612536,0.9952813390313391,0.8484241452991453,0.951730175688509,0.3590040360873694,0.3590040360873694,0.3590040360873694,0.7535612535612536,0.3590040360873694,0.9994509734093068,0.9942278015194682,0.9813034188034188,0.9996587132003799,0.8110606600189934,0.7535612535612536,0.9689725783475783,0.9801163342830009,0.8110606600189934,0.3590040360873694,0.3590040360873694,0.9088467473884141,0.3590040360873694,0.7987768083254195,0.650462962962963,0.8597875118708453,0.6748522503730837,0.9075245539061328,0.7185801809644402,0.6868195461945461
GSM9850799,RMC6236,2952,0.40390550807217473,0.9305110398860399,0.993218779677113,0.40390550807217473,0.948272792022792,0.40390550807217473,0.40390550807217473,0.40390550807217473,0.9957264957264957,0.9991838793922128,0.9997180674264008,0.9597875118708452,0.948272792022792,0.9847756410256411,0.9772970085470085,0.9864078822412156,0.40390550807217473,0.40390550807217473,0.40390550807217473,0.40390550807217473,0.9998070987654321,0.40390550807217473,0.40390550807217473,0.40390550807217473,0.9006261870845205,0.40390550807217473,0.9969877730294397,0.40390550807217473,0.9676816239316239,0.8447145061728395,0.40390550807217473,0.40390550807217473,0.982713081671415,0.40390550807217473,0.40390550807217473,0.9981006647673314,0.40390550807217473,0.40390550807217473,0.40390550807217473,0.40390550807217473,0.40390550807217473,0.40390550807217473,0.8447145061728395,0.9994212962962963,0.40390550807217473,0.8447145061728395,0.9996735517568851,0.40390550807217473,0.40390550807217473,0.40390550807217473,0.8447145061728395,0.8447145061728395,0.40390550807217473,0.40390550807217473,0.40390550807217473,0.40390550807217473,0.47737367442228545,0.4039055080721747,0.9209609449192783,0.4884418243793242,0.8687748350577301,0.4590966946291019,0.4748656050739383
GSM9850799,RMC6236,2953,0.4916755698005698,0.4916755698005698,0.9979374406457739,0.4916755698005698,0.4916755698005698,0.4916755698005698,0.4916755698005698,0.4916755698005698,0.9901175213675214,0.9992135565052231,0.9992135565052231,0.4916755698005698,0.4916755698005698,0.4916755698005698,0.4916755698005698,0.9901175213675214,0.4916755698005698,0.4916755698005698,0.4916755698005698,0.4916755698005698,0.9996883903133903,0.4916755698005698,0.4916755698005698,0.4916755698005698,0.4916755698005698,0.4916755698005698,0.9979374406457739,0.4916755698005698,0.4916755698005698,0.4916755698005698,0.4916755698005698,0.4916755698005698,0.4916755698005698,0.4916755698005698,0.4916755698005698,0.9901175213675214,0.4916755698005698,0.4916755698005698,0.4916755698005698,0.4916755698005698,0.4916755698005698,0.4916755698005698,0.4916755698005698,0.999540004748338,0.4916755698005698,0.4916755698005698,0.9992135565052231,0.4916755698005698,0.4916755698005698,0.4916755698005698,0.4916755698005698,0.4916755698005698,0.4916755698005698,0.4916755698005698,0.4916755698005698,0.4916755698005698,0.49167556980056976,0.49167556980056976,0.5932484567901235,0.5634401285442954,0.6776635989903536,0.49167556980056976,0.49167556980056976
GSM9850799,RMC6236,3158,0.4219640313390313,0.9958897198480532,0.4219640313390313,0.4219640313390313,0.9975961538461539,0.4219640313390313,0.4219640313390313,0.4219640313390313,0.9986645299145299,0.9993471035137702,0.9997180674264008,0.9623842592592593,0.9880252849002849,0.9855175688509021,0.9385238603988604,0.9744776828110161,0.4219640313390313,0.4219640313390313,0.4219640313390313,0.4219640313390313,0.9999554843304843,0.4219640313390313,0.4219640313390313,0.9855175688509021,0.4219640313390313,0.4219640313390313,0.9385238603988604,0.4219640313390313,0.4219640313390313,0.9913639601139601,0.4219640313390313,0.4219640313390313,0.9944800569800569,0.4219640313390313,0.4219640313390313,0.9990206552706553,0.4219640313390313,0.4219640313390313,0.4219640313390313,0.4219640313390313,0.4219640313390313,0.9385238603988604,0.4219640313390313,0.9997477445394112,0.4219640313390313,0.9992580721747388,0.9993471035137702,0.4219640313390313,0.4219640313390313,0.4219640313390313,0.4219640313390313,0.8832057217473884,0.4219640313390313,0.4219640313390313,0.9913639601139601,0.8832057217473884,0.4988376464070908,0.4219640313390313,0.8819859924026592,0.5330253272961606,0.8598568625980909,0.4845810910625726,0.4219640313390313
GSM9850799,RMC6236,3170,0.8439132241215574,0.9497714862298196,0.8439132241215574,0.9614939458689459,0.4035493827160494,0.4035493827160494,0.4035493827160494,0.4035493827160494,0.9892865622032289,0.9987832383665717,0.9983825973409307,0.4035493827160494,0.9789144112060779,0.9910375118708452,0.9614939458689459,0.4035493827160494,0.4035493827160494,0.4035493827160494,0.4035493827160494,0.4035493827160494,0.9991838793922128,0.4035493827160494,0.4035493827160494,0.4035493827160494,0.4035493827160494,0.8439132241215574,0.8998397435897436,0.4035493827160494,0.4035493827160494,0.4035493827160494,0.4035493827160494,0.4035493827160494,0.8439132241215574,0.4035493827160494,0.8439132241215574,0.9933078110161444,0.8998397435897436,0.4035493827160494,0.4035493827160494,0.4035493827160494,0.4035493827160494,0.4035493827160494,0.4035493827160494,0.4035493827160494,0.4035493827160494,0.9939755460588794,0.9993322649572649,0.8439132241215574,0.4035493827160494,0.4035493827160494,0.4035493827160494,0.4035493827160494,0.4035493827160494,0.4035493827160494,0.4035493827160494,0.4035493827160494,0.5503373298512187,0.48626444286166515,0.5216346153846154,0.5125788563288562,0.7283333645723995,0.5634018544898175,0.6090739892823226
GSM9850799,RMC6236,3211,0.3638117283950617,0.9697590218423552,0.997610992402659,0.3638117283950617,0.9981896961063628,0.7648830721747388,0.3638117283950617,0.7648830721747388,0.9944800569800569,0.9965722934472935,0.9984122744539411,0.9258072174738842,0.957710113960114,0.9258072174738842,0.911102207977208,0.9454534662867996,0.3638117283950617,0.3638117283950617,0.9726673789173789,0.3638117283950617,0.9993025878442545,0.3638117283950617,0.9258072174738842,0.9518785612535613,0.7648830721747388,0.7648830721747388,0.9995103276353277,0.3638117283950617,0.9925955603038936,0.9918239553656221,0.3638117283950617,0.3638117283950617,0.957710113960114,0.3638117283950617,0.3638117283950617,0.9953703703703703,0.3638117283950617,0.3638117283950617,0.3638117283950617,0.3638117283950617,0.3638117283950617,0.3638117283950617,0.3638117283950617,0.9998961301044634,0.8643310778727445,0.9993322649572649,0.9983825973409307,0.7648830721747388,0.3638117283950617,0.3638117283950617,0.9836627492877493,0.3638117283950617,0.8249643874643875,0.3638117283950617,0.9925955603038936,0.9368619420702754,0.44067050490661597,0.49750217632162075,0.9963675213675213,0.5743676655134988,0.8427113010446343,0.6252868787591009,0.6159845170261836
GSM9850799,RMC6236,3386,0.3738425925925926,0.9866601377018044,0.7876157407407407,0.3738425925925926,0.9959342355175689,0.3738425925925926,0.3738425925925926,0.3738425925925926,0.99568198005698,0.9992135565052231,0.9994212962962963,0.9565081908831908,0.992417497625831,0.9150195868945868,0.8507834757834758,0.8507834757834758,0.3738425925925926,0.3738425925925926,0.3738425925925926,0.3738425925925926,0.9998664529914529,0.9150195868945868,0.3738425925925926,0.7876157407407407,0.3738425925925926,0.3738425925925926,0.9969580959164293,0.7876157407407407,0.9462844254510921,0.9701893399810066,0.3738425925925926,0.3738425925925926,0.9462844254510921,0.3738425925925926,0.3738425925925926,0.9989167853751187,0.3738425925925926,0.3738425925925926,0.3738425925925926,0.3738425925925926,0.3738425925925926,0.9701893399810066,0.3738425925925926,0.9886485042735043,0.7876157407407407,0.9997774216524217,0.996275522317189,0.8891411443494777,0.8891411443494777,0.3738425925925926,0.9894201092117759,0.3738425925925926,0.8891411443494777,0.7876157407407407,0.8891411443494777,0.7876157407407407,0.4597256845520734,0.3738425925925926,0.9801667853751187,0.54975262006512,0.8565041298045686,0.6404337474939327,0.5801811999728665
GSM9850799,RMC6236,3481,0.8489286562203229,0.977193138651472,0.35812856125356124,0.874272910731244,0.9654113247863247,0.7528935185185185,0.35812856125356124,0.8121290360873694,0.992150403608737,0.9984419515669516,0.9992580721747388,0.9466257122507122,0.984107905982906,0.9855917616334283,0.9225575735992403,0.874272910731244,0.35812856125356124,0.35812856125356124,0.977193138651472,0.35812856125356124,0.9996587132003799,0.35812856125356124,0.8489286562203229,0.9708867521367521,0.35812856125356124,0.8489286562203229,0.9999258072174739,0.35812856125356124,0.7528935185185185,0.7528935185185185,0.8121290360873694,0.35812856125356124,0.9466257122507122,0.35812856125356124,0.8489286562203229,0.9887078584995251,0.35812856125356124,0.8489286562203229,0.35812856125356124,0.35812856125356124,0.35812856125356124,0.35812856125356124,0.35812856125356124,0.9994509734093068,0.9322026353276354,0.9225575735992403,0.9992135565052231,0.8121290360873694,0.35812856125356124,0.35812856125356124,0.8121290360873694,0.35812856125356124,0.35812856125356124,0.35812856125356124,0.9103009259259259,0.9225575735992403,0.5217285929091484,0.57525621240899,0.8786413817663817,0.5287104870438205,0.8563877642825012,0.6430733618233618,0.6369492775742776
GSM9850799,RMC6236,3697,0.9568346391263058,0.9901471984805318,0.8904766144349477,0.8292378917378918,0.9757834757834758,0.8292378917378918,0.8292378917378918,0.3951952754036087,0.9974626068376068,0.9993619420702754,0.9998961301044634,0.944281220322887,0.9928329772079773,0.9882181861348528,0.9859478869895536,0.8904766144349477,0.3951952754036087,0.3951952754036087,0.3951952754036087,0.3951952754036087,0.9999851614434948,0.3951952754036087,0.3951952754036087,0.3951952754036087,0.8292378917378918,0.8904766144349477,0.9968542260208927,0.3951952754036087,0.9568346391263058,0.9249169040835707,0.3951952754036087,0.3951952754036087,0.9787660256410257,0.3951952754036087,0.3951952754036087,0.9969729344729344,0.3951952754036087,0.3951952754036087,0.3951952754036087,0.3951952754036087,0.3951952754036087,0.9249169040835707,0.8904766144349477,0.999272910731244,0.3951952754036087,0.944281220322887,0.9997774216524217,0.3951952754036087,0.3951952754036087,0.8292378917378918,0.3951952754036087,0.3951952754036087,0.8904766144349477,0.3951952754036087,0.9655893874643875,0.8292378917378918,0.7160295979740424,0.46753571145932254,0.9602178300094966,0.5423969356261021,0.8526765632028791,0.5466804500369314,0.5899619285035952
GSM9850799,RMC6236,3736,0.39461657169990505,0.9886336657169991,0.9897910731244065,0.9485250474833808,0.9165182811016145,0.8263888888888888,0.39461657169990505,0.39461657169990505,0.9954890788224121,0.9988871082621082,0.9979226020892688,0.9568049620132953,0.9874317426400759,0.9807692307692307,0.9745370370370371,0.9568049620132953,0.39461657169990505,0.39461657169990505,0.39461657169990505,0.39461657169990505,0.9998961301044634,0.39461657169990505,0.9165182811016145,0.39461657169990505,0.39461657169990505,0.39461657169990505,0.9960677825261158,0.8263888888888888,0.39461657169990505,0.39461657169990505,0.39461657169990505,0.39461657169990505,0.9745370370370371,0.39461657169990505,0.39461657169990505,0.9953555318138652,0.39461657169990505,0.9867936847103513,0.39461657169990505,0.39461657169990505,0.39461657169990505,0.39461657169990505,0.39461657169990505,0.9999554843304843,0.39461657169990505,0.9988871082621082,0.9996290360873694,0.39461657169990505,0.8263888888888888,0.39461657169990505,0.9362683998100665,0.39461657169990505,0.39461657169990505,0.39461657169990505,0.8263888888888888,0.39461657169990505,0.39461657169990505,0.4665786245647358,0.7409188034188035,0.4800389618097953,0.8810900559804068,0.6101004405402555,0.671667260208927
GSM9850799,RMC6236,3737,0.4943613485280152,0.9934413580246914,0.9934413580246914,0.4943613485280152,0.4943613485280152,0.4943613485280152,0.4943613485280152,0.4943613485280152,0.4943613485280152,0.9997625830959165,0.9934413580246914,0.4943613485280152,0.4943613485280152,0.4943613485280152,0.4943613485280152,0.4943613485280152,0.4943613485280152,0.4943613485280152,0.4943613485280152,0.4943613485280152,0.9998812915479582,0.4943613485280152,0.4943613485280152,0.4943613485280152,0.4943613485280152,0.4943613485280152,0.9934413580246914,0.4943613485280152,0.4943613485280152,0.4943613485280152,0.4943613485280152,0.4943613485280152,0.4943613485280152,0.4943613485280152,0.4943613485280152,0.9934413580246914,0.4943613485280152,0.4943613485280152,0.4943613485280152,0.4943613485280152,0.4943613485280152,0.4943613485280152,0.4943613485280152,0.9999703228869895,0.4943613485280152,0.9995251661918328,0.9995251661918328,0.4943613485280152,0.4943613485280152,0.4943613485280152,0.4943613485280152,0.4943613485280152,0.4943613485280152,0.4943613485280152,0.4943613485280152,0.4943613485280152,0.4943613485280152,0.4943613485280152,0.6965159069325736,0.565658492741826,0.6529574024091567,0.4943613485280152,0.4943613485280153
GSM9850799,RMC6236,4073,0.35999821937321935,0.9841969373219374,0.75565349002849,0.9850872507122507,0.9763918566001899,0.9781873219373219,0.35999821937321935,0.8132122507122507,0.9970322886989553,0.9989761396011396,0.9975664767331434,0.8132122507122507,0.9890194681861348,0.9881736704653371,0.9797602089268755,0.8132122507122507,0.35999821937321935,0.35999821937321935,0.35999821937321935,0.35999821937321935,0.9998664529914529,0.35999821937321935,0.9286858974358975,0.35999821937321935,0.35999821937321935,0.75565349002849,0.8795405982905983,0.35999821937321935,0.9163402184235517,0.9543269230769231,0.75565349002849,0.75565349002849,0.9672364672364673,0.8132122507122507,0.35999821937321935,0.9970322886989553,0.75565349002849,0.35999821937321935,0.35999821937321935,0.35999821937321935,0.35999821937321935,0.35999821937321935,0.35999821937321935,0.9993025878442545,0.75565349002849,1.0000148385565053,0.9985309829059829,0.8514660493827161,0.8132122507122507,0.35999821937321935,0.9874317426400759,0.35999821937321935,0.35999821937321935,0.35999821937321935,0.8132122507122507,0.9286858974358975,0.35999821937321935,0.6704504985754985,0.9692752849002849,0.5915379951838285,0.8235242665067227,0.6415664239738313,0.7220144824311491
GSM9850799,RMC6236,4096,0.9447560541310541,0.9887820512820513,0.9447560541310541,0.970411918328585,0.9939903846153846,0.932573599240266,0.7972014482431149,0.38114316239316237,0.9968542260208927,0.9991096866096866,0.9997774216524217,0.9659306742640076,0.9907110636277303,0.9931149097815765,0.9887820512820513,0.9605442782526116,0.38114316239316237,0.38114316239316237,0.7972014482431149,0.38114316239316237,0.9999851614434948,0.38114316239316237,0.9150789411206078,0.9447560541310541,0.38114316239316237,0.38114316239316237,0.8543595679012346,0.38114316239316237,0.9844491927825261,0.9893162393162394,0.8543595679012346,0.38114316239316237,0.9605442782526116,0.38114316239316237,0.8543595679012346,0.9952219848053181,0.38114316239316237,0.38114316239316237,0.38114316239316237,0.38114316239316237,0.38114316239316237,0.38114316239316237,0.38114316239316237,0.9993916191832859,0.38114316239316237,0.9740473646723646,0.9993471035137702,0.8905508072174739,0.8905508072174739,0.38114316239316237,0.38114316239316237,0.38114316239316237,0.38114316239316237,0.38114316239316237,0.7972014482431149,0.38114316239316237,0.6232910929091484,0.5519176361190249,0.9882389601139602,0.49498244810744824,0.8105663017943718,0.6817690197319828,0.6871459944376611
GSM9850799,RMC6236,4204,0.3716613247863248,0.9788253798670465,0.9969729344729344,0.9514334045584045,0.9958452041785375,0.3716613247863248,0.782051282051282,0.8440319325735992,0.9969729344729344,0.9976555080721747,0.9980561490978158,0.9842711301044634,0.9732312440645774,0.9413135090218424,0.8440319325735992,0.9514334045584045,0.3716613247863248,0.3716613247863248,0.9929962013295347,0.3716613247863248,0.9994509734093068,0.8440319325735992,0.9278104226020892,0.782051282051282,0.8824192782526116,0.9278104226020892,0.9983084045584045,0.782051282051282,0.9937529677113011,0.9929962013295347,0.3716613247863248,0.3716613247863248,0.9413135090218424,0.3716613247863248,0.3716613247863248,0.9954000474833808,0.782051282051282,0.3716613247863248,0.3716613247863248,0.3716613247863248,0.3716613247863248,0.782051282051282,0.9278104226020892,0.9999554843304843,0.3716613247863248,0.9956671415004749,0.9987832383665717,0.3716613247863248,0.3716613247863248,0.8440319325735992,0.9927736229819563,0.3716613247863248,0.8440319325735992,0.782051282051282,0.8440319325735992,0.3716613247863248,0.5975165202595758,0.5187880856283634,0.9956433998100664,0.5638874050332383,0.8891388014195032,0.7601034082515564,0.7449782085198752
GSM9850799,RMC6236,4370,0.8652659069325735,0.9872685185185185,0.9461360398860399,0.4136099240265907,0.9978187321937322,0.8652659069325735,0.4136099240265907,0.4136099240265907,0.9978187321937322,0.9993619420702754,0.9997180674264008,0.9202279202279202,0.9925955603038936,0.9790924738841406,0.9790924738841406,0.8652659069325735,0.4136099240265907,0.4136099240265907,0.4136099240265907,0.4136099240265907,0.9998961301044634,0.4136099240265907,0.8652659069325735,0.9461360398860399,0.4136099240265907,0.8652659069325735,0.9970174501424501,0.4136099240265907,0.9872685185185185,0.9934265194681862,0.4136099240265907,0.4136099240265907,0.9790924738841406,0.8652659069325735,0.4136099240265907,0.9975664767331434,0.8652659069325735,0.4136099240265907,0.9461360398860399,0.4136099240265907,0.4136099240265907,0.4136099240265907,0.4136099240265907,0.9992432336182336,0.4136099240265907,0.9999554843304843,0.9998367758784426,0.4136099240265907,0.4136099240265907,0.4136099240265907,0.4136099240265907,0.4136099240265907,0.4136099240265907,0.4136099240265907,0.4136099240265907,0.9202279202279202,0.4888859211775878,0.6529162709718265,0.995542497625831,0.594067969067969,0.7988391562952969,0.5731474886567479,0.5426544905711571
GSM9850799,RMC6236,4444,0.8598201566951567,0.9940942545109211,0.994420702754036,0.8052291073124407,0.8052291073124407,0.3848676400759734,0.8052291073124407,0.8052291073124407,0.9974477682811016,0.9994212962962963,0.9986200142450142,0.9726822174738842,0.9939458689458689,0.9925955603038936,0.9689577397910731,0.9780537749287749,0.3848676400759734,0.8052291073124407,0.3848676400759734,0.3848676400759734,0.9996883903133903,0.9437767094017094,0.9156279677113011,0.3848676400759734,0.8052291073124407,0.3848676400759734,0.9985754985754985,0.3848676400759734,0.3848676400759734,0.8598201566951567,0.3848676400759734,0.3848676400759734,0.9726822174738842,0.3848676400759734,0.3848676400759734,0.9848943494776828,0.8052291073124407,0.3848676400759734,0.3848676400759734,0.3848676400759734,0.3848676400759734,0.3848676400759734,0.3848676400759734,0.9974477682811016,0.8052291073124407,0.9988425925925926,0.9992432336182336,0.8924798195631529,0.3848676400759734,0.3848676400759734,0.3848676400759734,0.3848676400759734,0.8924798195631529,0.3848676400759734,0.8924798195631529,0.8924798195631529,0.6186886672997783,0.595048373694207,0.809241452991453,0.5976016653099986,0.8254118870895187,0.6557570301783264,0.6533098460181793
GSM9850799,RMC6236,4718,0.8786502849002849,0.9932336182336182,0.8167438271604939,0.9513146961063628,0.8167438271604939,0.8786502849002849,0.38839921652421655,0.8167438271604939,0.9945542497625831,0.9991542022792023,0.9992135565052231,0.9843008072174739,0.9808582621082621,0.9943613485280152,0.9945542497625831,0.97207383665717,0.38839921652421655,0.38839921652421655,0.38839921652421655,0.38839921652421655,0.9998664529914529,0.38839921652421655,0.9370993589743589,0.8786502849002849,0.38839921652421655,0.8167438271604939,0.9987980769230769,0.38839921652421655,0.8786502849002849,0.38839921652421655,0.38839921652421655,0.38839921652421655,0.9754867046533713,0.38839921652421655,0.38839921652421655,0.9958897198480532,0.38839921652421655,0.38839921652421655,0.38839921652421655,0.38839921652421655,0.38839921652421655,0.8167438271604939,0.8786502849002849,0.38839921652421655,0.38839921652421655,0.38839921652421655,0.9999109686609686,0.8786502849002849,0.8167438271604939,0.38839921652421655,0.8786502849002849,0.38839921652421655,0.9370993589743589,0.38839921652421655,0.9370993589743589,0.38839921652421655,0.5615577516619182,0.5414984963596075,0.5721183523266856,0.49298348256681596,0.881366521717399,0.7160444365305477,0.7396214896214897
GSM9850799,RMC6236,5061,0.39672364672364674,0.9944652184235517,0.9906220322886989,0.39672364672364674,0.9020061728395061,0.39672364672364674,0.39672364672364674,0.39672364672364674,0.9962606837606838,0.9966019705603039,0.9965574548907882,0.8364642687559354,0.984909188034188,0.9368619420702754,0.9368619420702754,0.9555733618233618,0.39672364672364674,0.39672364672364674,0.39672364672364674,0.39672364672364674,0.9992432336182336,0.39672364672364674,0.9734241452991453,0.8364642687559354,0.8364642687559354,0.9020061728395061,0.9963645536562203,0.39672364672364674,0.9662126068376068,0.9020061728395061,0.39672364672364674,0.39672364672364674,0.9662126068376068,0.39672364672364674,0.39672364672364674,0.9944652184235517,0.39672364672364674,0.9020061728395061,0.39672364672364674,0.39672364672364674,0.39672364672364674,0.39672364672364674,0.39672364672364674,0.9996883903133903,0.9922987891737892,0.984909188034188,0.9971658357075024,0.39672364672364674,0.39672364672364674,0.39672364672364674,0.39672364672364674,0.39672364672364674,0.9368619420702754,0.8364642687559354,0.39672364672364674,0.8364642687559354,0.48674669594808484,0.39672364672364674,0.9509645061728396,0.555791912562746,0.8378372257209977,0.6146641210298618,0.6141127391127392
GSM9850799,RMC6236,5223,0.8264482431149098,0.9942278015194682,0.39302884615384615,0.39302884615384615,0.8264482431149098,0.39302884615384615,0.39302884615384615,0.39302884615384615,0.9975813152896487,0.9985606600189934,0.9997477445394112,0.9544307929724596,0.9903994539411206,0.9738099477682811,0.963170702754036,0.9415064102564102,0.39302884615384615,0.8871527777777778,0.39302884615384615,0.39302884615384615,0.9996587132003799,0.39302884615384615,0.963170702754036,0.39302884615384615,0.8264482431149098,0.8264482431149098,0.9888117283950617,0.39302884615384615,0.39302884615384615,0.9205098528015194,0.39302884615384615,0.39302884615384615,0.9738099477682811,0.39302884615384615,0.39302884615384615,0.9939755460588794,0.39302884615384615,0.8264482431149098,0.39302884615384615,0.39302884615384615,0.39302884615384615,0.39302884615384615,0.39302884615384615,1.0000148385565053,0.39302884615384615,0.9970471272554606,0.9990206552706553,0.39302884615384615,0.8871527777777778,0.39302884615384615,0.39302884615384615,0.39302884615384615,0.39302884615384615,0.39302884615384615,0.8264482431149098,0.8264482431149098,0.46526541231402346,0.4753828347578348,0.8274097815764483,0.5022067053317053,0.842091986554706,0.6075960219478737,0.6689009293175959
GSM9850799,RMC6236,5310,0.9204504985754985,0.9951774691358025,0.4126899335232669,0.8635446343779677,0.9979226020892688,0.9653371320037987,0.4126899335232669,0.4126899335232669,0.9981155033238367,0.9995993589743589,0.9999258072174739,0.4126899335232669,0.9916162155745489,0.9922542735042735,0.9744776828110161,0.8635446343779677,0.4126899335232669,0.4126899335232669,0.4126899335232669,0.4126899335232669,0.9999554843304843,0.4126899335232669,0.4126899335232669,0.9204504985754985,0.4126899335232669,0.8635446343779677,0.9971361585944919,0.4126899335232669,0.9863633665716999,0.9744776828110161,0.4126899335232669,0.4126899335232669,0.9204504985754985,0.4126899335232669,0.4126899335232669,0.997076804368471,0.4126899335232669,0.4126899335232669,0.4126899335232669,0.4126899335232669,0.4126899335232669,0.4126899335232669,0.4126899335232669,0.9999851614434948,0.8635446343779677,0.8635446343779677,0.9993619420702754,0.9204504985754985,0.4126899335232669,0.4126899335232669,0.4126899335232669,0.4126899335232669,0.4126899335232669,0.4126899335232669,0.4126899335232669,0.4126899335232669,0.49731669436530557,0.5047977999366889,0.9644586894586894,0.48663576007326015,0.7694970822712047,0.625715548169252,0.614042785917786
GSM9850799,RMC6236,5366,0.9841375830959165,0.9942278015194682,0.8179012345679012,0.8762909544159544,0.9322174738841406,0.3902540360873694,0.8179012345679012,0.3902540360873694,0.9979077635327636,0.9994806505223172,0.9996883903133903,0.9911413817663818,0.9934561965811965,0.9931742640075973,0.9902362298195632,0.9841375830959165,0.3902540360873694,0.3902540360873694,0.3902540360873694,0.3902540360873694,0.9997774216524217,0.8179012345679012,0.9825053418803419,0.9892865622032289,0.3902540360873694,0.3902540360873694,0.9974774453941121,0.3902540360873694,0.8762909544159544,0.946744420702754,0.3902540360873694,0.3902540360873694,0.9854878917378918,0.3902540360873694,0.3902540360873694,0.9975516381766382,0.8179012345679012,0.3902540360873694,0.8179012345679012,0.3902540360873694,0.3902540360873694,0.3902540360873694,0.8762909544159544,0.8179012345679012,0.9105235042735043,0.3902540360873694,0.9999851614434948,0.9105235042735043,0.8762909544159544,0.9841375830959165,0.9322174738841406,0.9864672364672364,0.3902540360873694,0.3902540360873694,0.9688390313390314,0.9322174738841406,0.7588586182336181,0.5328031022475467,0.7926816239316239,0.5705986721611721,0.9195000499825063,0.7359511844465547,0.6880532661782661
GSM9850799,RMC6236,5443,0.9793002136752137,0.9941090930674265,0.3945423789173789,0.3945423789173789,0.9989316239316239,0.8282140313390314,0.3945423789173789,0.3945423789173789,0.9994212962962963,0.9994509734093068,1.0000148385565053,0.9550243352326686,0.9879510921177588,0.9943168328584995,0.9903994539411206,0.9793002136752137,0.3945423789173789,0.941892212725546,0.3945423789173789,0.3945423789173789,0.9999851614434948,0.3945423789173789,0.9550243352326686,0.9214595204178537,0.3945423789173789,0.3945423789173789,0.9964239078822412,0.3945423789173789,0.994613603988604,0.9943168328584995,0.3945423789173789,0.8282140313390314,0.941892212725546,0.3945423789173789,0.9646545584045584,0.9939161918328585,0.3945423789173789,0.3945423789173789,0.3945423789173789,0.3945423789173789,0.3945423789173789,0.3945423789173789,0.9214595204178537,0.9998070987654321,0.3945423789173789,0.3945423789173789,0.9998367758784426,0.9550243352326686,0.8880282526115859,0.3945423789173789,0.3945423789173789,0.3945423789173789,0.9214595204178537,0.3945423789173789,0.8880282526115859,0.3945423789173789,0.6748402382082938,0.5580459599556821,0.8764423076923077,0.5074277574277574,0.8539886039886039,0.63247203756463,0.6251780626780626
GSM9850799,RMC6236,5531,0.9214298433048433,0.9997477445394112,0.44456315289648624,0.44456315289648624,0.44456315289648624,0.9940497388414055,0.9646990740740741,0.9931149097815765,0.9996141975308642,0.9993471035137702,0.9994064577397911,0.9863188509021842,0.9960826210826211,0.9960826210826211,0.9970026115859449,0.9918091168091168,0.44456315289648624,0.44456315289648624,0.44456315289648624,0.44456315289648624,0.9996735517568851,0.44456315289648624,0.44456315289648624,0.44456315289648624,0.44456315289648624,0.9214298433048433,0.9972993827160493,0.44456315289648624,0.9214298433048433,0.9214298433048433,0.44456315289648624,0.44456315289648624,0.9954890788224121,0.44456315289648624,0.9990503323836657,0.9999109686609686,0.44456315289648624,0.44456315289648624,0.44456315289648624,0.44456315289648624,0.44456315289648624,0.44456315289648624,0.9863188509021842,0.44456315289648624,0.44456315289648624,0.44456315289648624,0.9995696818613485,0.9214298433048433,0.44456315289648624,0.44456315289648624,0.9214298433048433,0.9940497388414055,0.9970026115859449,0.44456315289648624,0.9646990740740741,0.44456315289648624,0.8867991255144033,0.6275695433681545,0.635309829059829,0.48423085402252075,0.9322666754136053,0.5505335285427878,0.5808107787274455
GSM9850799,RMC6236,5844,0.9069919278252612,0.9940497388414055,0.9918684710351378,0.35202991452991456,0.9966019705603039,0.35202991452991456,0.35202991452991456,0.35202991452991456,0.9966910018993352,0.9984122744539411,0.9996290360873694,0.8902243589743589,0.9876394824311491,0.9786621557454891,0.9828169515669516,0.9713022317188984,0.7405775166191833,0.9786621557454891,0.7405775166191833,0.7405775166191833,0.9999258072174739,0.35202991452991456,0.9577991452991453,0.35202991452991456,0.35202991452991456,0.8684265194681862,0.9967948717948718,0.7997833570750238,0.9907407407407407,0.9876394824311491,0.35202991452991456,0.7405775166191833,0.9069919278252612,0.35202991452991456,0.35202991452991456,0.9954000474833808,0.35202991452991456,0.9525759734093068,0.35202991452991456,0.35202991452991456,0.35202991452991456,0.35202991452991456,0.8684265194681862,0.9997477445394112,0.35202991452991456,0.9913046058879392,0.9994509734093068,0.8902243589743589,0.7405775166191833,0.35202991452991456,0.9203911443494777,0.35202991452991456,0.9203911443494777,0.35202991452991456,0.8902243589743589,0.35202991452991456,0.5392504550490661,0.4564686213991769,0.9932069088319088,0.5994607244607246,0.8967509809066826,0.6294367283950617,0.708695818070818
GSM9850800,Veh,133,0.4111318850902184,0.9959787511870846,0.4111318850902184,0.8612594966761633,0.4111318850902184,0.9958303656220323,0.4111318850902184,0.9963051994301995,0.9966168091168092,0.998738722697056,0.9996883903133903,0.9933968423551757,0.9954000474833808,0.9193524453941121,0.8612594966761633,0.964357787274454,0.4111318850902184,0.4111318850902184,0.4111318850902184,0.4111318850902184,0.9999554843304843,0.4111318850902184,0.4111318850902184,0.8612594966761633,0.4111318850902184,0.4111318850902184,0.9978632478632479,0.4111318850902184,0.4111318850902184,0.4111318850902184,0.9193524453941121,0.4111318850902184,0.9852504748338081,0.4111318850902184,0.4111318850902184,0.9963793922127255,0.8612594966761633,0.9933968423551757,0.9731570512820513,0.4111318850902184,0.4111318850902184,0.4111318850902184,0.4111318850902184,0.4111318850902184,0.9852504748338081,0.4111318850902184,0.9986942070275404,0.9193524453941121,0.4111318850902184,0.4111318850902184,0.4111318850902184,0.4111318850902184,0.8612594966761633,0.4111318850902184,0.9826685660018993,0.9193524453941121,0.486153153687876,0.8595060739157961,0.4111318850902184,0.5623971900013566,0.859323455540561,0.5676291943653055,0.5480387667887668
GSM9850800,Veh,592,0.9861853038936372,0.992818138651472,0.9327516619183286,0.9732015669515669,0.9637494064577398,0.3589891975308642,0.8938004510921178,0.7490800094966762,0.9954297245963912,0.9968245489078822,0.9966910018993352,0.9656190645773979,0.992818138651472,0.9813627730294397,0.9828317901234568,0.7994420702754036,0.3589891975308642,0.9890788224121557,0.3589891975308642,0.3589891975308642,0.9956968186134852,0.83377849002849,0.9773415242165242,0.3589891975308642,0.7490800094966762,0.7994420702754036,0.9964239078822412,0.8595382241215574,0.7994420702754036,0.9060719373219374,0.7490800094966762,0.3589891975308642,0.9718957739791073,0.3589891975308642,0.8595382241215574,0.9938716761633428,0.8595382241215574,0.7994420702754036,0.3589891975308642,0.3589891975308642,0.3589891975308642,0.7490800094966762,0.3589891975308642,0.9940052231718899,0.9167111823361823,0.9999258072174739,0.9997180674264008,0.952665004748338,0.7490800094966762,0.83377849002849,0.952665004748338,0.7994420702754036,0.7994420702754036,0.8595382241215574,0.9931594254510921,0.8595382241215574,0.862031101614435,0.6774592434314658,0.9326388888888889,0.6295352988061321,0.9174109374219024,0.8059017885406774,0.8657640584723918
GSM9850800,Veh,611,0.9193227682811016,0.9995251661918328,0.39777718423551756,0.39777718423551756,0.39777718423551756,0.39777718423551756,0.83144883665717,0.9395625593542261,0.9997180674264008,0.9997477445394112,0.9999258072174739,0.9890788224121557,0.9995993589743589,0.9982935660018993,0.9970471272554606,0.9989613010446344,0.39777718423551756,0.39777718423551756,0.39777718423551756,0.39777718423551756,0.9802202041785375,0.39777718423551756,0.9395625593542261,0.9193227682811016,0.83144883665717,0.8871379392212726,0.9996290360873694,0.39777718423551756,0.39777718423551756,0.39777718423551756,0.9193227682811016,0.39777718423551756,0.9802202041785375,0.39777718423551756,0.83144883665717,0.9990354938271605,0.9859182098765432,0.9898059116809117,0.39777718423551756,0.39777718423551756,0.39777718423551756,0.39777718423551756,0.9999851614434948,0.39777718423551756,0.39777718423551756,0.39777718423551756,0.9997774216524217,0.9772079772079773,0.8871379392212726,0.39777718423551756,0.39777718423551756,0.9826240503323836,0.9956671415004749,0.9999554843304843,0.9926549145299145,0.39777718423551756,0.8263814696106363,0.6730225150364039,0.39777718423551756,0.4827342796092795,0.9633971859849053,0.737238841405508,0.7597213743047077
GSM9850800,Veh,682,0.4050332383665717,0.9957264957264957,0.4050332383665717,0.4050332383665717,0.9919723409306742,0.4050332383665717,0.4050332383665717,0.4050332383665717,0.9974477682811016,0.9991542022792023,0.9996290360873694,0.9721183523266856,0.9898207502374169,0.9540153133903134,0.8487505935422602,0.9854582146248813,0.4050332383665717,0.8487505935422602,0.4050332383665717,0.4050332383665717,0.999540004748338,0.9368322649572649,0.9067396723646723,0.9854582146248813,0.9067396723646723,0.9067396723646723,0.9947323124406457,0.8487505935422602,0.9368322649572649,0.9368322649572649,0.4050332383665717,0.4050332383665717,0.9770150759734093,0.4050332383665717,0.4050332383665717,0.9973735754985755,0.4050332383665717,0.4050332383665717,0.4050332383665717,0.4050332383665717,0.4050332383665717,0.4050332383665717,0.4050332383665717,0.9999851614434948,0.4050332383665717,0.9947323124406457,0.9996883903133903,0.9067396723646723,0.8487505935422602,0.4050332383665717,0.4050332383665717,0.9067396723646723,0.4050332383665717,0.4050332383665717,0.9067396723646723,0.9648029439696106,0.4886509773662551,0.4789861308958532,0.9720708689458689,0.5190209096459096,0.8498267793772181,0.8501981771657697,0.818499016415683
GSM9850800,Veh,783,0.48238663342830007,0.9781428062678063,0.48238663342830007,0.48238663342830007,0.48238663342830007,0.48238663342830007,0.48238663342830007,0.48238663342830007,0.9999851614434948,0.9998961301044634,0.9997477445394112,0.9781428062678063,0.997076804368471,0.9781428062678063,0.9781428062678063,0.48238663342830007,0.48238663342830007,0.48238663342830007,0.48238663342830007,0.48238663342830007,0.9990503323836657,0.48238663342830007,0.9781428062678063,0.48238663342830007,0.48238663342830007,0.48238663342830007,0.9781428062678063,0.48238663342830007,0.48238663342830007,0.48238663342830007,0.48238663342830007,0.48238663342830007,0.48238663342830007,0.48238663342830007,0.9781428062678063,0.48238663342830007,0.48238663342830007,0.48238663342830007,0.48238663342830007,0.48238663342830007,0.48238663342830007,0.48238663342830007,0.48238663342830007,0.9995548433048433,0.48238663342830007,0.48238663342830007,0.9998367758784426,0.48238663342830007,0.48238663342830007,0.48238663342830007,0.48238663342830007,0.48238663342830007,0.48238663342830007,0.48238663342830007,0.48238663342830007,0.48238663342830007,0.5650126622348844,0.48238663342830007,0.5858202754036087,0.48238663342830007,0.7760736867096516,0.5374706526326896,0.5532089438339438
GSM9850800,Veh,805,0.9910820275403609,0.9914381528964862,0.8169515669515669,0.8793625356125356,0.9681861348528015,0.3879837369420703,0.3879837369420703,0.3879837369420703,0.9966019705603039,0.9968987416904084,0.9977297008547008,0.9632448955365622,0.9931891025641025,0.9565972222222222,0.9473082858499525,0.9718215811965812,0.3879837369420703,0.3879837369420703,0.8169515669515669,0.3879837369420703,0.9947619895536562,0.933909069325736,0.8793625356125356,0.8169515669515669,0.8169515669515669,0.8169515669515669,0.9948658594491928,0.3879837369420703,0.8793625356125356,0.9134615384615384,0.3879837369420703,0.3879837369420703,0.9632448955365622,0.3879837369420703,0.3879837369420703,0.9947619895536562,0.3879837369420703,0.8169515669515669,0.3879837369420703,0.3879837369420703,0.3879837369420703,0.3879837369420703,0.3879837369420703,0.9998664529914529,0.8793625356125356,0.9967651946818613,0.9983825973409307,0.3879837369420703,0.8169515669515669,0.8169515669515669,0.3879837369420703,0.3879837369420703,0.8169515669515669,0.8169515669515669,0.8169515669515669,0.3879837369420703,0.6314893953782842,0.3879837369420703,0.9515283713200381,0.5277046448921449,0.8621521529964509,0.7484897646934683,0.7122210351377019
GSM9850800,Veh,1049,0.397940408357075,0.9966316476733144,0.397940408357075,0.397940408357075,0.9022435897435898,0.397940408357075,0.977994420702754,0.397940408357075,0.9964535849952516,0.9969580959164293,0.9998367758784426,0.9844046771130105,0.9880846391263058,0.977994420702754,0.9652035849952516,0.8382745726495726,0.397940408357075,0.397940408357075,0.397940408357075,0.397940408357075,0.9999554843304843,0.8382745726495726,0.397940408357075,0.977994420702754,0.397940408357075,0.9022435897435898,0.9973290598290598,0.397940408357075,0.397940408357075,0.9022435897435898,0.397940408357075,0.397940408357075,0.9536295109211775,0.9022435897435898,0.8382745726495726,0.9922394349477682,0.397940408357075,0.397940408357075,0.397940408357075,0.397940408357075,0.397940408357075,0.397940408357075,0.397940408357075,0.397940408357075,0.397940408357075,0.397940408357075,0.999540004748338,0.397940408357075,0.397940408357075,0.397940408357075,0.397940408357075,0.9022435897435898,0.9352000237416904,0.397940408357075,0.9022435897435898,0.9880846391263058,0.7415989039252927,0.397940408357075,0.5996616809116809,0.5185651539818206,0.8468707827260459,0.5673505592487074,0.46998371998371996
GSM9850800,Veh,1162,0.9922394349477682,0.9977000237416904,0.4901768755935423,0.4901768755935423,0.4901768755935423,0.4901768755935423,0.4901768755935423,0.4901768755935423,0.9996290360873694,0.9993174264007597,0.9998070987654321,0.9952071462488129,0.9969284188034188,0.9958600427350427,0.9922394349477682,0.9952071462488129,0.4901768755935423,0.4901768755935423,0.4901768755935423,0.4901768755935423,0.9942129629629629,0.4901768755935423,0.4901768755935423,0.4901768755935423,0.4901768755935423,0.4901768755935423,1.0000148385565053,0.4901768755935423,0.4901768755935423,0.4901768755935423,0.4901768755935423,0.4901768755935423,0.4901768755935423,0.4901768755935423,0.4901768755935423,0.9952071462488129,0.4901768755935423,0.4901768755935423,0.4901768755935423,0.4901768755935423,0.4901768755935423,0.9856066001899335,0.4901768755935423,0.4901768755935423,0.4901768755935423,0.4901768755935423,0.9987683998100665,0.4901768755935423,0.4901768755935423,0.9856066001899335,0.4901768755935423,0.9958600427350427,0.4901768755935423,0.4901768755935423,0.4901768755935423,0.4901768755935423,0.7407061174422286,0.49017687559354234,0.49017687559354234,0.5616383038258039,0.8369375406107863,0.4901768755935424,0.4901768755935424
GSM9850800,Veh,1246,0.992224596391263,0.9942574786324786,0.9292349240265907,0.39434947768281103,0.39434947768281103,0.39434947768281103,0.8243411680911681,0.39434947768281103,0.9997774216524217,0.999198717948718,0.9991245251661919,0.9955335944919278,0.971406101614435,0.9636603751187085,0.9292349240265907,0.9918684710351378,0.39434947768281103,0.39434947768281103,0.39434947768281103,0.39434947768281103,0.9927142687559354,0.8788877018043685,0.39434947768281103,0.39434947768281103,0.39434947768281103,0.39434947768281103,0.9982638888888888,0.39434947768281103,0.39434947768281103,0.39434947768281103,0.39434947768281103,0.39434947768281103,0.9764215337132004,0.39434947768281103,0.9292349240265907,0.9936045821462488,0.9099151234567902,0.39434947768281103,0.39434947768281103,0.39434947768281103,0.39434947768281103,0.8243411680911681,0.39434947768281103,0.998738722697056,0.39434947768281103,0.9973884140550807,0.9995993589743589,0.39434947768281103,0.39434947768281103,0.9893607549857549,0.9915271842355176,0.39434947768281103,0.39434947768281103,0.988233024691358,0.9843008072174739,0.8788877018043685,0.7539767331433996,0.4802770853118076,0.6358351139601139,0.5775091999050331,0.8925352689058829,0.44818705814076193,0.3943494776828111
GSM9850800,Veh,1506,0.9424560778727445,0.9939755460588794,0.8399810066476733,0.40184294871794873,0.894750118708452,0.40184294871794873,0.9547424026590693,0.40184294871794873,0.9971658357075024,0.9969877730294397,0.9988871082621082,0.9757241215574549,0.9951774691358025,0.9902065527065527,0.9757241215574549,0.9241452991452992,0.40184294871794873,0.40184294871794873,0.8399810066476733,0.40184294871794873,0.9998070987654321,0.40184294871794873,0.40184294871794873,0.894750118708452,0.8399810066476733,0.40184294871794873,0.9424560778727445,0.40184294871794873,0.894750118708452,0.894750118708452,0.40184294871794873,0.40184294871794873,0.9726228632478633,0.9424560778727445,0.9241452991452992,0.9939755460588794,0.40184294871794873,0.40184294871794873,0.40184294871794873,0.40184294871794873,0.8399810066476733,0.894750118708452,0.40184294871794873,0.9757241215574549,0.9944800569800569,0.9994212962962963,0.9997477445394112,0.8399810066476733,0.40184294871794873,0.9681564577397911,0.40184294871794873,0.40184294871794873,0.40184294871794873,0.40184294871794873,0.9424560778727445,0.994613603988604,0.765531022475467,0.40184294871794873,0.9318791547958213,0.6965197225613892,0.8270683385814964,0.553974424923499,0.5270252509835844
GSM9850800,Veh,1700,0.9603365384615384,0.9992135565052231,0.39847459639126304,0.39847459639126304,0.8321017331433999,0.39847459639126304,0.9658416429249762,0.39847459639126304,0.9999554843304843,0.9998664529914529,0.9996290360873694,0.9987090455840456,0.9954742402659069,0.9966613247863247,0.990889126305793,0.9952516619183286,0.39847459639126304,0.39847459639126304,0.39847459639126304,0.39847459639126304,0.991957502374169,0.8321017331433999,0.9322619895536562,0.39847459639126304,0.8321017331433999,0.39847459639126304,0.9998070987654321,0.9141441120607787,0.8852089268755935,0.8321017331433999,0.39847459639126304,0.39847459639126304,0.9849685422602089,0.39847459639126304,0.39847459639126304,0.9970619658119658,0.8321017331433999,0.9913046058879392,0.39847459639126304,0.39847459639126304,0.39847459639126304,0.8321017331433999,0.39847459639126304,0.39847459639126304,0.9849685422602089,0.39847459639126304,1.0000148385565053,0.39847459639126304,0.39847459639126304,0.9929368471035138,0.9925362060778727,0.9942871557454891,0.39847459639126304,0.9997477445394112,0.9955781101614435,0.9949103751187085,0.7850585628363405,0.47074578584995247,0.6692723171889838,0.5876725512142178,0.9644382278702452,0.6114425055397277,0.6103437457604123
GSM9850800,Veh,1727,0.4885297958214625,0.9971658357075024,0.4885297958214625,0.4885297958214625,0.4885297958214625,0.4885297958214625,0.4885297958214625,0.4885297958214625,1.0000148385565053,0.9997922602089269,0.9999554843304843,0.9986348528015194,0.998471628679962,0.9988129154795822,0.9977742165242165,0.9991690408357075,0.4885297958214625,0.4885297958214625,0.4885297958214625,0.4885297958214625,0.9960974596391263,0.4885297958214625,0.4885297958214625,0.4885297958214625,0.4885297958214625,0.4885297958214625,0.9999851614434948,0.4885297958214625,0.4885297958214625,0.4885297958214625,0.4885297958214625,0.4885297958214625,0.9924620132953467,0.4885297958214625,0.4885297958214625,0.9826982431149098,0.4885297958214625,0.4885297958214625,0.4885297958214625,0.4885297958214625,0.4885297958214625,0.4885297958214625,0.4885297958214625,0.4885297958214625,0.4885297958214625,0.4885297958214625,0.9997477445394112,0.4885297958214625,0.4885297958214625,0.4885297958214625,0.4885297958214625,0.9956671415004749,0.9924620132953467,0.9945987654320988,0.9964832621082621,0.4885297958214625,0.6570413896802786,0.48852979582146255,0.48852979582146255,0.5238275420567089,0.9173906320287896,0.4885297958214626,0.4885297958214626
GSM9850800,Veh,1824,0.9954000474833808,0.9995696818613485,0.4161621557454891,0.4161621557454891,0.4161621557454891,0.4161621557454891,0.926801400759734,0.4161621557454891,0.9999851614434948,0.9997774216524217,1.0000148385565053,0.9963051994301995,0.9968839031339032,0.9977148622981956,0.9987090455840456,0.9959045584045584,0.4161621557454891,0.4161621557454891,0.4161621557454891,0.4161621557454891,0.9965871320037987,0.9530804843304843,0.8710232668566001,0.8710232668566001,0.8710232668566001,0.4161621557454891,0.9994806505223172,0.4161621557454891,0.4161621557454891,0.8710232668566001,0.4161621557454891,0.4161621557454891,0.9922839506172839,0.4161621557454891,0.4161621557454891,0.9979819563152896,0.4161621557454891,0.9804724596391263,0.4161621557454891,0.4161621557454891,0.4161621557454891,0.4161621557454891,0.4161621557454891,0.4161621557454891,0.4161621557454891,0.4161621557454891,0.9999258072174739,0.4161621557454891,0.4161621557454891,0.9922839506172839,0.4161621557454891,0.9911858974358975,0.4161621557454891,0.9671919515669516,0.9937529677113011,0.9752938034188035,0.7896659346312126,0.41616215574548915,0.5071343779677113,0.49765868776285455,0.9335826210826212,0.627440118180859,0.5461224732058066
GSM9850800,Veh,1848,0.3782793209876543,0.9969284188034188,0.3782793209876543,0.3782793209876543,0.7937292260208927,0.3782793209876543,0.9286858974358975,0.7937292260208927,0.9983232431149098,0.9990206552706553,0.9997774216524217,0.9908594491927826,0.996542616334283,0.9915865384615384,0.9879214150047484,0.8524899097815765,0.3782793209876543,0.3782793209876543,0.3782793209876543,0.3782793209876543,0.9996883903133903,0.9286858974358975,0.8885179249762583,0.3782793209876543,0.7937292260208927,0.8524899097815765,0.9997477445394112,0.8524899097815765,0.3782793209876543,0.3782793209876543,0.3782793209876543,0.3782793209876543,0.9919871794871795,0.3782793209876543,0.9505579297245964,0.9922691120607787,0.3782793209876543,0.3782793209876543,0.3782793209876543,0.3782793209876543,0.9579030151946819,0.3782793209876543,0.3782793209876543,0.9995103276353277,0.9408535137701804,0.9948361823361823,0.999540004748338,0.8524899097815765,0.3782793209876543,0.3782793209876543,0.3782793209876543,0.3782793209876543,0.3782793209876543,0.7937292260208927,0.9856511158594492,0.9896426875593543,0.5653935185185185,0.4475209718265274,0.7089268755935423,0.5473901098901098,0.8472058217124009,0.7003600823045268,0.7137536460453127
GSM9850800,Veh,1850,0.48814399335232667,0.985502730294397,0.48814399335232667,0.48814399335232667,0.48814399335232667,0.48814399335232667,0.48814399335232667,0.48814399335232667,0.48814399335232667,0.9962310066476733,0.9997625830959165,0.9962310066476733,0.48814399335232667,0.48814399335232667,0.48814399335232667,0.48814399335232667,0.48814399335232667,0.48814399335232667,0.48814399335232667,0.48814399335232667,0.9996141975308642,0.48814399335232667,0.48814399335232667,0.48814399335232667,0.48814399335232667,0.48814399335232667,0.9997625830959165,0.48814399335232667,0.48814399335232667,0.48814399335232667,0.48814399335232667,0.48814399335232667,0.48814399335232667,0.48814399335232667,0.48814399335232667,0.985502730294397,0.48814399335232667,0.48814399335232667,0.48814399335232667,0.48814399335232667,0.48814399335232667,0.48814399335232667,0.48814399335232667,0.9996141975308642,0.48814399335232667,0.985502730294397,0.9962310066476733,0.48814399335232667,0.48814399335232667,0.48814399335232667,0.48814399335232667,0.48814399335232667,0.48814399335232667,0.48814399335232667,0.48814399335232667,0.985502730294397,0.48814399335232667,0.48814399335232667,0.6899097815764482,0.5591952414869081,0.6753191070625283,0.4881439933523267,0.48814399335232667
GSM9850800,Veh,2159,0.49330781101614435,0.9921652421652422,0.49330781101614435,0.49330781101614435,0.49330781101614435,0.49330781101614435,0.49330781101614435,0.49330781101614435,0.9921652421652422,0.9985458214624882,0.9921652421652422,0.9985458214624882,0.49330781101614435,0.49330781101614435,0.9921652421652422,0.49330781101614435,0.49330781101614435,0.49330781101614435,0.49330781101614435,0.49330781101614435,0.9921652421652422,0.49330781101614435,0.49330781101614435,0.49330781101614435,0.49330781101614435,0.49330781101614435,0.9999258072174739,0.49330781101614435,0.49330781101614435,0.49330781101614435,0.49330781101614435,0.49330781101614435,0.49330781101614435,0.49330781101614435,0.49330781101614435,0.49330781101614435,0.49330781101614435,0.49330781101614435,0.49330781101614435,0.49330781101614435,0.9985458214624882,0.49330781101614435,0.49330781101614435,0.49330781101614435,0.9921652421652422,0.9985458214624882,0.9997180674264008,0.49330781101614435,0.49330781101614435,0.49330781101614435,0.49330781101614435,0.49330781101614435,0.49330781101614435,0.49330781101614435,0.49330781101614435,0.49330781101614435,0.49330781101614435,0.49330781101614435,0.5943554131054131,0.5650289139872474,0.7310863072924478,0.49330781101614435,0.4933078110161443
GSM9850800,Veh,2619,0.39463141025641024,0.9934265194681862,0.9918387939221273,0.39463141025641024,0.8264185660018993,0.39463141025641024,0.39463141025641024,0.39463141025641024,0.9981006647673314,0.9991690408357075,0.9997180674264008,0.9672067901234568,0.995607787274454,0.9507656695156695,0.916295702754036,0.9605294396961064,0.39463141025641024,0.39463141025641024,0.39463141025641024,0.39463141025641024,0.9998664529914529,0.8835321699905033,0.9672067901234568,0.39463141025641024,0.8264185660018993,0.8835321699905033,0.9957116571699905,0.39463141025641024,0.39463141025641024,0.39463141025641024,0.916295702754036,0.39463141025641024,0.9507656695156695,0.39463141025641024,0.39463141025641024,0.9833066239316239,0.39463141025641024,0.39463141025641024,0.39463141025641024,0.39463141025641024,0.39463141025641024,0.39463141025641024,0.39463141025641024,0.9999554843304843,0.916295702754036,0.9974032526115859,0.9990503323836657,0.39463141025641024,0.39463141025641024,0.39463141025641024,0.8264185660018993,0.39463141025641024,0.39463141025641024,0.39463141025641024,0.9371141975308642,0.39463141025641024,0.3946314102564102,0.48157545900601456,0.7226080246913581,0.5165990452448787,0.8456985367621332,0.6148718608209349,0.6079547381630714
GSM9850800,Veh,2728,0.9724002849002849,0.9949400522317189,0.9918239553656221,0.37195809591642925,0.9798047245963912,0.37195809591642925,0.37195809591642925,0.37195809591642925,0.9971064814814815,0.9974329297245964,0.9964387464387464,0.970679012345679,0.9819563152896487,0.9441921889838556,0.9173937559354226,0.9886485042735043,0.37195809591642925,0.37195809591642925,0.37195809591642925,0.37195809591642925,0.9843304843304843,0.9499198717948718,0.7763681149097815,0.37195809591642925,0.8627136752136753,0.37195809591642925,0.9959193969610636,0.7763681149097815,0.9616126543209876,0.9670138888888888,0.7763681149097815,0.37195809591642925,0.9645952041785375,0.37195809591642925,0.37195809591642925,0.9936045821462488,0.37195809591642925,0.7763681149097815,0.37195809591642925,0.37195809591642925,0.37195809591642925,0.7763681149097815,0.37195809591642925,0.9958897198480532,0.9946877967711301,0.9997477445394112,0.9974922839506173,0.7763681149097815,0.37195809591642925,0.7763681149097815,0.9882923789173789,0.37195809591642925,0.37195809591642925,0.37195809591642925,0.9743144586894587,0.9860072412155746,0.5394334639126306,0.4393597657486546,0.9808137464387464,0.5778653252611586,0.8729460313890138,0.6255078083781788,0.6153846153846153
GSM9850800,Veh,2732,0.4917349240265907,0.4917349240265907,0.4917349240265907,0.4917349240265907,0.4917349240265907,0.4917349240265907,0.4917349240265907,0.4917349240265907,0.9976703466286799,0.9976703466286799,0.99002849002849,0.4917349240265907,0.4917349240265907,0.4917349240265907,0.4917349240265907,0.4917349240265907,0.4917349240265907,0.4917349240265907,0.4917349240265907,0.4917349240265907,0.99002849002849,0.4917349240265907,0.4917349240265907,0.4917349240265907,0.4917349240265907,0.4917349240265907,0.4917349240265907,0.4917349240265907,0.4917349240265907,0.4917349240265907,0.4917349240265907,0.4917349240265907,0.99002849002849,0.4917349240265907,0.4917349240265907,0.4917349240265907,0.4917349240265907,0.4917349240265907,0.4917349240265907,0.4917349240265907,0.4917349240265907,0.4917349240265907,0.4917349240265907,0.99002849002849,0.4917349240265907,0.9999851614434948,0.4917349240265907,0.4917349240265907,0.4917349240265907,0.4917349240265907,0.4917349240265907,0.4917349240265907,0.4917349240265907,0.4917349240265907,0.4917349240265907,0.4917349240265907,0.49173492402659064,0.49173492402659064,0.6930436847103514,0.4917349240265905,0.6236692157744789,0.4917349240265906,0.4917349240265906
GSM9850800,Veh,2872,0.4807247150997151,0.9762137939221273,0.4807247150997151,0.4807247150997151,0.4807247150997151,0.4807247150997151,0.4807247150997151,0.4807247150997151,0.9989761396011396,0.4807247150997151,0.9967651946818613,0.9762137939221273,0.4807247150997151,0.4807247150997151,0.4807247150997151,0.9762137939221273,0.4807247150997151,0.4807247150997151,0.4807247150997151,0.4807247150997151,0.9935007122507122,0.4807247150997151,0.4807247150997151,0.4807247150997151,0.9935007122507122,0.4807247150997151,0.9935007122507122,0.4807247150997151,0.4807247150997151,0.4807247150997151,0.4807247150997151,0.4807247150997151,0.9762137939221273,0.4807247150997151,0.9762137939221273,0.9762137939221273,0.4807247150997151,0.4807247150997151,0.4807247150997151,0.4807247150997151,0.4807247150997151,0.4807247150997151,0.4807247150997151,0.9999258072174739,0.4807247150997151,0.9762137939221273,0.9992283950617284,0.4807247150997151,0.9762137939221273,0.4807247150997151,0.4807247150997151,0.4807247150997151,0.4807247150997151,0.4807247150997151,0.9762137939221273,0.4807247150997151,0.5633062282367837,0.4807247150997151,0.6836627492877493,0.5161167921584587,0.746819082071275,0.5927541679856494,0.6247625830959164
GSM9850800,Veh,3065,0.818613485280152,0.9141144349477682,0.38899275878442546,0.9141144349477682,0.9937974833808167,0.8802231718898386,0.38899275878442546,0.9495192307692307,0.9929220085470085,0.9987980769230769,0.9959193969610636,0.38899275878442546,0.9666726020892688,0.9801163342830009,0.9495192307692307,0.8802231718898386,0.38899275878442546,0.38899275878442546,0.38899275878442546,0.38899275878442546,0.9997774216524217,0.8802231718898386,0.818613485280152,0.38899275878442546,0.38899275878442546,0.818613485280152,0.38899275878442546,0.38899275878442546,0.38899275878442546,0.9594462250712251,0.818613485280152,0.818613485280152,0.9820898622981956,0.818613485280152,0.818613485280152,0.9861259496676164,0.38899275878442546,0.38899275878442546,0.38899275878442546,0.38899275878442546,0.38899275878442546,0.38899275878442546,0.38899275878442546,0.38899275878442546,0.38899275878442546,0.9999554843304843,0.9997180674264008,0.9141144349477682,0.38899275878442546,0.38899275878442546,0.8802231718898386,0.38899275878442546,0.818613485280152,0.38899275878442546,0.9141144349477682,0.38899275878442546,0.6038031220322887,0.635889027382083,0.7462369420702754,0.49301951906118574,0.7783244614384964,0.6557388941648201,0.6617763024013025
GSM9850800,Veh,3670,0.38836953941120606,0.9931594254510921,0.38836953941120606,0.38836953941120606,0.9961271367521367,0.38836953941120606,0.38836953941120606,0.38836953941120606,0.9979077635327636,0.9982342117758785,0.9999851614434948,0.9327071462488129,0.9961271367521367,0.9327071462488129,0.9106273741690408,0.9844343542260209,0.38836953941120606,0.38836953941120606,0.38836953941120606,0.38836953941120606,0.9992432336182336,0.8165806030389364,0.38836953941120606,0.9106273741690408,0.8165806030389364,0.8770477207977208,0.9654558404558404,0.8165806030389364,0.9910820275403609,0.991423314339981,0.9106273741690408,0.38836953941120606,0.975264126305793,0.38836953941120606,0.38836953941120606,0.9952516619183286,0.38836953941120606,0.38836953941120606,0.38836953941120606,0.38836953941120606,0.38836953941120606,0.9106273741690408,0.38836953941120606,0.9993025878442545,0.38836953941120606,0.9962161680911681,0.9997477445394112,0.8770477207977208,0.8165806030389364,0.8165806030389364,0.9477237654320988,0.38836953941120606,0.38836953941120606,0.38836953941120606,0.9327071462488129,0.8770477207977208,0.45973805001582774,0.47541251187084516,0.9948302469135802,0.5039279778863112,0.8483952491627929,0.745309367415849,0.7115109042192377
GSM9850800,Veh,3701,0.4120518755935423,0.9945097340930674,0.9149008784425451,0.4120518755935423,0.8602059591642925,0.4120518755935423,0.4120518755935423,0.4120518755935423,0.9960529439696106,0.9977000237416904,0.9995845204178537,0.9885743114909782,0.9918536324786325,0.9149008784425451,0.9431980056980057,0.9149008784425451,0.4120518755935423,0.4120518755935423,0.4120518755935423,0.4120518755935423,0.9998664529914529,0.8602059591642925,0.4120518755935423,0.9696403133903134,0.4120518755935423,0.9149008784425451,0.9997477445394112,0.8602059591642925,0.4120518755935423,0.4120518755935423,0.4120518755935423,0.4120518755935423,0.9592830009496676,0.4120518755935423,0.4120518755935423,0.9149008784425451,0.4120518755935423,0.4120518755935423,0.4120518755935423,0.4120518755935423,0.4120518755935423,0.8602059591642925,0.4120518755935423,0.9765550807217473,0.4120518755935423,0.4120518755935423,0.9987090455840456,0.9149008784425451,0.4120518755935423,0.4120518755935423,0.8602059591642925,0.8602059591642925,0.4120518755935423,0.4120518755935423,0.8602059591642925,0.9592830009496676,0.48674422285533403,0.41205187559354234,0.6145833333333334,0.5549863909238909,0.869244983005948,0.6853401656642397,0.6197450312033645
GSM9850800,Veh,3726,0.4050183998100665,0.9988277540360874,0.9743886514719848,0.4050183998100665,0.8463022317188984,0.4050183998100665,0.9743886514719848,0.4050183998100665,0.9997774216524217,0.9995993589743589,0.9999851614434948,0.9931742640075973,0.9967948717948718,0.9838556505223172,0.9838556505223172,0.9743886514719848,0.4050183998100665,0.9887078584995251,0.4050183998100665,0.4050183998100665,0.9993619420702754,0.9493560066476733,0.9320097340930674,0.9887078584995251,0.4050183998100665,0.8463022317188984,0.9999258072174739,0.9493560066476733,0.4050183998100665,0.4050183998100665,0.4050183998100665,0.4050183998100665,0.9687648385565052,0.4050183998100665,0.4050183998100665,0.9895981718898386,0.4050183998100665,0.985636277302944,0.4050183998100665,0.4050183998100665,0.9916162155745489,0.4050183998100665,0.4050183998100665,0.9999554843304843,0.9962606837606838,0.9942574786324786,0.9998367758784426,0.9019616571699905,0.4050183998100665,0.4050183998100665,0.4050183998100665,0.9743886514719848,0.4050183998100665,0.9320097340930674,0.9019616571699905,0.9493560066476733,0.5948084836973727,0.5022999762583096,0.730110398860399,0.652148199023199,0.9211674351476983,0.7536387438007809,0.6920978327228328
GSM9850800,Veh,3824,0.45635980531813863,0.9983974358974359,0.45635980531813863,0.45635980531813863,0.45635980531813863,0.45635980531813863,0.9717177113010447,0.45635980531813863,0.9960974596391263,0.9968393874643875,0.9837814577397911,0.9837814577397911,0.9932039411206078,0.9717177113010447,0.45635980531813863,0.9888414055080722,0.45635980531813863,0.45635980531813863,0.45635980531813863,0.45635980531813863,0.9915271842355176,0.45635980531813863,0.9837814577397911,0.45635980531813863,0.45635980531813863,0.45635980531813863,0.9998070987654321,0.45635980531813863,0.45635980531813863,0.45635980531813863,0.45635980531813863,0.45635980531813863,0.45635980531813863,0.45635980531813863,0.45635980531813863,0.9379154795821463,0.45635980531813863,0.45635980531813863,0.45635980531813863,0.45635980531813863,0.45635980531813863,0.45635980531813863,0.9717177113010447,0.45635980531813863,0.9998961301044634,0.45635980531813863,0.9950587606837606,0.9717177113010447,0.45635980531813863,0.45635980531813863,0.9968393874643875,0.9717177113010447,0.45635980531813863,0.9379154795821463,0.45635980531813863,0.9379154795821463,0.6281457739791073,0.45635980531813863,0.45635980531813863,0.5639774962691629,0.8738254111061131,0.5722242006964229,0.6053283136616471
GSM9850800,Veh,3879,0.8828941120607787,0.9930258784425451,0.42331433998100665,0.42331433998100665,0.42331433998100665,0.42331433998100665,0.8828941120607787,0.42331433998100665,0.9935007122507122,0.9930258784425451,0.9995696818613485,0.9732015669515669,0.9970619658119658,0.9924323361823362,0.9948955365622032,0.9602475071225072,0.42331433998100665,0.42331433998100665,0.42331433998100665,0.42331433998100665,1.0000148385565053,0.42331433998100665,0.42331433998100665,0.9874020655270656,0.42331433998100665,0.42331433998100665,0.9988425925925926,0.42331433998100665,0.42331433998100665,0.8828941120607787,0.42331433998100665,0.42331433998100665,0.9874020655270656,0.42331433998100665,0.9356155033238367,0.9356155033238367,0.42331433998100665,0.42331433998100665,0.42331433998100665,0.42331433998100665,0.42331433998100665,0.8828941120607787,0.42331433998100665,0.42331433998100665,0.9802647198480532,0.42331433998100665,0.9997180674264008,0.42331433998100665,0.42331433998100665,0.42331433998100665,0.42331433998100665,0.42331433998100665,0.42331433998100665,0.42331433998100665,0.8828941120607787,0.9952516619183286,0.6618911245647356,0.4233143399810066,0.5152302943969611,0.5733692426400758,0.8359160231419004,0.4859907539305687,0.42331433998100654
GSM9850800,Veh,3981,0.9222608024691358,0.9968690645773979,0.39613010446343777,0.8311223884140551,0.8311223884140551,0.39613010446343777,0.39613010446343777,0.39613010446343777,0.9995103276353277,0.9994361348528015,0.9995103276353277,0.9887523741690408,0.9913194444444444,0.9863336894586895,0.97971569325736,0.9873278727445394,0.39613010446343777,0.39613010446343777,0.39613010446343777,0.39613010446343777,0.9958600427350427,0.39613010446343777,0.9873278727445394,0.39613010446343777,0.8311223884140551,0.8899721035137702,0.9981600189933523,0.9222608024691358,0.39613010446343777,0.39613010446343777,0.39613010446343777,0.39613010446343777,0.9913194444444444,0.39613010446343777,0.39613010446343777,0.9968690645773979,0.39613010446343777,0.39613010446343777,0.39613010446343777,0.39613010446343777,0.39613010446343777,0.8899721035137702,0.39613010446343777,1.0000148385565053,0.9887523741690408,0.9997477445394112,0.9997774216524217,0.39613010446343777,0.9546236942070275,0.39613010446343777,0.39613010446343777,0.39613010446343777,0.39613010446343777,0.39613010446343777,0.9693583808167141,0.9771041073124407,0.48381855413105407,0.39613010446343777,0.7246290360873695,0.5581427638719305,0.8349421452491629,0.7338688403503218,0.8303656220322887
GSM9850800,Veh,4004,0.8831018518518519,0.9940497388414055,0.39375593542260207,0.39375593542260207,0.9154053893637227,0.39375593542260207,0.39375593542260207,0.39375593542260207,0.9972400284900285,0.9988277540360874,0.9976703466286799,0.9715841642924976,0.9947619895536562,0.9932929724596391,0.9908742877492878,0.9811995489078822,0.39375593542260207,0.39375593542260207,0.39375593542260207,0.39375593542260207,0.9943761870845205,0.9475160256410257,0.9715841642924976,0.39375593542260207,0.9475160256410257,0.39375593542260207,0.9987683998100665,0.8831018518518519,0.39375593542260207,0.9676371082621082,0.39375593542260207,0.39375593542260207,0.9827724358974359,0.8251276115859449,0.39375593542260207,0.9911265432098766,0.39375593542260207,0.39375593542260207,0.39375593542260207,0.39375593542260207,0.39375593542260207,0.39375593542260207,0.39375593542260207,0.9941832858499525,0.9827724358974359,0.9973884140550807,0.997536799620133,0.9154053893637227,0.39375593542260207,0.8251276115859449,0.39375593542260207,0.39375593542260207,0.8831018518518519,0.39375593542260207,0.9349922839506173,0.9886781813865148,0.6287665202595759,0.39375593542260207,0.8536740265906932,0.5518045804504138,0.8314066639176289,0.6933496887200592,0.6998393196309863
GSM9850800,Veh,4430,0.48970204178537513,0.987105294396961,0.48970204178537513,0.48970204178537513,0.48970204178537513,0.48970204178537513,0.48970204178537513,0.48970204178537513,0.48970204178537513,0.9961716524216524,0.9979522792022792,0.48970204178537513,0.987105294396961,0.48970204178537513,0.48970204178537513,0.48970204178537513,0.48970204178537513,0.48970204178537513,0.48970204178537513,0.48970204178537513,0.48970204178537513,0.48970204178537513,0.48970204178537513,0.48970204178537513,0.48970204178537513,0.48970204178537513,0.48970204178537513,0.48970204178537513,0.48970204178537513,0.48970204178537513,0.48970204178537513,0.48970204178537513,0.48970204178537513,0.48970204178537513,0.48970204178537513,0.9961716524216524,0.48970204178537513,0.48970204178537513,0.48970204178537513,0.48970204178537513,0.48970204178537513,0.48970204178537513,0.48970204178537513,0.48970204178537513,0.48970204178537513,0.48970204178537513,0.9994212962962963,0.48970204178537513,0.48970204178537513,0.48970204178537513,0.48970204178537513,0.48970204178537513,0.48970204178537513,0.48970204178537513,0.987105294396961,0.48970204178537513,0.4897020417853751,0.4897020417853751,0.48970204178537513,0.5258784425451093,0.6484730344379467,0.4897020417853751,0.4897020417853751
GSM9850800,Veh,4526,0.8492847815764483,0.9952665004748338,0.3769141737891738,0.3769141737891738,0.9799085944919278,0.3769141737891738,0.3769141737891738,0.3769141737891738,0.9990948480531814,0.9995548433048433,0.9998664529914529,0.9905033238366572,0.997269705603039,0.8861734330484331,0.8492847815764483,0.8492847815764483,0.3769141737891738,0.3769141737891738,0.3769141737891738,0.3769141737891738,0.9984864672364673,0.8861734330484331,0.7902124881291548,0.3769141737891738,0.7902124881291548,0.8492847815764483,0.9728899572649573,0.7902124881291548,0.7902124881291548,0.8492847815764483,0.3769141737891738,0.8492847815764483,0.9512108262108262,0.3769141737891738,0.3769141737891738,0.9950587606837606,0.9949994064577398,0.3769141737891738,0.3769141737891738,0.3769141737891738,0.3769141737891738,0.8861734330484331,0.3769141737891738,0.9999554843304843,0.9799085944919278,0.9958155270655271,0.9992877492877493,0.8492847815764483,0.3769141737891738,0.8861734330484331,0.3769141737891738,0.3769141737891738,0.3769141737891738,0.3769141737891738,0.8861734330484331,0.3769141737891738,0.5405191516302629,0.47992837923393483,0.9230353751187085,0.5784037528829195,0.8031009459189286,0.6762358868840349,0.6890050535883869
GSM9850800,Veh,4948,0.9862001424501424,0.9962310066476733,0.4004184472934473,0.4004184472934473,0.4004184472934473,0.4004184472934473,0.8394616571699905,0.4004184472934473,0.9996735517568851,0.998872269705603,1.0000148385565053,0.9912155745489079,0.9939755460588794,0.984834995251662,0.9831433998100665,0.9831433998100665,0.4004184472934473,0.4004184472934473,0.4004184472934473,0.4004184472934473,0.9972548670465338,0.897005579297246,0.4004184472934473,0.9954742402659069,0.4004184472934473,0.4004184472934473,0.9981303418803419,0.897005579297246,0.8394616571699905,0.4004184472934473,0.8394616571699905,0.4004184472934473,0.97772732668566,0.897005579297246,0.4004184472934473,0.9939755460588794,0.4004184472934473,0.4004184472934473,0.4004184472934473,0.4004184472934473,0.4004184472934473,0.8394616571699905,0.4004184472934473,0.4004184472934473,0.4004184472934473,0.4004184472934473,0.9998070987654321,0.8394616571699905,0.8394616571699905,0.9862001424501424,0.9744331671415005,0.897005579297246,0.8394616571699905,0.4004184472934473,0.897005579297246,0.9452605650522318,0.8247912709718265,0.4735923156062045,0.48822708926875596,0.5485634157509157,0.8880907307442394,0.6744536113749076,0.5968003832587165
GSM9850800,Veh,5268,0.4583184947768281,0.9769853988603988,0.4583184947768281,0.9955335944919278,0.9769853988603988,0.4583184947768281,0.4583184947768281,0.4583184947768281,0.9966019705603039,0.9871201329534662,0.9969284188034188,0.9432425213675214,0.9769853988603988,0.4583184947768281,0.4583184947768281,0.9769853988603988,0.4583184947768281,0.4583184947768281,0.4583184947768281,0.4583184947768281,0.4583184947768281,0.4583184947768281,0.4583184947768281,0.4583184947768281,0.4583184947768281,0.4583184947768281,0.9432425213675214,0.4583184947768281,0.9769853988603988,0.9432425213675214,0.4583184947768281,0.4583184947768281,0.4583184947768281,0.4583184947768281,0.4583184947768281,0.4583184947768281,0.4583184947768281,0.9432425213675214,0.4583184947768281,0.4583184947768281,0.4583184947768281,0.4583184947768281,0.4583184947768281,0.4583184947768281,0.4583184947768281,0.4583184947768281,0.997343898385565,0.4583184947768281,0.4583184947768281,0.4583184947768281,0.4583184947768281,0.4583184947768281,0.9432425213675214,0.9917200854700855,0.4583184947768281,0.4583184947768281,0.539139165875277,0.4583184947768281,0.7627700617283951,0.458318494776828,0.7577340118458538,0.5180090614118392,0.5350635090218423
GSM9850800,Veh,5401,0.46141975308641975,0.9962606837606838,0.46141975308641975,0.46141975308641975,0.46141975308641975,0.46141975308641975,0.46141975308641975,0.46141975308641975,0.9990800094966762,0.9994806505223172,0.9997477445394112,0.9793298907882241,0.46141975308641975,0.9476495726495726,0.9476495726495726,0.9476495726495726,0.46141975308641975,0.46141975308641975,0.46141975308641975,0.46141975308641975,0.9992135565052231,0.46141975308641975,0.9476495726495726,0.46141975308641975,0.46141975308641975,0.46141975308641975,0.9982935660018993,0.46141975308641975,0.46141975308641975,0.46141975308641975,0.46141975308641975,0.46141975308641975,0.9971213200379867,0.46141975308641975,0.46141975308641975,0.46141975308641975,0.46141975308641975,0.46141975308641975,0.46141975308641975,0.46141975308641975,0.995073599240266,0.46141975308641975,0.46141975308641975,0.46141975308641975,0.995073599240266,0.9985013057929725,0.999540004748338,0.9476495726495726,0.9476495726495726,0.46141975308641975,0.46141975308641975,0.46141975308641975,0.46141975308641975,0.46141975308641975,0.46141975308641975,0.46141975308641975,0.46141975308641975,0.46141975308641975,0.5688360636277303,0.5376560168226837,0.7916291797870743,0.6234963596074707,0.6698039614706283
GSM9850800,Veh,5458,0.40056683285849953,0.9934265194681862,0.40056683285849953,0.40056683285849953,0.9970174501424501,0.40056683285849953,0.40056683285849953,0.40056683285849953,0.9945987654320988,0.9974477682811016,0.9997774216524217,0.9718364197530864,0.9954742402659069,0.9903994539411206,0.9793447293447294,0.9793447293447294,0.40056683285849953,0.40056683285849953,0.40056683285849953,0.40056683285849953,0.9998664529914529,0.40056683285849953,0.40056683285849953,0.9718364197530864,0.8382448955365622,0.40056683285849953,0.9718364197530864,0.40056683285849953,0.9793447293447294,0.9880549620132953,0.8382448955365622,0.8382448955365622,0.8382448955365622,0.40056683285849953,0.40056683285849953,0.9962903608736942,0.40056683285849953,0.40056683285849953,0.40056683285849953,0.40056683285849953,0.40056683285849953,0.8945868945868946,0.40056683285849953,0.40056683285849953,0.8945868945868946,0.9661235754985755,0.999540004748338,0.40056683285849953,0.40056683285849953,0.8945868945868946,0.8382448955365622,0.40056683285849953,0.40056683285849953,0.40056683285849953,0.8945868945868946,0.9818969610636278,0.482903509813232,0.47351317663817666,0.86622150997151,0.5864791073124407,0.8445387864247514,0.5126721272554606,0.463092270383937
GSM9850800,Veh,5491,0.8697471509971509,0.9845975783475783,0.38746438746438744,0.38746438746438744,0.9938271604938271,0.38746438746438744,0.9024068138651472,0.38746438746438744,0.9960381054131054,0.9959639126305793,0.9971361585944919,0.9814072886989553,0.9860220797720798,0.8697471509971509,0.8697471509971509,0.9655893874643875,0.38746438746438744,0.8123070987654321,0.38746438746438744,0.38746438746438744,0.9942723171889839,0.9239820750237417,0.9792408594491928,0.9767183048433048,0.8697471509971509,0.8123070987654321,0.9917052469135802,0.8697471509971509,0.9655893874643875,0.9767183048433048,0.38746438746438744,0.38746438746438744,0.9511514719848053,0.9024068138651472,0.8123070987654321,0.9877136752136753,0.38746438746438744,0.38746438746438744,0.38746438746438744,0.38746438746438744,0.8123070987654321,0.8123070987654321,0.38746438746438744,1.0000148385565053,0.9740176875593543,0.9966910018993352,0.9977445394112061,0.9655893874643875,0.8697471509971509,0.38746438746438744,0.38746438746438744,0.38746438746438744,0.38746438746438744,0.38746438746438744,0.8697471509971509,0.9655893874643875,0.6244757043368153,0.4582715060145615,0.986568138651472,0.6413499694749695,0.8099048145649022,0.8505048406668778,0.8219775980192647
GSM9850800,Veh,5502,0.9726822174738842,0.9945542497625831,0.9938419990503324,0.3681445868945869,0.996141975308642,0.3681445868945869,0.7705365622032289,0.3681445868945869,0.9970026115859449,0.9994954890788225,0.9969580959164293,0.9838259734093068,0.9913194444444444,0.9070364434947769,0.8254095441595442,0.9212517806267806,0.3681445868945869,0.7705365622032289,0.8254095441595442,0.8612891737891738,0.9973142212725546,0.887701804368471,0.9778757122507122,0.3681445868945869,0.3681445868945869,0.8612891737891738,0.9975664767331434,0.7705365622032289,0.9829653371320038,0.9867046533713201,0.7705365622032289,0.3681445868945869,0.9726822174738842,0.3681445868945869,0.3681445868945869,0.9931445868945868,0.7705365622032289,0.3681445868945869,0.3681445868945869,0.3681445868945869,0.9323955365622032,0.7705365622032289,0.3681445868945869,0.9994212962962963,0.8254095441595442,0.9967800332383666,0.9979374406457739,0.8254095441595442,0.8254095441595442,0.9492818138651472,0.9963942307692307,0.8612891737891738,0.8254095441595442,0.9551282051282052,0.9492818138651472,0.8254095441595442,0.7912239830642608,0.5693405745489079,0.9924026590693258,0.717220568783069,0.8989861361023642,0.6947395668460483,0.7138299586216253
GSM9850800,Veh,5529,0.9975813152896487,0.9966613247863247,0.7681475546058879,0.9749673551756886,0.7681475546058879,0.36707621082621084,0.9325587606837606,0.36707621082621084,0.9996290360873694,0.9980561490978158,0.9993619420702754,0.993619420702754,0.9944652184235517,0.9927439458689459,0.9878027065527065,0.9937974833808167,0.36707621082621084,0.36707621082621084,0.36707621082621084,0.36707621082621084,0.9963942307692307,0.8866779439696106,0.964891975308642,0.7681475546058879,0.9061312915479582,0.7681475546058879,0.9994361348528015,0.9561075498575499,0.36707621082621084,0.9211033950617284,0.36707621082621084,0.36707621082621084,0.9843898385565052,0.36707621082621084,0.36707621082621084,0.9978187321937322,0.8866779439696106,0.36707621082621084,0.36707621082621084,0.36707621082621084,0.36707621082621084,0.36707621082621084,0.36707621082621084,0.8601466049382716,0.9852059591642925,0.8232876305792972,0.9997774216524217,0.7681475546058879,0.8601466049382716,0.9986348528015194,0.36707621082621084,0.9061312915479582,0.8866779439696106,0.9995103276353277,0.9927439458689459,0.9929665242165242,0.8481100625197847,0.45367649968344415,0.7479522792022792,0.5667501865418532,0.8913552131753886,0.8725961538461539,0.885505698005698
GSM9850800,Veh,5614,0.9841375830959165,0.9996290360873694,0.3765135327635328,0.882315408357075,0.8460944919278253,0.3765135327635328,0.9859182098765432,0.3765135327635328,0.9998367758784426,0.9998070987654321,0.9997180674264008,0.996008428300095,0.998738722697056,0.9977593779677113,0.9949103751187085,0.9972251899335233,0.3765135327635328,0.3765135327635328,0.3765135327635328,0.3765135327635328,0.9946432811016145,0.9069325735992403,0.9377522554605888,0.882315408357075,0.882315408357075,0.882315408357075,0.9995993589743589,0.3765135327635328,0.3765135327635328,0.3765135327635328,0.3765135327635328,0.3765135327635328,0.9884852801519468,0.3765135327635328,0.788758309591643,0.9998961301044634,0.3765135327635328,0.9859182098765432,0.3765135327635328,0.3765135327635328,0.3765135327635328,0.788758309591643,0.9879956077872745,0.3765135327635328,0.788758309591643,0.3765135327635328,0.9999258072174739,0.788758309591643,0.3765135327635328,0.9985013057929725,0.9989761396011396,0.9914084757834758,0.9921652421652422,0.9947768281101614,0.9817930911680912,0.9069325735992403,0.9568148543842988,0.3765135327635328,0.47042972459639126,0.5178200464658799,0.9951134290498325,0.768414648622982,0.7323548365215033
GSM9850800,Veh,5682,0.9687054843304843,0.9908000949667616,0.9956226258309592,0.3453970797720798,0.9905330009496676,0.3453970797720798,0.3453970797720798,0.7207680436847104,0.997610992402659,0.9985309829059829,0.9998664529914529,0.9632448955365622,0.9956968186134852,0.8560956790123457,0.8336301044634378,0.9796266619183286,0.3453970797720798,0.8744509734093068,0.3453970797720798,0.3453970797720798,0.9958600427350427,0.9402451329534662,0.8744509734093068,0.8560956790123457,0.9113396248812915,0.9113396248812915,0.9895239791073125,0.8336301044634378,0.9281962250712251,0.934769705603039,0.7207680436847104,0.3453970797720798,0.9687054843304843,0.9524572649572649,0.9113396248812915,0.994153608736942,0.9011010208926875,0.3453970797720798,0.3453970797720798,0.3453970797720798,0.7207680436847104,0.9113396248812915,0.3453970797720798,0.9995696818613485,0.9203317901234568,0.9954742402659069,0.9990800094966762,0.7709965574548908,0.7709965574548908,0.9447857312440646,0.8560956790123457,0.3453970797720798,0.7207680436847104,0.7207680436847104,0.9653222934472935,0.3453970797720798,0.7060655072807851,0.6513137068692624,0.9697085707502374,0.6673291022249356,0.8498236554705855,0.8016101482536668,0.7740215031881698
GSM9850800,Veh,5888,0.9145447530864198,0.9820601851851852,0.34510030864197533,0.9792853751187085,0.8382003798670465,0.34510030864197533,0.7222370607787274,0.34510030864197533,0.9961864909781576,0.9958303656220323,0.9978484093067427,0.9629629629629629,0.9693435422602089,0.9889897910731245,0.9870162630579298,0.9048996913580247,0.34510030864197533,0.34510030864197533,0.34510030864197533,0.34510030864197533,0.9950587606837606,0.8382003798670465,0.985903371320038,0.34510030864197533,0.7222370607787274,0.8603246676163343,0.9959490740740741,0.9421741452991453,0.34510030864197533,0.34510030864197533,0.34510030864197533,0.34510030864197533,0.9740622032288699,0.34510030864197533,0.965159069325736,0.9939607075023742,0.34510030864197533,0.34510030864197533,0.34510030864197533,0.34510030864197533,0.34510030864197533,0.7222370607787274,0.34510030864197533,0.34510030864197533,0.9740622032288699,0.34510030864197533,0.9976406695156695,0.9048996913580247,0.7748100664767331,0.7222370607787274,0.8603246676163343,0.8782793209876543,0.7222370607787274,0.7748100664767331,0.8929398148148148,0.9811698717948718,0.8207823876226654,0.34510030864197533,0.4437203228869896,0.5087452092660427,0.8865475208676963,0.8169927851640816,0.8813763397096731
GSM9850800,Veh,6019,0.9891678537511871,0.9948658594491928,0.9935155508072174,0.3599685422602089,0.7525967473884141,0.3599685422602089,0.8409751899335233,0.3599685422602089,0.9999851614434948,0.9998961301044634,0.999540004748338,0.9956523029439696,0.9943168328584995,0.9884852801519468,0.9783357075023742,0.9946729582146249,0.3599685422602089,0.9265788224121557,0.3599685422602089,0.3599685422602089,0.9973735754985755,0.80585232668566,0.9161769943019943,0.3599685422602089,0.3599685422602089,0.8409751899335233,0.9990948480531814,0.80585232668566,0.3599685422602089,0.3599685422602089,0.3599685422602089,0.3599685422602089,0.9634377967711301,0.3599685422602089,0.3599685422602089,0.9949697293447294,0.9161769943019943,0.3599685422602089,0.3599685422602089,0.3599685422602089,0.3599685422602089,0.8671207264957265,0.3599685422602089,0.9805318138651472,0.8409751899335233,0.9976703466286799,0.9996587132003799,0.7525967473884141,0.3599685422602089,0.8873753561253561,0.9984122744539411,0.7525967473884141,0.7525967473884141,0.9523682336182336,0.9756202516619183,0.80585232668566,0.7637800728078505,0.547104997625831,0.6901471984805319,0.6332120811287477,0.9107499875043735,0.6179253060040096,0.6279295550128883
GSM9850800,Veh,6182,0.9986496913580247,0.9969729344729344,0.3728929249762583,0.7799145299145299,0.3728929249762583,0.3728929249762583,0.8697916666666666,0.3728929249762583,0.9999554843304843,0.9999258072174739,1.0000148385565053,0.998204534662868,0.9989761396011396,0.9917942782526116,0.9843453228869895,0.9967651946818613,0.3728929249762583,0.3728929249762583,0.3728929249762583,0.3728929249762583,0.9960826210826211,0.9362238841405508,0.9443405745489079,0.7799145299145299,0.7799145299145299,0.3728929249762583,0.9983232431149098,0.7799145299145299,0.3728929249762583,0.7799145299145299,0.3728929249762583,0.3728929249762583,0.9443405745489079,0.3728929249762583,0.3728929249762583,0.9786176400759734,0.8350100902184235,0.7799145299145299,0.3728929249762583,0.3728929249762583,0.3728929249762583,0.9443405745489079,0.3728929249762583,0.3728929249762583,0.3728929249762583,0.8936075498575499,0.9998664529914529,0.3728929249762583,0.3728929249762583,0.9957561728395061,0.9803389126305793,0.9679190408357075,0.7799145299145299,0.9843453228869895,0.9816298670465338,0.3728929249762583,0.8308206710984489,0.4499124525166192,0.558440170940171,0.48998503425586765,0.9459267381416502,0.679877928141817,0.6289661341744675
