barcode,tumor_score,is_tumor,dist_to_tumor,band,myCAF,iCAF,apCAF,SASP,matrisome_core,MAPK_targets,RASON_inhibition_PD
AAACAACGAATAGTTC-1,0.9587901370212021,True,0.0,tumor,0.8057506176967806,0.4821285923944342,0.7115239926433706,0.5308885544966466,0.8970467885145065,0.5427898220909424,0.5754054505935462
AAACAAGTATCTCCCA-1,0.4627152650058518,False,13.038404810405298,distal,0.7161706515075515,0.572377343067863,0.7304728863623696,0.567069795091865,0.9000431189996394,0.46271526500585186,0.4627152650058518
AAACAATCTACTAGCA-1,0.7313954506731635,False,1.4142135623730951,adjacent,0.7155343773802226,0.48908580876479224,0.7157944602351892,0.5052313808541864,0.9202533167897172,0.5965557599063702,0.6426143103956179
AAACACCAATAACTGC-1,0.7519406692621875,True,0.0,tumor,0.7125527132214978,0.4584517639190771,0.7164632447193892,0.5599435248657787,0.9009274984820351,0.5130846445843938,0.5286940390601985
AAACAGAGCGACTCCT-1,0.5962770997046202,False,3.1622776601683795,mid,0.7938425384086645,0.5040839200678692,0.7230465919857325,0.5904400973452971,0.8484469826966681,0.558521738591961,0.5896290634628706
AAACAGCTTTCAGAAG-1,0.5371931752135731,False,1.4142135623730951,adjacent,0.8090759627709971,0.46062531349272695,0.7300688290698323,0.5622396849281986,0.8767617924597482,0.5153572733408881,0.5309949761546485
AAACAGGGTCTATATT-1,0.879606850263931,True,0.0,tumor,0.8801528915640269,0.41893774731092903,0.7992949896895725,0.5337011647996434,0.9165222033515491,0.5240917225535182,0.4865367313954507
AAACAGTGTTCCTGGG-1,0.49428746586412536,False,6.324555320336759,distal,0.6618133348195211,0.49428746586412525,0.7441620687733378,0.5276040795853535,0.5994978249837938,0.49428746586412525,0.49428746586412536
AAACATGGTGAGAGGA-1,0.6741865112538913,False,1.4142135623730951,adjacent,0.8709896152631482,0.43691133032380314,0.7173479908599454,0.547463263296736,0.8760695418532957,0.5440468892232811,0.5057841896163248
AAACATTTCCCGGATT-1,0.6109624923368445,False,4.242640687119285,mid,0.8122619777443386,0.46416429805495185,0.5973360084712701,0.5683794980400898,0.8264636260438758,0.46416429805495185,0.46416429805495174
AAACCACTACACAGAT-1,0.8488507257107826,True,0.0,tumor,0.8020119266566349,0.5926390359595509,0.6846820487098033,0.6123260695907411,0.9257458560294736,0.4803668406744815,0.5092554995581245
AAACCCGAACGAAATC-1,0.5211662327529238,False,5.830951894845301,distal,0.878559884077356,0.6203843033804578,0.7235481803488826,0.6218581062252689,0.8449417306851813,0.4512344646937525,0.4512344646937524
AAACCGGAAATGTTAA-1,0.6033550688290699,False,15.231546211727817,distal,0.8094660870534471,0.572046047050227,0.5964164298054953,0.6323078637908934,0.7967745814963759,0.5765015140537629,0.5386382274026482
AAACCGGGTAGGTACC-1,0.8795272330634312,True,0.0,tumor,0.7858867896487024,0.46913683454395716,0.7034637463077523,0.5500678073157593,0.8822939307808059,0.46913683454395716,0.4165412695758791
AAACCGTTCGTCCAGG-1,0.8297147315706084,True,0.0,tumor,0.8823682401679392,0.6142104317994638,0.7223847740065764,0.652096453584499,0.8693816970112961,0.4462743131026026,0.44627431310260274
AAACCTAAGCAGCCGG-1,0.6106758704150446,False,2.8284271247461903,mid,0.6342770625499267,0.5241381659204766,0.7330156607033385,0.5043322372698732,0.7427731676625101,0.46906871760575153,0.46906871760575164
AAACCTCATGAAGTTG-1,0.8812788114744309,True,0.0,tumor,0.8880296866001598,0.49050387956925323,0.7166443738505266,0.5112132865184194,0.9601413247212666,0.5442636249357533,0.5749834794308962
AAACGAAGAACATACC-1,0.5380012897986481,False,3.1622776601683795,mid,0.9002535807835925,0.5721172602128964,0.5945076074235078,0.5969793234130301,0.9078148053631822,0.46265953296550183,0.4626595329655019
AAACGAAGATGGAGTA-1,0.6335777581388683,False,1.4142135623730951,adjacent,0.5756237344182503,0.49094354344312546,0.745214011034944,0.4909435434431256,0.6242208514095806,0.49094354344312546,0.4909435434431254
AAACGACAGTCTTGCC-1,0.7731188445951863,True,0.0,tumor,0.9212134722918872,0.6643352096453585,0.6723931338126289,0.6290029537981385,0.9350091077886993,0.5184968449472713,0.41729763298062916
AAACGAGACGGTTGAT-1,0.5267434176479487,False,8.0,distal,0.793828605398577,0.45023128796745243,0.7243075293986513,0.4868360920693305,0.8356007473959938,0.5046288555735137,0.5201710177466741
AAACGCCCGAGATCGG-1,0.7397990461859382,False,1.4142135623730951,adjacent,0.6684593806312583,0.4666381814015989,0.7040489327314273,0.5862267550948375,0.8628874476778806,0.4666381814015989,0.4816362927046759
AAACGCTGGGCACGAC-1,0.6190237338874691,False,13.341664064126334,distal,0.7329088409593342,0.5874652448803928,0.7317268572702447,0.5449348863995245,0.7464265495707166,0.47701053335562615,0.4770105333556262
AAACGGGCGTACGGGT-1,0.6067865701706197,False,6.324555320336759,distal,0.7283109476304594,0.515917689968852,0.730326589756451,0.5954745583235803,0.8484645822883575,0.46132196399710196,0.46132196399710196
AAACGGGTTGGTATCC-1,0.8946584820184552,True,0.0,tumor,0.7203691318805848,0.5523633481332864,0.8551384941202698,0.5461071169815528,0.7889794290105803,0.4442122276096528,0.4442122276096528
AAACGGTTGCGAACTG-1,0.5366517782501732,False,17.08800749063506,distal,0.7187668357205225,0.46597558936632677,0.7322145126233071,0.5345445763436066,0.8471768788297446,0.5209459584982074,0.5366517782501732
AAACGTGTTCGCCCTA-1,0.741319734715488,False,1.4142135623730951,adjacent,0.6739536309424289,0.48642305572584793,0.7110990358357019,0.5061026584183248,0.7650967830879657,0.48642305572584793,0.5017316741108749
AAACTAACGTGGCGAC-1,0.7899300164807604,True,0.0,tumor,0.5843968864366791,0.4778248403896289,0.6866396366270969,0.5643835107469951,0.8332864010888281,0.5311108634131539,0.561560019426597
AAACTCGGTTCGCAAT-1,0.48640138215460066,False,12.649110640673518,distal,0.48640138215460066,0.48640138215460066,0.48640138215460066,0.5196789834475839,0.5652167536379822,0.48640138215460066,0.48640138215460066
AAACTCGTGATATAAG-1,0.8509526198039824,True,0.0,tumor,0.7301408162886176,0.5257853573352653,0.8038859165134036,0.5557952033290605,0.8733621379983985,0.6269049521014075,0.5459032969482728
AAACTGCTGGCTCCAA-1,0.46630998160842674,False,6.324555320336759,distal,0.8022162774712517,0.5212431960467405,0.7231719890765201,0.5676382619034349,0.8236814239242983,0.4663099816084267,0.46630998160842674
AAACTTAATTGCACGC-1,0.819615289687184,True,0.0,tumor,0.7241356889409055,0.45443905701387727,0.7221688123502202,0.5267290865518586,0.848404450350085,0.45443905701387727,0.4544390570138773
AAACTTGCAAACGTAT-1,0.820658275013734,True,0.0,tumor,0.9655065113600476,0.49367750964473917,0.7152092738115142,0.6090378792100913,0.8943496510880949,0.5942335915584536,0.6402019092204679
AAAGAATGACCTTAGA-1,0.7548029076201622,True,0.0,tumor,0.6384894759330473,0.5154594487481964,0.7180446413643203,0.5623028479072618,0.8765623304206009,0.5701263878826158,0.460792509613777
AAAGAATGTGGACTAA-1,0.5311940191558986,False,2.0,adjacent,0.8190194876367758,0.6292085431025407,0.72757482026417,0.7317096732244702,0.9343065907537611,0.5155430468087214,0.5311940191558986
AAAGACATGAAGTTTA-1,0.5813608171909459,False,6.0,distal,0.8789267866763267,0.5419012056698063,0.7119350164409518,0.5652436419030634,0.9662865154861743,0.5320768854458874,0.5624517320721968
AAAGACCCAAGTCGCG-1,0.818440935979809,True,0.0,tumor,0.8714679819428189,0.43064147578442846,0.7140598004792955,0.5701313418417582,0.8907241352000634,0.43064147578442846,0.4306414757844284
AAAGACTGGGCGCTTT-1,0.8112992730949594,True,0.0,tumor,0.9837680432480633,0.4789178076253816,0.7046968177004961,0.6057106764011964,0.9431459856797989,0.4789178076253816,0.49408842286287535
AAAGCTTGCCTACATA-1,0.640297449861068,False,3.1622776601683795,mid,0.9296568764049118,0.5678073157591633,0.7039792676809897,0.650160694049676,0.8558050786555086,0.5678073157591633,0.6127220324678943
AAAGGCCCTATAATAC-1,0.8280746172403085,True,0.0,tumor,0.8561416708465698,0.5564937115681139,0.8416025748202642,0.6474335395418828,0.8034990921543952,0.49677683033309183,0.5121933742565744
AAAGGCTACGGACCAT-1,0.6159544908081942,False,11.313708498984761,distal,0.6348158056066432,0.46968177004960154,0.7258819595385386,0.5380203979267681,0.790974049402054,0.5247264485686154,0.4696817700496015
AAAGGCTCTCGCGCCG-1,0.4895781084545505,False,9.055385138137417,distal,0.4895781084545505,0.48957810845455046,0.614396979323413,0.523548644782552,0.6478219038651636,0.48957810845455046,0.4895781084545505
AAAGGGATGTAGCAAG-1,0.6480123565895176,False,2.0,adjacent,0.8825075702688142,0.4320626428133534,0.7096430362815583,0.5075108213045012,0.9736783439957525,0.4320626428133534,0.4320626428133534
AAAGGGCAGCTTGAAT-1,0.819006218103359,True,0.0,tumor,0.9800943729216595,0.5110442326626912,0.7241612327927325,0.5281391071727136,0.8710727244461263,0.5110442326626912,0.5266438961473237
AAAGGTAAGCTGTACC-1,0.7245284671300387,False,1.4142135623730951,adjacent,0.663290233888796,0.5191006087177297,0.7044808560441398,0.5906500213639488,0.7860945626061476,0.5801488664722239,0.6276582192816936
AAAGGTCAACGACATG-1,0.7012643211439399,False,1.4142135623730951,adjacent,0.9610572368054395,0.5078396403425662,0.8177631945605529,0.5762785858923628,0.9486062590014578,0.45568373924836053,0.4705854252752765
AAAGTAGCATTGCTCA-1,0.6721164640408915,False,2.0,adjacent,0.8158474056735217,0.5134561915200604,0.7235412138438388,0.6332181537832765,0.958354966164785,0.5632249035526079,0.5243031504526238
AAAGTCACTGATGTAA-1,0.8979625958392051,True,0.0,tumor,0.880426907429081,0.42629437663712866,0.8319957643649334,0.5372791617901131,0.8971729189216144,0.5936545975837064,0.5634429662184217
AAAGTCGACCCTCAGT-1,0.45259989968232744,False,1.4142135623730951,adjacent,0.9695424399487266,0.45259989968232733,0.7251295769938138,0.5245406751007821,0.9331259514779257,0.45259989968232733,0.45259989968232744
AAAGTGCCATCAATTA-1,0.4718274536030763,False,12.649110640673518,distal,0.8214066766984338,0.6400484249506152,0.7344298612272195,0.5748648498021512,0.852786748680764,0.47182745360307643,0.4718274536030763
AAAGTGTGATTTATCT-1,0.4675918185364766,False,15.556349186104045,distal,0.6374677218599639,0.5225281291992544,0.5987989745304575,0.5378773523565364,0.7987897347448207,0.5225281291992544,0.538224217960048
AAAGTTGACTCCCGTA-1,0.47026695647327654,False,17.26267650163207,distal,0.7180516078693641,0.4702669564732765,0.7334266845009196,0.5055063255865797,0.7675504594960064,0.5253302123390737,0.541062571157873
AAATAACCATACGGGA-1,0.5892707860606204,False,2.0,adjacent,0.7878792100912149,0.5558558893285528,0.719361310817589,0.5786137583830278,0.8678622655954381,0.4946094732083697,0.5100357481230245
AAATAAGGTAGTGCCC-1,0.5874356095890957,False,4.47213595499958,mid,0.8721274777536271,0.502226185389536,0.7196399710193391,0.521077857660369,0.9245226844070551,0.5075145367738579,0.5245181168939738
AAATACCTATAAGCAT-1,0.5450513929029228,False,5.656854249492381,distal,0.7225426814542347,0.5253054425433626,0.8567407902803322,0.573413959018373,0.7722304842527654,0.4702948224934515,0.4702948224934515
AAATAGCTTAGACTTT-1,0.5349479701594733,False,11.40175425099138,distal,0.729267680989801,0.4644429582567018,0.7208033773616451,0.5356146315183264,0.8787681459123481,0.5229801779709822,0.539705097889348
AAATAGGGTGCTATTG-1,0.677407027014116,False,1.4142135623730951,adjacent,0.8167669843392966,0.45973360084712694,0.7296160062419885,0.5614222816697317,0.8457982441474027,0.569203712992377,0.5301072443690735
AAATCACTCCTAAACG-1,0.8424813496707829,True,0.0,tumor,0.7698963384049491,0.6353731260101433,0.7766050827620801,0.589592970331977,0.8602973744342464,0.5677268139231022,0.5606245173207219
AAATCCGATACACGCC-1,0.60261462886442,False,2.8284271247461903,mid,0.8164604581173718,0.5164904914946714,0.7303823217968011,0.5632967359601703,0.9073381497549257,0.4616842222593769,0.461684222259377
AAATCGCGGAAGGAGT-1,0.7655591914077116,True,0.0,tumor,0.9004625759349049,0.47397313715655126,0.7365685782756507,0.5089022645785728,0.8513010498156443,0.47397313715655126,0.47397313715655137
AAATCGTGTACCACAA-1,0.6024952030636699,False,3.1622776601683795,mid,0.727512121718776,0.5163418727204047,0.7301454606253135,0.5297051775065484,0.8487652419797195,0.4615170261383269,0.46151702613832685
AAATCTAGCCCTGCTA-1,0.4666165078303517,False,10.0,distal,0.7298668004235634,0.5249215107098405,0.721200468149139,0.6054524512809081,0.7997885115731983,0.46661650783035175,0.4666165078303517
AAATCTGCCCGCGTCC-1,0.8252840343627837,True,0.0,tumor,0.8050493228557097,0.5141869004935381,0.7249205818425013,0.5948782254918353,0.9051572670180718,0.5677484874943494,0.5241678012117736
AAATGACTGATCAAAC-1,0.48963384049490044,False,21.02379604162864,distal,0.5728464210741421,0.4896338404949005,0.4896338404949005,0.5235969458841889,0.7003904176089781,0.4896338404949005,0.48963384049490044
AAATGATTCGATCAGC-1,0.6315037300658435,False,1.4142135623730951,adjacent,0.7566321128016497,0.4998173227566306,0.6970893941927214,0.5799996284530643,0.8557698794721297,0.44823112696378037,0.39664493117093025
AAATGCTCGTTACGTT-1,0.6698871824268916,False,1.4142135623730951,adjacent,0.8039253933753182,0.5606952881656109,0.7245165245499638,0.6225027401586504,0.9067162975152309,0.5063132016818691,0.45193111519812745
AAATGGCATGTCTTGT-1,0.659449367441342,False,1.4142135623730951,adjacent,0.8041158111798472,0.48613510685070627,0.7151187092459456,0.6028832042207732,0.9296602985477405,0.48613510685070627,0.5014331096089999
AAATGGCCCGTGCCCT-1,0.7552208979227871,True,0.0,tumor,0.8175425885675008,0.45569302792175226,0.7243214624087387,0.5901372865927288,0.9025261280604958,0.45569302792175226,0.4556930279217522
AAATGGTCAATGTGCC-1,0.9792875852899261,True,0.0,tumor,0.9147717772947667,0.4356233009468255,0.7975394304185476,0.6372178565457282,0.9329396891325455,0.5612649934669663,0.45006409184640256
AAATGTATCTTATCCC-1,0.8395315323922582,True,0.0,tumor,0.7210332720280889,0.47302569247060133,0.7349384160954133,0.5742183581340914,0.7723903472106114,0.47302569247060133,0.47302569247060144
AAATGTGGGTGCTCCT-1,0.7545202665583873,True,0.0,tumor,0.8040461461294098,0.46065317951290197,0.7271637964665887,0.5622545468056253,0.8765491307268338,0.5700799445156577,0.5309989570146735
AAATTAACGGGTAGCT-1,0.8910995931561054,True,0.0,tumor,0.8608696056029278,0.49681708125112234,0.8356880120381207,0.6103847368518829,0.9168800617159015,0.446292890449386,0.38549852310093075
AAATTAATAAGCGCGA-1,0.8113470434152593,True,0.0,tumor,0.8720856787233647,0.47325171685646517,0.8196580839324528,0.5558732281855505,0.8784161540785587,0.6307969062525157,0.6257195404495188
AAATTACACGACTCTG-1,0.7461604605058877,False,2.0,adjacent,0.8150903787921009,0.45984506492782695,0.7293094800200636,0.5643184900332534,0.8201409727294325,0.45984506492782695,0.45984506492782706
AAATTACCTATCGATG-1,0.5179536787127491,False,4.0,mid,0.7945345445763436,0.4948943258590474,0.718999052555314,0.575319994798343,0.8113441101499778,0.5008235957073944,0.5179536787127491
AAATTCCAGGTCCAAA-1,0.5364089457886483,False,5.830951894845301,distal,0.806684129372643,0.4658919913058017,0.721952850693864,0.5368983261810548,0.8791392039704677,0.4658919913058017,0.46589199130580183
AAATTGATAGTCCTTT-1,0.6836808624135158,False,1.4142135623730951,adjacent,0.8188383585056381,0.4672574262943766,0.8553335562614948,0.5355811922941166,0.9320245103646928,0.4672574262943766,0.46725742629437667
AAATTGCGGCGGTTCT-1,0.9096703051727296,True,0.0,tumor,0.8152482862397591,0.4530457560051274,0.711461294097977,0.5605732969217336,0.8153318843002841,0.5619213930533108,0.5230372369646739
AAATTGGTGAGAAGCA-1,0.8125850908830344,True,0.0,tumor,0.6083152204202197,0.5511713017146892,0.7169926991027142,0.5752512586152446,0.7979288213846774,0.4368834643036282,0.43688346430362823
AAATTTACCGAAATCC-1,0.41701499191885416,False,4.47213595499958,mid,0.8544557766259824,0.46987992841529036,0.7070305968901521,0.4873785505954041,0.9582552351452113,0.46987992841529036,0.4849841959857008
AAATTTGCGGGTGTGG-1,0.8731976656236814,True,0.0,tumor,0.8702325883817273,0.5042944633314137,0.8340996488881458,0.6522023444611641,0.9195566662853422,0.5176639605664852,0.46757987595640155
AACAACTGGTAGTTGC-1,0.8219639971019339,True,0.0,tumor,0.7150652993739434,0.5051335401611275,0.7243353954188263,0.519952070445299,0.8701751452699632,0.5051335401611275,0.4507050103104274
AACAATACATTGTCGA-1,0.6818018964817159,False,1.4142135623730951,adjacent,0.711210499916402,0.5193018633078823,0.7279719110516636,0.5659087109179066,0.8986600844193748,0.5193018633078823,0.46447082427687686
AACAATTACTCTACGC-1,0.9056655599875798,True,0.0,tumor,0.9266148358691413,0.509350597880944,0.5534121941704286,0.5834587304241209,0.9187368186391409,0.6258584282326132,0.5390124282449981
AACACACGCTCGCCGC-1,0.5947245642948703,False,9.899494936611665,distal,0.7241914209812554,0.6227931660133632,0.725986457114195,0.6244830853257536,0.922811124115254,0.5635500071213162,0.5947245642948704
AACACGACTGTACTGA-1,0.7453284607606626,False,1.4142135623730951,adjacent,0.9715998811049805,0.5600667545994414,0.5793275929331773,0.5779468316335061,0.929029646512201,0.5478366679670809,0.5092754038582494
AACACGAGACGCGGCC-1,0.9627948822063519,True,0.0,tumor,0.6918900592617363,0.5170571005715631,0.70041241709859,0.5894369206189971,0.8994403329842747,0.5254292915219182,0.49043001249990054
AACACGCGGCCGCGAA-1,0.8256741586452337,True,0.0,tumor,0.878615616117706,0.5014830915182027,0.5763807612996712,0.5111594122127479,0.8451441259896104,0.5567506981986167,0.5896609103430706
AACAGCTGTGTGGCAA-1,0.819304782605234,True,0.0,tumor,0.7925699901540062,0.5002260243858639,0.7181630719500641,0.6484014193092944,0.8990986075789709,0.44619071504207775,0.4461907150420777
AACAGGAAATCGAATA-1,0.8119242681188844,True,0.0,tumor,0.8808634750784893,0.5340677577761678,0.7076645488491334,0.5265433130840252,0.8901638815312818,0.5768637723160378,0.5542471795606724
AACAGGATGGGCCGCG-1,0.6665711260260666,False,1.4142135623730951,adjacent,0.9732486206320013,0.440728975087778,0.7179471102937078,0.607263742592283,0.9574456539274955,0.5484528166353948,0.5099800160826745
AACAGGTAGTATGGAT-1,0.46101543777517684,False,10.295630140987,distal,0.720917163610693,0.5785914655668877,0.5955804492002452,0.5954355458953354,0.8436848265120249,0.46101543777517695,0.46101543777517684
AACATAGCGTGTATCG-1,0.4995541436772001,False,12.165525060596439,distal,0.4995541436772,0.4995541436772,0.4995541436772,0.4995541436771999,0.4995541436772,0.4995541436772,0.4995541436772001
AACATATCAACTGGTG-1,0.6542424025286424,False,2.0,adjacent,0.7936335432573521,0.6001318991621616,0.7183790336064203,0.5814765275223392,0.9262034454133996,0.6063367329877947,0.6542424025286424
AACATCGATACGTCTA-1,0.7283262075938886,False,1.4142135623730951,adjacent,0.6737864348213788,0.4322577049545784,0.692449701833584,0.5074699511415779,0.8017948650257981,0.5464062122647643,0.5012659134879499
AACATTGAAGTTGATC-1,0.7614270587017619,True,0.0,tumor,0.9693938211744598,0.5633177902865246,0.7235551468539263,0.6241282580021923,0.8456398478221971,0.5088923566602884,0.5244424805534987
AACATTGGTCAGCCGT-1,0.8973813902755551,True,0.0,tumor,0.8092663805755262,0.4441564955693028,0.8391085660146018,0.5136896468446376,0.8974075801441409,0.4441564955693028,0.44415649556930287
AACATTGTGACTCGAG-1,0.4861227219528507,False,11.40175425099138,distal,0.6522785115829758,0.5415079851628923,0.6107395641754445,0.5535789258578088,0.672778124880836,0.4861227219528506,0.4861227219528507
AACCAAGACTTCTCTG-1,0.9568474773290021,True,0.0,tumor,0.8997055490534841,0.5450191037049421,0.6989006855040962,0.6039997027624515,0.9659359902850255,0.5987943301937616,0.5757478045556962
AACCAGTATCACTCTT-1,0.4417600178342528,False,4.0,mid,0.7857381708744356,0.5498987534600308,0.7194867079083764,0.5762581508109013,0.9218431465723329,0.4417600178342529,0.4417600178342528
AACCATAGGGTTGAAC-1,0.681738202721316,False,1.4142135623730951,adjacent,0.8122434003975553,0.4643314941760017,0.7193195117873266,0.56577123855171,0.8769421882745652,0.4643314941760017,0.46433149417600184
AACCATGGGATCGCTA-1,0.5939164497097954,False,2.8284271247461903,mid,0.9014843300079881,0.49975230204288895,0.7221479128350888,0.5833807055676308,0.9020993379620258,0.6082130450129113,0.6546962205714922
AACCCAGAGACGGAGA-1,0.722963989140214,False,2.0,adjacent,0.8882897694551265,0.49219132190207265,0.718190937970239,0.540366716825503,0.9038842298858666,0.5459665483908922,0.5075556723274496
AACCCATCCCATGATC-1,0.8953750368229552,True,0.0,tumor,0.8813511304315519,0.5361205545957259,0.7133492169648331,0.5692674952163332,0.8560309400821903,0.4828933598370147,0.4296661650783035
AACCCGACAACCCGTG-1,0.6840232163756659,False,2.0,adjacent,0.7994854074941017,0.5102082520574411,0.7265298445076074,0.5573575581935388,0.8477693984166234,0.4556094298612272,0.4556094298612273
AACCCGAGCAGAATCG-1,0.540310188613148,False,10.0,distal,0.8114120641290011,0.5783747298544156,0.7297483698378198,0.6370376562819297,0.8740426555437247,0.4653346709023018,0.4653346709023017
AACCCGATAGGGCTTC-1,0.5872644326080206,False,1.4142135623730951,adjacent,0.6102937078526446,0.4891508294785339,0.710959705734827,0.5358412751490832,0.7871461382095936,0.4820047434158787,0.4285793902914786
AACCCGCTGTATTCCA-1,0.5287537519605736,False,19.697715603592208,distal,0.7181212729198015,0.4583124338182021,0.7285988965056011,0.560123725129577,0.819539653346709,0.4583124338182021,0.4583124338182021
AACCCTACTGTCAATA-1,0.5878416573116457,False,15.297058540778355,distal,0.5295054710286278,0.5567290246273694,0.7080546731315834,0.5826041724720875,0.8075968637527609,0.5077188875884746,0.5248286239759239
AACCCTGGTGGAACCA-1,0.5910900390920455,False,2.8284271247461903,mid,0.8103438666889596,0.5565711171797111,0.7158153597503205,0.5481636292704676,0.9350061745234178,0.604794813204778,0.6511054848289425
AACCGAGCTTGGTCAT-1,0.7836840471015358,True,0.0,tumor,0.8755457095617604,0.5328478453373955,0.7088976202418771,0.6306173252336102,0.9763446821367077,0.5250267823416127,0.5552423945669223
AACCGCTAAGGGATGC-1,0.5504295347966975,False,12.727922061357855,distal,0.811110182243772,0.47623028479072615,0.7368681379925319,0.6103773059131694,0.7982324143413206,0.47623028479072615,0.4762302847907262
AACCGTTGTGTTTGCT-1,0.5815837453523459,False,1.4142135623730951,adjacent,0.9658827026324102,0.6062624236006614,0.7144708242768768,0.5661613628341601,0.9817213573978417,0.5390217169183897,0.5696531078574215
AACCTAAAGCCGTCCG-1,0.6809300881362411,False,1.4142135623730951,adjacent,0.893087369261922,0.49936837020936675,0.7170066321128016,0.6196213936725558,0.8981012973832339,0.49936837020936675,0.5148247227330992
AACCTCGCTTTAGCCC-1,0.5248326048359487,False,3.1622776601683795,mid,0.7070538185736313,0.4547455832358022,0.7271219974363262,0.56276170837281,0.8452599899682327,0.4547455832358022,0.4547455832358023
AACCTGTCACGGAATT-1,0.6773911035740162,False,4.0,mid,0.8852291515725725,0.5694761807451993,0.7135233795909268,0.5926229355923387,0.8195381867140682,0.4548291812963272,0.4548291812963273
AACCTTTAAATACGGT-1,0.48776681714317555,False,4.242640687119285,mid,0.5709375986921547,0.48776681714317566,0.6125229894666444,0.521891545449479,0.701087068113353,0.48776681714317566,0.48776681714317555
AACCTTTACGACGTCT-1,0.6685774794786665,False,5.0990195135927845,distal,0.6216723327574356,0.5713896474638825,0.7278465139608761,0.624735737242007,0.7598477048665804,0.45750431923312707,0.4575043192331271
AACGAAAGTCGTCCCA-1,0.6156837923264942,False,1.4142135623730951,adjacent,0.6399385089821472,0.4701554923925765,0.7343532296717383,0.5053484181389215,0.7933499942801326,0.4701554923925765,0.47015549239257654
AACGACCTCCTAGCCG-1,0.537201136933623,False,7.211102550927978,distal,0.6373655464526556,0.6347755546886127,0.5992517973583013,0.6383752252503296,0.8241712792263219,0.5215218562484906,0.5372011369336231
AACGATAATGCCGTAG-1,0.6127897070883194,False,1.4142135623730951,adjacent,0.7185160415389474,0.4661149194672017,0.7325767708855822,0.5370506604246782,0.8739825236054524,0.4661149194672017,0.4661149194672017
AACGATAGAAGGGCCG-1,0.819897930748959,True,0.0,tumor,0.8069024131973471,0.4545783871147523,0.7233252521874826,0.591660629028962,0.8200031092611985,0.50901310941438,0.45457838711475235
AACGATATGTCAACTG-1,0.6524311112172674,False,4.242640687119285,mid,0.6938731910308569,0.4284121941704286,0.8322256590313771,0.4984339296661652,0.921821147082721,0.48173537188752036,0.49697056552097507
AACGCATGATCTGGGT-1,0.7103207777008144,False,1.4142135623730951,adjacent,0.8580412045551654,0.5387151906964647,0.6769770941314162,0.5322762823013617,0.8263873611465546,0.6160557815799415,0.5164608562033741
AACGCGAACGGCAACA-1,0.7534812620918622,True,0.0,tumor,0.8782394248453436,0.5097531070612495,0.7240428022069888,0.5557450444927455,0.8173177048959129,0.5590852514443887,0.5902102690265204
AACGCGACCTTGGGCG-1,0.5498443483730224,False,12.0,distal,0.478793958646826,0.5340553728783122,0.6090467034498133,0.5119508071857178,0.774879222802031,0.4787939586468261,0.478793958646826
AACGCGGTCTCCAGCC-1,0.578602081193621,False,2.8284271247461903,mid,0.971669546155418,0.6426244837045707,0.7027810288134648,0.6037359044381281,0.927970737745551,0.47586493030398735,0.42278325809507894
AACGCTGTTGCTGAAA-1,0.4677032826171766,False,8.94427190999916,distal,0.814421594307901,0.4677032826171767,0.7320542830073008,0.6021401103494398,0.9337052713710375,0.5226922290958406,0.5384033566611731
AACGGACGTACGTATA-1,0.5897484892636206,False,9.899494936611665,distal,0.7025209459584981,0.5586393951215887,0.7096569692916457,0.5221832097939774,0.8385897447179226,0.504198480373033,0.519753027444049
AACGGCCATCTCCGGT-1,0.6108510282561445,False,1.4142135623730951,adjacent,0.9015075516914673,0.4645544223374018,0.4645544223374018,0.5324304742796635,0.9369362630786965,0.5192863821855629,0.46455442233740174
AACGTACTGTGGGTAC-1,0.8104195030294346,True,0.0,tumor,0.879981051106281,0.4442400936298278,0.7211447361087889,0.6110089357038029,0.9603217205360836,0.4983032689937891,0.44424009362982775
AACGTAGTCTACCCAT-1,0.6770208835916912,False,1.4142135623730951,adjacent,0.9773124152408553,0.5441676419773729,0.7125829014100207,0.5386538854520797,0.8692262339513723,0.5506046926377975,0.5140285507280994
AACGTCAGACTAGTGG-1,0.7333261677852884,False,2.0,adjacent,0.9792165932861469,0.5427836296420145,0.7172643927994203,0.60182801092348,0.8701531457803512,0.5427836296420145,0.5734468674612464
AACGTCATCCGGCTTG-1,0.5505609031775224,False,18.867962264113206,distal,0.5657312972561258,0.4794627431310261,0.6095622248230508,0.5141373609021159,0.7483126391467719,0.4794627431310261,0.479462743131026
AACGTCGCTGCACTTC-1,0.5267991496882986,False,5.656854249492381,distal,0.8732328298872355,0.4565290085270022,0.7152092738115143,0.5637555964257185,0.8941193897634908,0.4565290085270022,0.45652900852700207
AACGTGATGAAGGACA-1,0.48012356589517596,False,1.4142135623730951,adjacent,0.7754788311133404,0.4651643785567879,0.706034386668896,0.5511527243679059,0.854644972236644,0.5782446884269322,0.558196192705472
AACGTGCGAAAGTCTC-1,0.5880924514932205,False,5.656854249492381,distal,0.7070677515837187,0.49366822097134755,0.7147216184584517,0.5455312192312695,0.9020362727584722,0.49366822097134755,0.5091042268771745
AACGTTATCAGCACCT-1,0.7494207848663625,False,1.4142135623730951,adjacent,0.8152111315461927,0.5104931047081189,0.7276096527893886,0.5249326571179104,0.8218481331233115,0.45602742016385217,0.4560274201638523
AACGTTCTACCATTGT-1,0.6159982802684691,False,16.1245154965971,distal,0.5568559698303888,0.4740567352170763,0.605438053837151,0.5402961229077263,0.8017054004347098,0.4740567352170763,0.47405673521707625
AACTACCCGTTTGTCA-1,0.5440322927365228,False,8.602325267042627,distal,0.6467331735681509,0.5833410738944931,0.5970991472997826,0.607391926285088,0.8273025399144074,0.5833410738944931,0.5440322927365228
AACTAGCGTATCGCAC-1,0.5971011377297951,False,2.0,adjacent,0.9028311876497798,0.5037495278257693,0.5716923034052276,0.5839398837058092,0.9287568528410141,0.508960473598494,0.44939530736220246
AACTAGGCTTGGGTGT-1,0.5489765208875726,False,5.656854249492381,distal,0.7265925430530012,0.47793011202140107,0.7387839268795631,0.512710620669156,0.745922027942285,0.5884467480354455,0.6200229297537441
AACTCAAGTTAATTGC-1,0.9737064195348764,True,0.0,tumor,0.7037006074792398,0.4687652876082904,0.6979393078080588,0.5560980140816287,0.8638979575673843,0.6868695312935407,0.6966544852349902
AACTCCAGAGCGTGTT-1,0.5525871609302474,False,6.324555320336759,distal,0.9090360214754128,0.5942645538030925,0.6059048096750822,0.6525757491315091,0.8846009439247675,0.4814969626038009,0.481496962603801
AACTCCTAATCCCATG-1,0.6646642940740917,False,4.0,mid,0.7029342919244274,0.557239901663911,0.7229629939252077,0.651243753367144,0.8196687170190986,0.557239901663911,0.518514979976274
AACTCGATAAACACGT-1,0.6797796195890161,False,1.4142135623730951,adjacent,0.7208289212134723,0.5716683076656326,0.7268433372345762,0.5636311282022702,0.817938090502967,0.5168155950633797,0.46196288246112693
AACTCGATGGCGCAGT-1,0.758791729365212,True,0.0,tumor,0.8086672611417637,0.525404521726207,0.7311974028869197,0.5705066042467813,0.8539453884669875,0.6317041000204351,0.678728672542416
AACTCTCAATAGAGCG-1,0.6156280602861443,False,11.661903789690601,distal,0.6455349347006261,0.4703226885136264,0.7348966170651507,0.505591781381783,0.7979376211805218,0.5252806727476513,0.540982953957373
AACTCTCAGTGTGCTC-1,0.7458698577240626,False,1.4142135623730951,adjacent,0.9785060097716843,0.49535875952863084,0.7195981719890765,0.6158947779078192,0.8380485572734714,0.5492640274449336,0.5107602646475744
AACTGAGGTCAGCGTC-1,0.7221280085349638,False,1.4142135623730951,adjacent,0.6609262665106169,0.4829490918773648,0.7015200914005462,0.5668784484199967,0.8235083612726851,0.5359998018416343,0.500306526221925
AACTGAGTTATACTGA-1,0.6539239337266423,False,14.212670403551895,distal,0.7061435285812481,0.6144767071033582,0.6990260825948839,0.6187092459454941,0.9001105841011153,0.49260311975576987,0.5079497774699246
AACTGATATTAGGCCT-1,0.8288867126854085,True,0.0,tumor,0.8517156179754407,0.46764755057682655,0.8410870534470267,0.5601906035779969,0.9244478861423749,0.47576275489667896,0.41514796856712927
AACTGGGTCCCGACGT-1,0.8124457607821594,True,0.0,tumor,0.8620260454401903,0.4692421061757293,0.7073162235969459,0.6346616136283417,0.9265613037777524,0.6970251475350957,0.7092379837740145
AACTGGGTTCGAGCCG-1,0.5360188215061982,False,4.242640687119285,mid,0.6419820171283137,0.5239338151058599,0.7223011759460514,0.5689944082186182,0.8200456416077815,0.4654461349830018,0.46544613498300175
AACTGGTGTGGGCCTT-1,0.9014697335212298,True,0.0,tumor,0.886603875234539,0.43677200022292817,0.7102212562001895,0.5759423359155846,0.9483466650240381,0.544161449528445,0.4367720002229282
AACTTCTGCGTCTATC-1,0.6741904921139164,False,1.4142135623730951,adjacent,0.9874324249010756,0.5038238372129027,0.5868932174106893,0.5513607906518792,0.9011342936843864,0.5038238372129027,0.44953463746307765
AACTTGCCCGTATGCA-1,0.9787899777868011,True,0.0,tumor,0.8709756822530607,0.5789134729111322,0.8228626762525776,0.6588809006297721,0.9076446759768506,0.5264138909014348,0.5587773982691221
AACTTGCGTTCTCGCG-1,0.8977078207976051,True,0.0,tumor,0.7221200468149139,0.44708242768767764,0.8392478961154768,0.5531182076575824,0.8365423255513805,0.506591861883619,0.44708242768767764
AACTTTACGGGAGCTT-1,0.8740256845088813,True,0.0,tumor,0.8693548087462148,0.4243158892047038,0.7032129521261773,0.5944788125359938,0.9611078356315468,0.5453101488045478,0.5020979132331749
AACTTTAGCTGCTGAG-1,0.59912739548252,False,1.4142135623730951,adjacent,0.899826301807576,0.5132270709097326,0.5933233015660703,0.5274536030764085,0.9308644039458285,0.5678909138196881,0.59912739548252
AACTTTCTCGATCATG-1,0.6600902859053671,False,2.0,adjacent,0.7872800906574523,0.5556081913714418,0.7157944602351893,0.5111538390087128,0.8913298544807093,0.5556081913714417,0.441648553753553
AAGAAAGTTTGATGGG-1,0.5630289567758219,False,2.0,adjacent,0.5762692972189711,0.5471771721562726,0.7413615337457504,0.5255661446432218,0.6244437795709805,0.49169592598785034,0.4916959259878504
AAGAAATCACCAGATT-1,0.7292378245396136,False,1.4142135623730951,adjacent,0.6846123836593657,0.4414256255921529,0.7013807612996712,0.579317839826116,0.7211564691699152,0.6094670159207862,0.580389487344846
AAGAAGGATCAGTTAG-1,0.6023120835025199,False,1.4142135623730951,adjacent,0.8079381002805178,0.4544111909937023,0.7128058295714206,0.5618328410336435,0.8975894425915986,0.4544111909937023,0.4544111909937022
AAGACATACGTGGTTT-1,0.5360546492464232,False,1.4142135623730951,adjacent,0.8942112987423135,0.575219677125713,0.7217717215627264,0.635304389827045,0.8794633297840825,0.5203886380947073,0.5360546492464232
AAGACCAAATAACTCA-1,0.7587638633450371,True,0.0,tumor,0.8001913466718683,0.5131961086650938,0.5928217132029203,0.5929368927529771,0.8717165761754329,0.45859109401995213,0.4585910940199521
AAGACCCAACTGAACA-1,0.47129799921975135,False,10.0,distal,0.636627096918018,0.47129799921975146,0.7273797581229449,0.5726634342083264,0.7448411196860233,0.526407698452507,0.47129799921975135
AAGACTAACCCGTTGT-1,0.8270833830940837,True,0.0,tumor,0.973699121291497,0.45739285515242717,0.72506687844842,0.5263148117185904,0.7973084357776233,0.5120288320422078,0.5276391111535735
AAGACTCACGCCCACT-1,0.5048884961106999,False,4.47213595499958,mid,0.9782319939066303,0.4895161839652728,0.7152441063367331,0.5799736201675677,0.9253865310324798,0.5433192764742674,0.5048884961106999
AAGACTGCAAGCTACT-1,0.6548833209926672,False,4.0,mid,0.8644085901651525,0.49298085914036427,0.7187830908989578,0.5085084248267662,0.9417013525286213,0.49298085914036427,0.5083797103526245
AAGAGATGAATCGGTA-1,0.9565887214273772,True,0.0,tumor,0.8707759757751399,0.420331048319679,0.7043833249735273,0.5971929629010385,0.907008157410748,0.5259742270275626,0.5561579923726722
AAGAGCTCTTTATCGG-1,0.5949912819165453,False,7.615773105863909,distal,0.7104441843615895,0.44844786267625264,0.7227818647940701,0.5177283620353342,0.8389725358371686,0.44844786267625264,0.44844786267625253
AAGAGGATGTACGCGA-1,0.601862246319695,False,2.0,adjacent,0.8865945865611473,0.4611547678760519,0.7297344368277323,0.5298872355050253,0.8822381987404558,0.5158743428263576,0.46115476787605203
AAGAGGCATGGATCGC-1,0.5229695623442489,False,9.055385138137417,distal,0.6981274034442401,0.5618935270331359,0.7251295769938138,0.5547065708075574,0.8936002018086513,0.4529064259042524,0.45290642590425234
AAGAGGCCCTTTGGAA-1,0.5988089266805199,False,6.324555320336759,distal,0.8922513886566721,0.5172026231213658,0.5932745360307641,0.6280945215404335,0.9042391549849378,0.4581173716769771,0.45811737167697697
AAGATGGCACCGGACC-1,0.5274838576125986,False,2.0,adjacent,0.7177172156272641,0.45725352505155215,0.7275330212339073,0.493405041891917,0.9017062804142943,0.45725352505155215,0.45725352505155215
AAGATTGGCGGAACGT-1,0.5084951552933495,False,5.656854249492381,distal,0.7154275576362182,0.49307064964981706,0.7188597224544391,0.541197124226718,0.8617948063604924,0.43908487989745304,0.439084879897453
AAGCACCCTGCGTATC-1,0.5219265770176988,False,5.0990195135927845,distal,0.8714308272492522,0.5033284412986804,0.7214303628155827,0.5454086087424994,0.9355590950289953,0.4974765770619307,0.5129576993813744
AAGCATACTCTCCTGA-1,0.48010366159505097,False,4.47213595499958,mid,0.5663118393431049,0.48010366159505097,0.7391949506771442,0.5147374092032178,0.6930352549154193,0.48010366159505097,0.48010366159505097
AAGCCACTTGCAGGTA-1,0.620647924777669,False,2.8284271247461903,mid,0.5580867190547846,0.4752828401047762,0.7356489996098757,0.5101896747106578,0.7714003701780786,0.4752828401047762,0.4752828401047763
AAGCCGAAGCGGTTTA-1,0.4695981719890766,False,14.212670403551895,distal,0.728380612680897,0.6377819886430487,0.7257008304074013,0.7086458971929629,0.8494384263618417,0.5796008347421154,0.6110301669572695
AAGCCGCCGTGAAATC-1,0.8316971998630586,True,0.0,tumor,0.8952748518456594,0.5380804646813676,0.8276904642478962,0.7008248341971798,0.9726825004326567,0.42470601348715376,0.4247060134871537
AAGCCGCTTTACCTTG-1,0.7824300761936609,True,0.0,tumor,0.760045700273087,0.40709468873655463,0.6980716714038901,0.5556800237790039,0.7865946843366567,0.6157182931133776,0.6082674500999196
AAGCCGGAGAGCAGGA-1,0.5429813456899228,False,13.416407864998739,distal,0.7294998978245927,0.6374445001764848,0.6040029537981385,0.5713202920358913,0.7151887409545432,0.4721339798250013,0.47213397982500144
AAGCGCAGGGCTTTGA-1,0.4920860502703004,False,12.083045973594572,distal,0.4920860502703004,0.5475889700099699,0.7418491890988129,0.5253878021141021,0.5713722108313753,0.4920860502703004,0.4920860502703004
AAGCGGAGTGCGCGCA-1,0.5487496118661476,False,2.8284271247461903,mid,0.5605900165338387,0.5329624056425595,0.6020314328707574,0.5440134499990712,0.7454321726402614,0.47770718386000116,0.4777071838600011
AAGCGGCGTCATGGGT-1,0.5621690910104219,False,3.1622776601683795,mid,0.6816957402143826,0.46832871995888214,0.7064105779412584,0.5490887811402776,0.7659562298154682,0.46832871995888214,0.48343564143597584
AAGCGTCCCTCATCGA-1,0.9626674946855519,True,0.0,tumor,0.8969979007598136,0.4905348418138921,0.8376316669453269,0.5462984636534212,0.9214236896370672,0.4905348418138921,0.5058797302569247
AAGCTAGATCGAGTAA-1,0.5429136710694978,False,3.1622776601683795,mid,0.5591874268516971,0.5271662734461597,0.7357743967006632,0.540244106336733,0.6903366508563669,0.5822821651278431,0.6137769603745193
AAGCTATGGATTGACC-1,0.6085819380418946,False,3.1622776601683795,mid,0.644285608129447,0.4672295602742016,0.5998160842668451,0.56866930464991,0.8229598406650298,0.5221999294060822,0.5379057491580481
AAGCTCGTGCCAAGTC-1,0.6652454996377416,False,4.242640687119285,mid,0.711210499916402,0.5030188188522915,0.7228027643092014,0.6158706273570008,0.840181041133179,0.5030188188522915,0.5185547885765242
AAGCTCTTTCATGGTG-1,0.8392090827302331,True,0.0,tumor,0.8692015456352523,0.44554979657805277,0.7170971966783704,0.6192758550223857,0.8273934711381363,0.6077021679763697,0.6540314169473174
AAGGAGAACTTATAAG-1,0.6750901664795662,False,2.8284271247461903,mid,0.980075795574876,0.51224556775468,0.7155645655687455,0.5265210202678855,0.9537570728359104,0.4576436493340022,0.45764364933400214
AAGGAGCGGTTGGTGC-1,0.8025174958798099,True,0.0,tumor,0.8950054803173012,0.5422479828097617,0.8354720503817644,0.6733582269780228,0.9278079415224233,0.5422479828097617,0.5728776044776713
AAGGATCGATCGCTTG-1,0.5437854794149729,False,9.055385138137417,distal,0.8098887216927678,0.46831633506102655,0.724537424065095,0.5716416801352431,0.847200344951997,0.52326503062166,0.538964657924698
AAGGATGAGGGACCTC-1,0.5549279066249472,False,8.0,distal,0.4836983781976258,0.48369837819762584,0.7409853424733879,0.5180813316242173,0.5886682095642048,0.48369837819762584,0.48369837819762573
AAGGCAGGCTGTCTCC-1,0.5281765272569485,False,2.0,adjacent,0.6333807055676307,0.6729860607974635,0.7213397982500139,0.5880083226513588,0.8668561556038568,0.5642961972171133,0.5967906306478451
AAGGCGCGTAAAGCTT-1,0.5645377027252969,False,2.0,adjacent,0.8724618699957273,0.4714899651365126,0.7091275149083208,0.6271229263036653,0.9315595878175628,0.5242929771436711,0.48657653999570066
AAGGCTGTGCTCATCG-1,0.7146041830877142,False,1.4142135623730951,adjacent,0.9653578925857809,0.5998315653891645,0.7146310538928831,0.6384365304947148,0.9896441069233859,0.644671088075201,0.5683314623291215
AAGGGAACGACTGGCT-1,0.8218087435609588,True,0.0,tumor,0.8796931022311393,0.500139330100875,0.7183093685559828,0.5836129224024224,0.9283315293751851,0.6139565413934248,0.6619533283970668
AAGGGACAGATTCTGT-1,0.5125635942388993,False,4.47213595499958,mid,0.8590768916383361,0.4867233894988451,0.7158153597503204,0.5722621635178063,0.8676158713117856,0.6477796974369453,0.640110349439893
AAGGGACTATGCATTC-1,0.6726220332640663,False,2.0,adjacent,0.8969979007598136,0.49220061057546427,0.8374087387839269,0.5726782960857529,0.9521232440740706,0.6060178218680141,0.6539199528666172
AAGGGTTAGCCATGCG-1,0.6230244982125939,False,11.313708498984761,distal,0.5637528098237009,0.5360926885755509,0.7349802151256757,0.5817106020918092,0.7470924007896351,0.48077244607925096,0.4807724460792509
AAGGGTTTGATTTCAG-1,0.6345530688449933,False,2.8284271247461903,mid,0.5751221460551005,0.49191885414925035,0.4919188541492504,0.5252001709115902,0.6254704224195333,0.547387715419817,0.5632359614971219
AAGGTATCCTAATATA-1,0.5746490871887963,False,2.8284271247461903,mid,0.7813492726968735,0.4901694873271533,0.7174315889204704,0.5423080495643613,0.8138784513532621,0.4364097419606532,0.4364097419606532
AAGGTGATAAACCAGC-1,0.4611269018558769,False,14.142135623730951,distal,0.5433037953519478,0.5747676283539852,0.7295533076965947,0.5956027420163853,0.7385609987181632,0.5159114975199243,0.5315642391382234
AAGTAAGCTTCCAAAC-1,0.7494725360466875,False,1.4142135623730951,adjacent,0.7985379628081518,0.47492367806696517,0.8262623307139275,0.6255902951940404,0.947798144416383,0.7473078328286488,0.6942818926600902
AAGTAGAAGACCGGGT-1,0.5294862302051735,False,3.1622776601683795,mid,0.903690389938509,0.5065144562720219,0.7083263668282895,0.586631741254714,0.9021286706148417,0.5065144562720219,0.5220858114186988
AAGTAGTGACGCGAGG-1,0.8829149449447059,True,0.0,tumor,0.9686878819966932,0.4174051162013041,0.7074555536978209,0.5260491556595887,0.9513297958154038,0.52287490633921,0.4852071241471007
AAGTCAATTGTCGTCA-1,0.47575656244775116,False,17.72004514666935,distal,0.6455674450574969,0.5309065125985373,0.7372373627598506,0.5419365026286945,0.7231320233370585,0.4757565624477512,0.47575656244775116
AAGTCTAGTAGCTGCC-1,0.7099386151384147,False,2.0,adjacent,0.8391294655297331,0.496467207886703,0.6929164576715153,0.5342974976313883,0.8817336771120244,0.664403326583564,0.658585520815917
AAGTCTTCTGTGGCCT-1,0.7410132084935629,False,1.4142135623730951,adjacent,0.711238365936577,0.487813260510134,0.715829292760408,0.5362834160025265,0.8931411457920843,0.4340132642256033,0.4340132642256033
AAGTGACGACCGAATT-1,0.5891672836999705,False,2.0,adjacent,0.8091734938416094,0.49501198238867516,0.7020147132586524,0.5430455702316593,0.9012369579692417,0.49501198238867516,0.5104338341255245
AAGTGAGTCGGGTTTA-1,0.4937858775009753,False,8.246211251235321,distal,0.4937858775009753,0.4937858775009753,0.618709245945494,0.5270987757528468,0.625284160074153,0.4937858775009753,0.4937858775009753
AAGTGCAAAGGTAGAC-1,0.7335490959466882,False,1.4142135623730951,adjacent,0.9934932842891379,0.44596778688067773,0.718107339909714,0.5520481524828623,0.9045500811047849,0.44596778688067773,0.4459677868806776
AAGTGCCTTGACTGTA-1,0.5424319870064729,False,14.560219778561036,distal,0.7239870701666388,0.5297361397511874,0.7353215738728195,0.5398744171357446,0.8200573746689076,0.4716323914618514,0.47163239146185143
AAGTGCGTTAGAATCT-1,0.6690432401015916,False,1.4142135623730951,adjacent,0.8973787363688719,0.4532408181463523,0.8480535584907763,0.5577402515372755,0.9074745465905191,0.5076012310588469,0.523132777605274
AAGTGCTTCTCTATTG-1,0.48796187928440066,False,4.47213595499958,mid,0.48796187928440066,0.48796187928440055,0.6127807501532632,0.5220420219584238,0.7514072340188374,0.48796187928440055,0.48796187928440066
AAGTGTTTGGAGACGG-1,0.6129210754691444,False,2.0,adjacent,0.6432174106894053,0.5220203483871767,0.7329599286629883,0.5025339501012466,0.822666514136872,0.4670344981329767,0.46703449813297665
AAGTTCACTCCAAGCT-1,0.819304782605234,True,0.0,tumor,0.8637908933846069,0.4239536309424288,0.8455316836649389,0.6389195415110813,0.8955786892410762,0.476905261723854,0.4239536309424289
AAGTTCAGTCTGCGTA-1,0.7782501731674111,True,0.0,tumor,0.7090741050363186,0.561274282140358,0.6540224600122609,0.5442586709766112,0.8599453826004569,0.5402756878262647,0.5840041082475459
AAGTTCGGCCAACAGG-1,0.717506230045939,False,1.4142135623730951,adjacent,0.9816455813780677,0.43061360976425345,0.7137323747422393,0.53261253227814,0.9647186851931702,0.5373838141769925,0.5678895868663466
AAGTTGTGATGTTATA-1,0.7427807103446629,False,1.4142135623730951,adjacent,0.7994621858106224,0.5016317102924693,0.716219417042858,0.7267365174905721,0.8595215257672689,0.4956436121793085,0.4415649556930279
AAGTTTACTAATGGCA-1,0.6674110874913416,False,2.0,adjacent,0.8773987999033978,0.5037650089480886,0.8448489661706515,0.5513310668970257,0.926822364387813,0.508985243394205,0.5260109394033486
AAGTTTATGGGCCCAA-1,0.49325642311765033,False,14.422205101855956,distal,0.49325642311765033,0.49325642311765033,0.6181658585520816,0.5265656059001652,0.5721465928657121,0.49325642311765033,0.49325642311765033
AATAACAACGCTCGGC-1,0.5358993957054483,False,1.4142135623730951,adjacent,0.8104228204127887,0.5135645593762965,0.7265019784874325,0.5635493878764234,0.8762147384847339,0.6228427056047855,0.6696761968455665
AATAACACTAGAACAA-1,0.6095890956282195,False,1.4142135623730951,adjacent,0.9850638131862007,0.5109172874596717,0.7268990692749261,0.5579817570454589,0.9011386935823089,0.5109172874596717,0.5265045660464487
AATAACGTCGCGCCCA-1,0.47985286741347594,False,8.246211251235321,distal,0.47985286741347594,0.47985286741347605,0.6097712199743632,0.5462222965316095,0.6654288287178404,0.47985286741347605,0.47985286741347594
AATAAGTCCTCGAGAC-1,0.5331764874483483,False,1.4142135623730951,adjacent,0.8886102286871389,0.45566516190157724,0.5885860781363206,0.5573482695201472,0.8489089719785168,0.45566516190157724,0.45566516190157724
AATAATCTTCGTATCG-1,0.537790304217323,False,12.649110640673518,distal,0.6439233498671718,0.5221039464477016,0.7230953575210388,0.5680673986141299,0.7968684459853864,0.46720169425402663,0.4672016942540266
AATACAATGTTTCAGG-1,0.6103096312927444,False,1.4142135623730951,adjacent,0.9864617585316465,0.45725352505155215,0.8501853090341638,0.5916531980902486,0.8752819601251918,0.5663954374036301,0.5274161829921736
AATACCGGAGGGCTGT-1,0.5486341669254224,False,4.0,mid,0.6469143026992884,0.5328540377863233,0.7261606197402887,0.5124208140593359,0.774377634438881,0.5328540377863233,0.47762358579947606
AATACCTGATGTGAAC-1,0.5943384208724452,False,5.0990195135927845,distal,0.7139785245871185,0.45396533467090233,0.7262999498411636,0.4903174868565273,0.87189697199025,0.45396533467090233,0.4539653346709023
AATAGAACAGAGTGGC-1,0.538789500083598,False,2.0,adjacent,0.8155223021048134,0.5169858874088935,0.7292119489494511,0.5988965056010701,0.8756060859388063,0.5169858874088935,0.5326191670448484
AATAGAATCTGTTTCA-1,0.46764755057682666,False,7.211102550927978,distal,0.8028386185884931,0.46764755057682655,0.7321587805829571,0.5336565791673633,0.7937562515216312,0.5260856911082625,0.5427823026886729
AATAGCAAGCCTCCTG-1,0.6596762764627669,False,1.4142135623730951,adjacent,0.5815266863586542,0.5361205545957259,0.8272655074402273,0.5677590146575268,0.7843096706823068,0.42189154544947893,0.42189154544947893
AATAGCTACCGCGTGC-1,0.7904355857039356,True,0.0,tumor,0.5842111129688458,0.5438704044288395,0.7955191439558602,0.5693863902357464,0.8065702209042085,0.49263098577594483,0.4560314010238771
AATAGGCACGACCCTT-1,0.5588132260093471,False,7.0710678118654755,distal,0.5729300191346672,0.4875717550019506,0.7399473332218692,0.48757175500195066,0.6733633113045109,0.4875717550019506,0.48757175500195066
AATAGTCCGTCCCGAC-1,0.5549080023248222,False,10.0,distal,0.7329320626428134,0.6498541678277507,0.7369308365379256,0.6178045291571459,0.7515084316710517,0.48369837819762584,0.48369837819762573
AATAGTCGCGAGTCGG-1,0.739432807063638,False,2.0,adjacent,0.812052982593026,0.5063472601509719,0.7242239313381262,0.5566980623827306,0.9369626624662307,0.5112547759262356,0.4519868472384774
AATATCAAGGTCGGAT-1,0.8286199950637335,True,0.0,tumor,0.9038436530494716,0.505344083424672,0.8428704787382266,0.5834085715878058,0.8706664672046276,0.6081387356257779,0.5152626173358493
AATATCCTAGCAAACT-1,0.6879841721005405,False,2.0,adjacent,0.8903100559178139,0.5247357372420072,0.7327648665217633,0.6046647717772947,0.8760754083838588,0.46639357966895173,0.4663935796689516
AATATCGAATCAATGC-1,0.5421971162649978,False,12.727922061357855,distal,0.7294720318044177,0.5873382996773734,0.6035222649501197,0.5722175778855263,0.9039370286609352,0.5265036814108875,0.4715766594215013
AATATCGAGGGTTCTC-1,0.5090922842970996,False,2.8284271247461903,mid,0.7994854074941018,0.4936651247468837,0.7172783258095079,0.5454290438239611,0.8962474737252762,0.43967006632112804,0.4396700663211281
AATATTGGAGTATTGA-1,0.8292808178278835,True,0.0,tumor,0.9701229820357056,0.5377058215212371,0.6847308142451095,0.6041185977818647,0.9631772542877005,0.5802355607572127,0.5575274082212721
AATCAGACTGCAGGAC-1,0.820658275013734,True,0.0,tumor,0.8054162254546805,0.5097159523676829,0.7137114752271081,0.5896635642497539,0.8225521167908905,0.5097159523676829,0.5253103080389487
AATCAGGTTTCATTTA-1,0.6221526898671189,False,2.0,adjacent,0.8121969570305968,0.47681547121440115,0.7375090564565568,0.5446395065856694,0.8263389622694087,0.47681547121440115,0.4768154712144011
AATCATGTAAAGACTC-1,0.5977977882341702,False,9.486832980505138,distal,0.8896923591372681,0.625585960479791,0.7278604469709636,0.6245685411209573,0.927790341930734,0.45739285515242717,0.4573928551524271
AATCCAAGGGCCTGAG-1,0.7524223533252122,True,0.0,tumor,0.9825651600438426,0.4936001040331419,0.7181491389399767,0.6064296197217113,0.92525600072745,0.43967006632112804,0.4396700663211281
AATCCATGCAAGGGTG-1,0.6736132674102914,False,1.4142135623730951,adjacent,0.8174775678537592,0.4559438221033272,0.7268085047093573,0.5277434096862286,0.8516002428743652,0.4559438221033272,0.4559438221033272
AATCCCGCTCAGAGCC-1,0.5570696093183971,False,17.4928556845359,distal,0.5689451782496424,0.4858161957309257,0.6143203477679318,0.5533132697988072,0.6988152541527703,0.4858161957309257,0.4858161957309256
AATCGAGGTCTCAAGG-1,0.4994148135763251,False,13.92838827718412,distal,0.49941481357632506,0.499414813576325,0.49941481357632506,0.5327481469096584,0.5257306030500091,0.499414813576325,0.4994148135763251
AATCGCCTCAGCGCCA-1,0.47843170038455096,False,11.40175425099138,distal,0.8100373404670345,0.5336993070649649,0.7330853257537757,0.5131509037879209,0.776062795343148,0.5336993070649649,0.5494900518307974
AATCGCGCAGAGGACT-1,0.678955581563841,False,4.47213595499958,mid,0.719695703059689,0.5716621152167047,0.5924037229002954,0.5947258912482118,0.8985662199303642,0.4571141949506771,0.4571141949506771
AATCGGGACACTACGA-1,0.6825144704261908,False,1.4142135623730951,adjacent,0.9032677552991881,0.4531572200858273,0.5896101543777518,0.5222389418343271,0.9320069107730035,0.5075609801408162,0.5231049115850989
AATCGGTATAGCCCTC-1,0.6082873544000446,False,4.47213595499958,mid,0.8989949655390217,0.517283124957427,0.7279022460012261,0.599604302513515,0.9363848092057598,0.517283124957427,0.5329217124067483
AATCGTGAGCCGAGCA-1,0.5405968105349481,False,4.47213595499958,mid,0.6349272696873433,0.5248750673428821,0.7346667223987071,0.5712162588939049,0.8731685424898142,0.4698489661706515,0.46984896617065164
AATCTAGGTTTACTTG-1,0.5325077029641484,False,1.4142135623730951,adjacent,0.8171617529584424,0.45513570751825216,0.7238059410355013,0.49143398539820543,0.9051191345694115,0.45513570751825216,0.4551357075182522
AATCTATGCCGGAGCC-1,0.577606866187371,False,1.4142135623730951,adjacent,0.7731984617956863,0.5342442425706094,0.7103954188262832,0.6033104831967899,0.8241683459610405,0.5414646380203979,0.5054020270539247
AATCTCTACTGTGGTT-1,0.4473332218692527,False,1.4142135623730951,adjacent,0.9030634044845716,0.44733322186925256,0.7217438555425514,0.5567575098924371,0.9614656939958993,0.44733322186925256,0.4473332218692527
AATCTGCGTTGGGACG-1,0.520604931489399,False,9.899494936611665,distal,0.7925932118374854,0.673475264262758,0.7249832803878951,0.5889873488268406,0.7604314246576146,0.4506214122499025,0.45062141224990254
AATCTGGCTTTCTAGT-1,0.8170555966911089,True,0.0,tumor,0.8164093704137175,0.4531572200858273,0.7217508220475952,0.5548570473165022,0.9303642822153194,0.561970932644733,0.5930605648044204
AATCTGGGTAGACCCT-1,0.5948041814953703,False,2.8284271247461903,mid,0.8884801872596556,0.5067095184132469,0.718999052555314,0.5488454178974158,0.9303232165013773,0.5555245933109165,0.5167952484454742
AATGACAGCAATGTCT-1,0.8000692669644349,True,0.0,tumor,0.9575321852533022,0.5246459467325543,0.6788998495234911,0.5526779245388174,0.9430594543539923,0.4796051694563649,0.4190770774118041
AATGACGTAGGATGTC-1,0.5136543498857493,False,7.0710678118654755,distal,0.606578238495978,0.4981670351173779,0.7173201248397704,0.5493804454847759,0.7751740159628295,0.4439614334280778,0.44396143342807776
AATGACTGTCAGCCGG-1,0.9699166407910764,True,0.0,tumor,0.8654767876051942,0.507957296872194,0.8156384105222092,0.6153727544632076,0.9329059565818075,0.46505601070055175,0.40375076631555473
AATGAGTTCGCATATG-1,0.8336438404152834,True,0.0,tumor,0.9734436827732263,0.5107129366450551,0.7144011592264393,0.5934143305653088,0.8695371600712197,0.4560831522042022,0.4560831522042022
AATGATGATACGCTAT-1,0.5375235865956481,False,1.4142135623730951,adjacent,0.5493042783629642,0.46683943599175165,0.7232068216017389,0.5679002024930799,0.7120325475115643,0.52181599757256,0.5375235865956481
AATGATGCGACTCCTG-1,0.5977380753337951,False,2.0,adjacent,0.7120882795519144,0.5045019103704943,0.7211656356239202,0.5518623790150291,0.7847232610870095,0.45017555592710257,0.45017555592710246
AATGCAACCGGGTACC-1,0.721041233748139,False,2.0,adjacent,0.8863484367162681,0.42894164855375355,0.7137045087220643,0.5670790837652567,0.9321755735266941,0.5355322719475871,0.4974641921640751
AATGCACCAAGCAATG-1,0.7371796402894882,False,4.0,mid,0.6952990023964777,0.5488460371423087,0.7191035501309703,0.6154452061156626,0.859437927706744,0.5548310390310056,0.5102626571444494
AATGGCCGCCAATGCG-1,0.7305037380275635,False,1.4142135623730951,adjacent,0.6724767318731538,0.5811117922804931,0.8155757119768156,0.5834550149547642,0.8717825746442681,0.4059800479295547,0.40598004792955467
AATGGTCCACCGTTCA-1,0.8901242824499807,True,0.0,tumor,0.7321378810678257,0.4080978654628546,0.8170038455107841,0.5550372475803006,0.780597623468469,0.5118399623499106,0.4747892134616762
AATGGTTCTCACAAGC-1,0.5886179250165205,False,2.0,adjacent,0.8745936205391146,0.440561778966728,0.7190338850805327,0.5424845343588028,0.8960084126048276,0.6082068525639835,0.5098327242617496
AATGTATGGCACTGTA-1,0.8870590202307306,True,0.0,tumor,0.788371509780973,0.5647296686420578,0.8371022125620019,0.5891935573761355,0.9223872672820658,0.49818251623969734,0.5136264838655743
AATGTGCCCGAGGTGT-1,0.6735455927898663,False,2.0,adjacent,0.8997287707369632,0.45781084545505213,0.7145404893273143,0.5625276338033401,0.9637580408134531,0.5123136846928856,0.4578108454550521
AATGTGCTAATCTGAG-1,0.6775582996950662,False,1.4142135623730951,adjacent,0.7075043192331271,0.5080254138103997,0.7119559159560831,0.5259321183748538,0.9529108258021747,0.5080254138103997,0.5235826147880988
AATGTTAAGACCCTGA-1,0.49938694755615,False,12.649110640673518,distal,0.49938694755615004,0.49938694755615004,0.49938694755615004,0.5327202808894834,0.49938694755615004,0.49938694755615004,0.49938694755615
AATGTTGTCGTGAGAC-1,0.6154807684652193,False,3.1622776601683795,mid,0.8162561073027551,0.46987683219082643,0.7338028757732821,0.5734566869159746,0.878568683873201,0.46987683219082643,0.46987683219082654
AATTAAAGGTCGGCGT-1,0.8139545067316343,True,0.0,tumor,0.780555091121886,0.5226303046065629,0.7065290085270022,0.6521763361756675,0.911145528090415,0.4779455931437206,0.4952508339901753
AATTAACGGATTTCCA-1,0.5331924108884484,False,7.0710678118654755,distal,0.5509158631964183,0.4626316669453268,0.7306679485035947,0.5614167084656968,0.7137338413748802,0.4626316669453268,0.4626316669453269
AATTACGAGACCCATC-1,0.621288843241694,False,1.4142135623730951,adjacent,0.6494222445150384,0.4757286964275762,0.7307794125842947,0.5419049211391628,0.797666294141976,0.4757286964275762,0.4757286964275762
AATTACTCGTACGCTC-1,0.8313946545011586,True,0.0,tumor,0.9804334095004551,0.45084434041130245,0.5876455999554143,0.5234316074978173,0.8165594558206251,0.505121155263272,0.4508443404113024
AATTAGCGCTGCAGCG-1,0.49409240372290025,False,2.0,adjacent,0.49409240372290025,0.49409240372290036,0.6190297051775066,0.5274090174441288,0.5736220253023464,0.49409240372290036,0.49409240372290025
AATTATACCCAGCAAG-1,0.536420888368723,False,12.649110640673518,distal,0.8713425848520315,0.5154842185439076,0.7297414033327759,0.5673020119266566,0.8214873414936774,0.460736777573427,0.4607367775734269
AATTCATAAGGGATCT-1,0.7131073797183144,False,3.1622776601683795,mid,0.8034052276653849,0.5339531974710039,0.7129033606420331,0.593343736647532,0.8835229689337872,0.4806393084273038,0.42732541938360363
AATTCATTGTCATGCA-1,0.47263556818815144,False,1.4142135623730951,adjacent,0.729968975830872,0.4726355681881514,0.6041353173939699,0.5737093388322279,0.773764581995031,0.5827496950218902,0.5434232211526979
AATTCCAACTTGGTGA-1,0.8290738131065835,True,0.0,tumor,0.713769529435806,0.46109903583570194,0.7282087722231511,0.4970016162291703,0.8205648295626208,0.46109903583570194,0.46109903583570194
AATTCCAAGCATGTAC-1,0.4749763138828512,False,16.55294535724685,distal,0.5577662598227721,0.47497631388285133,0.7364013821546006,0.5080922922588196,0.7694600151943142,0.5301696111761318,0.5459391246884977
AATTCGATTCGAGGAT-1,0.5501986449152474,False,9.486832980505138,distal,0.47907261884857605,0.5343928613448761,0.863756060859388,0.5454569098441361,0.5588574345075195,0.47907261884857605,0.479072618848576
AATTCTAGAGTTAGGC-1,0.47558936632670124,False,2.8284271247461903,mid,0.558356090583143,0.4755893663267013,0.7307585130691635,0.5449571792156644,0.7989261315804139,0.5307671824976623,0.5465322728322227
AATTGAACGCTCTGGT-1,0.5402265905526229,False,8.48528137423857,distal,0.6394787196492596,0.579557487599621,0.7345134592877445,0.6015827899459399,0.7924700146956591,0.579557487599621,0.6110222052372194
AATTGCAGCAATCGAC-1,0.9736029171742263,True,0.0,tumor,0.8060339222352263,0.4519404038715191,0.8099607089115533,0.5575656244775121,0.7472361307884324,0.6771597713747856,0.6778807493570911
AATTGCGTGGATTACA-1,0.680508116973591,False,1.4142135623730951,adjacent,0.9716045254416765,0.4568912667892772,0.7265368110126512,0.49300748667075384,0.9018470771478102,0.5660951036306329,0.5270937333301486
AATTGTGGTTGCCAAA-1,0.5355928694835234,False,6.324555320336759,distal,0.6364413234501849,0.5199056270783405,0.7321518140779134,0.5355941964368648,0.8234804952525102,0.5748109754964795,0.5355928694835234
AATTTGGGACATAGTA-1,0.5097053367409495,False,3.1622776601683795,mid,0.7117910420033811,0.4821162074965787,0.7127361645209831,0.5364487543888982,0.8900333512262515,0.4821162074965787,0.4286072563116536
AATTTGGTTCCAAAGA-1,0.583156185062221,False,2.0,adjacent,0.9673874677218599,0.43716212450537817,0.8523100930725074,0.5796113619052927,0.9261359803119236,0.5584164669601888,0.5141638999689494
ACAAACCATGCGTCCT-1,0.60056846681157,False,1.4142135623730951,adjacent,0.8947732634825094,0.5680766872875216,0.7262999498411638,0.5944658083932453,0.8996148622685286,0.5088582981911857,0.4543554589533523
ACAAACCGACAAGGCG-1,0.678657017061966,False,1.4142135623730951,adjacent,0.7972932805736684,0.5072544539188912,0.7235551468539263,0.6227405301974771,0.9510716684706247,0.4528228278437274,0.4528228278437273
ACAAACTCCATCAGAG-1,0.49122220364487557,False,9.055385138137417,distal,0.4912222036448755,0.49122220364487545,0.7431588920470378,0.49122220364487557,0.5700903739033255,0.49122220364487545,0.49122220364487557
ACAAAGAAGGTAGGCC-1,0.6168143565735942,False,1.4142135623730951,adjacent,0.7289286444110052,0.4715487934013265,0.7339352393691132,0.6053521336082782,0.8278994593992085,0.5265594134512376,0.5422767334654979
ACAAAGCATGACCTAG-1,0.541325307919523,False,2.8284271247461903,mid,0.6428505080904346,0.5202895589118629,0.7318383213509447,0.601807575842018,0.8749842336991116,0.575188714881074,0.6065596611491947
ACAAATCGCACCGAAT-1,0.6136495728537193,False,4.0,mid,0.8038232179680098,0.4678704787382266,0.7241333667725576,0.5363001356146314,0.7711173100784062,0.4678704787382266,0.4678704787382265
ACAAATGGTAGTGTTT-1,0.5171694492878242,False,9.899494936611665,distal,0.8724340039755522,0.5070377182064191,0.7193264782923703,0.5167567667985656,0.872265096783088,0.5016502876392526,0.5171694492878242
ACAAATTCAGATCTGA-1,0.7121678967524144,False,1.4142135623730951,adjacent,0.7127802857195936,0.4922996897583087,0.8314872094967396,0.4980716714038901,0.8608972271843293,0.3898456222482305,0.3898456222482305
ACAACAGCATGAGCTA-1,0.6062252689070947,False,2.0,adjacent,0.7121440115922645,0.5199211082006601,0.7320751825224322,0.5331104051719333,0.8455269171088563,0.5199211082006601,0.4650002786602018
ACAACGGTCCCTGCGA-1,0.7876091750861856,True,0.0,tumor,0.8810028051793642,0.47486484980215127,0.7095733712311207,0.5878875698972673,0.9101672841190084,0.5280610823162236,0.5584589294671221
ACAAGCAGTGCCTAGC-1,0.8271152299742838,True,0.0,tumor,0.9706988797859889,0.4076520091400546,0.6690840439168478,0.6172137695294357,0.8797053241698126,0.5113941060271106,0.4743433571388763
ACAAGCTATATGGAAG-1,0.8062555234432845,True,0.0,tumor,0.8821453120065392,0.43100373404670345,0.7084726634342083,0.5371101079343847,0.8906742696902764,0.491262454562906,0.43100373404670345
ACAAGGAAATCCGCCC-1,0.5433316613721227,False,2.8284271247461903,mid,0.7305216518976759,0.5776161548607628,0.7318592208660759,0.6371175388730983,0.827227741649727,0.5226179197087072,0.5383317011807229
ACAAGGACAAGAGGTT-1,0.6735535545099163,False,2.0,adjacent,0.8883547901688681,0.44702669564732767,0.7192080477066265,0.5892288543350239,0.8417415382629789,0.5554626688216389,0.44702669564732755
ACAAGGATGCTTTAGG-1,0.5235905765081489,False,2.8284271247461903,mid,0.79730256924706,0.6171673261624774,0.7261884857604637,0.6569748648498022,0.8456325146589933,0.5079944515657606,0.5235905765081489
ACAAGGCCTACCAGCC-1,0.6076344933559447,False,1.4142135623730951,adjacent,0.6324936372587268,0.460876107674302,0.5945494064537703,0.5648200783964035,0.9304229475209508,0.460876107674302,0.4608761076743021
ACAAGGGCAGGCTCTG-1,0.6018662271797199,False,7.0710678118654755,distal,0.7898902078805105,0.5156885693585243,0.7290168868082261,0.49375243827676546,0.7896951457392855,0.5705288970629215,0.5313572344169234
ACAAGTAATTGTAAGG-1,0.4899125006966506,False,8.246211251235321,distal,0.5731622359694589,0.545412324211856,0.614787103605863,0.5565122889148972,0.675035272515011,0.4899125006966505,0.4899125006966506
ACAATAGTCGTACGTT-1,0.7450537814189377,False,2.8284271247461903,mid,0.7966802281298184,0.5056877643401636,0.72512261048877,0.5530996303107989,0.8158642719488908,0.45129019673410237,0.4512901967341025
ACAATCCATTTAAACC-1,0.6060341876258948,False,1.4142135623730951,adjacent,0.903690389938509,0.4522376414200524,0.585736777573427,0.5540210667112523,0.9049607382442062,0.5066444976995053,0.522189313779349
ACAATCGATCTTTATA-1,0.539864332290348,False,1.4142135623730951,adjacent,0.8153225956268927,0.5241629357161877,0.7322493451485259,0.5375188095636181,0.8249060621793575,0.46920804770662655,0.4692080477066266
ACAATGAATACGGAGA-1,0.8151009944188343,True,0.0,tumor,0.8002703003956975,0.5037309504789859,0.7226634342083265,0.5542662876887923,0.9032051789731812,0.44953463746307754,0.44953463746307765
ACAATGATTCTTCTAC-1,0.8932890661698555,True,0.0,tumor,0.6885507811774322,0.4264337067380037,0.5693376247004402,0.5286146872503669,0.9047304769196021,0.4264337067380037,0.4264337067380036
ACAATTGTGTCTCTTT-1,0.5331764874483482,False,12.649110640673518,distal,0.6294887514165226,0.6254094756853493,0.7284386668895948,0.6270634787939586,0.9476426813564591,0.5119545226550745,0.5275356087929236
ACAATTTAGGAGGCTC-1,0.7960525791992101,True,0.0,tumor,0.9715952367682849,0.4276876776458786,0.7063339463857772,0.5392780843039997,0.9039076960081193,0.5945803686984091,0.5646213007858217
ACAATTTGAGCAGTGG-1,0.5701586770805965,False,3.1622776601683795,mid,0.7933734604023853,0.5931746827918036,0.7146310538928831,0.5706087796540898,0.9437707711847753,0.48576665613950354,0.4320626428133534
ACAATTTGGCCATATT-1,0.5790837652566461,False,5.830951894845301,distal,0.7077829794348771,0.6174676599354747,0.7002800535027588,0.6521986289918072,0.870461138634917,0.5482825242898809,0.5097809730814246
ACACAAAGACGGGTGG-1,0.7340705886099633,False,2.8284271247461903,mid,0.8123084211112969,0.5565989831998861,0.845197291422839,0.5563060803656021,0.9524723026425788,0.44800200635345255,0.4480020063534526
ACACAAATATTCCTAG-1,0.7378802716538883,False,1.4142135623730951,adjacent,0.6165774954021067,0.5574287713562083,0.7166931393858329,0.5818796559475375,0.8024783158364058,0.503337729972072,0.44351557710527784
ACACACCAGGACCAGT-1,0.47492058184250124,False,12.806248474865697,distal,0.6406583811700013,0.5854124480608346,0.7235272808337513,0.5412157015735012,0.7216844569205993,0.5301665149516679,0.47492058184250124
ACACACTTTCTACACG-1,0.7413157538554629,False,1.4142135623730951,adjacent,0.8744217800813688,0.4224767318731539,0.7107019450482082,0.5622341117241636,0.9305945435399233,0.4755738852043818,0.4907445004418754
ACACATGATCAAATCT-1,0.7572750216956873,True,0.0,tumor,0.8848994036671683,0.5071027389201608,0.5854232848464582,0.5525330212339075,0.9258177210288722,0.5559394873890778,0.5172610090683991
ACACATTGACGCAACA-1,0.6889435593665655,False,1.4142135623730951,adjacent,0.8136738560998719,0.46605918742685165,0.5994050604692638,0.5345724423637815,0.8218539996538747,0.521063615027835,0.5367791657709732
ACACATTTCCGTAGAC-1,0.4842835646213008,False,20.248456731316587,distal,0.6504672202716009,0.4842835646213008,0.6089213063590259,0.551784354158539,0.750971644124523,0.5396781165047341,0.5555051313285723
ACACCACATAATTAGC-1,0.5262577527248987,False,5.0990195135927845,distal,0.7098125545709562,0.510657204604705,0.7268712032547512,0.5270690519979936,0.897898902078805,0.510657204604705,0.5262577527248987
ACACCCAGCATGCAGC-1,0.8055787772390347,True,0.0,tumor,0.8904168756618179,0.4097698266733545,0.817895558156384,0.5947667614111352,0.9202107844431344,0.5147070662034715,0.47722948065700116
ACACCCGAGAAATCCG-1,0.8219679779619586,True,0.0,tumor,0.8878485574690221,0.4352115030931282,0.7119280499359082,0.5774768247598877,0.9016828142920418,0.5428114956621894,0.5043829268875248
ACACCCGTAAATCTGT-1,0.660197769126042,False,1.4142135623730951,adjacent,0.6042189154544947,0.41559382488992924,0.7056372958814022,0.5230507718887589,0.8438036237559289,0.46853926322242656,0.4155938248899292
ACACCGAGCGCTCTTT-1,0.9068996265953297,True,0.0,tumor,0.8910113507588847,0.49739607522586954,0.719110516636014,0.6132995225621876,0.901256024193572,0.49739607522586954,0.5128064267004243
ACACCGGTCTGACCGC-1,0.7460410347051377,False,1.4142135623730951,adjacent,0.8127682104441845,0.5606859994922192,0.7109109401995207,0.5536996786119006,0.929650032119255,0.45195898121830236,0.4519589812183024
ACACCTTAAGTAGGGC-1,0.720479932484614,False,1.4142135623730951,adjacent,0.9653671812591726,0.484552936149659,0.710876107674302,0.530556019989225,0.9242616237969946,0.5927505000402509,0.5726546763162714
ACACCTTACTACTTGC-1,0.5267872071082237,False,7.0710678118654755,distal,0.7188782998012225,0.5164935877191352,0.7267179401437887,0.5641308588307418,0.7900970030828618,0.5112052363348133,0.5267872071082237
ACACGAGACTCCTTCT-1,0.5279336947954236,False,1.4142135623730951,adjacent,0.6331670660796226,0.5058766340324607,0.725261940589645,0.5890579427446171,0.8954730916909395,0.4513180627542774,0.45131806275427744
ACACGGCACTATGCAT-1,0.6030166957269448,False,2.0,adjacent,0.8955163573538427,0.5075052481004663,0.5853536197960207,0.5172304891415407,0.9344371210587914,0.44786267625257753,0.44786267625257764
ACACGGGAACTTAGGG-1,0.5261263843440738,False,2.0,adjacent,0.6280722287242936,0.45591595608315216,0.7276166192944324,0.4886808226049156,0.8152820187904973,0.45591595608315216,0.4559159560831522
ACACGTAGGCCACAAG-1,0.5395379017682981,False,7.615773105863909,distal,0.7267690278474429,0.5787958163815045,0.7246906871760574,0.5721729922532464,0.8216501377168048,0.46887365546452653,0.46887365546452653
ACACTCCAATGTCACT-1,0.9096941903328796,True,0.0,tumor,0.8106875476044512,0.4440728975087778,0.7172922588195954,0.5502034219472774,0.9261359803119236,0.5523664443577502,0.4440728975087778
ACACTGATCAAGGTGT-1,0.6078574215173447,False,2.8284271247461903,mid,0.7276932508499137,0.5166514951667937,0.7282157387281948,0.5634119155102268,0.9532012190650508,0.5166514951667937,0.4618792844006019
ACACTGGGACAGTCGT-1,0.5300395697486485,False,8.246211251235321,distal,0.8080170540043472,0.514416021103866,0.7175500195062141,0.5972226866558918,0.9041159578431114,0.514416021103866,0.5300395697486485
ACAGAACTGAGAACAA-1,0.681364001878966,False,1.4142135623730951,adjacent,0.8892557914878597,0.5158000334392242,0.7273100930725074,0.5283063032937636,0.8751279636979088,0.5158000334392242,0.5326788799452233
ACAGATTAGGTTAGTG-1,0.6055843504430697,False,1.4142135623730951,adjacent,0.8174311244868008,0.4580895056568022,0.7273518921027698,0.5627840011889502,0.9041907561077915,0.5127285787710466,0.5283397425179736
ACAGCATAGAGCCAGT-1,0.7492058184250124,False,2.0,adjacent,0.8099351650597262,0.4575600512734771,0.7127500975310705,0.595199613591187,0.9577037812722746,0.5121155263271966,0.45756005127347704
ACAGCGACATTCTCAT-1,0.47734492559772607,False,4.47213595499958,mid,0.8163954374036299,0.5901372865927289,0.7370840996488881,0.6477289193557376,0.8264841589008468,0.5325506077888622,0.47734492559772607
ACAGCGCACCCGCAGC-1,0.8076647478921347,True,0.0,tumor,0.8932359880361886,0.4627462272504908,0.7035264448531461,0.627717401400732,0.898400490441955,0.5234817663341322,0.5557718489502472
ACAGGCACGGATCCTT-1,0.5400872604517479,False,5.0990195135927845,distal,0.7339909714094633,0.524354901632949,0.7330295937134258,0.5376599973991715,0.8273978710360586,0.5794181574987461,0.5400872604517479
ACAGGCTTGCCCGACT-1,0.6081520051591945,False,4.242640687119285,mid,0.6339148042876516,0.4622972747032269,0.7309466087053447,0.5993479351279051,0.9010741617461142,0.5170447156737075,0.5326868416652734
ACAGGTGGAGGTGAGG-1,0.8269559955732836,True,0.0,tumor,0.8894554979657805,0.6092998197997362,0.840076910215683,0.6807798770179645,0.9524825690710642,0.49551976320075297,0.5109354224886744
ACAGGTGTGTTGTTGC-1,0.8606499948248821,True,0.0,tumor,0.8610368017239778,0.41472997826450425,0.7066892381430084,0.5534154452061156,0.8603267070870623,0.5832017437936181,0.6313365339447935
ACAGTAATACAACTTG-1,0.7509812819961624,False,1.4142135623730951,adjacent,0.9659802337030224,0.4896028782502617,0.6975143510003902,0.5701313418417583,0.9197487951612856,0.6572138933784143,0.5740240921648713
ACAGTATACCGTGGGA-1,0.737215468029713,False,2.0,adjacent,0.6036755280610823,0.540123972827534,0.573266733545115,0.575476044511323,0.761829125564287,0.540123972827534,0.5707199783441214
ACAGTGCAGCGCATTT-1,0.6953885717470402,False,1.4142135623730951,adjacent,0.9480856044139777,0.5532055211874639,0.814335674079028,0.5990042542124134,0.983349319629118,0.44985354858285803,0.39817756228055506
ACATAAGTCGTGGTGA-1,0.6809022221160659,False,1.4142135623730951,adjacent,0.6406212264764346,0.46335618346987684,0.5974196065317952,0.5671794014378866,0.8240055497379127,0.5181841262764185,0.5338492527925733
ACATAATAAGGCGGTG-1,0.8094521540433596,True,0.0,tumor,0.7974326106745434,0.43657693808170317,0.8345176391907708,0.5784447045272995,0.924906942158942,0.43657693808170317,0.4365769380817031
ACATACAATCAAGCGG-1,0.5189329702788991,False,8.602325267042627,distal,0.703222240799569,0.4489215850192276,0.7240010031767263,0.5183005443162607,0.8178354262181118,0.4489215850192276,0.4489215850192276
ACATCAGCTGGGACGC-1,0.899539016409105,True,0.0,tumor,0.8734464693752438,0.48563971093648406,0.8351655241598396,0.5982797376878632,0.8574579736416781,0.5926823831020454,0.6385578140301432
ACATCCCGGCCATACG-1,0.47558936632670124,False,8.94427190999916,distal,0.5627682104441843,0.5307919522933735,0.7375020899515131,0.5104609039736946,0.7202808894833641,0.4755893663267013,0.47558936632670124
ACATCCTGGTAACTGT-1,0.5461461294097977,False,16.1245154965971,distal,0.6447221757788553,0.47519924204425124,0.7364153151646882,0.5101562354864478,0.721484994881452,0.5303801544396762,0.47519924204425124
ACATCGATCGTTTACC-1,0.6051862644405697,False,2.8284271247461903,mid,0.8170456445410466,0.4590090843225771,0.7268921027698824,0.5278307232161104,0.9034354402977849,0.4590090843225771,0.459009084322577
ACATCGCAATATTCGG-1,0.618239504462544,False,5.0990195135927845,distal,0.6419123520778763,0.5314390632063263,0.6071239480577384,0.5441806461201212,0.7733201923048719,0.5314390632063263,0.47620241877055125
ACATCGGTCAGCCGCG-1,0.9081217506230047,True,0.0,tumor,0.8646315183265526,0.4548198926229356,0.8126567463634844,0.5507031525757492,0.9129230868510516,0.5199985138122574,0.4695703059689015
ACATCGTATGCAATGG-1,0.5467392775535226,False,7.211102550927978,distal,0.7241960653179512,0.4757565624477512,0.7376692860725631,0.5106708279923461,0.8238794193308048,0.5309653408633513,0.5467392775535226
ACATCGTTAACCTAGT-1,0.6641627057109417,False,1.4142135623730951,adjacent,0.9714141076371473,0.4359081535975032,0.7149445466198517,0.5095599026547029,0.9586248265706903,0.5497129799921975,0.5131965509828743
ACATCTCAACGCGTAA-1,0.8302322433738585,True,0.0,tumor,0.8935192925746346,0.5731235331636602,0.7284665329097698,0.5321053707109551,0.875997676853897,0.46357911163127674,0.4635791116312768
ACATGCTTACGGCAGC-1,0.6828409009482409,False,5.656854249492381,distal,0.8898920656151889,0.5212834469647711,0.7295881402218135,0.5678258931059467,0.8237547555563377,0.5212834469647711,0.4663378476286017
ACATGGCGCCAAAGTA-1,0.6053096711013446,False,14.0,distal,0.8065726652919429,0.46427576213565186,0.7310441397759572,0.4999238328781885,0.9323647691373561,0.46427576213565186,0.46427576213565175
ACATGGCTCAATTTAG-1,0.7522750615042876,True,0.0,tumor,0.7997687120325475,0.45714206097085214,0.7028228278437274,0.562096639357967,0.8699991493530684,0.45714206097085214,0.45714206097085214
ACATTAGTTTATATCC-1,0.47703839937580117,False,4.0,mid,0.6426461572758179,0.5322409853424734,0.6067547232904197,0.5447509706663695,0.7200212955059443,0.47703839937580117,0.47703839937580117
ACATTCGCGCGGAATA-1,0.6092945119863694,False,1.4142135623730951,adjacent,0.6390328633264596,0.46798194281892663,0.7332594883798695,0.5033810771145666,0.7435798156149445,0.5229368308284877,0.4679819428189265
ACATTTGAAACCTAAC-1,0.5308277800335984,False,4.47213595499958,mid,0.809772613275372,0.5151776923219826,0.7180516078693642,0.5621022125620019,0.8988683462543671,0.5699529993126382,0.6012531747358699
ACCAAACACCCAGCGA-1,0.659636467862517,False,1.4142135623730951,adjacent,0.773765070872578,0.5456785995157504,0.5715738728194839,0.5748611343327946,0.7694028165213234,0.43036281558267847,0.43036281558267847
ACCAAACTAGAAATCC-1,0.6734818990294663,False,2.0,adjacent,0.8888517341953223,0.45577662598227714,0.7262024187705513,0.5933493098515669,0.8230742380110115,0.45577662598227714,0.45577662598227725
ACCAACACCACACACT-1,0.7837557025819857,True,0.0,tumor,0.6922198071671403,0.5234260342937822,0.7023421389957086,0.5794738895390961,0.880107181513389,0.4595137689101909,0.4744667637996512
ACCAACCGCACTCCAC-1,0.6709381294734914,False,2.0,adjacent,0.7788366865444277,0.6161300909670747,0.7230187259655576,0.5883204220773188,0.8057342402989583,0.4469430975868026,0.4469430975868027
ACCAACGCTTATTTAT-1,0.6082913352600696,False,3.1622776601683795,mid,0.8143519292574634,0.4669230340522767,0.7236248119043638,0.5023258838172733,0.8767339264395732,0.521899595633085,0.5376071846561731
ACCAAGAACGCGTGTC-1,0.5772565505051712,False,3.1622776601683795,mid,0.8953352282227053,0.5267173208988959,0.7093295435545895,0.5912352077876236,0.9568575342385391,0.5797432610674542,0.5570178581380721
ACCAAGTCATCGGCAG-1,0.5319981528809484,False,1.4142135623730951,adjacent,0.8977456389678427,0.4615727581786769,0.7300966950900073,0.5655891805532335,0.9360621500247861,0.5163480651693324,0.5319981528809484
ACCAATATGCAAGTTA-1,0.818373261359384,True,0.0,tumor,0.8653003028107525,0.6081758903193446,0.719500640918464,0.6153393152389975,0.9773214594754734,0.5561500306526221,0.5099402074824245
ACCACAACTCAGAACA-1,0.7459494749245626,False,1.4142135623730951,adjacent,0.7797655538835944,0.4624706632732047,0.8171989076520091,0.6111612699474264,0.9130345509317517,0.5753280449819491,0.5554016289679222
ACCACAAGTTTCTATC-1,0.9007372552766298,True,0.0,tumor,0.8461842129707035,0.45252868651965783,0.8154503148860279,0.5837355328911925,0.9232511139074905,0.5041768068017859,0.5336900183915734
ACCACACGGTTGATGG-1,0.49556930279217515,False,13.416407864998739,distal,0.4955693027921752,0.49556930279217526,0.6205344702669564,0.5288933474521168,0.5481862154131357,0.49556930279217526,0.49556930279217515
ACCACCAATGTAACAA-1,0.599059720862095,False,11.045361017187261,distal,0.7199650745880474,0.5132177822363411,0.7258401605082763,0.5627115495364952,0.8765315311351444,0.45859109401995213,0.4585910940199521
ACCACCCTCTCTTCTA-1,0.6538443165261424,False,1.4142135623730951,adjacent,0.7631156068290327,0.4627740932706658,0.6993117093016775,0.5646305894592134,0.8085971072137793,0.5760370803841796,0.5450155651626977
ACCACGTGCAGCTATA-1,0.5399877389511231,False,3.1622776601683795,mid,0.7227238105853723,0.46920804770662655,0.7341790670456446,0.6056010700551747,0.7943282382515392,0.46920804770662655,0.4692080477066266
ACCACTGTTCAAGAAG-1,0.9033566611730798,True,0.0,tumor,0.7987516022961602,0.45658474056735215,0.8369489494510394,0.5286369800665068,0.8977287726924734,0.5111742740901745,0.5267712836681236
ACCAGACCATAACAAC-1,0.5906800105094705,False,1.4142135623730951,adjacent,0.8003399654461351,0.4421501421167029,0.7161218859722454,0.5117501718404578,0.871477515054984,0.5502393381510586,0.5811219655894461
ACCAGCCCGGTCTTTG-1,0.7601611452138118,True,0.0,tumor,0.9808467554663842,0.4623530067435769,0.7174315889204704,0.4981627004031283,0.8712589867915066,0.4623530067435769,0.46235300674357693
ACCAGGAGTGTGATCT-1,0.7485569382409377,False,1.4142135623730951,adjacent,0.9013310668970257,0.5167134196560714,0.7295951067268573,0.5305857437440785,0.9073161502653138,0.5714639568510159,0.5323564302831985
ACCAGTGCCCGGTCAA-1,0.5686738162912716,False,1.4142135623730951,adjacent,0.8643621467981943,0.5140042232501688,0.6992002452209775,0.5084656969291647,0.9096495627968096,0.40043470991472996,0.4004347099147299
ACCAGTGCGGGAGACG-1,0.5316757032189233,False,12.727922061357855,distal,0.7163471363019934,0.67937666809093,0.7144499247617455,0.6295472700588901,0.8174966340780894,0.45547009976035224,0.45547009976035213
ACCATATCCGCAATAA-1,0.8847740065763807,True,0.0,tumor,0.7943116164149436,0.49180739006855045,0.7176336175667392,0.6082464842371211,0.9739174051162014,0.43797023909045313,0.43797023909045313
ACCATCCGCCAACTAG-1,0.8935637455115801,True,0.0,tumor,0.8762934477697896,0.44864292481747753,0.7078805105054896,0.590105705103197,0.9541457304857196,0.6115291014137361,0.5184512862158741
ACCATCGTATATGGTA-1,0.8779746976536813,True,0.0,tumor,0.9708056995299931,0.5410838024113397,0.7160313214066767,0.6412547140017462,0.9580396401470153,0.48750673428820895,0.4339296661650783
ACCATTAAGGGTGTCA-1,0.7571954044951871,True,0.0,tumor,0.896264095561872,0.5111618891923189,0.7276235857994762,0.5910401456463988,0.9026097261210209,0.45655687454717714,0.45655687454717725
ACCCAACGCCCGTGGC-1,0.5131328572224744,False,7.615773105863909,distal,0.7864069553586357,0.5035049260931221,0.7210472050381764,0.5487395270207508,0.8460431717984144,0.49763758073405284,0.5131328572224744
ACCCACCTACATGCTC-1,0.6834858002722909,False,1.4142135623730951,adjacent,0.8997009047167883,0.5153789469121354,0.7071141949506772,0.4965576176410486,0.8713117855665748,0.5153789469121354,0.46059744747255194
ACCCATCTTGAGGGTA-1,0.6021210022213198,False,1.4142135623730951,adjacent,0.8170084898474799,0.4543833249735273,0.7245443905701388,0.5588753274257371,0.9289064493703747,0.4543833249735273,0.45438332497352724
ACCCATTTGTCCCTCT-1,0.47430752939865123,False,3.1622776601683795,mid,0.6443738505266677,0.47430752939865134,0.7281600066878448,0.6080811458507497,0.8008034213606244,0.47430752939865134,0.47430752939865123
ACCCGAGCGAAATTAC-1,0.8342648545791833,True,0.0,tumor,0.758680265284512,0.5386006303913009,0.6873850526667782,0.6680432480633115,0.8497874849303496,0.5314050047372234,0.49356693019960035
ACCCGATTGGTTCCGA-1,0.5581444415251471,False,2.8284271247461903,mid,0.5721404818963756,0.4869308365379256,0.7393691133032381,0.48693083653792546,0.7777186235945993,0.5423191959724312,0.5581444415251471
ACCCGGAAACTCCCAG-1,0.48141336454327593,False,6.0,distal,0.7338795073287634,0.48141336454327593,0.7399682327370005,0.515970945029631,0.6942994922517797,0.48141336454327593,0.48141336454327593
ACCCGGAGCACCACAA-1,0.7475736658147625,False,12.806248474865697,distal,0.6386659607274889,0.5157721674190491,0.7269548013152761,0.5643705066042467,0.7901454019600078,0.5157721674190491,0.5314010238771985
ACCCGGATGACGCATC-1,0.4743632614390013,False,13.038404810405298,distal,0.7319521075999926,0.5294141324069429,0.47436326143900126,0.5769770941314162,0.8829113831225782,0.4743632614390012,0.4743632614390013
ACCCGGTTACACTTCC-1,0.7466620488690378,False,1.4142135623730951,adjacent,0.9826673354511509,0.4423730702781029,0.7187552248787829,0.5477660740493043,0.93025428476726,0.4423730702781029,0.44237307027810285
ACCCGTAGCAGAGAAT-1,0.5436620727541979,False,1.4142135623730951,adjacent,0.7262302847907263,0.5227200951160156,0.7242935963885637,0.5686823087926582,0.8212981458830155,0.4677868806777016,0.46778688067770163
ACCCGTAGTCTAGTTG-1,0.5314726793576484,False,5.0990195135927845,distal,0.7210425607014805,0.5746252020286462,0.7293861115755448,0.6665682067287151,0.8215210740444155,0.5158278994593991,0.5314726793576484
ACCCGTGTCATCAGTA-1,0.5549000406047722,False,8.94427190999916,distal,0.4836983781976258,0.5944565197198536,0.6126344535473444,0.5513422133050958,0.776683180950202,0.48369837819762584,0.48369837819762573
ACCCTATAGGACTGAG-1,0.6021807151216949,False,1.4142135623730951,adjacent,0.888164372364339,0.45424399487265227,0.7206849467759014,0.5560032696130339,0.8207598917038458,0.45424399487265227,0.45424399487265227
ACCCTATGCCATATCG-1,0.679592519167841,False,1.4142135623730951,adjacent,0.7096500027866021,0.5102825614445745,0.7270035668505824,0.5601497334150737,0.8472311442374538,0.4556372958814022,0.4556372958814023
ACCCTCCCGTCAGGGC-1,0.7468372067101375,False,1.4142135623730951,adjacent,0.8926043582455554,0.5029568943630137,0.719779301120214,0.6458284567798028,0.924739746037892,0.5570076848291194,0.5200675153860239
ACCCTCCCTTGCTATT-1,0.5883591691148954,False,6.324555320336759,distal,0.7189061658213974,0.5029599905874776,0.7236387449144512,0.5505619647401958,0.8964396026012196,0.5573049223776527,0.44861505879730246
ACCCTGGTAACGCCCT-1,0.7848623816689357,True,0.0,tumor,0.6827360716342491,0.503337729972072,0.6957169926991027,0.5775306990655594,0.8329109431327859,0.4610464000198158,0.478563068765376
ACCCTTCATCTGCGAA-1,0.582547113478396,False,2.0,adjacent,0.7958814022181353,0.4845064927827008,0.7087513236359584,0.5624291738653885,0.897529310653326,0.4768928768259984,0.4920979928503755
ACCCTTGCCTGGGTCG-1,0.8953989219831052,True,0.0,tumor,0.5204583031451447,0.42704675918185364,0.6889455497965781,0.540188374296383,0.7661498253240524,0.4874881569414256,0.5047571277298747
ACCCTTTAGTTCTCCA-1,0.8109927468730344,True,0.0,tumor,0.7977066265395977,0.5216333203291906,0.7971562726411413,0.6505805420869792,0.9125006966505044,0.5216333203291906,0.4166527336565791
ACCGAAAGGGCCCTGC-1,0.8185086106002342,True,0.0,tumor,0.8717791525014397,0.4768030863165456,0.5669132809452154,0.5001021754073084,0.8906244041804897,0.5374519311151982,0.42367497074067895
ACCGAAGAGTCTGGTT-1,0.6763162713672662,False,1.4142135623730951,adjacent,0.8876163406342306,0.5063008167840136,0.6964972412640027,0.5892102769882405,0.9253498652164603,0.5606426523497248,0.521827055517074
ACCGACACATCTCCCA-1,0.46898511954522654,False,9.899494936611665,distal,0.5515892920173141,0.5240545678599515,0.7256172323468763,0.5020267885340615,0.6579020700053092,0.46898511954522654,0.46898511954522654
ACCGACTGAGTCCCAC-1,0.882954753544956,True,0.0,tumor,0.7225473257909304,0.5628007208010553,0.7241612327927326,0.5507997547790225,0.9245006849174434,0.4489773170595776,0.4489773170595775
ACCGAGTCTCCTTATT-1,0.5476071050389726,False,10.0,distal,0.6423303423805011,0.5318198988153845,0.6066153931895447,0.5428709431718962,0.7711261098742509,0.47656467703282623,0.4765646770328261
ACCGATAGGCATAACC-1,0.4675082204759517,False,8.602325267042627,distal,0.8071299856954429,0.577331302210085,0.7238059410355013,0.5688012038120716,0.7724226131287086,0.5224197613430184,0.5381087730193231
ACCGATATTTAATCAT-1,0.5367871274910231,False,14.142135623730951,distal,0.8840355570417433,0.521119347068185,0.5975171376024075,0.5341804603466532,0.8761443401179758,0.521119347068185,0.5367871274910231
ACCGATGGTAGCATCG-1,0.4639135038733767,False,13.038404810405298,distal,0.7997594233591557,0.5773932266993628,0.7208591094019952,0.6028516227312415,0.8490380356509062,0.5187631202511658,0.4639135038733767
ACCGCAATAACTGCCT-1,0.6813321549987659,False,2.0,adjacent,0.7167604822679224,0.5188002749447324,0.7309744747255197,0.5700830407401215,0.8225154509748708,0.4638856378532018,0.46388563785320175
ACCGCGGTGGAAGTCG-1,0.5555767868090223,False,12.649110640673518,distal,0.5702595255345632,0.5951376891019091,0.6131290754054506,0.5518456594029241,0.6712924260157165,0.5397524258918674,0.5555767868090223
ACCGCTAGTCATTGGT-1,0.5594501636133471,False,4.47213595499958,mid,0.6523342436233258,0.4861227219528506,0.6141531516468818,0.5202641698712588,0.67373290272999,0.5969304030665006,0.6285897405275437
ACCGGGCCTTTGTTGA-1,0.541994092403723,False,16.97056274847714,distal,0.6409788404020139,0.4711865351390514,0.6028952794961824,0.5391034572442364,0.7448939184610917,0.4711865351390514,0.4711865351390515
ACCGGTCAGGTACACC-1,0.7554040174839374,True,0.0,tumor,0.9042059113117465,0.5067993089226996,0.8330616396366272,0.5248379126493155,0.9298406943625572,0.4524605695814523,0.4524605695814524
ACCGGTCTGAGTACGG-1,0.6655201789794667,False,1.4142135623730951,adjacent,0.7080755726467146,0.5560726250410251,0.7194867079083765,0.5485518958182393,0.9588990868745179,0.550254819273378,0.5116758624533244
ACCGTCCACTGGGCCC-1,0.8150333197984091,True,0.0,tumor,0.8744264244180645,0.44939530736220257,0.8458730424120827,0.5835962027903174,0.9014188204166999,0.5036814108875637,0.519191726180524
ACCGTGACCACGTGGG-1,0.8335045103144084,True,0.0,tumor,0.6418194653439595,0.4648052165189768,0.731357632502926,0.5358858607813634,0.8490248359571391,0.4648052165189768,0.4648052165189767
ACCGTTCCCGCTCTGA-1,0.6809380498562909,False,2.8284271247461903,mid,0.896649575507626,0.45781084545505213,0.8457964108566015,0.5620353341135819,0.9341584608570415,0.45781084545505213,0.4578108454550521
ACCTAAGTACCTTTCA-1,0.9561468459646021,True,0.0,tumor,0.8710964350071523,0.45112919306198024,0.6948461795686339,0.6149882033847927,0.9463241786123895,0.45112919306198024,0.399626595329655
ACCTAATCGACTTCCT-1,0.660249520306367,False,1.4142135623730951,adjacent,0.9784084787010717,0.45070501031042753,0.7093643760798083,0.5198870497315573,0.9333283467823545,0.5050313647538193,0.4507050103104274
ACCTACAGTATGTGGT-1,0.5387178446031481,False,5.0990195135927845,distal,0.6418241096806555,0.7451745341730294,0.7207337123112078,0.6324249010756284,0.822408386792093,0.4633004514295268,0.46330045142952686
ACCTACTATAAATCTA-1,0.6082992969801195,False,17.029386365926403,distal,0.6433753181370635,0.4668115699715767,0.7316571922198071,0.5353619796020731,0.8130894029925172,0.4668115699715767,0.4668115699715766
ACCTCAGCGAGGCGCA-1,0.6870367274145907,False,8.246211251235321,distal,0.6360186888108641,0.4656690631444017,0.7310371732709136,0.5341953222240801,0.8231211702555167,0.4656690631444017,0.46566906314440176
ACCTCCGCCCTCGCTG-1,0.5373882373547981,False,9.486832980505138,distal,0.7963737019078936,0.6315647699195601,0.7218413866131639,0.6030949859741033,0.9031303807085008,0.5216921485940045,0.5373882373547981
ACCTCCGTTATTCACC-1,0.6087451533029196,False,7.0710678118654755,distal,0.6385080532798305,0.4677032826171767,0.7240567352170763,0.5379925319065931,0.8263184294124376,0.5225528989949655,0.4677032826171766
ACCTCGAACTTATGCT-1,0.6864276558307657,False,1.4142135623730951,adjacent,0.8880203979267681,0.4631611213286518,0.7270941314161512,0.6303981125415669,0.7699572036595418,0.4631611213286518,0.4631611213286519
ACCTGCGTGTCATGTT-1,0.8906179090930804,True,0.0,tumor,0.7905682810381022,0.4158446190715042,0.6778618402719724,0.5293354883055602,0.8829304493469085,0.529024008124493,0.48339583283572585
ACCTTTCCTTTAGAAG-1,0.6186893416453693,False,1.4142135623730951,adjacent,0.6442809637927512,0.5218779220618379,0.7310929053112634,0.5353619796020733,0.878059762346847,0.46695090007245166,0.46695090007245177
ACGAAATGGGCGGCAC-1,0.819225165404734,True,0.0,tumor,0.8333983540470751,0.4095468985119545,0.8297316502257148,0.5880566237529957,0.9690628510751885,0.526547028553382,0.47667216025350106
ACGACCCATGAGTTGC-1,0.6737645400912412,False,14.422205101855956,distal,0.7915946794478811,0.5104992971570467,0.7244747255197013,0.5573073993572238,0.87033647486045,0.4559995541436772,0.4559995541436771
ACGACTCTAGGGCCGA-1,0.4643036281558267,False,7.615773105863909,distal,0.7245443905701388,0.46430362815582676,0.7318104553307696,0.4999368370209368,0.7952111511012945,0.519171821880399,0.5348484486588482
ACGACTGGTCATACTC-1,0.8286996122642335,True,0.0,tumor,0.7191290939827973,0.5136048102943271,0.7262929833361199,0.5629753478608186,0.8454711850685065,0.5136048102943271,0.4590648163629271
ACGAGAACCCATCACG-1,0.8203835956720091,True,0.0,tumor,0.9001328280295008,0.4892932558038728,0.7151605082762079,0.5776588827583645,0.8982582270757985,0.5495705536668587,0.5046576062292497
ACGAGATATTTGCTTA-1,0.9018319917835049,True,0.0,tumor,0.8793772873358227,0.6210035482732356,0.8217132029203589,0.6567407902803322,0.9853058075719311,0.5163201991491575,0.478933288747701
ACGAGGATACCACTCT-1,0.6673394320108917,False,1.4142135623730951,adjacent,0.9911200282375673,0.4934143305653087,0.718971186535139,0.5738115142395362,0.9283403291710299,0.43955860224042803,0.43955860224042803
ACGAGGTTTACAACGT-1,0.8272943686754085,True,0.0,tumor,0.6940450314886029,0.4433762470044028,0.8399584796299392,0.5489475933047242,0.747879982517739,0.4972041093091084,0.44337624700440287
ACGAGTACGGATGCCC-1,0.5905366995485705,False,3.1622776601683795,mid,0.7885340615653273,0.5559332949401499,0.7157247951847517,0.6123353582641327,0.8688053103834659,0.49606469870639736,0.44203867803600294
ACGAGTCGCCGGCGTT-1,0.6146885773202442,False,1.4142135623730951,adjacent,0.7163192702818183,0.5179364283193075,0.8327342138995709,0.5318099908971001,0.7673993963340051,0.5179364283193075,0.46318898734882685
ACGATACATAGAACTA-1,0.5262696953049738,False,5.0990195135927845,distal,0.8830927566924891,0.4483642646157276,0.7222454439057014,0.585957383566479,0.8983520915648089,0.5026534643655526,0.5181646642940742
ACGATACCTATCCTGA-1,0.8080309870144348,True,0.0,tumor,0.8986745063070093,0.597094502963087,0.7162333500529454,0.6346801909751248,0.9006107058316248,0.5434121632081841,0.5050676348118247
ACGATCATACATAGAG-1,0.7331669333842884,False,2.0,adjacent,0.8956045997510635,0.4475282840104776,0.7215278938861951,0.5860669899125007,0.9350839060533795,0.4475282840104776,0.44752828401047756
ACGATCATCTTGTAAA-1,0.6583387074943671,False,11.045361017187261,distal,0.7825335785543109,0.6181116746239635,0.7238895390960263,0.6196158204685207,0.8685369166102014,0.5095394675732412,0.5268509008686236
ACGATGCATATGTTAT-1,0.8199457010692589,True,0.0,tumor,0.952191198053094,0.40065763807613,0.6945187538315778,0.5469858254844042,0.9160000821314278,0.5045359688395971,0.4674365649955016
ACGATGGATCCGATGC-1,0.60013057220882,False,1.4142135623730951,adjacent,0.8895994724033512,0.49864694990928066,0.7174524884356016,0.5830444555908525,0.9301002883399773,0.49864694990928066,0.5141280722287244
ACGCAAACTAATAGAT-1,0.48890932397035053,False,7.0710678118654755,distal,0.5720986828661131,0.4889093239703505,0.7441202697430753,0.48890932397035053,0.6739484977281861,0.4889093239703505,0.48890932397035053
ACGCAATCACTACAGC-1,0.777525656642861,True,0.0,tumor,0.5731575916327629,0.46794788434982376,0.6789625480688848,0.5244830853257537,0.7910620473605012,0.5205527379912934,0.4829778425331008
ACGCATAAATGACATG-1,0.780913368524136,True,0.0,tumor,0.7746521391814821,0.5133230538681132,0.69979936465474,0.547591446989541,0.9341511276938375,0.56589384904048,0.5433635082523228
ACGCATACGTTTACTA-1,0.4727748982890264,False,7.0710678118654755,distal,0.8177422950454217,0.4727748982890263,0.7280555091121886,0.574049304278363,0.8814476837470704,0.4727748982890263,0.4727748982890264
ACGCATTCGTGAGTAC-1,0.8006663959681849,True,0.0,tumor,0.9670159207861934,0.4556001411878356,0.8330686061416708,0.5638001820579984,0.9230707180926735,0.44585632279997767,0.39455497965780534
ACGCCACTCGAAACAG-1,0.4856211335897007,False,18.439088914585774,distal,0.7349802151256757,0.48562113358970077,0.6138117928997381,0.5188690111278309,0.751800291566569,0.48562113358970077,0.4856211335897007
ACGCCAGATGATTTCT-1,0.8240459868950086,True,0.0,tumor,0.9560552861840272,0.43465418268962824,0.6953199019116091,0.5688717977298482,0.9838743741145205,0.43465418268962824,0.4346541826896283
ACGCCAGTGCGTTTGC-1,0.6029928105667948,False,3.1622776601683795,mid,0.8055230451986847,0.6358096936595515,0.7196051384941202,0.5994222445150383,0.8567114576275165,0.46204648052165187,0.4620464805216518
ACGCCCAGCTGTCGAT-1,0.6015636818178199,False,1.4142135623730951,adjacent,0.8981961396273385,0.460848241654127,0.7176684500919579,0.49661520741607695,0.89870701666388,0.5743341569290408,0.4608482416541269
ACGCCGCTAGACGACC-1,0.6103255547328444,False,10.0,distal,0.5530615467498932,0.46413643203477684,0.7316084266845009,0.49970647792082334,0.8209520205797893,0.5190789351464824,0.4641364320347768
ACGCGAAGTCAGACGA-1,0.4785988965056011,False,4.0,mid,0.5653876163406343,0.5338138673701289,0.7330156607033383,0.5478143751509409,0.7973201688387496,0.5338138673701289,0.5495895733314226
ACGCGCTACACAGGGT-1,0.8263310005493587,True,0.0,tumor,0.9517314087202066,0.5274418374234459,0.7022794404503149,0.5575377584573372,0.8637351613442569,0.5716899812368798,0.5492193533490975
ACGCGGGCCAAGGACA-1,0.8337075341756834,True,0.0,tumor,0.8749930334949562,0.4420944100763529,0.7203435880287578,0.5115569674339112,0.9135596054171544,0.4420944100763529,0.4420944100763529
ACGCGTTTCTTAAGAG-1,0.5752302927524464,False,1.4142135623730951,adjacent,0.8779607646435936,0.43713425848520315,0.8391224990246893,0.5106113804826395,0.948367197881009,0.4908382718113533,0.43713425848520326
ACGCTACTGAATGGGC-1,0.4722175778855263,False,9.899494936611665,distal,0.5598608556725928,0.5823626669639043,0.7266552415983949,0.6395474558323581,0.7994482528005351,0.4722175778855264,0.4722175778855263
ACGCTAGTATCAGTGC-1,0.7881227060294106,True,0.0,tumor,0.6610470192647085,0.5200480534036795,0.7002521874825838,0.5524215571532074,0.8853327936125216,0.4677528222085988,0.40639803823217957
ACGCTAGTGATACACT-1,0.5207761084704741,False,3.1622776601683795,mid,0.7959789332887478,0.5520413407890419,0.721200468149139,0.5458154526370543,0.8336075936371611,0.49795958807829727,0.5134115174242244
ACGCTGTGAGGCGTAG-1,0.7327529239416884,False,1.4142135623730951,adjacent,0.8083282245629678,0.5456042901286172,0.7181700384551079,0.5760426535882146,0.9291997758985325,0.5456042901286172,0.5763807612996711
ACGCTTAGTGTCTCTC-1,0.8167132427289591,True,0.0,tumor,0.9695470842854225,0.5074216500399413,0.7219040851585576,0.5611287595905553,0.9536250758982391,0.5617975440747552,0.5229576197641739
ACGGAACACGAGTGCC-1,0.4591762804436269,False,4.0,mid,0.8089041223132512,0.5181283942360685,0.7289750877779635,0.5966523621096435,0.9609289064493705,0.459176280443627,0.4591762804436269
ACGGAATTTAGCAAAT-1,0.7274782844085637,False,1.4142135623730951,adjacent,0.8985351762061343,0.49348554372797815,0.7186855598283453,0.5092347990859946,0.8966683972931827,0.5536668586325835,0.5862931027619206
ACGGACGCAGCGACAA-1,0.6156718497464192,False,4.242640687119285,mid,0.6406258708131305,0.5801395777988322,0.7330504932285571,0.5380334020695164,0.798112150464776,0.4700997603522265,0.47009976035222645
ACGGACTCTCAAAGCG-1,0.4552193055787771,False,5.830951894845301,distal,0.7011369336231398,0.4552193055787772,0.7275190882238198,0.49128165115458194,0.8441482824265143,0.5098676673664133,0.5254814850200236
ACGGAGCGCAAATTAC-1,0.8710878098104313,True,0.0,tumor,0.6497705697672257,0.5077684271798968,0.7779287187203923,0.6040851585576547,0.8611216219783702,0.4977118901211862,0.4608004713338269
ACGGATGGTGCGGATA-1,0.6865709667916657,False,1.4142135623730951,adjacent,0.7235458581805347,0.4643314941760017,0.7292955470099761,0.5706292147355515,0.9024777291833495,0.5191625332070074,0.46433149417600184
ACGGCACTTGCTTGGG-1,0.49211391629047535,False,5.0990195135927845,distal,0.5754008062568503,0.4921139162904754,0.4921139162904754,0.5254286722770254,0.5714411425654926,0.4921139162904754,0.49211391629047535
ACGGCCAACATGGACT-1,0.4762302847907262,False,8.246211251235321,distal,0.5590341637407346,0.5339841597156427,0.7246419216407513,0.578838544279106,0.7472669300738888,0.47623028479072615,0.4762302847907262
ACGGCGACGATGGGAA-1,0.5409710113772979,False,2.0,adjacent,0.8097215255717178,0.5802665230018516,0.7344855932675695,0.5737000501588364,0.7739009788306245,0.5252528067274764,0.5409710113772979
ACGGCGGGTTGCCCTG-1,0.8272983495354336,True,0.0,tumor,0.8073157591632764,0.4567240706682272,0.7250529454383325,0.5256720355198871,0.8466752904665946,0.5113012192931938,0.4567240706682272
ACGGCTGGATGTAGAA-1,0.8121870048805345,True,0.0,tumor,0.799620093258281,0.44744468594995257,0.8439642200300953,0.5157591632763009,0.8585476816937847,0.5559178138178306,0.4474446859499527
ACGGGAGTGTCGGCCC-1,0.8154353866609342,True,0.0,tumor,0.7843820245592524,0.4789952132369788,0.5673312712478404,0.5657972468372066,0.9461379162670094,0.5921869871878231,0.5714922651889714
ACGGGCGTATGCGACA-1,0.6489558204154425,False,1.4142135623730951,adjacent,0.6650086384662542,0.45485395109203836,0.6682828958368165,0.5131954894202011,0.8426185845821711,0.5189334125966796,0.4697255595098765
ACGGGTCATGTGACTT-1,0.7564350602304122,True,0.0,tumor,0.800400341823181,0.5510722225318446,0.7162821155882517,0.5124802615690427,0.9009392315431617,0.6109284338677416,0.519916242705074
ACGGGTTGTGACCTGT-1,0.761263843440737,True,0.0,tumor,0.639279013171339,0.4696260380092515,0.6021498634565011,0.5378624904791098,0.8486889770823983,0.5245902146922043,0.540294265173048
ACGGTACAGTTCAATG-1,0.4677590146575267,False,4.242640687119285,mid,0.9024317746939382,0.46775901465752656,0.7242030318229951,0.5359750320459232,0.8299204791782163,0.46775901465752656,0.4677590146575267
ACGGTCACCGAGAACA-1,0.8292290666475585,True,0.0,tumor,0.8138782069144885,0.4663099816084267,0.7229490609151201,0.5347470694235449,0.8808624973233954,0.4663099816084267,0.46630998160842674
ACGTACAGATTTCTCT-1,0.6714795264368913,False,2.0,adjacent,0.8846253878021141,0.5067745391269886,0.7171947277489829,0.5187129614148506,0.9564688765887297,0.44596778688067773,0.4459677868806776
ACGTACTTTGGCACGG-1,0.6902134537145406,False,1.4142135623730951,adjacent,0.643867617826822,0.5286245951686515,0.6050548960597447,0.5746326329673597,0.7741576395427625,0.4734994148135763,0.4734994148135763
ACGTAGATTGCTGATG-1,0.5892668052005956,False,1.4142135623730951,adjacent,0.8034423823589515,0.5493662028522421,0.7182327370005016,0.5428523658251129,0.8360950025959397,0.44164855375355294,0.441648553753553
ACGTAGGAGAGTCGCT-1,0.4905534191606754,False,14.7648230602334,distal,0.49055341916067546,0.4905534191606755,0.6152886919690129,0.4905534191606754,0.5698747789051295,0.4905534191606755,0.4905534191606754
ACGTATTACTCCGATC-1,0.540131049912023,False,16.1245154965971,distal,0.5567955934533431,0.5794553121923127,0.6005197012762638,0.5023797581229449,0.712780530158367,0.5244013449999071,0.4693473778075016
ACGTCCTAAACGAGAT-1,0.6889435593665655,False,2.0,adjacent,0.9006251277192591,0.46753608649612655,0.7147076854483643,0.5379553772130264,0.9112555255384742,0.5224631084855127,0.538156543339623
ACGTCGGGCAACTCGG-1,0.8213668680981839,True,0.0,tumor,0.8963198276022218,0.4490887811402776,0.7224892715822326,0.5539671924055807,0.873719996362751,0.5033067677274332,0.44908878114027756
ACGTCTCGTTCCGGGA-1,0.6776976297959411,False,1.4142135623730951,adjacent,0.7142060970852143,0.5154191978301659,0.7298389344033885,0.5622471158669118,0.872006969438309,0.5154191978301659,0.5310268230348485
ACGTGACAAAGTAAGT-1,0.8237434415331089,True,0.0,tumor,0.9711075814152222,0.41899347935127906,0.5632697988073343,0.56754351743484,0.8939815262952566,0.5352598041947649,0.4867636404168757
ACGTGCGCCTCGTGCA-1,0.8171949267919842,True,0.0,tumor,0.8817691207341768,0.44585632279997767,0.7187273588586078,0.5803488825725911,0.8990355423754167,0.5000712131626694,0.5155611818377243
ACGTGGTCGAATGTGC-1,0.6801777055915158,False,1.4142135623730951,adjacent,0.8175704545876757,0.5175927474038158,0.8423479908599454,0.6017016849653533,0.9079922679127177,0.4628545951067269,0.4628545951067268
ACGTTAATGTCGAAGA-1,0.49568076687287516,False,9.055385138137417,distal,0.5789955228594251,0.49568076687287527,0.6206529008527002,0.4956807668728754,0.6011507199699633,0.49568076687287527,0.49568076687287516
ACGTTAGATTTGCCCG-1,0.6771084625122412,False,1.4142135623730951,adjacent,0.814783852570176,0.4537981385498523,0.7259516245889762,0.555429229597429,0.9392139435698424,0.5081678401357386,0.45379813854985235
ACGTTATTGGTCACTC-1,0.8229432886680839,True,0.0,tumor,0.9618792844006019,0.4850823905329841,0.7133910159950956,0.597876609262665,0.8649568663340343,0.4850823905329841,0.50037420084235
ACGTTCACTATGCCGC-1,0.5542830073008973,False,7.615773105863909,distal,0.6521624031655798,0.5384674927393536,0.7403583570194505,0.5163257723531925,0.7501209971928651,0.5938217937047564,0.48311319177395085
ACGTTCCGCGCTCCGT-1,0.8352322035652582,True,0.0,tumor,0.8956510431180219,0.49097450568776435,0.6982737000501589,0.612864812647458,0.8992540706388944,0.4972164942069639,0.5143430386700742
ACGTTCGCAATCAATT-1,0.4625480688848019,False,6.0,distal,0.8036049341433057,0.6267903917962436,0.7303405227665385,0.5995615746159133,0.8235098279053258,0.5211688866596073,0.5379176917381231
ACGTTCGTTCAGGAAA-1,0.5354216925024482,False,4.47213595499958,mid,0.6421352802392762,0.5746530680488213,0.7220155492392576,0.5663192702818185,0.797268836696322,0.5197291422838991,0.4648052165189767
ACGTTCTGTACAAGTC-1,0.5890996090795456,False,4.0,mid,0.8769297218971186,0.5581130369627276,0.720893941927214,0.6899663750023222,0.8640358210356187,0.4966498851300723,0.44259599843950287
ACGTTGTCGTTGAAAG-1,0.5409670305172729,False,4.242640687119285,mid,0.7184138661316389,0.5205465455423657,0.72261466867302,0.59749205818425,0.8238559532085522,0.4655854650838767,0.4655854650838767
ACGTTTAGTTGTGATC-1,0.8830701984856807,True,0.0,tumor,0.8904029426517304,0.420693306581954,0.7077551134147021,0.6031897304426982,0.9503764845988906,0.4736046864453486,0.4887222235491756
ACGTTTCGGTGCACTT-1,0.6213047666817939,False,11.40175425099138,distal,0.6491946720169426,0.5888987968071733,0.7308351446246447,0.6098292741830613,0.80164966839436,0.5307269315796318,0.5465123685320977
ACTAAGGACGCACACC-1,0.7475179337744126,False,3.1622776601683795,mid,0.7161613628341601,0.5096013920625189,0.7238477400657638,0.5567407902803321,0.8425555193786172,0.509601392062519,0.45505210945772717
ACTAATACGTCAGGCG-1,0.5440721013367728,False,2.8284271247461903,mid,0.5689173122294674,0.5461089747162311,0.6947486484980215,0.5618774266659237,0.8587911427121557,0.4433452847597639,0.4580258118964021
ACTACAAAGAGAGGTG-1,0.7029840526747398,False,8.94427190999916,distal,0.4890207880510506,0.5444927455460812,0.6138326924148694,0.5563543814672388,0.7016267889251635,0.4890207880510505,0.4890207880510506
ACTACATCCCGACAAG-1,0.7594684755694621,True,0.0,tumor,0.8936864886956846,0.515858861704038,0.7186925263333891,0.5979230526296235,0.9054549934441521,0.46112690185587696,0.4611269018558769
ACTACCAGCTCTCTGG-1,0.6688163310801666,False,2.0,adjacent,0.8901428597967639,0.49625047217423074,0.7204689851195452,0.5441732151814078,0.9188365496587146,0.49625047217423074,0.5116838241733744
ACTACCATCCGAGGGC-1,0.5444701873392727,False,2.0,adjacent,0.8098190566423303,0.46892938750487656,0.7254779022460012,0.5019729142283899,0.8485159144307851,0.5790744765832544,0.6105445020342195
ACTACGCGTTAGAATT-1,0.5400156049712981,False,11.661903789690601,distal,0.7286360511991677,0.6343885266306265,0.7327021679763697,0.5376432777870662,0.8706664672046276,0.46923591372680146,0.46923591372680157
ACTAGTTGCGATCGTC-1,0.6105484828942443,False,13.341664064126334,distal,0.8102742016385219,0.5241567432672599,0.7339770383993758,0.6053428449348865,0.8532546044931757,0.5241567432672599,0.5398643322903479
ACTATATGCTGTGTTC-1,0.5916433786355204,False,1.4142135623730951,adjacent,0.6144828995522861,0.5034584827261637,0.8383074179345706,0.5165096880863475,0.8544249773405257,0.44362704118597784,0.4436270411859779
ACTATCCAGGGCATGG-1,0.5291518379630735,False,10.198039027185569,distal,0.7204155752475431,0.5135212122338021,0.716442345204258,0.593315870627357,0.8482240545352681,0.5135212122338021,0.5291518379630736
ACTATCGCCGGCTAAA-1,0.6814595425195659,False,1.4142135623730951,adjacent,0.7244143491426555,0.5659155226117273,0.7277420163852198,0.626669639042152,0.9033811748900759,0.5112640645996273,0.5268787668887986
ACTATCTGCCCGCGTA-1,0.5475792390187976,False,13.416407864998739,distal,0.7369308365379257,0.6469963526475816,0.6007565624477512,0.5459696446153561,0.7994981183103217,0.47667614111352624,0.47667614111352613
ACTATGTCCAGCTGCC-1,0.8843162076735058,True,0.0,tumor,0.7853944899589441,0.5321480986085567,0.6823134369949284,0.6304538445819169,0.8877424710413384,0.5321480986085567,0.48702637717852565
ACTATTCGTCCGTGGT-1,0.901210977619605,True,0.0,tumor,0.8545533076965947,0.5168744233281937,0.841414479184083,0.6247933270170354,0.9515321911198328,0.464464631827949,0.41205484032770434
ACTATTTCCGGGCCCA-1,0.7385809030182882,False,2.8284271247461903,mid,0.7195703059689015,0.557016973502511,0.7038120715599399,0.6571049062772852,0.9536456087552102,0.4429025246614279,0.4429025246614278
ACTCAACGAATGTATT-1,0.8295714206097086,True,0.0,tumor,0.9777536272269596,0.5449788527869117,0.7129730256924706,0.6077411804046147,0.8389813356330134,0.49118195272684495,0.5065524956011497
ACTCAAGTGCAAGGCT-1,0.6656873751005168,False,2.0,adjacent,0.802787530884839,0.5037030844588108,0.7243771944490888,0.5551542848650356,0.8436056283494222,0.5580665935957694,0.5192355156407991
ACTCAATAAAGGCACG-1,0.7491262012245125,False,1.4142135623730951,adjacent,0.7883343550874063,0.5360555338819843,0.713683609206933,0.5997584944918166,0.9252941331761104,0.48270758636918143,0.497949857087125
ACTCAGACCTGCTTCT-1,0.8119163063988345,True,0.0,tumor,0.8900221070426722,0.4452432703561278,0.8438945549796578,0.5472440506046927,0.8959878797478567,0.49943958337203614,0.5149242442337243
ACTCATGGCAGCCTTC-1,0.6642502846314917,False,1.4142135623730951,adjacent,0.7024234148878858,0.5019599100856414,0.7165329097698266,0.5821973285775325,0.9013102896012811,0.5563358041204555,0.5874077435689207
ACTCCAATATCATCAT-1,0.9065811577933297,True,0.0,tumor,0.7907540545059355,0.48508858298191193,0.6938290698322467,0.6661093462631668,0.8371773774848423,0.48508858298191193,0.5003742008423501
ACTCCCATTCCTAAAG-1,0.8110524597734095,True,0.0,tumor,0.7643138456965577,0.46717073200938775,0.7033035166917462,0.5846792621077859,0.8558050786555085,0.5805389907546737,0.482193613108176
ACTCCCGAATTCGTTT-1,0.6745487695161663,False,7.0710678118654755,distal,0.7999869958572517,0.511660381331005,0.7275817867692136,0.5586914116925821,0.8236755573937351,0.511660381331005,0.45697486484980215
ACTCCCGTAGACTAGG-1,0.6730758513069163,False,1.4142135623730951,adjacent,0.6191969012985565,0.5569736263600167,0.5859248732096082,0.5856675769566592,0.8420597975460302,0.5026968115080472,0.44841999665607757
ACTCCCTAATGCTAAA-1,0.4636348436716268,False,5.830951894845301,distal,0.8052861840271972,0.4636348436716269,0.7310093072507384,0.49928662988352,0.8225843827089878,0.5185339996408379,0.5342194727748982
ACTCCCTAGAATAGTA-1,0.45822883575767703,False,5.830951894845301,distal,0.875164873952702,0.5676617932093605,0.7281600066878448,0.4943116164149437,0.8708351299583184,0.5720367583768353,0.5342035493347982
ACTCCGGCCGACCACT-1,0.540517193334448,False,8.602325267042627,distal,0.7276096527893886,0.5861988890746624,0.7332455553697821,0.5380909918445449,0.7750449522904402,0.46979323413030155,0.4697932341303015
ACTCGATGTATTTCAT-1,0.6676738242529916,False,2.8284271247461903,mid,0.9050186702335172,0.45117873265340236,0.7248927158223263,0.5531014880454773,0.8791157378482154,0.45117873265340236,0.4511787326534024
ACTCGCCGTTCGATAA-1,0.4718831856434264,False,2.0,adjacent,0.7196539040294265,0.4718831856434264,0.7352449423173383,0.5730962863883778,0.8796935911086864,0.4718831856434264,0.4718831856434264
ACTCGCGATCTGACGC-1,0.4337624700440283,False,7.0710678118654755,distal,0.7027160080997232,0.602906116281806,0.7093922420999833,0.6099370227944045,0.8884801872596554,0.540767987516023,0.5025517312760249
ACTCGTAACCCGTCCT-1,0.7231789555815639,False,2.0,adjacent,0.870854929498969,0.5432263897403506,0.7172643927994203,0.5700328819038065,0.8693464978279171,0.5496200932582809,0.5048486875104498
ACTCGTCAGTAATCCC-1,0.5345697884570982,False,8.94427190999916,distal,0.7177265043006558,0.46402496795407683,0.7298737669286072,0.5321406676698435,0.7909344503207526,0.5188931616786491,0.4640249679540767
ACTCTAAACCTGGGAT-1,0.6926935295101152,False,1.4142135623730951,adjacent,0.801282765795389,0.5761856991584462,0.7321866466031322,0.5677088558212116,0.8535904633679166,0.521233907373349,0.5369344193119481
ACTCTCTGACTTAGGT-1,0.5387258063231981,False,9.055385138137417,distal,0.8080681417080012,0.523017332664549,0.733189823329432,0.5694384068067398,0.7982544138309325,0.4680376748592766,0.46803767485927666
ACTCTCTTATACACGA-1,0.5775352107069212,False,2.0,adjacent,0.955419012056698,0.5223052010378545,0.7064523769715209,0.5554570956176039,0.9173053851817304,0.5223052010378545,0.5525314288898974
ACTCTGACCTAATAGA-1,0.538403356661173,False,3.1622776601683795,mid,0.9786174738523844,0.4677311486373516,0.7320473165022571,0.635114900889855,0.9048727402857587,0.5226984215447683,0.538403356661173
ACTCTTCAGCTCCCGC-1,0.6554127753759923,False,1.4142135623730951,adjacent,0.8679336417172899,0.439809396422003,0.7008095078860838,0.5453212952126179,0.862507589823916,0.439809396422003,0.43980939642200306
ACTCTTGTATAGTAAC-1,0.6767581468300411,False,4.0,mid,0.5473165022571476,0.46494454661985174,0.7304589533522822,0.4649445466198517,0.7890322277856486,0.574773820802913,0.5355490800232482
ACTGAAACGCCGTTAG-1,0.5227307107427489,False,7.0710678118654755,distal,0.8141336454327592,0.4526834977428524,0.7255336342863512,0.6228092663805757,0.9080348002593007,0.4526834977428524,0.4526834977428523
ACTGAATGGCGAAAGT-1,0.6097483300292196,False,7.0710678118654755,distal,0.7216416801352431,0.5174348399561575,0.7198489661706515,0.4983150346467518,0.8183282147854168,0.4624923368444519,0.46249233684445196
ACTGATTTAGTGATTC-1,0.6678370395140166,False,1.4142135623730951,adjacent,0.8918055323338722,0.4574207211726022,0.7029064259042523,0.5981051106281,0.9360181510455625,0.4574207211726022,0.4574207211726021
ACTGCCCGCCATTCTC-1,0.6263325928933686,False,1.4142135623730951,adjacent,0.5650903787921009,0.478236638243326,0.6078205985621133,0.5777183302680711,0.8247711319764048,0.478236638243326,0.4782366382433261
ACTGCCGTCGTAACTC-1,0.738879467520163,False,1.4142135623730951,adjacent,0.7853201805718107,0.42529119991082875,0.7118583848854707,0.5738672462798864,0.9168125966144253,0.4784905286493649,0.49369033686037544
ACTGCGGACACACCGT-1,0.45360307640862724,False,3.1622776601683795,mid,0.7153160935555184,0.5626582944757162,0.7231859220866076,0.5944620929238887,0.9021653364308616,0.5081306854421718,0.5237100023088987
ACTGCTCGGAAGGATG-1,0.8095715798441097,True,0.0,tumor,0.9673549573649892,0.48746338714571447,0.6957239592041465,0.5089449924761745,0.9572623248473969,0.48746338714571447,0.5028144680376749
ACTGGCGAACCTGCGT-1,0.7384336111973632,False,2.0,adjacent,0.620878151182448,0.4952782576925698,0.8372276096527894,0.5818740827435025,0.8066186197813544,0.542631914643284,0.5733871545608713
ACTGGGATGCCAGTGC-1,0.5572328245794222,False,13.416407864998739,distal,0.5691077300339965,0.5968158427613369,0.6141392186367943,0.5857325976704008,0.7259464913747335,0.5968158427613369,0.5572328245794222
ACTGTACGATACACAT-1,0.6023558729627948,False,3.1622776601683795,mid,0.79891879841721,0.4562224823050772,0.7272334615170262,0.5278790243177469,0.7933910599940749,0.4562224823050772,0.45622248230507717
ACTGTAGCACTTTGGA-1,0.6724986266032914,False,1.4142135623730951,adjacent,0.8936957773690762,0.4482528005350276,0.7081731037173271,0.5501495476416058,0.9313777253701048,0.5025358078359248,0.44825280053502764
ACTGTATACGCGAGCA-1,0.8182737398587591,True,0.0,tumor,0.9852077876237715,0.5418330887316007,0.8364752271080644,0.6087870850285161,0.8911377256047658,0.5418330887316007,0.5035150994020748
ACTGTCCAGGATTATA-1,0.958181065437377,True,0.0,tumor,0.7650755169146742,0.4321741068940534,0.7084099648888146,0.5372438648312249,0.7662906220575681,0.4855963637939896,0.4321741068940534
ACTGTCTTCTTTAGAA-1,0.8101965748680345,True,0.0,tumor,0.9636859313752811,0.475679156836154,0.7108621746642144,0.6360326218209517,0.891938507026637,0.5362474997987454,0.4908400410824754
ACTGTGCTAGTAGATC-1,0.6749787023988663,False,2.8284271247461903,mid,0.809884077356072,0.5119080792881161,0.8361338683609207,0.5590146575266121,0.8200001759959169,0.6212171877612439,0.5275236662128486
ACTGTTTAGTGTAGGC-1,0.6831593697502409,False,2.0,adjacent,0.9037879210091214,0.5156018750735353,0.7290099203031823,0.6608649612662318,0.9090805093321834,0.4609039736944769,0.460903973694477
ACTTACCGGGCGCGCA-1,0.5837174863257458,False,4.47213595499958,mid,0.6781103122851994,0.47733563692433445,0.711015437775177,0.5628415909639785,0.8407324950061158,0.47733563692433445,0.49257171519335036
ACTTACGCATCCACGC-1,0.5225077825813489,False,2.0,adjacent,0.893449627524197,0.5614074197923054,0.7258680265284512,0.5543275929331772,0.9312765277178904,0.5614074197923054,0.5925271295610705
ACTTAGTACGACAAGA-1,0.6024752987635448,False,2.0,adjacent,0.8154805030745509,0.4553029036393023,0.7273867246279886,0.5270504746512105,0.8753171593085708,0.4553029036393023,0.4553029036393022
ACTTATACTTACCCGG-1,0.5454892875056727,False,14.212670403551895,distal,0.643923349867172,0.47464192164075125,0.736923870032882,0.5773096286388378,0.7455128374355048,0.47464192164075125,0.4746419216407513
ACTTATCTGATCTATA-1,0.8326884340092834,True,0.0,tumor,0.7993971650968809,0.43919634397815305,0.7155575990637018,0.5413290233888797,0.8603663061683635,0.4931759212815893,0.43919634397815305
ACTTATTAGGATCGGT-1,0.7477129959156378,False,1.4142135623730951,adjacent,0.9855096695090007,0.42707462520202866,0.7116284902190269,0.5349885749317281,0.9275850133610235,0.42707462520202866,0.4270746252020286
ACTTATTTATGTGCCA-1,0.47625815081090117,False,11.313708498984761,distal,0.47625815081090117,0.47625815081090117,0.7312113358970072,0.5756841107952961,0.6123895258963326,0.47625815081090117,0.47625815081090117
ACTTCAGGCTGATCCC-1,0.5461381676897478,False,3.1622776601683795,mid,0.5540229244459306,0.5815793221745403,0.7351822437719445,0.5745434617027995,0.7944749015156183,0.5264665267173209,0.5422130397050979
ACTTCCAGTGGAAGCT-1,0.4941760017834253,False,1.4142135623730951,adjacent,0.577472180423192,0.49417600178342524,0.4941760017834253,0.4941760017834253,0.5996958203903001,0.49417600178342524,0.4941760017834253
ACTTCCATGCGGGACA-1,0.4692080477066266,False,2.0,adjacent,0.6398316892381432,0.5792292878064488,0.7340118709245946,0.572516673168738,0.7669799393987393,0.46920804770662655,0.4692080477066266
ACTTCCTGTCGTGCGA-1,0.7546874626794373,True,0.0,tumor,0.7125759349049768,0.47558317387777355,0.678126567463635,0.5037247580300582,0.9376813124602176,0.4095252249407073,0.4234998128995789
ACTTCGCCATACGCAC-1,0.577188875884746,False,2.0,adjacent,0.8665496293819318,0.49231517088062815,0.7170553976481079,0.6052759664864663,0.9019072090860826,0.4383046313325531,0.43830463133255304
ACTTCGCTAGCGAGTG-1,0.4464972412640026,False,3.1622776601683795,mid,0.8014871166100058,0.5007616712181167,0.7224892715822326,0.6177580857901874,0.9506463450047961,0.560494033575458,0.4464972412640026
ACTTGACTCCCTCTTT-1,0.5392194329662979,False,10.198039027185569,distal,0.6336454327592933,0.5234817663341321,0.7327718330268072,0.5698768321908265,0.7922954854114053,0.5234817663341321,0.5392194329662979
ACTTGCCATATTGTAC-1,0.536341271168223,False,2.8284271247461903,mid,0.8097354585818053,0.5144872342665354,0.7287591261216072,0.528597967638262,0.9026361255085548,0.5144872342665354,0.45981719890765194
ACTTGCTCTATCTACC-1,0.9077555115007045,True,0.0,tumor,0.8905608500993888,0.4439335674079028,0.7037563395195898,0.5491315090378792,0.9221878052429183,0.4979193371602669,0.4439335674079028
ACTTGGGACCCGGTGG-1,0.900781044736905,True,0.0,tumor,0.7580161251370079,0.4793450866013982,0.5694351557710527,0.572544539188913,0.7740843079107232,0.4263501086774787,0.42635010867747875
ACTTGGGCTTTCGCCA-1,0.4660313214066766,False,17.204650534085253,distal,0.7197049917330807,0.5209614396205267,0.7311695368667446,0.56747663898642,0.7621605845411052,0.5209614396205267,0.5366557591101981
ACTTGTAGTCCCTTCA-1,0.681885494542241,False,1.4142135623730951,adjacent,0.6426833119693844,0.5781858601621184,0.7198768321908264,0.6013933010087499,0.7711451760985811,0.5196610253456935,0.4648330825391517
ACTTGTGGATGGAACG-1,0.4682048709803266,False,12.649110640673518,distal,0.7152928718720393,0.5231133156229295,0.7320891155325197,0.6067380036783147,0.8493342954443457,0.46820487098032654,0.4682048709803266
ACTTGTTACCGGATCA-1,0.5479096504008726,False,17.88854381999832,distal,0.6425904252354678,0.47689906927492615,0.7367357743967007,0.544682234483271,0.746584945895922,0.47689906927492615,0.47689906927492615
ACTTTACCCTCATGAA-1,0.598589979379145,False,7.615773105863909,distal,0.711679577922681,0.45803377361645203,0.7163448141336455,0.5979769269352949,0.8144929704297528,0.6220160136729271,0.598589979379145
ACTTTATACACCACTT-1,0.540115126471923,False,2.8284271247461903,mid,0.8066469746790763,0.5196238706521268,0.5984227832580951,0.5002136394880083,0.8247857983028127,0.4646937524382768,0.4646937524382767
ACTTTCCTATAGCTTC-1,0.7357823584207132,False,1.4142135623730951,adjacent,0.8667400471864607,0.6004724838531894,0.7119559159560831,0.6734659755893665,0.8680631942672264,0.5302067658696985,0.49238859563220033
ACTTTGACTGCATCCT-1,0.5290164887222234,False,1.4142135623730951,adjacent,0.8122712664177304,0.5071646634094384,0.7258889260435825,0.521835813409129,0.8750238327804127,0.5071646634094386,0.5227307107427488
ACTTTGGTCGTGCTCC-1,0.9011592264392798,True,0.0,tumor,0.6206877333779189,0.5082483419717996,0.7218762191383826,0.5849579223095358,0.7763311891164125,0.5031860149733415,0.5186344057770239
ACTTTGTCGACGCACT-1,0.5448483690416478,False,13.038404810405298,distal,0.7219667837039513,0.6452191198053093,0.7364571141949506,0.6428560812944694,0.7760319960576915,0.529104509960554,0.5448483690416478
AGAAATTATGACTCGC-1,0.5450872206431476,False,13.341664064126334,distal,0.7228213416559847,0.5865085115210512,0.7314830295937134,0.5752382544724962,0.9021228040842786,0.5796999139249599,0.5404176718338228
AGAACACGGCGATGGT-1,0.6884061432631905,False,4.0,mid,0.7933084396886437,0.5136048102943271,0.7285152984450761,0.5278028571959352,0.762364446478175,0.45895335228222706,0.45895335228222706
AGAACCCAGCGTGACA-1,0.5094226956791746,False,7.211102550927978,distal,0.7074718088762563,0.6692582065429415,0.7129939252076019,0.5504950862917758,0.8980646315672144,0.440338850805328,0.44033885080532803
AGAACCCTCAATTGGG-1,0.5509908360602224,False,1.4142135623730951,adjacent,0.736224897360159,0.5314390632063262,0.7367636404168756,0.6103401512196027,0.8006332919742928,0.4763138828512512,0.4763138828512511
AGAACGTGGTACATTC-1,0.799925956003535,True,0.0,tumor,0.8852477289193557,0.5984042059113118,0.7178147466978766,0.5425384086644746,0.9196842633250909,0.490482205998006,0.5058996345570498
AGAACTGTACTTTGTA-1,0.5819300801745209,False,7.0710678118654755,distal,0.7867134815805606,0.6051199167734864,0.720392353564064,0.577322632781586,0.8975762428978314,0.49690067931164733,0.5123605703776243
AGAAGAGCGCCGTTCC-1,0.49944267959650007,False,14.212670403551895,distal,0.49944267959650007,0.4994426795965,0.4994426795965,0.49944267959650007,0.4994426795965,0.4994426795965,0.49944267959650007
AGAAGGTACACTTCAC-1,0.5825869220786458,False,1.4142135623730951,adjacent,0.8895205186795222,0.43320514964052836,0.710123725129577,0.4709506028349032,0.9654476016156426,0.5405079046610564,0.502185492153725
AGAAGGTTGCCGAATT-1,0.5440521970366478,False,2.0,adjacent,0.9047167883482881,0.4732764866521763,0.604407011090676,0.5083449441750729,0.8789148091764271,0.5283242613956541,0.5440521970366478
AGAAGGTTGTAGGTCG-1,0.4564454104664772,False,7.0710678118654755,distal,0.6204926712366939,0.45644541046647713,0.7280485426071449,0.5614464322205504,0.8961272098487315,0.5111278307232161,0.5267513793679987
AGAAGTGATTCGTGAT-1,0.580186463483571,False,1.4142135623730951,adjacent,0.9743632614390013,0.5493816839745614,0.7202042579278827,0.6161455720893942,0.9277155436660536,0.6032900481153283,0.6494972173788425
AGAATAAATCTTCAGG-1,0.9582527209178272,True,0.0,tumor,0.8684630961006151,0.4696477115804987,0.6803976481078972,0.6204555165431275,0.9480210725777828,0.53372717308514,0.4846139760033758
AGAATACAGGCTATCC-1,0.5112618530107244,False,6.324555320336759,distal,0.6877891099593155,0.6485413686550621,0.7162890820932954,0.6647829237028369,0.870266076493692,0.5477468774576282,0.5112618530107244
AGAATGCGGGTTCGGA-1,0.7471238286319376,False,1.4142135623730951,adjacent,0.6244960894685022,0.5738635308105295,0.7273309925876387,0.5318694384068067,0.8213612110865695,0.5149888226296854,0.5306327178923735
AGAATTATGGATTCGA-1,0.59944586428452,False,7.0710678118654755,distal,0.7124226717940143,0.5682129211639327,0.716609541325308,0.5958832599528137,0.8712472537303801,0.513555270702905,0.5291717422631985
AGAATTGTTTGACATA-1,0.6705878137912915,False,1.4142135623730951,adjacent,0.9687714800572182,0.5620142797872274,0.7111338683609207,0.6231919597243122,0.9015889498030312,0.5620142797872274,0.523077045564924
AGACAGCTCAGAATCC-1,0.9079545545019545,True,0.0,tumor,0.8774823979639228,0.4125006966505044,0.8168018168645155,0.5629772055954968,0.8876412733891241,0.5697579371714131,0.47989665687375105
AGACAGGCATCTCAGC-1,0.459092682383102,False,16.55294535724685,distal,0.8022116331345557,0.45909268238310197,0.7166861728807892,0.5574653068048822,0.8519493014428732,0.5137441403952021,0.5293588426843735
AGACATAGATCCTTCC-1,0.7377250181129131,False,1.4142135623730951,adjacent,0.9779254676847055,0.44970183358412746,0.8430794738895391,0.5515725724052091,0.9580029743309956,0.6670196362555499,0.5894061353014706
AGACCAAACCACACCT-1,0.6763481182474661,False,1.4142135623730951,adjacent,0.9854818034888256,0.4527949618235524,0.5889413698935518,0.5246056958145238,0.9853483399185139,0.5070903540223052,0.45279496182355233
AGACCATGGGATACAA-1,0.8713186996918812,True,0.0,tumor,0.7913531739396978,0.5097933579792799,0.670303182299504,0.5465511155696743,0.8769788540905852,0.5795605838240849,0.5509271422998224
AGACCCACCGCTGATC-1,0.6076344933559447,False,2.0,adjacent,0.6319920488955768,0.6299702143206575,0.730465919857326,0.5958331011164986,0.8167457181660052,0.461489160118152,0.46148916011815194
AGACCCGCCCTCCTCG-1,0.6659939013224417,False,2.0,adjacent,0.772622564045403,0.49240496139008083,0.7191105166360141,0.5082762079919745,0.8071554073278833,0.5461987652256837,0.5077746196288248
AGACCGCTCCGCGGTT-1,0.6117785686419694,False,13.038404810405298,distal,0.7278093592673095,0.5253673670326404,0.7333779189656133,0.5730739935722381,0.8010835481950151,0.5803563135113043,0.541078494597973
AGACCGGGAAACCCTG-1,0.6341947914427433,False,2.0,adjacent,0.5934115439632911,0.4802027407778955,0.708953352282227,0.5581396644931171,0.8761839391992772,0.4802027407778954,0.4976751777454
AGACGAAGTGCCGGTC-1,0.5396095572487479,False,14.212670403551895,distal,0.6397713128610972,0.5788763182175655,0.6010491556595887,0.6031990191160899,0.7990155961715022,0.46892938750487656,0.46892938750487645
AGACGACGATGCCGCT-1,0.6876975501787407,False,1.4142135623730951,adjacent,0.9041873339649631,0.4709357409574765,0.6028047149306136,0.5391591892845864,0.8835200356685058,0.5809198263637322,0.6123438507655194
AGACGCCCACTTCGCC-1,0.49058128518085053,False,9.899494936611665,distal,0.4905812851808505,0.4905812851808505,0.4905812851808505,0.5245035204072154,0.5441427092224793,0.4905812851808505,0.49058128518085053
AGACGGGATTGGTATA-1,0.7444128629549128,False,2.0,adjacent,0.8124013078452136,0.44797414033327754,0.7193195117873266,0.553038325066414,0.8644626111340883,0.44797414033327754,0.44797414033327765
AGACGGGCCGATTTAA-1,0.662435012460092,False,2.0,adjacent,0.754258856750079,0.4136432034776793,0.7013946943097586,0.5280034925411953,0.7931754649958788,0.4746047669471846,0.41364320347767924
AGACTAGCCTTCCAGA-1,0.6662645998041415,False,1.4142135623730951,adjacent,0.8047242192870013,0.44992476174552753,0.7244956250348324,0.5554106522506455,0.9261227806181561,0.5043099444537331,0.4499247617455274
AGACTGTTACCGGGTC-1,0.49166805996767543,False,5.0990195135927845,distal,0.49166805996767543,0.49166805996767543,0.49166805996767543,0.49166805996767526,0.6503151793545058,0.49166805996767543,0.49166805996767543
AGAGAAACACCAGAAA-1,0.5449837182824979,False,1.4142135623730951,adjacent,0.8052025859666724,0.47012762637240146,0.8583918519757008,0.5053168366493898,0.7966279182322971,0.47012762637240146,0.4701276263724016
AGAGAACCGTCTAGGA-1,0.4866521763361757,False,7.211102550927978,distal,0.8325019970647792,0.6467920018329649,0.7074207211726021,0.5892808709060172,0.877405644189055,0.5245344826518543,0.5548403277043973
AGAGAAGGAGTACAAT-1,0.6153772661045692,False,1.4142135623730951,adjacent,0.6447221757788553,0.5239245264324681,0.7336635456724071,0.5701220531683664,0.8258857727834048,0.46898511954522654,0.46898511954522654
AGAGATCTCTAAAGCG-1,0.6603171949267921,False,3.1622776601683795,mid,0.8807241449776143,0.44426795965000276,0.7047177172156274,0.5503446097828308,0.9179037712991726,0.44426795965000276,0.4442679596500029
AGAGCAGTTATGAGAC-1,0.6693019960032166,False,1.4142135623730951,adjacent,0.8100605621505137,0.4420944100763529,0.7160870534470266,0.5440989057942746,0.873170009122455,0.4961266231956753,0.4420944100763529
AGAGCCGCCGAGATTT-1,0.6762087881465911,False,8.602325267042627,distal,0.8135623920191719,0.4644429582567018,0.5981650225714763,0.5708521428969515,0.9030937148924811,0.4644429582567018,0.4644429582567017
AGAGCGCTTGTAACGG-1,0.5544143756817224,False,2.0,adjacent,0.4833082539151759,0.48330825391517584,0.7321796800980884,0.5164911107395642,0.641412719224914,0.540377863233573,0.5566834658959722
AGAGCGGGCTAATCAT-1,0.741590433197188,False,1.4142135623730951,adjacent,0.972700588901893,0.49923832878188334,0.7174385554255142,0.6478218060896543,0.8985280874817038,0.4451039402552527,0.44510394025525274
AGAGCGTACAAGCTCG-1,0.6744930374758162,False,1.4142135623730951,adjacent,0.8131490460532427,0.6112132865184194,0.7044390570138772,0.5860094001374723,0.8999771205308038,0.5569395678909138,0.5879531213923456
AGAGCTACGAAAGCAT-1,0.6705241200308915,False,1.4142135623730951,adjacent,0.9700533169852682,0.4960306402372946,0.716052220921808,0.6203514834011407,0.9153459639736358,0.4960306402372946,0.5114887620321494
AGAGGCTTCGGAAACC-1,0.4676754165970016,False,12.0,distal,0.8027828865481431,0.5776533095543294,0.7228863623697264,0.5690705753404299,0.8471886118908708,0.5226643630756657,0.5383754906409981
AGAGGGACAATTGTCC-1,0.6087451533029196,False,1.4142135623730951,adjacent,0.8876442066544056,0.570513415940602,0.7244189934793513,0.6239796392279257,0.8153392174634881,0.4568355347489272,0.4568355347489272
AGAGGTATCTCGGTCC-1,0.6729922532463914,False,2.0,adjacent,0.7267829608575304,0.4556094298612272,0.7141573315499079,0.5245796875290272,0.8723501614762538,0.5101587124660188,0.4556094298612273
AGAGTAAACTTCACTA-1,0.4675918185364766,False,14.422205101855956,distal,0.8091456278214345,0.6324657712385517,0.7236108788942763,0.5688383585056382,0.8449431973178222,0.4675918185364767,0.4675918185364766
AGAGTATAGTGTTACG-1,0.6176742223389942,False,4.242640687119285,mid,0.6424882498281596,0.4724126400267514,0.7344019952070445,0.5405060469263778,0.8268816163465008,0.5274573185457653,0.5431843695511979
AGAGTCTTAATGAAAG-1,0.47564509836705116,False,12.727922061357855,distal,0.5623548644782551,0.4756450983670512,0.7367218413866131,0.5781326051013396,0.7990947943341048,0.5308445881092596,0.47564509836705116
AGAGTGAACAGACACC-1,0.7876569454064857,True,0.0,tumor,0.841637407345483,0.40419662263835476,0.6965251072841777,0.5378327667242565,0.9169871258986791,0.5179364283193073,0.4832684453149258
AGAGTTAGAGACCGAT-1,0.6447122236287928,False,2.0,adjacent,0.6969523862601944,0.5340398917559928,0.7129172936521206,0.5711047948132049,0.8638246259353448,0.5340398917559928,0.49586786729405025
AGAGTTGCAGGCCTCC-1,0.5335865160309232,False,1.4142135623730951,adjacent,0.6331624217429267,0.5726807730653241,0.7288357576770885,0.5644448159913801,0.871226720873409,0.517948813217163,0.4632168533690018
AGATAACTTCAGGGCC-1,0.9068001050947047,True,0.0,tumor,0.9300841553809285,0.4096862286128295,0.6924497018335841,0.5865871556224339,0.9038270312128759,0.6180497501346858,0.6775821848552163
AGATAATCACACCTAT-1,0.558216097005597,False,6.0,distal,0.570096973750209,0.4869308365379256,0.7399334002117818,0.5211075814152221,0.5919827993323888,0.4869308365379256,0.4869308365379256
AGATACCAATAGAACC-1,0.6034585711897199,False,3.1622776601683795,mid,0.7247951847517138,0.5164037972096825,0.7282018057181073,0.5295379813854986,0.9063276398654218,0.45739285515242717,0.4573928551524271
AGATACCAGCACTTCA-1,0.8140261622120845,True,0.0,tumor,0.6930232774155195,0.49294060822233365,0.7179262107785765,0.5085474372550113,0.8613841492210714,0.43897341581675303,0.438973415816753
AGATACCGGTGTTCAC-1,0.8093247665225595,True,0.0,tumor,0.976262795147597,0.518311071479438,0.7953380148247228,0.5981032528934219,0.9564586101602442,0.5792261915819849,0.4807804077993009
AGATACGACTTCATAT-1,0.5211144815725989,False,1.4142135623730951,adjacent,0.8927158223262555,0.5055732040349997,0.7250599119433763,0.5560497129799923,0.8459625070031709,0.45117873265340236,0.4511787326534024
AGATACTCAAGATCGA-1,0.46589199130580183,False,7.0710678118654755,distal,0.7196446153560349,0.6349148847894878,0.7224753385721452,0.6358505638224746,0.9033811748900759,0.5208778415600017,0.5365880844897732
AGATATAATACGACTA-1,0.48567686563005064,False,10.0,distal,0.4856768656300507,0.4856768656300507,0.4856768656300507,0.4856768656300508,0.6169111543278863,0.4856768656300507,0.48567686563005064
AGATCGTGCATAAGAT-1,0.6737764826713163,False,3.1622776601683795,mid,0.7111594122127478,0.44947890542272756,0.7233670512177451,0.5223578368537407,0.8410419544933223,0.44947890542272756,0.4494789054227275
AGATCTCAGGTGTGAT-1,0.5942627845319703,False,2.8284271247461903,mid,0.7084610525924688,0.5678475666771938,0.7264671459622137,0.5614129929963402,0.7889515629904051,0.5085084248267662,0.4539374686507273
AGATCTGGAGAGGATA-1,0.6147522710806443,False,4.242640687119285,mid,0.7230489141540805,0.5188467183116907,0.7296926377974698,0.5326255364208885,0.7686401675481129,0.5736963346894797,0.6050389726196448
AGATGACTCGCCCACG-1,0.6743218604947413,False,1.4142135623730951,adjacent,0.8082306934923554,0.4948695560633364,0.719333444797414,0.5149250404057292,0.8974149133073445,0.440924037229003,0.4409240372290029
AGATGAGGGTTGCGAT-1,0.7241383428475887,False,1.4142135623730951,adjacent,0.6288617659625854,0.6136004755800777,0.7218762191383827,0.6190937970239091,0.866275369078104,0.49976468694074444,0.5152387321756994
AGATGATGGAGTCTGG-1,0.6769452472512162,False,9.486832980505138,distal,0.720136915045793,0.5155213732374743,0.7295811737167698,0.5319344591205486,0.8510737217563218,0.5742505588685158,0.5311422679755734
AGATGCAAGACGTGCA-1,0.8186399789810591,True,0.0,tumor,0.8817784094075684,0.48174775678537596,0.82624839770384,0.5664697467907635,0.8819052731309966,0.5349718553196232,0.49695464208087514
AGATGCATCCTGTGTC-1,0.6648235284750917,False,1.4142135623730951,adjacent,0.9030541158111799,0.4923956727166892,0.7185740957476453,0.6094298612272194,0.9299462919126943,0.43861115755447805,0.4386111575544781
AGATGCTATAACGAGC-1,0.8291295451469335,True,0.0,tumor,0.8984840885024802,0.5015512084564082,0.5852282227052333,0.5523546787047874,0.8650653971494529,0.5015512084564082,0.5170500234870742
AGATTATAGGACGTTT-1,0.7557782183262872,True,0.0,tumor,0.8121923126939011,0.4619350164409519,0.7174037229002954,0.5991472997826451,0.8842709515805899,0.5167165158805354,0.5323683728632734
AGATTCAAGCGGGTCG-1,0.7203764301239639,False,1.4142135623730951,adjacent,0.8373831949320997,0.4642664734622602,0.7041812963272586,0.5264912965130321,0.9176867096683359,0.5168960968994409,0.5469701674349726
AGATTCACAACCGATA-1,0.737637439192363,False,1.4142135623730951,adjacent,0.9788729123706553,0.43117093016775343,0.7136627096918018,0.5010681974400416,0.9571567272972599,0.5912426387263371,0.499773090978575
AGCAAAGGCCGCTAGT-1,0.6065676228692446,False,6.324555320336759,distal,0.8027410875178806,0.460569581452377,0.729852867413476,0.561533745750432,0.7896232807398869,0.5152891564026826,0.5309233206741985
AGCAACATATCTTATT-1,0.5284352831585736,False,17.029386365926403,distal,0.7990674171914766,0.5128214655049632,0.7282296717382823,0.5300748667075368,0.875544487367893,0.45817310371732706,0.4581731037173271
AGCAACCGAAAGTAAT-1,0.8069641165277347,True,0.0,tumor,0.7051867952219064,0.47965161282332325,0.7049545783871147,0.6018763120251164,0.883574301076215,0.47965161282332325,0.4948009968073503
AGCACACGTTTAGACT-1,0.761634063423062,True,0.0,tumor,0.5580960077281762,0.46979323413030155,0.6017318731538761,0.5027903174868567,0.7979258881193956,0.5247883730578933,0.4697932341303015
AGCACCAGTACTCACG-1,0.8201765909507088,True,0.0,tumor,0.7388257259098255,0.5677175252497104,0.8002563673856099,0.6777294766761413,0.927602612952713,0.555735136574461,0.45564525760145225
AGCACTACCGGCCTGT-1,0.8928790375872804,True,0.0,tumor,0.7942001523342436,0.5280425049694402,0.8194072897508777,0.5458135949023759,0.8720656347439405,0.41567742295045423,0.41567742295045423
AGCACTACCTCACCAG-1,0.6711610576348914,False,1.4142135623730951,adjacent,0.9727516766055473,0.5038362221107582,0.7217786880677701,0.6212487692507754,0.9188922816990647,0.4439614334280778,0.44396143342807776
AGCACTTAAGGACGCC-1,0.7985724635950351,True,0.0,tumor,0.8903843653049471,0.4346263166694533,0.7157387281948393,0.5406379460885395,0.9332872810684126,0.4883210413222117,0.5036623912229998
AGCAGAAGGAGAAAGA-1,0.5447050580807478,False,11.661903789690601,distal,0.5607432796448011,0.47375020899515125,0.7366521763361756,0.5085474372550111,0.6595564316241197,0.47375020899515125,0.4737502089951513
AGCAGCCAGATGAATA-1,0.5536978208772224,False,8.602325267042627,distal,0.4825280053502759,0.48252800535027585,0.7358440617511006,0.5170094187148192,0.7515773634051689,0.5378823063156787,0.5536978208772224
AGCAGTCGAAGCATGC-1,0.5359670703258732,False,11.045361017187261,distal,0.8829998699585726,0.634376141732771,0.7319706849467759,0.5718943320514964,0.8773484455160641,0.5202647891161517,0.5359670703258732
AGCATATCAATATGCT-1,0.661499510354217,False,11.40175425099138,distal,0.7144290252466142,0.6246447082427687,0.721479128350889,0.623253264968697,0.8719116383166577,0.4993126381690167,0.4450760742350778
AGCATCATTTCGAAAG-1,0.8309647216184585,True,0.0,tumor,0.8568383213509446,0.4702236093307821,0.6807599063701723,0.5617325233610136,0.8988346137036288,0.522791308278685,0.4852429518873258
AGCATCGTCGATAATT-1,0.7990541476580602,True,0.0,tumor,0.8927808430399969,0.5507068680451058,0.8415886418101767,0.5121997436326146,0.9073630825098189,0.4426238644596779,0.4426238644596779
AGCATTACGAGGCAAG-1,0.7458897620241878,False,1.4142135623730951,adjacent,0.4224209998328039,0.4833237350374954,0.6863261439001281,0.6058277136859315,0.7106231135437658,0.47559246255116505,0.49078430904212544
AGCCAAGCTTTGTGTC-1,0.48576046369057574,False,14.7648230602334,distal,0.571128016496684,0.5411333420027619,0.6138117928997381,0.587278232922774,0.751946954830648,0.4857604636905758,0.48576046369057574
AGCCACAGGTTACCCG-1,0.6113287314591443,False,4.0,mid,0.8157034312359507,0.4699604302513515,0.7343950287020008,0.538204313659923,0.9056353892589692,0.4699604302513515,0.4699604302513514
AGCCACTCCCGTGCTT-1,0.5963726403452202,False,4.47213595499958,mid,0.8675853164651025,0.4497575656244775,0.7241960653179512,0.584263129539839,0.8374061721768055,0.5093691752277274,0.5264010636857986
AGCCATATAGTATGTG-1,0.5618745073685718,False,19.235384061671343,distal,0.573765999739917,0.5460191842067782,0.6153862230396254,0.5571179104200338,0.5693849236031057,0.5460191842067782,0.5618745073685718
AGCCCATACATGTAAG-1,0.7431310260268628,False,1.4142135623730951,adjacent,0.8892511471511638,0.4863951897056729,0.7152023073064705,0.6314514481041817,0.8940255252744804,0.6473028788695064,0.6396406079569429
AGCCCGCAACAAGCAG-1,0.4799085994538261,False,13.038404810405298,distal,0.4799085994538261,0.479908599453826,0.7338098422783259,0.5477716472533393,0.7998017112669653,0.5905862391399928,0.622208421907469
AGCCCGCACTACAATG-1,0.5324201240435984,False,6.324555320336759,distal,0.7246047669471847,0.4552750376191273,0.7261745527503761,0.5598394917237921,0.8798314545769206,0.4552750376191273,0.45527503761912724
AGCCCGGCATTAGAGG-1,0.8247983694397337,True,0.0,tumor,0.7782282784372736,0.4953773368754141,0.7092180794738896,0.6437923795723494,0.8599043168865148,0.4871878231684284,0.50246017149545
AGCCCGGTAGCCTGTA-1,0.560341876258947,False,7.615773105863909,distal,0.5722287242935964,0.4890207880510505,0.7386445967786881,0.5555871370450871,0.6472792497880715,0.4890207880510505,0.4890207880510506
AGCCCTAAGCGAAGTT-1,0.8179592519167842,True,0.0,tumor,0.9619257277675604,0.5632558657972467,0.7170623641531516,0.5489383046313326,0.9033738417268719,0.44343197904475284,0.4434319790447528
AGCCCTCCCTGGTGGC-1,0.8410203740416079,True,0.0,tumor,0.5558017054004348,0.5235127285787711,0.7227400657638077,0.5364283193074365,0.7415910617540341,0.5267606680413903,0.46867859332330164
AGCCCTGTCGCACCGT-1,0.7339392202291383,False,3.1622776601683795,mid,0.7087768674877855,0.5633239827354524,0.580727860446971,0.5843095729067974,0.8959937462784197,0.4959098874832029,0.5113016616109746
AGCCCTTCTAATCCGA-1,0.7985605210149601,True,0.0,tumor,0.726207063107247,0.5249153182609126,0.8210792509613777,0.5867766445596239,0.7745638967842613,0.46374011530339904,0.4112467257426294
AGCCCTTGGACATCCC-1,0.4657247951847517,False,10.770329614269007,distal,0.7125898679150645,0.575442605287113,0.5984158167530513,0.6327704397257984,0.7675929918425893,0.46572479518475174,0.4657247951847517
AGCCGCAAATTCAAAT-1,0.798890932397035,True,0.0,tumor,0.8737111965669063,0.4419272139553029,0.7189642200300954,0.5114919467201694,0.8958148170962432,0.4959408497278418,0.44192721395530293
AGCCGCTTGATTAGCG-1,0.8319718792047833,True,0.0,tumor,0.8042597856174182,0.4622972747032269,0.7181561054450203,0.5663434208326367,0.8222470572016063,0.4622972747032269,0.46229727470322685
AGCCGTGGCTAAATGT-1,0.6567821912245921,False,1.4142135623730951,adjacent,0.945847034126586,0.439335674079028,0.7190408515855765,0.5457207081684594,0.9202782495446106,0.4932316533219392,0.439335674079028
AGCCTAATACCCACGT-1,0.9014498292211048,True,0.0,tumor,0.83353768414795,0.4011592264392799,0.788594437942373,0.5839083022162774,0.8939008615000131,0.5673521707629716,0.4672176176941267
AGCCTTAAAGCGGAAG-1,0.7324424168597383,False,1.4142135623730951,adjacent,0.8922142339631054,0.5536358963879446,0.7215278938861951,0.5838228464210743,0.9285925899852457,0.5536358963879446,0.5150834786347243
AGCCTTGTCACTGATA-1,0.8269082252529836,True,0.0,tumor,0.8131676234000261,0.5701263878826159,0.7257844284679262,0.5932694272603987,0.7929921359157801,0.6192201229820358,0.5958670711220453
AGCGACAGGAACGGTC-1,0.6684978622781665,False,1.4142135623730951,adjacent,0.9760630886696761,0.4504263501086775,0.7196887365546453,0.5233647290493971,0.932496766075027,0.5047372234297497,0.45042635010867743
AGCGACATCCCATTCA-1,0.8092769962022598,True,0.0,tumor,0.8931849003325345,0.49669632849703077,0.720253023463189,0.5446469375243829,0.9170868569182528,0.49669632849703077,0.4426238644596779
AGCGACCAACGATATT-1,0.6386016034904181,False,1.4142135623730951,adjacent,0.8956974864849802,0.48135453627846203,0.8248690297051775,0.559142841219417,0.9643314941760018,0.5793438481116127,0.6246327656626939
AGCGACTTTGAAGACA-1,0.4968790057404001,False,10.770329614269007,distal,0.49687900574040017,0.4968790057404002,0.6218511397202252,0.4968790057404001,0.5758087745697633,0.4968790057404002,0.4968790057404001
AGCGAGACGTGAAGGC-1,0.6132674102913194,False,1.4142135623730951,adjacent,0.643398539820543,0.46775901465752656,0.7241681992977763,0.5381783053744265,0.8267701522658008,0.46775901465752656,0.4677590146575267
AGCGATGCGCCTAATA-1,0.6908782573387154,False,1.4142135623730951,adjacent,0.8944249382303221,0.5807959773851765,0.7333988184807445,0.6072172992253245,0.9617414209323677,0.5257822611108014,0.5415004657606228
AGCGCATAATGAATCG-1,0.47890542272752606,False,9.486832980505138,distal,0.6482286499842093,0.5895025605776316,0.7380315443348381,0.5136376302736444,0.7227594986462982,0.5342039916525789,0.5500035827740225
AGCGCGGGTGCCAATG-1,0.45566516190157724,False,2.8284271247461903,mid,0.5445716992699103,0.45566516190157724,0.7264601794571699,0.49182410968065543,0.8077508601800437,0.619573092570919,0.5961576739038702
AGCGCTAGAGCGATGT-1,0.6560735981401421,False,4.0,mid,0.6308356090583144,0.6164211360666803,0.5833611993535084,0.6505099481692026,0.8665672289736213,0.5010589087666498,0.5165603777039992
AGCGCTTATGGGCAAG-1,0.5436262450139727,False,2.0,adjacent,0.7088000891712646,0.4494138847089859,0.6979114417878839,0.4686284344869867,0.8638715581798501,0.39753664381653014,0.3975366438165301
AGCGGACACTTCGTAG-1,0.48439502870200085,False,11.40175425099138,distal,0.5674729235170634,0.5397802919120425,0.7374393914061195,0.5861208642181723,0.69862899180739,0.4843950287020008,0.48439502870200085
AGCGGCGGTTAGCGGT-1,0.9084720663052044,True,0.0,tumor,0.9557673373088855,0.4785029135472205,0.7034010477623586,0.6008155455237882,0.8331309380289044,0.48572330899700905,0.42545839603187874
AGCGGGAAGGGTCCAT-1,0.9042404120986298,True,0.0,tumor,0.8145562800720801,0.45039848408850247,0.7214164298054953,0.5196269668765907,0.849199365241393,0.5098336088973107,0.5268150731283987
AGCGGGTCTGACACTC-1,0.4906091512010255,False,14.422205101855956,distal,0.5738403091270505,0.4906091512010255,0.6177896672797192,0.49060915120102533,0.5957432454233729,0.4906091512010255,0.4906091512010255
AGCGGTTGAGATGTAC-1,0.5762772589390213,False,4.0,mid,0.8829766482750934,0.550728541616353,0.7138508053279831,0.6055416225454681,0.9817844226013956,0.48360858768817305,0.49884555059275015
AGCGGTTGCCGCTCTG-1,0.6584223055548921,False,2.0,adjacent,0.4314495903695034,0.4848501736981924,0.5728835757677089,0.505352133608278,0.7696418776417719,0.5382507570268814,0.5687653760718465
AGCGTACGAGAGCTAG-1,0.8297187124306336,True,0.0,tumor,0.9000631629790633,0.46118263389622693,0.7280137100819262,0.5327722974604767,0.8773733782709574,0.46118263389622693,0.461182633896227
AGCGTAGCGCTAGACC-1,0.8346669214417083,True,0.0,tumor,0.8993525794646008,0.46043025135150195,0.7158641252856267,0.5948429285329468,0.850975457369389,0.5698632088031853,0.601129768075095
AGCGTCTGAACCCGCA-1,0.9101798552559296,True,0.0,tumor,0.7126316669453269,0.5046938762872553,0.8551454606253135,0.4868992550483941,0.8753670248183575,0.5046938762872553,0.45028702000780246
AGCGTGGTATTCTACT-1,0.5932277609254702,False,8.48528137423857,distal,0.8762330713927436,0.4531572200858273,0.7252967731148637,0.4893050214568354,0.8161121328651841,0.4531572200858273,0.4531572200858273
AGCGTTCCGATTTAAA-1,0.599410036544295,False,5.656854249492381,distal,0.8934031841572386,0.5077467536086496,0.7222802764309202,0.5584053205521188,0.9557839591454813,0.5077467536086496,0.5233039545863488
AGCTAACAAGCAATGT-1,0.7541221805558874,True,0.0,tumor,0.8748211930372105,0.6083802411339613,0.7147494844786267,0.679847294209441,0.9282493979473008,0.44078470712812795,0.44078470712812795
AGCTAAGCTCCGTCCG-1,0.4875996210221256,False,8.602325267042627,distal,0.5729532408181464,0.4875996210221256,0.6154140890598004,0.4875996210221256,0.7260212896394137,0.4875996210221256,0.4875996210221256
AGCTAAGTACGCAGGC-1,0.6039641404128948,False,1.4142135623730951,adjacent,0.8115142395363094,0.5765015140537629,0.7311695368667447,0.6678519013914433,0.8264034941056034,0.4630496572479518,0.46304965724795183
AGCTACGAATGGTGGT-1,0.5012539709078749,False,8.94427190999916,distal,0.7813214066766986,0.5826877705326124,0.7107019450482083,0.5628675992494752,0.8942557865990843,0.4226717940143789,0.4226717940143789
AGCTAGAAGCAGAAGT-1,0.7267537678840137,False,2.0,adjacent,0.5311309888721693,0.600986457114195,0.7172365267792454,0.6095357521038847,0.8403717033764817,0.600986457114195,0.5778377560688212
AGCTATTTAATCCAAC-1,0.901163207299305,True,0.0,tumor,0.88212209032306,0.39683999331215514,0.6956473276486652,0.545194969254491,0.8811836898717285,0.4995541436772,0.46287051854682687
AGCTCCATATATGTTC-1,0.537201136933623,False,8.246211251235321,distal,0.8139803823217967,0.5215280486974184,0.5998927158223262,0.6035129762767283,0.8760783416491403,0.46667223987070167,0.4666722398707016
AGCTCCTTCGCACATC-1,0.45588809006297726,False,4.242640687119285,mid,0.7987005145925058,0.5650547722107662,0.7276932508499137,0.5576436493340021,0.8186450074358274,0.45588809006297715,0.45588809006297726
AGCTCGTTGATGGAAA-1,0.8041297441899349,True,0.0,tumor,0.5116758624533244,0.4814876739304093,0.6975282840104776,0.5286927121068569,0.740351757172567,0.579473889539096,0.5568506620170222
AGCTCTAGACGTTCCA-1,0.5474200046177977,False,8.48528137423857,distal,0.7248369837819763,0.47645321295212617,0.7368611714874882,0.5444202938936262,0.7183229349079102,0.47645321295212617,0.4764532129521263
AGCTCTTCCCAGTGCA-1,0.5328102483260483,False,6.0,distal,0.6192479890022107,0.5646460705815328,0.7271080644262387,0.5926043582455554,0.840857158780583,0.4554422337401772,0.45544223374017717
AGCTCTTCGTAACCTT-1,0.5361780559071982,False,11.045361017187261,distal,0.7206895911125973,0.5700273086997715,0.7274006576380762,0.5977484255698602,0.8251524564630102,0.5152705790558992,0.5309153589541485
AGCTCTTTACTCAGTT-1,0.679337744126241,False,1.4142135623730951,adjacent,0.8954048932731427,0.45574875996210223,0.7267318731538762,0.5574430139887421,0.9329132897450113,0.5102825614445745,0.4557487599621023
AGCTGAAGTAAACCAA-1,0.5189608362990741,False,4.47213595499958,mid,0.8909091753515762,0.4489494510394025,0.7228793958646825,0.5835850563822474,0.8430424414153591,0.5034027506858136,0.5189608362990741
AGCTGCATTTGAGGTG-1,0.660699357489192,False,1.4142135623730951,adjacent,0.7824360474836984,0.495213236978828,0.7107925096137769,0.5355700458860466,0.8752966264515997,0.5409135100658258,0.5024760949355498
AGCTGCTGTGCCGAAT-1,0.7646197084418118,True,0.0,tumor,0.7475942335915585,0.6331283632738239,0.6956612606587527,0.5819762581508109,0.975583499796138,0.4972350715537474,0.460414327911402
AGCTGTAACCTCAATC-1,0.5340642192339233,False,2.8284271247461903,mid,0.9071411321035131,0.45669620464805216,0.7256729643872262,0.5582455553697822,0.9591645473825006,0.45669620464805216,0.4566962046480522
AGCTTATAGAGACCTG-1,0.6697717374861665,False,1.4142135623730951,adjacent,0.9859369484850173,0.4522655074402274,0.6968455665161901,0.5243047427966337,0.9334324776998507,0.5066166316793301,0.45226550744022737
AGCTTCAATACTTTGA-1,0.6881115596213406,False,1.4142135623730951,adjacent,0.806907057534043,0.4582009697375021,0.5932606030206766,0.5951030113879135,0.9312985272075022,0.6221181890802356,0.5987014434598451
AGCTTCTTCTCGAGCA-1,0.8088311398794596,True,0.0,tumor,0.8882340374147765,0.5422170205651229,0.7159546898511955,0.7444332980363744,0.838022157885937,0.48851919968790053,0.5038614342242498
AGCTTGATCAGGGTAG-1,0.5416397958614979,False,1.4142135623730951,adjacent,0.8066794850359472,0.4656411971242267,0.7220782477846515,0.569176466217095,0.8515415775687337,0.4656411971242267,0.4656411971242268
AGCTTGATCTTAACTT-1,0.6552973304352674,False,2.8284271247461903,mid,0.8775427743409686,0.4993714664338306,0.7003566850582399,0.4766148358691413,0.8897546910245014,0.493209979750692,0.43925207601850313
AGGAAAGCCTCTGATG-1,0.759997929952787,True,0.0,tumor,0.8870543758940349,0.4618514183804269,0.7275678537591261,0.59857325976704,0.823181302193789,0.4618514183804269,0.4618514183804269
AGGAACGAACGACTTC-1,0.47015549239257654,False,7.615773105863909,distal,0.5580263426777389,0.4701554923925765,0.7332455553697821,0.5732449051626446,0.7984612090332837,0.5251196690755293,0.540823719556373
AGGAAGCTGTCCGCCG-1,0.49130580170540045,False,10.0,distal,0.5745508926415129,0.4913058017054005,0.6161734381095691,0.5251815935648071,0.6494894651777413,0.4913058017054005,0.49130580170540045
AGGACAGTCGAATCCC-1,0.5684668115699715,False,11.313708498984761,distal,0.7771043489568821,0.6523497247456452,0.7143872262163518,0.5692006167679132,0.8654027226568344,0.48400180819508687,0.49935908153597497
AGGACATCGCACGTCG-1,0.6543896943495673,False,1.4142135623730951,adjacent,0.8867292723253266,0.43705066042467816,0.7181003734046704,0.5068123130654478,0.9542322618115259,0.4907918284443949,0.5061464478785997
AGGACATCGGCACACT-1,0.47450259153987634,False,9.055385138137417,distal,0.809466087053447,0.47450259153987623,0.6058212116145573,0.5094781623288561,0.7719136916023548,0.5848024918414486,0.5454096703051728
AGGACGACCCATTAGA-1,0.7434216288086878,False,2.8284271247461903,mid,0.816980623827305,0.45750431923312707,0.7152092738115143,0.5294320905088336,0.932977821581206,0.566534767504505,0.5275953216932986
AGGACGCTCGATGTTG-1,0.7358778990613132,False,2.8284271247461903,mid,0.7610720986828662,0.5205867964603962,0.7065499080421334,0.5918686953129355,0.933689138411989,0.5733619424473796,0.618597781864794
AGGACTTATAGGAGAA-1,0.8118924212386844,True,0.0,tumor,0.8860465548310391,0.45984506492782695,0.7295533076965948,0.5286964275762136,0.8522528943995166,0.45984506492782695,0.45984506492782706
AGGAGACATCCACAGT-1,0.7295642550616636,False,2.0,adjacent,0.7830444555908526,0.4181853647662041,0.7069818313548459,0.4886120864218172,0.8538339243862876,0.5239709697994266,0.5541954283803473
AGGAGAGTCTGGCTAC-1,0.5485863966051227,False,1.4142135623730951,adjacent,0.5564844228947222,0.4736944769548013,0.7361296884578945,0.5068104553307696,0.7699058715171141,0.5288877742480819,0.4736944769548014
AGGAGCGTTTATTATC-1,0.5394224568275731,False,10.198039027185569,distal,0.4685949952627766,0.4685949952627766,0.7253594716602575,0.5036801723977782,0.7066529389851489,0.4685949952627766,0.4685949952627766
AGGAGGCCTTCGCGCG-1,0.45834029983837704,False,11.40175425099138,distal,0.8010969923275558,0.5130691634620743,0.7286755280610823,0.5631239666350852,0.7961321963997103,0.5677980270857717,0.5287059816402736
AGGATAAAGTCGGGAT-1,0.5533276008948973,False,2.0,adjacent,0.6481729179438592,0.5375200480534037,0.7399125006966505,0.583090898957811,0.6965581065185955,0.48219361310817593,0.4821936131081759
AGGATATAGGGATTTA-1,0.5342154919148734,False,15.556349186104045,distal,0.6407930669341806,0.6869624180274572,0.7211029370785265,0.5674747812517416,0.7919904258221209,0.46366270969180184,0.4636627096918019
AGGATATCCGACTGCA-1,0.6085540720217196,False,5.830951894845301,distal,0.8996405283397424,0.5175215342411463,0.7304519868472386,0.5997622099611732,0.8775669737795417,0.46277099704620184,0.4627709970462019
AGGATCACGCGATCTG-1,0.9009522217179801,True,0.0,tumor,0.8703394081257314,0.4657278914092156,0.6754932285570975,0.6223188244254955,0.9080128007696888,0.47780626304284557,0.41355960541715436
AGGATTGCTTACGACA-1,0.59756689835272,False,5.0990195135927845,distal,0.8847925839231642,0.5637915126294996,0.7092668450091957,0.5913058017054005,0.9021946690836773,0.44992476174552753,0.4499247617455274
AGGCAAAGAGGAATCA-1,0.8173780463531342,True,0.0,tumor,0.9494463950658566,0.42902524661427854,0.7061388842445522,0.5687584759144699,0.9169621931437856,0.4911726640534532,0.5089290690360746
AGGCAATACGGAGGAC-1,0.6954482846474154,False,2.0,adjacent,0.5625638596295677,0.47589589254862624,0.7301106281000947,0.5439001281836929,0.7441620687733378,0.5311015747397624,0.47589589254862613
AGGCACGTGACTGTCC-1,0.5334113581898234,False,10.198039027185569,distal,0.6273012688327854,0.5177630397493297,0.7195006409184641,0.5673001541919783,0.7678437860241643,0.5177630397493297,0.5334113581898234
AGGCAGATGCGTAAAC-1,0.4638577718330268,False,7.0710678118654755,distal,0.7173781790484682,0.5187631202511658,0.7315178621189322,0.4993795166174367,0.6796463655376529,0.4638577718330268,0.4638577718330268
AGGCAGGGAGCGTACT-1,0.4908042133422504,False,5.830951894845301,distal,0.4908042133422504,0.49080421334225044,0.6156370172212005,0.4908042133422504,0.5706256948172136,0.49080421334225044,0.4908042133422504
AGGCATTGTCGTAGGG-1,0.4750041799030261,False,14.142135623730951,distal,0.5622108900406843,0.585291695306743,0.7360251908822382,0.6107339909714093,0.8287926386774493,0.585291695306743,0.6168024139935191
AGGCCACATTGGTTAC-1,0.5717828679707965,False,10.0,distal,0.6951782496423861,0.6097456761225363,0.6860196176782032,0.6075108213045014,0.9468844322811709,0.6429062401307846,0.7055198605106648
AGGCCACCCGTTATGA-1,0.5998001608267449,False,1.4142135623730951,adjacent,0.7967591818536476,0.49821967093326397,0.7208800089171263,0.5494714744840141,0.929050179369172,0.49821967093326397,0.5136742541858742
AGGCCCAGTGACTGGT-1,0.8324296781076583,True,0.0,tumor,0.8849086923405599,0.5053007362821775,0.5847266343420833,0.5853833435508741,0.8151558883833895,0.6685027277737527,0.6607312043693919
AGGCCCATTGTACAGG-1,0.8909682247752804,True,0.0,tumor,0.8155362351149008,0.504814629041347,0.7061876497798584,0.6174274090174442,0.9529650912098838,0.504814629041347,0.5203302521476739
AGGCCCTAGAACGCCA-1,0.8940971807549304,True,0.0,tumor,0.8630292221664903,0.5149547641605826,0.8375898679150644,0.5552973304352673,0.9060680458880022,0.6718961897861748,0.6793695910064411
AGGCCTATCATACCAA-1,0.561146009983997,False,12.083045973594572,distal,0.6562726411413923,0.4898010366159505,0.48980103661595054,0.5230953575210388,0.6480462986592045,0.4898010366159505,0.4898010366159506
AGGCCTGAGAATCTCG-1,0.617626452018694,False,3.1622776601683795,mid,0.726815471214401,0.5225590914438932,0.7334475840160508,0.6385517100447715,0.7692121542780207,0.4676196845566516,0.4676196845566515
AGGCGATAACTGGCGT-1,0.5435585703935478,False,12.727922061357855,distal,0.6445131806275428,0.5818827521720016,0.6011397202251574,0.6398576975236397,0.8236198253533852,0.4687343253636516,0.46873432536365156
AGGCGGTTTGTCCCGC-1,0.6080086941982945,False,1.4142135623730951,adjacent,0.7266807854502219,0.5701759274740382,0.5928844117483141,0.6628898920656152,0.9020289395952682,0.5782137261822933,0.5362974817079481
AGGCGTCTATGGACGG-1,0.8103796944291846,True,0.0,tumor,0.8623279273254195,0.49909590245654456,0.5826157833138271,0.5182763937654424,0.8881472616501963,0.49909590245654456,0.44474168199297776
AGGCTATGGTTAGCTT-1,0.7112761841068144,False,1.4142135623730951,adjacent,0.8774591762804436,0.4237028367608538,0.704585353619796,0.5625982277211168,0.922573529627446,0.4237028367608538,0.42370283676085385
AGGCTTAAGTTGCACA-1,0.5312338277561485,False,21.2602916254693,distal,0.815308662616805,0.4607925096137769,0.7277698824053949,0.4966319270281817,0.8444181428324196,0.515580201502288,0.460792509613777
AGGCTTCCCGAAGAAG-1,0.8912309615369305,True,0.0,tumor,0.8084629103271471,0.504926093122047,0.7234994148135763,0.5840290549703692,0.9068013622083967,0.504926093122047,0.4505935462297276
AGGCTTGCTAGACACC-1,0.7476293978551128,False,1.4142135623730951,adjacent,0.8163164836798008,0.4534637463077524,0.7122345761578331,0.5225733340764273,0.9799467319024867,0.4534637463077524,0.45346374630775227
AGGGAAACGAGGTACT-1,0.6539557806068422,False,1.4142135623730951,adjacent,0.6902831187649779,0.4897267272288171,0.7173549573649892,0.5418027457318544,0.942923057518399,0.4897267272288171,0.5050795773918998
AGGGACAGCACGGCGG-1,0.5920096177578204,False,2.8284271247461903,mid,0.8035492021029557,0.4999071132660833,0.5840021178175333,0.5801631091047575,0.8465770260796616,0.4999071132660833,0.44577272473945273
AGGGACCGGCTGCGTT-1,0.6053853074418197,False,8.94427190999916,distal,0.7233600847127013,0.5740833627474657,0.7307027810288135,0.5985602556242917,0.7705775892665956,0.4645265563172268,0.4645265563172268
AGGGACTCTACGCGAC-1,0.5412576332990978,False,7.0710678118654755,distal,0.8007393784019766,0.47048988463467656,0.7336356796522321,0.5716955544409148,0.7447164559115563,0.47048988463467656,0.47048988463467645
AGGGAGACATACTTCG-1,0.4570863289305022,False,2.0,adjacent,0.7183302680711141,0.5116851511267161,0.7153416374073455,0.6301064481970687,0.8756926172646129,0.5116851511267161,0.4570863289305022
AGGGCAGCGGCGTGGT-1,0.7421358110206129,False,1.4142135623730951,adjacent,0.8054951791785095,0.45413253079195237,0.7254361032157387,0.5942614575786286,0.9257751886822895,0.508626081356394,0.5241956672319488
AGGGCCCTAATGTTCT-1,0.5436143024338977,False,9.486832980505138,distal,0.7338098422783258,0.47274703226885134,0.7349523491055007,0.5409314681677163,0.8504548027819088,0.47274703226885134,0.4727470322688513
AGGGCGAGCAGCTGAT-1,0.5913328715535704,False,1.4142135623730951,adjacent,0.8075201099778929,0.4422616061974029,0.8414841442345204,0.4794274461721377,0.8724630921895946,0.4422616061974029,0.44226160619740285
AGGGCGTGATCGGCTA-1,0.5921290435585705,False,1.4142135623730951,adjacent,0.9861320106262425,0.5067249995355664,0.5890946330045143,0.6192907168998122,0.907314683632673,0.5610730275502053,0.5222530075397489
AGGGCTGCAGTTACAG-1,0.6131678887906944,False,3.1622776601683795,mid,0.6308866967619685,0.460764643593602,0.7292955470099761,0.559170707239592,0.9013073563359996,0.6288493810647297,0.6065835463093447
AGGGTCAGAGCACTCG-1,0.5535545099163224,False,1.4142135623730951,adjacent,0.6515679280685133,0.48241654126957584,0.736143621467982,0.5501105352133607,0.7492600838327218,0.48241654126957584,0.48241654126957595
AGGGTCAGTAACCCTA-1,0.7854475680926108,True,0.0,tumor,0.5093165394118412,0.5238068699028404,0.6812475617232348,0.5563655278753089,0.7264436798399609,0.5866788038665651,0.5539924045190723
AGGGTCGATGCGAACT-1,0.4865407122554757,False,12.165525060596439,distal,0.7400843411543963,0.5419259754655174,0.7357743967006631,0.5206338590722474,0.7817694629484596,0.4865407122554757,0.4865407122554757
AGGGTCTGGACGCAGT-1,0.46703449813297665,False,6.324555320336759,distal,0.6318620074680934,0.5769195043563878,0.7324583402998384,0.5705567630830966,0.8255088481947218,0.4670344981329767,0.46703449813297665
AGGGTGCCGTTCTTTA-1,0.9042642972587799,True,0.0,tumor,0.8022580765015142,0.4664771777294766,0.7293930780805885,0.5678370395140165,0.8744459795199419,0.5213546601274406,0.5370339408125732
AGGGTGCTCTCGAGGG-1,0.4755615003065263,False,11.40175425099138,distal,0.7235690798640139,0.5306742957637456,0.7305425514128072,0.6096918018168644,0.8299982107081783,0.47556150030652616,0.4755615003065263
AGGGTGGATAGTGCAT-1,0.6701937086488163,False,1.4142135623730951,adjacent,0.8973555146853927,0.4315053224098534,0.714798250013933,0.5054654554236563,0.9258822528650669,0.48499879247245903,0.43150532240985345
AGGGTGTGCTACACGC-1,0.6822835805447409,False,1.4142135623730951,adjacent,0.8006279143212766,0.459371342584852,0.8498300172769325,0.560993144959037,0.788326777485429,0.459371342584852,0.459371342584852
AGGGTTCAGACGGTCC-1,0.6237450338771188,False,4.47213595499958,mid,0.5644169499712052,0.536730510815112,0.6105096695090008,0.5823440896171209,0.7205771492768035,0.536730510815112,0.5525513331900224
AGGGTTCCCTTTGGTT-1,0.4409240372290029,False,9.486832980505138,distal,0.6139348678221775,0.5009753107061249,0.7200161622917015,0.5465343959575694,0.7500505988261073,0.49495625034832524,0.5103940255252745
AGGGTTTAGTTCGGGA-1,0.681121169417441,False,1.4142135623730951,adjacent,0.880621969570306,0.4990804213342251,0.7218413866131639,0.5792713964591578,0.955451033536022,0.4990804213342251,0.44499247617455273
AGGTAACCTCCTATTC-1,0.6833066615711658,False,1.4142135623730951,adjacent,0.9748416281186721,0.5688073962609993,0.7290447528284011,0.5282134165598469,0.8807598330385402,0.5140754364128381,0.5297131392265986
AGGTACGATATTGCCA-1,0.797163239146185,True,0.0,tumor,0.8607674301956195,0.4658331630409879,0.7056303293763585,0.6202660276059373,0.9510980678581591,0.4658331630409879,0.480879929299926
AGGTAGATCGAGATAT-1,0.6773950844340412,False,1.4142135623730951,adjacent,0.6316297906333018,0.5144810418176076,0.7151117427409017,0.5941908636608519,0.8508243942073878,0.573296921733638,0.6057117379638698
AGGTAGGTACAAAGCT-1,0.8907731626340555,True,0.0,tumor,0.8930920135986179,0.44117483141057795,0.7190338850805328,0.6122443292648945,0.8466635574054682,0.549084446426028,0.579915765001871
AGGTATAATTGATAGT-1,0.6735296693497663,False,8.94427190999916,distal,0.7222640212524847,0.626558174961452,0.7282714707685448,0.5658474056735217,0.8211676155779851,0.4621579446023519,0.4621579446023519
AGGTATGCGGACATTA-1,0.5834029983837709,False,4.242640687119285,mid,0.8005954039644059,0.558048016248986,0.716330881123558,0.6143454271860893,0.9222699366708025,0.4985633518487556,0.5139887421278494
AGGTCAGGTGAGAGTG-1,0.9532368372863275,True,0.0,tumor,0.8922560329933679,0.5327394774811595,0.7052332385888648,0.5654647123297851,0.9445290202600634,0.5400187011957619,0.4946537049864253
AGGTCGCCACTTCGGT-1,0.759249528268087,True,0.0,tumor,0.7294859648145051,0.46121049991640195,0.7277768489104386,0.5983874862992067,0.8162411965375737,0.5159084012954603,0.5315363731180485
AGGTCGCCTCCCAACA-1,0.5497726928925726,False,10.0,distal,0.7273588586078136,0.4787382266064761,0.7333500529454383,0.5134760073566292,0.6928372595089126,0.5339872559401067,0.5497726928925726
AGGTCGCGGAGTTACT-1,0.5835224241845207,False,1.4142135623730951,adjacent,0.6176503371788441,0.43674413420275315,0.7129103271470769,0.6130357242378642,0.858942205874157,0.5444617833014421,0.5059911943376246
AGGTGCACGTCCACAT-1,0.7295961019418635,False,1.4142135623730951,adjacent,0.9726077021679763,0.49788218246670013,0.7200858273421391,0.6588251685894221,0.9015361510279627,0.5036411599695332,0.520756204170349
AGGTGGTGACCTTCGC-1,0.4775121217187762,False,14.142135623730951,distal,0.6467981942818928,0.4775121217187761,0.4775121217187761,0.5454587675788145,0.7464470824276876,0.5327394774811595,0.5485187219846976
AGGTGTATCGCCATGA-1,0.7574302752366622,True,0.0,tumor,0.9039783388136508,0.5029878566076527,0.7222802764309201,0.5218228092663806,0.9327050279100191,0.44881012093852757,0.44881012093852757
AGGTGTTGCCGACCAC-1,0.6163724811108192,False,10.198039027185569,distal,0.8134927269687343,0.5297423322001152,0.7287730591316949,0.5754667558379312,0.7978422900588705,0.5297423322001152,0.5454932683656979
AGGTTACACCATGCCG-1,0.45834029983837704,False,4.242640687119285,mid,0.7206338590722473,0.6273662895465271,0.7280415761021011,0.6311356332088653,0.816650387044354,0.4583402998383771,0.45834029983837704
AGGTTCTCCTTTCCGG-1,0.8238787907739588,True,0.0,tumor,0.889827044901447,0.5570572244205416,0.7190269185754891,0.6167140389009642,0.92287858921673,0.4974765770619307,0.5128780821808743
AGGTTGAGGCACGCTT-1,0.6697956226463165,False,2.8284271247461903,mid,0.8087044158353304,0.5550632558657972,0.7065777740623085,0.6499749205818425,0.9010785616440365,0.5008638466254249,0.5163493921226742
AGGTTTCACACACCTT-1,0.4748369837819762,False,7.0710678118654755,distal,0.6447964851659885,0.5300117037284735,0.7361296884578944,0.5097902617548163,0.8509563911450588,0.5851864236749708,0.6167148350729691
AGTAACGTTCATCCTG-1,0.5847644525123208,False,5.0990195135927845,distal,0.8897295138308347,0.44541046647717775,0.7213258652399264,0.5183897155808207,0.9215791526969906,0.44541046647717775,0.4454104664771777
AGTAACTATAGCAGCC-1,0.47427966337847627,False,2.8284271247461903,mid,0.818062754277434,0.5845486014354095,0.7365198127403444,0.6085325753775845,0.7764177204422191,0.4742796633784763,0.47427966337847627
AGTAAGGGACAGAATC-1,0.6309663139624685,False,8.0,distal,0.8555100410559365,0.4118319121663044,0.7053307696594773,0.48926415129391226,0.9189010814949093,0.4118319121663044,0.41183191216630444
AGTAATCTAAGGGTGG-1,0.5347688314583483,False,11.40175425099138,distal,0.6343978153040183,0.5228625214413545,0.7214791283508889,0.56800052016571,0.820605895276563,0.46427576213565186,0.46427576213565175
AGTAATGTCTTGCCGC-1,0.7506986409343874,False,1.4142135623730951,adjacent,0.8896505601070056,0.49317282505712534,0.7135512456111018,0.6133311040517192,0.922322735445871,0.43927994203867804,0.4392799420386781
AGTAATTTGCAAGCGT-1,0.8288867126854085,True,0.0,tumor,0.8037396199074847,0.5639308427303746,0.7244398929944825,0.689100670642219,0.88040637457211,0.5045235839417415,0.520051591945924
AGTACAGAAGCTTATA-1,0.499223732295125,False,11.313708498984761,distal,0.6815656987868993,0.49274244985664484,0.7150699437106393,0.5682717494287466,0.7254698357664768,0.5444277248323395,0.499223732295125
AGTACATCATTTATCA-1,0.5953734444789452,False,4.0,mid,0.6275706403611437,0.44900518307975257,0.586461294097977,0.5905199799364654,0.9013190893971261,0.5033253450742166,0.4490051830797527
AGTACCTTCGAGTGCT-1,0.578773258174696,False,2.8284271247461903,mid,0.7664966839435992,0.5875612278387733,0.7019241486930836,0.6212227609652788,0.8856099871816306,0.5180293150532241,0.5480768465219227
AGTACGGCCCGTATCG-1,0.8909323970350556,True,0.0,tumor,0.7028924928941649,0.4415928217132029,0.7094688736554645,0.6509242230024708,0.7658300994083603,0.5548898672958196,0.518128836553849
AGTACGGGCACCTGGC-1,0.6309503905223685,False,2.0,adjacent,0.7599481692024744,0.47871345681076494,0.7115588251685895,0.5684630961006149,0.9054300606892587,0.4861443955240979,0.5034912142419249
AGTACGTGGCCTGTCT-1,0.5023447265547248,False,2.8284271247461903,mid,0.8842306191829682,0.5407091592512091,0.7160940199520704,0.5032120232588382,0.9012105585817075,0.48699895347613126,0.5023447265547248
AGTACTCTTATGCCCA-1,0.7251932707542137,False,2.8284271247461903,mid,0.8030847684333723,0.5004861072408304,0.7228097308142452,0.621250626985454,0.902314932960222,0.6632050877160389,0.5857198589183207
AGTAGAAGGCGCCTCA-1,0.4858440617511008,False,19.235384061671343,distal,0.4858440617511008,0.4858440617511007,0.7424204425124005,0.5190956547585873,0.7004036173027451,0.4858440617511007,0.4858440617511008
AGTAGCGTGAACGAAC-1,0.6827772071878409,False,2.0,adjacent,0.8963569822957886,0.5752785053905268,0.5889971019339019,0.5999108287354401,0.8495454905446193,0.4655297330435267,0.4655297330435268
AGTAGCTAGACGCCGA-1,0.6042268771745448,False,2.0,adjacent,0.9695192182652473,0.5767461157864101,0.7203226885136265,0.5317784094075686,0.8527955484766087,0.4632168533690018,0.4632168533690018
AGTAGGAAGGAAGTTG-1,0.662311605799317,False,1.4142135623730951,adjacent,0.7792035891433985,0.4947085523912141,0.715494900518308,0.6134871537646992,0.8682039910007421,0.5483846996971893,0.4344312545282283
AGTAGGTAACATACAT-1,0.8297784253310085,True,0.0,tumor,0.809164205168218,0.4344312545282283,0.6892729755336343,0.5449776142971261,0.8341942466934767,0.48782254918352563,0.4344312545282283
AGTATAATACTAGGCA-1,0.8527081790750074,True,0.0,tumor,0.7480075795574875,0.48705778174094516,0.6845078860837095,0.5329264894387784,0.8485863127975432,0.5378234780508647,0.4507965700910024
AGTATACACAGCGACA-1,0.5604175125994221,False,7.615773105863909,distal,0.5722983893440339,0.4891322521317505,0.6138814579501756,0.5556651619015773,0.64788936896664,0.4891322521317505,0.4891322521317506
AGTATCCATAATAACG-1,0.8282139473411837,True,0.0,tumor,0.8155455237882925,0.45870255810065214,0.7148121830240205,0.5933084396886437,0.8744137136018445,0.5682222098373244,0.4587025581006521
AGTATGCTGGAGACCA-1,0.818743481341709,True,0.0,tumor,0.8006511360047558,0.4433762470044028,0.7185671292426016,0.5537888498764606,0.9628692614331348,0.4973186696142723,0.5127307903599494
AGTATTTGGCACGACC-1,0.559298890932397,False,7.211102550927978,distal,0.5692470601348716,0.5415389474075313,0.6144318118486318,0.5526221924984672,0.7522916135012334,0.4861227219528506,0.4861227219528507
AGTCAAATGATGTGAT-1,0.683645034673291,False,2.0,adjacent,0.641587248509168,0.526268368351632,0.7327787995318509,0.506394322762823,0.8560617393676466,0.4711865351390514,0.4711865351390515
AGTCAACACCACCATC-1,0.6642582463515418,False,1.4142135623730951,adjacent,0.9678519013914433,0.43504430697207824,0.7157247951847517,0.5048431143064148,0.9546238527266168,0.48863995244199226,0.5039529940048249
AGTCAAGATGACACTT-1,0.5348962189791483,False,9.899494936611665,distal,0.8160099574578759,0.5192213614718213,0.7313715655130135,0.5631109624923368,0.8741203870736866,0.46435936019617674,0.4643593601961768
AGTCACTAGCTCTCGA-1,0.4683999331215515,False,8.246211251235321,distal,0.7267922495309219,0.5233517249066488,0.7156829961544893,0.5387672072674581,0.8782562911207126,0.5233517249066488,0.5390522368452481
AGTCACTCCGCCTCAT-1,0.6727414590648164,False,1.4142135623730951,adjacent,0.9855003808356092,0.50918030553543,0.8333054673131584,0.5264801501049621,0.8486860438171169,0.563726491915758,0.5247649302155237
AGTCAGCCACCGCCTG-1,0.8706738003678315,True,0.0,tumor,0.8959018372995967,0.4772799048839845,0.7108552081591708,0.5948392130635902,0.919320538430175,0.4772799048839845,0.42398149696260384
AGTCCAGCGGGTACGT-1,0.7553443045835622,True,0.0,tumor,0.9784131230377678,0.44334838098422785,0.7195215404335954,0.5820152705790559,0.8941795217017634,0.5573637506424665,0.5129258525011744
AGTCCATTGGCTGATG-1,0.5506445012380474,False,17.029386365926403,distal,0.5657870292964758,0.5348511025655316,0.7382126734659756,0.5127403444240095,0.7482847731265969,0.5348511025655316,0.479574207211726
AGTCCCGCCTTTAATT-1,0.6705559669110915,False,4.47213595499958,mid,0.623669397536644,0.459566404726077,0.7286267625257761,0.5605640082483421,0.8434178993714013,0.6783703951401662,0.6002261128494201
AGTCCCTCGCAGAAAG-1,0.7449462981982627,False,1.4142135623730951,adjacent,0.7634453547344369,0.43936354009920303,0.7167279719110515,0.5808560441397759,0.7956438077303274,0.493377175871742,0.439363540099203
AGTCGAAACGATTCAG-1,0.8056464518594597,True,0.0,tumor,0.7868249456612606,0.49324094199533086,0.7180307083542329,0.5448475728696427,0.8669661530519159,0.439447138159728,0.439447138159728
AGTCGAATTAGCGTAA-1,0.5489645783074975,False,15.811388300841896,distal,0.6472719166248675,0.5331729489061039,0.7319567519366883,0.5110646677441527,0.8279786575618113,0.4779022460012261,0.477902246001226
AGTCGACGGTCTCAAG-1,0.5374559119752231,False,15.556349186104045,distal,0.7203737762172806,0.46675583793122666,0.7330295937134259,0.5022682940422449,0.7664519516480552,0.5217447844098906,0.5374559119752231
AGTCGGCCCAAACGAC-1,0.5847246439120708,False,2.8284271247461903,mid,0.8872355050251722,0.49955414367719997,0.7224126400267514,0.6156588456036708,0.9196930631209354,0.4453547344368277,0.44535473443682777
AGTCGGCTCAACTTTA-1,0.9689094832047516,True,0.0,tumor,0.894420293893626,0.4630620421458074,0.8175820654294153,0.5252447565438705,0.8675792054957657,0.4630620421458074,0.47800972922190116
AGTCGGTTGCGTGAGA-1,0.4743911274591763,False,6.0,distal,0.6485862639097885,0.4743911274591762,0.7296787047873823,0.5405859295175462,0.9065432348636179,0.4743911274591762,0.4743911274591763
AGTCGTATAAAGCAGA-1,0.4677032826171766,False,4.47213595499958,mid,0.8087973025692471,0.4677032826171767,0.7321796800980883,0.5382154600679933,0.8228997087267576,0.4677032826171767,0.4677032826171766
AGTCGTCGACCACCAA-1,0.4527392297832024,False,5.0990195135927845,distal,0.8160981998550967,0.45273922978320236,0.7248300172769325,0.5873395381671589,0.8759947435886155,0.5072575501433552,0.4527392297832024
AGTCGTGGGCATTACG-1,0.7568490696730122,True,0.0,tumor,0.8874073454829182,0.45399320069107735,0.589658919913058,0.5265284512065987,0.7957567384436681,0.5628874150860441,0.5940000477703202
AGTCTAAAGTATACTC-1,0.5266598195874236,False,2.8284271247461903,mid,0.8748815694142564,0.5096571241028689,0.7211865351390514,0.5882089579966189,0.8404127690904237,0.5589366326701221,0.5900191877453205
AGTCTCACAAGACTAC-1,0.6937723425768902,False,1.4142135623730951,adjacent,0.8206775158371881,0.4779579780415761,0.4779579780415761,0.5126994742610859,0.9108096692156741,0.4779579780415761,0.4779579780415761
AGTCTGGACATCCTTG-1,0.6073876800343946,False,1.4142135623730951,adjacent,0.804766018317264,0.45181965111742733,0.5741375466755838,0.557303683887867,0.9514207270391326,0.45181965111742733,0.45181965111742745
AGTCTTCTCCTCAAAT-1,0.5637455115803218,False,1.4142135623730951,adjacent,0.8767393040925895,0.5235498832723378,0.7088836872317895,0.5578944435155773,0.9496402350132144,0.5840346281744042,0.5637455115803218
AGTCTTTAAAGTGTCC-1,0.4881290754054506,False,8.94427190999916,distal,0.4881290754054506,0.4881290754054506,0.7437719444908878,0.4881290754054506,0.5938058237048899,0.4881290754054506,0.4881290754054506
AGTGAACAAACTTCTC-1,0.5382202371000231,False,16.492422502470642,distal,0.7237316316483681,0.4625202028646268,0.7292119489494511,0.5312470972895651,0.7658476990000498,0.4625202028646268,0.46252020286462686
AGTGAAGATGGTGTCC-1,0.7284934037149385,False,1.4142135623730951,adjacent,0.7778009994612569,0.5239183339835405,0.705059075962771,0.5633171710416318,0.8838984268898296,0.4710657823849598,0.41821323078637906
AGTGACCTACTTTACG-1,0.8185324957603841,True,0.0,tumor,0.8652677924538817,0.5869791376395623,0.7127291980159394,0.6332534507421651,0.9085407885203729,0.5408763553722591,0.49587582901410027
AGTGACTGTGACACAA-1,0.7603920350952619,True,0.0,tumor,0.6347786509130767,0.5084186343173135,0.7241960653179513,0.5883352839547455,0.8396207874643975,0.4539096026305523,0.45390960263055236
AGTGAGACTTCCAGTA-1,0.6041990111543696,False,11.313708498984761,distal,0.640472607702168,0.5767492120108738,0.7306888480187259,0.59989968232737,0.7714986345650113,0.4631332553084768,0.4631332553084767
AGTGAGCCTCGCCGCC-1,0.5324758560839483,False,4.0,mid,0.7000640918464024,0.5684420417742605,0.7262581508109012,0.6274183061175201,0.8401751746026158,0.5093041545139857,0.5248763942962237
AGTGAGGGTTTCTGAC-1,0.6622240268787668,False,2.0,adjacent,0.9697560794367348,0.4523212394805774,0.7252201415593825,0.5250255438518271,0.901471619191768,0.5611597218351941,0.5222888352799739
AGTGAGTCGAATTAAC-1,0.45714206097085214,False,2.8284271247461903,mid,0.8096936595515429,0.5663644751589911,0.7282227052332386,0.594915380185402,0.9326624955634363,0.5117532680649216,0.5273564700917986
AGTGATAACCTGCGCG-1,0.5399439494908481,False,3.1622776601683795,mid,0.8184389455497967,0.5185061336206629,0.7304868193724573,0.6337141689423916,0.8501600096211102,0.46366270969180184,0.4636627096918019
AGTGATATGAGTAGTT-1,0.9737740941553013,True,0.0,tumor,0.7641512939122035,0.5114033947005022,0.8189753664381653,0.645913912575006,0.9094339677986136,0.5200944967706379,0.4854141288684008
AGTGATTCAAGCAGGA-1,0.5490123486277976,False,10.0,distal,0.7303544557766259,0.4741403332776013,0.7282993367887198,0.5768563413773244,0.8266146892058771,0.4741403332776013,0.4741403332776013
AGTGCACGCTTAAGAA-1,0.5302465744699485,False,11.661903789690601,distal,0.7065986735774397,0.5085115210512302,0.7262024187705511,0.6247338795073288,0.8429016446818435,0.567841374228266,0.60037738553037
AGTGCGTAGCTCGTAA-1,0.6746045015565164,False,1.4142135623730951,adjacent,0.9757983614780138,0.506319394130797,0.7240149361868138,0.556683200505304,0.8964058700504814,0.4518753831577775,0.45187538315777737
AGTGCTAAACACAGCA-1,0.5456485219066728,False,5.830951894845301,distal,0.8148813836407883,0.5298940471988458,0.605828178119601,0.579312266622081,0.8259708374765705,0.5298940471988457,0.4747533857214513
AGTGCTTGCACGAATA-1,0.5338134250523484,False,14.7648230602334,distal,0.6218488175518774,0.4578665774954021,0.7286824945661261,0.4939735087034869,0.7857440374049988,0.4578665774954021,0.45786657749540216
AGTGGCCCGCAAATGG-1,0.5121774508164744,False,7.0710678118654755,distal,0.7982593026064017,0.5026132134475221,0.7210890040684389,0.5517063293020492,0.8940489913967328,0.5582554632880665,0.5912532543530704
AGTGGCGGCAATTTGA-1,0.5787652964546461,False,2.0,adjacent,0.7101980345167104,0.4321741068940534,0.834900796968177,0.577183302680711,0.8951166999592276,0.4321741068940534,0.4321741068940534
AGTGGCGTCTGAAGGT-1,0.6108072387958694,False,1.4142135623730951,adjacent,0.7282877259469803,0.5243084582659905,0.7340188374296384,0.5683442010812014,0.8209168213964102,0.5793531367850044,0.540035509271423
AGTGGCTCCGTCGGCC-1,0.8177721514956092,True,0.0,tumor,0.8807984543647477,0.4739886182788708,0.8426614835869142,0.5881012093852755,0.8877688704288729,0.6312458587997795,0.5480171336215476
AGTGGTGTTACCCGTG-1,0.8120556364997092,True,0.0,tumor,0.9847758643110591,0.44864292481747753,0.7236248119043639,0.5535714949190956,0.8979443676906695,0.5028763925269525,0.44864292481747764
AGTGGTTGCGTATAGG-1,0.7473666610934625,False,1.4142135623730951,adjacent,0.8862462613089598,0.5064680129050636,0.7253525051552137,0.5538705902023072,0.9278636735627734,0.5609213125514747,0.45201471325865233
AGTGTATTGCGCATTG-1,0.4640528339742519,False,2.8284271247461903,mid,0.8000520165709933,0.5189457974945353,0.729156216909101,0.5651136004755801,0.7925932118374854,0.5189457974945353,0.5346295013574733
AGTGTGCTAAGATCGC-1,0.8709245945494064,True,0.0,tumor,0.71549257834996,0.4338182020843783,0.7153834364376079,0.5033606420331048,0.9247778784865525,0.5410714175134841,0.5027666977173748
AGTGTGGTCTATTGTG-1,0.739480577383938,False,1.4142135623730951,adjacent,0.9830295937134258,0.4515688569358524,0.7248091177618013,0.6550019506214121,0.8728502832067632,0.4515688569358524,0.4515688569358524
AGTTAAACACTTGCGA-1,0.8041615910701349,True,0.0,tumor,0.981719890765201,0.48243511861635924,0.7137254082371955,0.5354009920303182,0.964621887438878,0.42902524661427854,0.42902524661427854
AGTTAAGCGGTCCCGG-1,0.8944912858974051,True,0.0,tumor,0.785338757918594,0.5986178453993201,0.7177032826171766,0.6082279068903379,0.900635638586518,0.43730145460625314,0.4373014546062532
AGTTAAGTCAACCGCT-1,0.818978352083184,True,0.0,tumor,0.9854492931319547,0.5022726287564943,0.5850749595942707,0.5530680488212673,0.9543965246672946,0.5617727742790442,0.5942627845319703
AGTTACCCTTAAGACT-1,0.7242736920884388,False,1.4142135623730951,adjacent,0.8906955358635681,0.4457727247394527,0.7221757788552639,0.5477010533355625,0.8989915433961931,0.49992569061286674,0.5153979665766992
AGTTACCGCACATGGT-1,0.8023343763186599,True,0.0,tumor,0.9968604283936168,0.4912934168075449,0.718163071950064,0.6401660814802431,0.9580909722894428,0.6527677150482701,0.5758751920764962
AGTTACTCTATCGTGG-1,0.6511253891290675,False,3.1622776601683795,mid,0.8756525293057646,0.4781096930403066,0.7038120715599399,0.563155548124617,0.9481838688009105,0.5458674692080476,0.5027149465370498
AGTTATTCAGACTGTG-1,0.5296255603060486,False,9.055385138137417,distal,0.7133283174497018,0.459315610544502,0.7270314328707574,0.5306972078247785,0.8411944842879645,0.5140011270257049,0.5296255603060486
AGTTATTGAAAGGTAA-1,0.7622073072666619,True,0.0,tumor,0.8195024986531423,0.4654740010031767,0.5970085827342139,0.5693993943784948,0.8737097299342654,0.4654740010031767,0.46547400100317665
AGTTCACCGGTTGGAC-1,0.5108199775479495,False,3.1622776601683795,mid,0.8994686878819967,0.4953928179977336,0.7194867079083765,0.5836742276468075,0.95927454483056,0.4953928179977336,0.5108199775479495
AGTTCCTACAGAATTA-1,0.9083844873846545,True,0.0,tumor,0.8908302216277472,0.4728430152272318,0.8180488212673466,0.5954336881606569,0.9422660060953253,0.6904797290184348,0.6354288580504931
AGTTCCTATTTATGTT-1,0.5443826084187229,False,5.830951894845301,distal,0.6437515094094263,0.5286493649643624,0.7364362146798195,0.5743762655817496,0.7715323671157497,0.4735830128741013,0.4735830128741014
AGTTCTGCGTTGTATC-1,0.9092005636897796,True,0.0,tumor,0.8970582771368593,0.4544947890542273,0.590132642256033,0.49082279068903395,0.8709524605695814,0.5089697622718857,0.4544947890542273
AGTTGACATCGGCTGG-1,0.678987428444041,False,1.4142135623730951,adjacent,0.8970443441267718,0.4670902301733266,0.7310998718163071,0.537591261216073,0.8246714009568312,0.5769628514988823,0.537722629596898
AGTTGACGGTCCTTGC-1,0.6235420100158438,False,14.142135623730951,distal,0.6503604005275966,0.481162570361701,0.7303265897564509,0.515619833175426,0.7203278217278692,0.481162570361701,0.4811625703617009
AGTTGCGGTCCTCAAC-1,0.679524844547416,False,1.4142135623730951,adjacent,0.8806126808969142,0.45432759293317726,0.7263417488714262,0.5560329933678871,0.8466928900582841,0.5633518487556274,0.4543275929331773
AGTTGCTGACTGATAT-1,0.9107212522193294,True,0.0,tumor,0.8838822939307808,0.42665663489940364,0.5680000557320404,0.5397127942187296,0.8641384853204739,0.6532878807582034,0.5723481500943464
AGTTGGCAAGGCTAGA-1,0.6683903790574917,False,1.4142135623730951,adjacent,0.7852830258782441,0.5571965545214166,0.7197096360697766,0.6625796503743334,0.9208179703564211,0.5513663638559142,0.5127188477798744
AGTTTATGTAAAGACA-1,0.6685098048582415,False,2.0,adjacent,0.7743688346430363,0.4327314272975534,0.7150420776904642,0.5025692470601348,0.8308459243745546,0.4862992067472924,0.4327314272975534
AGTTTCGCAGGTCGGA-1,0.5970454056894452,False,1.4142135623730951,adjacent,0.8032240985342473,0.6118263389622695,0.7189502870200078,0.5539114603652305,0.9013410888867378,0.5575154656411971,0.5885502503960957
AGTTTGCACCTGCCTC-1,0.5297489669668235,False,4.0,mid,0.80309870144346,0.5141033024330132,0.7176823831020454,0.5281948392130636,0.8459463740441223,0.5688631283013493,0.60015445736897
AGTTTGGCACGGGTTG-1,0.47492058184250124,False,15.033296378372908,distal,0.6404261643352097,0.5852576368376402,0.6050270300395697,0.6091753515762878,0.7463752174282889,0.4749205818425012,0.47492058184250124
AGTTTGGCCAGACCTA-1,0.8337990939562585,True,0.0,tumor,0.6966319270281818,0.4421222760965279,0.5804631332553084,0.5528674134760074,0.7448381864207417,0.6650101865784862,0.6502217339033926
ATAAACCATTGGACGG-1,0.5761100628179713,False,1.4142135623730951,adjacent,0.8765813966449311,0.5530321326174863,0.7172992253246391,0.5074569469988297,0.8988126142140169,0.4915039600710893,0.5068868878432496
ATAAACGGACCCGTAA-1,0.5404097101137729,False,2.8284271247461903,mid,0.7323097215255717,0.6961210499916403,0.7330295937134258,0.5728863623697263,0.8497478858490484,0.46968177004960154,0.4696817700496015
ATAAACGTTGCACCAC-1,0.4695145739285515,False,7.615773105863909,distal,0.9029472960671755,0.5826475196145819,0.7336356796522321,0.5725594010663396,0.9297174972207312,0.5245035204072154,0.540214647972548
ATAAAGGCTCGGTCGT-1,0.8908886075747805,True,0.0,tumor,0.8864924111538389,0.4798188089443733,0.7115030931282394,0.6022868713890283,0.9573151236224652,0.4798188089443733,0.42679596500027867
ATAAAGGTCAAGTACG-1,0.5264368914260237,False,3.1622776601683795,mid,0.8035213360827806,0.44867079083765254,0.7228236638243326,0.5869884263129541,0.9259409181706985,0.5029445094651581,0.5184512862158741
ATAAATATTAGCAGCT-1,0.59950955804492,False,3.1622776601683795,mid,0.8834132159245017,0.5060871772960053,0.724258763863345,0.586079994055249,0.9058025853800192,0.5060871772960052,0.45176391907707736
ATAACGCCGGAGGGTC-1,0.5290921250626984,False,8.246211251235321,distal,0.6318341414479184,0.5060190603577996,0.7242726968734325,0.6217522153486038,0.8697688880284645,0.5060190603577996,0.5215921847755988
ATAACGGAGTCCAACG-1,0.69776912604199,False,2.8284271247461903,mid,0.5883631499749206,0.5183234563772935,0.7057557264671459,0.5519273997287707,0.8798123883525901,0.46563500467529895,0.48068884801872597
ATAACGTTACCTCCAC-1,0.7368611714874882,False,2.8284271247461903,mid,0.6122907726318528,0.49236471047205044,0.7140806999944268,0.5805755262033476,0.8294144909171441,0.5463690575711977,0.5077945239289497
ATAAGCAAACACCGAG-1,0.6670169823488667,False,1.4142135623730951,adjacent,0.6850257296252948,0.4842247363564869,0.8326297163239146,0.5787196492596928,0.8736525312612746,0.5911683293392038,0.6370012977603682
ATAAGGTGGAGAACAT-1,0.5413491930796729,False,4.47213595499958,mid,0.8103067119953927,0.5256212574386792,0.6015159114975199,0.5387895000835979,0.7706641205924022,0.5806690321821572,0.6121249034641443
ATAAGTACCCGATTGT-1,0.7194170428579391,False,1.4142135623730951,adjacent,0.6864376079808282,0.47230427217051524,0.5640012818369281,0.5629827787995317,0.7862221596458961,0.47230427217051524,0.48746427178127566
ATAAGTAGGATTCAGA-1,0.520979132331749,False,2.0,adjacent,0.8030708354232848,0.5647946893557996,0.721395530290364,0.5597131657656654,0.8954892246499883,0.45106726857270246,0.45106726857270246
ATAAGTAGGGCGACTC-1,0.46190715042077685,False,10.295630140987,distal,0.8104506864329636,0.5789939747471933,0.7187482583737391,0.6334317932712848,0.8802201122267298,0.5165431273105575,0.5321534064219234
ATAAGTTACCGCGACG-1,0.5942588036719453,False,1.4142135623730951,adjacent,0.8122851994278179,0.5543820864837418,0.7225937691578889,0.580376748592766,0.9244434862444525,0.5001888696922971,0.5156726459184243
ATAATACCGTTAGCCG-1,0.6700185508077164,False,1.4142135623730951,adjacent,0.9051115569674338,0.4523212394805774,0.7239522376414201,0.586665180478924,0.7928924048962064,0.4523212394805774,0.45232123948057745
ATAATAGCTGTTGAAT-1,0.5478300332003727,False,4.47213595499958,mid,0.7213537312601015,0.47330435267235127,0.7213537312601015,0.5414367720002229,0.7177392151168759,0.47330435267235127,0.4733043526723514
ATAATAGTGTAGGGAC-1,0.658947779078192,False,1.4142135623730951,adjacent,0.9010942057255383,0.440645377027253,0.7187970239090453,0.5462185810622527,0.8941736551712001,0.4945661260658753,0.5099720543626245
ATAATCTTGGAGAACC-1,0.6049394511190197,False,5.0990195135927845,distal,0.8067863047799513,0.46402496795407683,0.7212353006743576,0.5325437960950418,0.7979566874048521,0.46402496795407683,0.4640249679540767
ATAATTAGCTAAGTAG-1,0.47745638967842613,False,13.038404810405298,distal,0.5603345780155679,0.47745638967842613,0.7315596611491947,0.5783685374054879,0.7468108073226035,0.47745638967842613,0.47745638967842613
ATACAGCGTCCACTGA-1,0.6735495736498913,False,2.0,adjacent,0.7249809582195471,0.5650330986395189,0.72473248620632,0.6557747682475988,0.9066942980256192,0.5105302594016856,0.4560274201638523
ATACAGGCCCTCCAAT-1,0.6753250372210412,False,2.8284271247461903,mid,0.5524392056326516,0.5183729959687158,0.731274034442401,0.4991175760277916,0.8487916413672537,0.5183729959687157,0.46343978153040183
ATACCACGGGCAACTT-1,0.6767462042499661,False,1.4142135623730951,adjacent,0.8912342789202846,0.4981422653216668,0.7156969291645767,0.614293410615096,0.9552207722114182,0.4981422653216668,0.4440728975087778
ATACCAGCAAATTGCT-1,0.6072801968137197,False,1.4142135623730951,adjacent,0.8043108733210723,0.505539145565897,0.8474614055620576,0.5886213750952088,0.8730321456542206,0.505539145565897,0.521086615552424
ATACCAGGCTAATAGA-1,0.8958766251861052,True,0.0,tumor,0.8715980233703022,0.4134760073566293,0.8137922866856155,0.5926823831020455,0.908581854234315,0.5706496498170132,0.5481962723226725
ATACCAGGTGAGCGAT-1,0.7556229647853122,True,0.0,tumor,0.819706849467759,0.5176360945463103,0.7181282394248453,0.5972059670437869,0.882027003640182,0.46282672908655187,0.4628267290865518
ATACCCTCCCGGCCAA-1,0.6313723616850184,False,3.1622776601683795,mid,0.5702548811978674,0.48718163071950066,0.7426294376637129,0.5545839603187872,0.7531525268613769,0.48718163071950066,0.48718163071950066
ATACCCTGGCTCAAAT-1,0.7512400378977875,False,1.4142135623730951,adjacent,0.7917804529157145,0.5016905385572833,0.7074555536978209,0.549369299076706,0.8108395885215464,0.4473610878894277,0.44736108788942763
ATACCGTCATCCATAA-1,0.6436334105620177,False,1.4142135623730951,adjacent,0.6641447918408292,0.41456278214345427,0.6957239592041464,0.5214624087387839,0.7888987642153369,0.5831274344064847,0.5635464685790718
ATACCTAACCAAGAAA-1,0.47051775065485135,False,7.0710678118654755,distal,0.6404911850489513,0.5838333735842514,0.7338795073287634,0.5388526630626613,0.8267789520616455,0.5255964876429682,0.47051775065485135
ATACGAAGGCTTTCCA-1,0.5286701539000485,False,4.242640687119285,mid,0.7189526091883557,0.7403784824784657,0.5932536365156328,0.6279942038678036,0.734863617830733,0.4583681658585521,0.458368165858552
ATACGACAGATGGGTA-1,0.8312672669803585,True,0.0,tumor,0.8237567110665255,0.5471462099116338,0.6663253079195229,0.5865518586635455,0.9489230516518682,0.4809303535269093,0.46073677757342696
ATACGAGGTTTGTAAG-1,0.48807334336510066,False,11.313708498984761,distal,0.4880733433651006,0.5989739112126673,0.6128364821936132,0.5878838544279106,0.7007424094427676,0.48807334336510055,0.48807334336510066
ATACGCCGATCTACCG-1,0.7620759388858369,True,0.0,tumor,0.9044009734529715,0.4524327035612774,0.7241264002675138,0.5962213676642701,0.844924131093492,0.4524327035612774,0.4524327035612775
ATACGCCGGCGAAACC-1,0.4934236192387003,False,11.045361017187261,distal,0.4934236192387003,0.4934236192387004,0.6182912556428691,0.4934236192387003,0.6252064285441912,0.4934236192387004,0.4934236192387003
ATACGGAACGTCGTTT-1,0.8277481867182584,True,0.0,tumor,0.705920600419848,0.41910494343197907,0.8396937524382768,0.6013914432740715,0.8832399088341151,0.4716602574820264,0.41910494343197907
ATACGGGTTTCGATTG-1,0.681714317561166,False,5.830951894845301,distal,0.6306730572739602,0.5055019908723303,0.7246419216407514,0.5558509353694105,0.8412267502060619,0.45112300061305244,0.45112300061305255
ATACGGTGAAGATGCA-1,0.8115460864165094,True,0.0,tumor,0.8077616154860762,0.4922377652690309,0.7179262107785767,0.5449070203793495,0.842075930505079,0.5461430331853339,0.5076392703879745
ATACGTACTTAGCCAC-1,0.4878504152037006,False,1.4142135623730951,adjacent,0.6541548236080923,0.48785041520370054,0.7435629493395753,0.5211112968845789,0.6749942068010688,0.5432852180051645,0.559123733091297
ATACGTCCACTCCTGT-1,0.5986098836792701,False,12.727922061357855,distal,0.7194263315313307,0.5126852316285522,0.7263278158613387,0.5977892957327834,0.8711519226087289,0.458005907596277,0.45800590759627713
ATACGTTATGCACGGA-1,0.48102324026082593,False,12.165525060596439,distal,0.48102324026082593,0.5916699177023538,0.7351474112467258,0.5500287948875141,0.7232361542545547,0.481023240260826,0.48102324026082593
ATACTACCCGTACCAC-1,0.5348126209186232,False,5.0990195135927845,distal,0.8059224581545265,0.5191315709623685,0.7312670679373572,0.6316595143881553,0.934850711463494,0.46424789611547684,0.4642478961154768
ATACTAGCATGACCCT-1,0.8138868321112093,True,0.0,tumor,0.8758290141002062,0.4891322521317505,0.7166722398707017,0.5786620594846643,0.960188256965772,0.4891322521317505,0.4353229671738283
ATACTCTCGCCACTCT-1,0.8254353070437336,True,0.0,tumor,0.8122759107544261,0.4620743465418269,0.7300339965446134,0.5307715172119117,0.8763423355244825,0.5168960968994408,0.5325594541444733
ATACTGCCTTACACCG-1,0.821243461437409,True,0.0,tumor,0.793354883055602,0.48563351848755626,0.7154600679930894,0.5075776997529214,0.939941393359674,0.4321183748537034,0.4321183748537035
ATACTTGTTCTCGAGC-1,0.8990016003057301,True,0.0,tumor,0.978018354418622,0.4356573594159282,0.8346709023017334,0.5829218451020827,0.923652971251067,0.4356573594159282,0.43565735941592815
ATAGACAACGGGACCT-1,0.5300316080285985,False,6.324555320336759,distal,0.6325818796559475,0.45254416764197736,0.725652064872095,0.557877723903472,0.8488591064687299,0.5069943710639246,0.4525441676419773
ATAGACGAAGAGAAAG-1,0.9026560298086798,True,0.0,tumor,0.76714224674432,0.4790106943592983,0.8138410522209218,0.5646565977447101,0.8821678003736979,0.5316155480007678,0.4962540107164751
ATAGAGTACTGGGACA-1,0.8889499287426055,True,0.0,tumor,0.8904029426517305,0.4569748648498022,0.8187733377918965,0.5516431663229858,0.9504028839864248,0.6226755094837355,0.538992523944873
ATAGAGTTATCAACTT-1,0.5132363595831243,False,5.0990195135927845,distal,0.6282487135187352,0.5518772408924558,0.7204829181296327,0.5824982815954226,0.8684870511004145,0.49778000705939185,0.5132363595831243
ATAGATTTGCAGTCGG-1,0.7618689341645368,True,0.0,tumor,0.8056298649426888,0.4702390904531015,0.7336705121774507,0.5385071244124914,0.9074789464884414,0.4702390904531015,0.4702390904531014
ATAGCAACTAGGGAAG-1,0.5461859380100477,False,2.8284271247461903,mid,0.8151925541994093,0.5304420789289541,0.735753497185532,0.6109810696836279,0.8263389622694087,0.47533857214512626,0.47533857214512626
ATAGCCATAACAGTCA-1,0.460792509613777,False,5.0990195135927845,distal,0.8852430845826599,0.5703678933907992,0.7279858440617512,0.5325270764829366,0.8743975806427958,0.5155802015022881,0.5312338277561485
ATAGCCTCAGTACCCA-1,0.5300395697486485,False,1.4142135623730951,adjacent,0.8066609076891639,0.45271136376302734,0.7248091177618012,0.586966133496814,0.8215489400645904,0.45271136376302734,0.45271136376302745
ATAGCTGCTCTTGTTA-1,0.6767780511301662,False,1.4142135623730951,adjacent,0.896649575507626,0.5146420454897298,0.7255545338014825,0.5923591372680154,0.8501996087024114,0.5636150278350579,0.5947524303150453
ATAGGAATCTAAGCTT-1,0.7266144377831386,False,1.4142135623730951,adjacent,0.768837429638299,0.5248533937716349,0.7054422337401772,0.5589459213435137,0.8912785223382818,0.5778390830221629,0.6232553880940438
ATAGGCGGCTATAGAA-1,0.7281470688927636,False,1.4142135623730951,adjacent,0.9811486373516134,0.5890783778260789,0.8275232681268461,0.6008285496665365,0.982186279944972,0.4821162074965787,0.42863512233182854
ATAGGCTAGCTTCGCA-1,0.47564509836705116,False,2.0,adjacent,0.641057794125843,0.4756450983670512,0.7359485593267568,0.5435601627375578,0.7747384260685152,0.4756450983670512,0.47564509836705116
ATAGGGATATCCTTGA-1,0.7290109155181886,False,1.4142135623730951,adjacent,0.9414674246224154,0.5334113581898233,0.7087095246056958,0.5948949451039404,0.9563471460795443,0.41927213955302906,0.41927213955302906
ATAGGTTGGGCAGATG-1,0.7493411676658626,False,1.4142135623730951,adjacent,0.6976443924278733,0.5408268157808369,0.7166931393858329,0.5676735588623234,0.8634418348160989,0.4337903360642033,0.4337903360642033
ATAGTCTTTGACGTGC-1,0.8176567065548842,True,0.0,tumor,0.8905608500993888,0.4417042857939029,0.8371509780973081,0.548009437292166,0.9039678279463917,0.49575198003554466,0.5111941783902995
ATAGTGAAGCGTTCTC-1,0.8346191511214084,True,0.0,tumor,0.7268340485611845,0.5221596784880517,0.7331131917739508,0.5685355477530699,0.7951964847748866,0.4672852923145516,0.4672852923145516
ATAGTTCCACCCACTC-1,0.5482121957627725,False,13.038404810405298,distal,0.64686785933233,0.4772334615170261,0.6068522543610321,0.5465734083858144,0.7764118539116558,0.5324391437081624,0.5482121957627725
ATATAAAGCGCTCGTG-1,0.4747533857214513,False,7.211102550927978,distal,0.8060432109086181,0.47475338572145126,0.7371119656690631,0.5428263575396161,0.7997606455530231,0.47475338572145126,0.4747533857214513
ATATAAATGTAGCTGC-1,0.7528801522280874,True,0.0,tumor,0.8875280982370098,0.4931078043433837,0.7191453491612328,0.6474372550112393,0.87347653534438,0.5469078006279143,0.5084792318532496
ATATAACACGGGCGCA-1,0.5820216399550959,False,5.0990195135927845,distal,0.8970443441267717,0.5511991677348641,0.7212492336844452,0.6833026807111409,0.9256050592959577,0.49725984134945844,0.5126710774595743
ATATACATGTATGGTA-1,0.8290101193461836,True,0.0,tumor,0.8935843132883762,0.4469430975868026,0.7210123725129578,0.5194504820821491,0.9037742324378076,0.4469430975868026,0.4469430975868027
ATATACGCTCGTGACG-1,0.4667837039514016,False,3.1622776601683795,mid,0.7265089449924762,0.5251599199935598,0.7294766761411136,0.6385721451262331,0.8778236344916799,0.5251599199935598,0.5418388388627479
ATATAGAGTATTGGTC-1,0.619541245690719,False,1.4142135623730951,adjacent,0.8049564361217931,0.5240421829620961,0.7337123112077133,0.5372494380352599,0.9019277419430535,0.5240421829620961,0.539756849069673
ATATCAACCTACAGAG-1,0.59993152920757,False,12.165525060596439,distal,0.7265275223392594,0.5686649699356604,0.7288218246670011,0.5967638261903434,0.7934541251976287,0.459232012483977,0.45923201248397705
ATATCAATTCCAGCCT-1,0.6813480784388659,False,1.4142135623730951,adjacent,0.7298435787400844,0.4639413698935518,0.7310371732709134,0.5343160749781716,0.8726317549432853,0.5736467950980574,0.6049912022993448
ATATCGGTAGGGAGAT-1,0.5451787804237228,False,8.246211251235321,distal,0.731608426684501,0.4743353954188263,0.7366173438109569,0.5422876144828996,0.85300234367896,0.4743353954188263,0.4743353954188264
ATATCGTGCCAGACCC-1,0.6122920995851944,False,1.4142135623730951,adjacent,0.8926508016125135,0.5147875680395325,0.7152371398316892,0.6272734028126103,0.9073865486320717,0.5147875680395325,0.5304058088709486
ATATCGTTCCTCGAAC-1,0.4600958591094021,False,6.0,distal,0.8927390440097346,0.5694483147250243,0.7296996043025135,0.5645599955414368,0.876777925418797,0.460095859109402,0.4600958591094021
ATATCTCCCTCGTTAA-1,0.6710137658139664,False,5.830951894845301,distal,0.7994110981069684,0.5093660790032634,0.7262720838209887,0.5564621300785821,0.8449945294602498,0.5638472446698496,0.5949793393364703
ATATCTTAGGGCCTTC-1,0.5454813257856228,False,1.4142135623730951,adjacent,0.7236341005777556,0.47079641085660145,0.732193613108176,0.5716509688086348,0.8264768257376428,0.5257977422331209,0.541512408340698
ATATGGGATAGCAACT-1,0.542834053868998,False,14.560219778561036,distal,0.5546452655631723,0.5270857716100986,0.7267458061639636,0.5733006372029946,0.7979977531187942,0.4719667837039514,0.4719667837039515
ATATGTCTAGAGCGTG-1,0.4918073900685504,False,20.248456731316587,distal,0.4918073900685504,0.5481927337804282,0.7435211503093129,0.558931059466087,0.5715467401156292,0.49180739006855034,0.4918073900685504
ATATGTCTCCCTAGCC-1,0.46912444964610156,False,10.198039027185569,distal,0.46912444964610156,0.46912444964610156,0.7255823998216575,0.5374463579111631,0.766277422363801,0.46912444964610156,0.46912444964610156
ATATGTGCACAAACCA-1,0.816064362544884,True,0.0,tumor,0.6942168719463487,0.522456916036585,0.7036936409741961,0.6209273811514241,0.7545692939923795,0.522456916036585,0.48468961234385083
ATATTATCCCGTATTT-1,0.6730440044267164,False,1.4142135623730951,adjacent,0.8929759051812219,0.6648398942329723,0.7223220754611827,0.6148600196919876,0.8423868566249263,0.44791840829292767,0.44791840829292756
ATATTCAGTTAAACCT-1,0.9028670153900048,True,0.0,tumor,0.6856852254361033,0.4916278090496448,0.6868764977985844,0.6068048821267347,0.8887441811349978,0.4848811359428313,0.43150532240985345
ATATTCCACATAGTGA-1,0.7567057587121121,True,0.0,tumor,0.6394508536290847,0.4694867079083765,0.733970071894332,0.5377807501532631,0.8241096806554088,0.4694867079083765,0.4694867079083766
ATATTCCCACAGGTCA-1,0.5392472989864732,False,1.4142135623730951,adjacent,0.9021995578591465,0.4686785933233016,0.5921738282338517,0.5370172212004681,0.851101587776497,0.4686785933233016,0.46867859332330164
ATATTGCTGTCAAAGT-1,0.8801203812071561,True,0.0,tumor,0.9648563042226308,0.47393288623852076,0.6818048821267347,0.4912630738077988,0.8988771460502115,0.5801891173902544,0.5574199250005972
ATATTGGAGAGGCCTT-1,0.4765646770328261,False,11.313708498984761,distal,0.6457160638317635,0.6420238161585762,0.7310859388062196,0.610408887402701,0.7718667593578495,0.47656467703282623,0.4765646770328261
ATATTTAACCCTCAAG-1,0.8905422727526054,True,0.0,tumor,0.9869633468947966,0.4021902691857549,0.6949506771442903,0.582332943209051,0.9545915868085194,0.4541511081387356,0.4689970621253016
ATCAAACACTGTTCCA-1,0.6131400227705194,False,13.038404810405298,distal,0.8117093016775344,0.6402280059695208,0.6030485426071449,0.6077579000167197,0.8496525547273969,0.47160452544167636,0.47160452544167647
ATCAAACGAAGGTTTG-1,0.7295403699015136,False,1.4142135623730951,adjacent,0.9916680599676754,0.4345427186089283,0.7148748815694143,0.573787363688718,0.9652950718210003,0.541771164242323,0.5724078629947214
ATCAAAGAGCCGTGGT-1,0.4865964442958256,False,22.847319317591726,distal,0.5697254268145423,0.5420157659749701,0.6145990079696817,0.5539820542830073,0.6454972911295125,0.4865964442958257,0.4865964442958256
ATCAAGATCCCAGGAC-1,0.49102714150365045,False,17.72004514666935,distal,0.49102714150365045,0.49102714150365045,0.740734548291813,0.5243214624087388,0.7285306980878044,0.49102714150365045,0.49102714150365045
ATCAATCTGGGCTGCA-1,0.7489470625233876,False,1.4142135623730951,adjacent,0.791905850006502,0.542799110764334,0.7173131583347265,0.5745973360084713,0.9224723319752314,0.5963699864385368,0.642287879873568
ATCAATGCCGTGGCTG-1,0.9097021520529296,True,0.0,tumor,0.7873451113711941,0.5100596332831745,0.7017221200468149,0.6157795983577626,0.8865016998272308,0.5100596332831745,0.47317696515155144
ATCACATTAGAATATC-1,0.5750113454510712,False,4.0,mid,0.8870822419142098,0.5981255457095618,0.7171877612439391,0.5384848315963515,0.8984386228906157,0.5506666171270753,0.5139927229878742
ATCACGTGCTAATTAA-1,0.7428404232450377,False,1.4142135623730951,adjacent,0.9019580523509632,0.5537473604686445,0.848367051217745,0.6423154805030744,0.9345001862623454,0.49396545851988083,0.5093351167586244
ATCACTTCATCCTCGC-1,0.8413388428436079,True,0.0,tumor,0.8419903769343663,0.49721339798250014,0.6945605528618403,0.5581731037173271,0.9290252466142787,0.5587818214469276,0.47326852493212623
ATCAGAAGCTGGTTGC-1,0.6857628522065908,False,4.0,mid,0.8918426870274386,0.5793562330094684,0.6014741124672575,0.6367292723253267,0.8746557079875747,0.5793562330094684,0.6108032579358443
ATCAGACGGCACGCCG-1,0.6769651515513412,False,1.4142135623730951,adjacent,0.8951680321016552,0.4538538705902023,0.7124366048041019,0.4902431774693938,0.9000768515503774,0.5082390532984079,0.45385387059020227
ATCAGCCTCATGCTGC-1,0.7256590313771386,False,1.4142135623730951,adjacent,0.8905747831094762,0.5521682859920612,0.7184556651619015,0.5808876256293075,0.9262313114335746,0.5459479710441087,0.5075039211471246
ATCAGCTCGTCCACTA-1,0.8259607805670338,True,0.0,tumor,0.7966198517527726,0.49277031587681985,0.7167906704564454,0.5768470527039329,0.9547279836441129,0.49277031587681985,0.438945549796578
ATCAGGTAGCTGACAG-1,0.5840757637279957,False,1.4142135623730951,adjacent,0.8517574170057034,0.5879792181413984,0.565366716825503,0.5961935016440951,0.9330423534174007,0.5349006421569538,0.5674676157036966
ATCAGGTCGCCATTGC-1,0.60037738553037,False,2.8284271247461903,mid,0.7328159542254175,0.5036256788472138,0.6991584461907151,0.5390161437143547,0.906904026493252,0.5036256788472138,0.5333954347497234
ATCAGTAGGCAGGGAT-1,0.482416541269576,False,7.0710678118654755,distal,0.871937059949098,0.4145906481636293,0.7065499080421335,0.523219825744487,0.9411850978390636,0.5200975929951017,0.48241654126957595
ATCATAGATCGACGAG-1,0.4955414367720002,False,7.615773105863909,distal,0.5788561927585502,0.49554143677200024,0.7454857047316502,0.5288673391666202,0.5747117333544529,0.49554143677200024,0.4955414367720002
ATCATAGCCCTATGTA-1,0.5378977874379981,False,2.8284271247461903,mid,0.8091967155250887,0.52220612185501,0.7316989912500697,0.6386037266157647,0.8536813945916455,0.4672852923145516,0.4672852923145516
ATCATCCAATATTTGT-1,0.6733186837684414,False,1.4142135623730951,adjacent,0.7982778799531851,0.439725798361478,0.7194588418882015,0.6147076854483643,0.9592789447284823,0.49368060586920315,0.439725798361478
ATCATCTGCCCAGTGT-1,0.5305132920916236,False,1.4142135623730951,adjacent,0.8967378179048469,0.5136140989677188,0.5898888145795017,0.5590165152612904,0.9316739851635443,0.5089790509452773,0.5245539446341988
ATCATGGACTACCGAC-1,0.6288962667494686,False,8.94427190999916,distal,0.6114455033532112,0.6487921628366371,0.5595496851139721,0.6370097902617549,0.8336295931267729,0.5318942082025179,0.5646531476660218
ATCATTGTACCGCATT-1,0.8136877891099593,True,0.0,tumor,0.7854409333259024,0.5038300296618304,0.7091205484032771,0.5511545821025841,0.9270672920388245,0.5038300296618304,0.5193350371414241
ATCCAACGCAGTCATA-1,0.7439829300722127,False,2.0,adjacent,0.7961043303795353,0.49142345823502814,0.7153695034275205,0.5801723977781492,0.9256123924591618,0.5380309250899453,0.49989649763935
ATCCAATGGAGGGTCC-1,0.89884236590473,True,0.0,tumor,0.761550465362537,0.47434778031668184,0.7062224823050772,0.5592245815452636,0.8370629801388607,0.5909237276065564,0.5574358484406972
ATCCAATGGTACCGAA-1,0.6655201789794667,False,1.4142135623730951,adjacent,0.8961712088279552,0.5022571476341748,0.7230744580059076,0.5498894647866392,0.898400490441955,0.44797414033327754,0.44797414033327765
ATCCACATCGACAGAA-1,0.4573928551524271,False,8.246211251235321,distal,0.7851901391443276,0.45739285515242717,0.728571030485426,0.4901725835516173,0.7280804418670821,0.5120257358177438,0.5276351302935486
ATCCACGCTAAATGTT-1,0.7450298962587876,False,2.8284271247461903,mid,0.8099258763863344,0.5175524964857853,0.7163308811235579,0.530032138809935,0.8732389408565723,0.5132889953990103,0.5288930820614486
ATCCACTTTCAGACTA-1,0.7300220539645386,False,1.4142135623730951,adjacent,0.7048059596128481,0.5019351402899305,0.701276263724015,0.5834308644039458,0.6670802570713693,0.4419550799754779,0.4419550799754779
ATCCAGAGCAACAACC-1,0.618410681443619,False,5.0990195135927845,distal,0.8952051867952219,0.47285849634955135,0.735056846681157,0.5079603930966579,0.8772663140881799,0.5280084465003374,0.5437655751148477
ATCCAGGATTCGTGAA-1,0.7479239814969627,False,1.4142135623730951,adjacent,0.8901010607665013,0.4949995974908197,0.7190408515855765,0.5753645804306229,0.9585177623879128,0.5548527126022528,0.5104099489653744
ATCCCATCCACAGCGC-1,0.6136256876935694,False,1.4142135623730951,adjacent,0.8179187798398634,0.46109903583570194,0.5954898846346764,0.5980140816288616,0.8489691039167893,0.5199180119761962,0.5367234337306231
ATCCCATTTCCGTGGG-1,0.49005183079752557,False,16.492422502470642,distal,0.4900518307975255,0.4900518307975255,0.6148916011815193,0.4900518307975254,0.6225298239747505,0.4900518307975255,0.49005183079752557
ATCCGGACCAGCCTGA-1,0.6128932094489693,False,12.0,distal,0.6364970554905348,0.6395313554651457,0.6029022460012261,0.605508183321258,0.7745888295391545,0.5263457739632292,0.5420816713242729
ATCCTACCTAAGCTCT-1,0.8916688561396803,True,0.0,tumor,0.863006000483011,0.5095921033891273,0.6705261104609039,0.5698861208642182,0.9773845246790277,0.518447305355849,0.47248827636722635
ATCCTGAATCGCTGCG-1,0.6080922922588196,False,2.8284271247461903,mid,0.8039857697523639,0.4622694086830519,0.7283620353341136,0.5309387133329617,0.8999287216536576,0.4622694086830519,0.4622694086830519
ATCCTGCGTGGAATGG-1,0.7991258031385099,True,0.0,tumor,0.7990441955079977,0.5337209806362122,0.8277670958033773,0.6022348548180348,0.9663349143633202,0.6315276152259934,0.6239878663386439
ATCCTGCTGCAGATAG-1,0.6644533084927667,False,2.8284271247461903,mid,0.8911692582065429,0.5545833410738946,0.7181700384551079,0.5806628397332293,0.9190052124124053,0.6630316991460614,0.5855685862373708
ATCCTTCTGAAAGAAC-1,0.5508873336995724,False,11.313708498984761,distal,0.8779746976536811,0.7093078699833424,0.5601836370729532,0.6327314272975533,0.9402743189691332,0.6788750797277799,0.6864037706706156
ATCGACCCAATACAGA-1,0.5408077961162729,False,4.242640687119285,mid,0.6464359360196177,0.47004402831187647,0.7262720838209887,0.5053056902413195,0.7426573036838878,0.5250825143819626,0.5408077961162729
ATCGACTCTTTCCGTT-1,0.6352377767692932,False,1.4142135623730951,adjacent,0.9601330138029686,0.6274932347495463,0.7067380036783146,0.5882293930780805,0.9580103074941994,0.5220729842030627,0.4166527336565791
ATCGCACGATTGTTCA-1,0.8348460601428334,True,0.0,tumor,0.7124226717940144,0.5014025896821416,0.5849356294933957,0.552341674562039,0.844060284468067,0.5014025896821416,0.5168907890860742
ATCGCACGCCGGGAGA-1,0.6436692383022429,False,2.8284271247461903,mid,0.8005954039644059,0.5290116232266374,0.7049615448921586,0.5673707481097551,0.9286791213110523,0.5817589031934459,0.48307736403372586
ATCGCCAGTCAACATT-1,0.4650838767207267,False,13.92838827718412,distal,0.718664660313214,0.46508387672072676,0.7206570807557264,0.5684203682030132,0.7415895951213931,0.5200325722813601,0.5357321995843981
ATCGCCGTGGTTCATG-1,0.5510226829404224,False,12.083045973594572,distal,0.6458043062289843,0.5905150259773232,0.6043373460402385,0.5807631574058593,0.7471334665035771,0.5352257457256621,0.5510226829404224
ATCGCTGCGTGCAGCA-1,0.779273254193836,True,0.0,tumor,0.7511750171840457,0.5619306817267025,0.6852045365880844,0.5156402682568876,0.8330766726211952,0.5004799147919027,0.5300037420084235
ATCGCTTTACGTCTCA-1,0.5971727932102452,False,1.4142135623730951,adjacent,0.7151999851381227,0.6732956832438525,0.72484395028702,0.6245165245499639,0.8425349865216459,0.5598747886826803,0.5908830343707454
ATCGGAGACAGACGGC-1,0.6201781832947191,False,1.4142135623730951,adjacent,0.5649835590480968,0.4781809062029761,0.7387630273644319,0.546086681900091,0.6959010550955217,0.6438443961433428,0.6911768218405905
ATCGGCAAGCAGTCCA-1,0.7194011194178389,False,2.8284271247461903,mid,0.8742313622768396,0.6524519001529535,0.7076157833138272,0.6296252949153801,0.8055934435654426,0.42236526779245387,0.422365267792454
ATCGGTTACCTAGTAA-1,0.8308174297975335,True,0.0,tumor,0.8850665997882182,0.43326088168087834,0.8353884523212394,0.5722584480484497,0.9521863092776245,0.48685962337525623,0.43326088168087834
ATCGTATTCCGAGAAC-1,0.5851824428149458,False,1.4142135623730951,adjacent,0.9005926173623883,0.4897484008000645,0.7176754165970016,0.5380705567630832,0.90207000530921,0.49614829676692235,0.4360196176782032
ATCGTCCAATCGAGTC-1,0.8323898695074086,True,0.0,tumor,0.9023574653068048,0.4500083598060525,0.7208033773616452,0.5223578368537407,0.9201198532194053,0.5587787252224639,0.5898559724842956
ATCGTGGAAAGTCTGG-1,0.8224496620249838,True,0.0,tumor,0.8714122499024689,0.48692774031346175,0.5741375466755838,0.6121737353471178,0.9500978243971406,0.48692774031346175,0.5021815112936998
ATCGTTAGCTAGCGGA-1,0.47296996043025136,False,5.830951894845301,distal,0.8187129614148506,0.47296996043025136,0.7282923702836761,0.5775511341470213,0.8537913920397048,0.5280425049694403,0.5437775176949228
ATCGTTCACTTTCGCC-1,0.6511094656889674,False,4.47213595499958,mid,0.8526305523045199,0.47674425805173176,0.7110572368054395,0.5257036170094188,0.9324058348512981,0.5300643395443596,0.5605329575401471
ATCTAACGTCCCTATG-1,0.7550497209417122,True,0.0,tumor,0.8037907076111389,0.6261494733322187,0.7194031098478515,0.5633821917553735,0.8943863169041146,0.5753713921244434,0.5322171001823234
ATCTAATATCCTACGG-1,0.620285666515394,False,4.47213595499958,mid,0.5610869605602928,0.4782087722231511,0.7328972301175947,0.5129131137490942,0.7210523382524193,0.4782087722231511,0.4782087722231511
ATCTACCATCTGCTCC-1,0.5389009641642982,False,7.615773105863909,distal,0.6332367311300601,0.4681491389399766,0.7338237752884134,0.6026268368351632,0.7969769768008049,0.5231783363366711,0.5389009641642981
ATCTAGCTTGTGAGGG-1,0.5287139433603235,False,15.811388300841896,distal,0.6961071169815528,0.5649990401704162,0.7251017109736387,0.5224247153021607,0.7743453685207836,0.5053255060778887,0.5208995151312489
ATCTATCGATGATCAA-1,0.758684246144537,True,0.0,tumor,0.8983726244217801,0.5676339271891856,0.5927172156272641,0.5270839138754202,0.8759404781809063,0.5128895824431688,0.45814523769715215
ATCTCATAAACCTACC-1,0.6505521452854675,False,3.1622776601683795,mid,0.7895511713017148,0.5423625431149257,0.7109527392297832,0.606829032677553,0.9633708497962846,0.4260993144959037,0.4260993144959037
ATCTCCCACGGAATAT-1,0.5314527750575235,False,5.0990195135927845,distal,0.6390235746530681,0.630261259420263,0.7292328484645824,0.5327741551951549,0.8231065039291089,0.570569147980952,0.601862246319695
ATCTCCCTGCAATCTA-1,0.7515943344400124,True,0.0,tumor,0.8090945401177804,0.5533262739415556,0.7158710917906704,0.5827286406955359,0.9243980206325878,0.5588189761404944,0.5218469598171989
ATCTCGTGAGCGAAAC-1,0.6020214807206948,False,8.246211251235321,distal,0.6403797209682514,0.6254714001746271,0.7186158947779079,0.5628675992494752,0.8215313404729011,0.6294686259575074,0.6775105293747661
ATCTGACATGGAAGGA-1,0.6157156392066943,False,1.4142135623730951,adjacent,0.7262720838209886,0.47386167307585125,0.7290865518586636,0.5089096955172862,0.8762440711375495,0.47386167307585125,0.4738616730758513
ATCTGATAGTGTCTTA-1,0.7524422576253373,True,0.0,tumor,0.9884727563209421,0.459204146463802,0.7263208493562949,0.4952330528153968,0.9044738162074639,0.459204146463802,0.4592041464638021
ATCTGCACCTCTGCGA-1,0.5937691578888703,False,4.47213595499958,mid,0.6177432239127608,0.5449757565624478,0.8389762024187706,0.5430622898437645,0.8356755456606739,0.49748586573532244,0.5146654883320992
ATCTGCTGTTATCGCC-1,0.6237012444168438,False,16.0,distal,0.561500306526222,0.5361886715339316,0.7384913336677256,0.5133496813985027,0.6665420028921996,0.47859889650560106,0.4785988965056011
ATCTGGGCTGTTCTTG-1,0.4922532463913503,False,8.602325267042627,distal,0.4922532463913503,0.49225324639135043,0.4922532463913504,0.49225324639135054,0.5185573028039081,0.5477840321511949,0.5636499709397217
ATCTGGTTAAGACTGT-1,0.5933312632861203,False,3.1622776601683795,mid,0.9643593601961769,0.5010991596846806,0.7068355347489271,0.5487766817143176,0.9273092864245549,0.44685949952627774,0.4468594995262776
ATCTGTAATTGTACCC-1,0.9759396820089012,True,0.0,tumor,0.7862629809210647,0.42102769882405394,0.8025901465752661,0.5230266213379405,0.8861071756468584,0.5267637642658543,0.5569740686777971
ATCTTAGGGCATTAAT-1,0.8892962635647806,True,0.0,tumor,0.7145265563172267,0.4871878231684284,0.8337095246056958,0.6367218413866133,0.8980191659553499,0.4871878231684284,0.4337067380036784
ATCTTATCGCACACCC-1,0.8872102929116805,True,0.0,tumor,0.6967248137620984,0.41258429471102936,0.8419230340522765,0.5686618737111966,0.8218569329191563,0.5260702099859432,0.558494757207347
ATCTTGACCTGCAACG-1,0.8056544135795097,True,0.0,tumor,0.8882015270579057,0.4292760407958535,0.834454940645377,0.5035817124598264,0.9236544378837077,0.4827416448382842,0.4980175317075501
ATCTTGACTTGTCCAA-1,0.5354933479828982,False,5.0990195135927845,distal,0.8776588827583645,0.5692037129923772,0.7286128295156885,0.6324026082594884,0.873324005549738,0.4597893328874771,0.459789332887477
ATCTTTCGTATAACCA-1,0.5621093781100468,False,1.4142135623730951,adjacent,0.8620817774805403,0.5408639704744034,0.7105347489271582,0.5649817013134185,0.8821839333327466,0.4783109476304594,0.4935470258994753
ATGAAGCCAAGGAGCC-1,0.8055787772390346,True,0.0,tumor,0.9774796113619053,0.43908487989745304,0.8380078582176893,0.545941778595181,0.9354564307441402,0.43908487989745304,0.439084879897453
ATGAAGTGGACCCAGC-1,0.9709397218175013,True,0.0,tumor,0.7515186980995375,0.4062308421111297,0.8172616061974028,0.5131862007468094,0.8824787264935454,0.5100967879767412,0.4730018073104513
ATGACGCCGGCTCTAA-1,0.9690010429853265,True,0.0,tumor,0.8879460885396347,0.5642435614012273,0.6949228111241152,0.6090583142915528,0.9118568449211978,0.45167722479208855,0.46642940740917666
ATGACGCGTTCTATCC-1,0.8109569191328095,True,0.0,tumor,0.8041483215367182,0.492987051589292,0.6997714986345651,0.5782886548143193,0.9295429679364773,0.43927994203867804,0.4392799420386781
ATGACTATCAGCTGTG-1,0.5609509478427719,False,3.1622776601683795,mid,0.4896338404949005,0.4896338404949005,0.6144387783536754,0.4896338404949006,0.6752200682277504,0.4896338404949005,0.48963384049490044
ATGACTATGCGACATT-1,0.5355132522830232,False,8.48528137423857,distal,0.5472839919002769,0.4648888145795017,0.7286964275762136,0.5330212339073734,0.8153230845044395,0.4648888145795017,0.46488881457950176
ATGAGGAGTGTTAATC-1,0.7720320698083614,True,0.0,tumor,0.9591437700867562,0.4708056995299931,0.7076924148693085,0.5945791302086236,0.9213884904536882,0.5847188937809236,0.4859276598116257
ATGAGGGCAGCGGCTA-1,0.5285387855192235,False,2.8284271247461903,mid,0.8090388080774304,0.5718478886845381,0.7275399877389511,0.6664233034238051,0.8682611896737328,0.4583124338182021,0.4583124338182021
ATGATCGGGAATAGAC-1,0.6758505107443412,False,1.4142135623730951,adjacent,0.8937189990525553,0.5056103587285664,0.709371342584852,0.5887346969105872,0.875293693186318,0.45115086663322745,0.4511508666332275
ATGATGCAATGGTACA-1,0.8135006886887844,True,0.0,tumor,0.7876237715729438,0.47367899583248185,0.7098311319177395,0.522760965278939,0.9215336870851264,0.47367899583248185,0.48880184074967553
ATGCACCTTCCTTAAT-1,0.5131766466827494,False,3.1622776601683795,mid,0.8064240465176763,0.5034646751750915,0.7209427074625202,0.552531163499229,0.9039076960081193,0.5034646751750915,0.44351557710527784
ATGCACGCGCTGTTCA-1,0.5398046193899732,False,1.4142135623730951,adjacent,0.8174450574968883,0.521899595633085,0.720280889483364,0.534011406490925,0.7703077288606903,0.4632725854093518,0.4632725854093519
ATGCACTACCGCATTG-1,0.7232068216017388,False,1.4142135623730951,adjacent,0.8880668412937265,0.49215107098404204,0.7189224209998327,0.5726337104534731,0.861199353508332,0.545997510635531,0.5767669047220962
ATGCATGATCCAGGAT-1,0.7200300953017891,False,1.4142135623730951,adjacent,0.8813789964517268,0.42314551635735387,0.7105277824221146,0.6001226104887698,0.9281232675401933,0.5825855951253043,0.49147697868647555
ATGCATTCCGTGATGG-1,0.7366024155858631,False,1.4142135623730951,adjacent,0.9837169555444092,0.4487265228780026,0.7228584963495513,0.5544167641977374,0.9284767260066232,0.5030095301788999,0.518518960836299
ATGCCAATCGCTCTGC-1,0.8181304288978591,True,0.0,tumor,0.649515131248955,0.5177475586270103,0.8152413197347155,0.5827992346133126,0.8466518243443419,0.6490027061001815,0.6377815463252682
ATGCCATTTGCGACCA-1,0.6073677757342696,False,14.212670403551895,distal,0.719444908878114,0.5246366580591626,0.7324583402998384,0.4661427854873768,0.711825752309213,0.4661427854873767,0.46614278548737664
ATGCCGGTCTTGCATA-1,0.6097204640090446,False,4.47213595499958,mid,0.556437979527764,0.46828846904085153,0.7330435267235134,0.5032826171766148,0.7940935770290128,0.46828846904085153,0.46828846904085164
ATGCCGGTTGATGGGA-1,0.679098892524741,False,3.1622776601683795,mid,0.7215487934013264,0.5167567667985659,0.7282505712534135,0.5305485890505117,0.823181302193789,0.46199074848130184,0.4619907484813019
ATGCGACAATTGGTCC-1,0.780559071981911,True,0.0,tumor,0.5615931932601387,0.4573495080099327,0.7879465529733043,0.5467981942818927,0.8210869507827419,0.5185525769876214,0.47224146304567644
ATGCGACAGTCCCATT-1,0.5904371780479456,False,3.1622776601683795,mid,0.8032751862379014,0.6137398056809527,0.7241612327927326,0.5524661427854873,0.9269763608150958,0.6137398056809527,0.660345060946967
ATGCGAGTCCCACCAC-1,0.5459192203883727,False,15.297058540778355,distal,0.6482100726374259,0.642977453293454,0.7359415928217131,0.5446190715042079,0.7187585248022246,0.4750877779635512,0.4750877779635512
ATGCTCAGTGTTGCAT-1,0.981361613362951,True,0.0,tumor,0.8732281855505398,0.45502733966201614,0.550172769325085,0.5582827100633488,0.9040352930478681,0.5161653879259631,0.5484828942444725
ATGCTCTGGCGCGGTA-1,0.5248286239759239,False,4.47213595499958,mid,0.7218135205929889,0.5092174602289968,0.7269687343253637,0.5236879748834272,0.8192096610025315,0.4545783871147523,0.45457838711475235
ATGCTTAGGAGTTGAT-1,0.4688179234241766,False,10.295630140987,distal,0.6386891824109681,0.4688179234241765,0.7246837206710138,0.6054951791785096,0.7942974389660826,0.4688179234241765,0.4688179234241766
ATGGAAATTTAAGGAG-1,0.7461365753457379,False,1.4142135623730951,adjacent,0.8753413587471438,0.4381374352115031,0.7176893496070892,0.5772408924557394,0.9208619693356447,0.4381374352115031,0.4381374352115031
ATGGAACAGAATAAAC-1,0.7776530441636612,True,0.0,tumor,0.8178862694829924,0.5485302222469921,0.6842640584071783,0.5538092849579223,0.9437473050625226,0.5207416076835906,0.49933519637582496
ATGGAACCTTTGCACA-1,0.4570863289305022,False,2.8284271247461903,mid,0.7198628991807391,0.6253165889514327,0.7253037396199076,0.6597298853777704,0.8445340068110418,0.4570863289305021,0.4570863289305022
ATGGACTGCTTAGTTG-1,0.4841442345204258,False,8.246211251235321,distal,0.6503371788441176,0.539541882628323,0.6130733433651007,0.5173828233851642,0.696602105497819,0.539541882628323,0.5553697820877223
ATGGAGCAGGCCGTGA-1,0.616368500250794,False,4.47213595499958,mid,0.6400174627059761,0.5296556379151264,0.7297135373126009,0.5756896839993313,0.7719811567038313,0.5296556379151263,0.5454216128852476
ATGGATCCGGCGTCCG-1,0.6751379367998662,False,2.0,adjacent,0.7229746047669471,0.5034399053793803,0.7230396254806888,0.5509483735532891,0.8944889811889698,0.5629772055954968,0.5256924706013486
ATGGATTGACCAAACG-1,0.6757071997834413,False,2.0,adjacent,0.7931923312712478,0.5968715748016868,0.7168951680321016,0.6703617009418715,0.9003467119562827,0.5432542557605256,0.5049561707311248
ATGGCAGCATTACGAT-1,0.8100054935868346,True,0.0,tumor,0.8012966988054767,0.6119161294717221,0.7209705734826952,0.6466161362834159,0.9467304358538882,0.4445187538315778,0.4445187538315779
ATGGCAGCCGAGAAAC-1,0.8337871513761833,True,0.0,tumor,0.96710880752011,0.6077764773635029,0.7175082204759516,0.6806033922235226,0.8882895250163529,0.4996996662270028,0.5151392106750742
ATGGCCCGAAAGGTTA-1,0.5482002531826975,False,11.40175425099138,distal,0.8161167772018801,0.4772334615170261,0.7310511062810009,0.5782737929368926,0.7751593496364216,0.4772334615170261,0.47723346151702606
ATGGCGGAATAGTCGC-1,0.5217076297163238,False,2.0,adjacent,0.8105807278604469,0.6147801371008192,0.7248230507718888,0.6551449961916439,0.9345397853436466,0.5061955451522413,0.5217076297163239
ATGGCTGGAAATGGCC-1,0.6475665002667176,False,4.242640687119285,mid,0.7641141392186368,0.4792491036430177,0.7011508666332275,0.5204053577068123,0.8890873731729425,0.4179624366048041,0.4179624366048041
ATGGGAACGGAAGCGG-1,0.5452384933240978,False,4.242640687119285,mid,0.7269315796317969,0.5846136221491514,0.7224265730368389,0.5735885860781362,0.8763658016467352,0.5846136221491514,0.6161137252091943
ATGGGACCTGCTGAAC-1,0.6761291709460913,False,1.4142135623730951,adjacent,0.8011991677348641,0.5046102782267304,0.7241403332776013,0.6527020750896356,0.840933423677904,0.5046102782267304,0.5201232474263738
ATGGGCCTCGGCCTCT-1,0.5992229361231199,False,12.727922061357855,distal,0.7871546935666648,0.7847195130258162,0.7246697876609263,0.6526983596202792,0.787407198819654,0.5073039935103135,0.5228780025636738
ATGGGTGTATACCTCC-1,0.8091854364216846,True,0.0,tumor,0.9841395901837299,0.4757410813254317,0.6846472161845846,0.600518307975255,0.9536353423267248,0.42297832023630383,0.42297832023630383
ATGGTATTGGGAACCG-1,0.4765646770328261,False,20.8806130178211,distal,0.5593964220030095,0.47656467703282623,0.7313854985231009,0.5443385535677794,0.7470997339528389,0.5317858403462817,0.5475633155786975
ATGGTATTTACTGATT-1,0.7559175484271623,True,0.0,tumor,0.8734232476917647,0.5427093202548812,0.5759349049768712,0.5732430474279664,0.8999052555314048,0.48900221070426725,0.5043470991472999
ATGGTCGCGTGGTTTC-1,0.48208214902747587,False,9.486832980505138,distal,0.5650903787921009,0.4820821490274759,0.7403374575043192,0.5840141930929426,0.7231026906842429,0.4820821490274759,0.48208214902747587
ATGGTGCTCAAAGCCA-1,0.6126384344073692,False,1.4142135623730951,adjacent,0.8145191253785135,0.4660313214066767,0.7207058462910327,0.6003102416912817,0.9586072269790007,0.5208623604376822,0.536528371589398
ATGGTTACGAAACATG-1,0.8853432695599557,True,0.0,tumor,0.5104079585353619,0.41417265786100427,0.7026347322075461,0.5550130970294822,0.7869276099461158,0.41417265786100427,0.4141726578610042
ATGTAAGGCTGCTCTT-1,0.600349519510195,False,5.0990195135927845,distal,0.7148748815694144,0.5085022323778384,0.7235342473387951,0.624735737242007,0.9260274494965051,0.5085022323778384,0.5240921648712987
ATGTACATGCGGTGAG-1,0.5953694636189203,False,3.1622776601683795,mid,0.8867246279886306,0.4552750376191273,0.5913239146185142,0.5929554700997604,0.9026727913245746,0.5642373689522996,0.5253222506190237
ATGTACGATGACGTCG-1,0.46714596221367666,False,15.033296378372908,distal,0.5496154489215851,0.5221256200189489,0.7329947611882071,0.5352189340318415,0.7368259723041092,0.4671459622136766,0.46714596221367666
ATGTAGCGCGCGTAGG-1,0.4699604302513514,False,13.416407864998739,distal,0.5525692470601348,0.5801055193297293,0.7347712199743632,0.5383194932099796,0.7683336413261879,0.4699604302513515,0.4699604302513514
ATGTCATAATAAACGA-1,0.5529135914522972,False,24.166091947189145,distal,0.56477920823348,0.537092769077387,0.6111714874881569,0.481719890765201,0.7227697650747835,0.537092769077387,0.5529135914522972
ATGTCATTTCCCATTG-1,0.6761490752462161,False,1.4142135623730951,adjacent,0.7045876757881439,0.504647432920297,0.7237502089951513,0.552163332032919,0.900420043588322,0.45025915398762745,0.4502591539876275
ATGTCTTGTTTGACTC-1,0.5522249026679723,False,5.830951894845301,distal,0.6471232978506009,0.481051106281001,0.6106768656300506,0.5474799829088409,0.7222080447733612,0.481051106281001,0.4810511062810009
ATGTGAAAGCCTAATG-1,0.8940295061345053,True,0.0,tumor,0.9324341897490199,0.5152891564026825,0.8374714373293206,0.526418844860577,0.8802611779406716,0.6364691894703598,0.5451031440832478
ATGTGCATCCGACGCA-1,0.6535537137443174,False,2.0,adjacent,0.9768386928978803,0.5430406162725173,0.7149445466198519,0.5426442995411396,0.9558763570018509,0.43554589533522825,0.43554589533522836
ATGTGGACATCTTGAT-1,0.6135460704930693,False,7.211102550927978,distal,0.6421863679429304,0.5269061905911931,0.7357883297107507,0.5399951698898363,0.7440271385703853,0.5269061905911931,0.5426588960278979
ATGTGTAGTTTAGTCA-1,0.6716029330976664,False,2.8284271247461903,mid,0.889469430975868,0.5645191253785133,0.7238616730758514,0.6225714763417489,0.8722137646406604,0.4555258318007022,0.4555258318007022
ATGTTACGAGCAATAC-1,0.737227410609788,False,1.4142135623730951,adjacent,0.9817942001523342,0.5412788645525646,0.7143036281558268,0.5409611919225696,0.901577216741905,0.487646064389084,0.5029697215786498
ATGTTCCTGCCCACCT-1,0.8200770694500841,True,0.0,tumor,0.8131072470229802,0.5563234192226,0.72294906091512,0.5822549183525609,0.9286820545763339,0.5563234192226,0.5176073438905741
ATGTTCGTCGACCCAC-1,0.8156463722422593,True,0.0,tumor,0.8773802225566145,0.49779548818171127,0.720503817644764,0.5821676048226792,0.8910775936664936,0.4437663712868528,0.44376637128685287
ATGTTGATTAGAGACT-1,0.5417552408022228,False,7.615773105863909,distal,0.9036393022348549,0.6313789964517267,0.732186646603132,0.5701926470861433,0.8523482255211678,0.46667223987070167,0.4666722398707016
ATGTTGTAGTCTGTTT-1,0.560138852397672,False,6.324555320336759,distal,0.4888535919300006,0.48885359193000055,0.6136027977484255,0.522120046814914,0.7019626477999044,0.48885359193000055,0.48885359193000066
ATGTTTCGGCCCGGAG-1,0.5824913814380458,False,1.4142135623730951,adjacent,0.8045616675026473,0.6113866750883972,0.7177450816474391,0.610033624997678,0.8845789444351556,0.4974765770619307,0.5129338142212244
ATGTTTGTAAGATCAT-1,0.6581277219130419,False,3.1622776601683795,mid,0.7931969756079438,0.4936991832159863,0.7095315722008583,0.5711549536495197,0.8912887887667672,0.48545084124418675,0.500784229424925
ATTAAACATGCGGACC-1,0.6920366876059905,False,2.0,adjacent,0.6462083635215218,0.4711308030987014,0.7272613275372011,0.5412602872057813,0.8784102875479958,0.4711308030987014,0.4711308030987014
ATTAAAGCGGACGAGC-1,0.9764253469319513,True,0.0,tumor,0.7891982017128315,0.4281613999888536,0.8321420609708522,0.5346560404243067,0.915114236016391,0.5883074179345706,0.5654294153708969
ATTAACACCTGAGATA-1,0.6664477193652917,False,3.1622776601683795,mid,0.6931672518530904,0.6170063224903554,0.7235760463690576,0.553807427223244,0.8462441004702024,0.5084155380928497,0.5254376955597487
ATTAATACTACGCGGG-1,0.4121384383882294,False,1.4142135623730951,adjacent,0.8565410838024112,0.46474019580523507,0.7045365880844898,0.5246632855895521,0.8932115441588421,0.46474019580523507,0.479769269352951
ATTAATGAACCAGTCG-1,0.6454247975732675,False,4.0,mid,0.8671441044789984,0.4839120176856342,0.7144429582567018,0.5696539040294265,0.8688082436487473,0.4839120176856342,0.49917994283485007
ATTAATTCGGTCACTC-1,0.7458181065437376,False,1.4142135623730951,adjacent,0.8865156328373182,0.5491649482620892,0.7189502870200078,0.6438926972449794,0.9289636480433654,0.5491649482620892,0.580019267362521
ATTACAACTACCGGCC-1,0.5096655281406995,False,1.4142135623730951,adjacent,0.6973007115123818,0.5392012979372952,0.7153416374073456,0.5341265860409816,0.9089749117820466,0.5392012979372952,0.5697884570982715
ATTACATGTCAGTCTT-1,0.5452384933240978,False,14.142135623730951,distal,0.6488417024280593,0.6427978722745484,0.729295547009976,0.6434877110851028,0.7443615308124851,0.4743353954188263,0.4743353954188264
ATTACCACACTGCCTG-1,0.46541826896282673,False,8.0,distal,0.6363855914098349,0.6301343142172435,0.46541826896282673,0.533911088818295,0.8506293320661626,0.4654182689628267,0.46541826896282673
ATTACGACTCCACAGT-1,0.6551380960342671,False,1.4142135623730951,adjacent,0.7395734641178547,0.5163542576182603,0.6953547344368277,0.5515075516914674,0.8140060483930107,0.4637865586703573,0.4112188597224544
ATTACGCGCTGGCAGG-1,0.7485370339408127,False,1.4142135623730951,adjacent,0.8982007839640341,0.4552750376191273,0.7268851362648386,0.5270393282431404,0.9287935186570339,0.5097778768569606,0.5253501166391987
ATTACGGGCTACGGTT-1,0.8284846458228835,True,0.0,tumor,0.7119861041446062,0.44811347043415256,0.7179053112634454,0.484831596351409,0.8953821604672105,0.5563327078959915,0.5176829802310492
ATTACTAGCCTCTTGC-1,0.8184568594199091,True,0.0,tumor,0.877338423526352,0.542378024237245,0.7169439335674078,0.6014564639878134,0.9558924899608995,0.6496560094620619,0.6419932962317179
ATTACTTACTGGGCAT-1,0.6725384352035414,False,1.4142135623730951,adjacent,0.537484441472069,0.5023531305925554,0.7220364487543889,0.593248992178937,0.8142597758398672,0.5023531305925554,0.4480298723736276
ATTAGATTCCTCAGCA-1,0.5801506357433459,False,2.0,adjacent,0.7107832209403853,0.4871197062302229,0.7139413698935518,0.6371156811384199,0.8585080826124836,0.4334002117817533,0.4334002117817533
ATTAGATTGATAGCGG-1,0.6622319885988169,False,3.1622776601683795,mid,0.8899013542885806,0.4356016273755782,0.7171041631834141,0.6109420572553826,0.9201814517903185,0.5431396954553618,0.5738648577638713
ATTAGGCGATGCTTTC-1,0.520903495991274,False,5.0990195135927845,distal,0.7778892418584777,0.5053286023023525,0.7221061138048264,0.6212357651080271,0.8699155512925433,0.5598407302135776,0.5909905175914204
ATTATACTTTGCTCGT-1,0.7355713728393882,False,1.4142135623730951,adjacent,0.8027643092013599,0.5340801426740234,0.7127013319957644,0.5935722380129671,0.9467451021802963,0.4878751849994118,0.5052149266327498
ATTATAGCTACTTTAC-1,0.538463069561548,False,6.324555320336759,distal,0.7260445113228927,0.5227758271563655,0.60051273477122,0.5707239592041464,0.8267598858373153,0.5776811755745045,0.6090556603848695
ATTATCGGAATGTACG-1,0.4891043861115755,False,16.1245154965971,distal,0.48910438611157553,0.48910438611157553,0.7414242322911442,0.5231083616637873,0.6204780049102862,0.48910438611157553,0.4891043861115755
ATTATCTCGACAGATC-1,0.6689317760208916,False,2.0,adjacent,0.8134044845715135,0.4514016608148024,0.7215487934013265,0.5567110665254789,0.9102010166697465,0.4514016608148024,0.4514016608148025
ATTATGAGACCCAATT-1,0.8275013733967086,True,0.0,tumor,0.8065540879451597,0.5640546917089302,0.7126455999554144,0.5894480670270672,0.8697615548652605,0.5640546917089302,0.5951903249177953
ATTATGCCATAGGGAG-1,0.6647717772947669,False,1.4142135623730951,adjacent,0.7770300395697486,0.44109123335005296,0.7016872875215963,0.47785951810362454,0.9082562617880598,0.49508629177580865,0.5105134513260247
ATTATGCTCAGTATTG-1,0.7326534024410635,False,2.0,adjacent,0.7803553846439653,0.49873054796980565,0.7049267123669398,0.5139850266584928,0.7857880363842225,0.5529423421080335,0.5839205101870208
ATTATTATGTCCGTCA-1,0.7610050875391118,True,0.0,tumor,0.8919587954448347,0.46976536811012654,0.7328763306024634,0.5728046220438796,0.7976780272031022,0.46976536811012654,0.46976536811012654
ATTATTCAGAGTCACT-1,0.6018383611595449,False,2.8284271247461903,mid,0.544107265600327,0.45407679875160223,0.725986457114195,0.5591335525460255,0.8117225013713015,0.45407679875160223,0.4540767987516023
ATTCAAAGTACCTGTT-1,0.6884618753035406,False,1.4142135623730951,adjacent,0.8075665533448514,0.5756748221219046,0.7209427074625202,0.5343755224878783,0.8220343954686918,0.5207694737037656,0.5364567161089481
ATTCAACCATTTAAGG-1,0.540771968376048,False,5.0990195135927845,distal,0.9031284251983132,0.4656411971242267,0.5989940366716826,0.60247450259154,0.9054051279343653,0.4656411971242267,0.4656411971242268
ATTCACTGATGTTGGA-1,0.541484542320523,False,5.830951894845301,distal,0.8104181760760928,0.47068494677590145,0.734833918519757,0.571931486745063,0.8504548027819088,0.47068494677590145,0.4706849467759015
ATTCAGATGAATCCCT-1,0.5730567431787963,False,1.4142135623730951,adjacent,0.7120371918482603,0.48852848836129215,0.6962812796076464,0.5731761689795463,0.8416520736718907,0.6027296314873642,0.6507273031265673
ATTCAGGACCTATTTC-1,0.5879929299925957,False,3.1622776601683795,mid,0.8619192256961862,0.4991299609256473,0.8401256757509892,0.47627301268832783,0.8330605396621465,0.43902914785710306,0.43902914785710306
ATTCAGGATCGCCTCT-1,0.6510616953686675,False,1.4142135623730951,adjacent,0.7983893440338851,0.4429025246614279,0.7203226885136265,0.5516933251593008,0.8430659075376117,0.5026286945698416,0.519693314543674
ATTCAGTAGCAGGGTC-1,0.9026042786283549,True,0.0,tumor,0.8050168124988389,0.49018806467393655,0.6920317115309591,0.6111352616619293,0.8796803914149193,0.49018806467393655,0.5055134911346247
ATTCATATACTGTCCA-1,0.6893217410689406,False,1.4142135623730951,adjacent,0.5600280517936429,0.47305355849077635,0.6035152984450761,0.5742908097865462,0.8247755318743271,0.47305355849077635,0.4730535584907764
ATTCATCGTTGAGGCA-1,0.47703839937580117,False,4.242640687119285,mid,0.8121365806535511,0.5322719475871123,0.7317547232904197,0.5796503743335376,0.7452107111115022,0.47703839937580117,0.47703839937580117
ATTCCCACATAAACAA-1,0.8165818743481343,True,0.0,tumor,0.8972161845845177,0.45106726857270246,0.723534247338795,0.5202790317486857,0.9264850388804313,0.45106726857270246,0.45106726857270246
ATTCCCGAAGGTACAG-1,0.5594342401732469,False,3.1622776601683795,mid,0.6525014397443757,0.48628991807390076,0.738951123000613,0.5536662393876906,0.6999753605716348,0.48628991807390076,0.4862899180739007
ATTCCTAAGACGTGGA-1,0.8060923081822595,True,0.0,tumor,0.7584248267662413,0.6330385727643711,0.6969221980716714,0.6181649296847423,0.8205941622154366,0.582678481859221,0.5631483825765718
ATTCCTCCGCCAGTGC-1,0.7168255029816643,False,1.4142135623730951,adjacent,0.8949822586338217,0.593388322279812,0.716080086941983,0.6767393040925893,0.9251665361363617,0.4862465709314063,0.4326756952572034
ATTCCTTCCAGGCGGT-1,0.761092666459662,True,0.0,tumor,0.8983029593713426,0.46820487098032654,0.7306888480187259,0.5366586784075498,0.9015816166398272,0.5782075337333654,0.6096368659485195
ATTCGACGCCGGGCCT-1,0.6758624533244161,False,1.4142135623730951,adjacent,0.8015149826301807,0.4583124338182021,0.7287451931115199,0.5297311857920451,0.9253938641956839,0.512883389994241,0.5284750917588236
ATTCGCAGAGGACACT-1,0.6060381684859195,False,2.0,adjacent,0.45995652900852696,0.459956529008527,0.7280903416374074,0.5284995077003102,0.7373026279123658,0.459956529008527,0.4599565290085269
ATTCGCGCCTTGAGAG-1,0.7539310992746874,True,0.0,tumor,0.8913503873376803,0.5257389139683071,0.7313715655130134,0.6740400156049712,0.8498930824804863,0.5217974202257767,0.5374997014354982
ATTCGTCCCGAGGTTA-1,0.47767931783982615,False,14.422205101855956,distal,0.6470211224432927,0.5329190585000649,0.6082176893496071,0.5785598840773559,0.7728567363903824,0.5329190585000649,0.5487018415458477
ATTCGTGCTATCTCTT-1,0.6171368062356191,False,8.246211251235321,distal,0.6492132493637258,0.6433490002291207,0.7360600234074569,0.6128035074030728,0.8782826905082468,0.5304823298469846,0.47533857214512626
ATTCGTGTACCCATTC-1,0.6094696698274695,False,8.94427190999916,distal,0.5514917609467015,0.518143875358388,0.7312879674524884,0.6001746270597633,0.8200031092611986,0.518143875358388,0.5338293484924483
ATTCGTTTATCGTATT-1,0.5647048988463468,False,8.602325267042627,distal,0.5876479221237623,0.4805804801624899,0.7109875717550019,0.4650002786602017,0.7864362880114516,0.5415234662852119,0.4958758290141002
ATTCTCGTCTCTTTAG-1,0.9033924889133048,True,0.0,tumor,0.7955934533429936,0.4679664616966071,0.7052959371342585,0.6284902190269185,0.9523447056028299,0.6869500331296018,0.6291072523307936
ATTCTGAGTATGAACT-1,0.5748043407297713,False,2.0,adjacent,0.7900852700217356,0.6453677385795761,0.8301008749930334,0.6273737204852404,0.9221467395289762,0.5312192312693901,0.5616913878074219
ATTCTTCGTACTTATG-1,0.561528172546397,False,1.4142135623730951,adjacent,0.7851436957773691,0.5403438047644702,0.7115379256534582,0.4625276338033402,0.9471660257482026,0.4776421631462594,0.49289416485537535
ATTGAAGATCTTAGTG-1,0.9070708035764047,True,0.0,tumor,0.8781604711215144,0.5127626372401494,0.8089644986902971,0.5803488825725911,0.8788561438707955,0.5648442289472219,0.4755615003065262
ATTGAATTCCCTGTAG-1,0.48202641698712595,False,14.212670403551895,distal,0.6481636292704677,0.5374054877482398,0.735976425346932,0.5497464192164075,0.6705400434709914,0.4820264169871259,0.48202641698712595
ATTGACCGGCGATGAC-1,0.8828552320443308,True,0.0,tumor,0.6683386278771666,0.459040046567216,0.6912514629660591,0.5164279477605008,0.7176028182812825,0.5201161703418851,0.5524637542694723
ATTGACGTAACTCGGT-1,0.7209775399877391,False,1.4142135623730951,adjacent,0.978046220438797,0.49398093964220036,0.8352700217354958,0.5036541641122816,0.906200042825673,0.5410249741465257,0.5027069848169999
ATTGATAGCAACGAGA-1,0.6753130946409662,False,1.4142135623730951,adjacent,0.8949497482769511,0.45073287633060244,0.5845455052109458,0.5199799364654739,0.8755708867554273,0.45073287633060244,0.45073287633060233
ATTGATCACCACATTT-1,0.819945701069259,True,0.0,tumor,0.8941602110386594,0.4221980716714039,0.708953352282227,0.596866001597652,0.9644180255018084,0.6870955556794045,0.6265475593347186
ATTGATGAGTCCTAAC-1,0.46703449813297665,False,8.0,distal,0.7202716008099723,0.5219893861425378,0.7316641587248509,0.5375633951958981,0.8458833088405683,0.5219893861425378,0.5376907827166981
ATTGCCTATTAGACCG-1,0.8263310005493586,True,0.0,tumor,0.8028664846086682,0.5595001455225498,0.705783592487321,0.6157628787456575,0.8979033019767274,0.5000340584691028,0.5154656411971242
ATTGCCTTTATGTTTG-1,0.5367075102905231,False,1.4142135623730951,adjacent,0.8116257036170094,0.5245933109166683,0.7327230674915008,0.6047650894499248,0.8744049138059997,0.5245933109166683,0.5413014227593729
ATTGCGATCAGTAACT-1,0.5249838775168988,False,12.165525060596439,distal,0.7905775697114938,0.6230904035618967,0.7238616730758513,0.6316149287558751,0.8942719195581329,0.509406329921294,0.45488491333667724
ATTGCTGCTCCTCCAT-1,0.820395538252084,True,0.0,tumor,0.8950612123576511,0.5370618068327482,0.713739341247283,0.600373404670345,0.9583315000425322,0.48369837819762584,0.4989450720933751
ATTGGATTACAGCGTA-1,0.4720225157443014,False,9.055385138137417,distal,0.7338609299819799,0.5270795791611709,0.7330295937134258,0.5752531163499229,0.9315023891445717,0.4720225157443013,0.4720225157443014
ATTGGGAATATCTTGG-1,0.9019593793043049,True,0.0,tumor,0.7620334763789036,0.4848780397183674,0.8110614167084658,0.5735737242007097,0.7551192812326755,0.4848780397183674,0.4314774563896785
ATTGGGAGTTCTGTAA-1,0.7305475274878386,False,2.0,adjacent,0.737920080254138,0.5259897081498821,0.676120214011035,0.5966690817217484,0.7792952536834479,0.5868274226408318,0.49824444072897517
ATTGGTAGGATCCGCT-1,0.6670488292290667,False,2.0,adjacent,0.7090044399858813,0.5036752184386359,0.8424873209608204,0.5186516561704656,0.8191979279414052,0.4494231733823775,0.4494231733823776
ATTGGTTGTGCATTAC-1,0.4653346709023017,False,3.1622776601683795,mid,0.807297181816493,0.5750029414132407,0.7222384774006576,0.6347080569953,0.8971450529014392,0.4653346709023018,0.4653346709023017
ATTGTACAACTCGGCT-1,0.6027022077849699,False,10.0,distal,0.809238514555351,0.5166267253710825,0.7191244496461016,0.56632855895521,0.8239336847385141,0.4618514183804269,0.4618514183804269
ATTGTCGCAATACCTT-1,0.6667980350474917,False,3.1622776601683795,mid,0.8036653105203514,0.44936744134202755,0.7232764866521764,0.5216686172880789,0.8744533126831459,0.5036814108875638,0.4493674413420275
ATTGTCTGTTTCATGT-1,0.49166805996767543,False,12.649110640673518,distal,0.5748945735570046,0.49166805996767543,0.6165078303516692,0.49166805996767526,0.6243763144695045,0.49166805996767543,0.49166805996767543
ATTGTGACTTCGCTGC-1,0.661220850152467,False,2.0,adjacent,0.7697291422838989,0.605017741366178,0.7128406620966393,0.5752995597168813,0.8802274453899336,0.5447806944212228,0.5063255865797246
ATTGTTCAACGATCCG-1,0.6031799109879697,False,13.92838827718412,distal,0.8048728380612681,0.5718726584802492,0.7298110683832135,0.6676029649445465,0.7918056301093814,0.4622972747032269,0.46229727470322685
ATTTAACTCGTATTAC-1,0.9659317999060517,True,0.0,tumor,0.8418138921399246,0.44133273885823626,0.6562656746363484,0.6114510765572461,0.8944640484340762,0.5945401177803786,0.5872445283078956
ATTTACAGTTTACTGG-1,0.6024752987635449,False,1.4142135623730951,adjacent,0.8895530290363931,0.45647327648665226,0.7147355514685393,0.5580895056568022,0.9312662612894048,0.5110070779691245,0.4564732764866522
ATTTACTAAGTCCATT-1,0.6655440641396168,False,4.47213595499958,mid,0.8007347340652808,0.44777907819205265,0.7177450816474391,0.5535789258578089,0.9566830049542849,0.5071987218785412,0.5241757629318238
ATTTATACTGGTAAAG-1,0.4786267625257761,False,15.620499351813308,distal,0.6446060673614594,0.5339531974710039,0.6087959092682383,0.546409927734121,0.6928973914471851,0.4786267625257761,0.4786267625257761
ATTTCATTATTTCGCG-1,0.8814022181352058,True,0.0,tumor,0.7969403109847851,0.4834506802405147,0.7095524717159896,0.6340132642256032,0.9197267956716737,0.4729204208388291,0.420052388117929
ATTTCCGGGTTCTGCG-1,0.6733744158087914,False,1.4142135623730951,adjacent,0.804013635772539,0.4621579446023519,0.5965209273811514,0.5989243716212449,0.7673553973547813,0.516917770470688,0.5325634350044983
ATTTGCCTAGTTACGA-1,0.6853687470641158,False,1.4142135623730951,adjacent,0.820013375689684,0.46909658362592654,0.6014741124672575,0.5704211484515781,0.854089118465785,0.5240917225535182,0.539804619389973
ATTTGCGCGAGTAGCT-1,0.7570560743943121,True,0.0,tumor,0.9753107061249513,0.46976536811012654,0.7167837039514017,0.5380259711308031,0.8534086009204587,0.46976536811012654,0.46976536811012654
ATTTGGAGATTGCGGT-1,0.6273795590799436,False,2.0,adjacent,0.7341581675305133,0.4850080811458508,0.7378086161734381,0.5192015456352523,0.7250811781166678,0.4850080811458508,0.4850080811458507
ATTTGTCTTGGGAGCT-1,0.46580839324527673,False,13.038404810405298,distal,0.5481246168422226,0.5206858756432405,0.730828178119601,0.5342826357539615,0.8209769533346827,0.46580839324527673,0.46580839324527673
ATTTGTTCCAGGGCTC-1,0.8636316589836068,True,0.0,tumor,0.7064593434765647,0.4800417371057732,0.7121579446023518,0.5386501699827231,0.8696339578255118,0.5334268393121427,0.5639326120014968
CAAACCAGGTCTGCAT-1,0.7998423579430101,True,0.0,tumor,0.8769018558769436,0.4716633537064904,0.7082149027475896,0.6275817867692136,0.9227568587075446,0.5855486819372457,0.5651666786092467
CAAACCATAAGCGTAT-1,0.44543833249735265,False,14.212670403551895,distal,0.6893217410689405,0.44543833249735276,0.722196678370395,0.5832729569562876,0.8148288293044935,0.4996346455132611,0.5151193063749492
CAAACCCTCCGGCGGG-1,0.4877389511230006,False,16.1245154965971,distal,0.5709190213453714,0.5431923312712479,0.7402886919690129,0.5550855486819374,0.6459768800030506,0.48773895112300064,0.4877389511230006
CAAACGAGTATCGCAG-1,0.5889244512384455,False,1.4142135623730951,adjacent,0.7147634174887143,0.440060190603578,0.7196608705344703,0.5418306117520296,0.7824661134528345,0.440060190603578,0.44006019060357804
CAAACGGTCGCACTTT-1,0.8112077133143843,True,0.0,tumor,0.9614241394044103,0.5126140184658827,0.7124575043192332,0.6267458061639636,0.9251445366467498,0.6167400471864608,0.5933949570465203
CAAACGTGGTCTTGCG-1,0.7538196351939872,True,0.0,tumor,0.9807120697022053,0.5148278189575631,0.594528506938639,0.5616061974028869,0.9371269253219991,0.460235189210277,0.46023518921027706
CAAACTACGATAGAGA-1,0.6734341287091663,False,2.0,adjacent,0.7920451801073772,0.4461628490219026,0.7225450036225827,0.551461108324509,0.901757612556722,0.5004365676494084,0.5159433444001242
CAAACTATTGAGCTTC-1,0.8178477878360841,True,0.0,tumor,0.8887820691448848,0.5411457269006175,0.7161009864571142,0.610028051793643,0.956188749754339,0.5477778397022671,0.5803377361645209
CAAACTCGCGACGCCG-1,0.4527670958033774,False,8.602325267042627,distal,0.7247533857214513,0.6800237790038827,0.5860084712701332,0.560591874268517,0.8209696201714787,0.4527670958033774,0.4527670958033774
CAAAGATTATTGGGCC-1,0.6772756586332911,False,1.4142135623730951,adjacent,0.9887978598896505,0.4618235523602519,0.4618235523602519,0.49763881922383835,0.9915081970098293,0.5163852198628992,0.46182355236025197
CAAAGGTCATCTGAAA-1,0.5172012961680241,False,8.48528137423857,distal,0.8780768730609894,0.6696700043966387,0.7180585743744078,0.6559066674097607,0.8977962377939498,0.4942812734151975,0.5096774707207745
CAAAGGTTAAATTCAG-1,0.8095914841442344,True,0.0,tumor,0.7841823180813315,0.5286060178218679,0.8292579278827399,0.5620687733377918,0.9066502990463953,0.5286060178218679,0.49063303636117545
CAAAGTCAGGTTAGCT-1,0.760933432058662,True,0.0,tumor,0.8785134407103978,0.5062915281106218,0.588209886863958,0.6279291831540621,0.8852711950416083,0.5656894982258635,0.5218469598171989
CAAATCTCTCACAAGG-1,0.7346119855733632,False,1.4142135623730951,adjacent,0.6864840513477866,0.42517973583012875,0.6876706793735718,0.5710620669156031,0.8580974254730623,0.47831404385492327,0.49349527471915033
CAAATGCGGAGTGTTC-1,0.8272426174950837,True,0.0,tumor,0.8061593193260138,0.46357911163127674,0.7307933455943822,0.6027475895892548,0.8782430914269455,0.46357911163127674,0.4635791116312768
CAAATGTCCTTCCGTG-1,0.7539748887349622,True,0.0,tumor,0.8681751472254732,0.439920860502703,0.7195354734436828,0.5462687398985676,0.898575019726209,0.5476447020503198,0.5091719014975996
CAAATTGGATTATGCC-1,0.7845717788871108,True,0.0,tumor,0.7553224098534249,0.5224135688940905,0.6932717494287467,0.5811012651173161,0.8340607831231648,0.5947289874726758,0.5660504295347968
CAAATTGTCAGCAAGC-1,0.7287004084362385,False,1.4142135623730951,adjacent,0.8981125415668134,0.5470223609330782,0.715327704397258,0.6115606829032677,0.8955933555674841,0.4866924272542062,0.5020143151726499
CAACACATCTCCTGCC-1,0.5384789930016481,False,6.324555320336759,distal,0.7238616730758514,0.5179828716862658,0.7195494064537703,0.5669490423377734,0.8260265695169206,0.5179828716862658,0.5336382672112483
CAACAGAATAACGCTA-1,0.6782987396597161,False,5.830951894845301,distal,0.8896970034739639,0.6278988401543159,0.7259237585688012,0.5950862917758087,0.9313718588395414,0.4552193055787772,0.4552193055787771
CAACAGTGCCAAACGG-1,0.6110102626571444,False,3.1622776601683795,mid,0.88228928644411,0.46416429805495185,0.7210193390180014,0.6006929350350183,0.8745061114582141,0.5738201836680352,0.6051504367003446
CAACATGGCCTGATAA-1,0.8283174497018335,True,0.0,tumor,0.8043340950045513,0.4561110182243772,0.5916792063757454,0.5277935685225438,0.8718999052555315,0.6200096602203274,0.5263532933654986
CAACCAGTGGCCTACC-1,0.45834029983837704,False,6.324555320336759,distal,0.8016868230879265,0.5129236409122716,0.7279022460012261,0.5984785152984452,0.954884913336677,0.4583402998383771,0.45834029983837704
CAACCGCACCTAGACA-1,0.7652884929260119,True,0.0,tumor,0.8030987014434597,0.4597893328874771,0.7168882015270579,0.5285756748221221,0.8702484769020025,0.4597893328874771,0.459789332887477
CAACCTACCGAGCAGT-1,0.6886410140046656,False,2.8284271247461903,mid,0.8154665700644634,0.5221411011412684,0.7316432592097197,0.6040628657415149,0.9022592009198718,0.4672295602742016,0.4672295602742017
CAACCTGAACCTGCCA-1,0.6608148024299169,False,2.0,adjacent,0.5889344033885081,0.5730275502052796,0.6971242267179402,0.6230247636032622,0.770992646303939,0.46760729965879594,0.41489717438555423
CAACGACCCGTTTACA-1,0.6967579875956399,False,2.0,adjacent,0.9631750543387393,0.5205775077870045,0.7068355347489271,0.4857586059558973,0.9611459680802071,0.46787667118715437,0.48293405307282583
CAACGAGCTTATTATG-1,0.6222362879276438,False,4.242640687119285,mid,0.6423117650337179,0.4766482750933512,0.7316571922198072,0.5461294097976928,0.8295376880589703,0.5318694384068068,0.47664827509335117
CAACGATCGATCCAAT-1,0.539131854045748,False,15.231546211727817,distal,0.8910206394322763,0.5268040151838848,0.7325210388452321,0.5344182503854799,0.8769333884787206,0.46842779914172655,0.4684277991417266
CAACGCGATGAGCCAA-1,0.4816641587248509,False,7.0710678118654755,distal,0.4816641587248509,0.48166415872485085,0.6110878894276319,0.5492504040572925,0.7237538755767532,0.48166415872485085,0.4816641587248509
CAACGGTTCTTGATAC-1,0.7288556619772135,False,1.4142135623730951,adjacent,0.8870683089041225,0.5640608841578579,0.7235969458841889,0.5510932768581991,0.958994417996169,0.5579210710459664,0.5890000875789205
CAACGTGGTGGAGTCT-1,0.678004156017866,False,11.661903789690601,distal,0.6362509056456558,0.5211936564553183,0.7310720057961323,0.5347805086477548,0.8440822839576789,0.4663099816084267,0.46630998160842674
CAACTATATCGAATGC-1,0.8732016464837064,True,0.0,tumor,0.6899115718293114,0.5228625214413545,0.7037424065095023,0.6157554478069442,0.9216260849414959,0.5665161901577217,0.6113486357592695
CAACTCCAACGTTTAG-1,0.5314010238771985,False,3.1622776601683795,mid,0.6275845733712312,0.5098459937951662,0.7262999498411638,0.524262014899032,0.848621511980922,0.6236755899855716,0.5956441429606453
CAACTCCGTAACTTGC-1,0.8082220682956346,True,0.0,tumor,0.765275223392595,0.5393096657935312,0.7051496405283397,0.5677237176986382,0.795959133748097,0.5906419711803426,0.5699954618195714
CAACTCCTTGATCCCG-1,0.7334097658458134,False,2.0,adjacent,0.8951401660814802,0.44633004514295266,0.7163448141336454,0.5804826394694309,0.936821865732715,0.5003622582622751,0.44633004514295266
CAACTGAGGGTATGAC-1,0.6659739970223166,False,1.4142135623730951,adjacent,0.711851418380427,0.5023809966127304,0.7075739842835647,0.5164372364338924,0.7210904707010798,0.44811347043415256,0.44811347043415267
CAACTGCTCATCCGAT-1,0.5457560051273477,False,10.295630140987,distal,0.7278047149306136,0.4747812517416263,0.6050548960597447,0.5079028033216295,0.7710058459977063,0.4747812517416263,0.4747812517416263
CAACTTGTAGTGGGCA-1,0.8736833305467314,True,0.0,tumor,0.8803200876850769,0.4368834643036282,0.7121997436326144,0.5066246818629364,0.8673592105996475,0.5443472229962784,0.5059673091774748
CAAGAAACCCTAAACT-1,0.7404877349702629,False,2.8284271247461903,mid,0.623609021159598,0.45262776570250235,0.7220782477846514,0.5601553066191086,0.836051003616716,0.45262776570250235,0.45262776570250235
CAAGACTCAGAAGCGC-1,0.6401740432002929,False,4.0,mid,0.8715144253097772,0.5742072117260214,0.6935016440951903,0.5812554570956175,0.9226351281983591,0.565420126697505,0.5429733839698729
CAAGAGGGCGGAGTAC-1,0.6160301271486691,False,5.830951894845301,distal,0.5524206282858682,0.5249246069343043,0.7346597558936633,0.6394229876089098,0.7474839917047258,0.4699325642311766,0.4699325642311765
CAAGATATTATAACGT-1,0.4648330825391517,False,11.40175425099138,distal,0.5535677794497389,0.46483308253915173,0.7304241208270634,0.5992290401084917,0.7929305373448667,0.46483308253915173,0.4648330825391517
CAAGCAACGTCGGAGT-1,0.6674827429717916,False,1.4142135623730951,adjacent,0.8049099927548348,0.44956250348325244,0.7239034721061138,0.5869977149863456,0.8500485455404101,0.5038176447639748,0.5193191137013241
CAAGCACCAAATGCCT-1,0.8700328819038063,True,0.0,tumor,0.9560552861840272,0.47096670320211537,0.7084308644039459,0.5969087294952536,0.9014950853140206,0.5239152377590766,0.4860948559326758
CAAGCGGCACATAATT-1,0.6071368858528198,False,2.0,adjacent,0.7202669564732765,0.459900796968177,0.7285431644652511,0.5312768210444184,0.8981335633013315,0.7339940676339273,0.7418253039386629
CAAGGATCGCATGTTC-1,0.539084083725448,False,8.0,distal,0.6351734195322224,0.5184194393356741,0.5975310706124951,0.5317245351018969,0.8480671248427036,0.5184194393356741,0.5341119895542232
CAAGGCCAGTGGTGCA-1,0.7503483252521874,False,1.4142135623730951,adjacent,0.6889455497965781,0.4997894567364556,0.720587415705289,0.6928161399988855,0.8891489717438555,0.505226426895044,0.5222211606595489
CAAGGGAGTGTATTTG-1,0.8226168581460337,True,0.0,tumor,0.8893022348548181,0.5006285335661693,0.7034010477623586,0.5157703096843708,0.8955918889348434,0.5549827540297361,0.5161583108414742
CAAGGTCCTATAGGCT-1,0.5307202968129235,False,7.615773105863909,distal,0.8035445577662599,0.5150940942614576,0.7286755280610824,0.6305801705400432,0.8751308969631905,0.46040238533132694,0.460402385331327
CAAGTAAGTGATAGAC-1,0.541504446620648,False,12.165525060596439,distal,0.8896459157703097,0.4663378476286017,0.7231162570361701,0.5368593137528097,0.7959576671154561,0.4663378476286017,0.4663378476286017
CAAGTCGTTGAAATCT-1,0.5655568028916967,False,11.40175425099138,distal,0.660898400490442,0.49320069107730036,0.6181240595218191,0.5598264875810436,0.6250568320148306,0.49320069107730036,0.49320069107730025
CAAGTGAACTTTGGTT-1,0.819428189266009,True,0.0,tumor,0.9077541845473629,0.4624923368444519,0.7176057515465641,0.6320236303851083,0.8798959864131153,0.5719810263364854,0.5328779229464734
CAAGTGTGGTTGCAAA-1,0.5180412576332991,False,15.811388300841896,distal,0.8020305040034182,0.5025141342646777,0.7229629939252076,0.5826747663898643,0.9135845381720477,0.5025141342646777,0.5180412576332991
CAATAAACCTTGGCCC-1,0.5739166089441963,False,1.4142135623730951,adjacent,0.6903388508053281,0.47731086712862336,0.7114682606030207,0.5628787456575453,0.9269675610192509,0.4239814969626038,0.42398149696260384
CAATACGAGAGTCTGA-1,0.45240483754110233,False,4.47213595499958,mid,0.6347275632094224,0.5709097326719799,0.7240846012372513,0.6578647197607238,0.872647887902334,0.45240483754110244,0.45240483754110233
CAATACGCTCTGAGGC-1,0.5251829205181487,False,2.0,adjacent,0.8006790020249307,0.5550477747434779,0.7065359750320459,0.5485091679206376,0.9045016822276389,0.5008143070340028,0.4465808393245277
CAATATGTAGATTTAC-1,0.7414948925565878,False,2.0,adjacent,0.7797655538835944,0.6051663601404447,0.7169230340522766,0.5068067398614129,0.8329256094591938,0.4909094849740227,0.5063136439996496
CAATATTCTTGACCTA-1,0.7499741244098374,False,1.4142135623730951,adjacent,0.8972997826450425,0.4559716881235022,0.7266482750933512,0.5577012391090305,0.8754374231851155,0.5652188721073523,0.5262020206845487
CAATATTGGACTAGTG-1,0.6756634103231661,False,1.4142135623730951,adjacent,0.8031915881773765,0.4489773170595776,0.7086886250905645,0.6273477121997436,0.8990516753344657,0.4489773170595776,0.4489773170595775
CAATCCATTATCCGTT-1,0.5838528355665958,False,1.4142135623730951,adjacent,0.8840773560720057,0.5988036188671534,0.7174803544557766,0.6039866986197031,0.9573605892343299,0.4375522487878281,0.43755224878782817
CAATCCCTATACCAGC-1,0.7552089553427123,True,0.0,tumor,0.6931161641494361,0.43869475561500304,0.7184765646770328,0.5442809637927511,0.8623990590084977,0.43869475561500304,0.438694755615003
CAATCCTGCCGTGGAG-1,0.7442138199536626,False,1.4142135623730951,adjacent,0.8981311189135969,0.5113786249047911,0.725150476508945,0.5584833454086087,0.9309142694556152,0.4568355347489272,0.4568355347489272
CAATGACCCTTAATTT-1,0.6294814531731435,False,17.08800749063506,distal,0.4868472384774006,0.48684723847740063,0.6150866633227442,0.4868472384774006,0.6735099745685901,0.48684723847740063,0.4868472384774006
CAATGAGGTTCGACTA-1,0.6708027802326415,False,4.0,mid,0.7962947481840644,0.507901564831844,0.5897285849634955,0.5551394229876088,0.9035571708069707,0.5079015648318441,0.5234631889873488
CAATGCGAGAAGTATC-1,0.9022460012261048,True,0.0,tumor,0.7806758438759775,0.5409258949636813,0.6945257203366215,0.6776105816567277,0.9165530026370055,0.4872745174534173,0.5026034824563499
CAATGGAATCTACATA-1,0.5057523427361247,False,4.242640687119285,mid,0.6965483289676567,0.4812337835243703,0.5706333946385777,0.56630626613907,0.9198719923031119,0.4278270077467536,0.4278270077467536
CAATGGATCTCTACCA-1,0.4587861561611771,False,7.0710678118654755,distal,0.7050103104274648,0.5682191136128605,0.7284595664047261,0.5628638837801186,0.7528562670679374,0.458786156161177,0.4587861561611771
CAATGGTCGGCCTGGG-1,0.5372369646738481,False,1.4142135623730951,adjacent,0.8100419848037302,0.5165059726169908,0.7280555091121885,0.49765553883594343,0.9035997031535538,0.46179568634007695,0.46179568634007684
CAATGTGCCAACCCTT-1,0.5316358946186733,False,4.242640687119285,mid,0.6367896487023723,0.5647420535399134,0.7140528339742518,0.593399468687882,0.820041241709859,0.619266566348994,0.5958989180022451
CAATTAAGGGTGATGA-1,0.8990971409463301,True,0.0,tumor,0.8750116108417396,0.4940273830091586,0.7185462297274703,0.6103977409946312,0.8403878363355304,0.4940273830091586,0.440115922643928
CAATTGGGCCGCACTC-1,0.6225348524295189,False,1.4142135623730951,adjacent,0.5603995987293094,0.47285849634955135,0.7284177673744636,0.507609281242453,0.8261497666587468,0.47285849634955135,0.4728584963495513
CAATTTCGTATAAGGG-1,0.6246248039426437,False,3.1622776601683795,mid,0.7353378290512548,0.5349068346058816,0.738310204536588,0.5806294005090193,0.7482158413924798,0.5349068346058816,0.5507081949984475
CAATTTGACCGGGAAG-1,0.681738202721316,False,1.4142135623730951,adjacent,0.8978292370283677,0.4585353619796021,0.7164771777294767,0.5955005666090768,0.8218789324087682,0.4585353619796021,0.45853536197960215
CACAAACCGCAGAACT-1,0.5329455975668984,False,4.47213595499958,mid,0.7983521893403185,0.5172893174063548,0.719918631221089,0.5695071429898383,0.9051411340590232,0.5172893174063548,0.5329455975668984
CACAAGAAAGATATTA-1,0.6664835471055167,False,1.4142135623730951,adjacent,0.6042189154544949,0.4834599689139064,0.7121579446023519,0.573692619220123,0.7851177852673819,0.4300284233405785,0.43002842334057856
CACAAGCTAAGAAAGG-1,0.8292768369678586,True,0.0,tumor,0.8102277582715637,0.568429656876405,0.7241542662876888,0.5607219156960004,0.9040000938644892,0.45906481636292706,0.4590648163629271
CACAATGAGCTGCTAT-1,0.9042244886585298,True,0.0,tumor,0.8771433613851268,0.46525726529070455,0.7054283007300897,0.5894777907819205,0.9208766356620527,0.5282716255797681,0.480195221375626
CACACACGCTAACGAG-1,0.60152387321757,False,8.246211251235321,distal,0.7206013487153764,0.574324868255649,0.7181979044752829,0.6331196938453248,0.9325774308702705,0.4607925096137769,0.460792509613777
CACACAGCTTGCGCTC-1,0.5444542638991728,False,7.615773105863909,distal,0.6478338813650635,0.5287050970047125,0.6049852310093072,0.5747701053335562,0.7700026692714063,0.4735830128741013,0.4735830128741014
CACACAGGGATAGATT-1,0.6744611905956163,False,1.4142135623730951,adjacent,0.8964963123966636,0.5038300296618304,0.7198419996656078,0.5908636608519571,0.8166943860235777,0.5038300296618303,0.5193748457416741
CACACGCGCTGTCTTA-1,0.4839213063590258,False,11.661903789690601,distal,0.735583978896134,0.48392130635902586,0.6123209608203757,0.5181612142153857,0.7785208716491111,0.48392130635902586,0.4839213063590258
CACACGTTTCAATGGG-1,0.5095381406198997,False,4.242640687119285,mid,0.8651098850062233,0.5970697331673757,0.7119419829459956,0.5636738560998718,0.9563016804676799,0.4829924390198592,0.4294989689572536
CACACTTGTATTGCGA-1,0.6771403093924412,False,3.1622776601683795,mid,0.6181705028887774,0.508960473598494,0.7129312266622081,0.5526444853146074,0.8604865700449084,0.508960473598494,0.5245619063542487
CACAGAGACGAGGACG-1,0.8294241287887836,True,0.0,tumor,0.9366280257853575,0.5148587812022021,0.7012135651786212,0.6251184305857438,0.8592017998515769,0.4745118802132679,0.4105222092180795
CACAGCACCCACGGCA-1,0.8852158820391558,True,0.0,tumor,0.9698396774972599,0.43975366438165303,0.8399166805996767,0.5462891749800295,0.962568601741773,0.5533541399617307,0.439753664381653
CACAGCTAGGGAGTGA-1,0.8695233318206065,True,0.0,tumor,0.787317245351019,0.5398236390545369,0.711684222259377,0.6285050809043452,0.9269015625504157,0.4790509452773288,0.49429940844420034
CACAGGGCCATATAGT-1,0.6048876999386948,False,7.211102550927978,distal,0.8118672091251927,0.5773220135366933,0.730995374240651,0.7020156421259917,0.9597790664589915,0.5735662932619963,0.6048876999386948
CACAGGGCCGTTGTCA-1,0.5842947110293707,False,12.083045973594572,distal,0.8001867023351726,0.49901230439601946,0.7214094633004514,0.5142599713908861,0.8399199805231186,0.49901230439601957,0.44474168199297776
CACAGTCCCGCTTCGC-1,0.60021815112937,False,7.0710678118654755,distal,0.7136348436716267,0.5143324230433409,0.7287521596165635,0.5313065447992718,0.9572725912758826,0.5731513991838352,0.5299480099680735
CACAGTTCGCTTCCCA-1,0.4777071838600011,False,13.038404810405298,distal,0.7299968418510469,0.5329809829893429,0.7317756228055509,0.5124263872633712,0.8006523581986231,0.47770718386000116,0.4777071838600011
CACATAAGGCGACCGT-1,0.8313508650408835,True,0.0,tumor,0.8888378011852347,0.4531293540656523,0.5894708242768768,0.5906333017518438,0.9005373741995851,0.5622093419284524,0.5232522034060239
CACATATTAGCAGGAT-1,0.5457281391071727,False,5.656854249492381,distal,0.7270012446822345,0.5299745490349069,0.7361436214679818,0.5428375039476863,0.7985712064813429,0.4748369837819763,0.4748369837819762
CACATCGTGCACGCGC-1,0.682164154743991,False,1.4142135623730951,adjacent,0.5537674859276599,0.5195216952448185,0.7215557599063702,0.5331494176001784,0.8214448091470943,0.4646380203979268,0.4646380203979268
CACATCTCACCGACGA-1,0.5380689644190733,False,3.1622776601683795,mid,0.7207964108566015,0.5223826066494516,0.7239940366716826,0.5359025803934683,0.9044122176365509,0.5223826066494517,0.5380689644190733
CACATGATTCAGCAAC-1,0.5948678752557702,False,4.0,mid,0.8764188448605772,0.5023624192659472,0.7231789555815639,0.6153504616470677,0.9454691317828093,0.44791840829292767,0.44791840829292756
CACATGTTTGGACATG-1,0.7505752342736125,False,1.4142135623730951,adjacent,0.8835246800052018,0.44791840829292767,0.8283731817421836,0.5172100540600792,0.8994711322697313,0.5616891762185192,0.5941951099115453
CACATTCTTTCGATGG-1,0.6725702820837414,False,5.656854249492381,distal,0.7075879172936522,0.6780205217757467,0.7266691746084825,0.6606457485741885,0.8755342209394076,0.45524717159895217,0.4552471715989523
CACATTTCTTGTCAGA-1,0.5489526357274226,False,10.770329614269007,distal,0.6436493340021179,0.5884095933418789,0.7318452878559885,0.5458043062289842,0.7482305077188877,0.47793011202140107,0.4779301120214012
CACCAATCATCCGTCT-1,0.8179672136368341,True,0.0,tumor,0.806684129372643,0.4442958256701778,0.7201485258875328,0.5783685374054878,0.8460211723088025,0.6063088669676198,0.5831641467822709
CACCACGCCACACAGA-1,0.7250340363532137,False,2.0,adjacent,0.8860883538613015,0.48217193953692866,0.7131193222983894,0.5629864942688886,0.8992379376798457,0.5356251586815038,0.49744428786395023
CACCAGTCAGCATGCA-1,0.8943081663362553,True,0.0,tumor,0.8568986977279905,0.4091567742295045,0.7907888870311541,0.5609559902654702,0.8530302096991349,0.46121049991640195,0.4760829929698011
CACCATCGGAGGAGAC-1,0.679405418746666,False,1.4142135623730951,adjacent,0.9030076724442214,0.5224445311387295,0.7234854818034888,0.5359323041483216,0.958535361979602,0.5224445311387295,0.5381406198995232
CACCATGATCGCAAAG-1,0.540823719556373,False,1.4142135623730951,adjacent,0.546889223281131,0.4645265563172268,0.5978306303293763,0.5682215905924316,0.7590102576286896,0.5194350009598296,0.5351231280005732
CACCCAAATCTTATGT-1,0.6759460513849412,False,10.198039027185569,distal,0.7210518493748723,0.45951067268572704,0.7286267625257761,0.5971093648405135,0.844060284468067,0.5142302476360326,0.5298644119075485
CACCCACACGTCACCC-1,0.8830463133255309,True,0.0,tumor,0.8964916680599676,0.4778712837565873,0.707810845455052,0.6571773579297405,0.9237703018623302,0.4699511415779598,0.4850279854459757
CACCCACGAGGCAATT-1,0.5366716825502983,False,5.656854249492381,distal,0.6326608333797767,0.46118263389622693,0.7292189154544948,0.5620557691950435,0.8209945529263722,0.5158867277242131,0.461182633896227
CACCCGCGTTTGACAC-1,0.4632447193891768,False,7.211102550927978,distal,0.7231789555815636,0.5766872875215961,0.7306679485035946,0.5670456445410467,0.8732580070809023,0.5180540848489352,0.5337139035517232
CACCCGGTTTGTGACT-1,0.7490505648840375,False,1.4142135623730951,adjacent,0.8820570696093184,0.5526884517019945,0.7214373293206264,0.5831837856917274,0.9016505483739445,0.5526884517019945,0.5835781562248707
CACCCTAACAAGATCT-1,0.8251247999617837,True,0.0,tumor,0.8853266826431848,0.5792695387244794,0.8241654126957588,0.6273922978320237,0.8721580326003103,0.6759522438338689,0.7510091480163374
CACCCTTGGTGAGACC-1,0.8161200945852343,True,0.0,tumor,0.8769482992439018,0.4379145070501031,0.7168812350220141,0.579117204480856,0.9160426144780106,0.4976344845095891,0.43791450705010304
CACCCTTTCCTCGCTC-1,0.8108136081719094,True,0.0,tumor,0.7950221999294059,0.49187860323121985,0.7166234743353954,0.5760482267922494,0.840829292760408,0.49187860323121985,0.5072411843854747
CACCGATACACCGAGC-1,0.6626380363213669,False,2.0,adjacent,0.6984664400230359,0.5703895669620466,0.8238379869587025,0.6221460551004108,0.8545745738698862,0.46552044437013507,0.48050174759755093
CACCGATGATGGGTAC-1,0.6074155460545695,False,5.656854249492381,distal,0.8047938843374388,0.5161468105791798,0.718413866131639,0.6012205316836651,0.7909945822590249,0.5161468105791798,0.4613776960374519
CACCGCCAGAAGGTTT-1,0.5852899260356208,False,1.4142135623730951,adjacent,0.8888656672054097,0.4359638856378532,0.7173758568801204,0.5380668412937264,0.9599990613551098,0.5973360084712701,0.5051233668521748
CACCGCCGACCAGCGA-1,0.6687844841999666,False,2.0,adjacent,0.8153225956268925,0.45081647439112754,0.7216741904921139,0.5561667502647273,0.8961697421953146,0.5596425718478888,0.520776108470474
CACCGCGTCCACTCTA-1,0.7941099195070104,True,0.0,tumor,0.5171050920507533,0.4791778904803483,0.7113916290475394,0.49597800442140855,0.8476168686219812,0.5325908587068928,0.5631125548363468
CACCGGAGATATCTCC-1,0.5628537989347218,False,3.1622776601683795,mid,0.8690575711976817,0.6442933486906067,0.7074834197179959,0.5552137323747424,0.9440406315906805,0.6276975855641631,0.6201463364145189
CACCGGGCATCACAAG-1,0.6023598538228198,False,7.211102550927978,distal,0.632874472867785,0.5162892369045187,0.7304868193724572,0.6288097493915921,0.8237268895361628,0.4615170261383269,0.46151702613832685
CACCGGTAGAGACATT-1,0.740658911951338,False,1.4142135623730951,adjacent,0.8014917609467016,0.44557766259822773,0.5839672852923146,0.48244254955507265,0.9005388408322261,0.44557766259822773,0.44557766259822784
CACCGTATCCCATCCG-1,0.6839834077754158,False,11.40175425099138,distal,0.7258262274981887,0.6392991386303541,0.7237153764699324,0.6719017629902098,0.8970966540242933,0.5227634422585099,0.46784261271805155
CACCGTTAGGGATCAC-1,0.8207299304941839,True,0.0,tumor,0.8747190176299021,0.5022292816139998,0.7176336175667392,0.5862063200133755,0.9524825690710642,0.5563172267736721,0.5872246240077706
CACCGTTGCGCGATAT-1,0.79871179369591,True,0.0,tumor,0.9791887272659717,0.49551047452736136,0.7194727748982891,0.6161158483345408,0.9075156123044611,0.44153708967285293,0.44153708967285293
CACCTAATAGAGTCGT-1,0.6061615751466947,False,1.4142135623730951,adjacent,0.8106411042374928,0.5139701647810659,0.7050660424678148,0.5991770235374984,0.8486332450420482,0.459371342584852,0.459371342584852
CACCTAATCAGTTTAC-1,0.7955271056759103,True,0.0,tumor,0.7840801426740233,0.4176280443627041,0.7062224823050772,0.5563265154470638,0.9227715250339525,0.4176280443627041,0.4176280443627042
CACCTCGATGGTGGAC-1,0.8134967078287595,True,0.0,tumor,0.7942094410076352,0.5349749515440871,0.7093852755949396,0.5690705753404298,0.921828480245925,0.5272622564045403,0.5575274082212722
CACCTCTACGAGTGTG-1,0.8727438475808312,True,0.0,tumor,0.9720225157443014,0.6091078538829751,0.7977484255698601,0.6878968585706589,0.9789494217067499,0.5865178001944429,0.5680647447074466
CACCTTGCGAAACTCG-1,0.5656682669723967,False,5.830951894845301,distal,0.8584917052146613,0.419021345371454,0.7089881848074457,0.5579111631276821,0.9258045213351049,0.47206276666233193,0.4872174584597256
CACCTTGGCGCCTTTG-1,0.5404694230141481,False,15.297058540778355,distal,0.6425997139088596,0.5192678048387795,0.7311138048263948,0.5329785060097717,0.8451661254792221,0.5230328137868683,0.539804619389973
CACGAAAGTTAGTCCC-1,0.5926186893416453,False,1.4142135623730951,adjacent,0.8164372364338925,0.4526834977428524,0.7257495959427075,0.5957959464229318,0.9878284157140886,0.4526834977428524,0.4526834977428523
CACGACCACAGACTTT-1,0.5304058088709485,False,2.0,adjacent,0.6315276152259934,0.460040127069052,0.7288496906871761,0.5288524772891937,0.9291455104908233,0.5147689906927493,0.5304058088709485
CACGACGTAATAGTAA-1,0.7191224592160891,False,1.4142135623730951,adjacent,0.6614185662003753,0.572436171332677,0.6716407512679039,0.5085084248267662,0.8415347430606277,0.45852916953067424,0.40614724405060476
CACGACTAAAGTTCTG-1,0.658931855638092,False,2.8284271247461903,mid,0.8921306359025803,0.44086830518865294,0.7185113972022517,0.5106206691560312,0.9007999014422866,0.4950088861642114,0.5104776235857995
CACGAGCAAACCAGAC-1,0.6885096456238406,False,5.0990195135927845,distal,0.6425857808987722,0.4658919913058017,0.7304171543220197,0.6332961786397665,0.7696800100904324,0.5208375906419712,0.46589199130580183
CACGATTGGTCGTTAA-1,0.7439391406119377,False,1.4142135623730951,adjacent,0.7846374630775234,0.43705066042467816,0.800451429526835,0.5829385647141875,0.8669749528477607,0.5510907998786281,0.5836736968654709
CACGCACAGCGCAGCT-1,0.6681435657359416,False,2.0,adjacent,0.879813854985231,0.49863766123588893,0.7049894109123336,0.5172583551617157,0.8749549010462957,0.6070984042059113,0.5838568164266208
CACGCAGCGAGGCTTT-1,0.8119481532790344,True,0.0,tumor,0.7961461294097977,0.4897731705957755,0.7170205651228893,0.5380798454364747,0.9070917554712732,0.4897731705957755,0.5051392902922748
CACGCGGAACTGTTGC-1,0.47779078192052615,False,17.029386365926403,distal,0.6471000761671218,0.47779078192052604,0.7385609987181632,0.5772278883129911,0.722188978549031,0.47779078192052604,0.47779078192052615
CACGGACGTGGATGGC-1,0.6097722151893695,False,1.4142135623730951,adjacent,0.46307752326812684,0.4630775232681269,0.5970434152594326,0.5339352393691134,0.7614859335263423,0.5179240434214518,0.46307752326812684
CACGGCGCGCCAAAGG-1,0.7807700575632361,True,0.0,tumor,0.7309442865369968,0.5820004087016293,0.8077314272975533,0.5830648906723143,0.8421213961169435,0.6132010626242361,0.6057634891441948
CACGGGATTGAGGGTT-1,0.7513753871386374,False,1.4142135623730951,adjacent,0.9821936131081759,0.48522481685832297,0.8345385387059021,0.5378420553976482,0.8684005197746079,0.48522481685832297,0.43167251853090344
CACGTCAATCAATGGA-1,0.4566962046480522,False,5.830951894845301,distal,0.8068652585037807,0.511214525008205,0.5921250626985454,0.5976109532036634,0.9553117034351468,0.511214525008205,0.5267911879682488
CACGTCGGCAACCTCT-1,0.8964020987094052,True,0.0,tumor,0.8549805866726116,0.5318198988153845,0.6964345427186089,0.6337160266770699,0.8952076311829565,0.5217447844098906,0.4842915263413508
CACGTCGGGTTCTAGA-1,0.7498387751689876,False,1.4142135623730951,adjacent,0.8826469003696893,0.49723197532928354,0.7196748035445578,0.5810399598729311,0.9241413599204499,0.551282765795389,0.5821689317760209
CACGTCTATGATGTGG-1,0.6374113263429432,False,1.4142135623730951,adjacent,0.7800395697486485,0.6399772117879458,0.7095455052109457,0.5649111073956418,0.9165750021266174,0.47315573389808463,0.48828830980645055
CACGTTCGTGCTCTAG-1,0.5445935940000478,False,10.198039027185569,distal,0.5564008248341972,0.5288506195545152,0.7279092125062698,0.5418529045681695,0.7421909145041168,0.47375020899515125,0.4737502089951513
CACGTTTCGTACACAC-1,0.6086257275021695,False,5.830951894845301,distal,0.7301779709821843,0.5213453714540489,0.7308142451095134,0.5665384829738617,0.8746498414570116,0.46257593490497695,0.46257593490497684
CACTAAAGTTGCCTAT-1,0.9104107451373794,True,0.0,tumor,0.962181166285831,0.42462241542662876,0.7035543108733211,0.5953017889984953,0.949546370524204,0.530469944949129,0.560712096241272
CACTACGGGAGCTGCC-1,0.6034028391493698,False,5.830951894845301,distal,0.6412575006037637,0.5172397778149325,0.5960820375633952,0.5310743279644801,0.9087622500491322,0.5720708168459381,0.5329057889666483
CACTACTCAGTTCTGT-1,0.8235603219719587,True,0.0,tumor,0.8860094001374722,0.5067280957600301,0.7242099983280388,0.5540805142209587,0.8776608382685521,0.4523491055007523,0.4523491055007524
CACTCAAGAGCTATGG-1,0.7631865988328119,True,0.0,tumor,0.8011062810009473,0.4650002786602017,0.7317965223206823,0.5334800943729215,0.8530184766380088,0.5198901459560212,0.5355729651833984
CACTCAGCTCTTGAGG-1,0.7341979761307634,False,2.0,adjacent,0.8072878931431013,0.43872262163517806,0.8396240873878393,0.508367236991213,0.8967314624967367,0.49258763863345034,0.43872262163517817
CACTCCTATGTAAGAT-1,0.6004530218708449,False,1.4142135623730951,adjacent,0.8864877668171433,0.561664406422808,0.7257356629326199,0.5220457374277806,0.9355194959476941,0.4530178899849523,0.45301788998495235
CACTCCTCTCGGTCGG-1,0.5983033574573451,False,3.1622776601683795,mid,0.8137899645172677,0.4522376414200524,0.7248509167920638,0.5900202493079939,0.9294681696717968,0.5066011505570107,0.4522376414200524
CACTCGAGCTGAACAA-1,0.5452703402042977,False,4.242640687119285,mid,0.6407373348938304,0.46982110015047657,0.7263138828512511,0.5400917720931098,0.8263697615548653,0.46982110015047657,0.46982110015047646
CACTCGGTTAGGAGGA-1,0.6751976497002411,False,1.4142135623730951,adjacent,0.808323580226272,0.4381095691913281,0.8352839547455833,0.4754184547362944,0.9237292361483881,0.607522586957464,0.5763727995796212
CACTCTCAAGCATCGA-1,0.47826450426350103,False,6.324555320336759,distal,0.6476620409073176,0.47826450426350114,0.608496349551357,0.5114362146798196,0.7472845296655785,0.47826450426350114,0.47826450426350103
CACTCTTCTGCTAGCC-1,0.5330172530473484,False,4.0,mid,0.8055276895353806,0.5173760116913436,0.7296856712924261,0.6344349699975851,0.9314099912882021,0.5173760116913436,0.5330172530473484
CACTGACGATTGTGGA-1,0.478543164465251,False,10.198039027185569,distal,0.5614213528023927,0.5337952900233456,0.7330226272083821,0.5462353006743577,0.7995905161666915,0.5337952900233456,0.5495816116113724
CACTGTCCAAGTGAGA-1,0.819368476365634,True,0.0,tumor,0.9752317524011219,0.4237864348213788,0.7069539653346708,0.5676308309647217,0.915769820806824,0.713184343012131,0.6499749205818424
CACTTAATCAGACGGA-1,0.9697972149903265,True,0.0,tumor,0.7773876534953278,0.4328366989293256,0.8173243047427966,0.5602203273328502,0.9702816227996844,0.5981410268318812,0.5119107331947995
CACTTCGCCACAGGCT-1,0.8758130906601062,True,0.0,tumor,0.7106671125229894,0.5296649265885179,0.7095524717159896,0.49377658882758363,0.8933464743617948,0.42350777461962885,0.4235077746196288
CACTTCGTCTTATCTC-1,0.6811729205977659,False,2.0,adjacent,0.9005043749651676,0.5132023011140215,0.5927799141726579,0.5601088632521504,0.9577947124960033,0.45859109401995213,0.4585910940199521
CAGAACTTAGCCCTCT-1,0.660014649564892,False,2.8284271247461903,mid,0.8116117706069219,0.49654461349830015,0.7211377696037451,0.5810994073826377,0.8942308538441908,0.49654461349830015,0.5119823886752494
CAGAATAACACACGGA-1,0.47199464972412647,False,10.770329614269007,distal,0.7243586171023054,0.5851399803080125,0.6026026862843449,0.5752735514313846,0.8550409630496573,0.4719946497241264,0.47199464972412647
CAGAATATTCGTTATC-1,0.582292338436796,False,11.661903789690601,distal,0.7990999275483476,0.6123248311009555,0.7196260380092515,0.5901298556540155,0.9450482082149027,0.49722887910481955,0.5126949626197245
CAGACACCGATCGCTG-1,0.6957946194695902,False,5.0990195135927845,distal,0.6483586914116926,0.48233294320905096,0.6068522543610322,0.5498820338479259,0.6970171625351625,0.48233294320905096,0.4823329432090509
CAGACCTGTAAGTGTT-1,0.5321096169616483,False,6.0,distal,0.5438518270820561,0.5204722361552324,0.7299503984840885,0.4974734808374669,0.7931167996902471,0.5164533368011048,0.5321096169616484
CAGACGAACCTGATAC-1,0.6049832405792948,False,4.47213595499958,mid,0.711986104144606,0.4579780415761021,0.7274563896784261,0.5268572702446638,0.8739473244220733,0.4579780415761021,0.4579780415761022
CAGAGACGGTCACCCA-1,0.6042228963145198,False,6.324555320336759,distal,0.6335293243418975,0.6826060302067659,0.7307445800590759,0.5975775139794536,0.7960749977267195,0.4631332553084768,0.4631332553084767
CAGAGCATGAGCTTGC-1,0.6023598538228198,False,1.4142135623730951,adjacent,0.8769854539374687,0.5092360375757801,0.7268921027698824,0.6535510598376338,0.8649260670485779,0.45480131527615225,0.4548013152761522
CAGAGCGATGGATGCT-1,0.481218302402051,False,11.40175425099138,distal,0.7392715822326256,0.4812183024020509,0.7352937078526445,0.5488156941425626,0.7504539228023243,0.4812183024020509,0.481218302402051
CAGAGGCGATGCATGA-1,0.6113765017794445,False,2.0,adjacent,0.5543666053614222,0.4655854650838767,0.7207197793011202,0.5011722305820284,0.8479688604557709,0.4655854650838767,0.4655854650838767
CAGAGTGATTTAACGT-1,0.6786928448021909,False,2.0,adjacent,0.6376209849709263,0.4567519366884022,0.589547455832358,0.5637686005684669,0.9025319945910589,0.5113321815378327,0.45675193668840214
CAGATAATGGGCGGGT-1,0.8308373340976585,True,0.0,tumor,0.7577560422820414,0.5343711877736289,0.8091804603466534,0.6790317486856527,0.8197244490594485,0.7010378544402955,0.701666388006465
CAGATACTAACATAGT-1,0.8962070365681802,True,0.0,tumor,0.9891972728454922,0.4705641940218098,0.7074485871927771,0.5245945494064539,0.9472598902372132,0.5233052815396905,0.5534430458356223
CAGATATGAAGATGAC-1,0.7637678043964617,True,0.0,tumor,0.6424557394712888,0.4718831856434264,0.733942205874157,0.5049304278362963,0.7719899564996758,0.5850006502071374,0.4718831856434264
CAGATCATTTAAAGTC-1,0.7971672200062103,True,0.0,tumor,0.6183609206933065,0.5521342275229585,0.6864654740010031,0.5367255568559699,0.8415024771425302,0.4396298154030974,0.4542201097125022
CAGATCCTGGTTTGAA-1,0.8320594581253334,True,0.0,tumor,0.8908162886176596,0.545610482577545,0.7084726634342083,0.6406007913949731,0.9206419744395264,0.5254261952974543,0.4876832190826507
CAGATGTTTGTCCCAA-1,0.8899093160086304,True,0.0,tumor,0.965631908450835,0.46926997219590433,0.6797706626539597,0.5617250924223002,0.9507900750035934,0.5218593447150545,0.48429550720137576
CAGCAGCCCGTTCCTT-1,0.5355729651833981,False,1.4142135623730951,adjacent,0.6355588994779765,0.5134995386625548,0.728153040182801,0.5630106448197069,0.7933529275454143,0.45886975422170206,0.458869754221702
CAGCAGTCCAGACTAT-1,0.4678704787382265,False,13.038404810405298,distal,0.8856889409054599,0.6360388142698793,0.5914632447193893,0.6044938601868882,0.8470918141365787,0.6360388142698793,0.6840869101360657
CAGCAGTCTGTGCTGC-1,0.4684835311820766,False,7.211102550927978,distal,0.6394462092923888,0.523574653068049,0.7328554310873321,0.5035631351130433,0.7384920669840461,0.4684835311820766,0.4684835311820766
CAGCCCTCACAGGCAG-1,0.6833544318914658,False,2.0,adjacent,0.8081656727786138,0.5211534055372877,0.7316780917349385,0.6005740400156049,0.8480715247406261,0.5246242731613071,0.541277537599223
CAGCCGGGCCCTCTAT-1,0.5953774253389703,False,1.4142135623730951,adjacent,0.7861282951568856,0.440450314886028,0.7194867079083765,0.5101246539969161,0.9249084087915826,0.5487067070414337,0.5100437098430746
CAGCCTCCTGCAGAGG-1,0.5807517456071211,False,4.47213595499958,mid,0.878281223875606,0.4418993479351279,0.7195215404335953,0.5839324527670958,0.9292379083471932,0.4958975025853474,0.441899347935128
CAGCCTCGATAGCGGT-1,0.6644692319328668,False,10.770329614269007,distal,0.7972329041966226,0.7314272975533633,0.5903764699325642,0.5949190956547585,0.8106078605643016,0.45432759293317726,0.4543275929331773
CAGCCTCTCCTCAAGA-1,0.6346486094855932,False,2.0,adjacent,0.7800627914321275,0.4771746332522123,0.7072465585465083,0.5929610433037954,0.8553240231493294,0.4160118151925542,0.41601181519255415
CAGCGATTCCCTTCAA-1,0.7560250316478372,True,0.0,tumor,0.7991695925987851,0.5153294073207131,0.7270244663657136,0.5961229077263186,0.8957634849538156,0.5107562837875494,0.4561946162849022
CAGCGCCAACACGATA-1,0.8136877891099594,True,0.0,tumor,0.7907633431793272,0.5035606581334721,0.7239592041464638,0.6194151851232608,0.9244420196118116,0.5578932050257915,0.5190842429598491
CAGCTCACTGAGACAT-1,0.8894913257060056,True,0.0,tumor,0.8733396496312397,0.45573637506424663,0.8325600512734771,0.6026416987125898,0.883442304138544,0.4973341507365918,0.46077658617367695
CAGCTCGACAAGTTAA-1,0.5025238652558499,False,7.211102550927978,distal,0.6046508387672073,0.4335116758624533,0.7164911107395642,0.5033866503186015,0.8019649944121298,0.5408639704744035,0.5025238652558499
CAGCTCGTGCTTGTGT-1,0.5357600656045731,False,2.8284271247461903,mid,0.9891972728454922,0.5200852080972462,0.5981023240260825,0.566679670809415,0.9051235344673336,0.5200852080972462,0.5357600656045732
CAGCTCTGGGCTCACT-1,0.4783759683442011,False,5.656854249492381,distal,0.5652436419030634,0.5336466712490789,0.7328902636125509,0.5460922551041261,0.7726044755761666,0.47837596834420115,0.4783759683442011
CAGCTGGCGTAACCGT-1,0.6041631834141449,False,1.4142135623730951,adjacent,0.903825075702688,0.5009505409104139,0.7207615783313828,0.5518326552601757,0.8481301900462577,0.5550694483147249,0.5859945382600458
CAGCTTAGTAGGTAGC-1,0.7548705822405871,True,0.0,tumor,0.9787475152798676,0.43730145460625314,0.7127013319957644,0.5489271582232625,0.8991954053332629,0.43730145460625314,0.4373014546062532
CAGGAAGACTTTATAT-1,0.7434136670886378,False,1.4142135623730951,adjacent,0.8793726429991269,0.619489494510394,0.7273309925876387,0.5602779171078786,0.8191788617170749,0.4560552861840272,0.4560552861840272
CAGGACAGCTGCCCTT-1,0.8032380315443349,True,0.0,tumor,0.7969728213416559,0.4866924272542062,0.7106044139775957,0.533632428616545,0.8923799634515145,0.4260157164353787,0.42601571643537867
CAGGATATATCGTTGT-1,0.5454773449255977,False,1.4142135623730951,adjacent,0.8137342324769176,0.5297113699554763,0.7369656690631444,0.5757454160396814,0.7210098059058364,0.47453045756005136,0.4745304575600513
CAGGATCCGCCCGACC-1,0.6664517002253166,False,2.0,adjacent,0.8781047390811644,0.44058964498690295,0.7193195117873266,0.5464043545300861,0.8673929431503856,0.5487221881637532,0.5101034227434496
CAGGCAGTCTTACCAG-1,0.4732486206320013,False,2.0,adjacent,0.8123316427947761,0.5311758841268958,0.7350080811458507,0.5763900499730629,0.8293528923462309,0.4732486206320014,0.4732486206320013
CAGGCCAGTACCACCT-1,0.6088924451238446,False,3.1622776601683795,mid,0.8076222853852012,0.4567519366884022,0.7255754333166137,0.4927176800609337,0.8186743400886433,0.4567519366884022,0.45675193668840214
CAGGCCGTTTGGGTGT-1,0.7262243135006886,False,1.4142135623730951,adjacent,0.9728259859926807,0.4922408614934948,0.7115588251685894,0.5764885099110145,0.9658215929390437,0.43833249735272806,0.43833249735272795
CAGGCGCACGGTGGTC-1,0.5879212745121457,False,1.4142135623730951,adjacent,0.9034163740734549,0.44855932675695265,0.585736777573427,0.5858960783220942,0.9632593857155847,0.502755639772861,0.4485593267569526
CAGGCGCCATGCTAGG-1,0.5483475450036225,False,4.47213595499958,mid,0.6506622824128256,0.47737279161790114,0.7373070278102882,0.5784094075684111,0.7762314580968388,0.47737279161790114,0.477372791617901
CAGGGAGATAGGCCAG-1,0.5439526755360228,False,5.656854249492381,distal,0.639803823217968,0.46901298556540155,0.7337541102379758,0.5373590443812816,0.7959239345647181,0.5240143169419211,0.539728983049498
CAGGGCTAACGAAACC-1,0.7671475545576867,True,0.0,tumor,0.6461294097976926,0.47670400713370115,0.47670400713370115,0.5447063850340895,0.7759087989158652,0.5319313628960844,0.5477106073996225
CAGGTTTAGTACTACA-1,0.7377568649931131,False,2.8284271247461903,mid,0.6156904270932027,0.44479741403332773,0.7202878559884078,0.4815211131546194,0.8281458536828614,0.44479741403332773,0.44479741403332784
CAGTAACTATTTATTG-1,0.7892771554366604,True,0.0,tumor,0.5836398595552584,0.4459089586158638,0.6907777406230842,0.5357613925579148,0.8300715423402176,0.49740226767479734,0.46062133263270205
CAGTAAGGGACGTCTC-1,0.8250690679214339,True,0.0,tumor,0.7858217689349606,0.4421222760965279,0.8364125285626707,0.6148488732839177,0.8572262456844335,0.49594704217676966,0.5113255467711244
CAGTAATCCCTCCCAG-1,0.6742223389941163,False,1.4142135623730951,adjacent,0.8086533281316762,0.5168527497569464,0.7158710917906704,0.49398279737687856,0.9019468081673837,0.5124808808139354,0.5280929291964235
CAGTACATTCTCTAAA-1,0.8249456612606588,True,0.0,tumor,0.7277118281966969,0.5063565488243635,0.6868416652733657,0.5705604785524531,0.8225315839339193,0.4847510945153479,0.5137459096663243
CAGTACCAGTTTACGT-1,0.7522113677438874,True,0.0,tumor,0.8530996303107989,0.4789642509923399,0.686751100707797,0.5707128127960764,0.8851333315733741,0.5391703356926564,0.49411628888305037
CAGTAGATGATGTCCG-1,0.7434534756888879,False,1.4142135623730951,adjacent,0.8900267513793679,0.5983763398911368,0.7173549573649891,0.6036188671533933,0.8995605968608196,0.5509576622266809,0.5835264050445458
CAGTAGCCCACGCGGT-1,0.47536643816530116,False,4.242640687119285,mid,0.8099537424065094,0.5304854260714486,0.7360530569024132,0.5745806163963664,0.7992429242308244,0.4753664381653013,0.47536643816530116
CAGTAGCGAGGTAGTA-1,0.9104187068574294,True,0.0,tumor,0.887384123799439,0.5624508474366358,0.7122972747032269,0.6235727953333705,0.9005945728725763,0.45340801426740235,0.45340801426740235
CAGTCCAACGCCTTCT-1,0.7497153685082125,False,1.4142135623730951,adjacent,0.6279607646435936,0.5711419495067714,0.7153695034275205,0.5616749335859852,0.8180202219308512,0.566757695665905,0.5277386326541986
CAGTCGAGGATGCAAT-1,0.798007181471485,True,0.0,tumor,0.7054422337401772,0.44259599843950287,0.7204829181296327,0.5445596239945011,0.8841066887248217,0.5508214283502696,0.5121694890964245
CAGTCGGCCTAGATAT-1,0.6815351788600409,False,1.4142135623730951,adjacent,0.6355960541715433,0.4642200300953017,0.7317756228055509,0.6007393784019766,0.8491612327927325,0.4642200300953017,0.4642200300953018
CAGTCTCTCGGCTAAT-1,0.6812565186582908,False,1.4142135623730951,adjacent,0.9802058370023593,0.45817310371732706,0.8390946330045143,0.5977521410392168,0.8756002194082432,0.5716961736858076,0.5283835319782486
CAGTCTGTATACTGGG-1,0.6153971704046943,False,6.324555320336759,distal,0.7240288691969013,0.6878850929176961,0.7199882962715265,0.5662189526091883,0.7428244998049378,0.4647216184584518,0.46472161845845184
CAGTGAATAAATGACT-1,0.421585019227554,False,4.47213595499958,mid,0.6843615894777909,0.598701443459845,0.6851836370729533,0.5615969087294952,0.862334527172303,0.4747657706193068,0.48996027101695055
CAGTGGTTGCACATGA-1,0.899793791450705,True,0.0,tumor,0.8185225436103215,0.5141342646776521,0.7148121830240205,0.5308402533950102,0.8767031271541166,0.45951067268572704,0.45951067268572704
CAGTGTCCGCAGAATG-1,0.5200078024856489,False,2.0,adjacent,0.9015539950584258,0.5044895254726387,0.724593156105445,0.5519887049731558,0.8783912213236653,0.5588034950181748,0.5200078024856489
CAGTGTCGGCTGGCCC-1,0.47174385554255144,False,8.48528137423857,distal,0.9036996786119006,0.5298630849542069,0.7265159114975199,0.6079250961377696,0.7978437566915113,0.4717438555425514,0.47174385554255144
CAGTGTTAATCTCTCA-1,0.6518339822135175,False,2.0,adjacent,0.8833389065373685,0.4872992872491284,0.57491082873544,0.5719537795612032,0.9181824315009226,0.5409475685349285,0.5026273676164998
CAGTTCAAATTGACAC-1,0.8831776817063558,True,0.0,tumor,0.9798482230767802,0.4936155851554614,0.694233127124784,0.5633766185513385,0.9548394477248128,0.6466371906097703,0.5883432456747955
CAGTTCCGCGGGTCGA-1,0.8910120142355555,True,0.0,tumor,0.8789407196864144,0.49303968740517806,0.5786936409741961,0.6092700960448828,0.8657723140823134,0.49303968740517806,0.5083996146527496
CAGTTCGAGGACCCGA-1,0.480688848018726,False,8.246211251235321,distal,0.5636181240595218,0.4806888480187259,0.7393203477679318,0.5484162811867209,0.7742368377053652,0.5359750320459232,0.5517710846251225
CATAACGGACAGTCGT-1,0.4766204090731762,False,12.083045973594572,distal,0.7249345148525888,0.5342783010397122,0.7311695368667447,0.5443236916903528,0.7984949415840219,0.4766204090731761,0.4766204090731762
CATAAGAAGCTTGGCT-1,0.5416238724213979,False,4.47213595499958,mid,0.8847229188727267,0.5213360827806572,0.7327579000167196,0.5370395140166082,0.8725232241278668,0.4663657136487767,0.46636571364877666
CATAAGCTCTCCGTCT-1,0.5104816044458244,False,1.4142135623730951,adjacent,0.8794748184064352,0.4950243672865309,0.7015549239257649,0.5474632632967359,0.92633397571843,0.4950243672865309,0.4409240372290029
CATAATGAGCGGGCGA-1,0.6025350116639199,False,2.0,adjacent,0.8865806535510599,0.44981329766482747,0.719389176837764,0.48649241115383907,0.8725642898418089,0.5634911788565025,0.5261741546643738
CATACAAAGCCGAACC-1,0.7511166312370126,False,1.4142135623730951,adjacent,0.8032380315443349,0.4473610878894277,0.7073928551524271,0.519929777629159,0.8963633377038986,0.6154148631159165,0.6634302274663418
CATACACAAAGTCAGC-1,0.8318524534040334,True,0.0,tumor,0.7204852402979807,0.5156607033383492,0.7183442010812016,0.600484868751045,0.7104075185455698,0.5156607033383492,0.460959705734827
CATACACGGTTCCCAC-1,0.5433117570719979,False,11.40175425099138,distal,0.5600884281706887,0.5275502052796819,0.6039402552527449,0.5075516914674245,0.7121704109797986,0.47238477400657636,0.4723847740065764
CATACCCGTACCCAGT-1,0.5993025533236199,False,2.0,adjacent,0.8104367534228761,0.4588976202418771,0.5912472830630329,0.5630143602890635,0.9303349495625035,0.5723216110275131,0.5291000867827486
CATACGAACTAGCTGG-1,0.8937986162530552,True,0.0,tumor,0.7128081517397685,0.5032076885445886,0.7241333667725576,0.5544334838098421,0.8440573512027854,0.4489215850192276,0.4489215850192276
CATACGGCGTCTGGGC-1,0.6692940342831666,False,3.1622776601683795,mid,0.6224525813223356,0.6224525813223356,0.7285361979602074,0.5599082279068903,0.8432389701892249,0.5131558577470633,0.5287696754006737
CATACGGGTGCATGAT-1,0.7492496078852875,False,1.4142135623730951,adjacent,0.8903379219379888,0.4425124003789779,0.7185322967173828,0.5815545523788292,0.904237688352297,0.5024522097753998,0.4425124003789778
CATACTATGTAATTGT-1,0.742657303683888,False,1.4142135623730951,adjacent,0.8934124728306303,0.4481970684946776,0.7236248119043638,0.5572832488064055,0.8715933790336066,0.5567692755454,0.5179934873129991
CATACTTAGGCAATAC-1,0.4636348436716268,False,5.830951894845301,distal,0.8058481487673931,0.5228377516456433,0.5971897118653514,0.5704936001040332,0.9006224388927508,0.4636348436716269,0.4636348436716268
CATACTTCTTTCTCCG-1,0.4789890207880511,False,11.045361017187261,distal,0.4789890207880511,0.478989020788051,0.6083848854706572,0.5813130468706458,0.7215935256968704,0.478989020788051,0.4789890207880511
CATAGAGGAGATACTA-1,0.5391278731857229,False,6.324555320336759,distal,0.639330100874993,0.578421173221374,0.7336008471270132,0.6048245369596315,0.7973803007770219,0.4683999331215516,0.4683999331215515
CATAGCCGCCCGGGAT-1,0.6687566181797916,False,1.4142135623730951,adjacent,0.8922653216667595,0.44022738672462797,0.7011856991584462,0.5494064537702724,0.9538582704881245,0.5481060394954391,0.5095779492201495
CATAGCGTTGCCCACC-1,0.6693378237434414,False,1.4142135623730951,adjacent,0.7154229132995225,0.5549022521936751,0.7202112244329264,0.5787140760556578,0.8658691118366054,0.4951048691225919,0.5105054896059744
CATAGGGACACTTGTG-1,0.6115078701602694,False,6.324555320336759,distal,0.5581099407382638,0.4699325642311766,0.7261745527503761,0.5381745899050698,0.7412288034917589,0.4699325642311766,0.4699325642311765
CATAGTACATTGAGAG-1,0.8921346167626053,True,0.0,tumor,0.8390783778260787,0.4035278381541548,0.6975840160508276,0.5904048003864087,0.8452350572133394,0.5674326725990327,0.5478379949204226
CATAGTAGCATAGTAG-1,0.6733107220483914,False,1.4142135623730951,adjacent,0.9837912649315426,0.5475549115408671,0.8400699437106393,0.609950026937153,0.9606810455330771,0.5475549115408671,0.5091440354774245
CATAGTCAAATACATA-1,0.5877301932309456,False,6.0,distal,0.9018326552601758,0.4952906425904253,0.7204411190993703,0.6115495364951979,0.8198755122214498,0.4413141615114529,0.4413141615114529
CATAGTCCACAAGAAC-1,0.862532941616707,True,0.0,tumor,0.9771219974363262,0.42891378253357854,0.7125759349049768,0.5042449237399916,0.9332271491301402,0.42891378253357854,0.42891378253357854
CATAGTGGGCACGCCT-1,0.6914992715026154,False,12.649110640673518,distal,0.5612913113749093,0.4784317003845511,0.727010533355626,0.5131434728492076,0.8008767529926639,0.5336714410447899,0.47843170038455096
CATATACTACTGATAA-1,0.8379272458021833,True,0.0,tumor,0.6854019208976574,0.5479078811297503,0.7967870478738227,0.5232291144178789,0.8864841002355411,0.4317437316935729,0.381012093852756
CATATAGGTACAGTCA-1,0.6718616889992914,False,2.0,adjacent,0.7102584108937563,0.5559983156538917,0.7230187259655576,0.549174236935481,0.9178553724220264,0.5559983156538917,0.5172291621881991
CATATGTCAGGCTACG-1,0.6665273365657917,False,1.4142135623730951,adjacent,0.8792658232551226,0.49132747527664766,0.7128824611269018,0.6152891564026827,0.9754412364299817,0.4375243827676531,0.43752438276765304
CATATTATTTGCCCTA-1,0.7972627606468101,True,0.0,tumor,0.7936660536142228,0.5160105767027686,0.8389344033885081,0.5935350833194005,0.9523124396847326,0.5792107104596655,0.559892039076122
CATCAAACTGGCGCCC-1,0.7543013192570124,True,0.0,tumor,0.6958609671366736,0.49564051595484465,0.715104776235858,0.547708484274276,0.82559831278581,0.44164855375355294,0.441648553753553
CATCAACACCTACTAA-1,0.9634835709906768,True,0.0,tumor,0.9784967210982928,0.4324806331159784,0.711210499916402,0.539580895056568,0.9534256138590919,0.5931561054450203,0.5702024665408715
CATCATCTACCCGGAC-1,0.8067451692263595,True,0.0,tumor,0.8099444537331179,0.5559766420826444,0.7179331772836204,0.6121718776124392,0.906430304150277,0.5487995937753503,0.5102626571444494
CATCATTACCCTGAGG-1,0.6762685010469661,False,10.0,distal,0.7950547102862769,0.5658195396533467,0.7250877779635513,0.5900964164298056,0.8697659547631829,0.506344163926508,0.5219146344376239
CATCCAATATAGTTTG-1,0.7530035588888625,True,0.0,tumor,0.7208707202437349,0.46112690185587696,0.46112690185587696,0.5655464526556317,0.8469480841377814,0.46112690185587696,0.4611269018558769
CATCCCGAGATTCATA-1,0.5897524701236455,False,2.8284271247461903,mid,0.7042904382396106,0.5044895254726387,0.7246837206710138,0.5559438221033272,0.8767397929701365,0.45023128796745243,0.45023128796745254
CATCCGCAGGCCCGAA-1,0.678561476421366,False,2.0,adjacent,0.9000910289992383,0.5156018750735353,0.7183790336064203,0.5624273161307103,0.8211705488432668,0.5156018750735353,0.4608482416541269
CATCCTCTCAAAGATC-1,0.4649445466198517,False,7.211102550927978,distal,0.8050679002024931,0.46494454661985174,0.7319149529064259,0.5663044084043918,0.9588198887119151,0.46494454661985174,0.4649445466198517
CATCGAATGGATCTCT-1,0.8935318986313803,True,0.0,tumor,0.8780954504077728,0.5011456030516388,0.5805467313158335,0.5791692210518493,0.8946649771058647,0.495101772898128,0.5105333556261495
CATCGCCCGCGGCCAA-1,0.5289328906616986,False,1.4142135623730951,adjacent,0.9885006223411174,0.5133075727457937,0.7239313381262888,0.6289230712069702,0.9041966226383549,0.45861896004012714,0.45861896004012703
CATCGGACGGGTTAAT-1,0.539669270149123,False,1.4142135623730951,adjacent,0.6397945345445764,0.5821923746183902,0.725373404670345,0.5722844563339463,0.8285213116389033,0.5239616811260349,0.46898511954522654
CATCGTCCGGTTACTA-1,0.9084322577049545,True,0.0,tumor,0.86993999516989,0.47188937809235415,0.7899111073956417,0.5615318880157536,0.9416177544680964,0.4692916457671515,0.40851585576547944
CATCTACCCGAGAACG-1,0.5705209353428714,False,1.4142135623730951,adjacent,0.519478348102324,0.4849771189012119,0.7110642033104831,0.536809154916495,0.8015396709463009,0.530584505254293,0.49267123669397533
CATCTAGTGAAGGGAA-1,0.5294663259050485,False,5.830951894845301,distal,0.7973350796039309,0.5127657334646133,0.7204968511397202,0.5575749131509039,0.8972330508598868,0.5607386353081053,0.5917628044362704
CATCTATCCCGTGTCT-1,0.6486413324734676,False,1.4142135623730951,adjacent,0.6028441917925282,0.5830004892034653,0.7062782143454273,0.5884448903007673,0.9005784399135273,0.5218686333884461,0.5520577065469224
CATCTGCAGGATCATT-1,0.6039243318126448,False,1.4142135623730951,adjacent,0.9816920247450258,0.458005907596277,0.7286964275762136,0.5268721321220904,0.8521766295021954,0.458005907596277,0.45800590759627713
CATCTTACACCACCTC-1,0.541166073518523,False,12.0,distal,0.6409602630552306,0.580477066265396,0.733524215571532,0.5739396979323413,0.8769949870496339,0.4704062865741514,0.4704062865741515
CATGAACCGACATTTG-1,0.6748592765981163,False,1.4142135623730951,adjacent,0.965330026565606,0.4489215850192276,0.7205386501699828,0.5864738338070556,0.874249450746076,0.6117241635549611,0.5884666523355706
CATGAACCTCTTATCA-1,0.6037770399917198,False,1.4142135623730951,adjacent,0.7936753422876146,0.501613132945686,0.8293136599230898,0.5524902933363057,0.9264102406157512,0.4473610878894277,0.44736108788942763
CATGACTTCGCTGAAT-1,0.4572813910717271,False,12.0,distal,0.7260166453027178,0.6256540774179965,0.7274076241431198,0.5975570788979919,0.8733064059580484,0.5665533448512883,0.5977739030740201
CATGAGATGCACTCTC-1,0.5326709182251733,False,2.8284271247461903,mid,0.8140872020658009,0.511211428783741,0.7275748202641699,0.5938936261123188,0.8737053300363431,0.511211428783741,0.5268349774285236
CATGAGTCCATCACGG-1,0.5427982261287729,False,5.830951894845301,distal,0.8999098998681009,0.5270579055899236,0.7333639859555259,0.5070742536550931,0.8791157378482152,0.5270579055899236,0.4719667837039515
CATGATACGGTGAAAC-1,0.4894109123335006,False,15.811388300841896,distal,0.4894109123335006,0.48941091233350054,0.6168282895836817,0.5233888796002155,0.6487136165107636,0.48941091233350054,0.4894109123335006
CATGATCGCTTTGAGA-1,0.5247490067754238,False,3.1622776601683795,mid,0.8793354883055601,0.5636552787530884,0.72618151925542,0.5599230897843168,0.8171827746929605,0.5091864979843578,0.5247490067754238
CATGATGCACAATTCT-1,0.6474868830662176,False,1.4142135623730951,adjacent,0.9270839138754204,0.501278740703586,0.6975561500306526,0.630047000687362,0.9510042033691486,0.44949129032058305,0.3977038399375802
CATGATGGAAGTTAGC-1,0.47179958758290136,False,15.811388300841896,distal,0.7197235690798639,0.5268938056933375,0.719723569079864,0.5069553586356796,0.7686343010175498,0.4717995875829014,0.47179958758290136
CATGCACATGAGAGGC-1,0.5499757167538475,False,4.47213595499958,mid,0.6519441193408757,0.591716361069312,0.733384885470657,0.6144160211038661,0.775220948207335,0.5341823180813317,0.5499757167538475
CATGCACGTGTTACTG-1,0.5280013694158486,False,5.830951894845301,distal,0.7051821508852106,0.5061707753565302,0.847538037117539,0.5564751342213304,0.9295063021204575,0.5061707753565302,0.521699667996274
CATGCATGGAGACCCT-1,0.7448228915374878,False,2.0,adjacent,0.9018930316372216,0.5059664245419137,0.8321838600011147,0.5562800720801054,0.9010330960321722,0.5059664245419137,0.521476739834874
CATGCCAACTCGCAAA-1,0.5254337146997238,False,1.4142135623730951,adjacent,0.8802550669713352,0.506981986166069,0.7227609652789388,0.5524940088056625,0.9003863110375838,0.44744468594995257,0.4474446859499527
CATGCGACCAGTTTAA-1,0.5438969434956729,False,1.4142135623730951,adjacent,0.5570324546248305,0.4689572535250515,0.7325210388452322,0.5349774285236583,0.7415455961421695,0.4689572535250515,0.46895725352505163
CATGCGTTAGACAGAA-1,0.7316263405546134,False,1.4142135623730951,adjacent,0.8915361608055138,0.5422882337277923,0.7109806052499583,0.5704675918185365,0.9458533895346963,0.5404428839473147,0.5044585632279998
CATGCGTTGAGAGGAG-1,0.49091567742295045,False,7.0710678118654755,distal,0.49091567742295045,0.49091567742295045,0.49091567742295045,0.4909156774229506,0.5444683016687347,0.49091567742295045,0.49091567742295045
CATGCTGGCTCCAATT-1,0.6753847501214164,False,1.4142135623730951,adjacent,0.8131072470229802,0.4635233795909268,0.7291074513737947,0.5348901149937767,0.8762880701167733,0.5184504015803131,0.5341438364344233
CATGGAAATGGGACCA-1,0.641189162506668,False,1.4142135623730951,adjacent,0.6476341748871426,0.5161684841504269,0.8141475784428468,0.5198981961396274,0.8411680849004304,0.6739273130344857,0.6138287115548443
CATGGATTGTCTTCCG-1,0.5416597001616229,False,8.0,distal,0.7294534544576344,0.5869729451906346,0.7251922755392075,0.6087350684575229,0.9049798044685362,0.4709636069776514,0.47096360697765144
CATGGCAGGAAGATCG-1,0.821506198199059,True,0.0,tumor,0.6679020602277584,0.5027958906908916,0.6915510226829404,0.6027104348956881,0.8504328032922969,0.4926712366939754,0.521954443037874
CATGGCTCCCTATGTC-1,0.4879897453045756,False,3.1622776601683795,mid,0.5711791042003381,0.5434493179017507,0.6158599453826005,0.5221014694681307,0.6737974345661848,0.4879897453045757,0.4879897453045756
CATGGGTATGCCTTAT-1,0.80090126670966,True,0.0,tumor,0.8505080904345242,0.5207539925814462,0.843413866131639,0.5870107191290939,0.9382606323533293,0.5207539925814462,0.4831768855343509
CATGGGTCGGGTGTGG-1,0.6004928304710949,False,5.830951894845301,distal,0.8799810511062809,0.6178268219732858,0.7225380371175388,0.5593824889929221,0.8768204577653798,0.5088459132933302,0.4543554589533523
CATGGTAAGTAGCGTT-1,0.4802708577161009,False,7.211102550927978,distal,0.7291144178788386,0.5355694266411537,0.739842835646213,0.5480837466792993,0.7488816926113981,0.480270857716101,0.4802708577161009
CATGGTATTAGTTTGT-1,0.6885733393842405,False,1.4142135623730951,adjacent,0.6419262850879637,0.4715487934013265,0.727344925597726,0.5066525478831113,0.8239600841260483,0.4715487934013265,0.4715487934013264
CATGGTCTAGATACCG-1,0.8970549597535051,True,0.0,tumor,0.84722454439057,0.5489141540805142,0.685692191941147,0.6899347935127906,0.8884273884845871,0.5397121749738368,0.501397281868775
CATGGTTTATTAATCA-1,0.8964538498897302,True,0.0,tumor,0.7563859629567706,0.5054524512809081,0.7976508944992476,0.6473778075015326,0.7582241425332266,0.5491897180578004,0.5196813719635991
CATGTAAGAGACATTT-1,0.46268739898567685,False,5.656854249492381,distal,0.7210193390180014,0.6271062066915603,0.7286267625257761,0.5971390885953668,0.908401458419498,0.5174936682209714,0.5331526022881983
CATGTAGGAGCGCCAA-1,0.6653251168382417,False,1.4142135623730951,adjacent,0.5304111166843152,0.557602159926186,0.8304561667502648,0.6225324639135039,0.8125980810578528,0.557602159926186,0.5886776379168956
CATGTCTCATTTATGG-1,0.5408675090166479,False,5.830951894845301,distal,0.7236294562410596,0.5193514028993046,0.7314133645432759,0.5989652417841685,0.824381007693955,0.4644429582567018,0.4644429582567017
CATGTGGGCTCATCAC-1,0.6051066472400697,False,12.806248474865697,distal,0.7181862936335434,0.5126325958126662,0.7286964275762134,0.5596741533374204,0.8711079236295053,0.5126325958126662,0.45795017555592704
CATTACATAGATTGTG-1,0.5237060214488738,False,1.4142135623730951,adjacent,0.7016106559661149,0.6096992327555779,0.7222942094410076,0.6243288933474519,0.8812086226266218,0.5066475939239692,0.4469430975868027
CATTACGCAGGAAGGG-1,0.6010979211948949,False,2.0,adjacent,0.8112216463244719,0.5698508239053298,0.7288078916569136,0.5977279904883984,0.931605053429427,0.460485983391852,0.46048598339185187
CATTACGTCGGCCCGT-1,0.7136726618418644,False,1.4142135623730951,adjacent,0.8917312229467388,0.5403840556825007,0.8318773337791897,0.6304426981738468,0.9265437041860629,0.6396149535256708,0.6320092992890184
CATTATAACAGGGTCC-1,0.6797517535688412,False,2.0,adjacent,0.6383640788422598,0.5226581706267379,0.731608426684501,0.5360344795556299,0.7971529727176997,0.5226581706267379,0.5383675289209481
CATTATCCCATTAACG-1,0.7568848974132371,True,0.0,tumor,0.8002749447323932,0.45577662598227714,0.7144011592264393,0.5280257853573351,0.8985368872775483,0.45577662598227714,0.45577662598227725
CATTATGCTTGTTGTG-1,0.9589334479821021,True,0.0,tumor,0.7554849616377789,0.3758568801203812,0.7795170818703673,0.5649891322521317,0.8784894857105982,0.6011164985416781,0.5180253341931991
CATTCACTGACAGCTA-1,0.6765670655488413,False,1.4142135623730951,adjacent,0.7224683720671013,0.5055050870967942,0.709928662988352,0.5529027104348958,0.8670116186637804,0.5055050870967942,0.45106726857270246
CATTCAGGTCAGTGCG-1,0.819734715487934,True,0.0,tumor,0.9018326552601756,0.5084960399289107,0.710067993089227,0.6240335135335972,0.8730116127972497,0.5630267451869191,0.5240762414311988
CATTCCCATTCCGTCG-1,0.5304376557511484,False,6.324555320336759,distal,0.7210936484051348,0.5694699882962715,0.7167906704564454,0.6303962548068884,0.8814462171144297,0.46017945716992703,0.460179457169927
CATTCCCTAAGTACAA-1,0.5987611563602201,False,1.4142135623730951,adjacent,0.9694402645414182,0.5051923684259414,0.5867399542997269,0.48736554645265545,0.9269250286726681,0.5051923684259414,0.4507607423507775
CATTCGTCGTAGCGGT-1,0.5445020342194729,False,10.295630140987,distal,0.556321871110368,0.5867004774378124,0.7288427241821324,0.6076445782013413,0.8233440984169168,0.4735830128741013,0.4735830128741014
CATTGATGAACACGCC-1,0.6729205977659414,False,1.4142135623730951,adjacent,0.7567296438722622,0.4347099147299783,0.7157108621746643,0.5405320552118748,0.8501717426822364,0.5957197793011202,0.5727183700766714
CATTGCAAAGCATAAT-1,0.6044856330761699,False,2.0,adjacent,0.8862787716658307,0.5576981428845666,0.7222663434208326,0.5866354567240707,0.9358289554349005,0.611947091716361,0.6584461907150422
CATTGCGAAATGGGCG-1,0.900215762613355,True,0.0,tumor,0.6864608296643073,0.4775399877389511,0.6854762302847908,0.5365565030002415,0.6759695175071939,0.5921560249431842,0.560389646579247
CATTGCGGGTCAATTC-1,0.7972388754866601,True,0.0,tumor,0.8241003919820171,0.533974871042251,0.5620506604246781,0.6055639153616081,0.856749590076177,0.4798435787400843,0.4169313938583291
CATTGTGTGCTAGATC-1,0.681515274559916,False,1.4142135623730951,adjacent,0.9050047372234298,0.51336020856168,0.7167001058908766,0.5603336491482287,0.876415667156522,0.6225640454030354,0.6693656897636165
CATTTAGCGGACCATG-1,0.6385896609103431,False,6.324555320336759,distal,0.8703904958293855,0.4851938546136841,0.714380259711308,0.5982017128313735,0.8953410947532682,0.4315053224098534,0.43150532240985345
CATTTATCGTTCAAGA-1,0.7479876752573625,False,1.4142135623730951,adjacent,0.7152185624849059,0.4931047081189198,0.7129312266622081,0.5783536755280612,0.960331986964569,0.4931047081189198,0.43919634397815305
CATTTCTAGCAGACTA-1,0.6691387807421915,False,1.4142135623730951,adjacent,0.9035510598376341,0.44312545282282784,0.8426823831020454,0.5127626372401493,0.9296514987518955,0.49732486206320003,0.44312545282282784
CATTTGAGTGGTACGT-1,0.60091878249377,False,2.8284271247461903,mid,0.7995922272381057,0.5090967074749051,0.7239383046313325,0.5235950881495106,0.9332535485176744,0.5636707598754079,0.5246892938750487
CCAAACAGAACCCTCG-1,0.8222784850439089,True,0.0,tumor,0.8083514462464471,0.49277031587681974,0.5787424065095023,0.5446172137695294,0.9363848092057596,0.5467344120579365,0.5775710384471461
CCAAAGCAGTTGGTTG-1,0.963348221749827,True,0.0,tumor,0.7072349477047689,0.4960585062574696,0.8369698489661707,0.5807204295082575,0.8709465940390183,0.6100181438753585,0.5885582121161457
CCAAAGTCCCGCTAAC-1,0.8262235173286837,True,0.0,tumor,0.9715673707481097,0.49720101308464465,0.8377013319957644,0.4802411339612478,0.9264821056151497,0.49720101308464465,0.5126432114393994
CCAAATAACAAGATTC-1,0.539434399407648,False,12.083045973594572,distal,0.8136320570696093,0.5269897886517181,0.5996697876609263,0.5390607293466346,0.8503858710477917,0.4688457894443515,0.46884578944435157
CCAAATCAAAGGGCAA-1,0.6157196200667192,False,3.1622776601683795,mid,0.640700180200264,0.4702669564732765,0.60107005517472,0.538555425514128,0.743220490617951,0.4702669564732765,0.47026695647327654
CCAACCTTATGTAACT-1,0.7567853759126122,True,0.0,tumor,0.7114938044548479,0.5008948088700639,0.7222384774006576,0.5877853944899589,0.8158364059287158,0.6259358338442103,0.6771641945525911
CCAACGATGCACTGAT-1,0.8167848982094092,True,0.0,tumor,0.9752921287781678,0.4519032491779524,0.7216741904921139,0.5573798510096789,0.9595048061551639,0.5063255865797247,0.4519032491779523
CCAACGCTTGCCAGGG-1,0.7125460784547896,False,4.0,mid,0.5828874770105333,0.6225392756073246,0.7053447026695647,0.6405153355997696,0.8717283092365589,0.4646968486627407,0.4797294607527011
CCAACTTGATAGATCC-1,0.5055931083351247,False,8.602325267042627,distal,0.7046294748184065,0.6061788255401362,0.6977930112021401,0.6490943543443124,0.8711973882205933,0.5439509062649006,0.5746371446087213
CCAAGAAAGTGGGCGA-1,0.5468308373340977,False,6.324555320336759,distal,0.6424882498281596,0.5273303733427458,0.7278256144457449,0.5713760240762414,0.8239879501462233,0.47227330992587635,0.4722733099258764
CCAAGACTTCTGCGAA-1,0.8190340841235341,True,0.0,tumor,0.8055694885656431,0.6021692148594004,0.8361965669063144,0.6145609244087759,0.9555698307799257,0.4332330156607033,0.4332330156607033
CCAAGCGTAACTCGTA-1,0.6765431803886912,False,1.4142135623730951,adjacent,0.808746214865593,0.460067993089227,0.7274772891935574,0.5585910940199522,0.8699976827204277,0.460067993089227,0.46006799308922697
CCAAGCTTGATCTCCT-1,0.90219425004578,True,0.0,tumor,0.9812322354121384,0.4880238037736783,0.7113080309870145,0.5647959278455851,0.9249993400153116,0.5915027215813038,0.6393101965748681
CCAAGGAACAGAGAGG-1,0.816884419710034,True,0.0,tumor,0.8055834215757306,0.4530736220253023,0.7216741904921139,0.5221590592431589,0.8776344388810181,0.5618749496863524,0.5230173326645488
CCAAGGTTGCCCTTTC-1,0.6161813998296192,False,4.0,mid,0.9029240743836965,0.5257482026416986,0.5945424399487265,0.5738505266677812,0.881875940478181,0.5257482026416986,0.5414725997404479
CCAAGTTTCTACAGAT-1,0.879212745121456,True,0.0,tumor,0.8887124040944473,0.4860329314433979,0.7128406620966393,0.5705549053484181,0.9537937386519298,0.592914599936837,0.5700113852596714
CCAATAGATTTCATCT-1,0.6805200595536659,False,2.0,adjacent,0.8073947128871054,0.4559716881235022,0.7251504765089449,0.5605900165338387,0.8473778075015326,0.4559716881235022,0.45597168812350214
CCAATAGTGCCGTCGA-1,0.8915136025987053,True,0.0,tumor,0.983387207639005,0.4987646064389083,0.8078080588530346,0.5704973155733897,0.8771519167421983,0.5128183692804993,0.3964220030095302
CCAATCGGTAGATCGA-1,0.5981839316565952,False,2.8284271247461903,mid,0.6269204332237271,0.5567011586071944,0.842166861728808,0.7138605584350444,0.8958250835247289,0.4428189266009029,0.44281892660090294
CCAATGTCACAGCAAG-1,0.7378125970334629,False,1.4142135623730951,adjacent,0.896482379386576,0.4499526277657025,0.7237432424901076,0.5191402403908673,0.8786962809129496,0.4499526277657025,0.44995262776570255
CCAATTACGGGTCGAG-1,0.6105882914944945,False,3.1622776601683795,mid,0.8043619610247265,0.5185990203545797,0.7289193557376136,0.5647754927641234,0.7644646644197856,0.46371844173215176,0.4637184417321518
CCAATTGAATGTTAAT-1,0.6684262067977166,False,2.0,adjacent,0.8943738505266677,0.49740536389926127,0.7037981385498523,0.5493841609541324,0.9597541337040981,0.44343197904475284,0.4434319790447528
CCACAATGTACGTCTT-1,0.5012420283278,False,6.324555320336759,distal,0.770063534525999,0.5904902561816121,0.8297316502257148,0.5628360177599435,0.83639272902202,0.47592685479326513,0.42256032993367887
CCACACTGAGATATTA-1,0.9523928949610274,True,0.0,tumor,0.8429656876404912,0.5760401766086434,0.6822646714596221,0.6887532742573705,0.8916730465186541,0.4964857852334863,0.3942484534358802
CCACAGCTGAAATCAT-1,0.8164425442472591,True,0.0,tumor,0.8952887848557469,0.45126233071392746,0.5879103271470769,0.5887978598896506,0.9532173520240996,0.45126233071392746,0.4512623307139275
CCACAGTACCCATCCT-1,0.44894945103940254,False,11.313708498984761,distal,0.8045291571457764,0.564141385993919,0.7212492336844452,0.5548867710713555,0.9001516498150576,0.6125694328336027,0.5891951497201455
CCACATACTGCACCCA-1,0.6094378229472696,False,12.0,distal,0.7225891248211931,0.518366803519788,0.7292049824444073,0.6303349495625034,0.7941537089672852,0.4635233795909268,0.46352337959092693
CCACATGGCTCTTTAT-1,0.759989968232737,True,0.0,tumor,0.8084025339501012,0.46820487098032654,0.7227261327537201,0.5365342101841014,0.7965428535391311,0.46820487098032654,0.4682048709803266
CCACCAACTTTACTGT-1,0.6667064752669167,False,1.4142135623730951,adjacent,0.8853359713165766,0.5579829955352443,0.7174524884356016,0.6482416541269577,0.8399493131759342,0.5454618638032782,0.5070421413842247
CCACCCAAGGAAAGTG-1,0.5277545560942987,False,7.0710678118654755,distal,0.6292983336119936,0.45744858719277715,0.7160104218915455,0.562274981887087,0.7103635195663461,0.45744858719277715,0.45744858719277726
CCACCTGTATGGAATA-1,0.6113366931791945,False,11.661903789690601,distal,0.6450054803173012,0.6416336918761263,0.7260073566293263,0.6426851697040628,0.849736152787922,0.5280982370097903,0.5446931155006729
CCACGAATTTAACCTC-1,0.5298445076074236,False,9.055385138137417,distal,0.7193845325010683,0.5142333438604966,0.5940547845956641,0.5314625945122519,0.8770521857226246,0.45959427074625203,0.4595942707462521
CCACGAGAAGAGAATC-1,0.9711905159990766,True,0.0,tumor,0.778799531850861,0.46226012000966027,0.8327829794348771,0.5795314793141244,0.9343593895288297,0.5143602890635159,0.4771458825964761
CCACGGAGCCATAAGA-1,0.7434693991289878,False,1.4142135623730951,adjacent,0.9933400211781754,0.440199520704453,0.714798250013933,0.5494510394025525,0.9309040030271297,0.60196176782032,0.578852875375196
CCACGGCAGGTGTAGG-1,0.5370856919928981,False,2.0,adjacent,0.7200254509650933,0.5213949110454712,0.7295881402218135,0.5020119266566349,0.9018324108214024,0.5213949110454712,0.5370856919928981
CCACGGTGCCCGGTAG-1,0.6042348388945947,False,10.0,distal,0.8079706106373887,0.6264219410850409,0.7280624756172324,0.5957940886882535,0.8756764843055641,0.6221274777536273,0.6689556611810417
CCACGTAAATTAGACT-1,0.4580337736164521,False,4.0,mid,0.7245861896004012,0.575826537120635,0.715634230619183,0.5647773504988016,0.826092567985756,0.45803377361645203,0.4580337736164521
CCACTAAACTGAATCG-1,0.8858010684628307,True,0.0,tumor,0.8792426015716436,0.4417042857939029,0.8412403165579891,0.5761968455665163,0.860746164022328,0.5498615987664642,0.580763688187196
CCACTATCCGGGTCAC-1,0.5977579796339201,False,4.0,mid,0.7172063385907225,0.45750431923312707,0.7156690631444017,0.5289379330843968,0.7603082275157882,0.5120474093889911,0.5276311494335236
CCACTCAGATCCGCAA-1,0.5507480035986975,False,10.295630140987,distal,0.5625917256497427,0.479685671292426,0.7395293429192442,0.5141522227795426,0.6673618505384009,0.5349563741973038,0.5507480035986975
CCACTGGTGGCTGGTT-1,0.5859427870797207,False,2.8284271247461903,mid,0.9672574262943767,0.5471307287893143,0.7175848520314329,0.5413420275316281,0.9277903419307337,0.49316353638373367,0.5085827342138995
CCACTGTTTGGATTAA-1,0.46023518921027706,False,6.324555320336759,distal,0.8922374556465845,0.515025977323252,0.7293861115755448,0.5648182206617249,0.9549538450707944,0.515025977323252,0.5306804882126736
CCACTTTCCTTCTAGG-1,0.5290523164624485,False,10.0,distal,0.717861190064835,0.45873042412082704,0.7170971966783704,0.4948057738393804,0.7883429104444777,0.5681200344300161,0.59937420880407
CCAGAAACTGATGCGA-1,0.5291319336629485,False,4.47213595499958,mid,0.7130403685745601,0.45875829014100206,0.728375968344201,0.5636311282022702,0.8488033744283799,0.5177970982184324,0.5346653290976981
CCAGAAAGCAACTCAT-1,0.7563435004498371,True,0.0,tumor,0.9672806479778558,0.4541603968121273,0.7116842222593769,0.49046239016143706,0.8458833088405683,0.4541603968121273,0.45416039681212717
CCAGAGACAAAGCCGG-1,0.6756076782828161,False,1.4142135623730951,adjacent,0.98430678630478,0.5054183928118053,0.7244677590146575,0.4875847591446989,0.9024850623465536,0.6193377795116635,0.5974514534119951
CCAGATAGTTGAGTGA-1,0.5333635878695233,False,5.0990195135927845,distal,0.46279886306637685,0.5176825379132686,0.7293582455553698,0.5972542681454235,0.7587345306922212,0.5176825379132686,0.5333635878695233
CCAGATGTAAATGGGT-1,0.7248748019522139,False,1.4142135623730951,adjacent,0.5726095599026547,0.6862069392582685,0.6974725519701276,0.5930780805885304,0.7548992863365571,0.6335525460253767,0.6177418969594191
CCAGCCTGGACCAATA-1,0.5243588824929737,False,4.242640687119285,mid,0.8894369206189973,0.44766761411135264,0.8419300005573204,0.5536049341433057,0.8707309990408223,0.44766761411135264,0.4476676141113526
CCAGCGGGATCACCAG-1,0.539760829929698,False,2.8284271247461903,mid,0.7293837894071968,0.5194442896332212,0.7213606977651452,0.63384978357391,0.8505413341077154,0.4646658864181018,0.46466588641810175
CCAGCTACGCCTCATA-1,0.8902277848106305,True,0.0,tumor,0.874667929926248,0.542826976784509,0.711795686340077,0.6120808486132013,0.8590991355667215,0.542826976784509,0.5044426397878998
CCAGCTCGAACGCATT-1,0.47731705957755116,False,12.0,distal,0.5602045365880844,0.4773170595775512,0.7378086161734381,0.5104720503817645,0.8001786358556482,0.4773170595775512,0.47731705957755116
CCAGCTGATGGTACTT-1,0.660054458165142,False,1.4142135623730951,adjacent,0.9007551691467425,0.44379423730702783,0.82563534525999,0.581781196009586,0.9531425537594194,0.49793481828258623,0.5134035557041744
CCAGCTTCCGCCCGCA-1,0.8132897031074594,True,0.0,tumor,0.8792147355514685,0.42264392799420386,0.5658474056735218,0.5675862453324415,0.954635585787743,0.635044926216971,0.6274591762804437
CCAGGCGAGATGGTCT-1,0.6175269305180692,False,5.830951894845301,distal,0.720057961321964,0.4717717215627264,0.603766092626651,0.5397908190752198,0.7166157745140312,0.4717717215627264,0.4717717215627264
CCAGGCTGGCGTCTGA-1,0.6076225507758696,False,14.212670403551895,distal,0.6428040647234763,0.5214351619635017,0.7228584963495513,0.5369930706496499,0.7955968754858219,0.4665886418101766,0.46658864181017673
CCAGGGACGTGGCCTC-1,0.9017284894228548,True,0.0,tumor,0.8583663081238737,0.434716107178906,0.8407944602351892,0.621200468149139,0.8979737003434852,0.505814709543183,0.4624167005039769
CCAGTAGTCTGATCCA-1,0.5879212745121457,False,5.830951894845301,distal,0.7969821100150477,0.5492918934651088,0.7198559326756953,0.5799327500046443,0.895608021893892,0.6033922235226367,0.6497639350005177
CCAGTCAAATCTCTTA-1,0.45494064537702716,False,2.0,adjacent,0.6269204332237269,0.5095456600221691,0.7271637964665887,0.5268126846123836,0.9010990945010076,0.4549406453770273,0.45494064537702716
CCAGTCCATTATTCGA-1,0.6118343006823193,False,1.4142135623730951,adjacent,0.9025107284177674,0.46497241264002676,0.5978863623697264,0.5335451150866634,0.8809431621186389,0.5198313176912073,0.46497241264002664
CCAGTCTAGACGGCGC-1,0.6179528825407442,False,7.615773105863909,distal,0.8616080551375652,0.6361905292686099,0.7063827119210835,0.618085047093574,0.84696421709683,0.46721098292741825,0.4822851728887509
CCAGTCTTGTCATAGA-1,0.5473204831171726,False,10.0,distal,0.47634174887142616,0.47634174887142616,0.7370632001337569,0.5458563227999776,0.8527691490890744,0.47634174887142616,0.4763417488714262
CCAGTGAGCTCCTTGT-1,0.8178477878360841,True,0.0,tumor,0.8990832079362425,0.4414256255921529,0.7158501922755393,0.5434951420238162,0.9000915178767853,0.6095722875525584,0.580405410784946
CCAGTGTACAGACCGA-1,0.6221168621268939,False,4.0,mid,0.5550864775492764,0.47249623808727637,0.7202669564732764,0.5075405450593548,0.825897505844531,0.47249623808727637,0.4724962380872765
CCAGTTCGGTAACTCA-1,0.5217673426166989,False,10.770329614269007,distal,0.7059438221033272,0.45162458897620245,0.7253664381653012,0.5601571643537872,0.8906933359146066,0.5607355390836415,0.5217673426166989
CCATAAACAACCCGAC-1,0.8086918097785846,True,0.0,tumor,0.9692684240836722,0.4629041346981491,0.7043833249735273,0.5634360660610452,0.9533654819208195,0.4715116387077598,0.4889531134306255
CCATAACCTGTGCAGT-1,0.9538220237100022,True,0.0,tumor,0.9396189786174737,0.5301448413804207,0.6958563227999777,0.5913578182763939,0.9108478016643348,0.6875135459820296,0.6297839985350435
CCATACCTTTACTTGT-1,0.6612367735925668,False,5.0990195135927845,distal,0.6990005387430567,0.49912686470118334,0.7216881235022015,0.5502591539876274,0.8721008339273195,0.49912686470118334,0.5146097562917494
CCATACTCGCCTCTCC-1,0.5841036297481708,False,1.4142135623730951,adjacent,0.9449646101543777,0.5995529051874144,0.7119698489661707,0.5646714596221367,0.8663956329546486,0.478211868447615,0.49341963837867525
CCATAGAGGCTGCCAG-1,0.5320936935215484,False,1.4142135623730951,adjacent,0.7238616730758514,0.5087437378860218,0.7262024187705513,0.558802875773282,0.8758495469571773,0.5087437378860219,0.5242991695925988
CCATAGGTTGGCGTGG-1,0.8938304631332553,True,0.0,tumor,0.8964545133664009,0.555961160960325,0.7130566237529956,0.6418436158947781,0.9168947280423094,0.4865376160310117,0.43303795351947827
CCATAGTCAGTAACCC-1,0.8252919960828338,True,0.0,tumor,0.8112123576510802,0.44070110906760296,0.44070110906760296,0.5461405562057627,0.8704156730230526,0.44070110906760296,0.44070110906760285
CCATATGGAAACTATA-1,0.4662263835479017,False,10.198039027185569,distal,0.7304426981738468,0.5794150612742821,0.7221688123502201,0.6380891341098666,0.8772105820478299,0.4662263835479017,0.4662263835479017
CCATATTGGATCATGA-1,0.8901282633100056,True,0.0,tumor,0.8732560515707147,0.4864818839906618,0.709622136766427,0.5398186850953947,0.9042904871273653,0.4864818839906618,0.43292648943877843
CCATCATAAGAACAGG-1,0.6501739635830924,False,1.4142135623730951,adjacent,0.8649937765888275,0.47615907162805676,0.8290489327314272,0.5313065447992718,0.9249861403215447,0.42300618625647884,0.4230061862564788
CCATCCATACCAAGTC-1,0.7418093804985629,False,1.4142135623730951,adjacent,0.9754361032157388,0.5574442524785277,0.7238547065708076,0.5181017667056791,0.960626780125368,0.6170651507551692,0.5884984992157706
CCATCGCAGTTAAACT-1,0.6607511086695169,False,3.1622776601683795,mid,0.6293354883055602,0.45070501031042753,0.7240219026918575,0.5880677701610656,0.8412634160220818,0.5102485029754718,0.5272609294511986
CCATCTCACCAGTGAA-1,0.5331963917484732,False,13.038404810405298,distal,0.7231835999182596,0.5723525732721519,0.7199534637463078,0.5313121180033069,0.7940759774373234,0.5175339191390019,0.5331963917484732
CCATCTTGTTCACAAT-1,0.739182012882063,False,1.4142135623730951,adjacent,0.7869085437217856,0.4956467084037725,0.7197584016050828,0.5761615486076278,0.8172517064270776,0.4956467084037724,0.5111065994697495
CCATGCCCTAGATTTC-1,0.5389885430848481,False,7.615773105863909,distal,0.7325233610135801,0.46828846904085153,0.7335729811068383,0.6046814913893998,0.8810516929340572,0.46828846904085153,0.46828846904085164
CCATGCCTGTTTAGTA-1,0.8843281502535808,True,0.0,tumor,0.9830806814170799,0.41851975700830407,0.7045714206097085,0.5993070649649819,0.9275366144838773,0.5238037736783766,0.5538849212983974
CCATGCTCTGCAGGAA-1,0.6660138056225666,False,1.4142135623730951,adjacent,0.9859601701684966,0.4949593465727891,0.719974363261439,0.6120511248583479,0.9088751807624731,0.4949593465727891,0.44100763528952797
CCATGGCAAACGCTCA-1,0.558785359989172,False,7.0710678118654755,distal,0.5706635828271006,0.4875160229616006,0.7400518307975255,0.521668617288079,0.5945567396169742,0.4875160229616006,0.48751602296160057
CCATGGCCCTTGTACC-1,0.9653665177825017,True,0.0,tumor,0.9539839120176855,0.536368252552837,0.7086328930502146,0.5611919225696185,0.8923652971251066,0.5818982332943209,0.49113462472432545
CCATGTTCATCTATAT-1,0.5618944116686969,False,1.4142135623730951,adjacent,0.6554087945159671,0.5457126579848532,0.6138257259098255,0.5563246577123856,0.6759181853647661,0.4890765200914006,0.4890765200914005
CCATTAGCGATAATCC-1,0.9884793910876505,True,0.0,tumor,0.9460838952980736,0.4574919343352716,0.6899069274926156,0.5912909398279739,0.9418700152823121,0.5612402236712553,0.5390084473849731
CCATTCCCTGCCCACA-1,0.7517973583012874,True,0.0,tumor,0.8129679169221052,0.503368692216711,0.7086119935350833,0.5909323970350555,0.9335982071882598,0.503368692216711,0.44908878114027756
CCATTGTTTCCTCCAT-1,0.6760694580457162,False,4.47213595499958,mid,0.6413457430009847,0.5193297293280573,0.729880733433651,0.5325326496869717,0.8228278437273587,0.574188634379238,0.6055365801227698
CCATTTCTACCTATTA-1,0.5362417496675983,False,3.1622776601683795,mid,0.7131053892883018,0.5194133273885824,0.7292885805049324,0.5315963514090917,0.8199781765063051,0.5152612903825076,0.5309034163740735
CCCAAACATGCTGCTC-1,0.4301398874212784,False,11.40175425099138,distal,0.6849003325345073,0.544328645649495,0.7136278771665832,0.5374166341563098,0.9164620714132767,0.5908432257704954,0.5678856060063217
CCCAACATACGTCGCG-1,0.8079752549740846,True,0.0,tumor,0.9784920767615969,0.4299169592598785,0.6915997882182466,0.5997677831652085,0.979678338129222,0.5525429291521918,0.5071934140651747
CCCAACCACACTAACA-1,0.7285929252155635,False,1.4142135623730951,adjacent,0.8752624050233146,0.5461058784917672,0.7097475338572145,0.6347879395864684,0.8400387777670225,0.5997417748797118,0.6476739834873925
CCCAAGAATGCACGGT-1,0.4665050437496517,False,2.8284271247461903,mid,0.6374305671663972,0.46650504374965174,0.7320612495123446,0.5370562336287131,0.8539659213239587,0.5214134883922544,0.5371016154329981
CCCAAGACAGAGTATG-1,0.6731037173270913,False,2.8284271247461903,mid,0.9807120697022053,0.5100379597119272,0.7141015995095581,0.5245220977539986,0.9032975768295509,0.5645779536433273,0.5256208151208989
CCCAAGTCATTACACT-1,0.661284543912867,False,4.0,mid,0.8985351762061341,0.5507811774322391,0.7172992253246391,0.6168087833695591,0.9280074035615707,0.43532296717382823,0.4353229671738283
CCCAATGAGATTTGCA-1,0.6831752931903409,False,1.4142135623730951,adjacent,0.8029779486893682,0.5150879018125298,0.5950161622917015,0.5620074680934068,0.8439576201832119,0.5150879018125298,0.5307441819730735
CCCAATTTCACAACTT-1,0.46653290976982664,False,2.0,adjacent,0.9828113098887217,0.46653290976982675,0.7131053892883018,0.5678351817793383,0.8521194308292049,0.46653290976982675,0.46653290976982664
CCCACTCCACGGTATC-1,0.8857851450227309,True,0.0,tumor,0.9851102565531592,0.5062172187234886,0.721367664270189,0.5207861933158707,0.9036759680508745,0.5062172187234886,0.521751419176599
CCCAGAGGAGGGCGTA-1,0.8688585281964315,True,0.0,tumor,0.7420721172602128,0.49809272573024443,0.7997756785375914,0.531380854186405,0.8631045093087173,0.5340151219602816,0.44741283906975265
CCCAGATTCCCGTGAC-1,0.6327815861338684,False,9.486832980505138,distal,0.4901075628378755,0.49010756283787554,0.6149473332218692,0.5233981682736073,0.6225840893824597,0.49010756283787554,0.4901075628378755
CCCAGGAAGAATTCGA-1,0.5560505091519972,False,21.540659228538015,distal,0.7390672314180088,0.48481301900462576,0.6094786267625257,0.5180571810733989,0.7003728180172887,0.48481301900462576,0.48481301900462576
CCCAGGTCTGAAGGCT-1,0.6151543379431692,False,12.649110640673518,distal,0.7260770216797637,0.5313771387170485,0.7275539207490387,0.611044232662691,0.803013636750294,0.4735551468539263,0.4735551468539264
CCCAGTAAACTTGGGA-1,0.6755997165627662,False,1.4142135623730951,adjacent,0.7196028163257724,0.44970183358412746,0.7091135818982334,0.5188392873729774,0.931773716183118,0.5039755522116331,0.519482328962349
CCCAGTTAAGGCGCCG-1,0.5339169274129982,False,10.295630140987,distal,0.6335850563822475,0.5227448649117267,0.7186437607980828,0.4992011740883168,0.7878677214688617,0.5182615318880157,0.46346764755057684
CCCATATAGGTCGATT-1,0.4663378476286017,False,4.47213595499958,mid,0.8022998755317765,0.5797153950472793,0.7305286184027198,0.604906277285478,0.8279082591950534,0.5761918916073739,0.6075787613155946
CCCATTATTGTATCCT-1,0.6200428340538691,False,8.602325267042627,distal,0.5608408107154136,0.4779579780415761,0.7319358524215572,0.5790317486856527,0.723498681497256,0.4779579780415761,0.4779579780415761
CCCGAAGTTTCGCGAA-1,0.8209130500553341,True,0.0,tumor,0.8030011703728474,0.4891105785605034,0.8340648163629271,0.574745954782738,0.8600465802526716,0.4891105785605034,0.5044227354877747
CCCGACCATAGTCCGC-1,0.6572479518475172,False,1.4142135623730951,adjacent,0.8859536680971224,0.5436505724919034,0.7135721451262331,0.5723048914154081,0.9824957394321787,0.5901279979193372,0.6360140444741683
CCCGAGTTTCTCCGTA-1,0.5448523499016728,False,12.806248474865697,distal,0.8104599751063554,0.5251134766266016,0.6018851362648386,0.5710007616712182,0.8229891733178456,0.5251134766266016,0.5408316812764229
CCCGATAGCCTCGCCT-1,0.6613641611133669,False,2.0,adjacent,0.7126455999554144,0.4961266231956752,0.715355570417433,0.5363744450017649,0.9207299723979737,0.4343755224878783,0.43437552248787836
CCCGCAAATAATCATC-1,0.4911943376247004,False,17.204650534085253,distal,0.6590824648423711,0.5466817762420504,0.6160410745137379,0.5244868007951106,0.7029144923837766,0.4911943376247005,0.4911943376247004
CCCGCAGCGCGAACTA-1,0.5971926975103701,False,2.8284271247461903,mid,0.6284902190269185,0.45650114250682716,0.727985844061751,0.4926508016125136,0.8411431521455368,0.45650114250682716,0.4565011425068271
CCCGCAGGGCCCAAAG-1,0.8231423316693337,True,0.0,tumor,0.9565429415370895,0.529054970369132,0.7106671125229894,0.6321425254045219,0.945951653921629,0.4759330472421929,0.42281112411525384
CCCGCCATGCTCCCGT-1,0.9684755694620265,True,0.0,tumor,0.873302494937673,0.4047260770216798,0.6986150587973026,0.5563395195898122,0.9412906953892002,0.5780867809792739,0.4828584167323509
CCCGCGCAATGCACCC-1,0.680277227092141,False,1.4142135623730951,adjacent,0.900741236136655,0.4584517639190771,0.7157038956696204,0.5273365657916738,0.9068321614938532,0.5130908370333216,0.4584517639190771
CCCGCTAGAGGGTTAA-1,0.7369248652478882,False,1.4142135623730951,adjacent,0.7035752103884523,0.5031643414020943,0.7236526779245388,0.5544539188913039,0.9086903850497335,0.6119285143695777,0.6585417313556421
CCCGCTTGCCCTCGTC-1,0.8258254313261837,True,0.0,tumor,0.8800135614631518,0.43919634397815305,0.7171250626985454,0.508896691374538,0.8631925072671647,0.43919634397815305,0.43919634397815305
CCCGGCACGTGTCAGG-1,0.5126073836991745,False,7.0710678118654755,distal,0.6077857660368947,0.48656238582672295,0.716107952962158,0.53513162050196,0.8931308793635988,0.48656238582672295,0.4326756952572034
CCCGGCTAGGTGAGAA-1,0.8970748640536302,True,0.0,tumor,0.7980828178119602,0.46210221256200185,0.730354455776626,0.5993999516988983,0.8230830378068562,0.5169053855728324,0.5325634350044984
CCCGGGTCGTTCAGGG-1,0.4885191996879006,False,15.556349186104045,distal,0.6586226755094837,0.48851919968790053,0.7408320793624255,0.5225398948522171,0.6741875588486347,0.48851919968790053,0.4885191996879006
CCCGGTGGAAGAACCT-1,0.7526333389065375,True,0.0,tumor,0.8986327072767467,0.4582288357576771,0.5934486986568578,0.5599546712738487,0.9554847660867601,0.4582288357576771,0.45822883575767703
CCCGGTGTATCGGAAT-1,0.8284090094824086,True,0.0,tumor,0.9654740010031767,0.4262665106169537,0.7008652399264337,0.5395976146686731,0.8940020591522276,0.5462452085926421,0.5033956736013249
CCCGTAAGTCTAGGCC-1,0.6034068200093948,False,1.4142135623730951,adjacent,0.815201842872801,0.5118368661254467,0.7273309925876387,0.5589236285273738,0.875962477670518,0.5163109104757659,0.5331924108884484
CCCGTAGCTGGGAAGA-1,0.6676778051130167,False,2.0,adjacent,0.6361208642181723,0.45714206097085214,0.7276793178398261,0.5587675788143938,0.8705491365933644,0.45714206097085214,0.45714206097085214
CCCGTCAGCGTCTGAC-1,0.5954331573793202,False,1.4142135623730951,adjacent,0.9738616730758514,0.4490609151201025,0.7202878559884077,0.554074941016924,0.9544375903812364,0.5033717884411748,0.44906091512010254
CCCGTGACAGTGCCTT-1,0.46006799308922697,False,12.727922061357855,distal,0.8833946385777184,0.460067993089227,0.7288984562224823,0.5288246112690186,0.84651836077403,0.460067993089227,0.46006799308922697
CCCGTGAGGGCGGTGA-1,0.5891633028399454,False,1.4142135623730951,adjacent,0.7921891545449479,0.4497854316446525,0.7247673187315388,0.5189210276988241,0.8738021277906354,0.5581904425743249,0.5194743672422989
CCCGTGGGTTAATTGA-1,0.8289623490258836,True,0.0,tumor,0.8079381002805182,0.5113074117421217,0.7254779022460012,0.5967322447008118,0.8212336140468208,0.6206970220513106,0.6675782836123917
CCCGTTTCGCAGATGT-1,0.6072642733736195,False,12.083045973594572,distal,0.6435332255847219,0.5759039427322323,0.7307236805439447,0.6029928105667948,0.8740763880944628,0.5210233641098045,0.536703529430498
CCCTACCCACACCCAG-1,0.4626595329655019,False,11.661903789690601,distal,0.544915380185402,0.5174967644454352,0.7292049824444073,0.5313734232476917,0.8242519440215653,0.46265953296550183,0.4626595329655019
CCCTACTTGAACAATG-1,0.5385188016018982,False,7.0710678118654755,distal,0.7165236210964352,0.5726374259228297,0.7293303795351949,0.561673075851307,0.9071298879199337,0.46299392520760185,0.46299392520760196
CCCTAGCTCTAAGGTC-1,0.5532718688545473,False,15.620499351813308,distal,0.5651321778223634,0.48211001504765094,0.740957476453213,0.5498021512567576,0.6675774455365968,0.5374581235641258,0.48211001504765083
CCCTAGGCAACAAGAG-1,0.6859618952078408,False,1.4142135623730951,adjacent,0.7273263482509428,0.46892938750487656,0.7165050437496516,0.5702112244329265,0.9057732527272033,0.46892938750487656,0.46892938750487645
CCCTAGTGTCAGGTGT-1,0.7499382966696126,False,1.4142135623730951,adjacent,0.9871491203626297,0.45410466477177736,0.7250599119433763,0.5260528711289454,0.8995459305344117,0.6177432239127608,0.5242354758321988
CCCTATGTAGAGCAGA-1,0.6725862055238413,False,1.4142135623730951,adjacent,0.8946989540953761,0.5017865215156637,0.7212840662096639,0.6509780973081424,0.9362469457375254,0.4475840160508276,0.44758401605082765
CCCTCAAGCTCTTAGT-1,0.48080031209942586,False,3.1622776601683795,mid,0.6496869717067009,0.591329333011326,0.7400448642924817,0.5817124598264876,0.6975026179392637,0.5360648225553759,0.5518546826856473
CCCTCAGATCGAGAAC-1,0.6122124823846944,False,2.0,adjacent,0.6413132326441139,0.47068494677590145,0.718358134091289,0.5055936391164614,0.8213890771067444,0.47068494677590145,0.4706849467759015
CCCTCATCACAGAGTA-1,0.6954482846474151,False,5.830951894845301,distal,0.6493665124746884,0.47556150030652616,0.7365128462353007,0.5435174348399561,0.8535567308171783,0.47556150030652616,0.4755615003065263
CCCTCATTCTGGAATT-1,0.6682152212163915,False,1.4142135623730951,adjacent,0.9036811012651174,0.5050778081207775,0.7221479128350888,0.5506121235765107,0.9258191876615128,0.6076743019561945,0.6540115126471922
CCCTCCTCGCTCGTAT-1,0.47060134871537646,False,13.92838827718412,distal,0.7281112411525386,0.6357446729458098,0.6025469542439948,0.6070705381857363,0.8231358365819247,0.47060134871537646,0.47060134871537646
CCCTCGATAATACACA-1,0.6113526166192945,False,2.0,adjacent,0.7280555091121887,0.4698489661706515,0.7332246558546509,0.5400824834197181,0.8537297934687915,0.4698489661706515,0.46984896617065164
CCCTCGGGAGCCTTGT-1,0.6816506238007659,False,2.0,adjacent,0.8194235449293131,0.5203329060543572,0.7295811737167698,0.5010774861134332,0.8809475620165612,0.4654740010031767,0.46547400100317665
CCCTGAAATGAGTTGA-1,0.6766665870494661,False,1.4142135623730951,adjacent,0.9035278381541548,0.5613950348944498,0.7226286016831076,0.5933697449330287,0.9048302079391758,0.45254416764197736,0.4525441676419773
CCCTGACTAACAAATT-1,0.6846362688195157,False,1.4142135623730951,adjacent,0.9774285236582511,0.45365880844897727,0.5899724126400268,0.6236192387003289,0.9873429603099876,0.508124492993244,0.4536588084489774
CCCTGATGTAACTCGT-1,0.7472711204528626,False,1.4142135623730951,adjacent,0.9925319065931003,0.505898307603708,0.7209218079473889,0.5889799178881272,0.8996207287990919,0.6147244050604692,0.6613641611133669
CCCTGCCCAATCCGCT-1,0.7396995246853131,False,4.0,mid,0.7619916773486413,0.42685169704062864,0.7125132363595832,0.5015029073547717,0.91278962328074,0.42685169704062864,0.42685169704062875
CCCTGCGCTACGCATA-1,0.6041233748138949,False,1.4142135623730951,adjacent,0.8122573334076427,0.44956250348325244,0.720364487543889,0.48623604376822904,0.9333019473948203,0.5631784601856497,0.44956250348325255
CCCTGGCTGTTCCTTC-1,0.6846800582797908,False,2.0,adjacent,0.9903026249791004,0.5227015177692322,0.7302011926656635,0.535716806925635,0.8822792644543981,0.5227015177692322,0.5383993758011482
CCCTGGGAGGGATCCT-1,0.4823050771888759,False,18.384776310850235,distal,0.5681649296847424,0.5376346083585676,0.7398846346764755,0.5499619164390942,0.6697201958247901,0.48230507718887583,0.4823050771888759
CCCTGGTATGGGCGGC-1,0.6801339161312409,False,1.4142135623730951,adjacent,0.8965845547938843,0.45577662598227714,0.8358412751490832,0.5960820375633952,0.9292423082451154,0.5648318440493661,0.5959904777828202
CCCTGTTGGCAAAGAC-1,0.8974928543562551,True,0.0,tumor,0.9586839807538686,0.4732486206320013,0.8243535083319401,0.5333128982518717,0.9267592991842589,0.5866880925399568,0.5662375299559718
CCCTTCTCGTACGCGA-1,0.8155986019219591,True,0.0,tumor,0.9829367069795092,0.4971483772687584,0.7191592821713202,0.580995374240651,0.8791142712155745,0.4971483772687584,0.44306972078247775
CCCTTTAATGGAGTTC-1,0.46388563785320175,False,2.8284271247461903,mid,0.8129354065652343,0.628341600252652,0.7210890040684389,0.6009065745230268,0.90714162098106,0.4638856378532018,0.46388563785320175
CCCTTTGACAGGTCTT-1,0.5354774245427982,False,5.830951894845301,distal,0.8061639636627097,0.6295584164669602,0.7313576325029258,0.5993312155158,0.7954604786502287,0.5197972592221045,0.5354774245427982
CCGAAACACGACCTCT-1,0.6279289177633934,False,2.8284271247461903,mid,0.9067695851678463,0.48291812963272585,0.48291812963272585,0.5504616470675658,0.8286225092911178,0.5382817192715204,0.48291812963272573
CCGAAAGTGGTGAGCA-1,0.7354718513387632,False,1.4142135623730951,adjacent,0.8971186535139051,0.4277712757064036,0.7128267290865518,0.4979304835683367,0.9581951032069389,0.4277712757064036,0.4277712757064035
CCGAACACTGGGCCTC-1,0.662462878480267,False,1.4142135623730951,adjacent,0.873831949320998,0.4906184398744171,0.7177799141726579,0.5388953909602631,0.8732844064684366,0.4906184398744171,0.5059872134775997
CCGAACCTTCCCGGCC-1,0.5351947834810233,False,5.830951894845301,distal,0.7113776960374519,0.4647216184584518,0.7313924650281447,0.5683070463876349,0.8469011518932761,0.4647216184584518,0.46472161845845184
CCGAAGCATTGACCAA-1,0.679795543029116,False,1.4142135623730951,adjacent,0.8964034256627468,0.458563227999777,0.7260770216797637,0.5625629307622285,0.8961228099508091,0.5130691634620743,0.45856322799977706
CCGAAGGGCGTACCGC-1,0.5238771984299488,False,4.0,mid,0.7986447825521559,0.5015264386606971,0.7227748982890264,0.5921139162904755,0.921458888820446,0.4473610878894277,0.44736108788942763
CCGAAGTATATTGTTC-1,0.5242792652924738,False,2.8284271247461903,mid,0.8135113043155177,0.5002848526506778,0.7223360084712701,0.548059596128481,0.9252721336864985,0.5002848526506778,0.5157801291390992
CCGACAAACACATGAG-1,0.6083311438603197,False,2.0,adjacent,0.8184064351929258,0.5163728349650437,0.7167140389009643,0.5655613145330584,0.85227782715441,0.5710614476707103,0.5319981528809484
CCGACAAAGGGAGTGC-1,0.8953750368229552,True,0.0,tumor,0.7864255327054189,0.5315907782050567,0.7112940979769269,0.6272418213230785,0.9692447135226463,0.4254026639915287,0.4254026639915286
CCGACAATAGGCCGCC-1,0.46664437385052665,False,8.94427190999916,distal,0.7304426981738468,0.5216147429824073,0.7318731538761634,0.6034832525218747,0.8248385970778811,0.46664437385052665,0.46664437385052665
CCGACGGGCATGAGGT-1,0.662060811617742,False,1.4142135623730951,adjacent,0.8120018948893719,0.4980431861388223,0.7034428467926211,0.6106949785431645,0.9368863975689096,0.4980431861388223,0.5134791920446494
CCGACGTAAACACAAC-1,0.5862413515815957,False,2.0,adjacent,0.7213537312601014,0.6094670159207862,0.72144429582567,0.581218302402051,0.9280528691734352,0.5010805823378972,0.5165643585640242
CCGACTCGCATAGTCT-1,0.8270674596539838,True,0.0,tumor,0.7243075293986513,0.5185339996408379,0.5975798361478014,0.5651879098627134,0.8779394984703022,0.5185339996408379,0.5341717024545984
CCGAGAAGTCGCATAA-1,0.5456007515863727,False,8.48528137423857,distal,0.6415222277954262,0.525909206313821,0.6026096527893886,0.5387690650021366,0.7693324181545655,0.4708521428969515,0.47085214289695143
CCGAGCTGTGCTTGTC-1,0.6618060365761419,False,1.4142135623730951,adjacent,0.6084173958275279,0.4350164409519032,0.8365518586635456,0.5370673800367831,0.8694227627252381,0.6502535807835925,0.5733831737008462
CCGAGGGATGTTAGGC-1,0.599577232665345,False,3.1622776601683795,mid,0.8162235969458842,0.45343588028757725,0.7229769269352951,0.5551635735384272,0.8481023240260827,0.5078953723829162,0.5234552272672988
CCGATATGACGTAAGG-1,0.6587049466166671,False,17.4928556845359,distal,0.7081638150439353,0.6120183048790305,0.7155227665384829,0.6496832562373441,0.919231073839087,0.44304185476230284,0.4430418547623028
CCGATCTCAACCTTAT-1,0.6045334033964698,False,12.165525060596439,distal,0.6376952943580598,0.45817310371732706,0.7279161790113136,0.5300284233405784,0.8715699129113538,0.5129205446878077,0.5285626706793736
CCGATCTTAAGAGGCT-1,0.6605520656682671,False,2.0,adjacent,0.7820459232012484,0.48821576969043945,0.7161218859722455,0.573932266993628,0.7855592416922594,0.48821576969043945,0.5035748123024498
CCGATTCGAGGGACCC-1,0.6511771403093924,False,1.4142135623730951,adjacent,0.8887449144513182,0.4977428523658251,0.7162333500529454,0.6021865537163983,0.9323471695456665,0.4893613727420783,0.5047133382695997
CCGATTGGTCAATGAA-1,0.5746132594485712,False,1.4142135623730951,adjacent,0.804510579798993,0.5932118374853703,0.7113358970071895,0.6009065745230268,0.9572916575002126,0.5322688513626485,0.49409240372290025
CCGCACAAAGACCAAC-1,0.5218549215372489,False,7.211102550927978,distal,0.8041158111798472,0.5112609683751633,0.7111338683609206,0.5210555648442291,0.9001795158352326,0.5112609683751633,0.5282282784372735
CCGCACACGAACGTGT-1,0.5765161105405212,False,7.0710678118654755,distal,0.7001941332738858,0.7128747205657421,0.6922267736721841,0.6114250682717495,0.8593983286254426,0.5370710955061397,0.5675910223644716
CCGCACGTGACCTCGG-1,0.8816132037165308,True,0.0,tumor,0.7855709747533858,0.47397623338101513,0.6588084489773169,0.5638559140983485,0.8249764605461154,0.632403846749274,0.6248596746841188
CCGCACTTGCAATGAC-1,0.5358277402249981,False,2.0,adjacent,0.9824304742796635,0.5749905565153852,0.7303614222816698,0.6373051700756097,0.8020031268607901,0.5201626137088435,0.4653346709023017
CCGCATGTGGTACGAT-1,0.48846346764755044,False,5.0990195135927845,distal,0.6547400100317672,0.5438889817756228,0.6131708744357132,0.5558119229411654,0.7259919569865979,0.48846346764755055,0.48846346764755044
CCGCCACCACAATCCA-1,0.6695090007245167,False,2.8284271247461903,mid,0.8958786156161177,0.5066073430059386,0.711071169815527,0.5213230786379089,0.9007691021568299,0.5066073430059386,0.4521819093797025
CCGCCGGAACTTCTCG-1,0.6655997961799668,False,1.4142135623730951,adjacent,0.9859787475152798,0.4913863035414615,0.6983921306359027,0.5432424901075628,0.9639927020359793,0.43769157888870314,0.4376915788887032
CCGCCGGTCAACACAC-1,0.8934920900311303,True,0.0,tumor,0.8925161158483345,0.439642200300953,0.717577885526389,0.6142748332683127,0.9000783181830182,0.5535492021029556,0.4396422003009529
CCGCCGTTGAGGATAA-1,0.5217832660567988,False,5.0990195135927845,distal,0.7228352746660721,0.6815037742976214,0.5873390737334894,0.5964572999684186,0.8748375704350326,0.4519032491779524,0.4519032491779523
CCGCCTGCGAATTGGT-1,0.7806705360626109,True,0.0,tumor,0.694848501736982,0.5849542068401791,0.7114125285626707,0.5648869568448234,0.8313900450842874,0.47853077956739554,0.4253190659310037
CCGCCTTGCGATGTCG-1,0.6060899196662446,False,1.4142135623730951,adjacent,0.6294887514165226,0.5138091611089437,0.7290586858384885,0.5607572126548886,0.8198989783437025,0.5138091611089437,0.5294265173047985
CCGCGATTTGGTAGGT-1,0.5033518841410498,False,2.8284271247461903,mid,0.8974066023890468,0.48800522642689503,0.8173173382377528,0.5778669490423378,0.9055899236471047,0.5417185284264368,0.5033518841410498
CCGCGCAAGATACCCA-1,0.8250292593211838,True,0.0,tumor,0.7244654368463097,0.4548291812963272,0.7136209106615394,0.5593137528098236,0.9273620851996234,0.4548291812963272,0.4548291812963273
CCGCGGAATGCGTCAC-1,0.6107435450354695,False,1.4142135623730951,adjacent,0.6360976425346933,0.46491668059967683,0.7303126567463635,0.6014416021103866,0.7707213192653931,0.46491668059967683,0.4649166805996768
CCGCGGGTACGAAGAA-1,0.8893718999052556,True,0.0,tumor,0.8556400824834197,0.39271582232625535,0.6575126790391796,0.5792992624793327,0.9089969112716585,0.494823112696378,0.45835622327847714
CCGCGTAGGTAAGGGC-1,0.8340618307179082,True,0.0,tumor,0.802731798844489,0.5680828797364493,0.5862313994315332,0.5974604766947186,0.8148669617531541,0.5620545307052579,0.45340801426740235
CCGCTATCAGCACCAG-1,0.46764755057682666,False,4.0,mid,0.6383547901688681,0.46764755057682655,0.7313158334726634,0.5360772074532315,0.79683764669993,0.46764755057682655,0.46764755057682666
CCGCTCCAGGGCGATC-1,0.48846346764755044,False,17.4928556845359,distal,0.4884634676475505,0.5438982704490144,0.616013208493563,0.48846346764755044,0.7260887547408901,0.48846346764755055,0.48846346764755044
CCGCTCCGGATAAGCT-1,0.6206320013375689,False,3.1622776601683795,mid,0.6444110052202344,0.5852793104088874,0.736143621467982,0.5760333649148228,0.7173564239976299,0.5301138791357818,0.5458754309280976
CCGCTCTTCCGAACTA-1,0.743533092889388,False,1.4142135623730951,adjacent,0.8875931189507514,0.5994259599843951,0.8343365100596333,0.7468037674859277,0.9527157636609498,0.5456816957402144,0.4381931672518532
CCGCTGGTGCCATTCA-1,0.6732191622678164,False,1.4142135623730951,adjacent,0.8840959334187891,0.4461071169815527,0.7060274201638521,0.5479258392316411,0.8639522229750938,0.6084917052146612,0.5852939068956458
CCGCTTACCTCACTCT-1,0.5948599135357202,False,1.4142135623730951,adjacent,0.8951540990915677,0.5007802485648999,0.7181421724349328,0.5484813019004626,0.9672588929270173,0.5007802485648999,0.4466087053447026
CCGCTTCGCGGTTAAC-1,0.8152482862397592,True,0.0,tumor,0.8890467963365474,0.44097976926935295,0.7175778855263891,0.546415500938156,0.9229636539098959,0.6025841089375615,0.5794977746992461
CCGCTTGCTGACATGG-1,0.8113271391151343,True,0.0,tumor,0.6991863122108901,0.6035377460724393,0.6974237864348214,0.6112374370692376,0.8899160206149884,0.4358524215571532,0.43585242155715326
CCGGAAGTGCAATATG-1,0.519661467663474,False,6.0,distal,0.8834782366382433,0.5041024974146526,0.7212074346541827,0.486302922216649,0.8735835995271577,0.4496461015437776,0.4496461015437775
CCGGAAGTTATCAGTC-1,0.5725909825558714,False,12.727922061357855,distal,0.8837058091363391,0.6637221572015085,0.7143036281558267,0.6472031804417694,0.9018676100047812,0.4883303299956034,0.5036504486429249
CCGGAATGGTTTCAGT-1,0.6292585250117436,False,1.4142135623730951,adjacent,0.8441221274777536,0.3919077077411804,0.6786908543721786,0.5030987014434598,0.8731817421835814,0.6074142191012278,0.5239050644501237
CCGGAGCGTACTTTCT-1,0.5493109131296724,False,10.770329614269007,distal,0.47826450426350103,0.5887811402775456,0.6086078136320571,0.5461851418380428,0.7732409941422693,0.5335228222705233,0.5493109131296724
CCGGAGGTCTTATGGT-1,0.6550107085134673,False,1.4142135623730951,adjacent,0.7000919578665775,0.5505489605974474,0.6788859165134035,0.5758457337123113,0.8608048293279595,0.5441304872838062,0.5056289360753496
CCGGCACGACCGTTTC-1,0.6905080373563904,False,8.246211251235321,distal,0.7331271247840384,0.5256491234588543,0.6022613275372012,0.5736758996080179,0.829825148056565,0.5256491234588543,0.541353173939698
CCGGCCGCGAGCATAT-1,0.6383746944689931,False,2.0,adjacent,0.5781595422541752,0.49487265228780025,0.6210708911553252,0.4948726522878004,0.6271922491398199,0.49487265228780025,0.49487265228780025
CCGGCGCATATTGGAT-1,0.8293325690082085,True,0.0,tumor,0.8027271545077932,0.42952683497742855,0.7077202808894834,0.5788125359936094,0.9205862423991761,0.5896728529231455,0.5667948503594716
CCGGCGTGAGACTCTG-1,0.8288827318253835,True,0.0,tumor,0.9062587081313046,0.45886975422170206,0.5929331772836204,0.560424678147467,0.9071313545525743,0.5177568473004018,0.458869754221702
CCGGGACCCGCAGAGA-1,0.6763202522272912,False,1.4142135623730951,adjacent,0.981719890765201,0.5460811086960562,0.6994022738672463,0.5764773635029445,0.9585705611629808,0.6061695368667448,0.5848759165930207
CCGGGCGGTCTCGTCA-1,0.6654365809189418,False,5.830951894845301,distal,0.7981571271990934,0.5640732690557134,0.7268154712144012,0.5566887737093389,0.8709993928140868,0.45491277935685226,0.4549127793568522
CCGGGCTAAGAATTTC-1,0.6036018821506198,False,2.8284271247461903,mid,0.7991928142822643,0.45636181240595225,0.7265577105277824,0.59675639525163,0.9307778726200219,0.5109606346021662,0.45636181240595214
CCGGGCTGCTCCATAC-1,0.47896115476787593,False,11.40175425099138,distal,0.7308374667929926,0.47896115476787604,0.7331689238143009,0.5452302662133793,0.6929355238958457,0.5341854143057955,0.5499637741737724
CCGGGTTCGAGGTTAC-1,0.5361024195667232,False,3.1622776601683795,mid,0.8095264634304927,0.459204146463802,0.7278604469709636,0.5280090657452301,0.8765139315434548,0.459204146463802,0.4592041464638021
CCGGTAATGGCTAGTC-1,0.4628824611269019,False,4.47213595499958,mid,0.722370840996489,0.627199093425477,0.7288078916569136,0.6329896524178419,0.9017913451074603,0.46288246112690185,0.4628824611269019
CCGGTATCTGGCGACT-1,0.49908042133422503,False,14.0,distal,0.49908042133422503,0.4990804213342251,0.49908042133422503,0.49908042133422525,0.4990804213342251,0.4990804213342251,0.49908042133422503
CCGGTGCGAGTGATAG-1,0.7572590982555871,True,0.0,tumor,0.7985100967879767,0.5187042919863518,0.719138382656189,0.5982630180757585,0.8220211957749247,0.4638856378532018,0.46388563785320175
CCGGTTTGTAATTGTG-1,0.7534255300515122,True,0.0,tumor,0.8098190566423303,0.459900796968177,0.7285292314551636,0.5312545282282785,0.8528175479662206,0.5146761039588327,0.5303261916704485
CCGTAAGTTGGTCCCA-1,0.7367815542869883,False,6.324555320336759,distal,0.7203273328503222,0.45028702000780246,0.7244259599843951,0.5195229337346041,0.7658095665513894,0.5591440797092027,0.5902460967667454
CCGTACCCAAGCGCCA-1,0.7465306804882126,False,1.4142135623730951,adjacent,0.8165533448512883,0.5130010465238688,0.7157247951847517,0.5600326961303386,0.8993787344133616,0.5676896592295355,0.5286263644397736
CCGTAGGAAATCCCTG-1,0.6879602869403907,False,5.656854249492381,distal,0.814393728287726,0.5305040034182319,0.6060650392910885,0.6457188504337811,0.8520167665443493,0.47539430418547624,0.47539430418547635
CCGTAGGGTTGTTTAC-1,0.5319503825606483,False,4.0,mid,0.8104599751063551,0.5163047180268381,0.7183929666165079,0.5989968232737,0.9329088898470888,0.4615448921585019,0.4615448921585018
CCGTATCTCGTCGTAG-1,0.678243007619366,False,2.8284271247461903,mid,0.6326329673596017,0.5073132821837052,0.7113916290475394,0.6228018354418622,0.8480055262717904,0.4528785598840774,0.4528785598840774
CCGTATTAGCGCAGTT-1,0.8815614525362061,True,0.0,tumor,0.5215497222686656,0.5410280703709897,0.5686618737111966,0.5712831373423248,0.7663360876694327,0.4877761058165673,0.42732541938360363
CCGTCAACCTCTGGCG-1,0.6036775184910949,False,1.4142135623730951,adjacent,0.8882572590982555,0.45661260658752717,0.7148609485593267,0.5581953965334672,0.8517982382808719,0.5111402156210717,0.5267195324877987
CCGTGAGGCATTCATG-1,0.6711172681746165,False,4.47213595499958,mid,0.7990302624979101,0.6184584517639191,0.7130775232681269,0.5929350350182987,0.8658031133677698,0.45488491333667724,0.45488491333667724
CCGTGCCCATGACGGC-1,0.7502368611714875,False,1.4142135623730951,adjacent,0.9693195117873267,0.4856489996098757,0.8348798974530457,0.6025339501012466,0.9221130069782381,0.539207490386223,0.5698123422584215
CCGTGGAACGATCCAA-1,0.580043152522671,False,1.4142135623730951,adjacent,0.6714967768303332,0.5368698409159871,0.7077760129298334,0.5914711400917722,0.8559473420216651,0.47401648429904575,0.4891800224520506
CCGTGTTAAATTCCAT-1,0.8070198485680846,True,0.0,tumor,0.9046471232978505,0.4424566683386279,0.7185880287577329,0.5809433576696575,0.9571977930112022,0.4964579192133113,0.5118868480346495
CCGTTACGTTAGAACA-1,0.6650424757764668,False,6.324555320336759,distal,0.7924678147466979,0.4485035947166025,0.7231719890765201,0.5830500287948875,0.8016218023741848,0.5625499266194801,0.5951345928774453
CCGTTCCGAATCTCGG-1,0.5317075500991234,False,4.0,mid,0.7901967341024355,0.5708725779784131,0.5958242768767765,0.562904753943042,0.9268868962240076,0.5708725779784131,0.5317075500991234
CCGTTTCCTTTCCGTG-1,0.481887086886251,False,10.295630140987,distal,0.6480335878429843,0.48188708688625087,0.7359555258318008,0.516301621802374,0.721974850183476,0.5372692538718288,0.5530927301534224
CCTAAACAGGGTCCGT-1,0.6720647128605665,False,1.4142135623730951,adjacent,0.8887031154210555,0.4543833249735273,0.7120116479964331,0.5262219249846737,0.9021668030635022,0.568036436369491,0.600508753911195
CCTAAAGGCTGACGCT-1,0.6683903790574917,False,2.0,adjacent,0.7085864496832563,0.49689758308718346,0.7208939419272139,0.6095078860837096,0.8336457260858214,0.44287465864125286,0.44287465864125286
CCTAAATTAACGGTTC-1,0.540620695695098,False,8.246211251235321,distal,0.4698489661706516,0.4698489661706515,0.7346040238533134,0.5051329209162349,0.7164617780867485,0.5248936446896655,0.540620695695098
CCTAAATTGTATCCTA-1,0.6774627590544661,False,12.649110640673518,distal,0.7298993107804344,0.5796751441292487,0.5992030318229951,0.6026101172230581,0.8491128339155866,0.5242372451033209,0.540939164497098
CCTAACCCAAACAAGT-1,0.6015915478379948,False,8.48528137423857,distal,0.8732606959074105,0.50039012428245,0.7226355681881513,0.5844154637834625,0.9247280129767654,0.50039012428245,0.5158756697796992
CCTAACTAAGGCTCTA-1,0.5871450068072707,False,1.4142135623730951,adjacent,0.7824964238607443,0.4928570101618088,0.7165468427799142,0.5446023518921027,0.8044157375548886,0.4928570101618088,0.5082363993917246
CCTAAGTGTCTAACCG-1,0.8198899690289089,True,0.0,tumor,0.9633933381634434,0.5006285335661694,0.7062503483252522,0.6205261104609041,0.8181800848886972,0.6088911181705029,0.6552893687152171
CCTACAAGTCCGGAAT-1,0.7885486580520855,True,0.0,tumor,0.7197328577532557,0.668967161443336,0.6928607256311653,0.6286778502294303,0.8738607930962667,0.6069219194114697,0.6695806562049665
CCTACAGTTGAGGGAG-1,0.49949841163685,False,14.142135623730951,distal,0.49949841163685,0.49949841163685005,0.49949841163685005,0.49949841163685,0.5258127344778935,0.49949841163685005,0.49949841163685
CCTACATTCACAGACG-1,0.6726419375641914,False,1.4142135623730951,adjacent,0.8143287075739843,0.44822493451485257,0.8251546564119713,0.5926173623883036,0.9385319593918754,0.44822493451485257,0.4482249345148527
CCTACGCGACCTTACA-1,0.5962173868042451,False,4.242640687119285,mid,0.8951215887346967,0.5104095066475939,0.7264950119823886,0.5930149176094671,0.8786405488725995,0.5650145212927357,0.5962173868042452
CCTACGGCTCAGTCGA-1,0.8666292465824316,True,0.0,tumor,0.8808448977317059,0.41509223652677923,0.7060343866688958,0.48577161009864567,0.9214500890246015,0.46792001832964875,0.48301367027332576
CCTACTCAACACGATT-1,0.5427902644087228,False,7.211102550927978,distal,0.7240149361868138,0.5270702904877792,0.5958451763919077,0.574985602556243,0.7747897582109429,0.47205038176447645,0.4720503817644764
CCTACTGCGGCGGCCA-1,0.7083223859682647,False,3.1622776601683795,mid,0.8734882684055064,0.49563741973038083,0.6949506771442903,0.5623845882331087,0.9328252917865638,0.608247103482014,0.6037730591316948
CCTACTGCTTACACTT-1,0.6627295961019418,False,1.4142135623730951,adjacent,0.9837633989113675,0.4886616260132394,0.8352003566850582,0.6485017369819243,0.9656969291645767,0.5421953469938756,0.5039569748648497
CCTAGGCGTAGCGATC-1,0.5184910948161241,False,12.727922061357855,distal,0.7923842166861729,0.44869865685782756,0.7234436827732263,0.5209608203756341,0.7869496094357277,0.5029816641587249,0.44869865685782756
CCTAGGTAAAGGTAGC-1,0.7578562272593371,True,0.0,tumor,0.8930595032417471,0.49946744939221116,0.7177659811625704,0.5472254732579093,0.9526585649879589,0.4453547344368277,0.44535473443682777
CCTAGTTAGTCGCATG-1,0.7339869905494384,False,1.4142135623730951,adjacent,0.9030959148414425,0.5001455225498028,0.7219180181686452,0.5837578257073325,0.9568590008711798,0.4459120548403277,0.4459120548403277
CCTATAATGAGTGCCC-1,0.7506946600743625,False,1.4142135623730951,adjacent,0.7074950305597354,0.530584505254293,0.7116493897341581,0.570023593230415,0.8806821015085782,0.4774501972294984,0.49263142809372534
CCTATACCGTCCTGTC-1,0.6067587041504446,False,1.4142135623730951,adjacent,0.6427576213565177,0.5205031983998712,0.7223987070166639,0.5011963811328467,0.8476198018872628,0.46561333110405173,0.4656133311040517
CCTATATCGTGTCACG-1,0.7577288397385372,True,0.0,tumor,0.8102788459752178,0.5249246069343043,0.72590285905367,0.540088056623753,0.7983218789324088,0.5799723816777821,0.6114282529597694
CCTATATTTGTCCTGG-1,0.5554493992882222,False,10.0,distal,0.48419996656077574,0.5396161920154564,0.7377180516078694,0.5517341953222241,0.7230190926237179,0.4841999665607758,0.48419996656077574
CCTATCTATATCGGAA-1,0.5304615409112984,False,1.4142135623730951,adjacent,0.723253264968697,0.507040814430883,0.7252898066098199,0.5869921417823106,0.9276011463200721,0.4525720336621524,0.45257203366215226
CCTATGAAGTGGTGCC-1,0.5477822628800725,False,7.615773105863909,distal,0.6424046517676346,0.5320118647321456,0.7370632001337568,0.5114046331902877,0.8021101910435678,0.5344640745075454,0.5509351040198723
CCTATGGCTCCTAGTG-1,0.7484693593203876,False,1.4142135623730951,adjacent,0.7221804231919596,0.5153541771164242,0.7263974809117761,0.597133515391332,0.8515855765479575,0.460708911553252,0.46070891155325194
CCTATGGGTTACCGTC-1,0.6038924849324447,False,2.0,adjacent,0.8919123520778762,0.5086632360499608,0.7230396254806888,0.5898772037377621,0.9562987472023982,0.5034491940527721,0.44906091512010254
CCTATGGTCAAAGCTG-1,0.4879340132642255,False,15.231546211727817,distal,0.5711326608333797,0.4879340132642256,0.7405185866354567,0.4879340132642255,0.5411507786352691,0.4879340132642256,0.4879340132642255
CCTATGTCCACTCCAC-1,0.622439311788919,False,7.0710678118654755,distal,0.8083653792565345,0.5287081932291763,0.7353982054283008,0.6095134592877446,0.8512629173669838,0.47361087889427633,0.47361087889427633
CCTATTATTCCGGCCG-1,0.6069856131718697,False,1.4142135623730951,adjacent,0.8101580932211262,0.459984395028702,0.7167140389009642,0.5940849727841868,0.9043080867190548,0.459984395028702,0.45998439502870203
CCTCAACGATCGCTGT-1,0.8838663704906808,True,0.0,tumor,0.9702716008099723,0.4093518363707295,0.6981065039291089,0.5842798491519441,0.9166146012079187,0.5745973360084712,0.4764930215523762
CCTCACCAATCTTGAC-1,0.8023025294384597,True,0.0,tumor,0.8909045310148804,0.6062624236006613,0.7173479908599455,0.5766185513384977,0.9254745289909273,0.492429731185792,0.5078064665090246
CCTCACCTGAGGGAGC-1,0.438053837150978,False,3.1622776601683795,mid,0.955107841498077,0.60006687844842,0.7180028423340579,0.5402626836835164,0.944454221995383,0.6126685120164471,0.5931242585648203
CCTCACCTTAGCATCG-1,0.4521819093797025,False,2.8284271247461903,mid,0.884323505916885,0.4521819093797024,0.7253385721451262,0.5575321852533022,0.8947735079212829,0.506594958108083,0.522141543459049
CCTCACGTCAGCTAAT-1,0.5337815781721484,False,11.40175425099138,distal,0.6347089858626392,0.6864639258887713,0.7272891935573762,0.6327462891749799,0.7618379253601317,0.5181129131137491,0.5337815781721483
CCTCATGCAGCTACGA-1,0.6087610767430195,False,2.0,adjacent,0.9005368853220382,0.46199074848130184,0.7298668004235636,0.5307027810288135,0.8504944018632101,0.5167443819007103,0.4619907484813019
CCTCCCGACAATCCCT-1,0.7589907723664621,True,0.0,tumor,0.9758819595385387,0.45020342194727747,0.7063060803656023,0.5520388638094708,0.9242322911441789,0.5045483537374525,0.5200754771060739
CCTCCGACAATTCAAG-1,0.8911194974562303,True,0.0,tumor,0.7463077523268127,0.3960597447472552,0.6600554533801483,0.5141429341061509,0.8362607320843489,0.5628192981478386,0.47844364296462605
CCTCCTAGCTAGAGTC-1,0.8371788441174831,True,0.0,tumor,0.8810864032398893,0.4997151473493222,0.7204759516245889,0.618809563618124,0.8935635359926315,0.4997151473493222,0.4456612606587527
CCTCCTGAGCCCACAT-1,0.5902819245069705,False,2.8284271247461903,mid,0.8931245239554887,0.552093976604928,0.7210402385331327,0.5817403258466626,0.9612823649158007,0.552093976604928,0.5134951154847494
CCTCCTGTTGTGTCGT-1,0.6131121567503443,False,4.242640687119285,mid,0.8975598655000092,0.5773932266993627,0.7316571922198072,0.6038715190696464,0.717460554915126,0.4676196845566516,0.4676196845566515
CCTCGAAGTGGACGGG-1,0.680659389654541,False,1.4142135623730951,adjacent,0.80114808003121,0.5711698155269465,0.7274703226885136,0.5264504263501087,0.9268355640815801,0.5122579526525355,0.45769938137435207
CCTCGACCCACTGCCT-1,0.6104330379535196,False,1.4142135623730951,adjacent,0.7249159375058055,0.4647494844786267,0.5982555871370451,0.5332980363744448,0.8801585136558167,0.4647494844786267,0.4647494844786268
CCTCGCCAGCAAATTA-1,0.7794523928949609,True,0.0,tumor,0.8484738709617492,0.5617418120344053,0.8131583347266343,0.5728622118189081,0.9546663850731998,0.6649451658647446,0.6750981281996162
CCTCGCGCGATATAGG-1,0.6023678155428698,False,1.4142135623730951,adjacent,0.7918268962826729,0.6244775121217188,0.7271568299615448,0.5930502145683554,0.7889163638070262,0.4559438221033272,0.4559438221033272
CCTCGCGCTGTGCGAT-1,0.48372624421780086,False,8.48528137423857,distal,0.5667391183191217,0.4837262442178008,0.736728807891657,0.5179884448903007,0.7791940560312335,0.4837262442178008,0.48372624421780086
CCTCGGACCGGGATAG-1,0.46580839324527673,False,12.806248474865697,distal,0.636213750952089,0.575773901304749,0.7326046369057572,0.5365304947147448,0.8183355479486211,0.5207911472750129,0.5365005055692232
CCTCGGATGCTACCTG-1,0.8307577168971585,True,0.0,tumor,0.7998476657563766,0.4241765591038288,0.8291394972969961,0.5380724144977614,0.8886136508299673,0.47724275019041784,0.42417655910382873
CCTCGGTTTCCTTGCC-1,0.47533857214512626,False,4.242640687119285,mid,0.5620669156031136,0.5305349656628707,0.7237223429749763,0.5764476397480912,0.6930777872620023,0.47533857214512626,0.47533857214512626
CCTCGTTACGCCTGTT-1,0.562348229711547,False,2.0,adjacent,0.5855533262739415,0.5338417333903039,0.7044599565290085,0.5884021624031655,0.8890507073569227,0.5250887068308905,0.5576707191821721
CCTCTAATCTGCCAAG-1,0.5892747669206455,False,3.1622776601683795,mid,0.8882804807817347,0.44086830518865294,0.7193125452822828,0.5821787512307494,0.951057002144217,0.44086830518865294,0.440868305188653
CCTCTACAAGGATTGG-1,0.6841068144361907,False,1.4142135623730951,adjacent,0.7204062865741515,0.576637747930174,0.7306609819985509,0.5681807204295082,0.8167794507167434,0.5217107259407877,0.4667837039514016
CCTCTATCGATTAGCA-1,0.6844929578586159,False,1.4142135623730951,adjacent,0.7266575637667428,0.5223516444048129,0.7312252689070948,0.5379107915807464,0.8775288413308813,0.632094224302885,0.6085779571818696
CCTCTCTCCCATCTAG-1,0.7477727088160127,False,1.4142135623730951,adjacent,0.9688132790874807,0.44585632279997767,0.7043833249735273,0.5509650931653941,0.8695166272142485,0.44585632279997767,0.4458563227999778
CCTCTGGCCTAGACGG-1,0.7480115604175126,False,1.4142135623730951,adjacent,0.8814718831856435,0.4158446190715042,0.6968594995262776,0.5310780434338368,0.9559438221033273,0.4158446190715042,0.4158446190715042
CCTCTGTACTATTCTA-1,0.49492838432815034,False,4.47213595499958,mid,0.5782245629679169,0.49492838432815023,0.6198726522878002,0.49492838432815034,0.5746428016203357,0.49492838432815023,0.49492838432815034
CCTGAACGATATATTC-1,0.5383476246208231,False,11.661903789690601,distal,0.5451011536532352,0.5725259618421297,0.730493785877501,0.5667223987070167,0.7875846613691896,0.46282672908655187,0.4628267290865518
CCTGAATATTTACATA-1,0.6444534677271677,False,1.4142135623730951,adjacent,0.9631936316855226,0.479713537312601,0.712185810622527,0.5746995114157796,0.9263369089837115,0.5936484051347786,0.5728656618975964
CCTGACAAACTCGCGC-1,0.6042109537344448,False,2.8284271247461903,mid,0.6400871277564139,0.576715153541771,0.7291074513737948,0.5671162384588232,0.8798813200867072,0.6825100472483854,0.6746801378969913
CCTGACCACCGATGGT-1,0.4670902301733265,False,2.0,adjacent,0.6440673243047427,0.4670902301733266,0.7325558713704508,0.5025581006520647,0.8219713302651379,0.5770185835392323,0.537758457337123
CCTGACGCAACCTTTA-1,0.6064362544884198,False,2.8284271247461903,mid,0.8074132902338889,0.6236601088632522,0.726432313436995,0.5612012112430104,0.8194839213063592,0.45959427074625203,0.4595942707462521
CCTGAGAATAAATGCA-1,0.6189918870072689,False,2.8284271247461903,mid,0.6476899069274925,0.528135391703357,0.7286894610711697,0.5411822623492913,0.7739728438300231,0.4729978264504264,0.4729978264504263
CCTGATTCGCGAAGAA-1,0.5285746132594485,False,9.899494936611665,distal,0.6318666518047893,0.5610885086725248,0.7251574430139888,0.557541473926694,0.8975938424895208,0.5610885086725248,0.5221733903392488
CCTGCCCGTTGTCTAG-1,0.8097029482249345,True,0.0,tumor,0.9848269520147133,0.5296122907726318,0.7078108454550521,0.5952887848557469,0.9565803406694299,0.42359137268015384,0.42359137268015384
CCTGCGATAGAACTGT-1,0.824105699795384,True,0.0,tumor,0.9047400100317673,0.45184751713760246,0.7244259599843951,0.586397666685244,0.8197361821205749,0.5063101054574052,0.5218708449773489
CCTGCGTTCTACGCTT-1,0.8841888201527058,True,0.0,tumor,0.8810074495160601,0.5950138401233536,0.6956612606587527,0.6375076631555482,0.8625677217621884,0.6014880454773449,0.5115922643927994
CCTGCTACAACCATAC-1,0.5705607439431214,False,8.246211251235321,distal,0.580699994426796,0.5274666072191568,0.7101724906648832,0.5282078433558121,0.9089690452514837,0.527466607219157,0.48944275921370045
CCTGCTATTTGAGAAG-1,0.9030780009713296,True,0.0,tumor,0.8793958646826061,0.4295763745688507,0.6873362871314719,0.5402626836835162,0.95916308074986,0.5411581117984728,0.44396143342807776
CCTGGAAACGTTCTGC-1,0.6036536333309448,False,5.0990195135927845,distal,0.7281669731928885,0.5762321425254044,0.5961935016440951,0.5642181723606234,0.9558866234303366,0.5175246304656103,0.5331844491683982
CCTGGCTAGACCCGCC-1,0.6715472010573164,False,1.4142135623730951,adjacent,0.882149956343235,0.44630217912277775,0.7225659031377138,0.5514982630180758,0.9250286726681275,0.5004892034652944,0.5159712104202991
CCTGGTCGAATGTGGG-1,0.46179568634007684,False,7.0710678118654755,distal,0.6383269241486931,0.5166205329221547,0.730800312099426,0.4974827695108584,0.8456501142506828,0.46179568634007695,0.46179568634007684
CCTGTAAGACATGATA-1,0.8934164536906553,True,0.0,tumor,0.954109309108473,0.4061193780304297,0.8078498578832971,0.5080347024837912,0.9179184376255805,0.4668920718076377,0.48425569860112566
CCTGTACTCACGCCCA-1,0.5286701539000486,False,3.1622776601683795,mid,0.6304083300822977,0.5130412974418994,0.7287521596165636,0.527249252261792,0.8473514081139983,0.4583402998383771,0.45834029983837704
CCTGTCACCCGGGCTC-1,0.7444725758552877,False,1.4142135623730951,adjacent,0.7150606550372475,0.4385832915343031,0.8385024800757956,0.5775827156365528,0.8710155257731355,0.49878937623461944,0.5159911147204241
CCTGTCCCTCACGTTA-1,0.5389885430848481,False,5.656854249492381,distal,0.8054858905051181,0.46380203979267676,0.720448085604414,0.5349867171970499,0.7386973955537566,0.46380203979267676,0.46380203979267687
CCTGTCGCCCGTAAAT-1,0.7348946266351382,False,2.0,adjacent,0.8023648962455182,0.4930334949562503,0.7189015214847015,0.5779821285923944,0.8991910054353406,0.4930334949562503,0.5084314615329496
CCTGTCGTGTATGAAG-1,0.7735965477981862,True,0.0,tumor,0.81555945679838,0.47623028479072615,0.6070264169871259,0.544202938936261,0.7994145202497968,0.5314297745329345,0.5472010573164227
CCTGTGAAACCGTAAC-1,0.5214568355347489,False,1.4142135623730951,adjacent,0.7177404373107432,0.44460235189210284,0.7210750710583514,0.5509260807371492,0.9311841298615207,0.5043780613919386,0.5214568355347489
CCTGTGCATAGGAGAC-1,0.9045230531604048,True,0.0,tumor,0.8940487469579596,0.44733322186925256,0.5817658696984896,0.5819019487636775,0.838406415637824,0.5016471914147888,0.5171654684277992
CCTGTGCGGATTGTAA-1,0.802115429017285,True,0.0,tumor,0.7891146036523063,0.5586208177748054,0.8407944602351891,0.6150197848743243,0.9052863306904612,0.44449088781140283,0.4444908878114027
CCTGTTCAACCTCGGG-1,0.5631444017165469,False,10.770329614269007,distal,0.8247134444258671,0.49180739006855034,0.6166471604525442,0.4918073900685504,0.6240653883496567,0.5472917324614365,0.5631444017165468
CCTGTTTGAAGACACG-1,0.6160261462886442,False,8.0,distal,0.7311811477084843,0.5293862663867679,0.7294418436158948,0.5423284846458228,0.8036325557247072,0.4742517973583013,0.4742517973583013
CCTTAAGTACGCAATT-1,0.44192721395530293,False,7.211102550927978,distal,0.6964229318768694,0.4419272139553029,0.7191314161511453,0.5150718014453176,0.8945564462904462,0.5499792552960918,0.44192721395530293
CCTTCAGTTAAAGTGA-1,0.481608426684501,False,7.0710678118654755,distal,0.647569154173401,0.48160842668450093,0.606078972301176,0.5148005721822808,0.8011862124798704,0.5922489116771009,0.5527344527511724
CCTTCCGCAACGCTGC-1,0.6858464502671157,False,1.4142135623730951,adjacent,0.7220457374277806,0.5236303851083988,0.599816084266845,0.5369169035278382,0.8525095551116546,0.5236303851083988,0.4686507273031265
CCTTCGTATAGAATCC-1,0.4867357743967008,False,18.439088914585774,distal,0.6552369540582216,0.6530494714744841,0.6114710472050382,0.5532612532278142,0.6705561764300402,0.4867357743967007,0.4867357743967008
CCTTCTCAGCGTTCCT-1,0.45360307640862724,False,2.0,adjacent,0.6258243697635103,0.5080532798305746,0.726230284790726,0.4899998142265321,0.843398833147071,0.4536030764086273,0.45360307640862724
CCTTCTTGATCCAGTG-1,0.8770909467281311,True,0.0,tumor,0.948211001504765,0.5208097246217961,0.7061946162849022,0.5175351576287873,0.9151039695879056,0.4764067695851678,0.49382966696125036
CCTTGACCACTTTATT-1,0.540095222171798,False,10.198039027185569,distal,0.8154108380241133,0.5793531367850043,0.6013974809117761,0.6056289360753498,0.769650677437617,0.4694309758680265,0.46943097586802646
CCTTGTGAACGTGGTT-1,0.5587375896688721,False,8.602325267042627,distal,0.4874324249010757,0.4874324249010756,0.7370005015883632,0.5539839120176855,0.7010269361750808,0.4874324249010756,0.4874324249010757
CCTTTAAGGGAGCACT-1,0.48261160341080084,False,5.656854249492381,distal,0.48261160341080084,0.5379720968251315,0.7364571141949506,0.5501625517843541,0.6962721131536415,0.4826116034108009,0.48261160341080084
CCTTTCAATGAAGAAA-1,0.6028932890661698,False,3.1622776601683795,mid,0.8086208177748054,0.5111804665391022,0.7275539207490387,0.5281818350703152,0.8799517184534652,0.5157164353786992,0.5326271287648983
CCTTTGAATTATGGCT-1,0.7546755200993623,True,0.0,tumor,0.6370404428839472,0.5220853691009184,0.7314899960987572,0.6014861877426667,0.7669256739910301,0.5769969099679851,0.4671738282338516
CGAAACATAGATGGCA-1,0.7345403300929133,False,1.4142135623730951,adjacent,0.9783666796708094,0.47801061385746224,0.7107367775734269,0.6079269538724479,0.9295092353857392,0.5387399604921759,0.5027866020174998
CGAAACGCAATTCATG-1,0.818791251662009,True,0.0,tumor,0.898846346764755,0.45354734436827726,0.7120813130468706,0.5552323097215255,0.9486473247154001,0.45354734436827726,0.4535473443682773
CGAACAGTATGGGCGT-1,0.5288691969012985,False,12.806248474865697,distal,0.6382247487413847,0.5722163393957408,0.7265159114975199,0.5955878801389587,0.7945555663108617,0.5132518407054438,0.5288691969012985
CGAACATAGTCAGAAA-1,0.6443977356868178,False,3.1622776601683795,mid,0.5964396514889744,0.4788899416052066,0.6873502201415593,0.5656430548589051,0.7634497546323593,0.4788899416052066,0.4941083271630003
CGAACCCGCATGCGTC-1,0.6120134393834444,False,3.1622776601683795,mid,0.8130004272789759,0.4655854650838767,0.7224962380872764,0.5713258652399265,0.8534320670427112,0.4655854650838767,0.4655854650838767
CGAACCTCTTTCCTAG-1,0.6834141447918408,False,4.242640687119285,mid,0.7196028163257724,0.5758296333450991,0.7308630106448197,0.5669899125006966,0.8722401640281946,0.4659198573259766,0.46591985732597674
CGAACGCCCAGTGCCG-1,0.7501930717112124,False,1.4142135623730951,adjacent,0.794074755243456,0.5456631183934311,0.7151814077913392,0.6341618829998699,0.9577140477007601,0.4320626428133534,0.4320626428133534
CGAACGGCCGGACAAC-1,0.9058884881489797,True,0.0,tumor,0.794887514165227,0.4263501086774787,0.7047664827509336,0.538627877166583,0.9190932103708526,0.4891817917231728,0.42635010867747875
CGAAGACGGTGAGTGC-1,0.8110524597734095,True,0.0,tumor,0.8003213880993516,0.6148575427124165,0.8288956696204648,0.6860558435044306,0.8675366731491829,0.4464693752438277,0.4464693752438276
CGAAGACTGCCCGGGA-1,0.6739556213724411,False,1.4142135623730951,adjacent,0.8879832432332014,0.5406224649662201,0.7149863456501143,0.6320254881197868,0.8924342288592237,0.5942614575786286,0.6402377369606931
CGAAGATCAGTTTCAT-1,0.4867636404168757,False,18.601075237738275,distal,0.48676364041687564,0.4867636404168756,0.6114153151646882,0.4867636404168757,0.6719069450922072,0.4867636404168756,0.4867636404168757
CGAAGCCACAGCATGG-1,0.7621436135062619,True,0.0,tumor,0.6338451392372141,0.5186609448438574,0.5977330992587638,0.6002452209775401,0.9219106116738092,0.4638856378532018,0.46388563785320175
CGAAGCTATAAATTCA-1,0.8520115285706323,True,0.0,tumor,0.6874825837373906,0.5371918482602315,0.6761550465362536,0.49655204443701345,0.7190049190858773,0.49701523961681127,0.45008001528650243
CGAAGGGTTTCAGATT-1,0.6853169958837908,False,1.4142135623730951,adjacent,0.8810399598729309,0.5175494002613213,0.7306261494733323,0.5313102602686285,0.9054564600767929,0.5175494002613213,0.5332083343285484
CGAAGTTGCTCTGTGT-1,0.6062849818074697,False,1.4142135623730951,adjacent,0.981492318267105,0.4602909212506269,0.7279997770718386,0.53152018428728,0.9065095023128796,0.5697548409469493,0.5306605839125484
CGAATCTGCTCGACGC-1,0.7532304679102874,True,0.0,tumor,0.8036374445001765,0.5148649736511298,0.7176475505768267,0.5969291645767151,0.9030467826479759,0.5694947580919826,0.5304734834913736
CGAATGAAGTCATTGC-1,0.8207458539342839,True,0.0,tumor,0.8827908748072599,0.49516679361186966,0.5758234408961712,0.6426814542347064,0.9630012583708059,0.6639141231182696,0.6500903655225675
CGAATGACGCATAATG-1,0.5272808337513238,False,14.212670403551895,distal,0.7031850861060024,0.4569191328094522,0.7031850861060023,0.49302234854818044,0.6461030104101585,0.4569191328094522,0.4569191328094523
CGAATGGTAGGTCGTC-1,0.6159186630679692,False,1.4142135623730951,adjacent,0.8098144123056344,0.4740567352170763,0.7223151089561389,0.5402589682141596,0.7980974841383679,0.5292252627146458,0.5449876991425227
CGAATTACATGGTGTT-1,0.5954888894196702,False,4.47213595499958,mid,0.7915853907744896,0.5073999764686941,0.8449325642311765,0.5534860391238923,0.9299301589536457,0.502086855288661,0.44786267625257764
CGAATTCCCGGTTCAA-1,0.6179250165205692,False,14.0,distal,0.7254128815322596,0.5855827404063484,0.6041980159393635,0.5754388898177561,0.8285037120472138,0.5275068581371875,0.4723847740065764
CGACAATTTGATCTAA-1,0.5441716228373978,False,16.97056274847714,distal,0.7167279719110516,0.4693752438276765,0.8491194337624701,0.5375689683999331,0.8509593244103402,0.5243425167350932,0.540047451851498
CGACACCGCTTAAGGA-1,0.661825940876267,False,1.4142135623730951,adjacent,0.6878727080198406,0.4983806746053862,0.7046410856601459,0.6153151646881792,0.7299709313410595,0.4442400936298278,0.44424009362982775
CGACACGCTCCGACAG-1,0.47659254305300125,False,14.142135623730951,distal,0.5636785004365678,0.5869729451906346,0.7367497074067882,0.6436456185327614,0.7445155272397681,0.4765925430530012,0.47659254305300125
CGACACGGATGCCCAC-1,0.6719094593195915,False,1.4142135623730951,adjacent,0.7747589589254863,0.5031581489531666,0.7085283954745583,0.553556633041669,0.7321356811188647,0.562748084985169,0.5186781952372991
CGACAGTTCGCGTTAT-1,0.9051480481843297,True,0.0,tumor,0.7941119099370227,0.4093518363707295,0.8207169926991027,0.5808151739768527,0.9557032943502378,0.470251475350957,0.4093518363707295
CGACATGCGATCTTCT-1,0.7454160396812128,False,1.4142135623730951,adjacent,0.9012892678667633,0.5507935623300947,0.7161915510226831,0.6095301788998496,0.8697674213958236,0.44267959650002786,0.44267959650002797
CGACCCTTAACGCCGG-1,0.8880701586770805,True,0.0,tumor,0.9648516598859351,0.5016719612104998,0.7209496739675639,0.5817960578870126,0.9292995069181063,0.5611287595905553,0.5239727390705488
CGACCGTTGGTATTCG-1,0.6215953694636189,False,3.1622776601683795,mid,0.7247115866911887,0.5272405828332931,0.6039541882628323,0.6065187909862715,0.9066913647603375,0.5302408243388013,0.5468507416342228
CGACCTACTAGACAAT-1,0.678290777939666,False,2.0,adjacent,0.7227145219119805,0.4531572200858273,0.7225032045923201,0.5605825855951252,0.897092254126371,0.6706979509186498,0.5930048327640703
CGACGCATCCGTACCT-1,0.8202920358914341,True,0.0,tumor,0.8626808969143026,0.4276598116257036,0.5694351557710527,0.5754147392669379,0.8796510587621034,0.540959953432784,0.4960111782549502
CGACTCAGGATGTTAT-1,0.578072626810296,False,5.0990195135927845,distal,0.6933112262906612,0.43947500417990304,0.7192080477066265,0.5451076557246094,0.827890659603364,0.5472731551146532,0.5087738154950995
CGACTCGGTACACGGT-1,0.742155715320738,False,1.4142135623730951,adjacent,0.6203115421055564,0.5022447627363192,0.7196330045142952,0.5887477010533355,0.8410419544933223,0.5618656610129608,0.517758616571524
CGACTTGCCGGGAAAT-1,0.6026783226248199,False,7.211102550927978,distal,0.7252317524011221,0.5656956906747912,0.7266273755782199,0.5909825558713705,0.8459801065948604,0.45647327648665226,0.4564732764866522
CGACTTTGTATAGCCT-1,0.5378500171176982,False,7.211102550927978,distal,0.9022134908692342,0.4624644708242769,0.7278116814356574,0.49764439242787356,0.931250128330356,0.5172212004681492,0.462464470824277
CGAGACCCTAGAGTGT-1,0.6210977619604939,False,2.8284271247461903,mid,0.5630050716156717,0.5310737087195874,0.7310093072507384,0.5439131323264412,0.8300920751971888,0.47589589254862624,0.47589589254862613
CGAGACTACTGCTGCT-1,0.5230651029848489,False,4.242640687119285,mid,0.8776170837281018,0.5667329258701939,0.589742517973583,0.594073826376117,0.9340792626944389,0.5075300178961774,0.5230651029848489
CGAGAGATGTGAACCT-1,0.676841744890566,False,2.0,adjacent,0.6245425328354605,0.5149671490584381,0.7289820542830072,0.5289899496553903,0.8720040361730275,0.5149671490584381,0.460179457169927
CGAGAGCGCGTAGATA-1,0.5394622654278229,False,1.4142135623730951,adjacent,0.8121737353471178,0.4630775232681269,0.7306122164632447,0.5645729996841851,0.9045955467166493,0.4630775232681269,0.46307752326812684
CGAGAGCTTTCACTAC-1,0.5377982659373731,False,3.1622776601683795,mid,0.8914154080514222,0.5221039464477016,0.7330713927436884,0.6365267792453881,0.84874764238803,0.4671738282338516,0.4671738282338516
CGAGAGGGTAGCCGCG-1,0.5437297473746228,False,7.615773105863909,distal,0.7352913856842965,0.5308229145380123,0.7284943989299448,0.5757937171413179,0.801906329106498,0.47288636236972637,0.47288636236972625
CGAGATGTTGCCTATA-1,0.7526612049267124,True,0.0,tumor,0.8930409258949638,0.4483921306359025,0.7227470322688514,0.5859406639543739,0.9018500104130917,0.4483921306359025,0.4483921306359026
CGAGATTTCGCTCGGG-1,0.539924045190723,False,2.8284271247461903,mid,0.6454931356703636,0.579195229337346,0.7254988017611325,0.5704713072878931,0.8181580853990854,0.5242155715320738,0.539924045190723
CGAGCACTTCAAGTTT-1,0.5951544971775702,False,1.4142135623730951,adjacent,0.8991528729866799,0.5640206332398273,0.725763528952795,0.5268405506325587,0.9304566800716889,0.5095363713487773,0.5251033033176487
CGAGCCGAGCACTCGA-1,0.679337744126241,False,1.4142135623730951,adjacent,0.8123920191718219,0.46271526500585186,0.7308839101599509,0.5666815285440933,0.7935890554005812,0.5724206902103576,0.5332401812087483
CGAGCGTTGATCAGCC-1,0.7396318500648881,False,1.4142135623730951,adjacent,0.8134973713054302,0.4522097753998774,0.7250320459232014,0.5540396440580356,0.9381213022524545,0.506650690148433,0.5222052372194489
CGAGCTGGGCTTTAGG-1,0.9686547081631515,True,0.0,tumor,0.7672304891415408,0.4557394712887105,0.6961767820319902,0.5637797469765368,0.8654144557179606,0.6734412057936552,0.6048996425187697
CGAGGAGCTTCCATAT-1,0.7340427225897883,False,1.4142135623730951,adjacent,0.5901001318991622,0.41634620743465417,0.703832971075071,0.5254416764197738,0.7685888354056851,0.5218407673682711,0.4841641388205508
CGAGGATCGGGAACGA-1,0.6747000421971162,False,2.8284271247461903,mid,0.7108900406843893,0.4575600512734771,0.715634230619183,0.5617436697690835,0.8469700836273933,0.566782465461616,0.5277744603944236
CGAGGCCAGGCATTGG-1,0.7486246128613626,False,1.4142135623730951,adjacent,0.808021698341043,0.45443905701387727,0.7230117594605139,0.49080235560757207,0.9207241058674105,0.508988339618669,0.4544390570138773
CGAGGCTAAATATGGC-1,0.522109696578849,False,2.8284271247461903,mid,0.8057599063701723,0.5575773901304749,0.7213188987348826,0.545395604599751,0.8651783278627935,0.49764686940744457,0.44351557710527784
CGAGGGACTGCGGTCG-1,0.5354216925024482,False,10.0,distal,0.8063311597837597,0.4648052165189768,0.7311765033717884,0.4999907113266085,0.792965736528246,0.4648052165189768,0.4648052165189767
CGAGGGTATCCAGGTG-1,0.5430330968702478,False,13.92838827718412,distal,0.641916996414572,0.5823750518617598,0.734415928217132,0.6064463393338163,0.8240202160643207,0.4722175778855264,0.4722175778855263
CGAGTACTAAAGAGGA-1,0.6764874483483412,False,1.4142135623730951,adjacent,0.9829367069795092,0.44326478292370286,0.7026765312378086,0.5127069051997994,0.9910946066051268,0.49727222624731404,0.5127029243397744
CGAGTGAAGGTACCAG-1,0.6777852087164912,False,2.8284271247461903,mid,0.8211373051700757,0.4664493117093016,0.5974823050771889,0.5676921362091066,0.9373351871569914,0.4664493117093016,0.4664493117093017
CGAGTGCTATAGTTCG-1,0.8893400530250555,True,0.0,tumor,0.8801482472273311,0.48346616136283416,0.8283174497018335,0.6380538371509782,0.8674736079456289,0.48346616136283416,0.43002842334057856
CGAGTTCTGTCCCACC-1,0.46023518921027706,False,6.0,distal,0.7129521261773394,0.5150104962009325,0.5947723346151703,0.5617176614835869,0.7063156134777673,0.460235189210277,0.46023518921027706
CGAGTTTATCGGACTG-1,0.6059784555855448,False,13.416407864998739,distal,0.7174014007319475,0.5196888913658684,0.730215125675751,0.5663136970777832,0.7669902058272247,0.4647773504988017,0.46477735049880176
CGATAACCAATTTGAG-1,0.7226335777581389,False,2.0,adjacent,0.7428059224581546,0.5160446351718714,0.7033522822270523,0.5953147931412435,0.903234511625997,0.5160446351718714,0.4785073367250261
CGATAATACTCAGGTT-1,0.5949474924562702,False,3.1622776601683795,mid,0.7949850452358395,0.6167028924928941,0.7082776012929833,0.6513013431421725,0.8682934555918301,0.5572553827862304,0.5882477050341955
CGATACCTCGCGGACA-1,0.9541842819722772,True,0.0,tumor,0.8739062587081312,0.5114343569451412,0.685942986122722,0.6155993980939642,0.9480592050264433,0.4629970214320658,0.39887421278493
CGATAGCGATACAGTG-1,0.7517376454009126,True,0.0,tumor,0.8842584852031433,0.5677268139231022,0.7251295769938138,0.6254862620520537,0.896765195047475,0.5131032219311771,0.5287099625002984
CGATAGTCGTACTGCA-1,0.5311741148557735,False,4.242640687119285,mid,0.8095450407772762,0.460681045533077,0.7294070110906761,0.5295008266919319,0.9035967698882721,0.5155089883396187,0.460681045533077
CGATATTAGCCGCAGG-1,0.8200332799898089,True,0.0,tumor,0.8834921696483309,0.43554589533522825,0.8359457727247395,0.509225510412603,0.867989862635187,0.4892622935592339,0.43554589533522836
CGATCATTAGAGGCAC-1,0.6090476986648196,False,2.8284271247461903,mid,0.619461628490219,0.5102825614445745,0.7244747255197013,0.5926322242657304,0.8139004508428739,0.45569302792175226,0.4556930279217522
CGATCCACCATTGTTG-1,0.4930613609764253,False,13.92838827718412,distal,0.576357539616192,0.49306136097642533,0.49306136097642533,0.49306136097642544,0.6253120260943279,0.49306136097642533,0.4930613609764253
CGATCCGACCCAGTGC-1,0.8000931521245851,True,0.0,tumor,0.9625898679150643,0.5558342157573055,0.8081842501253971,0.6402626836835164,0.9521173775435077,0.6202666468508301,0.5367592614708482
CGATCCTCGCAACATA-1,0.538821346963798,False,1.4142135623730951,adjacent,0.6439512158873469,0.5231102193984655,0.7321448475728696,0.6045718850433782,0.849611489013455,0.5231102193984655,0.538821346963798
CGATCGAGAAGCACCA-1,0.6271287648983686,False,22.360679774997898,distal,0.570292035891434,0.4847572869642758,0.609332330156607,0.5179772984822307,0.7249931801582205,0.4847572869642758,0.48475728696427567
CGATCTGTTGGAGGAC-1,0.8802796156081559,True,0.0,tumor,0.8267662412454252,0.5205929889093239,0.7053586356796522,0.592546768470527,0.881660345479985,0.5205929889093239,0.5505131328572224
CGATGGACCCTACGCC-1,0.600301749189895,False,2.0,adjacent,0.8005814709543183,0.5009567333593417,0.7226704007133701,0.5883575767708856,0.8669001545830806,0.5009567333593417,0.5164528944833242
CGATGTTGTTATCTAC-1,0.8275372011369336,True,0.0,tumor,0.9798435787400844,0.45722565903137713,0.7127361645209831,0.5614241394044103,0.9089074466805704,0.5663799562813107,0.5975668983527201
CGATTAAATATCTCCT-1,0.4897174385554255,False,5.830951894845301,distal,0.5728835757677088,0.6006056215051365,0.7442595998439503,0.5237195563729587,0.622094234080436,0.545161530030281,0.5610026990230969
CGATTCGCCTGGCTGC-1,0.458368165858552,False,3.1622776601683795,mid,0.807431867580672,0.5130196238706521,0.7289123892325697,0.5272362481190436,0.9560362199596968,0.4583681658585521,0.458368165858552
CGATTTGTCATTAATG-1,0.6150388930024443,False,4.242640687119285,mid,0.8084814876739305,0.47319288859165126,0.6048180348882572,0.5413197347154879,0.8004602293226797,0.47319288859165126,0.4731928885916514
CGCAAACACGAGTTAC-1,0.7175102109059642,False,2.8284271247461903,mid,0.8950751453677386,0.5265191625332071,0.7087025581006521,0.5226364970554905,0.9186356209869263,0.579641085660146,0.5568745471771722
CGCAATCGATCATTAG-1,0.6866067945318907,False,2.0,adjacent,0.8100048301101636,0.46957030596890154,0.7257635289527951,0.6035389845622247,0.797240970676147,0.5245840222432766,0.4695703059689015
CGCAATTACTTTCGGT-1,0.718465617311964,False,2.0,adjacent,0.76803395938992,0.4583805507564076,0.6714038900964164,0.5505192368425942,0.896269473214888,0.5718695622557853,0.5520616874069475
CGCAATTAGGGTAATA-1,0.6602176734261669,False,2.0,adjacent,0.877867877909677,0.4420665440561779,0.719751435100039,0.5482342231882441,0.9200274553630358,0.4420665440561779,0.4420665440561779
CGCAATTCTACAATAA-1,0.738509247537838,False,1.4142135623730951,adjacent,0.9895037990674171,0.4796887675168899,0.6808574374407848,0.4938304631332553,0.9302205522165219,0.5222030256305462,0.5523602519088223
CGCACATGTCCACTAC-1,0.5266200109871737,False,14.422205101855956,distal,0.7844377565996025,0.5109946930712689,0.7152023073064705,0.4918909881290752,0.8079107231378897,0.5109946930712689,0.5266200109871737
CGCACGTCTGTTTATG-1,0.5419901115436978,False,1.4142135623730951,adjacent,0.6380807743038138,0.4668115699715767,0.7327927325419383,0.5657470880008918,0.8712824529137592,0.4668115699715767,0.4668115699715766
CGCACGTGCGCTATCA-1,0.47099147299782645,False,14.0,distal,0.6407884225974846,0.5811365620762043,0.7334824165412696,0.5737855059540398,0.8218026675114471,0.5260640175370154,0.5417990302624979
CGCAGAAACATTTGCG-1,0.5997125819061949,False,2.0,adjacent,0.9790958405320552,0.4515688569358524,0.7220782477846515,0.5534228761448289,0.9336026070861821,0.4515688569358524,0.4515688569358524
CGCAGATCTTCACCCG-1,0.6432194011194179,False,2.0,adjacent,0.7591028999238328,0.571931486745063,0.5597238477400658,0.5590165152612904,0.8272233417518048,0.527602841095568,0.4813854985231009
CGCAGGCGATCCAAAC-1,0.46268739898567685,False,11.045361017187261,distal,0.7162449608946849,0.5219893861425378,0.7286476620409074,0.6026992884876183,0.9037668992746034,0.5722318205180603,0.6035302266701699
CGCAGTTCTATCTTTC-1,0.5438571348954228,False,9.055385138137417,distal,0.6476295305504468,0.5280982370097902,0.7287103605863011,0.539129465529733,0.7434727514321667,0.5280982370097902,0.5438571348954228
CGCATCATGGCTTCAG-1,0.5788608370952462,False,1.4142135623730951,adjacent,0.7782375671106653,0.4925504839398837,0.7155088335283956,0.5704285793902915,0.9515937896907459,0.5393592053849535,0.43200691077300346
CGCATCCATCAGCCAG-1,0.7468133215499877,False,2.0,adjacent,0.7974326106745435,0.5594196436864887,0.7216881235022015,0.6232161102751305,0.8945740458821355,0.44560552861840275,0.4456055286184028
CGCATGCCGAATGCGT-1,0.5443706658386479,False,5.656854249492381,distal,0.8993479351279051,0.5244137298977627,0.7172434932842893,0.6038232179680099,0.824498338305218,0.5244137298977627,0.46931951178732667
CGCATGGTGCGATGCT-1,0.540190762812398,False,6.0,distal,0.6361858849319141,0.5198158365688879,0.7316293261996321,0.5005889018930315,0.8445164072193524,0.46497241264002676,0.46497241264002664
CGCATTAGCTAATAGG-1,0.5918225173366455,False,1.4142135623730951,adjacent,0.807854502219993,0.48757794745087846,0.8369768154712145,0.5408850248007581,0.8882455260371294,0.4339853982054283,0.43398539820542836
CGCCAAGAAGCCGAGT-1,0.6548833209926672,False,2.0,adjacent,0.6196474019580525,0.550675905800467,0.7176127180516079,0.5385981534117298,0.8944611151687948,0.4902561816121422,0.43635400992030327
CGCCAATTATTGCGTT-1,0.6792899738059409,False,1.4142135623730951,adjacent,0.8134648609485593,0.4553307696594772,0.5909686228612829,0.527143361385127,0.9094471674923807,0.5644664895626273,0.5254894467400737
CGCCACAGGTCGCGAT-1,0.8940852381748554,True,0.0,tumor,0.78668097122369,0.4669230340522766,0.6974307529398651,0.49189284586375376,0.7993499884136022,0.4669230340522766,0.41447918408292933
CGCCACCCGCATTAAC-1,0.7509255499558124,False,1.4142135623730951,adjacent,0.8830602463356184,0.44697096360697763,0.8287493730145461,0.6530253209236657,0.8474848716843103,0.5554255141280723,0.5166917460848242
CGCCAGTAGTACCTTG-1,0.5475712772987475,False,1.4142135623730951,adjacent,0.7260863103531553,0.4729978264504264,0.6046647717772947,0.574233220011518,0.82045189884928,0.4729978264504264,0.4729978264504263
CGCCATCCGATTATGA-1,0.701101105882915,False,3.1622776601683795,mid,0.7604636905757118,0.4710750710583514,0.7082288357576771,0.4934236192387003,0.9087549168859282,0.5240762414311989,0.5543626245013973
CGCCCAGCACGCCTAG-1,0.48860279774842563,False,7.0710678118654755,distal,0.4886027977484256,0.5440561778966728,0.6163685002507943,0.48860279774842563,0.6731154503882177,0.4886027977484255,0.48860279774842563
CGCCCAGCGTTTCACG-1,0.46330045142952686,False,4.47213595499958,mid,0.8112123576510802,0.6277657025023686,0.7313994315331884,0.5976629697746568,0.8268361507346362,0.4633004514295268,0.46330045142952686
CGCCCGCTTCCGTACA-1,0.7329599286629883,False,1.4142135623730951,adjacent,0.888187594047818,0.5988129075405451,0.836990748481302,0.6039049582938566,0.8623653264577594,0.4372735885860781,0.437273588586078
CGCCCTAATTGTTCAA-1,0.681371963599016,False,1.4142135623730951,adjacent,0.7175685968529973,0.518701195761888,0.7211517026138327,0.5679577922681084,0.8525682204172862,0.4638856378532018,0.46388563785320175
CGCCCTTACATCCACC-1,0.5504892476970725,False,3.1622776601683795,mid,0.7281251741626261,0.5368667446915231,0.7388535919300006,0.5803971836742277,0.8266689546135864,0.4794348771108511,0.47943487711085103
CGCCCTTGAAGGCTGA-1,0.8233572981106837,True,0.0,tumor,0.8170549332144383,0.45814523769715204,0.8393175611659143,0.5599472403351353,0.8736437314654301,0.45814523769715204,0.45814523769715215
CGCCGACTATTCGCTA-1,0.5890757239193957,False,2.0,adjacent,0.7932062642813354,0.5580108615554193,0.7228793958646826,0.5869531293540657,0.8478940621910904,0.503647352418461,0.4492838432815026
CGCCGCCCATGCCTGT-1,0.5492750853894476,False,12.649110640673518,distal,0.7301919039922719,0.5910166143404733,0.7319219194114697,0.5461052592468744,0.7745330974988045,0.4782923702836761,0.4782923702836762
CGCCGCGTTCTGAACG-1,0.49083207936242534,False,7.211102550927978,distal,0.5755958683980754,0.546331902877631,0.6157066822716379,0.49083207936242534,0.597454805715174,0.49083207936242546,0.49083207936242534
CGCCGGTGTCGCAGTA-1,0.7148589581293143,False,3.1622776601683795,mid,0.851153653235245,0.5455980976796895,0.8344270746252019,0.5493340021178176,0.9137796003132725,0.6056865258503782,0.5843862708099458
CGCCGTCTACCCATCG-1,0.5165922245841993,False,4.47213595499958,mid,0.8017843541585391,0.6148513502634887,0.7052123390737335,0.6210815731297256,0.8947427086358265,0.5553016651495167,0.5165922245841992
CGCCGTTCAGCATAGT-1,0.4673131583347266,False,5.830951894845301,distal,0.7198954095376098,0.5222928161399989,0.7240706682271638,0.6677200022292819,0.856275867733202,0.5772724739452711,0.538001289798648
CGCCTCCCTCCTCTAT-1,0.5436302258739978,False,8.94427190999916,distal,0.7258308718348845,0.4726913002285013,0.6044070110906761,0.5057961321963995,0.7738041810763324,0.4726913002285013,0.47269130022850137
CGCCTGGCCTACGTAA-1,0.5307601054131735,False,1.4142135623730951,adjacent,0.8890793066934181,0.4529900239647773,0.8584127514908321,0.5221534860391239,0.8459287744524326,0.5074897669781469,0.4529900239647774
CGCCTTTAGCATGCTC-1,0.600110667908695,False,5.0990195135927845,distal,0.7211633134555724,0.5730275502052797,0.7241403332776013,0.5635921157740251,0.9024894622444759,0.45959427074625203,0.4595942707462521
CGCGAAGTGGCATACT-1,0.6738123104115414,False,3.1622776601683795,mid,0.5448642924817478,0.5153355997696409,0.7277141503650449,0.560591874268517,0.8391969306312093,0.4562782143454272,0.45627821434542726
CGCGACACTGCGCAGC-1,0.961146806156002,True,0.0,tumor,0.9470638503408942,0.45890071646634095,0.8079195229337346,0.5763881922383846,0.9216979499408946,0.6669050759503861,0.6074752589549446
CGCGACCGCGACAGAT-1,0.5343349177156232,False,2.0,adjacent,0.8023556075721267,0.5131279917268883,0.7281878727080199,0.5652938007393785,0.8734090702429036,0.4584517639190771,0.4584517639190771
CGCGAGAGGGACTTGT-1,0.7158939817358142,False,1.4142135623730951,adjacent,0.6803256608891118,0.5285286122102708,0.6518419439335674,0.5239090453101487,0.7520760185030373,0.4758680265284512,0.41486930836537933
CGCGAGTCTGCCGGGT-1,0.739970223167013,False,1.4142135623730951,adjacent,0.8912064129001096,0.5434740876974617,0.7122554756729643,0.5741737725018113,0.9574397873969325,0.48970505365757,0.5050676348118247
CGCGCAAATGTCCAGA-1,0.7357027412202132,False,1.4142135623730951,adjacent,0.9889650560107007,0.440088056623753,0.7174106894053391,0.513351539133181,0.9579252428010335,0.5479667093945643,0.578789181614796
CGCGCAAGGAACTACA-1,0.8300690281128335,True,0.0,tumor,0.8131072470229802,0.5078055818734635,0.5893454271860893,0.5905311263445355,0.8783017567325772,0.5622588815198746,0.5933750527463953
CGCGCATGTTTGATTG-1,0.6089441963041695,False,5.0990195135927845,distal,0.6344442586709765,0.5178063868918241,0.7284595664047261,0.5314495903695035,0.848496848206455,0.4629660591874269,0.4629660591874268
CGCGCCCGACTTAATA-1,0.7375896688720631,False,2.8284271247461903,mid,0.8843281502535807,0.45023128796745243,0.7227679317839827,0.5193705994909805,0.9008732330743259,0.45023128796745243,0.45023128796745254
CGCGGCAGTATTACGG-1,0.7404718115301631,False,1.4142135623730951,adjacent,0.970531683664939,0.5072451652454997,0.7109945382600458,0.5902524661427855,0.9327431603586798,0.45273922978320236,0.4527392297832024
CGCGGCTCAACTTGAA-1,0.4682048709803266,False,18.110770276274835,distal,0.8148860279774842,0.578226111080149,0.7246837206710138,0.5362183952887848,0.7447985873394403,0.5232154910302378,0.5389328110444981
CGCGGGAATTAGGCAG-1,0.5051751180324998,False,1.4142135623730951,adjacent,0.7026881420795482,0.5975682253060618,0.7168812350220142,0.607453231529473,0.8066582188626557,0.4358802875773282,0.4358802875773282
CGCGGGAATTCCTTTC-1,0.5484311430641476,False,9.055385138137417,distal,0.6431384569655763,0.5326465907472427,0.7384077356072006,0.5451578145609244,0.8001317036111428,0.5350833194003232,0.5515640799038225
CGCGGTAAGTCTAGCT-1,0.6561611770606922,False,4.47213595499958,mid,0.6199585725166733,0.5013499538662555,0.7071350944658084,0.5489513087740809,0.8934036730347855,0.5013499538662555,0.5168310761856992
CGCGGTACGGTATACA-1,0.5399320069107729,False,7.0710678118654755,distal,0.8866038752345391,0.5195836197340963,0.7216741904921139,0.5709506028349032,0.906299773845247,0.5743620229492158,0.5352345920812732
CGCGGTCACAAACCAA-1,0.7807023829428111,True,0.0,tumor,0.6616693603819502,0.5039724559871692,0.6661511452934291,0.5493135670363558,0.7567267106069807,0.6169351093276858,0.6122323866848193
CGCGTACATTCTGGAA-1,0.596902094728545,False,2.0,adjacent,0.8068884801872597,0.5657204604705022,0.8495234910550076,0.5909398279737688,0.842200594279546,0.5657204604705022,0.5267434176479486
CGCGTCATATTAAACC-1,0.619346183549494,False,3.1622776601683795,mid,0.7359926805253673,0.47352728083375134,0.6047623028479072,0.574628917498003,0.7741708392365299,0.5286153064952598,0.5443547423985476
CGCGTGCTATCAACGA-1,0.8409646420012579,True,0.0,tumor,0.7205734826952015,0.568590660548527,0.594166248676364,0.5279459027661668,0.7656981024706894,0.459232012483977,0.45923201248397705
CGCGTGGGCCTGTGTT-1,0.7453961353810878,False,1.4142135623730951,adjacent,0.8097819019487636,0.4497854316446525,0.723144123056345,0.522666220810344,0.9250770715452736,0.4497854316446525,0.44978543164465246
CGCGTTCATGAAATAC-1,0.8999490449916802,True,0.0,tumor,0.9483317542588569,0.5087220643147745,0.8283174497018335,0.5864496832562373,0.9312882607790167,0.7004124170985899,0.6565831482233422
CGCTACCGCCCTATGA-1,0.8851083988184806,True,0.0,tumor,0.8068188151368222,0.440728975087778,0.7019171821880399,0.5502387189061657,0.9224693987099499,0.5009257711147027,0.44072897508777803
CGCTACGGGACATTTA-1,0.8733847660448564,True,0.0,tumor,0.9768619145813595,0.574105036318713,0.7031920526110461,0.6948317821248771,0.953264284268605,0.6349489432585904,0.5515202904435474
CGCTAGAGACCGCTGC-1,0.5436819770543228,False,14.142135623730951,distal,0.7308467554663842,0.47285849634955135,0.6043791450705011,0.5754556094298613,0.7754776089194731,0.5279434257865958,0.5436819770543228
CGCTATACCGCCCACT-1,0.60138056225667,False,1.4142135623730951,adjacent,0.9057849857883298,0.5085610606426524,0.7236317784094076,0.4904308086719055,0.8539849875482889,0.5630731885538774,0.5241359543315739
CGCTATCGTGGCTTTA-1,0.6482233421708425,False,1.4142135623730951,adjacent,0.7539337531813706,0.5787400843411544,0.7081731037173271,0.5855189581823924,0.8286503753112927,0.5256769894790293,0.48777477886322557
CGCTATTCAATGTATG-1,0.6777294766761411,False,1.4142135623730951,adjacent,0.7219621393672556,0.460095859109402,0.8408432257704955,0.5289063515948653,0.7944221027405497,0.460095859109402,0.4600958591094021
CGCTATTCTTAGGCTC-1,0.7605313651961371,True,0.0,tumor,0.7208985862639098,0.5186206939258269,0.7291980159393635,0.6319065931003734,0.9060079139497296,0.459817198907652,0.45981719890765194
CGCTCGACATAATGAT-1,0.7385530369981133,False,1.4142135623730951,adjacent,0.9841581675305133,0.4916866373144587,0.7181979044752828,0.5446450797897044,0.8996867272679273,0.49168663731445883,0.4378866410299281
CGCTCTCCGTAGATTA-1,0.8109887660130095,True,0.0,tumor,0.9025943264782924,0.4925380990420281,0.7185671292426016,0.5454569098441361,0.9314143911861245,0.7076885445887284,0.7153724890725393
CGCTGAGGACGTCCAA-1,0.7297195086026385,False,1.4142135623730951,adjacent,0.8911924798900221,0.44134202753162793,0.7011160341080086,0.5435062884318861,0.8672638794779962,0.5014738028448111,0.5186543100771489
CGCTGGTGACTACCCT-1,0.6135978216733944,False,15.297058540778355,distal,0.6467378179048469,0.5850532860230235,0.7351334782366383,0.5418287540173512,0.8239996832073495,0.5270795791611709,0.5428101687088479
CGCTGTGACGCCGCAC-1,0.8902795359909554,True,0.0,tumor,0.8860558435044306,0.45536482812858003,0.8436437607980828,0.6240279403295622,0.9398093964220029,0.5074247462644053,0.47023909045310147
CGCTGTGTGGATGTTG-1,0.684122737876291,False,3.1622776601683795,mid,0.8037303312340932,0.5226550744022739,0.5913796466588642,0.5361087889427634,0.8177899606062473,0.5226550744022739,0.5383635480609231
CGCTTAGTATTGATAC-1,0.6243103160006689,False,11.045361017187261,distal,0.5622573334076427,0.47935127905032604,0.603710360586301,0.5139794534544577,0.7741767057670927,0.47935127905032604,0.47935127905032615
CGCTTATTCCCGGTCG-1,0.823285642630234,True,0.0,tumor,0.8847043415259432,0.5368760333649149,0.8274954021066712,0.5723457615783314,0.85692265272779,0.49039241548855333,0.5075835383476246
CGCTTCCACTGAAATC-1,0.8248899292203088,True,0.0,tumor,0.7558843745936206,0.5105612216463246,0.8079473889539095,0.652146612420814,0.903233044993356,0.5713865512394186,0.5516038885040723
CGCTTCGGTCTAAGAC-1,0.8880542352369806,True,0.0,tumor,0.7874937301454605,0.5994909806981367,0.7130914562782144,0.6866038752345389,0.8626234538025385,0.4853889167549091,0.500712573944475
CGCTTGGACGGATAGA-1,0.5301828807095484,False,5.656854249492381,distal,0.8036188671533931,0.5692749261550465,0.7179122777684891,0.5645339872559402,0.9316607854697772,0.6281589230092826,0.6058908766649946
CGCTTTCATACCGGTG-1,0.6815829491803409,False,1.4142135623730951,adjacent,0.815452637054376,0.5056784756667719,0.7091205484032771,0.4879600215497223,0.899284869924351,0.5056784756667719,0.5211861370530491
CGCTTTCCGCCAAGGT-1,0.4765089449924762,False,12.806248474865697,distal,0.6460783220940386,0.531748685652715,0.7366382433260882,0.5096527893886196,0.7719400909898891,0.531748685652715,0.5475314686984977
CGCTTTCTTGCATTCG-1,0.6144736108788943,False,7.211102550927978,distal,0.7257844284679261,0.47285849634955135,0.7284943989299448,0.5076297163239146,0.7981092171994941,0.47285849634955135,0.4728584963495513
CGGAAAGAATCAAACG-1,0.5494701475306725,False,4.47213595499958,mid,0.64803823217968,0.4784317003845511,0.6027489828902636,0.5792695387244794,0.6940237653153114,0.4784317003845511,0.47843170038455096
CGGAAAGCAAATGTGC-1,0.6642542654915167,False,1.4142135623730951,adjacent,0.8049564361217931,0.6422591292178317,0.7132795519143955,0.6007709598915082,0.9294373703863404,0.42883018447305354,0.42883018447305343
CGGAAATTTCACATCC-1,0.679297935525991,False,1.4142135623730951,adjacent,0.8920563265154472,0.4492838432815025,0.7194867079083765,0.5546935666648091,0.9597834663569136,0.5577012391090306,0.5189807405991992
CGGAACGTAAACATAG-1,0.7396557352250381,False,1.4142135623730951,adjacent,0.860948559326757,0.4318118486317784,0.714213063590258,0.5753905887161196,0.9125534954255728,0.4318118486317784,0.4318118486317784
CGGACCTCTGTAGTTA-1,0.5648084012069967,False,14.212670403551895,distal,0.6599881104980586,0.4934236192387004,0.4934236192387003,0.5267365174905719,0.6252680271151044,0.4934236192387004,0.4934236192387003
CGGACCTTTACGTCCC-1,0.48130190046257587,False,16.1245154965971,distal,0.5643101302272009,0.4813019004625759,0.6058142451095134,0.5477084842742759,0.7223180422214205,0.5366407203056593,0.5524518116893973
CGGACGTTACTTGAAG-1,0.6028972699261949,False,2.0,adjacent,0.6323821731780268,0.4619350164409519,0.7301036615950509,0.4977465678351819,0.8175259667309053,0.571572324707252,0.5324161431835736
CGGAGCAATTTAATCG-1,0.5565720018152722,False,5.830951894845301,distal,0.5684435898864925,0.5407432177203118,0.7421626818257817,0.5860149733415072,0.6705415101036322,0.4853424733879507,0.4853424733879507
CGGAGCATGGCGATCC-1,0.5229138303038988,False,7.0710678118654755,distal,0.698211001504765,0.5618687572374247,0.7260003901242824,0.6557877723903472,0.8469744835253156,0.4527949618235524,0.45279496182355233
CGGAGCTTATAACACC-1,0.6383945987691181,False,2.0,adjacent,0.7703932824314031,0.5908648993417427,0.7120186145014769,0.5243233201434172,0.8787769457081931,0.42451095134592876,0.4245109513459288
CGGAGTCCTAACCTGG-1,0.5238453515497488,False,1.4142135623730951,adjacent,0.8892372141410764,0.5053533720980636,0.7214930613609765,0.6191941146965391,0.9340323304499337,0.5540260206703945,0.5153143685161743
CGGAGTTTGAGAGACA-1,0.718835837294289,False,1.4142135623730951,adjacent,0.8896134054134389,0.4952318143256113,0.7154740010031767,0.6080012632595813,0.9478201439059949,0.44125842947110294,0.441258429471103
CGGATAAGCGGACATG-1,0.6015636818178198,False,1.4142135623730951,adjacent,0.9059800479295549,0.6190343495142024,0.7264950119823887,0.5899013542885806,0.8779966971432929,0.5690984413606048,0.5255690639405737
CGGATCCTCAAGGACT-1,0.45279496182355233,False,3.1622776601683795,mid,0.8052443849969347,0.5073256670815608,0.7258262274981887,0.6265080161251373,0.8509226585943207,0.4527949618235524,0.45279496182355233
CGGATGAATGCTGTGA-1,0.6925820654294154,False,1.4142135623730951,adjacent,0.5596983038882387,0.4727748982890263,0.6040935183637073,0.5078916569135596,0.7981077505668536,0.5278381541548236,0.5435705129736229
CGGATTCTGCCTTATG-1,0.5530648641332474,False,5.0990195135927845,distal,0.5658566943469134,0.479128350888926,0.7379061472440506,0.5122889148971744,0.8276501318502746,0.479128350888926,0.4791283508889261
CGGCAAACATCGTGCG-1,0.48757175500195066,False,1.4142135623730951,adjacent,0.6538482973861673,0.5429972691300228,0.740037897787438,0.5548960597447473,0.6477295060087938,0.4875717550019506,0.48757175500195066
CGGCAATAAGATCGCC-1,0.5368946107116981,False,10.770329614269007,distal,0.7198954095376097,0.5252961538699709,0.7293930780805885,0.5725909825558713,0.7902392664490184,0.4662821155882517,0.4662821155882516
CGGCACCGTTAGCGCC-1,0.580656204966521,False,1.4142135623730951,adjacent,0.7050428207843357,0.4416764197737279,0.7203435880287578,0.608467554663843,0.8650947298022685,0.4416764197737279,0.4416764197737279
CGGCACTCAAGAAAGT-1,0.6765551229687661,False,1.4142135623730951,adjacent,0.8979221237622842,0.5149609566095102,0.8520732319010198,0.5618699957272101,0.8747349061501772,0.5149609566095102,0.460263055230452
CGGCAGGGTCGGGTTG-1,0.5168788465059992,False,8.602325267042627,distal,0.7112755206301435,0.501362338764111,0.7073301566070334,0.5154953649519775,0.8741277202368906,0.5556701158607193,0.5867031313444958
CGGCCACGCACAAAGT-1,0.8385522408261082,True,0.0,tumor,0.7247487413847553,0.5193761726950157,0.7310371732709134,0.5325363651563285,0.8508551934928443,0.4645544223374018,0.46455442233740174
CGGCCAGAGCGACCAT-1,0.5573880781203971,False,8.0,distal,0.569260993144959,0.4861505879730256,0.6108161957309257,0.5526389121105723,0.6728499898802348,0.4861505879730256,0.4861505879730257
CGGCCCAACCTGTAGT-1,0.5978057499542201,False,1.4142135623730951,adjacent,0.7094828066655521,0.5121341036739799,0.7277489828902637,0.5614705827713686,0.817436502139817,0.6211707443942855,0.6679007332744167
CGGCCCAGGTATATCC-1,0.5421453650846729,False,13.341664064126334,distal,0.7288868453807428,0.47135373126010144,0.7271707629716324,0.5395716063831764,0.7696536107028984,0.47135373126010144,0.47135373126010144
CGGCGCCATCAATCCC-1,0.5390482559852229,False,7.0710678118654755,distal,0.8862601943190475,0.4683999331215516,0.7246837206710137,0.6073324787753812,0.85127465042811,0.5266801662053292,0.5433316613721227
CGGCTCTAAAGCTGCA-1,0.4609875717550019,False,10.0,distal,0.722616990841368,0.5705010310427465,0.5956361812405951,0.5954169685485519,0.8725217574952261,0.6252577606866186,0.6721921003813663
CGGCTCTTCGTCGAAC-1,0.7813791291470608,True,0.0,tumor,0.8874770105333555,0.48950689529188096,0.7170205651228891,0.5739304092589494,0.9627871300052505,0.48950689529188096,0.5048685918105748
CGGCTGAAGGTTACGC-1,0.6742740901744411,False,1.4142135623730951,adjacent,0.8490962120789908,0.630261259420263,0.674392520760185,0.5404150179271396,0.9541823963017391,0.4472372389108721,0.4127873185723044
CGGCTGCAAGATTAAG-1,0.6635854810073168,False,2.0,adjacent,0.9042337773319215,0.5080223175859357,0.7091553809284958,0.4899347935127905,0.8534394002059152,0.4535752103884524,0.45357521038845233
CGGCTTTGTATGATAA-1,0.8857692215826306,True,0.0,tumor,0.9746697876609263,0.4430975868026528,0.718971186535139,0.6489364468966542,0.9286160561074981,0.5567321208518332,0.5124799961783745
CGGGAACGCCCTGCAT-1,0.8376047961401581,True,0.0,tumor,0.6412946552973305,0.5191315709623685,0.7295881402218136,0.5677905961470582,0.8759492779767509,0.4643314941760017,0.46433149417600184
CGGGAAGTACCGTGGC-1,0.6904244392958654,False,1.4142135623730951,adjacent,0.6394647866391722,0.5187538315777741,0.7288775567073511,0.566401010607665,0.7403194912544696,0.5146234681429465,0.4599565290085269
CGGGAATATAGTATAC-1,0.4712701331995764,False,14.7648230602334,distal,0.6418148210072637,0.5814152222779543,0.7272055954968512,0.5725631165356965,0.8497229530941549,0.5263426777387653,0.5420776904642478
CGGGAATTTATGTAAA-1,0.5358715296852733,False,6.0,distal,0.5542504969440265,0.5202090570758018,0.7304241208270635,0.6016886808226047,0.8518055714440758,0.46539040294265166,0.46539040294265177
CGGGAGCTTCAGTGTA-1,0.5464884833719477,False,9.899494936611665,distal,0.6410949488194096,0.530720739130704,0.7297344368277323,0.5435527317988444,0.7714546355857879,0.4755336342863512,0.4755336342863511
CGGGAGTATACCGCCG-1,0.6783027205197412,False,1.4142135623730951,adjacent,0.8868871797729848,0.4529900239647773,0.7245165245499638,0.560485983391852,0.9237703018623302,0.5074061689176219,0.5229536389041489
CGGGATCAATGTAAGA-1,0.7991019179783602,True,0.0,tumor,0.873163164836798,0.48838606203595336,0.8498648498021513,0.5737594976685431,0.8982024950354484,0.48838606203595336,0.43476564677032836
CGGGCAGCTAAACCGC-1,0.8183613187793091,True,0.0,tumor,0.7980642404651768,0.5641754444630218,0.6918366493897341,0.6521800516450239,0.8615293458525096,0.4077077411804046,0.40770774118040454
CGGGCCATAGCCGCAC-1,0.8388149775877581,True,0.0,tumor,0.8899942410224972,0.4994860267389945,0.7014016608148024,0.644637648850991,0.8974574456539275,0.5535894530209862,0.5149441485338493
CGGGCCTTCTTTGTAA-1,0.5598641730559469,False,1.4142135623730951,adjacent,0.7358719277712756,0.4865964442958257,0.7358719277712757,0.5208122016013672,0.6478791025381544,0.5419909961792589,0.557818011003097
CGGGCGATGGATCACG-1,0.5390442751251979,False,11.661903789690601,distal,0.638521986289918,0.5233145702130821,0.725039012428245,0.5036021475412882,0.652630992294312,0.5233145702130821,0.4682606030206765
CGGGCTACTTAAATTG-1,0.6045493268365698,False,1.4142135623730951,adjacent,0.7044669230340523,0.4499526277657025,0.7231371565513014,0.5549127793568522,0.8319898978343702,0.5587539554267527,0.5198963384049491
CGGGTGTACCCATTTA-1,0.4695703059689015,False,8.602325267042627,distal,0.6402682568875512,0.5245809260188127,0.72579139497297,0.5708800089171265,0.8518070380767169,0.5795915460687238,0.5402982460330729
CGGGTTCGGCACGTAT-1,0.6657908774611668,False,2.0,adjacent,0.5965696929164577,0.47897044344126766,0.6884091289082093,0.4957885154842184,0.7632238932056776,0.5854929498968957,0.5626666985135469
CGGGTTGTAGCTTTGG-1,0.8194043041058591,True,0.0,tumor,0.7924445930632187,0.5558404082062334,0.8505545338014824,0.6467889056085009,0.7848083257801751,0.5558404082062334,0.5170380809069992
CGGGTTTGTTAGGGCT-1,0.5434630297529479,False,11.045361017187261,distal,0.8944713815972803,0.5277235938496597,0.6030903416374074,0.6433929666165078,0.8531578067388836,0.4726355681881514,0.47263556818815144
CGGTAACAAGATACAT-1,0.5673442090429216,False,1.4142135623730951,adjacent,0.5785682438834086,0.4952627765702503,0.49526277657025025,0.5285849634955135,0.6007400628305423,0.4952627765702503,0.49526277657025025
CGGTACGGCAAACCCA-1,0.898496031082555,True,0.0,tumor,0.8807938100280519,0.4772799048839845,0.8288469040851585,0.5958981218302403,0.9602513221693255,0.537733687541412,0.5701626579406215
CGGTACTAGAATCAAA-1,0.4536309424288022,False,10.0,distal,0.626251648739527,0.5082421495228718,0.7238338070556762,0.5555351204740938,0.780025636738561,0.4536309424288023,0.4536309424288022
CGGTAGAGGTGCAGGT-1,0.5186105206168741,False,2.0,adjacent,0.6846681156997158,0.4414256255921529,0.7200300953017891,0.5793865760092144,0.8978373035078919,0.49547951228272247,0.5109234799085994
CGGTATAGGTATTAGC-1,0.6517304798528674,False,4.0,mid,0.7886408813093313,0.6970127626372402,0.8307069609318397,0.5892585780898772,0.8891680379681858,0.5373869104014566,0.49180739006855034
CGGTATGGGCACTCTG-1,0.48865852978877555,False,14.422205101855956,distal,0.5718618216946255,0.48865852978877555,0.7412640026751379,0.5559716881235022,0.7000794914891308,0.48865852978877555,0.48865852978877555
CGGTCAAGTGGGAACC-1,0.5148127801530241,False,1.4142135623730951,adjacent,0.9012753348566757,0.4993405041891916,0.8429610433037954,0.4820988686395808,0.8965276005596672,0.4993405041891916,0.4451875383157776
CGGTCAGTCCATATTT-1,0.6084227036408946,False,15.811388300841896,distal,0.715631908450835,0.6734628793649023,0.7267806386891824,0.6877593862044623,0.8949773698583525,0.4555258318007022,0.4555258318007022
CGGTCCATGAGACTCC-1,0.6497997627407425,False,2.0,adjacent,0.6183237659997399,0.5547753069906556,0.714380259711308,0.6129316910958776,0.8095885508789531,0.5952089022645786,0.5721849348333213
CGGTCCGTCGCAAGCC-1,0.6269376836171687,False,10.295630140987,distal,0.4844786267625258,0.48447862676252584,0.6129061472440506,0.5509595199613592,0.6181416591135086,0.48447862676252584,0.48447862676252573
CGGTCTATCAACCCGT-1,0.5915239528347705,False,2.0,adjacent,0.9617492429731186,0.4434877110851028,0.7207894443515578,0.5488955767337309,0.9457756580047343,0.605965186052128,0.5827541181996959
CGGTGAAGACTAAAGT-1,0.7425538013232379,False,1.4142135623730951,adjacent,0.8920052388117928,0.4914048808882449,0.6985384272418214,0.6076297163239148,0.9616783557288137,0.49764996563190844,0.5147570481126742
CGGTGCAGATAGAACG-1,0.8255786180046337,True,0.0,tumor,0.952437347897973,0.4505068519447386,0.840968622861283,0.5683274814690965,0.9409973688610423,0.5630515149826301,0.5436302258739978
CGGTGCGCGTTGGTCC-1,0.8269798807334336,True,0.0,tumor,0.8055323338720765,0.4506492782700774,0.5726676141113526,0.5581972542681454,0.9291484437561047,0.5591100212400998,0.520374041607949
CGGTGGGCTCCAGCCT-1,0.7754078391095611,True,0.0,tumor,0.6743855542551414,0.5130691634620743,0.8114933400211782,0.5525070129484105,0.8808610306907547,0.5130691634620743,0.5430052308500729
CGGTGTACTTGATCCC-1,0.8955979649843552,True,0.0,tumor,0.8794748184064352,0.41127459176280445,0.6928885916513403,0.5235672221293355,0.8561160047753559,0.4636441323450185,0.47860685822565113
CGGTTATCCAACAGTG-1,0.5261661929443238,False,5.0990195135927845,distal,0.7127942187296811,0.502557481407172,0.7081800702223708,0.520682160173884,0.8467266226090222,0.44822493451485257,0.4482249345148527
CGGTTCAAGTAGGTGT-1,0.5169146742462242,False,1.4142135623730951,adjacent,0.6922012298203569,0.5992216091697783,0.7160382879117204,0.6449367441342029,0.8543692453001757,0.4912191074204115,0.43721785654572815
CGGTTCCGGCTTCTTG-1,0.6111217267378445,False,1.4142135623730951,adjacent,0.7304334095004551,0.5192120727984295,0.7297065708075573,0.56808969143027,0.8245027382031405,0.5229151572572406,0.46438722621635176
CGGTTGACCTGGCATA-1,0.6700902062881664,False,3.1622776601683795,mid,0.7968056252206059,0.5626768718224997,0.5896240873878393,0.5263203849226252,0.8742098516647748,0.45365880844897727,0.4536588084489774
CGGTTGAGTATCCTTC-1,0.7445521930557878,False,1.4142135623730951,adjacent,0.7182466700105891,0.5026813303857277,0.719862899180739,0.5848817551877242,0.8416623401003764,0.4484757286964276,0.4484757286964277
CGGTTGGGCAGGGTCC-1,0.47818090620297615,False,14.142135623730951,distal,0.4781809062029761,0.5334144544142873,0.7380454773449256,0.5444611640565494,0.6684691581821969,0.4781809062029761,0.47818090620297615
CGGTTGGGTTCAAGTT-1,0.7138119919427394,False,2.8284271247461903,mid,0.5762553642088836,0.5643797952776385,0.6965111742740902,0.545774582474131,0.8798050551893863,0.39926433706738,0.39926433706737996
CGGTTTACTGAACATT-1,0.958961314002277,True,0.0,tumor,0.9506678556168607,0.43627041185977816,0.6969570305968902,0.5058630106448195,0.8962812062760143,0.5972245443905702,0.5052507543729747
CGGTTTATGAAGGAAC-1,0.8702319249050564,True,0.0,tumor,0.8483670512177451,0.6439682451218984,0.7080477066265396,0.5940608222333685,0.900921631951472,0.4765089449924762,0.42322911441787886
CGTAAACGCTTGAGTG-1,0.8243047427966339,True,0.0,tumor,0.8172871500492299,0.5142674023295993,0.7269199687900574,0.5612346504672203,0.9002704470589615,0.5731699765306186,0.5298962587877486
CGTAAAGCAAGAAATC-1,0.6985294703067649,False,2.0,adjacent,0.7269780229987554,0.4742239313381263,0.7355793345594382,0.5403072693157963,0.7742412376032877,0.4742239313381263,0.47422393133812635
CGTAAATAACAAAGGG-1,0.4867357743967008,False,16.1245154965971,distal,0.48673577439670074,0.4867357743967007,0.6149473332218693,0.4867357743967008,0.6997392327164677,0.4867357743967007,0.4867357743967008
CGTAACGGAACGATCA-1,0.859077555115007,True,0.0,tumor,0.8224191420981256,0.4756296172447318,0.6748523100930726,0.5817942001523341,0.9248688097102814,0.45495612649934675,0.35771610098645706
CGTAACTTCGACACTT-1,0.480688848018726,False,9.055385138137417,distal,0.563613479722826,0.5912550236241927,0.7348269520147133,0.5484144234520426,0.749147153119381,0.4806888480187259,0.480688848018726
CGTAATAATTACGAGT-1,0.8949092762000302,True,0.0,tumor,0.9853889167549091,0.4425124003789779,0.8243117093016776,0.5803878950008361,0.9296060331400312,0.5506077888622614,0.4425124003789778
CGTAATATGGCCCTTG-1,0.6174274090174442,False,12.806248474865697,distal,0.7259237585688013,0.5769721401722739,0.7237432424901076,0.5684352300804398,0.7681855114294681,0.46695090007245166,0.46695090007245177
CGTACCGAAAGTCTAG-1,0.8180946011576341,True,0.0,tumor,0.7887755670735106,0.4961730665626335,0.7023630385108399,0.5829311337754741,0.9045222150846102,0.6115755447806944,0.5808472862477209
CGTACCTGATAGGCCT-1,0.7156471684142641,False,1.4142135623730951,adjacent,0.8754853331847147,0.6462811247964233,0.8260881680878337,0.6297924910364302,0.9562107492439509,0.5860936174428901,0.5520616874069473
CGTAGAGAGTAATTAT-1,0.538518801601898,False,4.47213595499958,mid,0.8862230396254805,0.4678426127180516,0.7337123112077133,0.606661836556503,0.8540993848942704,0.5228129818499322,0.538518801601898
CGTAGCGAATTGTCAG-1,0.679584557447791,False,2.0,adjacent,0.8143054858905051,0.4558602240428022,0.7264880454773449,0.5248546322614205,0.908715317804627,0.5104652386879439,0.5260666714436987
CGTAGCGCCGACGTTG-1,0.7542575297967373,True,0.0,tumor,0.7957885154842187,0.4524327035612774,0.8450370618068328,0.5215980233703024,0.8733694711616025,0.5671230501526439,0.5298564501874986
CGTATCTAGAACTAAG-1,0.4747812517416263,False,7.0710678118654755,distal,0.640193947500418,0.4747812517416263,0.6060023407456947,0.579128350888926,0.8766195290935916,0.5850563822474873,0.5456724070668227
CGTATTAAGAGATCTA-1,0.8795272330634311,True,0.0,tumor,0.961823552360252,0.44491197433849167,0.6952990023964778,0.5796949599658177,0.9125417623644464,0.5474093889910643,0.5913368524135955
CGTATTGTTTCCTAAT-1,0.6491070930963926,False,2.0,adjacent,0.7617733935239369,0.4730473660418485,0.8280945215404335,0.5983261810548216,0.9466409712628,0.4730473660418485,0.4881967500258756
CGTATTGTTTGGCGCC-1,0.8974570266160301,True,0.0,tumor,0.7199929406082224,0.6110739564175444,0.7220503817644764,0.6896839993312156,0.8961272098487315,0.4483642646157276,0.44836426461572765
CGTCAAATGGTCGCAG-1,0.717215627264114,False,1.4142135623730951,adjacent,0.6044279106058074,0.5837250057280152,0.6995067714429025,0.5255977261327536,0.7144495581035851,0.5226922290958405,0.4849404065254258
CGTCAAGGCTATAAAT-1,0.9043996464996297,True,0.0,tumor,0.7923006186256479,0.439057013877278,0.8328317449701834,0.5500195062141224,0.7492894164855376,0.4986810083783834,0.439057013877278
CGTCAATCTTTAACAT-1,0.9874921378014506,True,0.0,tumor,0.8014685392632224,0.48871116560466166,0.7104093518363707,0.6065578034145164,0.8697351554777263,0.609110950107439,0.5814523769715209
CGTCACGTCCATTGGT-1,0.6742143772740663,False,2.8284271247461903,mid,0.7948921585019227,0.6668895948280666,0.723980103661595,0.6554162254546804,0.8633729030819819,0.5040405729253749,0.4497575656244775
CGTCAGCTATTTACTC-1,0.6092984928463945,False,1.4142135623730951,adjacent,0.8928783741106097,0.46357911163127674,0.7204341525943265,0.5650560107005517,0.9307720060894586,0.5183482261730047,0.5339965446134983
CGTCAGTGCGCACAAG-1,0.8125213971226344,True,0.0,tumor,0.8761216073120437,0.43484924483085324,0.7157108621746642,0.5445243270356127,0.8995913961462759,0.5420529206685367,0.5037658935836498
CGTCAGTTTATCGTCT-1,0.6146726538801442,False,1.4142135623730951,adjacent,0.8151646881792342,0.5233207626620099,0.7314830295937134,0.5387003288190381,0.8543311128515152,0.4683720671013766,0.4683720671013765
CGTCATACCATATCCA-1,0.681176901457791,False,1.4142135623730951,adjacent,0.9027336565791674,0.46491668059967683,0.7280973081424511,0.5993293577811217,0.8812584881364086,0.5197755856508574,0.4649166805996768
CGTCCAGATGGCTCCA-1,0.760495537455912,True,0.0,tumor,0.801700756098014,0.4591484144234521,0.7149515131248955,0.5280164966839436,0.8203712340540367,0.5685937567729911,0.599863854587145
CGTCCTCATCGCGTGC-1,0.539721021329448,False,4.47213595499958,mid,0.8160703338349217,0.5240205093908488,0.7326046369057571,0.5726262795147596,0.9091641073927084,0.5240205093908488,0.46906871760575164
CGTCGCATGTGAGCCA-1,0.4787103605863011,False,8.246211251235321,distal,0.6445596239945012,0.47871036058630106,0.7389789890207881,0.545050065949581,0.6643171211761222,0.47871036058630106,0.4787103605863011
CGTCGCGGCGGGATTT-1,0.7581826577813872,True,0.0,tumor,0.890723401883743,0.5112578721506994,0.7248578832971075,0.5910475765851121,0.8800661157994468,0.5112578721506994,0.4566962046480522
CGTCGCTTGGTTATAC-1,0.8167291661690592,True,0.0,tumor,0.7674905719965074,0.5276647655848459,0.6844312545282283,0.6643816530123167,0.9447959474006872,0.5352474192969094,0.49959793313747497
CGTCGGATAGTGTTGA-1,0.4919745861896004,False,9.486832980505138,distal,0.4919745861896004,0.4919745861896004,0.6188276765312378,0.5585706589384906,0.5979622606088872,0.4919745861896004,0.4919745861896004
CGTCGGGTCTAAGCGC-1,0.7412600218151129,False,1.4142135623730951,adjacent,0.7903267755299187,0.4472774898289027,0.7060761856991584,0.5527912463541956,0.8568361214019834,0.5552861840271972,0.5167116503849492
CGTCGTCCTTCGCGAA-1,0.5538849212983973,False,2.0,adjacent,0.6518280109234799,0.4827509335116759,0.7400936298277879,0.5835776254435342,0.859179800361965,0.4827509335116759,0.4827509335116758
CGTCTCTCGCCGAGGC-1,0.8090580489008846,True,0.0,tumor,0.524768247598878,0.49764686940744457,0.7172295602742017,0.5813502015642126,0.808884567211374,0.6119006483494027,0.6600425155850669
CGTCTGGAAGGGCCCG-1,0.7942532304679102,True,0.0,tumor,0.8870265098738597,0.5479574207211726,0.7009976035222649,0.5789332887477009,0.9274486165254298,0.44022738672462797,0.44022738672462797
CGTCTTGAGTGTGACG-1,0.5778775646690711,False,6.324555320336759,distal,0.7158594809489309,0.6150526048536414,0.69896338404949,0.5823886752494009,0.8655948515327778,0.49368989454259476,0.5089967436564995
CGTGAACTGACCCGAT-1,0.7663553634127116,True,0.0,tumor,0.6420841925356221,0.5265810870224849,0.7351265117315945,0.6058017054004348,0.852820481231502,0.6917615659464849,0.6131041950302943
CGTGAAGTTAATTCAC-1,0.6121089800240445,False,1.4142135623730951,adjacent,0.8065355105983764,0.46525107284177675,0.8550130970294821,0.5686897397313716,0.8543516457084862,0.5749750753930657,0.5357879316247482
CGTGACATTGGGTCGT-1,0.6802851888121911,False,1.4142135623730951,adjacent,0.8762934477697893,0.5108863252150329,0.7251992420442512,0.5596852997454905,0.8998979223682012,0.5059447509706664,0.5214727589748489
CGTGACCAGTCCTCTG-1,0.5596213405944219,False,12.727922061357855,distal,0.5696046740604507,0.4864571141949507,0.7358997937914508,0.4864571141949508,0.644747841850069,0.5418888207719507,0.5577264512225221
CGTGCACACCACTGTA-1,0.5358715296852731,False,10.295630140987,distal,0.6353870590202306,0.5750586734535907,0.7324792398149697,0.5689702576677999,0.8211236165987614,0.4653346709023018,0.4653346709023017
CGTGCAGACTGGGACA-1,0.49668394359917517,False,8.94427190999916,distal,0.49668394359917517,0.49668394359917517,0.49668394359917517,0.496683943599175,0.49668394359917517,0.49668394359917517,0.49668394359917517
CGTGCATTGTCGACGC-1,0.7492734930454373,False,2.0,adjacent,0.8134927269687343,0.5637946088539635,0.7235133478236638,0.5192312693901057,0.9306825414983706,0.5043099444537331,0.4499804937858775
CGTGCCCGACATTTGT-1,0.6857469287664907,False,1.4142135623730951,adjacent,0.8991342956398967,0.5796008347421154,0.6014810789723012,0.6057738393802597,0.8740015898297827,0.4696539040294265,0.4696539040294265
CGTGCCCTCCCGAAGA-1,0.4744468594995262,False,8.0,distal,0.4744468594995262,0.47444685949952625,0.728877556707351,0.507542402794033,0.6383738563931983,0.47444685949952625,0.4744468594995262
CGTGCTGGCCTAGTCG-1,0.7454956568817127,False,1.4142135623730951,adjacent,0.9056967433911088,0.45103940255252745,0.855103661595051,0.5528023927622656,0.8495029581980365,0.45103940255252745,0.45103940255252745
CGTGCTTCTACCTAAA-1,0.7535170898320873,True,0.0,tumor,0.8149138939976592,0.45906481636292706,0.5937621913838266,0.560524995820097,0.9083662592361192,0.45906481636292706,0.4590648163629271
CGTGGAAGCCTCGTAC-1,0.4620743465418268,False,8.246211251235321,distal,0.7230907131843428,0.5714268021574491,0.7168324694867079,0.5634955135707518,0.7928924048962064,0.4620743465418269,0.4620743465418268
CGTGGCCGAATATCTA-1,0.5533395434749725,False,16.0,distal,0.7310650392910886,0.537541721624651,0.6066571922198072,0.5497408460123726,0.7228386968089008,0.4822493451485259,0.482249345148526
CGTGGTACCCAAAGGC-1,0.5270141161296487,False,1.4142135623730951,adjacent,0.7999730628471641,0.5113941060271106,0.7252967731148637,0.5257147634174887,0.9308849368027995,0.4567240706682272,0.4567240706682272
CGTGTATGGGAGCTGA-1,0.48163629270467595,False,2.8284271247461903,mid,0.736336361440859,0.5922396230037092,0.610446970963607,0.6143602890635158,0.8313621790641124,0.48163629270467584,0.48163629270467595
CGTGTCCCATTCGCGA-1,0.8298460999514334,True,0.0,tumor,0.8031869438406808,0.4671738282338516,0.6002271080644263,0.5686284344869865,0.8214506756776575,0.5221999294060822,0.4671738282338516
CGTGTCTCGTTACGAC-1,0.7528204393277124,True,0.0,tumor,0.8001588363149975,0.457922309535752,0.7157665942150142,0.5292073046127551,0.8447584016050829,0.5124839770383994,0.4579223095357521
CGTGTGTTAAACCCTG-1,0.5310865359352234,False,5.830951894845301,distal,0.8914479184082928,0.6794850359471659,0.7268503037396199,0.5981701313418417,0.9002117817533299,0.5154656411971241,0.5310865359352235
CGTTAAACTAGTTAGG-1,0.5376191272362482,False,11.40175425099138,distal,0.7315991380111093,0.6386675088397209,0.8559744747255197,0.6384290995560015,0.8505779999237351,0.4669787660926267,0.46697876609262673
CGTTAAATACGACCAG-1,0.6063884841681196,False,8.602325267042627,distal,0.7188922328113098,0.5786874485252683,0.722419606531795,0.6014081628861766,0.8194296558986499,0.46508387672072676,0.4650838767207267
CGTTAATGTCCCGACG-1,0.6872795598761156,False,1.4142135623730951,adjacent,0.7251063553103346,0.5203483871766766,0.7319149529064258,0.5997752141039217,0.9021037378599484,0.4655575990637017,0.4655575990637017
CGTTAGCTCACAACTG-1,0.5910104218915454,False,2.8284271247461903,mid,0.8810817589031935,0.6163685002507941,0.7190478180906203,0.6522543610321573,0.9139819956177017,0.5503879569253253,0.5117514987937994
CGTTATCATACTTCCA-1,0.7491421246646126,False,1.4142135623730951,adjacent,0.7974511880213268,0.46146129409797687,0.729490609151201,0.5630942428802317,0.9064391039461216,0.46146129409797687,0.4614612940979769
CGTTCAAGGAAACGGA-1,0.6238485362377688,False,5.830951894845301,distal,0.7305495179178508,0.481580560664326,0.6109346263166694,0.5160749781716175,0.7498130043382994,0.481580560664326,0.48158056066432586
CGTTCAGACCCGCGAA-1,0.479685671292426,False,14.560219778561036,distal,0.6490228315591967,0.479685671292426,0.7390416875661818,0.5143212766352709,0.7483097058814902,0.479685671292426,0.479685671292426
CGTTCATGGTGCGCGT-1,0.742390586062213,False,1.4142135623730951,adjacent,0.8101441602110385,0.44777907819205265,0.8375689683999331,0.552770811272734,0.8717605751546564,0.501975391207961,0.5174600520696491
CGTTCTTCGCACACCT-1,0.7104640886617145,False,1.4142135623730951,adjacent,0.6882163889353324,0.6697876609262665,0.7007677088558213,0.5873042412082706,0.7497822050528428,0.5651228891489718,0.542694723768123
CGTTGAATACCGCGCT-1,0.6210898002404439,False,1.4142135623730951,adjacent,0.6518976759739173,0.47893328874770114,0.7378504152037006,0.5799996284530644,0.7215993922274336,0.47893328874770114,0.478933288747701
CGTTGAGCGACCGTCG-1,0.48261160341080084,False,7.615773105863909,distal,0.5656616322056883,0.4826116034108009,0.6119099370227944,0.549051626446711,0.748693963633377,0.4826116034108009,0.48261160341080084
CGTTGAGTAATTGCGT-1,0.5999514335076951,False,3.1622776601683795,mid,0.7210704267216556,0.4462743131026026,0.7064384439614334,0.5481617715357892,0.8772472478638497,0.4462743131026026,0.44627431310260274
CGTTGCCCGCGTGGGA-1,0.5637773584605218,False,4.47213595499958,mid,0.4911943376247004,0.4911943376247005,0.49119433762470044,0.4911943376247006,0.7549447519484214,0.4911943376247005,0.4911943376247004
CGTTGTAAACGTCAGG-1,0.9613179831370771,True,0.0,tumor,0.7050706868045106,0.4677249561884238,0.8339324527670958,0.5286351223318285,0.8722357641302722,0.6415903447336319,0.6282911760256685
CGTTGTAAGATTGATT-1,0.5894777907819204,False,1.4142135623730951,adjacent,0.7810148804547734,0.6465412076513899,0.693815136822159,0.6628007208010552,0.8846332098428649,0.4858285806287812,0.43225770495457827
CGTTGTCGGCAATTGA-1,0.4892158501922755,False,12.806248474865697,distal,0.4892158501922755,0.48921585019227554,0.6168491890988129,0.5224934514852588,0.5423182182173374,0.48921585019227554,0.4892158501922755
CGTTGTTTCAATTCCC-1,0.9085238174855296,True,0.0,tumor,0.7950036225826227,0.4041408905980048,0.6999526277657024,0.5913076594400786,0.937455451033536,0.5689467263618744,0.4708839897771514
CGTTTAAGCGGAGCAC-1,0.8125651865829093,True,0.0,tumor,0.8103160006687845,0.5455795203329061,0.8320654294153709,0.640467034498133,0.896485068213084,0.599370227944045,0.5763170675392713
CGTTTACAAGGCAGCT-1,0.5934586508069204,False,1.4142135623730951,adjacent,0.6886668895948281,0.6073770644076614,0.705226272083821,0.5832116517119026,0.8893572335788478,0.5587787252224639,0.5144744070508993
CGTTTCACTTCGGGCG-1,0.6768974769309162,False,4.47213595499958,mid,0.8896366270969179,0.459287744524327,0.8395962213676643,0.5987070166638799,0.842270992646304,0.5139856459033854,0.5296136177259735
CGTTTCGCTCATTACA-1,0.658927874778067,False,1.4142135623730951,adjacent,0.9788171803303052,0.4327592933177284,0.8336607590703895,0.5774285236582511,0.9571024618895508,0.492875587508592,0.5100516715631246
CGTTTCGGTTATATGC-1,0.540369901513523,False,7.615773105863909,distal,0.5569999442679597,0.5796720479047849,0.7342069330658195,0.5049582938564714,0.7958667358917273,0.6346950528525516,0.6111137650177945
CGTTTGGTGTTGTGGG-1,0.4727191662486763,False,8.602325267042627,distal,0.8156848538891676,0.6377510263984099,0.7277768489104386,0.6397536643816532,0.7991871921904745,0.47271916624867644,0.4727191662486763
CGTTTGTGTAGAGGGT-1,0.5948997221359703,False,1.4142135623730951,adjacent,0.8882108157312972,0.509130765944008,0.72423089784317,0.5890300767244423,0.8734325363651565,0.509130765944008,0.4545505210945774
CTAAACGGGTGTAATC-1,0.6764356971680161,False,1.4142135623730951,adjacent,0.811054450203422,0.439419272139553,0.6965390402942652,0.5416169722640213,0.8418867348944171,0.6014973341507365,0.5783433252919962
CTAAAGAATGCCTACT-1,0.6658466095015168,False,1.4142135623730951,adjacent,0.8127217670772261,0.4478348102324026,0.7214303628155827,0.4846458228835757,0.8997981913486273,0.4478348102324026,0.4478348102324027
CTAAAGGATGAGATAC-1,0.48054951791785105,False,24.413111231467404,distal,0.5635020156421261,0.480549517917851,0.7348130190046258,0.5469115160972711,0.7476893202744364,0.480549517917851,0.48054951791785105
CTAAAGGGAAATAGGA-1,0.6182753322027691,False,3.1622776601683795,mid,0.5635484590090843,0.47634174887142616,0.6069985509669509,0.5443013988742127,0.8531783395958548,0.47634174887142616,0.4763417488714262
CTAAAGTCCGAAGCTA-1,0.8298779468316335,True,0.0,tumor,0.9685439075591225,0.504176806801786,0.709343476564677,0.6530773374946591,0.8748390370676733,0.504176806801786,0.5196853528236239
CTAAATCCGGTGTACA-1,0.7649182729436868,True,0.0,tumor,0.7196957030596892,0.4585074959594271,0.7161845845176391,0.5623604376822903,0.8459346409829959,0.5130072389727967,0.4585074959594272
CTAAATCCTATTCCGG-1,0.7114194950677144,False,5.0990195135927845,distal,0.6096156346950528,0.5432201972914228,0.7130775232681268,0.49738430957290675,0.8071172748792229,0.5340460842049205,0.49589175245420014
CTAACAGCACAATAAC-1,0.7465903933885877,False,2.0,adjacent,0.8758847461405561,0.5052511966907552,0.7234506492782701,0.6208419253562207,0.9244874852236761,0.45092793847182744,0.45092793847182744
CTAACCGCGCGCCCGT-1,0.6747836402576413,False,2.0,adjacent,0.8987255940106635,0.4585074959594271,0.5936785933233015,0.5601627375578221,0.8498388170727772,0.4585074959594271,0.4585074959594272
CTAACGAAACTTGCTG-1,0.5705129736228215,False,7.0710678118654755,distal,0.8060942986122722,0.4862961105228285,0.715271972356908,0.5427223243976295,0.9191826749619411,0.6002402670183977,0.6481078972301175
CTAACTGATAATCGCC-1,0.60089489733362,False,5.0990195135927845,distal,0.7219110516636014,0.6243567593676271,0.7294070110906761,0.6330565308662617,0.9070946887365546,0.460123725129577,0.46012372512957705
CTAACTGGTCCGGTTC-1,0.9876036018821505,True,0.0,tumor,0.8435369410540786,0.6615145491587557,0.8011271805160787,0.743896412714336,0.907203219551973,0.5324391437081624,0.4869029705177507
CTAAGGGAATGATTGG-1,0.5370737494128232,False,8.602325267042627,distal,0.6374816548700515,0.5213608525763684,0.7325767708855822,0.5675175091493433,0.7640584071782869,0.4663657136487767,0.46636571364877666
CTAAGTACAGGGCTAC-1,0.8346032276813082,True,0.0,tumor,0.7382266064760631,0.38452321239480575,0.6906105445020342,0.5233907373348938,0.8858739810569726,0.4861536841974895,0.5151909618553993
CTAATTATGAAGCGTA-1,0.6579446023518921,False,2.8284271247461903,mid,0.6141020639432275,0.44042244886585297,0.7174942874658641,0.5745694699882963,0.8597092547452899,0.5484001808195087,0.5792509613776959
CTAATTCGCACGCGCT-1,0.6697438714659916,False,1.4142135623730951,adjacent,0.8084582659904512,0.4846241493123286,0.7146728529231455,0.5745118802132679,0.9538377376311536,0.4846241493123286,0.43111519812740345
CTAATTCTCAGATATT-1,0.604147259974045,False,2.8284271247461903,mid,0.7988909323970351,0.5218562484905906,0.7197584016050829,0.5974103178584033,0.8713924503618182,0.4632725854093518,0.4632725854093519
CTAATTTCAACAACAC-1,0.820116878050334,True,0.0,tumor,0.8912435675936763,0.5440530816722089,0.5769729142283899,0.5785598840773559,0.9228815224820117,0.5440530816722089,0.5056488403754748
CTACAAGAAATAACCC-1,0.5956361812405951,False,2.8284271247461903,mid,0.8825122146055101,0.5086229851319302,0.7238825725909825,0.518263389622694,0.814991625527621,0.5630391300847746,0.5256725663012237
CTACACTAGCTTGTTC-1,0.6699150484470666,False,1.4142135623730951,adjacent,0.9721711345185682,0.4442122276096528,0.7201136933623139,0.5137398056809528,0.9313527926152114,0.5524810046629142,0.5138135842867493
CTACACTCGCAGATGG-1,0.5402385331326979,False,6.0,distal,0.8097586802652845,0.5245344826518543,0.7241333667725575,0.5727879024317747,0.8003326322829311,0.5245344826518543,0.5402385331326979
CTACATATCGCGGGAC-1,0.6846243262394406,False,1.4142135623730951,adjacent,0.894870794553122,0.5075145367738579,0.7225380371175388,0.6228854335023873,0.8447349354828301,0.4531572200858273,0.4531572200858273
CTACCCTAAGGTCATA-1,0.5368189743712231,False,9.486832980505138,distal,0.8076037080384181,0.5211131546192572,0.7326603689461071,0.49912500696650514,0.8458481096571894,0.4661427854873767,0.46614278548737664
CTACGAACTAGGTCGA-1,0.6864276558307657,False,1.4142135623730951,adjacent,0.8026853554775307,0.459315610544502,0.72813214066767,0.6294283750394769,0.8766576615422522,0.5139980308012411,0.5296215794460236
CTACGACTAGCTATAA-1,0.6648394519151919,False,2.0,adjacent,0.880872763751881,0.44716602574820263,0.7226495011982388,0.5523955488677108,0.9521716429512167,0.44716602574820263,0.44716602574820274
CTACGATCCTATCCTA-1,0.6671085421294416,False,1.4142135623730951,adjacent,0.6966179940180943,0.49557239901663913,0.718358134091289,0.547145590666741,0.785047386900624,0.49557239901663913,0.4414534916123279
CTACGCACGGAGTACC-1,0.8302680711140834,True,0.0,tumor,0.7125852235783685,0.5625777926396551,0.8302262720838209,0.6901075628378754,0.8620573336031937,0.5031488602797748,0.5186503292171242
CTACGCCATTTCCGAT-1,0.6781872755790161,False,1.4142135623730951,adjacent,0.7904753943041856,0.4439892994482528,0.7213815972802764,0.5784075498337328,0.8980206325879906,0.4439892994482528,0.44398929944825294
CTACGTGTTGCCACCA-1,0.6159306056480442,False,1.4142135623730951,adjacent,0.7241031785840346,0.5183668035197879,0.8332358022627209,0.5321852533021233,0.8465139608761078,0.5183668035197879,0.4636069776514518
CTACTATCATAGGTTT-1,0.7465266996281876,False,1.4142135623730951,adjacent,0.8840773560720058,0.5487407655105364,0.7145335228222706,0.578710360586301,0.9294271039578548,0.6565017617517199,0.579529621579446
CTACTATCTTTCAGAG-1,0.5266797238875486,False,7.0710678118654755,distal,0.6285180850470935,0.45650114250682716,0.5921389957086328,0.5608166601645953,0.8981570294235839,0.45650114250682716,0.4565011425068271
CTACTCAAGGTATAGT-1,0.5287219050803735,False,3.1622776601683795,mid,0.7789667279719111,0.5068085975960913,0.724704620186145,0.5215199985138121,0.8658412458164303,0.5068085975960912,0.5223604907604239
CTACTCTAGGCCCGGC-1,0.9560154775837771,True,0.0,tumor,0.8781418937747311,0.4657557574293906,0.8187315387616341,0.6260027122926303,0.9796387390479209,0.6422560329933679,0.5478658609405975
CTACTGCCACCTGACC-1,0.8200492034299092,True,0.0,tumor,0.8571355588994781,0.6545944874819645,0.7167210054060079,0.7051719333444797,0.8889099106234069,0.5412014589409674,0.5030095301788998
CTAGACATATATGTAG-1,0.659417520561142,False,2.0,adjacent,0.6142878374110609,0.5584845838983943,0.5821699269910271,0.581168143565736,0.8676936028417475,0.44332051496405284,0.4433205149640528
CTAGACTGCATTTCGT-1,0.6144696300188693,False,4.0,mid,0.826441137676717,0.46281434418869627,0.6972844563339464,0.5065076445782012,0.9322767711789087,0.5100782106299577,0.5425514128072229
CTAGATAAACTCCTCG-1,0.7471357712120127,False,1.4142135623730951,adjacent,0.8155641011350759,0.5637357805891496,0.7263556818815137,0.5564379795277639,0.8489559042230221,0.6182448122759108,0.5948837986958703
CTAGATGTGAGTGTAA-1,0.540584867954873,False,8.0,distal,0.8997798584406175,0.5202616928916879,0.7302290586858384,0.5688234966282116,0.9569572652581129,0.5202616928916879,0.5359312425856483
CTAGATTTACGACGGC-1,0.4780973081424511,False,9.486832980505138,distal,0.4780973081424511,0.4780973081424511,0.7381987404558881,0.512688327853016,0.7184211992948432,0.4780973081424511,0.4780973081424511
CTAGCAACTAATTTAC-1,0.7578283612391622,True,0.0,tumor,0.7995550725445392,0.4548291812963272,0.7130426907429082,0.49114232105370714,0.8429427103957854,0.568454426672116,0.4548291812963273
CTAGCATAGTATAATG-1,0.598239663696945,False,2.8284271247461903,mid,0.7136627096918019,0.4522655074402274,0.7255475672964387,0.5922978320236304,0.8691426358908473,0.4522655074402274,0.45226550744022737
CTAGCCACAGGCGAGC-1,0.5403300929132729,False,8.94427190999916,distal,0.7274053019747719,0.6345278567315016,0.7241821323078638,0.5705177506548516,0.7972820363900892,0.46968177004960154,0.4696817700496015
CTAGCCCGGGAGACGA-1,0.48751602296160057,False,10.0,distal,0.5727396013301379,0.4875160229616006,0.7401005963328317,0.48751602296160074,0.7002672204671517,0.4875160229616006,0.48751602296160057
CTAGCCGATGTTATGA-1,0.5956162769404703,False,2.0,adjacent,0.6258615244570771,0.4553865016998272,0.711099035835702,0.5896672797191105,0.8194985876327671,0.5099203031822995,0.5255013893201488
CTAGCGCCAATCCTAC-1,0.6468061560019426,False,1.4142135623730951,adjacent,0.9622740530197479,0.5493600104033143,0.6963857771833026,0.5675602370469449,0.98058471710123,0.5592988909323969,0.540095222171798
CTAGCTTAATGGTCCC-1,0.7310172689707884,False,9.899494936611665,distal,0.8101209385275595,0.6681435657359416,0.5784289137825336,0.683326831261959,0.9220895408559853,0.6063057707431558,0.5771809141646962
CTAGGCGCCCTATCAG-1,0.6128772860088694,False,8.48528137423857,distal,0.8945271136376304,0.47138159728027645,0.7349384160954132,0.6073510561221646,0.8805779705910822,0.47138159728027645,0.47138159728027645
CTAGGCGGCAGAGAAT-1,0.819328667765384,True,0.0,tumor,0.7199139868843932,0.5000712131626694,0.8390946330045144,0.5876051942261605,0.8971553193299249,0.4458841888201527,0.44588418882015274
CTAGGGATAGGGACAA-1,0.4777071838600011,False,4.47213595499958,mid,0.5605853721971428,0.47770718386000116,0.7378782812238757,0.5440097345297145,0.7467140095683114,0.47770718386000116,0.4777071838600011
CTAGGTCTGAAGGAAT-1,0.6724150285427664,False,11.045361017187261,distal,0.8044594920953388,0.461377696037452,0.7278743799810511,0.565754518939605,0.9496651677681079,0.5160910785388297,0.5317234735392233
CTAGGTTCGGACGTGA-1,0.5359551277457982,False,5.656854249492381,distal,0.6357028739155474,0.4653068048821268,0.5989383046313326,0.49827602221850686,0.8195411199793498,0.5202555004427603,0.5359551277457982
CTAGTAGAAAGGGATT-1,0.6153294957842693,False,4.0,mid,0.8086393951215887,0.4735551468539263,0.7291771164242322,0.541648553753553,0.8497302862573587,0.4735551468539263,0.4735551468539264
CTAGTATTCGGAATTA-1,0.7325459192203881,False,1.4142135623730951,adjacent,0.9511462222965316,0.44552193055787764,0.7179471102937078,0.6152780099946126,0.810703191685953,0.49967799265575547,0.5151511532551493
CTAGTCACGTCTTAAG-1,0.5315403539780734,False,5.0990195135927845,distal,0.7078712218320979,0.509991516344969,0.7273309925876387,0.5244533615709004,0.8457366455764892,0.509991516344969,0.45544223374017717
CTAGTGAAGGACAGGA-1,0.8132299902070842,True,0.0,tumor,0.8959204146463803,0.47513731755497335,0.7093016775344145,0.5241747013691503,0.9316593188371364,0.5808486132010625,0.558196192705472
CTAGTTACAACCCGGT-1,0.4935629493395753,False,2.8284271247461903,mid,0.4935629493395753,0.4935629493395754,0.6184654182689628,0.5268702743874122,0.6520282062789476,0.4935629493395754,0.4935629493395753
CTAGTTGGGCCCGGTA-1,0.757987595640162,True,0.0,tumor,0.7181537832766725,0.4451039402552527,0.8430934068996265,0.5458247413104459,0.8673225447836278,0.6073956417544447,0.6537646993256424
CTATAAGAGCCAATCG-1,0.5196495250833991,False,1.4142135623730951,adjacent,0.6162431031600067,0.5025203267136054,0.7033731817421836,0.6128016496683945,0.8986542178888117,0.4966498851300723,0.5121018144759995
CTATAAGTAGGGTTTG-1,0.6086297083621945,False,2.8284271247461903,mid,0.807849857883297,0.4675639525163017,0.7330992587638634,0.5359211577402515,0.8207202926225444,0.5224228575674822,0.4675639525163016
CTATACTTAAAGCGAG-1,0.6045533076965948,False,1.4142135623730951,adjacent,0.7259469802522805,0.4569469988296271,0.7277350498801762,0.4930799383232087,0.8741907854404444,0.5114993776588828,0.4569469988296272
CTATAGGCGTTGATGT-1,0.762179441246487,True,0.0,tumor,0.7312601014323136,0.5295286927121068,0.7294627431310261,0.5421947277489829,0.7706069219194114,0.5295286927121068,0.5452902445044228
CTATATCCAGCCTGGC-1,0.7595839205101871,True,0.0,tumor,0.6429108844674803,0.52120294512871,0.7312392019171822,0.5677348641067083,0.7984348096457496,0.52120294512871,0.46625424956807665
CTATCACAACGCTGGA-1,0.48893718999052554,False,13.038404810405298,distal,0.5721219045495922,0.5443936663632366,0.6137142618291256,0.5554849616377789,0.6745864829269296,0.4889371899905256,0.48893718999052554
CTATCGACGAAATACA-1,0.6144736108788943,False,8.602325267042627,distal,0.7255615003065262,0.5229894666443738,0.7334754500362257,0.5713091456278214,0.956465943323448,0.4680098088391016,0.4680098088391017
CTATCGCGTAGAGAAC-1,0.5386461891226981,False,10.295630140987,distal,0.6347507848929016,0.5180819508691102,0.7270801984060637,0.5319103085697301,0.8219053317963022,0.5728913163288687,0.6042109537344448
CTATCGGGTCTCAACA-1,0.5351072045604733,False,3.1622776601683795,mid,0.6356099871816309,0.5743496380513602,0.7311974028869198,0.5001523342436233,0.8708483296520854,0.46447082427687675,0.46447082427687686
CTATGAACACCTTGCC-1,0.7700257163557616,True,0.0,tumor,0.6419448624347471,0.5264262757992904,0.7326952014713258,0.5392502182838249,0.9036261025410878,0.5264262757992904,0.542153326804723
CTATGCCCGAATGCAA-1,0.5913726801538205,False,13.416407864998739,distal,0.7055397648107897,0.45126233071392746,0.7216254249568077,0.5204759516245888,0.7816315994802253,0.5057496888294414,0.521317505433874
CTATGGGAAGCGGAAT-1,0.5483475450036225,False,9.486832980505138,distal,0.7266157647364803,0.529048777920204,0.735363372903082,0.5770476880491927,0.7727394057791193,0.4739452711363763,0.4739452711363762
CTATGTCACTAGCCCA-1,0.6091153732852446,False,1.4142135623730951,adjacent,0.7155993980939642,0.5634075807959774,0.7268990692749261,0.6896115476787604,0.8740910544208709,0.5089511849251024,0.5245101551739237
CTATGTCTATTGAAAC-1,0.9107968885598046,True,0.0,tumor,0.7442549555072544,0.4145070501031043,0.6766148358691412,0.5284400601906036,0.9150893032614978,0.5924470700427898,0.5625472727127969
CTATGTGAGTCACGGC-1,0.7509295308158375,False,1.4142135623730951,adjacent,0.9785292314551635,0.5448457151349645,0.8384537145404893,0.6435341544520613,0.8912858555014856,0.49742394124604455,0.4374686507273031
CTATTCATGTGTCCCA-1,0.48929944825280053,False,3.1622776601683795,mid,0.48929944825280053,0.5447899830946145,0.6169397536643817,0.48929944825280036,0.6487106832454822,0.48929944825280053,0.48929944825280053
CTATTGTGTTTGGTCA-1,0.6551580003343922,False,1.4142135623730951,adjacent,0.794358059781902,0.4367998662431032,0.7170344981329767,0.5104497575656244,0.8363457967775147,0.5446661341160589,0.5754850677940462
CTATTTGCTTGGAGGA-1,0.4884077356072006,False,18.867962264113206,distal,0.6547678760519423,0.48840773560720063,0.4884077356072006,0.521679763696149,0.6472469838699743,0.48840773560720063,0.4884077356072006
CTATTTGGTTACGGAT-1,0.5300953017889984,False,9.486832980505138,distal,0.6172695015697858,0.5083257475833968,0.7264601794571699,0.5229281613999889,0.8930370148745884,0.5131527615225994,0.5300953017889984
CTCAAACCACTGCCCG-1,0.8124975119624844,True,0.0,tumor,0.7963086811941519,0.5153139261983938,0.7271707629716323,0.5293187686934553,0.8208097572136326,0.460569581452377,0.460569581452377
CTCAACTAACCCGGAT-1,0.7520163056026624,True,0.0,tumor,0.8988788571216259,0.5792912122957267,0.6013556818815137,0.6385461368407362,0.8566014601794572,0.4693752438276765,0.46937524382767654
CTCAAGACATTAGCGC-1,0.8120675790797843,True,0.0,tumor,0.5855765479574208,0.5855765479574208,0.705142674023296,0.6005926173623883,0.7982544138309325,0.4791097735421427,0.4943193127443252
CTCACACGCAAGCCTA-1,0.8013749890526348,True,0.0,tumor,0.7440645377027253,0.4131973471548793,0.6946859499526278,0.5902078805105055,0.8367637870801398,0.5371577897911286,0.4944068916648753
CTCACATTTACTAAAT-1,0.6054251160420697,False,10.0,distal,0.7170623641531516,0.46413643203477684,0.730215125675751,0.4641364320347768,0.6555217252293081,0.46413643203477684,0.4641364320347768
CTCACCAGTACAAGTG-1,0.8172944482926091,True,0.0,tumor,0.8787131471883186,0.5161777728238186,0.7010603020676587,0.6129725612588008,0.8627671838013358,0.5161777728238186,0.5461421485497727
CTCACCGATCCAAACT-1,0.6382592495282681,False,1.4142135623730951,adjacent,0.674144048746958,0.4762271885662623,0.7036588084489773,0.5663638559140984,0.8493474951381128,0.5371361162198816,0.4914491126663004
CTCACTGTGATACTTA-1,0.6110421095373445,False,7.615773105863909,distal,0.717354957364989,0.5244168261222266,0.7342417655910383,0.5377101562354867,0.7975929625099365,0.4692916457671516,0.4692916457671515
CTCACTTGGCTGGTAA-1,0.5942906505521452,False,2.8284271247461903,mid,0.8036374445001764,0.5005480317301082,0.722147912835089,0.48314105779412575,0.9069333591460677,0.5603856657192219,0.5929968710440202
CTCAGAGCTAATGTCG-1,0.558880900629772,False,18.973665961010276,distal,0.5707564695610172,0.48762748704230063,0.7400727303126567,0.4876274870423006,0.7002129550594427,0.48762748704230063,0.4876274870423006
CTCAGATTGTGATAAG-1,0.6779285196773911,False,1.4142135623730951,adjacent,0.7965641197124227,0.4538260045700273,0.8493632614390013,0.49014843300079886,0.7934775913198815,0.5083659985014274,0.5239488539103988
CTCAGCAGACTGCCGA-1,0.7927524462384853,True,0.0,tumor,0.8679289973805941,0.5353712682754649,0.7128058295714207,0.6364190306340447,0.8369764488130542,0.48184993219268424,0.49714174250205023
CTCAGGACTCACCTGT-1,0.6748194679978663,False,1.4142135623730951,adjacent,0.9857093759869215,0.5610141992853914,0.7254988017611326,0.553996916160434,0.8478339302528181,0.5610141992853914,0.5921091392584454
CTCAGTCACGACAAAT-1,0.542045843584048,False,2.8284271247461903,mid,0.7246186999572722,0.5219150767554045,0.7323677757342697,0.535382414683535,0.8209036217026431,0.46695090007245166,0.46695090007245177
CTCATAAATGTGTATA-1,0.4500919578665776,False,5.0990195135927845,distal,0.8680543944713816,0.5590047496083277,0.7096500027866021,0.552090880380464,0.7927750742849432,0.5045483537374525,0.520107323986274
CTCATCACTTAGTGAT-1,0.6788441174831412,False,3.1622776601683795,mid,0.8109522747961136,0.4624644708242769,0.7198141336454327,0.5634416392650803,0.8510194563486128,0.4624644708242769,0.462464470824277
CTCATGGCTCACAATC-1,0.7811601818456859,True,0.0,tumor,0.8032101655241598,0.4784936248738288,0.7067937357186647,0.5880956361812405,0.8952325639378501,0.4784936248738288,0.49593952277450015
CTCATGGTAATTTGCG-1,0.6625464765407918,False,1.4142135623730951,adjacent,0.8018354418621932,0.5528401667007251,0.8265340244106336,0.5464768061825411,0.9247969447108829,0.4987212592964139,0.5141838042690743
CTCATTAACGTTGCCC-1,0.661196964992317,False,4.47213595499958,mid,0.8804176187556892,0.5520258596667224,0.7203853870590202,0.5502591539876274,0.8449563970115894,0.5520258596667224,0.5829173334607208
CTCATTCGTGAACATC-1,0.5316995883790735,False,2.8284271247461903,mid,0.6262237827193521,0.4545505210945773,0.7235690798640138,0.4908580876479222,0.8179483569314525,0.5089945320675968,0.4545505210945774
CTCATTGCTCTAACAA-1,0.5975868026528453,False,4.0,mid,0.806767727433168,0.4569191328094522,0.7156551301343144,0.5259153987627488,0.8991147405380194,0.5116232266374383,0.5272529677311487
CTCATTTGATGGGCGG-1,0.7517456071209624,True,0.0,tumor,0.8108361663787177,0.49392520760185044,0.7183163350610265,0.6113581898233296,0.9470780277897553,0.440004458563228,0.44000445856322795
CTCCCAATGAGTCGCG-1,0.5417393173621229,False,11.40175425099138,distal,0.6467053075479758,0.47104720503817643,0.725261940589645,0.5391127459176279,0.8535801969394311,0.6390142859796764,0.6870048805343906
CTCCCTCCTTTCGATC-1,0.8107817612917095,True,0.0,tumor,0.8892372141410764,0.4988574931728251,0.7218344201081202,0.5141726578610044,0.9228433900333513,0.4988574931728251,0.44474168199297776
CTCCCTTGTATCAAGG-1,0.6208748337990938,False,2.8284271247461903,mid,0.8890700180200265,0.47048988463467656,0.6015019784874325,0.5388266547771646,0.8016995339041469,0.47048988463467656,0.47048988463467645
CTCCGAGTAAATCCGC-1,0.7873942086448356,True,0.0,tumor,0.7227470322688513,0.4939375924997059,0.6917739508443403,0.5637797469765368,0.9236427048225816,0.5555369782087722,0.45728935279177707
CTCCGCCCACATGAGG-1,0.9807405991990511,True,0.0,tumor,0.780912705047465,0.5414491568980784,0.8095009195786658,0.6731334410819446,0.828154653478706,0.5948466440023036,0.5719620066719214
CTCCGGCCTAATATGC-1,0.8110325554732845,True,0.0,tumor,0.7175407308328224,0.49816084266845007,0.8420553976481079,0.5135428858050494,0.9231821821733737,0.4440450314886028,0.4440450314886028
CTCCGGCTTGTAGACA-1,0.8252919960828338,True,0.0,tumor,0.9751527986772928,0.43696706236415317,0.8141197124226718,0.5795036132939495,0.8591607341376347,0.6521051230129981,0.6444216208469679
CTCCTAAGTTATGTCT-1,0.6864356175508155,False,2.8284271247461903,mid,0.8202873915547381,0.5230049477666933,0.7313715655130134,0.5352988166230098,0.8770360527635758,0.6289174980029352,0.5349638935995732
CTCCTAGTAATCGTGA-1,0.5437257665145978,False,5.656854249492381,distal,0.7260816660164595,0.4728027643092013,0.7350986457114195,0.540728975087778,0.7984861417881772,0.4728027643092013,0.4728027643092014
CTCCTCCAGCTCACAC-1,0.48559326756952575,False,8.94427190999916,distal,0.6517862118932175,0.48559326756952564,0.7384007691021569,0.5198517527726688,0.6452611632743452,0.48559326756952564,0.48559326756952575
CTCCTGTTCAAGGCAG-1,0.5462416700503978,False,12.649110640673518,distal,0.7311068383213509,0.47539430418547624,0.7302638912110573,0.5764216314625945,0.7992737235162811,0.47539430418547624,0.47539430418547635
CTCCTTTACGCAAGTC-1,0.7770121256996362,True,0.0,tumor,0.4863270727674673,0.573909974177488,0.6989842835646213,0.5875643240632373,0.7247467858745678,0.4690470440345044,0.4076798751602296
CTCGAATGGAACGTAT-1,0.6440354774245428,False,2.0,adjacent,0.6870181500678073,0.46701282456172943,0.7063548459009085,0.5851214029612292,0.91409052643312,0.46701282456172943,0.48213390020780095
CTCGAGACATACGATA-1,0.6709978423738666,False,1.4142135623730951,adjacent,0.8794051533559978,0.5074092651420858,0.7257356629326199,0.5575173233758756,0.8633817028778266,0.5618842383597442,0.5930127944841203
CTCGAGATCCAAAGCA-1,0.7471676180922125,False,1.4142135623730951,adjacent,0.9688690111278307,0.43883408571587806,0.7160731204369392,0.544464879525906,0.8742347844196682,0.6065658535981224,0.5852461365753456
CTCGAGGCAAGTTTCA-1,0.5464446939116726,False,3.1622776601683795,mid,0.646203719184826,0.4711308030987014,0.7271498634565011,0.5063404484571514,0.7403062915607024,0.526187866515571,0.4711308030987014
CTCGAGGTCGAACAGT-1,0.7304559677072635,False,1.4142135623730951,adjacent,0.8849551357075183,0.4313381262888034,0.715104776235858,0.5804975013468575,0.9022401346955418,0.4848192114535535,0.4313381262888035
CTCGATATTTGCGAGC-1,0.4589254862620521,False,2.0,adjacent,0.6296977465678353,0.45892548626205204,0.7267040071337012,0.5303591001133217,0.7672908655185866,0.45892548626205204,0.4589254862620521
CTCGCACCTATATAGT-1,0.7260411939395388,False,1.4142135623730951,adjacent,0.7844052462427317,0.638079226191582,0.7077202808894834,0.6585780898772037,0.9271376904055826,0.5222401803241128,0.48457018654310074
CTCGCATTGCATAGCC-1,0.8982253326008551,True,0.0,tumor,0.8580876479221238,0.4913027054809365,0.8189475004179902,0.5434728492076761,0.6937099059301822,0.49746728838853904,0.4377194449088781
CTCGCCGAATGTAGGG-1,0.459900796968177,False,9.055385138137417,distal,0.7128963941369895,0.459900796968177,0.7182118374853703,0.5615913355254603,0.7900911365522988,0.5147070662034714,0.459900796968177
CTCGCTAGGTAAGCGA-1,0.5838886633068208,False,5.656854249492381,distal,0.801617158037489,0.4987862800101557,0.7220434152594326,0.6156904270932027,0.8714731151570616,0.4987862800101557,0.5142594406095492
CTCGGGATAACACCTA-1,0.5944817318333453,False,5.830951894845301,distal,0.8810399598729308,0.5088149510486912,0.7234297497631389,0.5266101915324454,0.9283036633550102,0.45429972691300224,0.45429972691300236
CTCGGGCATCGTCGGG-1,0.6856673115659907,False,1.4142135623730951,adjacent,0.728125174162626,0.46957030596890154,0.7322423786434821,0.5726708651470397,0.8792580012143718,0.46957030596890154,0.4695703059689015
CTCGGGTTCTCTGGCC-1,0.7361008272227132,False,1.4142135623730951,adjacent,0.8997891471140091,0.4384996934737781,0.7170066321128017,0.5439057013877278,0.9805348515914432,0.49218203322868104,0.4384996934737781
CTCGGTACCACTGCTC-1,0.5132045127029243,False,10.770329614269007,distal,0.6259636998643854,0.6603255989646226,0.7168185364766204,0.5780954504077727,0.8343687759777306,0.49771808257011396,0.5132045127029243
CTCGGTCCGTAGCCTG-1,0.7048351525863646,False,4.0,mid,0.9818220661725093,0.459900796968177,0.7020425792788274,0.5413364543275929,0.9224048668737552,0.459900796968177,0.47488475410227615
CTCGGTTGTCGGCCCT-1,0.6756236017229164,False,1.4142135623730951,adjacent,0.8133998402348177,0.45034275204815244,0.7203505545338015,0.5519645544223374,0.9643212277475162,0.5045390650640609,0.5200237259257491
CTCGTCGAGGGCTCAT-1,0.7564629262505871,True,0.0,tumor,0.8680358171245984,0.4430975868026528,0.5815568745471772,0.6129669880547659,0.8644699442972922,0.502727773752686,0.5197649700241241
CTCGTCTGTGCCTTCG-1,0.5460983590894978,False,7.615773105863909,distal,0.7273681472812054,0.4751713760240762,0.6062949339575322,0.5432239127607795,0.8013622083967651,0.4751713760240762,0.4751713760240763
CTCGTGGCACTGAAAG-1,0.5481126742621476,False,19.235384061671343,distal,0.8093360456259638,0.4733322186925263,0.47333221869252634,0.541397759571978,0.797950820874289,0.5314947952466762,0.5481126742621476
CTCGTTACGGCTACCA-1,0.48938304631332563,False,3.1622776601683795,mid,0.655724609411284,0.4893830463133255,0.616737725018113,0.5233442939679356,0.7536687815509345,0.4893830463133255,0.48938304631332563
CTCGTTTCTAATGTTT-1,0.7533897023112873,True,0.0,tumor,0.8339556744505751,0.5130629710131465,0.6878239424845344,0.5385684296568765,0.8694462288474908,0.5437682290215311,0.4559079943631021
CTCTAACACCGGCAGC-1,0.49958200969737504,False,13.038404810405298,distal,0.49958200969737504,0.49958200969737504,0.49958200969737504,0.4995820096973749,0.5258977991710593,0.49958200969737504,0.49958200969737504
CTCTAATGCATTGATC-1,0.7919124847732103,True,0.0,tumor,0.6579353136785003,0.504093208741261,0.6884648609485593,0.6317858403462817,0.8055875770348794,0.6068073591063059,0.6024155858631699
CTCTACACTGGCGATT-1,0.6579446023518921,False,2.8284271247461903,mid,0.791877983986327,0.5447806944212228,0.7152301733266454,0.5692173363800184,0.8664352320359502,0.4307808058853035,0.43078080588530343
CTCTACATCCTGCGTG-1,0.5624397894921219,False,19.697715603592208,distal,0.5758002192126921,0.49111073956417545,0.7429707964108566,0.5243976295305504,0.5709116881821675,0.49111073956417545,0.4911107395641755
CTCTAGCCCTCGGAAA-1,0.6814276956393659,False,5.830951894845301,distal,0.7198954095376098,0.5146172756940186,0.7297762358579949,0.629584424752457,0.7947080961055036,0.459956529008527,0.4599565290085269
CTCTATTTGGCTGCAG-1,0.5383595672008981,False,4.242640687119285,mid,0.7976787605194225,0.5176268058729185,0.7306749150086385,0.5643426405840717,0.9015258845994772,0.46279886306637685,0.46279886306637685
CTCTCACAATCGATGA-1,0.8856617383619557,True,0.0,tumor,0.7884643965148898,0.5617634856056525,0.7189781530401828,0.616563562392019,0.9485490603284671,0.4420944100763529,0.4420944100763529
CTCTCGATGTGCGCCT-1,0.6055724078629946,False,1.4142135623730951,adjacent,0.8160285348046591,0.5718850433781048,0.7270801984060636,0.5651005963328317,0.9581643039214823,0.6265426938391325,0.5286144218596985
CTCTCGCTGTACTATG-1,0.6719612104999164,False,1.4142135623730951,adjacent,0.7267411618272678,0.4554979657805272,0.7246140556205763,0.5245258132233553,0.8490424355488285,0.4554979657805272,0.45549796578052726
CTCTCTAACTGCCTAG-1,0.8947858695392552,True,0.0,tumor,0.8914479184082928,0.41615114529342917,0.703136320570696,0.5627004031284252,0.8962709398475288,0.5294791531206846,0.4838775168987507
CTCTGCAGGCATTCTT-1,0.6902214154345904,False,2.0,adjacent,0.6435657359415928,0.4734715487934013,0.7353773059131695,0.5415965371825595,0.8772472478638494,0.4734715487934013,0.4734715487934013
CTCTGCGAAGCAAGCA-1,0.898631380323405,True,0.0,tumor,0.9661660071708558,0.5602277582715636,0.6966505043749651,0.6470731390142859,0.9195376000610122,0.6487147572250397,0.639986942779118
CTCTGGACGCCTGGTG-1,0.879057491580481,True,0.0,tumor,0.7746985825484404,0.47851529844507606,0.8290071337011649,0.647084285422356,0.9289225823294233,0.6150061614866831,0.6853568044840407
CTCTGTCCATGCACCA-1,0.5308078757334734,False,11.40175425099138,distal,0.5487469579594643,0.5192987670834185,0.729629939252076,0.5620501959910086,0.8486508446337379,0.5151622111996631,0.5308078757334734
CTCTGTGCCTGCTATG-1,0.6641149353906419,False,1.4142135623730951,adjacent,0.8787177915250144,0.4908104057911783,0.7173061918296829,0.5429861227219528,0.8475772695406798,0.5447373472787284,0.5062181033590498
CTCTGTTTGAGGATTC-1,0.7316621682948384,False,1.4142135623730951,adjacent,0.9695238626019433,0.4701245301479376,0.8263528952794962,0.5888963198276023,0.9471616258502802,0.522816078074396,0.5529255340323723
CTCTTCTATTGACTGG-1,0.47539430418547635,False,17.029386365926403,distal,0.6408720206580097,0.5857127818338319,0.7236108788942763,0.6427074625202028,0.7722627501708628,0.47539430418547624,0.47539430418547635
CTCTTCTGGAAGTTAG-1,0.4692916457671515,False,1.4142135623730951,adjacent,0.5573761355403221,0.4692916457671516,0.7339282728640696,0.5376414200523882,0.8774936421475023,0.5243579978574127,0.5400912413117729
CTCTTGTCCCGCTTGG-1,0.5576110062817972,False,7.615773105863909,distal,0.6529983837708299,0.48400490441955074,0.6085381485816196,0.5514573928551523,0.7260638219859966,0.5410776099624117,0.5573840972603722
CTGAAACGGCCCTCAG-1,0.7301016711650387,False,1.4142135623730951,adjacent,0.6944212227609653,0.4959625232990891,0.7025581006520649,0.5148042876516378,0.805716640707269,0.5560726250410251,0.519100166399949
CTGAAAGAGATCCGAC-1,0.7378922142339631,False,1.4142135623730951,adjacent,0.8696706236415315,0.5317363007548594,0.711461294097977,0.559282171320292,0.9529753576383694,0.5317363007548594,0.5622686125110468
CTGAATCCGAGACCTC-1,0.7427170165842628,False,2.0,adjacent,0.7223058202827471,0.5707022856328992,0.7276584183246948,0.5298203570566051,0.9358494882918718,0.515970325784738,0.4612383659365769
CTGAATTTATTGCCAG-1,0.8552001974506572,True,0.0,tumor,0.655859295175463,0.4777722045737428,0.6796173995429973,0.5571049062772855,0.801878463086323,0.5507718887588475,0.521102538992524
CTGACATAGAAATAGA-1,0.5352465346613482,False,11.045361017187261,distal,0.5536049341433057,0.6328713766433212,0.5982207546118263,0.6016218023741848,0.8222382574057616,0.5195867159585601,0.5352465346613482
CTGACTGCGCAGCTCG-1,0.5256208151208989,False,6.324555320336759,distal,0.798166415872485,0.5100379597119272,0.72696176782032,0.5605472886362368,0.8713469847499539,0.5645779536433273,0.5256208151208989
CTGAGAAAGTTCGGCG-1,0.4681491389399767,False,9.055385138137417,distal,0.6377417377250182,0.5812108714633377,0.7238616730758514,0.5339872559401065,0.7973011026144193,0.4681491389399766,0.4681491389399767
CTGAGAGTAGAAATAC-1,0.46970963606977645,False,11.40175425099138,distal,0.7222779542625721,0.524766699486646,0.7259725241041074,0.5707369633468947,0.7932869290765787,0.46970963606977656,0.46970963606977645
CTGAGCAAGTAACAAG-1,0.8080349678744597,True,0.0,tumor,0.7244933028664846,0.5046907800627914,0.7209218079473889,0.5521819093797025,0.8786009497912982,0.5046907800627914,0.5202108263469241
CTGAGCGAGACTTATT-1,0.5906521444892955,False,3.1622776601683795,mid,0.722147912835089,0.5596085133787859,0.7101933901800145,0.585260733062104,0.8978593029975038,0.559608513378786,0.5906521444892955
CTGATAGTGTATCTCA-1,0.8982213517408301,True,0.0,tumor,0.8027132214977057,0.5381052344770787,0.7135442791060581,0.6441583533039812,0.9280734020304061,0.5450098150315505,0.4998845550592751
CTGATCCCTTTATGCA-1,0.6862365745495655,False,1.4142135623730951,adjacent,0.7286174738523843,0.5799878628001016,0.4699604302513515,0.5382693343736648,0.7964797883355773,0.4699604302513515,0.4699604302513514
CTGCAAATGGGCTCCA-1,0.682387082905391,False,3.1622776601683795,mid,0.8130375819725426,0.5761113897713128,0.7222872429359639,0.6025450965093164,0.936808666038948,0.5212803507403073,0.4664493117093017
CTGCAAGCACGTTCCG-1,0.5297768329869984,False,5.656854249492381,distal,0.5415017927139646,0.5184256317846019,0.5921738282338516,0.5276560961563469,0.7633793562656013,0.5688600320768855,0.600126591348795
CTGCACAACTACATAT-1,0.540704293755623,False,1.4142135623730951,adjacent,0.5572646714596221,0.4699325642311766,0.734304464136432,0.5382711921083432,0.7723008826195232,0.5800219212692044,0.6114760232800694
CTGCACCTAGTCCACA-1,0.7267099784237386,False,3.1622776601683795,mid,0.7915621690910104,0.6103029965260361,0.7189433205149641,0.5850675286555573,0.8681189263075765,0.5016564800881804,0.4473332218692527
CTGCACCTGGAACCGC-1,0.6056480442034697,False,1.4142135623730951,adjacent,0.8982240056475135,0.4584238978989021,0.7276793178398261,0.5272715450779318,0.8736642643224011,0.5718912358270326,0.5286184027197235
CTGCACTCCAGTACAG-1,0.5486859181057475,False,4.0,mid,0.7264114139218637,0.47759571977930115,0.7378364821936131,0.5455535120474094,0.7467741415065838,0.47759571977930115,0.4775957197793011
CTGCAGAGAATCAGAG-1,0.6965191359941401,False,2.0,adjacent,0.7353749837448215,0.48029872373627597,0.6046787047873823,0.5824648423712124,0.7490327557733993,0.48029872373627597,0.480298723736276
CTGCAGGGTGACGCTC-1,0.5318787270801985,False,10.295630140987,distal,0.7140806999944269,0.571015004303752,0.5959427074625202,0.5301714689108102,0.8511265205313903,0.5202833664629352,0.5370976345729731
CTGCAGGTGCTCGGCC-1,0.7433101647279878,False,1.4142135623730951,adjacent,0.7970053316985268,0.509266999820419,0.7113985955525832,0.5922216649018187,0.7636096175902052,0.5092669998204191,0.45457838711475235
CTGCCAAGGTTGGAAG-1,0.6466747876211175,False,3.1622776601683795,mid,0.7059298890932396,0.4929251271000143,0.7183999331215516,0.5410094930242063,0.8994843319634984,0.43911274591762806,0.43911274591762794
CTGCCATGCATCACAT-1,0.5261900781044738,False,2.0,adjacent,0.7015967229560274,0.56516933251593,0.7275817867692136,0.5576064946404354,0.7850063211866818,0.45602742016385217,0.4560274201638523
CTGCCCACGAAGCGTT-1,0.8134568992285093,True,0.0,tumor,0.8894276319456056,0.43532296717382823,0.8367399542997269,0.5412881532259562,0.9276246124423249,0.43532296717382823,0.4353229671738283
CTGCCTAGCCACCAAG-1,0.70155890478579,False,1.4142135623730951,adjacent,0.971590592431589,0.5208499755398268,0.7074067881625147,0.5562187668357205,0.9321257080169074,0.5208499755398268,0.4832087324145508
CTGCCTCATATGCAAC-1,0.6690432401015916,False,5.0990195135927845,distal,0.8820895799661893,0.45825670177785205,0.7276375188095637,0.5630143602890636,0.8442025478342235,0.5675534253531245,0.5987810606603451
CTGCCTTTAATACCTT-1,0.6766387210292911,False,1.4142135623730951,adjacent,0.9004579315982092,0.4979286258336584,0.720893941927214,0.5815173976852626,0.9286336556991878,0.4439057013877278,0.44390570138772784
CTGCCTTTCTAGTAAA-1,0.541026743417648,False,6.324555320336759,distal,0.81606104516153,0.5253023463188987,0.7335451150866633,0.7093351167586246,0.8230713047457299,0.4702669564732765,0.47026695647327654
CTGCGACCTCGCCGAA-1,0.49211391629047535,False,14.422205101855956,distal,0.5766454884913336,0.4921139162904754,0.7437510449757565,0.49211391629047535,0.6502183816002136,0.4921139162904754,0.49211391629047535
CTGCGATTTCGAGATT-1,0.5541237728998972,False,19.6468827043885,distal,0.5659913801110924,0.48291812963272585,0.736582511285738,0.48291812963272573,0.7480295790470993,0.48291812963272585,0.48291812963272573
CTGCGGGTGAAATGTT-1,0.8881457950175555,True,0.0,tumor,0.9753014174515595,0.4713599237090292,0.5576408627319845,0.6646677441527802,0.9533948145736354,0.5151622111996631,0.47791020772127607
CTGCGGTAGTCACGTG-1,0.5129139099210993,False,4.47213595499958,mid,0.8484088502480076,0.43261996321685336,0.7156829961544892,0.5718757547047131,0.8637498276706647,0.5467406045068643,0.5103223700448244
CTGCGTTACGATATAA-1,0.6665193748457418,False,4.47213595499958,mid,0.7951568856935852,0.44351557710527784,0.7194449088781141,0.5452729941109811,0.866568695606262,0.5515180788546447,0.5129457568012994
CTGCTCTCAACACACC-1,0.5436182832939228,False,13.416407864998739,distal,0.7298203570566052,0.583037643897032,0.721005406007914,0.5739582752791247,0.7447443219317311,0.5830376438970319,0.6145731323795193
CTGCTCTGACGGCAAA-1,0.5517392377449224,False,22.847319317591726,distal,0.480605249958201,0.4806052499582009,0.6103215738728195,0.5496108045848891,0.7479635805782638,0.4806052499582009,0.480605249958201
CTGCTGAGGCCACGAA-1,0.8039426437687597,True,0.0,tumor,0.8045105797989932,0.5891031476217901,0.708646826060302,0.667002916643445,0.9607338443081453,0.5360555338819843,0.500318468802
CTGCTGTCTAACGAGC-1,0.5330809468077483,False,9.055385138137417,distal,0.7983893440338851,0.5721884733755659,0.585876107674302,0.5963774173772503,0.823809020964047,0.46268739898567685,0.46268739898567685
CTGCTTGGCGATAGCT-1,0.4760073566293262,False,1.4142135623730951,adjacent,0.6501885600698508,0.47600735662932625,0.7379200802541381,0.5453120065392262,0.8544205774426032,0.47600735662932625,0.4760073566293262
CTGCTTTATGTCCGCG-1,0.8549294989689573,True,0.0,tumor,0.6005498894647866,0.5086818133967441,0.6895725352505155,0.5509520890226459,0.8468850189342273,0.6340665192863822,0.6996958622940902
CTGGAAATGGATGCTT-1,0.8795949076838561,True,0.0,tumor,0.892446450797897,0.4662078062011184,0.8239842835646214,0.6540229244459305,0.915387029687578,0.5270548093654598,0.48121830240205105
CTGGAAGACACGGTGG-1,0.6015119306374949,False,7.0710678118654755,distal,0.8037767746010515,0.460764643593602,0.7300200635345261,0.56482379386576,0.7925785455110774,0.5154996996662269,0.5311382871155484
CTGGACGCAGTCCGGC-1,0.6704126559501914,False,1.4142135623730951,adjacent,0.9739499154730722,0.4965539021716918,0.8419160675472329,0.5803098701443459,0.9649636128441821,0.44259599843950287,0.44259599843950287
CTGGATTTACACTTGA-1,0.6823512551651659,False,4.47213595499958,mid,0.7243075293986513,0.4653346709023018,0.7318592208660759,0.6017964294339482,0.7967995142512694,0.5201904797290186,0.4653346709023017
CTGGCATCCGAATGAG-1,0.8190778735838089,True,0.0,tumor,0.9885099110145088,0.5622929399889774,0.722809730814245,0.5178881272176706,0.9272388880577973,0.5080625685039661,0.5250396095572488
CTGGCGACATAAGTCC-1,0.6768855343508411,False,1.4142135623730951,adjacent,0.8042783629642014,0.5511155696743391,0.7163866131639078,0.6157182931133776,0.9263383756163523,0.5432635444339172,0.5739285515242712
CTGGCGATTTACATGT-1,0.5875590162498706,False,4.47213595499958,mid,0.865346746177711,0.5075207292227858,0.7228584963495513,0.5497334150736592,0.8406811628636882,0.556465845547939,0.5175993821705241
CTGGCGCACAGGTCTG-1,0.5449279862421478,False,14.142135623730951,distal,0.639497296996043,0.4740010031767263,0.7292049824444072,0.5420553976481078,0.7178360128711679,0.4740010031767263,0.4740010031767263
CTGGCGGGAATAAGTA-1,0.5982555871370451,False,2.0,adjacent,0.8102974233220012,0.4578665774954021,0.7155993980939642,0.5621486559289602,0.9036143694799613,0.5124623034671522,0.45786657749540216
CTGGCTCCTGCGGGAT-1,0.7461485179258128,False,1.4142135623730951,adjacent,0.8089877203737762,0.4582009697375021,0.7262651173159449,0.5629623437180702,0.8990795413546406,0.6264869617987825,0.598717366899945
CTGGCTGATTCATCCT-1,0.5308795312139234,False,16.97056274847714,distal,0.63195489420201,0.5700025389040604,0.5944658083932453,0.5615281725463969,0.84696421709683,0.46045811737167697,0.4604581173716769
CTGGCTGCTAACGTAA-1,0.6852015509430657,False,1.4142135623730951,adjacent,0.8044641364320348,0.46146129409797687,0.5957197793011202,0.5302160545430902,0.788994095336988,0.5710366778749992,0.6023439303827198
CTGGCTGGTTGTCAGT-1,0.559485991353572,False,9.486832980505138,distal,0.5713695220048672,0.5436412838185116,0.7406509502312879,0.5547325790930538,0.7015505240278428,0.4881848074458006,0.4881848074458005
CTGGGATAAATAATGG-1,0.5299639334081735,False,12.083045973594572,distal,0.45970573482695204,0.45970573482695204,0.7294906091512011,0.594051533559977,0.7660339613454301,0.45970573482695204,0.4597057348269521
CTGGGATACGCTACCC-1,0.6061655560067197,False,3.1622776601683795,mid,0.7135791116312769,0.5149795339562937,0.7285988965056011,0.5642980549517917,0.8184132794785827,0.5149795339562936,0.5306048518721985
CTGGGATCGCCCAGAT-1,0.6938519597773903,False,2.8284271247461903,mid,0.6431570343123595,0.5279155597664208,0.7335869141169258,0.5740288691969013,0.8507569291059116,0.47283063032937633,0.47283063032937633
CTGGGCACTAGTCGGA-1,0.5870574278867206,False,2.8284271247461903,mid,0.9497157665942151,0.48990630824772274,0.713990135428858,0.5720243734789797,0.9433718471064806,0.4294432369169035,0.4294432369169035
CTGGGCCTGCTATATC-1,0.8271391151344335,True,0.0,tumor,0.7072581693882478,0.4951203502449114,0.7103745193111519,0.5463690575711977,0.8948043072067395,0.5490380030590698,0.5105253939060994
CTGGGCGGCCAAATGT-1,0.6147920796808942,False,1.4142135623730951,adjacent,0.7302615690427093,0.5178776000544936,0.8431421724349328,0.6000352969588885,0.8502758735997324,0.5178776000544936,0.5335347648505983
CTGGGCTACTGGAGAG-1,0.46875821052380157,False,7.615773105863909,distal,0.5791209199502126,0.4017444128629549,0.7006074792398149,0.5041130245778299,0.794837159777893,0.5059880981131608,0.46875821052380157
CTGGGCTATCCTTTGG-1,0.5876346525903456,False,2.8284271247461903,mid,0.6938128146538113,0.49945816071881943,0.7187970239090453,0.6214865592896024,0.8690209053816617,0.547251481543406,0.5780686459502712
CTGGGTAGGCAGTTAA-1,0.6643736912922668,False,8.246211251235321,distal,0.6924798900221069,0.439502870200078,0.7009697375020899,0.5092663805755263,0.8025384477746783,0.439502870200078,0.43950287020007794
CTGGGTTGAGTTAAAG-1,0.6694652112642415,False,1.4142135623730951,adjacent,0.9729513830834682,0.4452711363763027,0.7217717215627264,0.5512771925913541,0.9628443286782414,0.4993002532711611,0.4452711363763027
CTGGTAAAGACTTACA-1,0.5293309766641985,False,2.8284271247461903,mid,0.8911274591762804,0.5137038894771716,0.5939015214847015,0.5966133496813986,0.9329616886221572,0.5683986946317661,0.5293309766641985
CTGGTAAAGTGTGGGC-1,0.5279575799555736,False,7.0710678118654755,distal,0.7922077318917311,0.5669899125006966,0.7269687343253636,0.6281000947444687,0.8477840647430313,0.4576993813743521,0.45769938137435207
CTGGTAACACATAGAA-1,0.45981719890765194,False,13.416407864998739,distal,0.6380111092533763,0.5145491587558131,0.729351279050326,0.5286444110052203,0.7361806539421619,0.5145491587558131,0.5301868615695734
CTGGTAACGAGCTCTT-1,0.6041552216940947,False,4.47213595499958,mid,0.88134184175816,0.5179581018905547,0.5951833584127515,0.567270430437125,0.7957611383415903,0.6276635270950603,0.6746801378969912
CTGGTCATTCCAATCC-1,0.659182649819667,False,1.4142135623730951,adjacent,0.9905348418138921,0.5489141540805141,0.7186367942930391,0.6761206784447044,0.9009494979716471,0.440924037229003,0.4409240372290029
CTGGTCCTAACTTGGC-1,0.7335331725065883,False,2.0,adjacent,0.8835339686785934,0.4461628490219026,0.7218622861282952,0.551890245035204,0.8729940132055601,0.5002476979571111,0.5157005119385992
CTGGTGAATGGGCCTA-1,0.9674007372552768,True,0.0,tumor,0.8801854019208978,0.5457219466582449,0.7141921640751269,0.611228148395846,0.9208839688252567,0.4855189581823924,0.43200691077300346
CTGGTTCAACGCATCA-1,0.8207896433945588,True,0.0,tumor,0.7953937468650727,0.4898258064116616,0.8481441230563451,0.5058722993182113,0.8584024850623465,0.4898258064116616,0.5052149266327498
CTGGTTCGCGAGCTAC-1,0.44811347043415267,False,6.324555320336759,distal,0.8752020286462688,0.6243908178367299,0.691286295491278,0.5906407326905572,0.8629798455342502,0.44811347043415256,0.44811347043415267
CTGGTTTCGAGCAAGA-1,0.4778186479407011,False,10.0,distal,0.6434914265544595,0.5330429074786206,0.7263278158613387,0.5123836593657694,0.7991299935174837,0.47781864794070106,0.4778186479407011
CTGTACTTCTTAGCAT-1,0.9033049099927547,True,0.0,tumor,0.8749094354344312,0.519645544223374,0.8384258485203143,0.5849021902691857,0.9233860441104432,0.5109018063373522,0.4737581707152012
CTGTAGCCATCTCACT-1,0.6108112196558945,False,2.0,adjacent,0.7174060450686434,0.46502814468037673,0.7317338237752885,0.5357242378643481,0.7656687698178736,0.46502814468037673,0.46502814468037673
CTGTAGTGAGGATCGA-1,0.5502066066352975,False,2.8284271247461903,mid,0.4791283508889261,0.6449776142971261,0.7336565791673634,0.578637908933846,0.6966299715179941,0.479128350888926,0.4791283508889261
CTGTATGGTGTAGAAA-1,0.7421238684405379,False,1.4142135623730951,adjacent,0.8818666518047892,0.43666053614222816,0.7176545170818703,0.506483494027383,0.9538054717130563,0.4904388588555116,0.5058040939164498
CTGTCAAATGGCTCGG-1,0.6658187434813418,False,5.656854249492381,distal,0.6217234204610899,0.439530736220253,0.7191035501309704,0.6099388805290826,0.8900700170422712,0.547446543684631,0.5089051838759245
CTGTCACGCCAGGCGC-1,0.6219775320260189,False,4.47213595499958,mid,0.5013607906518791,0.5188900654541853,0.7013459287744525,0.5387411989819613,0.8664322987706685,0.5096478354294772,0.47232506110620137
CTGTCCTGCGCACTAC-1,0.759854618991887,True,0.0,tumor,0.7342928532946923,0.47285849634955135,0.734945382600457,0.5409797692693529,0.7984010770950115,0.47285849634955135,0.4728584963495513
CTGTGCAGGGTAGGTC-1,0.5621969570305969,False,10.0,distal,0.6588223819874046,0.4908599453826004,0.740539486150588,0.4908599453826003,0.6762951099534492,0.4908599453826004,0.4908599453826005
CTGTGGTCGGGAGATA-1,0.5307521436931235,False,4.242640687119285,mid,0.8896784261271805,0.4545783871147523,0.725763528952795,0.49091567742295056,0.9514617927530749,0.4545783871147523,0.45457838711475235
CTGTTACCCAATCTAG-1,0.5441278333771228,False,3.1622776601683795,mid,0.812721767077226,0.4732207546118264,0.7286476620409073,0.5413345965929147,0.829477556120698,0.4732207546118264,0.47322075461182633
CTGTTCACTGCCTGTG-1,0.6726618418643164,False,2.0,adjacent,0.8008879971762433,0.4561110182243772,0.7145822883575768,0.561071169815527,0.8461502359811919,0.6199817942001524,0.6668020159075168
CTGTTCATCTCACGGG-1,0.7049267123669398,False,1.4142135623730951,adjacent,0.8927343996730387,0.4025525274480299,0.6886738560998718,0.5362016756766799,0.8573905085402019,0.5068519447385857,0.40255252744802983
CTGTTGGCTCTTCTGA-1,0.4950398484088502,False,4.0,mid,0.49503984840885024,0.4950398484088503,0.49503984840885024,0.4950398484088502,0.6005362008934727,0.4950398484088503,0.4950398484088502
CTGTTGTTCAGTCGTA-1,0.6913957691419654,False,1.4142135623730951,adjacent,0.6405376284159096,0.4637463077523269,0.7312949339575322,0.594932099797507,0.9067412302701244,0.5184070544378186,0.4637463077523268
CTTAAATAAGACCCAT-1,0.8163987547869842,True,0.0,tumor,0.9586746920804771,0.5478366679670809,0.7140458674692081,0.5815824183990043,0.926047982353476,0.6016831076185699,0.5786060620536461
CTTAACTTACAGTATA-1,0.5372887158541731,False,3.1622776601683795,mid,0.8840216240316559,0.46664437385052665,0.7321239480577384,0.5021252484720133,0.9058128518085047,0.5215899731866962,0.5372887158541731
CTTAACTTCGAAGTAC-1,0.6037372313914698,False,1.4142135623730951,adjacent,0.8076965947723346,0.4560552861840272,0.5908501922755393,0.5250069665050436,0.910657139421032,0.5652653154743106,0.5262617335849237
CTTAAGCAGCGAGCCG-1,0.8926123199656054,True,0.0,tumor,0.9742935963885638,0.47182126115414863,0.7073998216574708,0.6026324100391982,0.9511743327554801,0.5871463337606122,0.5545298206224473
CTTAATCGACTTAGTA-1,0.5579772454040971,False,24.166091947189145,distal,0.5676819186683758,0.5399753540532675,0.6092417655910383,0.5188225677608725,0.6445102473622613,0.5399753540532674,0.5558076766904722
CTTACACGGTATTCCA-1,0.8152721713999093,True,0.0,tumor,0.9013589329172008,0.439419272139553,0.7134049490051831,0.5462557357558193,0.9857120648134298,0.5531126344535474,0.5855964522575458
CTTACACTGGGAAATA-1,0.5857079163382456,False,2.0,adjacent,0.889279013171339,0.6009493024206284,0.7171738282338517,0.5412844377565997,0.9308365379256534,0.49313257413909484,0.5085349638935995
CTTACATAGATTTCTT-1,0.5298683927675735,False,11.40175425099138,distal,0.7945716992699102,0.5690024584022244,0.7288914897174386,0.599570863289305,0.8783090898957809,0.45942707462520205,0.45942707462520194
CTTACTGACTCCTCTG-1,0.5444781490593227,False,13.038404810405298,distal,0.639079306693418,0.47352728083375134,0.7282993367887198,0.541665273365658,0.8251465899324469,0.47352728083375134,0.4735272808337513
CTTAGATGTTTCATCC-1,0.4830295937134258,False,17.029386365926403,distal,0.6492132493637258,0.48302959371342585,0.6118263389622693,0.516266324843486,0.694848012859435,0.48302959371342585,0.4830295937134258
CTTAGCCCGGATAGTG-1,0.7501851099911624,False,1.4142135623730951,adjacent,0.7282598599268053,0.45806163963662716,0.7284734994148135,0.5623214252540453,0.8502861400282179,0.45806163963662716,0.4580616396366271
CTTAGCCTTCCACATG-1,0.5883034370745456,False,4.47213595499958,mid,0.8900221070426722,0.5498399251952168,0.719361310817589,0.5113526166192943,0.9303833484396496,0.5498399251952168,0.5112499104306495
CTTAGGTATAGACCAG-1,0.6115516596205445,False,1.4142135623730951,adjacent,0.8064101135075887,0.5743929851938546,0.7213188987348826,0.565988593509075,0.8708072639381432,0.5232278759280934,0.539983758091098
CTTAGGTCCCAATCGT-1,0.7138995708632895,False,2.8284271247461903,mid,0.8634193464489403,0.46200003715469357,0.694623251407234,0.5418380426907431,0.920309048830067,0.5043656764940833,0.5339885828934483
CTTAGTAGGCCTACAG-1,0.5275157044927986,False,7.0710678118654755,distal,0.79847294209441,0.5665502486268245,0.7156202976090955,0.5589514945475487,0.8471754121971035,0.5119018868391882,0.45725352505155215
CTTAGTGTAGTAGCAT-1,0.5236662128486238,False,2.8284271247461903,mid,0.8866735402849765,0.5081090118709245,0.7264671459622137,0.630593174682792,0.8999888535919299,0.5081090118709245,0.5236662128486239
CTTAGTTGAGGAATCG-1,0.8364901553331582,True,0.0,tumor,0.8043991157182931,0.517586554954888,0.728766092626651,0.63251221460551,0.8180114221350064,0.46271526500585186,0.4627152650058518
CTTATAGATGGCTGTT-1,0.46734102435490155,False,8.48528137423857,distal,0.6370218655371639,0.5221999294060822,0.7237432424901076,0.5357149491909564,0.8260207029863574,0.46734102435490166,0.46734102435490155
CTTATGCGCTCAGGGC-1,0.458758290141002,False,1.4142135623730951,adjacent,0.7252131750543387,0.5133137651947215,0.7279928105667948,0.494826208920842,0.8759096788954498,0.5133137651947215,0.5289010437814985
CTTATGTTGACTACCA-1,0.6707749142124664,False,1.4142135623730951,adjacent,0.8939744375708262,0.512158873469691,0.7249275483475449,0.5219788589793606,0.9019160088819274,0.4528228278437274,0.4528228278437273
CTTCAACTCCACTTGG-1,0.5229536389041488,False,3.1622776601683795,mid,0.8871519069646473,0.4527949618235524,0.7257565624477511,0.5581656727786137,0.9281965991722324,0.4527949618235524,0.45279496182355233
CTTCACGCCCTGGTAC-1,0.6836410538132658,False,2.8284271247461903,mid,0.7242192870014305,0.47124226717940143,0.6033550688290699,0.5413327388582362,0.8542900471375732,0.5263086192696627,0.47124226717940143
CTTCAGTGGTCGCCTA-1,0.9061074354503547,True,0.0,tumor,0.9457541473926693,0.4834011406490925,0.7053447026695647,0.5787809545040777,0.8497684187060194,0.4901137552868033,0.43036281558267847
CTTCAGTTGGACAACG-1,0.4509558044920024,False,10.295630140987,distal,0.7221943562020473,0.5597385548062692,0.725317672629995,0.520169425402664,0.8692335671145762,0.45095580449200245,0.4509558044920024
CTTCATAGCTCAAGAA-1,0.7378285204735632,False,2.0,adjacent,0.8888006464916681,0.49950770031024166,0.7213467647550577,0.5148340114064909,0.9279428717253758,0.5536049341433057,0.4454104664771777
CTTCATCACCAGGGCT-1,0.49919188541492504,False,14.142135623730951,distal,0.49919188541492504,0.499191885414925,0.49919188541492504,0.49919188541492504,0.5255076748886092,0.499191885414925,0.49919188541492504
CTTCATTGTCAGTGGA-1,0.7430951982866378,False,1.4142135623730951,adjacent,0.8086393951215888,0.5555400744332362,0.7231789555815638,0.5815378327667243,0.9331684838245087,0.5555400744332362,0.5864881649031457
CTTCCGCTCCGTGAAG-1,0.47857103048542615,False,4.47213595499958,mid,0.5614631518326553,0.47857103048542604,0.7324235077746197,0.5132939493581528,0.7191442491867521,0.47857103048542604,0.47857103048542615
CTTCCTGCATATTTAC-1,0.5924913018208453,False,2.8284271247461903,mid,0.8024066952757808,0.6158111798472942,0.7116075907038957,0.5869122591911423,0.9053347295676075,0.506985082390533,0.5225316677414987
CTTCGATTGCGCAAGC-1,0.6788759643633411,False,5.830951894845301,distal,0.7141921640751269,0.4669787660926267,0.7330644262386447,0.6034145163387766,0.8465300938351563,0.5219150767554045,0.5376111655161981
CTTCGGCCAATTGTTT-1,0.5417512599421979,False,12.806248474865697,distal,0.7283295249772429,0.6359490237604265,0.7268224377194449,0.6072934663471364,0.8521164975639233,0.5260516326391598,0.5417512599421979
CTTCGTAGATAGGTGA-1,0.7333858806856632,False,1.4142135623730951,adjacent,0.9719574950305597,0.5433006991274839,0.7148191495290642,0.5701462037191849,0.9796050064971825,0.4358802875773282,0.4358802875773282
CTTCGTGCCCGCATCG-1,0.879427711562806,True,0.0,tumor,0.9671970499173308,0.5972183519416424,0.8280945215404336,0.5724144977614298,0.8982596937084393,0.5901465752661205,0.5672088598020716
CTTCTATGTTGAAGTA-1,0.8085723839778345,True,0.0,tumor,0.7949014471753144,0.4850514282883452,0.7145613888424455,0.5979304835683369,0.9279091391746377,0.5386811322273619,0.5693266773353715
CTTCTATTAATGCTAG-1,0.5317155118191733,False,2.8284271247461903,mid,0.7242889520518679,0.5630391300847747,0.7249066488324137,0.6211856062717124,0.8257684421721416,0.5084465003374885,0.45385387059020227
CTTCTGGGCGTACCTA-1,0.6856752732860406,False,1.4142135623730951,adjacent,0.6440673243047427,0.4691801816864516,0.6015577105277824,0.5375559642571849,0.7163356476796404,0.4691801816864516,0.4691801816864515
CTTCTTACGTCGTATA-1,0.8108255507519845,True,0.0,tumor,0.8938861951736053,0.5043780613919386,0.6880399041408906,0.6148414423452042,0.9013762880701168,0.6069312080848612,0.5142355554493993
CTTGACCCGAAAGATA-1,0.6652813273779667,False,1.4142135623730951,adjacent,0.8915686711623846,0.43902914785710306,0.6981274034442401,0.5769455126418844,0.9228697894208855,0.5467344120579365,0.5775073446867461
CTTGAGGTTATCCCGA-1,0.7528363627678123,True,0.0,tumor,0.8167158966356425,0.5125180355075022,0.7154322019729142,0.5595924130115737,0.8217660016954274,0.45783871147522714,0.45783871147522703
CTTGAGTTAGGGTAAT-1,0.5060668306780999,False,15.231546211727817,distal,0.5986828661130619,0.4366048041018782,0.6983224655854652,0.5065187909862714,0.7182085375619285,0.49063082477227277,0.4366048041018783
CTTGATGACCATCCAG-1,0.6092666459661945,False,2.8284271247461903,mid,0.8962083635215218,0.4678983447584016,0.8558142451095134,0.5363428635122331,0.8250453922802325,0.52287490633921,0.5385824953622981
CTTGCAACCGCCTCCT-1,0.8202601890112339,True,0.0,tumor,0.8675435174348399,0.48217193953692866,0.5706473276486652,0.5414943617752512,0.9153987627487042,0.5443627041185978,0.4974044792637002
CTTGCCCACCCACGCA-1,0.6844810152785409,False,1.4142135623730951,adjacent,0.8929666165078304,0.516694842309288,0.7291422838990135,0.6347619313009715,0.9365740048164216,0.516694842309288,0.5323484685631483
CTTGCCCAGGCTCTAC-1,0.7461524987858378,False,2.0,adjacent,0.897179029890951,0.5680519174918105,0.7279231455163574,0.559661149194672,0.8454785182317104,0.5134190368264938,0.4587861561611771
CTTGGCCAAGCTGGGA-1,0.5369702470521732,False,12.806248474865697,distal,0.6428179977335637,0.5762723934434351,0.7325210388452321,0.5346987683219083,0.7691945546863314,0.5212493884956684,0.5369702470521732
CTTGTACTTGTTGACT-1,0.5226988638625489,False,1.4142135623730951,adjacent,0.8810120938527559,0.49858812164446675,0.7208312433818203,0.4814170800126325,0.9565979402611194,0.5527689535380557,0.5837294289058209
CTTGTCAACATTCGAG-1,0.4748369837819762,False,1.4142135623730951,adjacent,0.4748369837819762,0.4748369837819763,0.7368751044975757,0.5098032658975646,0.691331027786822,0.4748369837819763,0.4748369837819762
CTTGTCGTACGTGTCA-1,0.8271430959944587,True,0.0,tumor,0.7216741904921139,0.554626688216389,0.7174176559103829,0.5155845362165377,0.8139209836998449,0.7228755255841027,0.6553689859157172
CTTGTGAGGACAGCGG-1,0.9051560099043797,True,0.0,tumor,0.7248091177618011,0.46734102435490166,0.7310929053112634,0.5707926953872449,0.7946816967179694,0.5222711425687516,0.5379654620584231
CTTGTGAGTCTTTGAC-1,0.679059083924491,False,1.4142135623730951,adjacent,0.8166415872485091,0.4536866744691523,0.7127082985008081,0.5555072544539187,0.8993816676786432,0.5627418925362413,0.5939005262696954
CTTGTGCTCACCGATT-1,0.8025652662001097,True,0.0,tumor,0.707313901428598,0.553230290983175,0.7052611046090398,0.5175518772408924,0.8423443242783435,0.44471381597280274,0.44471381597280274
CTTGTTGCTGAGTCAA-1,0.5371613283333732,False,11.045361017187261,distal,0.8016636014044475,0.6349582319319821,0.7320682160173884,0.5324490516264467,0.7906939225676632,0.4664771777294766,0.46647717772947667
CTTGTTTATGTAGCCA-1,0.6635416915470419,False,1.4142135623730951,adjacent,0.8777331921454978,0.48876999386947556,0.7164771777294767,0.5088000891712645,0.9496813007271566,0.5426350108677478,0.5041599987261248
CTTTAACTTTCAAAGG-1,0.7375618028518883,False,2.0,adjacent,0.8757082613461146,0.4339018001449033,0.715606364599008,0.5810603949543928,0.9454705984154502,0.4339018001449033,0.4339018001449033
CTTTAATATTGGTCGA-1,0.539163700925948,False,3.1622776601683795,mid,0.8811049805866725,0.46279886306637685,0.5964373293206264,0.5667205409723384,0.8193269916137946,0.46279886306637685,0.46279886306637685
CTTTACCGAATAGTAG-1,0.6102499183923695,False,4.47213595499958,mid,0.8065773096286389,0.628118672091252,0.7313854985231009,0.5651191736796152,0.8762998031778997,0.46360697765145187,0.4636069776514518
CTTTAGGAACACTGTT-1,0.5335268031305482,False,13.92838827718412,distal,0.4629660591874268,0.5727272164322825,0.7203157220085827,0.5316465102454069,0.7963111255818864,0.4629660591874269,0.4629660591874268
CTTTAGTGCTATTATT-1,0.4764532129521263,False,5.0990195135927845,distal,0.649631239666351,0.5316527026943345,0.7378086161734381,0.5444518753831579,0.6949154779609114,0.47645321295212617,0.4764532129521263
CTTTATCCGACGCATG-1,0.6208628912190189,False,20.591260281974,distal,0.5616210592803135,0.4786824945661261,0.6089840049044195,0.5465864125285625,0.7236189453738006,0.4786824945661261,0.478682494566126
CTTTCTGTGCGGGCTT-1,0.4874045588809005,False,3.1622776601683795,mid,0.6537089672852923,0.4874045588809006,0.7401632948782255,0.5214865592896022,0.67468034741594,0.4874045588809006,0.4874045588809005
CTTTGAAACATATTCC-1,0.5111941783902996,False,4.242640687119285,mid,0.8971186535139052,0.5378265742753287,0.6930279217522153,0.5704248639209349,0.952610166110813,0.48431762309040355,0.43080867190547856
CTTTGACGTCGCTTCT-1,0.5345021138366733,False,1.4142135623730951,adjacent,0.8004374965167474,0.5176825379132686,0.7289472217577886,0.5628843188615801,0.8501761425801587,0.5679868967780688,0.5289965844220986
CTTTGCATCGCTCTTG-1,0.5490720615281726,False,7.0710678118654755,distal,0.819260993144959,0.5843968864366791,0.6054032213119322,0.6414925040405729,0.8816559455820624,0.47408460123725127,0.4740846012372514
CTTTGCTGTCATGGAT-1,0.6080206367783695,False,8.94427190999916,distal,0.6441091233350051,0.5251723048914153,0.7228306303293763,0.6030485426071448,0.8502597406406839,0.5217262070631072,0.537416103374973
CTTTGGCAGACAGAGT-1,0.5126432114393994,False,1.4142135623730951,adjacent,0.7814096490739192,0.4857852334862868,0.7145822883575768,0.5382804807817347,0.8572174458885887,0.4321183748537034,0.4321183748537035
CTTTGGCGCTTTATAC-1,0.8314663099816084,True,0.0,tumor,0.8082074718088763,0.48842321672952,0.7164632447193892,0.606215980233703,0.8669089543789251,0.5420250546483618,0.5037380275634749
CTTTGGCTTTAGTAAA-1,0.7383579748568881,False,1.4142135623730951,adjacent,0.9049164948262088,0.4522655074402274,0.7241055007523824,0.5540433595273924,0.9335674079028033,0.5611039897948441,0.5222331032396238
CTTTGGGATTGTTGCA-1,0.5610504693433969,False,4.47213595499958,mid,0.48974530457560045,0.4897453045756005,0.6145293429192442,0.5230210481339055,0.6221954317326506,0.5452048771727754,0.561050469343397
CTTTGTCGAATGCTCC-1,0.8338588068566332,True,0.0,tumor,0.7240613795537721,0.5216983410429322,0.5999623808727638,0.5681695740214382,0.8510135898180495,0.46683943599175165,0.4668394359917517
GAAACAGATGACCACC-1,0.4534358802875773,False,16.55294535724685,distal,0.7146008657043601,0.5079511044232662,0.7253943041854762,0.591487859703877,0.8415112769383749,0.45343588028757725,0.4534358802875773
GAAACAGCCATGCAGT-1,0.5101273079035994,False,1.4142135623730951,adjacent,0.9825001393301008,0.4947240335135336,0.718803990414089,0.5829850080811458,0.9523417723375485,0.5486354938787642,0.5101273079035995
GAAACATAGGAAACAG-1,0.679628346908066,False,1.4142135623730951,adjacent,0.8827583644503892,0.5024986531423582,0.7077063478793959,0.549978636051199,0.8706239348580448,0.5077034064661551,0.4483921306359026
GAAACCATGGTGCGCT-1,0.5262696953049737,False,2.0,adjacent,0.7905589923647104,0.4560552861840272,0.5909268238310205,0.563023648962455,0.7355060029273988,0.5106664932780967,0.4560552861840272
GAAACCGAATTACCTT-1,0.6737605592312164,False,1.4142135623730951,adjacent,0.7982500139330101,0.5456352523732559,0.718803990414089,0.6138884244552191,0.9558367579205496,0.491900276802467,0.5072531269655495
GAAACCTATACAAATG-1,0.5548204234042722,False,8.48528137423857,distal,0.6470861431570343,0.481023240260826,0.7350986457114195,0.5155641011350759,0.7463634843671628,0.481023240260826,0.48102324026082593
GAAACTCGTGCGATGC-1,0.9928424136750503,True,0.0,tumor,0.7552341674562039,0.42320124839770384,0.685664325920972,0.5621096435007151,0.9363012111452347,0.5366004693876287,0.4913336677255754
GAAACTCTAATGAAGG-1,0.9039219432966298,True,0.0,tumor,0.7926117891842687,0.4069832246558546,0.8189683999331215,0.5087796540898027,0.9182176306843014,0.5111464080699994,0.540907317616898
GAAAGAACAGCGTTAT-1,0.460792509613777,False,12.0,distal,0.6397620241877056,0.6796460396192882,0.7291422838990135,0.6631759832060784,0.816461191433692,0.5155058921151547,0.5311382871155484
GAAAGCAGTGCACTTT-1,0.5580966712048471,False,8.246211251235321,distal,0.6531330695350089,0.5422572714831535,0.6115546452655631,0.5200821118727823,0.6735055746706677,0.48681937245722573,0.4868193724572257
GAAAGCCCTTTGGACC-1,0.823926561094259,True,0.0,tumor,0.8707109550613982,0.5560571439187056,0.8150601906035779,0.6745731854576531,0.9297380300777022,0.5652993739434135,0.5457798902874976
GAAAGTGACTAACTGC-1,0.8648060126909817,True,0.0,tumor,0.7839361682364524,0.4743137218475791,0.6849746419216407,0.5234650467220271,0.918826283230229,0.6416213069782706,0.5578299535831721
GAAATACCTGCTGGCT-1,0.5004498371828249,False,1.4142135623730951,adjacent,0.7904753943041855,0.4317282505712534,0.7151256757509892,0.5016180869048281,0.8980235658532723,0.592078619331587,0.5691714237943966
GAAATACTAAACGTTT-1,0.7551333190022372,True,0.0,tumor,0.8952144754686135,0.4534637463077524,0.7240288691969012,0.5226197774433856,0.8989636773760181,0.5080285100348636,0.45346374630775227
GAAATATCACCATCAG-1,0.5736618339025963,False,1.4142135623730951,adjacent,0.9799085994538261,0.4765801581551456,0.8232179680098088,0.6257203366215236,0.9569293992379378,0.5903447336318094,0.49175961974825044
GAAATATGCTTGAATG-1,0.6345849157251932,False,1.4142135623730951,adjacent,0.7760547288636236,0.4692297212778737,0.680432480633116,0.5572572405209087,0.7579616152905252,0.5828332930824153,0.5625472727127969
GAAATCGCGCGCAACT-1,0.7383380705567629,False,1.4142135623730951,adjacent,0.8744264244180645,0.5375819725426815,0.8346639357966895,0.5968901521484702,0.8910350613199108,0.49098379436115597,0.4304464136432035
GAAATCTGACCAAGTT-1,0.5575194465012221,False,2.0,adjacent,0.5718200226643632,0.541684469957334,0.7390347210611381,0.5205112485834773,0.6992479107818032,0.541684469957334,0.5575194465012221
GAAATGGCGGTGTTAG-1,0.8273102921155087,True,0.0,tumor,0.8709292388861024,0.5381485816195731,0.7123669397536644,0.59730256924706,0.9454896646397802,0.6000854557952033,0.49999203827995
GAAATGGGATGTAAAC-1,0.7519128032420124,True,0.0,tumor,0.9757286964275762,0.5605033222488498,0.7229978264504263,0.5891192479890023,0.901137226949668,0.5060500226024387,0.45159672295602743
GAAATTAGCACGGATA-1,0.658557654795742,False,3.1622776601683795,mid,0.6951643166322986,0.4940273830091586,0.7177241821323078,0.6106318155641012,0.8531548734736022,0.5541994092403723,0.43994872652287803
GAAATTCACATCGCTG-1,0.9502989625878774,True,0.0,tumor,0.6961628490219027,0.42665663489940364,0.830254138103996,0.5025636738560998,0.8943980499652406,0.5402694953773369,0.5727303126567465
GAAATTGTCTCTATAA-1,0.7916417862915104,True,0.0,tumor,0.7050335321109439,0.5291602420009041,0.710458117371677,0.6624997677831652,0.8601888436188281,0.42297832023630383,0.42297832023630383
GAACAACTGGGATGAA-1,0.6150070461222442,False,4.0,mid,0.8144541046647716,0.4686507273031266,0.7337680432480633,0.6030448271377882,0.6901738546332391,0.4686507273031266,0.4686507273031265
GAACACACATCAACCA-1,0.8064306812843848,True,0.0,tumor,0.9040944472310465,0.49809272573024466,0.7039932006910772,0.5459603559419645,0.9786135628320088,0.5578870125768638,0.5135508475250994
GAACAGATTACTAAAT-1,0.5367791657709733,False,4.242640687119285,mid,0.6425857808987722,0.46617065150755166,0.7327648665217634,0.5017221200468149,0.7399630995227577,0.46617065150755166,0.46617065150755177
GAACATTAGTATGTTA-1,0.7370960422289631,False,1.4142135623730951,adjacent,0.5199938694755615,0.5432387746382061,0.6916276542384217,0.5689033792193798,0.8575987703751939,0.5361608055137564,0.49789810590680006
GAACCATCTGGGAGAC-1,0.6039561786928448,False,1.4142135623730951,adjacent,0.894341340169797,0.5109141912352078,0.7264532129521262,0.528007208010552,0.9594989396246006,0.5109141912352078,0.5265005851864236
GAACCCTCTGTGTTCT-1,0.5362417496675982,False,8.246211251235321,distal,0.6360001114640808,0.6304872838061268,0.7306261494733323,0.5692879302977949,0.8193269916137945,0.5755107222253184,0.6069259002714945
GAACCTCGACCTACAC-1,0.5936855598283454,False,3.1622776601683795,mid,0.71649575507626,0.4453268684166527,0.844138382656189,0.5472756320942244,0.9290193800837155,0.4994953154123862,0.5149720145540243
GAACCTTTAACGATCC-1,0.5318628036400983,False,6.0,distal,0.6280211410206394,0.5649525968034579,0.7275260547288636,0.5574634490702038,0.8162206636806026,0.45558156384105225,0.45558156384105214
GAACGACCGAATGATA-1,0.6735973439701912,False,1.4142135623730951,adjacent,0.803344851288339,0.508486751255519,0.7236666109346264,0.557693808170317,0.9028693200984403,0.5575773901304749,0.5886298675965956
GAACGATAAGTTAAAG-1,0.5691833663744714,False,2.8284271247461903,mid,0.8613758383027736,0.5936422126858508,0.8250013933010087,0.5638447676902786,0.9470017628924342,0.5242558224501044,0.5545775909427473
GAACGCGGGTCACACG-1,0.539191566946123,False,8.94427190999916,distal,0.7233415073659181,0.5773034361899101,0.7292467814746698,0.6379163647847813,0.8958470830143408,0.5186888108640324,0.5343627837357984
GAACGGTGTAAAGCAG-1,0.722203644875439,False,1.4142135623730951,adjacent,0.6747617455275038,0.6152321858725469,0.7009697375020899,0.6153931895446693,0.8783853547931022,0.5720336621523715,0.5522169409479224
GAACGTCTCATGGTCG-1,0.5942229759317202,False,8.94427190999916,distal,0.715330026565606,0.6223689832618107,0.7261257872150699,0.5230526296234372,0.8125980810578528,0.5085270021735496,0.5241080883113988
GAACGTTAGGAAGACG-1,0.6661053654031417,False,1.4142135623730951,adjacent,0.7135558899477976,0.45014768990692755,0.7243005628936074,0.5844619071504208,0.9249289416485538,0.5044461783301443,0.519960032165349
GAACGTTTGTATCCAC-1,0.6839236948750408,False,14.142135623730951,distal,0.7972561258801019,0.5773498795568685,0.7237502089951513,0.6018428728009065,0.9039824942727994,0.5773498795568683,0.6087650576030444
GAACTGTGGAGAGACA-1,0.48576046369057574,False,16.1245154965971,distal,0.48576046369057574,0.4857604636905758,0.7427827007746755,0.48576046369057574,0.5922878589216731,0.4857604636905758,0.48576046369057574
GAACTTAGCGCCCGGT-1,0.6547240865916673,False,1.4142135623730951,adjacent,0.7907726318527187,0.42718608928272866,0.8309368555982835,0.5389901354288581,0.874687973905672,0.4805061707753565,0.42718608928272866
GAACTTGTGCACGGGA-1,0.8699413221232314,True,0.0,tumor,0.5043192331271248,0.4777629159003511,0.7029969904698211,0.6004774378123315,0.7920930901069761,0.591354102807037,0.638983766052818
GAAGAAACGATATTGT-1,0.8169560751904841,True,0.0,tumor,0.8039625480688849,0.4515409909156774,0.720057961321964,0.5561407419792305,0.9664566448725055,0.4515409909156774,0.45154099091567745
GAAGAACGGTGCAGGT-1,0.658637271996242,False,2.0,adjacent,0.8953212952126176,0.5032510356870832,0.72350638131862,0.5182262349291273,0.9007779019526747,0.5032510356870832,0.5187896593179989
GAAGACTTCAATGCCG-1,0.679445227346916,False,2.8284271247461903,mid,0.8196046740604507,0.46265953296550183,0.8512720838209886,0.5664195879544482,0.8780289630613902,0.5173729154668797,0.5330053104672734
GAAGCAAGGCAATGTT-1,0.7437520401907628,False,1.4142135623730951,adjacent,0.9726680785450222,0.440088056623753,0.8398330825391518,0.5421538575860596,0.9287260535555573,0.6019896338404949,0.6482472273309926
GAAGCCACTGATTATG-1,0.5253421549191487,False,12.083045973594572,distal,0.7149213249363727,0.5097407221633939,0.7274633561834699,0.4912147727061621,0.8401810411331789,0.45513570751825216,0.4551357075182522
GAAGCCGGGTAAGCTC-1,0.5308954546540234,False,2.8284271247461903,mid,0.6320570696093184,0.46043025135150195,0.7293652120604135,0.5292723253264968,0.8946444442488934,0.46043025135150195,0.46043025135150195
GAAGCCTGCACATTCC-1,0.5527702804913973,False,10.770329614269007,distal,0.5675843875977633,0.5369689200988315,0.7356211335897007,0.5493470062605659,0.7246411883244308,0.48166415872485085,0.4816641587248509
GAAGCGTGAGGAATTT-1,0.9550958989180023,True,0.0,tumor,0.8556493711568113,0.5259092063138209,0.7878072228724293,0.6194932099797505,0.9377869100103545,0.569900363496752,0.5462018614501477
GAAGCTCGGACCCGTC-1,0.6814515807995161,False,1.4142135623730951,adjacent,0.7263138828512511,0.4584517639190771,0.7154043359527392,0.49446209292388876,0.9003687114458944,0.5130196238706523,0.5286104409996736
GAAGCTCTTTGCTTAG-1,0.6091711053255945,False,1.4142135623730951,adjacent,0.7979620650578685,0.5085424832958689,0.7097475338572146,0.5911144550335321,0.8683521208974617,0.5630081678401357,0.5941314161511453
GAAGCTTGCTGACCGC-1,0.8198222944084839,True,0.0,tumor,0.8128471641680135,0.4476118820710026,0.8454759516245889,0.5567519366884021,0.9307016077227008,0.5018670233517248,0.5173684922890741
GAAGGACTAAATTGAA-1,0.9071902293771545,True,0.0,tumor,0.8924557394712886,0.459984395028702,0.7172643927994203,0.5287986029835218,0.8725100244340996,0.5694359298271687,0.5303460959705736
GAAGGAGTCGAGTGCG-1,0.4862899180739007,False,15.811388300841896,distal,0.4862899180739007,0.48628991807390076,0.6109137268015382,0.5205075331141207,0.6721254733556848,0.48628991807390076,0.4862899180739007
GAAGGCTACCATTGTT-1,0.7653203398062117,True,0.0,tumor,0.5931607497817163,0.5008731352988165,0.697047595162459,0.5761875568931245,0.8360627366778424,0.4491630905274109,0.3974530457560052
GAAGGGCATAACCATG-1,0.8259289336868337,True,0.0,tumor,0.9687714800572182,0.5159053050709964,0.7075321852533021,0.5955823069349234,0.8449710633379972,0.5159053050709964,0.5315483156981234
GAAGGGTCATTAAGAC-1,0.4620743465418268,False,10.770329614269007,distal,0.6335897007189432,0.4620743465418269,0.719918631221089,0.5327462891749799,0.7876623928991515,0.5169487327153269,0.5326271287648983
GAAGTCAGTTGCACTA-1,0.5523721944888973,False,7.0710678118654755,distal,0.6501467610395882,0.4812740344424009,0.734583124338182,0.5158241839900425,0.6689619467495019,0.4812740344424009,0.4812740344424009
GAAGTCTCCCTAGCGA-1,0.4652232068216017,False,14.422205101855956,distal,0.6409556187185346,0.5201533250354518,0.7322632781586134,0.5666035036876033,0.8188987348826839,0.4652232068216018,0.4652232068216017
GAAGTGATTTATCGTG-1,0.90150954212148,True,0.0,tumor,0.8064844228947221,0.49634335890814746,0.7172365267792453,0.6471585948094895,0.9153268977493055,0.4363261439001282,0.43632614390012814
GAAGTGCTGGATAGCT-1,0.6675583793122667,False,1.4142135623730951,adjacent,0.8811142692600642,0.4951915634075808,0.5803307696594773,0.608166601645953,0.9511743327554799,0.4951915634075808,0.5106488005668746
GAAGTTTCCACTCAAT-1,0.6554207370960422,False,1.4142135623730951,adjacent,0.8108640323988928,0.4377194449088781,0.7183442010812016,0.5436400453287261,0.9075904105691412,0.4377194449088781,0.4377194449088781
GAATAGACGCGACCCA-1,0.6105285785941196,False,15.620499351813308,distal,0.629316910958777,0.6958238124431069,0.7313367329877947,0.5683572052239501,0.8164171924544684,0.4646380203979268,0.4646380203979268
GAATAGCATTTAGGGT-1,0.59889650560107,False,6.0,distal,0.7980549517917851,0.6221274777536272,0.7225241041074513,0.5942874658641254,0.8445325401784012,0.5616148668313857,0.5927062682621953
GAATAGCCCTGCGGTC-1,0.7323070676188884,False,1.4142135623730951,adjacent,0.8618727823292277,0.5807866887117848,0.6787953519478348,0.5550019506214122,0.8478881956605273,0.41425625592152926,0.41425625592152926
GAATAGTGCTCGATTA-1,0.7555075198445873,True,0.0,tumor,0.6321128016496683,0.565729749143894,0.7251574430139887,0.5891991305801706,0.8679854627372644,0.5063534525998997,0.5219106535775989
GAATATTCGGAGTCCC-1,0.6705917946513165,False,3.1622776601683795,mid,0.6164985416782774,0.5512579959996781,0.8425291199910829,0.5774471010050346,0.8391118659380435,0.44318118486317787,0.4431811848631778
GAATCGACATGGTCAC-1,0.737092061368938,False,1.4142135623730951,adjacent,0.9861598766464174,0.43016775344145347,0.7143593601961767,0.5737576399338646,0.9315126555730572,0.43016775344145347,0.4301677534414535
GAATCGCCGGACACGG-1,0.6775224719548412,False,1.4142135623730951,adjacent,0.7165189767597391,0.44031098478515296,0.7150978097308143,0.549642386074421,0.8682963888571118,0.5003467771399556,0.5174998606698992
GAATCTATACTCGGAC-1,0.6155285387855193,False,1.4142135623730951,adjacent,0.8123966635085177,0.5190975124932656,0.7192080477066265,0.5349662821155883,0.9019248086777718,0.46430362815582676,0.4643036281558267
GAATCTGAACATTCTC-1,0.6131599270706444,False,4.47213595499958,mid,0.6432638540563637,0.5223826066494516,0.7322632781586134,0.535807835924873,0.82268118046328,0.46739675639525163,0.46739675639525163
GAATGAAGGTCTTCAG-1,0.5727143892166463,False,1.4142135623730951,adjacent,0.7530513292091623,0.47618693764823167,0.8229253747979713,0.5313288376154116,0.8017596658424191,0.42308978431700384,0.42308978431700384
GAATGCCGAAATGACC-1,0.7507941815749876,False,1.4142135623730951,adjacent,0.9821239480577385,0.4456612606587528,0.7184904976871203,0.4825948837986959,0.9536632083468997,0.5540229244459307,0.5849833998136958
GAATGCGAATCGGTTC-1,0.47734492559772607,False,10.295630140987,distal,0.5602370469449552,0.4773449255977261,0.738421668617288,0.47734492559772607,0.6106823655024537,0.4773449255977261,0.47734492559772607
GAATGGGCTTATCGAC-1,0.778934881091711,True,0.0,tumor,0.695238626019432,0.5869234055992122,0.7128336955915956,0.593115235282097,0.9236984368629315,0.4803389746543066,0.49556532193215025
GAATGTATGGCAGGTC-1,0.5159632487002491,False,4.242640687119285,mid,0.8889910642961971,0.44621858106225276,0.7225101710973638,0.5806405469170893,0.9184977575186921,0.44621858106225276,0.44621858106225265
GAATGTGGTCCGGATT-1,0.5109155181885495,False,8.94427190999916,distal,0.5225250329747906,0.549613900809353,0.7200579613219641,0.5796095041706143,0.7833724924248425,0.549613900809353,0.5109155181885495
GAATGTTGGGTAATCT-1,0.8602956982826571,True,0.0,tumor,0.8678825540136358,0.480020063534526,0.7123669397536644,0.4968511397202251,0.9510878014296735,0.42665663489940364,0.42665663489940364
GAATTATAGTGAAAGG-1,0.6751458985199162,False,2.0,adjacent,0.8030894127700682,0.4505378141893775,0.7247951847517138,0.5196715525088709,0.8782049589782851,0.4505378141893775,0.4505378141893775
GAATTATGCAACCTAC-1,0.658856219297617,False,1.4142135623730951,adjacent,0.49141262144940456,0.5177351737291547,0.7034916123279272,0.5146965390402942,0.8440206853867657,0.4650900691696545,0.48013152761522593
GAATTCACCCGGGTGT-1,0.6745885781164163,False,2.8284271247461903,mid,0.807241449776143,0.45828456779802706,0.7261257872150699,0.494252168905237,0.8474643388273392,0.45828456779802706,0.4582845677980271
GAATTTCTCGCTGCAG-1,0.882608418722781,True,0.0,tumor,0.8910067064221888,0.49057199650745886,0.6929582567017778,0.5798677292909028,0.8739135918713351,0.49057199650745886,0.43682773226327815
GACAAACATATGCAGG-1,0.6139162904753943,False,18.439088914585774,distal,0.6425161158483346,0.6925294296135293,0.7265646770328261,0.606489067231418,0.7179386771560234,0.5274418374234459,0.5431644652510729
GACAACGACCATTGAA-1,0.6946879403826403,False,2.8284271247461903,mid,0.744101692396292,0.6313046870645934,0.7036657749540212,0.5824815619833176,0.9116603161473319,0.46210840501092965,0.4771498634565012
GACAACGCAGCTTACG-1,0.7466023359686627,False,2.0,adjacent,0.8889957086328932,0.440840439168478,0.7152928718720393,0.5796243660480409,0.8956241548529408,0.6028999238328782,0.579748568880821
GACAAGACGCCCGTGC-1,0.6239918471986687,False,10.198039027185569,distal,0.6481450519236841,0.6447918408292928,0.609276598116257,0.5785041520370061,0.8794589298861599,0.47907261884857605,0.479072618848576
GACAAGAGATGAGATT-1,0.5305690241319735,False,11.40175425099138,distal,0.5485379628081518,0.6327692012360129,0.7276584183246949,0.6358152668635867,0.8227794448502129,0.5149207056914799,0.5305690241319735
GACACAAGGGAAGAAA-1,0.6057117379638698,False,2.8284271247461903,mid,0.7211122257519182,0.5606240750029414,0.724370227944045,0.5535361979602074,0.8708673958764158,0.5120257358177439,0.4516803210165525
GACACAGCCGGGACTG-1,0.6683943599175166,False,3.1622776601683795,mid,0.793721785654573,0.6215794460235189,0.7158780582957143,0.5948336398595552,0.9284517932517299,0.4577272473945271,0.4577272473945272
GACACCCAAAGACGCG-1,0.4846179568634007,False,8.48528137423857,distal,0.7391879841721005,0.48461795686340076,0.7339352393691133,0.5511025655315909,0.6454224928648322,0.48461795686340076,0.4846179568634007
GACACGAGTTAGAGGA-1,0.6078454789372696,False,1.4142135623730951,adjacent,0.90026751379368,0.460736777573427,0.7276584183246948,0.5323654535659217,0.8792858672345469,0.515468737421588,0.4607367775734269
GACACTGAGTTCAGTG-1,0.742780710344663,False,1.4142135623730951,adjacent,0.8924046517676345,0.4871971118418201,0.7100052945438332,0.6418101766705678,0.9756641645913815,0.4871971118418201,0.5024880375156248
GACACTGGAACCCGAT-1,0.47199464972412647,False,13.341664064126334,distal,0.8115142395363094,0.5820406596196598,0.7336705121774509,0.6411692582065428,0.7962553935415364,0.4719946497241264,0.47199464972412647
GACACTTCCAATTACC-1,0.47480911776180124,False,4.47213595499958,mid,0.8095961284809303,0.4748091177618012,0.7297553363428635,0.5444853146073676,0.8009339516656546,0.5299373943413401,0.47480911776180124
GACAGAGGTCTTCAGT-1,0.5499677550337976,False,22.80350850198276,distal,0.5579984766575637,0.5303894431130679,0.7362968845789444,0.5763807612996711,0.7724094134349415,0.5303894431130679,0.5461660337099227
GACAGATTTCTGGCTC-1,0.7532623147904873,True,0.0,tumor,0.9852728083375132,0.5754642788583602,0.7318522543610322,0.5342324769176466,0.9070301569003599,0.4656969291645767,0.4656969291645767
GACAGCCAGACCTGAC-1,0.46101543777517684,False,12.649110640673518,distal,0.6252856267067936,0.6293509694278796,0.7299643314941759,0.5620167567667985,0.7915064370506604,0.5157721674190492,0.5314169473172984
GACAGGCACACACTAT-1,0.661491548634167,False,2.0,adjacent,0.7933363057088187,0.48819409611919223,0.6964554422337402,0.5727488900035297,0.9332168827016546,0.5418733396496312,0.5035310228421749
GACAGGTAATCCGTGT-1,0.6263087077332187,False,9.486832980505138,distal,0.6526965018856007,0.48386557431867583,0.6128086161734382,0.4838655743186759,0.6430450813541126,0.48386557431867583,0.4838655743186759
GACATACTGTCGCAGA-1,0.6805598681539159,False,2.0,adjacent,0.9803776774601052,0.45814523769715204,0.725429136710695,0.5629233312898252,0.9042288885564522,0.45814523769715204,0.45814523769715215
GACATCCGTCGAACTG-1,0.49398093964220025,False,11.40175425099138,distal,0.4939809396422003,0.49398093964220036,0.6204717717215628,0.49398093964220025,0.5205944555419649,0.49398093964220036,0.49398093964220025
GACATCGATTTATAAC-1,0.5324479900637733,False,4.47213595499958,mid,0.7217299225324639,0.46201861450147697,0.7281948392130636,0.5635921157740252,0.8453993200691078,0.5167970177165964,0.5324479900637733
GACATTTCGCCCAGCC-1,0.6873870430967907,False,2.8284271247461903,mid,0.7235505025172305,0.4704062865741514,0.7249205818425013,0.5056623752995597,0.8557493466151586,0.4704062865741514,0.4704062865741515
GACCAAACGTTGACTG-1,0.4668394359917517,False,7.0710678118654755,distal,0.8180023779003883,0.576718249766235,0.7322911441787884,0.6037321889687715,0.8817087443571309,0.46683943599175165,0.4668394359917517
GACCACACTTCCCTTT-1,0.5400235666913481,False,8.602325267042627,distal,0.63429563989671,0.46931951178732656,0.7344089617120884,0.5046461944305115,0.851281983591314,0.5243115544904544,0.5400235666913481
GACCAGAGCCCTGTAG-1,0.8230865996289838,True,0.0,tumor,0.9673503130282932,0.5093010582895219,0.6960165524159839,0.6109699232755579,0.9744585925606526,0.5637295881402218,0.5292354360235986
GACCAGGTCATTCATA-1,0.6064561587885446,False,2.8284271247461903,mid,0.8175983206078508,0.459232012483977,0.5940129855654015,0.5935518029315053,0.8762602040965983,0.5685411209571049,0.59977229480657
GACCCAATTATGATAC-1,0.8232936043502839,True,0.0,tumor,0.8888749558788014,0.4985447745019724,0.7206919132809453,0.5861914581359489,0.9007779019526747,0.5582028274721805,0.5139807804077995
GACCCGTCGCCGGCTA-1,0.601225308715695,False,1.4142135623730951,adjacent,0.9054923925764923,0.4554979657805272,0.7238198740455889,0.5602890635159486,0.9543129266067695,0.4554979657805272,0.45549796578052726
GACCGACCGCTAATAT-1,0.8270555170739087,True,0.0,tumor,0.806767727433168,0.5094465808393245,0.5905715320737892,0.5566776273012689,0.8227618452585234,0.5094465808393245,0.5250515521373238
GACCGACGTGAAAGCA-1,0.5393189544669231,False,6.324555320336759,distal,0.7319149529064259,0.5235901341903683,0.7325907038956696,0.5699790075981349,0.8755694201227866,0.46853926322242656,0.46853926322242667
GACCGACTGAAGCGTC-1,0.8245873838584089,True,0.0,tumor,0.7884272418213231,0.5888090062977206,0.7088767207267458,0.6602909212506269,0.9155938248899291,0.5283985707827875,0.558630106448197
GACCGATTAAATATGT-1,0.6805359829937659,False,1.4142135623730951,adjacent,0.6298835200356684,0.5065639958634441,0.7212144011592264,0.5878745657545189,0.8165858552081593,0.5011486992761027,0.516651937484574
GACCGCGTCTGACGTG-1,0.4728584963495513,False,11.661903789690601,distal,0.6481682736071633,0.5278938861951736,0.7205177506548515,0.608969143026993,0.7440227386724629,0.47285849634955135,0.4728584963495513
GACCGGTGATACTCTC-1,0.6926338166097403,False,1.4142135623730951,adjacent,0.6498866781846216,0.47611882071002615,0.7309326756952571,0.543823961061881,0.8288909030643823,0.47611882071002615,0.4761188207100262
GACCGTCAGGTCGTGA-1,0.7426015716435377,False,2.0,adjacent,0.8856842965687641,0.49330286648460864,0.7190965836259265,0.5445168960968993,0.8985808862567722,0.5471864608296643,0.5779770861696961
GACCGTGCTGACGGTG-1,0.9573809125723521,True,0.0,tumor,0.8651191736796151,0.6268770860812325,0.8121481914952906,0.7012669750506233,0.9265657036756748,0.5022138004916804,0.46538642208262676
GACCGTTACATGCGAC-1,0.5937890621889954,False,1.4142135623730951,adjacent,0.7194634862248974,0.44716602574820263,0.7219389176837763,0.5524234148878857,0.9026977240794679,0.44716602574820263,0.44716602574820274
GACCTGGTCTGGGCGT-1,0.8273620432958335,True,0.0,tumor,0.8878671348158056,0.45577662598227714,0.7224962380872764,0.5603225027401585,0.9033811748900759,0.5696960126821354,0.6022444088820949
GACCTTCCACGTCTAC-1,0.4875438889817757,False,10.770329614269007,distal,0.48754388898177564,0.4875438889817756,0.7432285570974754,0.4875438889817757,0.48754388898177564,0.4875438889817756,0.4875438889817757
GACGACGATCCGCGTT-1,0.5531842899339973,False,4.47213595499958,mid,0.5618393431050177,0.5342039916525789,0.7332316223596946,0.578420553976481,0.8033362959312678,0.47893328874770114,0.478933288747701
GACGACTTTCCAAGAA-1,0.5291518379630735,False,1.4142135623730951,adjacent,0.894615356034851,0.5052450042418275,0.5878406620966393,0.5883111334039273,0.9050883352839548,0.5052450042418275,0.4509000724516525
GACGAGGCTAATAAAC-1,0.6886330522846155,False,7.0710678118654755,distal,0.8129818499321927,0.4673688903750766,0.7327300339965447,0.5028553382005981,0.9063320397633443,0.5771548174156433,0.6085222251415195
GACGATATCACTGGGT-1,0.480828178119601,False,4.242640687119285,mid,0.5638085418640509,0.48082817811960094,0.729769269352951,0.5486039123892325,0.7776452919625598,0.48082817811960094,0.480828178119601
GACGCATACCCGTCGG-1,0.8939777549541803,True,0.0,tumor,0.788292556057144,0.5118864057168689,0.5888508053279831,0.625398948522172,0.8432917689642934,0.5613795537721303,0.5225595337616739
GACGCCGTAAAGGCTA-1,0.480688848018726,False,8.0,distal,0.7326394694309758,0.5359874169437788,0.6103773059131695,0.5484199966560777,0.7771011712528269,0.4806888480187259,0.480688848018726
GACGCCTGTTGCAGGG-1,0.6158350650074442,False,1.4142135623730951,adjacent,0.810994073826376,0.5244570770402571,0.7328275650671571,0.5707629716323913,0.8206264281335339,0.5244570770402571,0.540154935072173
GACGCTTGCTTCTAAA-1,0.6034864372098948,False,2.8284271247461903,mid,0.8145562800720801,0.5027927944664277,0.7238756060859388,0.5503910531497892,0.9321682403634902,0.5027927944664277,0.5182960326748991
GACGGACCGCGTTCCT-1,0.6111018224377194,False,3.1622776601683795,mid,0.8926972449794719,0.4596778688067771,0.7288078916569135,0.5309981608426685,0.8812262222183113,0.514412924879402,0.45967786880677697
GACGGGATGTCTTATG-1,0.8352282227052331,True,0.0,tumor,0.8097029482249346,0.5141373609021159,0.7174315889204703,0.6293131954894201,0.8739458577894327,0.5141373609021159,0.5297688712669484
GACGGGCATCGAATTT-1,0.5133080150635744,False,6.324555320336759,distal,0.6150495086291775,0.5047805705722442,0.7210611380482639,0.513201062624236,0.8113455767826188,0.5520506294624336,0.5133080150635743
GACGGGTTGGCCCGTA-1,0.4848687510449757,False,8.602325267042627,distal,0.5679838005536049,0.4848687510449758,0.6095413253079195,0.5513607906518792,0.6193736305317717,0.4848687510449758,0.4848687510449757
GACGGTCAATAGAAGC-1,0.598032658975645,False,5.0990195135927845,distal,0.8022905868583851,0.5606178825540137,0.5886696761968455,0.5573705623362871,0.8686307810992119,0.5062605658659831,0.4519032491779523
GACGGTCCTAGGGTGT-1,0.499613856577575,False,7.615773105863909,distal,0.9626734659755893,0.7161381411506809,0.5691704285793903,0.6082000408701629,0.8944904478216105,0.4925659650622032,0.5100755567232744
GACGTGAGACTCCATG-1,0.7383579748568881,False,2.0,adjacent,0.9844972041093091,0.5044399858812165,0.8316613721228334,0.5882906983224656,0.8718647060721525,0.45003622582622754,0.45003622582622743
GACGTGTAGGGATTAT-1,0.7516659899204626,True,0.0,tumor,0.9050744022738672,0.5130567785642188,0.8482486206320013,0.5626353824146836,0.9249861403215447,0.5676617932093606,0.5286582113199736
GACGTTCGTAAATACA-1,0.777573426963161,True,0.0,tumor,0.6617715357892586,0.4406825317208196,0.6906244775121217,0.5399617306656262,0.8291563635723652,0.5526420083350362,0.520656682669724
GACGTTGCTCGGCGGC-1,0.4804101878169761,False,3.1622776601683795,mid,0.6497845027773135,0.480410187816976,0.609527392297832,0.579903026249791,0.7489506243455151,0.480410187816976,0.4804101878169761
GACTAACACAGCACCT-1,0.6385219862899181,False,4.0,mid,0.7879720968251315,0.538900964164298,0.7146519534080142,0.607391926285088,0.8969118583115537,0.48525887532742573,0.500585186423675
GACTAAGATCATGCAC-1,0.6591269177793171,False,1.4142135623730951,adjacent,0.8980382321796802,0.5452668016620533,0.7130705567630831,0.5368593137528099,0.9257737220496486,0.7032083077894815,0.6351621404288184
GACTAAGTAGGCTCAC-1,0.6521803170356923,False,1.4142135623730951,adjacent,0.8105389288301845,0.49083207936242546,0.7182048709803266,0.5712311207713314,0.934356456263548,0.5981162570361701,0.5061583904586747
GACTACAAAGCGGTGG-1,0.863289305021457,True,0.0,tumor,0.8069813669211764,0.5512734771219975,0.8381680878336957,0.5394452804250497,0.963626043875782,0.5450005263581589,0.5065763807612997
GACTACAATTGCTCGT-1,0.7127053128557893,False,1.4142135623730951,adjacent,0.6836928049935908,0.4174329822214791,0.7083124338182021,0.5508647754927641,0.9416500203861937,0.4174329822214791,0.4174329822214791
GACTAGGCCGTTAGGT-1,0.4897731705957754,False,7.615773105863909,distal,0.572985751175017,0.4897731705957755,0.7444825280053502,0.5230582028274722,0.6753183326146833,0.5452482243152699,0.5610982396636969
GACTCACCCACGTGAG-1,0.5356406398038233,False,12.165525060596439,distal,0.6391350387337681,0.5146451417141937,0.7272473945271136,0.5316855226736518,0.8170727772449012,0.45987293094800197,0.459872930948002
GACTCCCAGAATAAGG-1,0.599266725583395,False,2.0,adjacent,0.7807269315796318,0.4996563190845083,0.7213815972802764,0.5473425105426444,0.8678138667182921,0.553874305671664,0.5151471723951242
GACTCCTTCCAATTGA-1,0.8874013741928807,True,0.0,tumor,0.9722918872726597,0.44326478292370286,0.7209218079473889,0.5809452154043359,0.9585822942241072,0.6053056902413197,0.5127108860598244
GACTCGCGGGAATGAC-1,0.5238612749898489,False,4.242640687119285,mid,0.8037581972542681,0.562723315189458,0.7262581508109013,0.5591242638726336,0.901973207554918,0.4539096026305523,0.45390960263055236
GACTCGGTCGGCGGAT-1,0.7135054657208143,False,2.0,adjacent,0.6808272492522618,0.5183575148463964,0.7020216797636961,0.526909286815657,0.8864093019708609,0.6849839305950325,0.6949546580043151
GACTCTAGAGTTCCAA-1,0.48158056066432586,False,16.55294535724685,distal,0.7368193724572256,0.5922024683101426,0.7349871816307194,0.581140277545561,0.7506812508616467,0.481580560664326,0.48158056066432586
GACTGATTGGTCACAA-1,0.5549159640448721,False,3.1622776601683795,mid,0.5924455219305579,0.5076600593236607,0.7007328763306024,0.5483289676568393,0.8497552190122521,0.5695504901323326,0.5498443483730223
GACTGCAAATCGAGCT-1,0.5305053303715735,False,4.242640687119285,mid,0.626390978840402,0.5632806355929579,0.7267806386891824,0.5588771851604154,0.8460299721046473,0.45407679875160223,0.4540767987516023
GACTGCACCAGCCCAG-1,0.5440163692964229,False,5.830951894845301,distal,0.647011833769901,0.528271625579768,0.7275399877389511,0.5413401697969495,0.7450259153987628,0.528271625579768,0.5440163692964229
GACTGCGGCACGTGTA-1,0.659389654540967,False,1.4142135623730951,adjacent,0.9011034943989299,0.44095190324917793,0.7156272641141392,0.5430269928848761,0.9597629334999427,0.49497482769510853,0.5104099489653744
GACTGCTGGTGAGAAA-1,0.6056997953837947,False,2.0,adjacent,0.6292240242248602,0.5194442896332213,0.729713537312601,0.5331531330695352,0.8186655402927986,0.5194442896332213,0.5351271088605982
GACTGGGCGCCGCAAC-1,0.7014036512448149,False,2.0,adjacent,0.8533829348492447,0.5408392006786924,0.7114543275929333,0.5653662523918332,0.9214999545343882,0.5334856675769566,0.5640162100620218
GACTTCAACGCATCAA-1,0.6638322943288667,False,8.48528137423857,distal,0.7081127273402813,0.5071058351446245,0.7234994148135764,0.6210574225789072,0.9238714995145447,0.5559487760624694,0.5171575067077492
GACTTTCGAGCGGTTC-1,0.5432002929912979,False,19.79898987322333,distal,0.6464359360196177,0.5274697034436209,0.7357604636905757,0.5753998773895113,0.6890650803568025,0.4724126400267514,0.4724126400267514
GAGAAACTGGATCCCA-1,0.6162769404702192,False,11.045361017187261,distal,0.5612495123446469,0.5322967173828235,0.6046787047873823,0.5769845250701294,0.7968112473123958,0.5295689436301374,0.4743911274591763
GAGAACGGTTCTGACT-1,0.8236160540123088,True,0.0,tumor,0.76686358654257,0.5883972084440233,0.8175054338739342,0.6725073844953465,0.7896672797191104,0.5819322917634236,0.479928503753951
GAGAATCTCACGATCA-1,0.8858368962030557,True,0.0,tumor,0.8679382860539858,0.4894140085579644,0.8332985008081146,0.590919392892307,0.9298392277299168,0.6711283261191302,0.601161614955295
GAGACCCTGCAACGCC-1,0.6936568976361653,False,2.8284271247461903,mid,0.8333379776700292,0.40890598004792955,0.7023560720057962,0.561700941871482,0.9237703018623302,0.626920433223727,0.5434272020127228
GAGACTGATGGGTAGA-1,0.7404439455099882,False,1.4142135623730951,adjacent,0.9792026602760595,0.4867605441924117,0.8362522989466643,0.6088372438648313,0.9563134135288061,0.5403716707846452,0.5020780089330498
GAGACTTCGCGACCGA-1,0.48617845399320064,False,8.246211251235321,distal,0.6524828623975923,0.48617845399320075,0.4861784539932007,0.5204072154414908,0.6999284283271295,0.48617845399320075,0.48617845399320064
GAGAGCGCAGTCCCTG-1,0.741821323078638,False,1.4142135623730951,adjacent,0.8890653736833306,0.45558156384105225,0.7271289639413698,0.5573018261531888,0.9031567800960351,0.45558156384105225,0.45558156384105214
GAGAGGCCTATGTGTA-1,0.46630998160842674,False,5.0990195135927845,distal,0.7257797841312305,0.4663099816084267,0.7227609652789388,0.5373478979732114,0.877000853580197,0.521175079108535,0.5368508212514232
GAGAGGGCGCGAGGTT-1,0.60205730846092,False,1.4142135623730951,adjacent,0.8120669156031135,0.46146129409797687,0.5933651005963329,0.5957197793011202,0.8759712774663628,0.5200852080972462,0.4614612940979769
GAGAGGTGCATTCTGG-1,0.89907325578618,True,0.0,tumor,0.7825614445744858,0.4220030095301789,0.6988240539486151,0.5655501681249884,0.8320558963032056,0.482497043105637,0.42200300953017894
GAGAGTCTCGGGAGAG-1,0.49233684445187537,False,5.0990195135927845,distal,0.5755772910512921,0.4923368444518753,0.6190784707128127,0.49233684445187537,0.5711962149144806,0.4923368444518753,0.49233684445187537
GAGATCGATCTTACTC-1,0.8913742724978305,True,0.0,tumor,0.8100884281706886,0.5024336324286165,0.7186019617678203,0.6508331940032325,0.9282728640695533,0.6162756135168775,0.5877063080707956
GAGATCTGCTTGGCAT-1,0.89802230873958,True,0.0,tumor,0.9754361032157388,0.42902524661427854,0.8311249512344647,0.609309108473128,0.9433645139432766,0.5354610587849176,0.5658712908336716
GAGATCTGTCACTCCG-1,0.6630361223238669,False,3.1622776601683795,mid,0.8793494213156478,0.5071987218785413,0.7251853090341638,0.5573389808467556,0.8423017919317607,0.5071987218785413,0.5227824619230738
GAGATCTTCCATGACA-1,0.5413093844794229,False,6.0,distal,0.5577941258429471,0.47048988463467656,0.7324026082594883,0.5403332776012931,0.8240920810637193,0.525571717847257,0.5413093844794229
GAGATGACAATCCTTA-1,0.660376907827167,False,2.8284271247461903,mid,0.6956751936688401,0.4916742524166032,0.7144429582567018,0.5415296587341396,0.9510438024504498,0.484887328391759,0.5001632152610249
GAGATGGCTTTAATCA-1,0.538618323102523,False,11.40175425099138,distal,0.5504096304965724,0.4678704787382266,0.733802875773282,0.4678704787382265,0.7110103045609343,0.4678704787382266,0.4678704787382265
GAGATGGGAGTCGACA-1,0.5481922914626477,False,2.8284271247461903,mid,0.6429155288041762,0.47714986345650107,0.7313158334726634,0.5119322298389343,0.743826209898597,0.47714986345650107,0.4771498634565012
GAGCACCTGTGTCCAG-1,0.4774006576380762,False,1.4142135623730951,adjacent,0.6467424622415427,0.5350709345024677,0.7376762525776069,0.5785060097716844,0.7481161103729059,0.5326249171759955,0.4774006576380762
GAGCACGGCGCCTCTT-1,0.6568657892851171,False,4.47213595499958,mid,0.8790057404001561,0.5491525633642337,0.6839853982054283,0.5800999461256943,0.9000841847135813,0.5491525633642337,0.579971497042221
GAGCATCAACAACTTG-1,0.9624604899642518,True,0.0,tumor,0.7047688049192815,0.5455640392105867,0.7185253302123391,0.6075646956101731,0.851770372260697,0.4381374352115031,0.4381374352115031
GAGCATCATCCCTGGG-1,0.7578044760790121,True,0.0,tumor,0.8032844749112932,0.5558032535126666,0.7228445633394639,0.5850378049007041,0.9010257628689678,0.5014707066203471,0.44713815972802756
GAGCCACGGTAGTAGG-1,0.8936951138924052,True,0.0,tumor,0.8948707945531219,0.493209979750692,0.7003497185531962,0.5809879433019377,0.9018324108214022,0.547028553382006,0.5777820240284711
GAGCCAGCTACCTGTG-1,0.6023638346828449,False,5.656854249492381,distal,0.8931802559958388,0.461489160118152,0.728320236303851,0.5302402050939085,0.9001795158352326,0.461489160118152,0.46148916011815194
GAGCCGAGCGTTTATT-1,0.8027563474813099,True,0.0,tumor,0.8191216630440841,0.5250546483617876,0.7011996321685336,0.5555648442289473,0.8379194936010819,0.5138927591694687,0.47661642821315114
GAGCGAGGGAGTACCG-1,0.8220396334424088,True,0.0,tumor,0.8932545653829721,0.6180930972771802,0.6737098032658976,0.6173716769770942,0.8852139963686174,0.5134159406020299,0.4087387839268795
GAGCGCAAATACTCCG-1,0.4679262107785766,False,13.341664064126334,distal,0.9006158390458673,0.4679262107785766,0.731580560664326,0.5710955061398131,0.8520196998096312,0.5228377516456433,0.5385267633219482
GAGCGCGCACGAGTAG-1,0.5426668577479478,False,11.313708498984761,distal,0.7290493971650968,0.47193891768377644,0.7351822437719445,0.5414962195099297,0.7703546611051957,0.47193891768377644,0.4719389176837763
GAGCGCTATGTCAGGC-1,0.8175452424741841,True,0.0,tumor,0.8074550892641513,0.48105729872992875,0.7117817533299895,0.5705679094911663,0.8423032585644014,0.5433750085146173,0.49632168533690024
GAGCGCTGTTAGGTAA-1,0.759360992348787,True,0.0,tumor,0.7927696966319271,0.5072544539188911,0.7225798361478014,0.5890300767244422,0.9241032274717893,0.44786267625257753,0.44786267625257764
GAGCGGAATGCGGTGT-1,0.5485227028447225,False,7.0710678118654755,distal,0.808997009047168,0.5327363812566956,0.7375578219918631,0.579836147801371,0.7730649982253744,0.47748425569860115,0.4774842556986011
GAGCTAAGGGCATATC-1,0.5846529884316208,False,4.47213595499958,mid,0.9416624867636405,0.49945816071881943,0.7184904976871204,0.5797079641085661,0.862981312166891,0.5536730510815112,0.5846529884316208
GAGCTCAACATGAGCG-1,0.4854260714484758,False,18.867962264113206,distal,0.6515818610786009,0.4854260714484757,0.7346597558936634,0.5186572293745008,0.7240193360847362,0.4854260714484757,0.4854260714484758
GAGCTCTCGGACCTAA-1,0.7414630456763878,False,1.4142135623730951,adjacent,0.7926442995411396,0.5010031767262999,0.72233600847127,0.5161771535789258,0.8996764608394419,0.5552304519868473,0.5862174664214457
GAGCTGTCGTCTCGGA-1,0.7754874563100612,True,0.0,tumor,0.6029463671998366,0.4106336732987795,0.8131583347266345,0.5570528897062921,0.7633353572863776,0.629505780651074,0.5457679477074228
GAGGAATATCTCTTTG-1,0.5485983391851976,False,5.656854249492381,distal,0.7272055954968512,0.47408460123725127,0.7286476620409073,0.5419680841182263,0.7966484510892681,0.47408460123725127,0.4740846012372514
GAGGAATGGAGAGGTT-1,0.7925932118374854,True,0.0,tumor,0.8958089505656802,0.4243994872652288,0.6864585074959594,0.5644763974809117,0.9032462446871233,0.4849059057385424,0.4243994872652288
GAGGAGATCCTCATGC-1,0.9817159099051759,True,0.0,tumor,0.8849086923405598,0.5478180906202976,0.715104776235858,0.677517694922811,0.9214794216774171,0.5412262287366785,0.5029060278182498
GAGGAGTAATTCCTAC-1,0.6739396979323413,False,1.4142135623730951,adjacent,0.8110776718869012,0.5611411444884109,0.7195494064537703,0.5523100930725074,0.8454198529260788,0.4469430975868026,0.4469430975868027
GAGGATAAACAGTGCT-1,0.4660870534470267,False,4.0,mid,0.801951550279589,0.5795791611708682,0.5992030318229951,0.6022775827156365,0.8405491659260171,0.5246118882634515,0.541333269639573
GAGGCATTTGCAGCAG-1,0.6707987993726165,False,1.4142135623730951,adjacent,0.7802671422467444,0.43657693808170317,0.6978696427576213,0.5435490163294878,0.7893915527826421,0.5440592741211367,0.5056727255356247
GAGGCCCGACTCCGCA-1,0.8946545011584303,True,0.0,tumor,0.7914971483772688,0.4114975199242044,0.8196093183971466,0.5946088539634768,0.879256534581731,0.46367819081412126,0.4785869539255261
GAGGCCTGTTGATACA-1,0.5357122952842733,False,2.0,adjacent,0.8946292890449387,0.5792664425000154,0.7298946664437386,0.5714503334633748,0.882927516081627,0.574857418863438,0.6061735177267698
GAGGCTATCAAAGTCG-1,0.6783664142801412,False,2.0,adjacent,0.8880714856304222,0.4987057781740945,0.7133910159950956,0.5729978264504264,0.9609773053265164,0.4925504839398837,0.5079457966098996
GAGGGAGTCAGATCGC-1,0.5466875263731977,False,1.4142135623730951,adjacent,0.7235830128741013,0.5262776570250237,0.725874993033495,0.6055360493414331,0.798801467805947,0.4712144011592264,0.47121440115922647
GAGGGCATCGCGTATC-1,0.8349097539032331,True,0.0,tumor,0.8084582659904512,0.4670902301733266,0.7236317784094075,0.5355291757231232,0.8784586864251417,0.5769071194585322,0.6082833735400195
GAGGGCCATAATATTA-1,0.878723099338381,True,0.0,tumor,0.513775102639841,0.4786670134438066,0.8231552694644151,0.6319065931003733,0.8127330112608054,0.531525757491315,0.4857564828305508
GAGGGCCGGCAGAGTC-1,0.7990859945382601,True,0.0,tumor,0.5805327983057459,0.4744375708261346,0.7079641085660145,0.5296866001597652,0.8072302055925636,0.4744375708261346,0.4895940318946505
GAGGGCGCAGCTCTGC-1,0.5872843369081456,False,7.0710678118654755,distal,0.6025190882238199,0.5483661223504059,0.719584238978989,0.5748054022924446,0.7408137464544154,0.440060190603578,0.44006019060357804
GAGGGTAGTAACAAAG-1,0.7574621221168619,True,0.0,tumor,0.6237715729439522,0.49102404527918647,0.6981552694644151,0.5785431644652511,0.8600201808651373,0.49102404527918647,0.43755224878782817
GAGGTACATCCATCTT-1,0.5255013893201487,False,1.4142135623730951,adjacent,0.8034795370525182,0.5010465238687944,0.7214512623307139,0.653551059837634,0.9007529691977814,0.44674803544557773,0.4467480354455776
GAGGTACGCGTGTCCC-1,0.5553299734874723,False,14.7648230602334,distal,0.6502814468037675,0.48411636850025075,0.741542662876888,0.48411636850025086,0.5907698941384559,0.48411636850025075,0.48411636850025086
GAGGTCCCAAAGATCT-1,0.8100572447671596,True,0.0,tumor,0.9703412658604099,0.5020775666152694,0.7226355681881513,0.6179735830128742,0.8691851682374301,0.44786267625257753,0.44786267625257764
GAGGTCCGTTCGCTGT-1,0.556958145237697,False,7.211102550927978,distal,0.8157684519496926,0.4834197179958759,0.7414869308365379,0.5166545913912575,0.7493847476071889,0.4834197179958759,0.4834197179958758
GAGGTCTTAGTGGGTC-1,0.6679007332744167,False,3.1622776601683795,mid,0.8149928477214884,0.5061924489277775,0.8437064593434767,0.5564881383640788,0.935651492885365,0.45179178509725243,0.4517917850972525
GAGTAAACCGGAAAGT-1,0.6156559263063192,False,11.045361017187261,distal,0.6455024243437553,0.6383455014954764,0.6019130022850137,0.538533132697988,0.8535699305109457,0.4702948224934515,0.4702948224934515
GAGTAAATTAAGAACC-1,0.5482758895231726,False,11.045361017187261,distal,0.6429619721711346,0.5877284239598235,0.7375508554868194,0.5766817143175612,0.8287075739842835,0.5877284239598235,0.6192904515091441
GAGTAAGGCCACGGGA-1,0.9836107992770758,True,0.0,tumor,0.8775149083207937,0.583180070222371,0.8211071169815527,0.5678370395140165,0.9416646867126017,0.5302717865834402,0.4924801554127753
GAGTACGGGTATACAA-1,0.538741729763298,False,2.0,adjacent,0.8161817979156217,0.4622694086830519,0.7283411358189823,0.5309015586393951,0.9080729327079612,0.4622694086830519,0.4622694086830519
GAGTAGATACTAGTTG-1,0.560043311757072,False,11.045361017187261,distal,0.48876999386947556,0.48876999386947556,0.740957476453213,0.4887699938694754,0.6487297494698122,0.48876999386947556,0.48876999386947556
GAGTATACCCTAATCA-1,0.6822875614047659,False,1.4142135623730951,adjacent,0.7136719983651935,0.5688878980970605,0.5944588418882015,0.5610916048969886,0.9043946180448612,0.5141435533510438,0.459399208605027
GAGTATCAAAGTTACA-1,0.5327823823058734,False,12.806248474865697,distal,0.7204991733080681,0.5171376024076241,0.719695703059689,0.5984822307678017,0.8445354734436826,0.4623808727637519,0.4623808727637519
GAGTATGCCCGCCTTG-1,0.8113828711554846,True,0.0,tumor,0.8857632502925932,0.5466601026708032,0.7186019617678203,0.5732541938360363,0.9286101895769352,0.43902914785710306,0.43902914785710306
GAGTATGCGCGTGCAT-1,0.46472161845845184,False,9.486832980505138,distal,0.635215218562485,0.4647216184584518,0.7322772111687009,0.5002879488751416,0.6770797584162714,0.5196641215701574,0.5353619796020733
GAGTCAGACCAGAATC-1,0.6085301868615696,False,2.8284271247461903,mid,0.725956268925672,0.4670902301733266,0.8555077188875885,0.5706812313065448,0.8211074836397129,0.4670902301733266,0.4670902301733265
GAGTCCACCAGGTTTA-1,0.45586022404280213,False,11.313708498984761,distal,0.7976834048561184,0.4558602240428022,0.7147843170038455,0.4918854149250405,0.7893094213547579,0.4558602240428022,0.45586022404280213
GAGTCCGCTTACCGGA-1,0.5287219050803736,False,1.4142135623730951,adjacent,0.6301250255438519,0.5130939332577855,0.726488045477345,0.5601144364561853,0.8463159654696011,0.4583960318787271,0.45839603187872713
GAGTCGACAGACCCTC-1,0.520433754508324,False,1.4142135623730951,adjacent,0.9778976016645302,0.504926093122047,0.72501114640807,0.617511007077969,0.9067940290451929,0.504926093122047,0.45064927827007745
GAGTCTTGTAAAGGAC-1,0.680364806012691,False,1.4142135623730951,adjacent,0.8067305727396014,0.5104497575656244,0.7270592988909323,0.5929331772836204,0.9051118014062073,0.5149485717116548,0.45597168812350214
GAGTGCACGGACAACA-1,0.7238994912460888,False,2.8284271247461903,mid,0.6918807705883445,0.4277434096862286,0.7126177339352393,0.5020230730647048,0.8358647412713358,0.4810944534234954,0.4963376087770001
GAGTGTCAACCAGAAA-1,0.59849841959857,False,2.0,adjacent,0.8917405116201303,0.5672407066822716,0.728654628545951,0.5626929721897118,0.8805838371216455,0.5125397090787494,0.45783871147522703
GAGTGTGCGGTACCCA-1,0.5968025732279202,False,11.661903789690601,distal,0.7860214754128815,0.5045947971044109,0.7099774285236582,0.5847164168013524,0.7315299618382186,0.45014768990692755,0.4501476899069275
GAGTTCTGTGGGTGCT-1,0.6912245921608904,False,2.0,adjacent,0.8004885842204016,0.47068494677590145,0.7333570194504822,0.5718404577458247,0.7460422918188299,0.47068494677590145,0.4706849467759015
GAGTTGATGGCAATTT-1,0.8760877700018312,True,0.0,tumor,0.8959854353601219,0.4883303299956034,0.7163587471437329,0.6059893366029463,0.9072472185311966,0.4948912296345836,0.5121097761960494
GAGTTGTCACCAGTCT-1,0.7513634445585623,False,1.4142135623730951,adjacent,0.8937747310929053,0.5581904425743249,0.7240428022069888,0.6166081480242992,0.9262518442905457,0.5038207409884387,0.44945103940255254
GATAAATCGGTGGATG-1,0.5937253684285952,False,2.0,adjacent,0.975984134945847,0.5558651780019443,0.7225589366326701,0.5492875587508592,0.9314554569000666,0.501613132945686,0.5171137172474741
GATAACTCGCACTGTG-1,0.4731928885916514,False,15.620499351813308,distal,0.6387542031247098,0.47319288859165126,0.736171487488157,0.5082799234613311,0.6897001322902641,0.47319288859165126,0.4731928885916514
GATAAGGCAGATGCAA-1,0.6895964204106655,False,1.4142135623730951,adjacent,0.9068949822586339,0.5167319970028548,0.728375968344201,0.5306266139070019,0.8789793410126218,0.5167319970028548,0.46190715042077685
GATAAGGGACGATTAG-1,0.7471596563721628,False,1.4142135623730951,adjacent,0.8078173475264263,0.49918259674153337,0.8211280164966839,0.5448828698285311,0.8410947532683909,0.49298395536482814,0.5084075763727997
GATACCGTGTCGGAGT-1,0.6457671515354176,False,6.0,distal,0.878810678258931,0.7201756178515919,0.8100094744468596,0.6681249883891583,0.9109343329901411,0.42855152427130355,0.4285515242713035
GATACGATGGGAGTCA-1,0.6477058303675927,False,2.0,adjacent,0.9744329264894387,0.5963421204183619,0.7129730256924706,0.6733786620594846,0.9304801461939417,0.5358759528630788,0.5664047260770217
GATAGAACCCGCTAGG-1,0.48470155492392575,False,15.297058540778355,distal,0.5703013245648256,0.48470155492392575,0.48470155492392575,0.5179420015233425,0.6453770272529679,0.48470155492392575,0.48470155492392575
GATAGATAGTACAGTC-1,0.6652216144775916,False,5.656854249492381,distal,0.8781836928049934,0.5638410522209218,0.7269339018001448,0.5892084192535623,0.9882288064250243,0.5638410522209218,0.5950350713768202
GATAGCGTACCACGCG-1,0.7553880940438373,True,0.0,tumor,0.8124105965186054,0.4624644708242769,0.7288914897174386,0.6322075461182632,0.8736466647307115,0.4624644708242769,0.462464470824277
GATAGGATTAATTACA-1,0.6438643004434679,False,5.0990195135927845,distal,0.9417275074773822,0.7117879457789171,0.7082845677980271,0.6338312062271266,0.9159604830501266,0.6844451875383158,0.6919889172856905
GATAGGTAACGTTGAC-1,0.47447472551970116,False,3.1622776601683795,mid,0.7313344108194467,0.47447472551970127,0.7348826840550633,0.5756116591428413,0.7468636060976719,0.47447472551970127,0.47447472551970116
GATAGGTGTCCCGGGC-1,0.5141280722287243,False,5.0990195135927845,distal,0.7916922105184939,0.7275074773820803,0.7043833249735273,0.6157498746029092,0.8376056342159528,0.44474168199297776,0.44474168199297776
GATAGTGCGAGTAAGT-1,0.6233350052945438,False,3.1622776601683795,mid,0.480995374240651,0.480995374240651,0.6101752772669008,0.5155548124616842,0.695899588462881,0.5363496752060537,0.5521651897675974
GATATCAAGCAGGAGC-1,0.8309766641985336,True,0.0,tumor,0.7288914897174386,0.5172057193458297,0.7198698656857827,0.5311170558620819,0.8736407982001484,0.5172057193458297,0.5328540377863232
GATATCAGTATGTATC-1,0.840447130198008,True,0.0,tumor,0.7921612885247727,0.5655377832271329,0.7222872429359638,0.5580634973713056,0.8128899409533699,0.6201118356276356,0.5967229560274202
GATATCTCATGCAATA-1,0.7351772676969132,False,1.4142135623730951,adjacent,0.8945364023110219,0.44833639859555263,0.8417488714261829,0.5863976666852441,0.876291003382055,0.5077560422820412,0.4483363985955525
GATATGAGACACTAAC-1,0.5445259193796228,False,12.165525060596439,distal,0.5570092329413513,0.5829076024695486,0.7257635289527951,0.605563915361608,0.6904393151412219,0.5246521391814821,0.46962603800925157
GATATGCGGTAGCCAA-1,0.5261622120842988,False,4.242640687119285,mid,0.7130589459213436,0.5024862682445027,0.7077899459399208,0.5532463913503874,0.9120196411443254,0.44822493451485257,0.4482249345148527
GATATGGATTACGCGG-1,0.664150763130867,False,1.4142135623730951,adjacent,0.9000863846625425,0.4917888127217671,0.7166931393858329,0.5761058165672778,0.9605373155342796,0.4917888127217671,0.5071814714850996
GATATTGAGATTGGCG-1,0.5466795646531476,False,9.055385138137417,distal,0.5546731315833472,0.527132214977057,0.7358858607813632,0.5381485816195731,0.7442222007116103,0.47205038176447645,0.4720503817644764
GATATTTCCTACATGG-1,0.6707032587320165,False,5.0990195135927845,distal,0.6262330713927438,0.5144067324304742,0.7131332553084768,0.5232885619275855,0.8136848558446778,0.45432759293317726,0.4543275929331773
GATCAACATAAAGGGA-1,0.7508061241550623,False,1.4142135623730951,adjacent,0.8882619034349514,0.5660796225083133,0.7245861896004013,0.525660889111817,0.9007969681770052,0.5114436456185327,0.5270539247298988
GATCATTCCAAACATT-1,0.8870590202307306,True,0.0,tumor,0.9730767801742554,0.40731761689795465,0.7019729142283899,0.553746121978859,0.9644649577463135,0.625084372116641,0.620154298134569
GATCCAACCTTTAAAC-1,0.6963320355729652,False,5.656854249492381,distal,0.6497380594103549,0.480382321796801,0.859025803934682,0.5135558899477978,0.6955739960166257,0.480382321796801,0.4803823217968009
GATCCCTTTATACTGC-1,0.7319766562368135,False,2.0,adjacent,0.9781855505396719,0.594475097066637,0.7164771777294766,0.6775678537591261,0.9568634007691023,0.4874633871457146,0.5027507742772748
GATCCGAATATAAGTG-1,0.6687685607598665,False,2.8284271247461903,mid,0.7994064537702726,0.5574256751317442,0.7199395307362202,0.6216481822066171,0.8719879032139787,0.5517224296692613,0.5826545966990707
GATCCGGGAATTAACA-1,0.5111384463499495,False,7.615773105863909,distal,0.7052193055787773,0.4416206877333779,0.7204620186145014,0.47881810919764445,0.8391866642027237,0.4956900555462669,0.44162068773337804
GATCCTAAATCGGGAC-1,0.45527503761912724,False,4.47213595499958,mid,0.8724711586691191,0.5689653037086577,0.7264114139218637,0.5924706013487154,0.9002601806304759,0.5098398013462384,0.5254297338396988
GATCCTCGACACTGGC-1,0.8178239026759341,True,0.0,tumor,0.9860716342491966,0.4318954466923034,0.7145474558323581,0.5699418529045682,0.9647333515195782,0.5922365267792454,0.6380482639469431
GATCCTCTTGCGCTTA-1,0.5148525887532741,False,2.8284271247461903,mid,0.8847507848929017,0.4951636973874058,0.7163935796689516,0.5730925709190213,0.959482806665552,0.6024540675100782,0.5813210085906959
GATCGACACTATCTGA-1,0.8750447846752811,True,0.0,tumor,0.9824211856062716,0.48546322614204246,0.7152928718720393,0.5981868509539467,0.9349695087073979,0.5992494751899533,0.5695535863567965
GATCGCGGGCTCTCCA-1,0.6810574756570409,False,1.4142135623730951,adjacent,0.9873813371974215,0.4641921640751268,0.731747756785376,0.4998290884095933,0.8785422844856666,0.4641921640751268,0.46419216407512687
GATCGCTACCCGATTT-1,0.5297051775065486,False,13.341664064126334,distal,0.7209078749373014,0.6277533176045131,0.5942777127570641,0.5306674840699253,0.8978153040182801,0.5140692439639104,0.5297051775065486
GATCGCTATATCTCAG-1,0.6767979554302911,False,1.4142135623730951,adjacent,0.7287289379330844,0.5691015375850687,0.594556372958814,0.629790633301752,0.9006092391989838,0.5691015375850688,0.5300714166288484
GATCGCTGTGGTGCGT-1,0.5902500776267704,False,2.0,adjacent,0.7784697839454569,0.48631778409407567,0.6946859499526278,0.5026045440190231,0.8648234027637225,0.48631778409407567,0.4327314272975534
GATCGGATAGAACCAT-1,0.9627988630663769,True,0.0,tumor,0.8606281000947443,0.484918290636398,0.7097753998773895,0.6009121477270615,0.9144982503072595,0.6995640515954844,0.6977770877620401
GATCGGCGATAAGTCG-1,0.8854149250404058,True,0.0,tumor,0.8006604246781475,0.4284121941704286,0.7064872094967397,0.49825930260640183,0.8600524467832347,0.5348480063410678,0.5652582383898217
GATCGGTGGCCATAAC-1,0.6054290969020947,False,1.4142135623730951,adjacent,0.7934431254528228,0.503727854254522,0.723589979379145,0.6591335525460253,0.8392467961409962,0.44936744134202755,0.4493674413420275
GATCGTGACTGATATC-1,0.5956361812405954,False,6.324555320336759,distal,0.5372661576473649,0.5020435081461666,0.7078735440004459,0.5170967322447009,0.8382069535986765,0.5020435081461666,0.4477233461517027
GATCTAACCGTATTCA-1,0.9482926091352776,True,0.0,tumor,0.9734158167530514,0.43465418268962824,0.7108900406843895,0.5080254138103996,0.9902102271227309,0.43465418268962824,0.4346541826896283
GATCTCGACGCTGTGG-1,0.5404495187140231,False,10.0,distal,0.8095125304204055,0.6345835887718516,0.7327648665217634,0.5708855821211615,0.7717508953792273,0.4698489661706515,0.46984896617065164
GATCTGCTATCTAAGG-1,0.45092793847182744,False,12.806248474865697,distal,0.5326868416652734,0.45092793847182744,0.7232625536420889,0.5163350610265841,0.6404638079063233,0.5054338739341246,0.45092793847182744
GATCTTAGTGAACGTG-1,0.7769882405394862,True,0.0,tumor,0.8497464192164076,0.4790199830326899,0.7038956696204648,0.5613981311189136,0.8767119269499615,0.5213639488008321,0.5515760224838974
GATCTTCATTGTCCTC-1,0.5994060556842699,False,2.8284271247461903,mid,0.9794302327741552,0.5607541164304247,0.7252131750543387,0.5537442642441807,0.8762132718520932,0.4519032491779524,0.4519032491779523
GATCTTGGAGGGCATA-1,0.6845646133390657,False,8.602325267042627,distal,0.6381365063441641,0.63306953500901,0.7331549908042134,0.6023686117148749,0.8193431245728433,0.4680376748592766,0.46803767485927666
GATCTTTGCAGGGTAT-1,0.8170317115309592,True,0.0,tumor,0.8853731260101433,0.4508722064314774,0.7177868806777017,0.48742499396236233,0.92157768606435,0.4508722064314774,0.4508722064314775
GATCTTTGCTCAAAGA-1,0.6771044816522162,False,1.4142135623730951,adjacent,0.6169722640212525,0.5080037402391524,0.7246558546508388,0.5580783592487321,0.75958664425652,0.5080037402391524,0.5235706722080239
GATGACAAGTAGGGCA-1,0.6690631444017165,False,1.4142135623730951,adjacent,0.9616656449125937,0.4417042857939029,0.7181839714651953,0.5154322019729142,0.9365842712449071,0.5495148216265087,0.5110110588291494
GATGACGATGATCGCG-1,0.7255157204162387,False,1.4142135623730951,adjacent,0.648957810845455,0.4645265563172268,0.67514490330491,0.5899998142265322,0.7772170352314492,0.4645265563172268,0.41183191216630444
GATGAGGAACCTTCGG-1,0.46291032714707686,False,5.656854249492381,distal,0.6342909955600141,0.6276542384216686,0.7311486373516134,0.6003120994259599,0.8424337888694315,0.46291032714707686,0.46291032714707686
GATGATTTGAAACTGG-1,0.8225929729858839,True,0.0,tumor,0.9710843597317432,0.4301120214011035,0.6924706013487154,0.5001374723661967,0.8860646433002755,0.5974288952051867,0.5675950032244966
GATGCCACACTACAGC-1,0.8693521548395315,True,0.0,tumor,0.8765303089412769,0.46963842290710706,0.7042370283676085,0.5625016255178436,0.9431166530269829,0.522345451955885,0.4846975740639007
GATGCCAGCAGAAGGC-1,0.599927548347545,False,1.4142135623730951,adjacent,0.9832943209050885,0.44437942373070277,0.720030095301789,0.5138587007003659,0.9375991810323333,0.44437942373070277,0.4443794237307027
GATGCCTTCTGCGGCA-1,0.6773075055134912,False,1.4142135623730951,adjacent,0.8783880436196103,0.44287465864125286,0.7011578331382712,0.5432852180051646,0.8572027795621807,0.5563389003449194,0.5121575465163494
GATGCGAATGGTATTA-1,0.8160086305045342,True,0.0,tumor,0.5237372048524029,0.44293039068160284,0.564140611937803,0.5110182243771945,0.8566219930364283,0.5564101135075888,0.519569907882899
GATGCGTCCTGCATTC-1,0.8965294862302052,True,0.0,tumor,0.5988639952441992,0.5297268510777957,0.8429610433037954,0.625190882238199,0.8660275081618106,0.5297268510777957,0.559931847676372
GATGCTACAAGCGCCT-1,0.6350267911879682,False,2.8284271247461903,mid,0.956946998829627,0.46966009647835427,0.7070236303851084,0.4922996897583088,0.8888659116441832,0.5306464297435707,0.4847493252442258
GATGCTACCTTCGATG-1,0.5646889754062467,False,17.26267650163207,distal,0.6598580690705753,0.49331215515800036,0.4933121551580003,0.5266213379405155,0.598499048155416,0.5488274597955253,0.5646889754062466
GATGCTGTATTTCATC-1,0.5280929291964236,False,8.246211251235321,distal,0.6227637518809563,0.4513459287744525,0.7224196065317952,0.5236582511285739,0.7037167404382885,0.4513459287744525,0.4513459287744524
GATGGCGCACACATTA-1,0.8962229600082802,True,0.0,tumor,0.8715701573501273,0.4275762135651786,0.8481580560664326,0.5676791320663582,0.921362091066154,0.4809706044449398,0.49622614469630016
GATGGTGAAATAACCC-1,0.8030350076830598,True,0.0,tumor,0.7839919002768023,0.43702279440450315,0.7130984227832581,0.575325568002378,0.82548684870511,0.5450810281942199,0.5064888018407497
GATGGTGCCCTAGGCA-1,0.8755065644381812,True,0.0,tumor,0.9512809080607108,0.462935096942788,0.7041046647717772,0.5514685392632224,0.8947016429218841,0.6375745416039682,0.556464518594597
GATGTAACGAACCACC-1,0.8182538355586341,True,0.0,tumor,0.8838869382674767,0.540238533132698,0.7157317616897955,0.599425959984395,0.9007617689936259,0.4865964442958256,0.501922755392075
GATGTCCGGATCACAT-1,0.7541779125962373,True,0.0,tumor,0.7964108566014602,0.4362982778799532,0.8377431310260268,0.5099946125694329,0.9059507152767389,0.6041136438227226,0.5828894674405458
GATGTCGGTCAACTGC-1,0.7380474677749381,False,2.0,adjacent,0.8999749205818425,0.48711041755683115,0.715494900518308,0.5757379851009679,0.9222860696298513,0.4334280778019283,0.43342807780192827
GATGTGTTGTCACAAG-1,0.7323389144990884,False,2.0,adjacent,0.8946525107284177,0.4163740734548292,0.8161121328651841,0.5598580690705753,0.9480885376792592,0.4163740734548292,0.4163740734548292
GATGTTCAATCCACGA-1,0.6482392656109426,False,1.4142135623730951,adjacent,0.9809303535269094,0.4295825670177785,0.7142548626205205,0.5721246911516097,0.9319306458756824,0.4295825670177785,0.42958256701777847
GATGTTTGTGCGAGAT-1,0.8259488379869586,True,0.0,tumor,0.8892975905181223,0.568429656876405,0.6754096304965725,0.6506325586579724,0.8907212019347818,0.5768699647649655,0.5568705663171473
GATTAACCGAAAGCCC-1,0.5352345920812731,False,7.615773105863909,distal,0.8060060562150513,0.5195588499383851,0.7214860948559326,0.56836835163202,0.9054667265052784,0.5195588499383851,0.5352345920812732
GATTAATCCTGGCTCA-1,0.9002993606738798,True,0.0,tumor,0.8876999386947556,0.45310148804547734,0.7113289305021457,0.557894443515577,0.8448581326246566,0.6166843151461108,0.5933153398460203
GATTACTGAATTTGGG-1,0.9672415028542768,True,0.0,tumor,0.7440088056623752,0.5070624880021302,0.8027782422114473,0.5501569785803191,0.785387645673287,0.455504158229455,0.4039458284567798
GATTAGAAACAAGCGT-1,0.4953463746307753,False,8.94427190999916,distal,0.4953463746307753,0.4953463746307752,0.620325475115644,0.5286741347600734,0.5216577642065371,0.4953463746307752,0.4953463746307753
GATTATCTTGCATTAT-1,0.5931680480250954,False,11.313708498984761,distal,0.7802578535733528,0.5619864137670525,0.7224544390570139,0.5220531683664938,0.8737522622808483,0.5619864137670524,0.523009370944499
GATTCCCTTGTCGCAG-1,0.8107897230117594,True,0.0,tumor,0.8776449497482769,0.5270857716100985,0.7093365100596333,0.628982518716677,0.9509088722474971,0.5347582158316149,0.4991321725145501
GATTCCGCGTTTCCGT-1,0.9617001456994769,True,0.0,tumor,0.7373163164836797,0.44802058370023595,0.8314175444463021,0.6212190454959222,0.8379502928865383,0.5506046926377974,0.5945693107538953
GATTCCTATACGGCGC-1,0.7382544724962382,False,1.4142135623730951,adjacent,0.9917423693548088,0.5596023209298582,0.7244886585297887,0.5200728231993907,0.8756882173666902,0.5596023209298582,0.5906760296494454
GATTCGACGGTTCACG-1,0.4918352560887254,False,9.055385138137417,distal,0.4918352560887254,0.49183525608872547,0.7416123279273255,0.5589756450983672,0.5707122261430202,0.49183525608872547,0.4918352560887254
GATTCTGTTAATGAGT-1,0.6108351048160444,False,22.135943621178654,distal,0.5573436251834513,0.4691801816864516,0.7330435267235134,0.6036671682550299,0.8209505539471484,0.4691801816864516,0.4691801816864515
GATTGACACTCTGCTC-1,0.6050190683195197,False,2.8284271247461903,mid,0.8171896189786175,0.459204146463802,0.838962269408683,0.5280164966839435,0.8767647257250298,0.568426560651941,0.5996329647056949
GATTGCTCCAGTTGCA-1,0.8287234974243834,True,0.0,tumor,0.5483475450036227,0.45814523769715204,0.7248857493172826,0.5957086328930502,0.812185957285791,0.5127750221380049,0.45814523769715215
GATTGGGAAAGGTTGT-1,0.6083948376207194,False,5.830951894845301,distal,0.6268461238365935,0.5759534823236545,0.7309535752103884,0.5639618049750134,0.8233323653557904,0.4624087387839268,0.46240873878392685
GATTTAGTGCGTACTG-1,0.7305395657677884,False,1.4142135623730951,adjacent,0.6242452952869272,0.5026534643655526,0.6860335506882906,0.5480707425365509,0.7825159789626215,0.5508833528395474,0.5122690105970494
GATTTGCGCTAACACC-1,0.5621292824101719,False,12.806248474865697,distal,0.5755494250311171,0.49077634732207553,0.4907763473220755,0.5246855784056922,0.6489864101819505,0.49077634732207553,0.4907763473220755
GCAAACCCTACATTAT-1,0.47071281279607646,False,5.830951894845301,distal,0.7286174738523843,0.5258348969266876,0.7268712032547512,0.6051384941202698,0.717460554915126,0.47071281279607646,0.47071281279607646
GCAAACCTTGGCCATA-1,0.5408396429964729,False,6.324555320336759,distal,0.5526342677738765,0.4700718943320515,0.7348548180348883,0.5383715097809731,0.8213436114948799,0.4700718943320515,0.4700718943320515
GCAAACGTAAGCGACC-1,0.8889101201423555,True,0.0,tumor,0.8917915993237847,0.49652293992705293,0.715355570417433,0.6124876925077559,0.9155483592780648,0.49652293992705293,0.5119306374949244
GCAAACGTCGCCAGGT-1,0.46193501644095203,False,7.0710678118654755,distal,0.7229746047669473,0.5714237059329854,0.7260073566293261,0.5963049657247953,0.8433885667185855,0.4619350164409519,0.46193501644095203
GCAAAGGGCGTTAGCC-1,0.9687184019235515,True,0.0,tumor,0.7886037266157647,0.5915212989280871,0.671473555146854,0.6663638559140982,0.8917669110076647,0.4316167864905534,0.43161678649055346
GCAAATATTACGCTTT-1,0.8225491835256087,True,0.0,tumor,0.8858607813632057,0.49848594623715836,0.8126219138382655,0.6122591911423211,0.9160470143759332,0.5696464730907133,0.540549040214648
GCAAATGAGGACACTT-1,0.7411684620345379,False,1.4142135623730951,adjacent,0.6114315703431237,0.43716212450537817,0.7182188039904142,0.5106596815842762,0.9019761408201996,0.6587155622434004,0.5755368189743713
GCAACACACTAGAACT-1,0.8890375076631554,True,0.0,tumor,0.7442363781604712,0.42537479797135375,0.6852811681435657,0.597378736368872,0.7948635591654274,0.5920941004539064,0.5620297609095469
GCAACAGCAGTATGCG-1,0.5387377489032731,False,13.416407864998739,distal,0.6436493340021179,0.5813347204418933,0.7318592208660759,0.5362908469412399,0.7448132536658483,0.5230266213379404,0.5387377489032732
GCAACCACCAGACCGG-1,0.6689397377409415,False,4.47213595499958,mid,0.7152928718720393,0.6257438679274493,0.7116702892492894,0.6197607237734307,0.9266507683688404,0.507152278511583,0.45271136376302745
GCAACCACGGCCGCGT-1,0.8291534303070834,True,0.0,tumor,0.7763426777387653,0.4337624700440283,0.7153416374073455,0.6052016570993329,0.8640651536884344,0.5406193687417562,0.5711499112268215
GCAACCCAAGTTGTTT-1,0.8821028494996058,True,0.0,tumor,0.8632660833379776,0.5487562466328559,0.7979295547009976,0.6409704805959612,0.8463042324084746,0.5072513576944274,0.46107116981552687
GCAACGGCTAGTTATG-1,0.5250794181574988,False,5.830951894845301,distal,0.7181630719500641,0.6285738170874435,0.7229002953798139,0.6603113563320886,0.8736437314654301,0.45499637741737725,0.45499637741737725
GCAAGAATTCCTTGGC-1,0.9024888336876299,True,0.0,tumor,0.8882386817514721,0.5769195043563877,0.7071141949506772,0.6248267662412454,0.955915956083152,0.4717283744202319,0.41913280945215403
GCAAGATGTGTTCGCG-1,0.5869817915462457,False,1.4142135623730951,adjacent,0.5317997733563693,0.5589552100169054,0.7169857325976704,0.5444165784242695,0.8650829967411421,0.49255358016434747,0.5079657009100246
GCAAGCTGGAAACCGC-1,0.8986353611834302,True,0.0,tumor,0.7104534730349812,0.5976146686730202,0.7158292927604079,0.6067194263315314,0.9252149350135076,0.4902561816121422,0.5055931083351247
GCAAGTGCACAGAGAA-1,0.683195197490466,False,2.0,adjacent,0.8191355960541716,0.5155027958906909,0.7298876999386947,0.5677534414534917,0.9004347099147301,0.5701294841070799,0.5311104210953735
GCAAGTGTAAAGCATG-1,0.5570536858782971,False,4.0,mid,0.48578832971075064,0.5412169400632868,0.6105027030039569,0.5523026621337941,0.696629971517994,0.4857883297107507,0.48578832971075064
GCAATTAGTCGCACCG-1,0.6463005867787677,False,4.242640687119285,mid,0.8671162384588232,0.5462885557351366,0.7163517806386892,0.5777647736350295,0.9228976554410603,0.4385832915343031,0.438583291534303
GCACAAACCCTAGATG-1,0.9913137634254505,True,0.0,tumor,0.7988630663768602,0.4646937524382768,0.6766636014044474,0.6517824964238608,0.9774314569235327,0.4646937524382768,0.4796538244122261
GCACAAACGAGGCGTG-1,0.5468149138939976,False,7.211102550927978,distal,0.7325698043805384,0.5310737087195874,0.4759794906091512,0.6460922551041259,0.87851148520021,0.4759794906091511,0.4759794906091512
GCACAACCTCGGGCGT-1,0.8304511906752335,True,0.0,tumor,0.7217206338590723,0.5722194356202048,0.585903973694477,0.5641940218098053,0.7937181190729709,0.4627431310260268,0.46274313102602693
GCACAAGTGGATCATA-1,0.8092809770622846,True,0.0,tumor,0.8901428597967639,0.4432926489438778,0.7199604302513515,0.5810009474446859,0.8945271136376303,0.5512889582443168,0.5127188477798743
GCACAAGTGTCGGAAG-1,0.7553482854435873,True,0.0,tumor,0.8085790187445429,0.5101649049149467,0.8471757788552639,0.5606067361459437,0.7935465230539985,0.5646925139484912,0.5257442217816738
GCACACACTGGTAGCC-1,0.6675543984522416,False,8.246211251235321,distal,0.8082678481859221,0.5661910865890133,0.7269966003455386,0.5914581359490237,0.9349372427893008,0.45703059689015213,0.4570305968901521
GCACACAGCTATTACC-1,0.47974140333277593,False,17.4928556845359,distal,0.6456928421482844,0.47974140333277604,0.7335938806219695,0.5129316910958777,0.6949536104095718,0.47974140333277604,0.47974140333277593
GCACACGCCCATGGTC-1,0.9576317067539273,True,0.0,tumor,0.7841869624180275,0.4830172088155703,0.7135791116312769,0.5694384068067398,0.8866351633975424,0.5430530011703729,0.4297497631388286
GCACAGCACGGGCCGA-1,0.5505648840375474,False,5.0990195135927845,distal,0.562415240855301,0.5347644082805427,0.6094577272473946,0.5139905998625276,0.638871044858426,0.4794627431310261,0.479462743131026
GCACCTAGGCGAGTCC-1,0.5984068598179951,False,4.0,mid,0.7988444890300768,0.512521131731966,0.715940756841108,0.5595868398075386,0.9065711008837929,0.512521131731966,0.5281367186566986
GCACCTTCCCGAAGGT-1,0.5528737828520475,False,8.0,distal,0.7339677497259842,0.5370679992816759,0.6111366549629382,0.5826561890430809,0.8021893892061704,0.48174775678537585,0.48174775678537596
GCACGCCGATTCCCGC-1,0.4926712366939753,False,12.727922061357855,distal,0.49267123669397533,0.4926712366939754,0.7424622415426629,0.4926712366939753,0.5715526066461926,0.4926712366939754,0.4926712366939753
GCACGCCTACTTAGAT-1,0.8095556564040096,True,0.0,tumor,0.8764977985844062,0.45195898121830236,0.7243980939642201,0.5595348232365454,0.8990678082935143,0.45195898121830236,0.4519589812183024
GCACGTGGTTTACTTA-1,0.4762302847907262,False,1.4142135623730951,adjacent,0.8900871277564139,0.5314111971861513,0.7375578219918631,0.611707443942856,0.8542431148930677,0.47623028479072615,0.4762302847907262
GCACTAGTCGCGCTAT-1,0.5350156447798983,False,2.8284271247461903,mid,0.8983308253915175,0.4577829794348771,0.5923549573649891,0.5594363632985936,0.9326507625023099,0.4577829794348771,0.4577829794348771
GCACTCCCACAGTCCC-1,0.8769356931871561,True,0.0,tumor,0.9607089115532519,0.44256813241932785,0.7033522822270524,0.5770068178862695,0.9028223878539352,0.4966189228854334,0.4425681324193279
GCACTGCCTACCTTTA-1,0.47932341303015097,False,13.416407864998739,distal,0.6452376971520927,0.5346281744041317,0.7389441564955692,0.6133998402348178,0.669394603378535,0.5346281744041317,0.5504295347966974
GCACTGTGCAAATGTA-1,0.7393929984633879,False,1.4142135623730951,adjacent,0.9624040944472312,0.5529082836389307,0.7177381151423954,0.5175537349755707,0.8384298817600765,0.49881104980586666,0.5142674023295993
GCAGAAACGTAATCCA-1,0.5589406135301471,False,2.8284271247461903,mid,0.4877110851028256,0.4877110851028256,0.7399403667168255,0.5209515317022422,0.620881328886503,0.4877110851028256,0.4877110851028256
GCAGAAGGTAATCTCC-1,0.6051345132602447,False,10.770329614269007,distal,0.6425161158483345,0.5235622681701934,0.7314412305634509,0.6366939753664382,0.769941070700493,0.46427576213565186,0.46427576213565175
GCAGACCCAGCACGTA-1,0.5342154919148734,False,14.0,distal,0.8992736257407716,0.46366270969180184,0.7277350498801761,0.6007821062995782,0.8785246848939772,0.5185370958653018,0.5342154919148734
GCAGATCCATAAGACT-1,0.6021329448013949,False,4.242640687119285,mid,0.6272594698025229,0.5092917696161301,0.7270592988909325,0.5593509075033902,0.8483589847382206,0.4547177172156272,0.4547177172156273
GCAGATCCTCGCAAAT-1,0.8942683577360053,True,0.0,tumor,0.8904168756618178,0.49511725402044743,0.7181770049601516,0.5430734362518345,0.9346043171798414,0.549031810610142,0.5105214130460743
GCAGATTAGGGATATC-1,0.6167028924928941,False,1.4142135623730951,adjacent,0.7293791450705011,0.5807433415692905,0.7267318731538762,0.6379739545598097,0.8213289451684722,0.47068494677590145,0.4706849467759015
GCAGCACACAGCCCAG-1,0.9095628219520545,True,0.0,tumor,0.8624301027327278,0.47539740040994016,0.706731037173271,0.560647606308867,0.9665769087490504,0.5282902029265514,0.4905096297004006
GCAGCCTATATCACAT-1,0.5442313357377727,False,7.0710678118654755,distal,0.7344600494157425,0.4733879507328763,0.7347363874491445,0.5765423842166862,0.7985228076041968,0.5284883612922402,0.47338795073287626
GCAGCGGTGGGCATTA-1,0.7472631587328127,False,1.4142135623730951,adjacent,0.9806377603150717,0.4514295268349774,0.7242517973583013,0.5889074662356723,0.8984386228906155,0.5058487680122858,0.45142952683497745
GCAGCTATGGACAGGT-1,0.8095795415641595,True,0.0,tumor,0.6900462575934906,0.4960151591149752,0.7150002786602017,0.579384718274536,0.8023653851230652,0.4359360196176782,0.43593601961767814
GCAGCTGTCAACGCAT-1,0.6121925780845693,False,8.246211251235321,distal,0.6311282022701518,0.4661149194672017,0.5994956250348326,0.5345631536903901,0.7684465720395286,0.5211193470681851,0.4661149194672017
GCAGGAACTTAGATCT-1,0.7466182594087628,False,1.4142135623730951,adjacent,0.89881848074458,0.4297218971186535,0.7111478013710081,0.5677181444946033,0.9653493372287096,0.5362691733699926,0.5667112522989467
GCAGGACTATAGAATA-1,0.8295276311494335,True,0.0,tumor,0.6006985082390532,0.4646380203979268,0.5566655520258597,0.586464545133664,0.815125089097933,0.5251877860137348,0.49026679723887545
GCAGGTAGAGTATGGT-1,0.6706753927118415,False,4.0,mid,0.5449525348789686,0.5143788664102993,0.7209636069776514,0.5616247747496703,0.8134355282957435,0.4542718608928273,0.45427186089282723
GCAGTGCGGGCGGATG-1,0.5326072244647735,False,17.029386365926403,distal,0.635270950602835,0.6247933270170355,0.5921529287187204,0.5609819985509669,0.8441350827327472,0.5658381170001301,0.5268986711889238
GCAGTGTGGCTATAGG-1,0.6141591229369193,False,1.4142135623730951,adjacent,0.7306563376618551,0.5275533015041458,0.7282366382433261,0.6088038046406211,0.825918038701502,0.4724405060469264,0.4724405060469264
GCAGTTCGATCCGAGC-1,0.6093144162864945,False,12.083045973594572,distal,0.8024810046629142,0.5812727959526154,0.7336774786824946,0.6043192331271249,0.8478089974979248,0.5230637760315071,0.46817700496015163
GCATAAATTGAACGCC-1,0.6675902261924666,False,2.0,adjacent,0.6830658195396534,0.48217193953692866,0.7108830741793457,0.5728380612680898,0.8564782630376309,0.4288023184528786,0.42880231845287853
GCATACGAGGTCTTTA-1,0.521428969514574,False,1.4142135623730951,adjacent,0.8833899942410225,0.5512394186528947,0.7198350331605641,0.6134314217243493,0.9648096164168991,0.5512394186528947,0.5125675750989245
GCATAGAGCACTCAGG-1,0.8262513833488586,True,0.0,tumor,0.7244654368463097,0.5072265878987162,0.7260491556595887,0.587144476025934,0.924433219815967,0.5072265878987162,0.4528506938639024
GCATCCCTAACTTTGA-1,0.5961457313237952,False,1.4142135623730951,adjacent,0.9928570101618086,0.439809396422003,0.8407526612049266,0.5417600178342529,0.9300166902794521,0.6552942342108034,0.6475983471469177
GCATCCTCTCCTATTA-1,0.7397234098454631,False,1.4142135623730951,adjacent,0.9864338925114714,0.4271024912222036,0.6897884969068717,0.5337921937988817,0.9502928865383659,0.596503124090484,0.49582805869380014
GCATCGGCCGTGTAGG-1,0.4840606364599008,False,14.142135623730951,distal,0.7331967898344759,0.5411240533293702,0.6086287131471882,0.5858533504244925,0.6984441960946506,0.4840606364599008,0.4840606364599008
GCATGACACAAAGGAA-1,0.6142586444375443,False,13.92838827718412,distal,0.4724126400267514,0.6378996451726765,0.7348966170651507,0.5737669286072562,0.8257215099276365,0.4724126400267514,0.4724126400267514
GCATGAGGGACGCGGC-1,0.5229655814842239,False,8.94427190999916,distal,0.7051310631815565,0.5618254100949303,0.7229699604302513,0.5567816604432555,0.7604842234326831,0.5074216500399413,0.5229655814842239
GCATGCTAATAACGAT-1,0.5254416764197737,False,4.47213595499958,mid,0.8012363224284308,0.557630025946361,0.72406370172212,0.6234966282115588,0.9324645001569296,0.44925597726132754,0.4492559772613275
GCATGGGTACTGACGC-1,0.7319169433364384,False,1.4142135623730951,adjacent,0.6773857957606495,0.4759980679559346,0.8305118987906147,0.6568039532593954,0.8902782788772633,0.5366221429588759,0.5690997683139466
GCATTCAAGGCAACGC-1,0.5951704206176702,False,3.1622776601683795,mid,0.7195099295918558,0.5553295311696917,0.7061319177395085,0.6211205855579707,0.8104655971981449,0.5010805823378972,0.5165802820041242
GCATTCGAAATGAACA-1,0.7234337306231639,False,1.4142135623730951,adjacent,0.8709524605695815,0.4263222426573037,0.7100261940589645,0.5693919634397814,0.9609215732861665,0.5403933443558925,0.49494430776825027
GCATTGACTTGCGGAA-1,0.8309886067786083,True,0.0,tumor,0.8788060339222352,0.5380990420281508,0.7101028256144457,0.6414999349792863,0.946440042591012,0.6368655062017377,0.6292863910319185
GCATTGTAATTCATAT-1,0.6745368269360913,False,3.1622776601683795,mid,0.6296187928440059,0.45795017555592715,0.727985844061751,0.529478533875792,0.8202480369122103,0.45795017555592715,0.45795017555592704
GCATTTCCAAGGCTCC-1,0.6037969442918448,False,6.324555320336759,distal,0.6343374389269725,0.5763188368103934,0.5969458841888202,0.6329227739694218,0.9013425555193785,0.46288246112690185,0.4628824611269019
GCCAACCATTTCCGGA-1,0.5953853870590203,False,3.1622776601683795,mid,0.6275985063813186,0.4490887811402776,0.5858621746642144,0.5576529380073938,0.8194179228375235,0.5033717884411748,0.5188812190985741
GCCAAGAATACTTCTG-1,0.7516381239002874,True,0.0,tumor,0.9934979286258336,0.4513737947946274,0.7234227832580951,0.6212487692507754,0.9006312386885957,0.5600265036814109,0.5212219647932738
GCCAATAGGGCATCTC-1,0.7878241415275358,True,0.0,tumor,0.6861914581359491,0.5990853752933673,0.713906537368333,0.5387950732876331,0.8717429755629669,0.5455206920680921,0.5780885502503962
GCCACAATTTAAGGAC-1,0.8881577375976306,True,0.0,tumor,0.9500501588363152,0.4816084266845009,0.7051078414980773,0.5658232551227034,0.950575946638038,0.42846792621077856,0.4284679262107786
GCCACCCATTCCACTT-1,0.8233254512304838,True,0.0,tumor,0.9663053372717308,0.49154421098911993,0.6990051830797525,0.6045068643296364,0.859800185969019,0.49154421098911993,0.5069545624636747
GCCACCTTATTCGCGA-1,0.6190754850677941,False,4.47213595499958,mid,0.7260863103531553,0.5287577328205986,0.7218692526333389,0.6095710490627728,0.7989143985192877,0.5287577328205986,0.4735830128741014
GCCACTCAGAGCGCGA-1,0.4816641587248509,False,7.0710678118654755,distal,0.8232272566832005,0.5391362772235535,0.4816641587248509,0.6845566516190156,0.7540691722618701,0.48166415872485085,0.4816641587248509
GCCACTCCTTACGGTA-1,0.5419224369232729,False,13.416407864998739,distal,0.6361626632484348,0.6361626632484348,0.7268433372345762,0.5701945048208213,0.7708445164072193,0.5262157325357459,0.5419224369232729
GCCAGGAAAGAACACT-1,0.5548681937245722,False,4.47213595499958,mid,0.5667298296457299,0.48369837819762584,0.6122094967396756,0.5833361199353508,0.6708803022436547,0.48369837819762584,0.48369837819762573
GCCAGGAGTAACCGAT-1,0.7371557551293381,False,5.0990195135927845,distal,0.8855310334578014,0.5104064104231301,0.7102282227052332,0.5231157926025004,0.8982288944229826,0.505368853220383,0.5209074768512989
GCCAGGCGTTCGCATG-1,0.441258429471103,False,3.1622776601683795,mid,0.9001188950194133,0.5013406651928638,0.7193264782923703,0.6190213453714543,0.9034926389707758,0.49535256707970304,0.441258429471103
GCCAGGCTTAGTGGTA-1,0.7541540274360873,True,0.0,tumor,0.7256172323468763,0.4670344981329767,0.59995541436772,0.5025246614278549,0.8483311187180458,0.5219862899180739,0.46703449813297665
GCCATATTGCACACAG-1,0.5112817573108496,False,4.0,mid,0.8823078637908934,0.5410961873091952,0.8371161455720895,0.6465566887737093,0.826922682060443,0.4337067380036783,0.4337067380036784
GCCATCGAGCTGCGTG-1,0.6061456517065947,False,1.4142135623730951,adjacent,0.63178769808096,0.5695226241121577,0.7289263222426573,0.5616377788924187,0.8484675155536392,0.5147813755906049,0.5304217323110485
GCCATCGATGCTGCAT-1,0.677211964872891,False,5.830951894845301,distal,0.7089579966189229,0.5095116015530662,0.7262511843058574,0.592167790596147,0.8966581308646973,0.5095116015530662,0.4549685113972023
GCCATTAGCCTCAAAC-1,0.8351605480848081,True,0.0,tumor,0.773430678630478,0.4842680834989813,0.8316056400824834,0.6318917312229466,0.7645423959497473,0.4842680834989813,0.499486469056775
GCCCACCAAGGCTGTC-1,0.7450179536787128,False,1.4142135623730951,adjacent,0.9896942168719464,0.439252076018503,0.7192428802318453,0.5411896932880046,0.868099860083246,0.4930768420987448,0.5084553466930997
GCCCACTGGTCCACAA-1,0.7155396851935892,False,1.4142135623730951,adjacent,0.6873989856768655,0.47237548533318474,0.7000083598060525,0.5905868583848853,0.7083600993790278,0.47237548533318474,0.419411469653904
GCCCAGATGCTGGAGA-1,0.6069139576914196,False,4.242640687119285,mid,0.8026156904270931,0.46112690185587696,0.5955943822103327,0.4970016162291702,0.8961198766855277,0.46112690185587696,0.4611269018558769
GCCCAGCGACACAAAG-1,0.6030206765869698,False,1.4142135623730951,adjacent,0.7250692006167679,0.5097902617548162,0.7268154712144012,0.5602036077207454,0.8702528767999249,0.5644169499712051,0.5253978869594987
GCCCAGTTGGTATGCC-1,0.8934841283110805,True,0.0,tumor,0.7954727005889021,0.49321617219961983,0.7157874937301455,0.5390087127756414,0.927197822343855,0.4329264894387784,0.43292648943877843
GCCCATGGGTGCAATG-1,0.6532193215022172,False,2.0,adjacent,0.8965984878039719,0.4913584375212865,0.7167279719110516,0.5756450983670512,0.9610418371627113,0.4375243827676531,0.43752438276765304
GCCCGACTTCTTCCCG-1,0.5907914745901705,False,1.4142135623730951,adjacent,0.8918798417210055,0.4985014273594779,0.7176266510616954,0.5138661316390792,0.9007661688915484,0.4985014273594779,0.5139568952476493
GCCCGAGAGTCTAAAT-1,0.4785988965056011,False,1.4142135623730951,adjacent,0.6483122480447343,0.47859889650560106,0.6080365602184696,0.5464229318768693,0.8557229472276243,0.47859889650560106,0.4785988965056011
GCCCGATCTGTGGTCG-1,0.4934514852588753,False,2.8284271247461903,mid,0.49345148525887533,0.5489544049985448,0.6183330546731316,0.4934514852588753,0.5726628475552701,0.4934514852588754,0.4934514852588753
GCCCGATGCCCAGTTC-1,0.5481086934021226,False,5.0990195135927845,distal,0.5612030689776887,0.47361087889427633,0.6048180348882572,0.5086811941518513,0.824713933303414,0.47361087889427633,0.47361087889427633
GCCCGCGCGTAAACGG-1,0.6699190293070914,False,1.4142135623730951,adjacent,0.8910067064221888,0.4441564955693028,0.721061138048264,0.586096713667354,0.8699683500676118,0.49830326899378896,0.5137737756864994
GCCCGCGCGTTTGACA-1,0.8739858759086313,True,0.0,tumor,0.975733340764272,0.4282171320292036,0.7127640305411581,0.571909193928923,0.9166717998809093,0.6024850297547171,0.5745336422480712
GCCCGTAATACCTTCT-1,0.7975573442886601,True,0.0,tumor,0.8568383213509446,0.5374983744821565,0.7143175611659144,0.5688755131992048,0.8832252425077073,0.4303070835423285,0.43030708354232855
GCCCGTCAAGCCCAAT-1,0.5482042340427227,False,13.038404810405298,distal,0.7258401605082763,0.5324143739124512,0.6077927325419383,0.47714986345650096,0.8001977020799785,0.47714986345650107,0.4771498634565012
GCCCGTTCACACAATT-1,0.49272696873432537,False,10.198039027185569,distal,0.5759859926805254,0.49272696873432537,0.6176155046536254,0.4927269687343252,0.6245713766107294,0.5482329846984587,0.49272696873432537
GCCCTAAGTGCAGGAT-1,0.5525831800702223,False,17.029386365926403,distal,0.5644448159913801,0.5367676655086787,0.7350638131862007,0.5146259451225178,0.7203644875438889,0.48141336454327593,0.48141336454327593
GCCCTAGCCGTCGCGA-1,0.8987189592439551,True,0.0,tumor,0.8602983521893403,0.48397394217491185,0.7073371231120772,0.6055546266882165,0.8620778664601648,0.5531900400651445,0.5078184090890996
GCCCTGAGGATGGGCT-1,0.5502145683553475,False,12.083045973594572,distal,0.6484608668190011,0.479100484868751,0.6086914116925821,0.5470006873618309,0.7739171117896732,0.479100484868751,0.4791004848687511
GCCGAAATTCCTACGT-1,0.8016496683943599,True,0.0,tumor,0.955084619814598,0.4617987825645408,0.8466323914618514,0.6186609448438574,0.9238685662492628,0.5224135688940906,0.4876473913424257
GCCGACCCACGACTGC-1,0.8309209321581835,True,0.0,tumor,0.8799485407494102,0.5944255574752147,0.7043415259432647,0.6751305058611531,0.883665232299944,0.5944255574752147,0.49432727446437524
GCCGATTGGCCAAGCT-1,0.6877493013590656,False,1.4142135623730951,adjacent,0.6450797897044345,0.5256336423365348,0.7267040071337012,0.5718683237659996,0.8275899999120021,0.4705456166750264,0.47054561667502653
GCCGCACTCCGTTTCA-1,0.6665631643060167,False,4.242640687119285,mid,0.8008972858496349,0.6299516369738741,0.7268015382043136,0.5610730275502053,0.7920960233722578,0.4559438221033272,0.4559438221033272
GCCGCATTAGTCCGGC-1,0.8311199751594335,True,0.0,tumor,0.7700728231993906,0.46713976976474886,0.706229448810121,0.5835070315257576,0.6999665607757901,0.6242019481444327,0.6167227967930192
GCCGCTAGATACGCAG-1,0.6012292895757199,False,3.1622776601683795,mid,0.8879646658864181,0.6241245425328354,0.7237711085102825,0.5601051477827937,0.9058069852779415,0.5096787976741162,0.4551914395586022
GCCGCTTGTGAGAAAC-1,0.9655456564836266,True,0.0,tumor,0.7964712329785061,0.4719296290103847,0.70018948893719,0.4893533225584721,0.9215688862685052,0.5326001473802845,0.49710989562185015
GCCGGAAACACATCTT-1,0.7560688211081121,True,0.0,tumor,0.9008201898604842,0.5191222822889768,0.7215069943710639,0.49995355663304175,0.8813508859927783,0.573996668462477,0.5348006783385483
GCCGGGTTAGGGTCGC-1,0.6273118844595187,False,1.4142135623730951,adjacent,0.5662421742926677,0.5348820648101705,0.7395432759293319,0.5803916104701927,0.7755905396328139,0.5348820648101705,0.4796299392520761
GCCGGTCGTATCTCTC-1,0.558395235706722,False,13.341664064126334,distal,0.4871258986791506,0.4871258986791507,0.6118472384774006,0.5212357651080272,0.7531642599225032,0.4871258986791507,0.48712589867915057
GCCGGTTTGGGCGGAT-1,0.8323142331669334,True,0.0,tumor,0.8056252206059931,0.5092608073714913,0.8434626316669454,0.5237455646584556,0.8404274354168317,0.5692718299305827,0.5248286239759238
GCCGTCGGTTTCGGGC-1,0.5663967643569716,False,4.0,mid,0.4950119823886752,0.4950119823886753,0.4950119823886753,0.4950119823886752,0.6267698589392726,0.4950119823886753,0.4950119823886752
GCCGTGGAAGAAATGT-1,0.5288055031408987,False,3.1622776601683795,mid,0.7204898846346764,0.5764829367069795,0.716776737446358,0.5981571271990933,0.8712707198526328,0.5131899162161662,0.5288055031408987
GCCTACGTTCTGTGCA-1,0.540401748393723,False,5.830951894845301,distal,0.7173410243549015,0.5246738127527294,0.7333152204202196,0.5049452897137231,0.8267906851227719,0.4696260380092515,0.46962603800925157
GCCTAGCGATCTGACC-1,0.8249058526604088,True,0.0,tumor,0.902603615151684,0.4886213750952089,0.7122345761578331,0.6134722918872728,0.9593918754418231,0.5348511025655316,0.4284957922309536
GCCTATAGTGTCAGGG-1,0.5049681133111997,False,7.615773105863909,distal,0.6790252466142785,0.47751521794324003,0.7119071504207769,0.49451039402552527,0.9095190324917797,0.4242601571643538,0.4242601571643538
GCCTATCAGGTAAGAT-1,0.5420100158438229,False,14.7648230602334,distal,0.8113934867822178,0.5760061181395406,0.7306540154935073,0.5979620650578684,0.7675313932716761,0.4662263835479017,0.4662263835479017
GCCTATGCTGGGCCTT-1,0.8086679246184346,True,0.0,tumor,0.7553920749038623,0.41297441899347936,0.7968288469040852,0.5287558750859201,0.7376487532155922,0.4657557574293906,0.4808361398396509
GCCTATTCCGATATAG-1,0.6442584055859426,False,1.4142135623730951,adjacent,0.8031637221572013,0.4861629728708812,0.7051705400434709,0.5387876423489196,0.9164107392708489,0.4254026639915287,0.4254026639915286
GCCTATTTGCTACACA-1,0.9117443332457544,True,0.0,tumor,0.9665839974734807,0.43083653792565346,0.7079014100206209,0.5048951308774081,0.888943643174145,0.651157678327048,0.6366788480983432
GCCTCAGGTACCGGTC-1,0.5680528021273716,False,7.615773105863909,distal,0.49665607757900015,0.49665607757900015,0.49665607757900015,0.49665607757900004,0.6548529407451081,0.49665607757900015,0.4966560775790002
GCCTCATCTGGAAATA-1,0.46343978153040183,False,16.492422502470642,distal,0.628202270151777,0.5221999294060822,0.7293791450705011,0.5343569451410949,0.8439972192645131,0.5183606110708602,0.5340522766538484
GCCTCCGACAATTCAC-1,0.540994896537448,False,4.242640687119285,mid,0.9036950342752048,0.5802881965730987,0.7178147466978767,0.6068216017388396,0.9095146325938571,0.5252775765231876,0.47026695647327654
GCCTCTATACATAGCA-1,0.5410864563180229,False,1.4142135623730951,adjacent,0.729992197514351,0.46586412528562676,0.7327091344814134,0.5014267402329601,0.7400364311547972,0.46586412528562676,0.46586412528562665
GCCTGCTACACTGAGA-1,0.7456907190229378,False,1.4142135623730951,adjacent,0.7770625499266194,0.5577414900270611,0.6900183915733156,0.5936762711549536,0.9233273788048116,0.5468768383832754,0.5281327377966737
GCCTGTCCCGGTGCAT-1,0.4871537646993257,False,21.95449840010015,distal,0.48715376469932564,0.48715376469932564,0.6153095914841442,0.5536941054078657,0.6199118847109414,0.48715376469932564,0.4871537646993257
GCCTTCAGCCCTACCG-1,0.660579931688442,False,2.8284271247461903,mid,0.8909416857084471,0.496411475846353,0.7199046982110014,0.6091642051682178,0.9629645925547861,0.550422015394428,0.5118430585743743
GCCTTGTATATGCAGT-1,0.5353301327218732,False,2.0,adjacent,0.7307863790893384,0.5196517366723018,0.7215487934013264,0.5688012038120716,0.7733421917944837,0.5196517366723019,0.5353301327218732
GCCTTTGTCAGTGGAC-1,0.8299217362919084,True,0.0,tumor,0.8729495253487896,0.5025698663050275,0.7038747701053335,0.6150383622211074,0.9457521918824817,0.4483921306359025,0.4483921306359026
GCGAAACGATCGGGAG-1,0.46419216407512687,False,9.055385138137417,distal,0.7244886585297888,0.5189860484125657,0.7296996043025136,0.5683349124078099,0.8488063076936616,0.5189860484125657,0.5346414439375483
GCGAAACTTAACTGGA-1,0.4694588418882014,False,8.602325267042627,distal,0.6402264578572887,0.46945884188820153,0.7329877946831633,0.5727767560237047,0.7668552756242721,0.5244911355093599,0.5402146479725479
GCGAAGAATCTGACGG-1,0.4742517973583013,False,3.1622776601683795,mid,0.8139850266584926,0.4742517973583013,0.7368472384774006,0.5092793847182745,0.7995333174937007,0.4742517973583013,0.4742517973583013
GCGAAGCCATACCCGT-1,0.8253994793035089,True,0.0,tumor,0.9691801816864517,0.5032076885445887,0.69846179568634,0.6342250459789334,0.8876896722662702,0.6154148631159164,0.5326430522049983
GCGAATGGACTAGCGA-1,0.5507002332783976,False,16.97056274847714,distal,0.6454606253134928,0.6454606253134928,0.7389441564955693,0.5459622136766427,0.7457254991684192,0.479629939252076,0.4796299392520761
GCGACATGTAAACATC-1,0.5366955677104481,False,11.40175425099138,distal,0.8077894815062513,0.5794243499476738,0.7318731538761634,0.6029965260361515,0.880887430078289,0.4661149194672017,0.4661149194672017
GCGACCCAACCATCTG-1,0.759086313007062,True,0.0,tumor,0.7916086124579688,0.4483085325753776,0.8281363205706961,0.5862899180739007,0.9283696618238458,0.4483085325753776,0.44830853257537756
GCGACGATAGTTGTAC-1,0.5372568689739732,False,3.1622776601683795,mid,0.6417172899366513,0.46672797191105164,0.731078972301176,0.5346393208122017,0.798216281382272,0.46672797191105164,0.4667279719110517
GCGACGGTAGTCTCCT-1,0.5499080421334226,False,17.204650534085253,distal,0.6446896654219846,0.5894003851703233,0.7327927325419383,0.5451689609689946,0.7476394547646494,0.4788218246670011,0.4788218246670012
GCGAGAAACGGGAGTT-1,0.7417218015780129,False,1.4142135623730951,adjacent,0.7213583755967973,0.4986964895007029,0.5831382711921084,0.6155492392576492,0.9298421609951985,0.5664047260770216,0.5228939260037738
GCGAGAGGCCATGTAA-1,0.6927134338102403,False,1.4142135623730951,adjacent,0.7340327704397259,0.45283830896604677,0.8081981831354846,0.5422151628304446,0.8344230413854399,0.5091245734950802,0.45725352505155226
GCGAGAGTTGCGTCCA-1,0.6098160046496445,False,8.246211251235321,distal,0.7172852923145516,0.46402496795407683,0.5873390737334894,0.5694811347043416,0.9263237092899446,0.46402496795407683,0.4640249679540767
GCGAGCGCATGCTCCC-1,0.47071281279607646,False,9.486832980505138,distal,0.7282877259469802,0.47071281279607646,0.6024842556986011,0.6380501216816213,0.8258843061507639,0.5257420101927709,0.5414646380203979
GCGAGGCCCGAGCAGA-1,0.6775423762549663,False,1.4142135623730951,adjacent,0.9854864478255214,0.5063689337222191,0.7084029983837709,0.5567872336472905,0.9336788719835031,0.5063689337222191,0.4518475171376024
GCGAGGGACTGCTAGA-1,0.8134290332083343,True,0.0,tumor,0.876613907001802,0.4941419433143224,0.718023741849189,0.5135168775195526,0.9213004924952409,0.4941419433143224,0.4401437886641029
GCGAGTTCTGCAAAGA-1,0.7473825845335625,False,1.4142135623730951,adjacent,0.7187714800572182,0.5199303968740517,0.730493785877501,0.5994092403722899,0.7956570074240944,0.46502814468037673,0.46502814468037673
GCGATGTCTGTGCTTG-1,0.6096249233684444,False,2.0,adjacent,0.9021624031655798,0.5231845287855988,0.7317825893105946,0.6422151628304447,0.9036041030514759,0.5781920526110462,0.538900964164298
GCGATTCTGGAAGCAG-1,0.5895175993821705,False,1.4142135623730951,adjacent,0.8784112653030894,0.44089617120882796,0.719194114696539,0.6517044715673707,0.9233743110493172,0.548892480509267,0.579748568880821
GCGATTGTTAACGTTA-1,0.5282402210173486,False,8.602325267042627,distal,0.7963737019078936,0.560716961736858,0.7225589366326701,0.5863437923795725,0.8690502380344776,0.5062265073968802,0.5217952086368739
GCGCAAATATATTCAA-1,0.7575735861975621,True,0.0,tumor,0.9764625016255178,0.5655532643494522,0.7099704620186146,0.6213992457597206,0.9317737161831178,0.45101153653235243,0.4510115365323525
GCGCAAGAGCGCGCTG-1,0.4749763138828512,False,15.033296378372908,distal,0.7322957885154842,0.5301169753602457,0.7361087889427631,0.5096453584499062,0.6934077796061798,0.47497631388285133,0.4749763138828512
GCGCATCCAGTCAGCA-1,0.5245220977539988,False,5.656854249492381,distal,0.6262330713927438,0.45443905701387727,0.590467034498133,0.5268814207954818,0.8482108548415009,0.5089480887006385,0.5245220977539988
GCGCCGTTCCACGATA-1,0.5375952420760981,False,5.0990195135927845,distal,0.7246976536811013,0.5218903069596934,0.7327787995318509,0.5354121384383883,0.7662436898130631,0.5218903069596934,0.4669230340522766
GCGCCTCCCACTCCGA-1,0.6152896871840193,False,11.313708498984761,distal,0.723034981143993,0.6283137342324769,0.7307933455943822,0.5982165747088,0.8180524878489485,0.6283137342324769,0.6753091137809413
GCGCGATGGGTCAAGT-1,0.8164863337075341,True,0.0,tumor,0.8018029315053224,0.49735582430783903,0.7159755893663268,0.5811198424640993,0.8439722865096195,0.49735582430783903,0.5127865224002994
GCGCGGTCTAGTAACT-1,0.4779579780415761,False,17.72004514666935,distal,0.564421594307901,0.4779579780415761,0.7320055174719946,0.5457039885563544,0.7194405089801916,0.4779579780415761,0.4779579780415761
GCGCGTCATTGGTACA-1,0.8384885470657082,True,0.0,tumor,0.7092970331977186,0.6159597986215608,0.72356211335897,0.7217782236341005,0.8122827550400831,0.5617758705035081,0.517862118932174
GCGCGTTTAAATCGTA-1,0.8342927205993583,True,0.0,tumor,0.8933753181370636,0.5535492021029556,0.7175360864961267,0.5146426647346225,0.9262694438822353,0.44518753831577773,0.4451875383157776
GCGCTAAGTATGCATG-1,0.6104409996735695,False,1.4142135623730951,adjacent,0.980159393635401,0.5137224668239548,0.7284038343643761,0.5638187594047819,0.9044371503914442,0.5137224668239548,0.5293389383842486
GCGCTAATTGAATAGA-1,0.46140556205762706,False,2.0,adjacent,0.6375559642571849,0.5708694817539492,0.7280067435768824,0.5298668004235636,0.9287377866166837,0.46140556205762695,0.46140556205762706
GCGCTATGCCGAGGCA-1,0.7467217617694127,False,1.4142135623730951,adjacent,0.8928319307436512,0.55682500758575,0.5819121663044085,0.581909379702391,0.9663187814042714,0.4970214320657391,0.5124600918782494
GCGCTCGATCACCTGT-1,0.7070405490402146,False,8.602325267042627,distal,0.7017546304036858,0.6387882615938125,0.8143008415538093,0.658379312266622,0.9148663751000978,0.5217757466545295,0.5517631229050725
GCGCTGATCCAGACTC-1,0.5309233206741985,False,5.0990195135927845,distal,0.7074439428560813,0.5077931969756079,0.7230465919857325,0.5249493767300154,0.8440998835493684,0.45332441620687736,0.4533244162068773
GCGCTGCTTTGCATTT-1,0.5255929491007237,False,5.830951894845301,distal,0.8799485407494102,0.5645965309901108,0.7261745527503762,0.5271136376302736,0.8489485710598179,0.509991516344969,0.5255929491007237
GCGCTGGCGGAAAGTC-1,0.8292131432074585,True,0.0,tumor,0.806516933251593,0.4663099816084267,0.5978793958646826,0.5677813074736666,0.8743227823781154,0.5212370035978128,0.46630998160842674
GCGCTTAAATAATTGG-1,0.6652813273779667,False,3.1622776601683795,mid,0.876446710880752,0.5035513694600804,0.7240497687120326,0.5874268516970407,0.9003775112417391,0.4492838432815025,0.4492838432815026
GCGGACCGCGTTGTGG-1,0.8349495625034832,True,0.0,tumor,0.6363484367162682,0.457922309535752,0.7250181129131138,0.5941908636608518,0.8419058011187474,0.457922309535752,0.4579223095357521
GCGGAGAAACTTCGCA-1,0.682749341167666,False,1.4142135623730951,adjacent,0.719835033160564,0.45873042412082704,0.7269548013152761,0.5305504467851903,0.8788048117283678,0.5133478236638243,0.5289527949618236
GCGGAGAGGGAGAACG-1,0.6094776315475194,False,5.0990195135927845,distal,0.6330602463356183,0.46798194281892663,0.7336635456724071,0.5690687176057516,0.8001449033049098,0.46798194281892663,0.4679819428189265
GCGGATTACTTGTTCT-1,0.6579565449319672,False,7.0710678118654755,distal,0.8013756525293059,0.5027030039569749,0.7071350944658085,0.5177227888312991,0.864889401232558,0.5027030039569749,0.5182283580544741
GCGGCAAAGTATTGCC-1,0.6755798122626413,False,1.4142135623730951,adjacent,0.8150532240985342,0.4514295268349774,0.7249902468929388,0.5561240223671255,0.9350208408498257,0.4514295268349774,0.45142952683497745
GCGGCTCTGACGTACC-1,0.7514151957388873,False,2.0,adjacent,0.8183228371324008,0.5130010465238688,0.7273797581229449,0.5630477995132733,0.9629572593915818,0.5130010465238688,0.5285945175595737
GCGGCTTTAGCAAGTT-1,0.4638577718330268,False,9.899494936611665,distal,0.5462436604804102,0.57758209639166,0.7314342640584072,0.56771071355589,0.7121909438367697,0.5737056233628713,0.6050907237999698
GCGGGAACCAGGCCCT-1,0.5171734301478492,False,4.0,mid,0.9718692526333389,0.6057948937066141,0.7159825558713705,0.6135020156421259,0.9315214553689023,0.4921263011883309,0.43836036337290313
GCGGGCAGACGGGTGA-1,0.5629294352751968,False,20.0,distal,0.4915844619071504,0.49158446190715044,0.6164381653012316,0.4915844619071504,0.6506451716986831,0.49158446190715044,0.4915844619071504
GCGGGCATTACGATGC-1,0.6529605656005923,False,5.830951894845301,distal,0.7097568225306062,0.5580077653309554,0.7212979992197515,0.6110145089078377,0.8969675903519039,0.4439057013877278,0.44390570138772784
GCGGGCGAGCCTTACC-1,0.6755917548427163,False,5.0990195135927845,distal,0.635382414683535,0.4640528339742518,0.7314551635735385,0.567816604432555,0.7985888060730325,0.518896257903113,0.5345658075970734
GCGGTAACCCAAATGA-1,0.7523586595648124,True,0.0,tumor,0.9040944472310465,0.5578157994141943,0.7238477400657638,0.5836593657693807,0.8689901060962054,0.5578157994141943,0.518984721459224
GCGGTCCCGGTGAAGG-1,0.8002603482456349,True,0.0,tumor,0.593527652380687,0.47571011908079286,0.7032408181463524,0.6308699771498634,0.7745888295391546,0.5820654294153708,0.5592750057722471
GCGGTCCCTAGACGCA-1,0.660261462886442,False,2.0,adjacent,0.9752689070946888,0.4444630217912277,0.7215418268962827,0.48148395846105246,0.920658107398575,0.6663849102404527,0.5835224241845207
GCGGTCTTGCTTTCAC-1,0.5464327513315976,False,9.486832980505138,distal,0.4716602574820264,0.4716602574820264,0.7353355068829069,0.5417228631406863,0.8776843043908047,0.5267947265104931,0.4716602574820264
GCGGTGAACTGCGCTC-1,0.5297370243867486,False,2.0,adjacent,0.7145962213676643,0.5079170459541635,0.7123739062587082,0.557983614780137,0.7337812429418303,0.45338014824722733,0.4533801482472274
GCGGTGCGGAGCATCG-1,0.5895574079824205,False,2.0,adjacent,0.9027615225993424,0.7213274133521584,0.8466602574820264,0.7207193148674507,0.902983717444422,0.5042944633314137,0.519796816904324
GCGGTTCCCTATCATG-1,0.7437162124505379,False,1.4142135623730951,adjacent,0.7946227869735645,0.5999647030411117,0.7185044306972078,0.6087257797841314,0.9218622127966632,0.49217274455528925,0.5075715957675496
GCGTAAATGGCCATAA-1,0.4487822549183526,False,9.055385138137417,distal,0.7109364840513478,0.5577012391090305,0.7234297497631388,0.5545263705437589,0.8769113889891088,0.44878225491835255,0.4487822549183526
GCGTCCAGCTCGTGGC-1,0.8226686093263587,True,0.0,tumor,0.8870961749242973,0.45176391907707747,0.8443195117873266,0.5209255234167456,0.9521657764206536,0.5061831602543858,0.5217315148764738
GCGTCCCTAAGACATA-1,0.47664827509335117,False,2.0,adjacent,0.7289472217577885,0.5318756308557345,0.7314899960987572,0.5446060673614596,0.7461200233487917,0.4766482750933512,0.47664827509335117
GCGTCGAAATGTCGGT-1,0.90053025055533,True,0.0,tumor,0.941286295491278,0.4943524865778669,0.8348241654126958,0.6437310743279647,0.8864885001334635,0.5933418789128537,0.6392863114147181
GCGTCGCCAGGGTGAT-1,0.5669063144401717,False,4.242640687119285,mid,0.4955135707518252,0.4955135707518252,0.4955135707518252,0.4955135707518252,0.5746574679467437,0.4955135707518252,0.4955135707518252
GCGTCGTAACATGGTC-1,0.4968790057404001,False,14.212670403551895,distal,0.5801937617269501,0.4968790057404002,0.49687900574040017,0.4968790057404001,0.5231889286835212,0.4968790057404002,0.4968790057404001
GCGTCTAACCTCCTAA-1,0.5992109935430451,False,2.0,adjacent,0.7868806777016107,0.507511440549394,0.7227400657638076,0.5220884653253822,0.8501526764579062,0.4530736220253023,0.45307362202530227
GCGTCTCTGCATTGGG-1,0.6580162578323421,False,1.4142135623730951,adjacent,0.985751175017184,0.4945661260658753,0.7131820208437831,0.5102658418324695,0.9593185438097835,0.440645377027253,0.440645377027253
GCGTGGTACTGGGTTA-1,0.5371692900534232,False,10.770329614269007,distal,0.7197885897936057,0.6863493655836073,0.7323329432090508,0.66902598970815,0.772317015578572,0.46650504374965174,0.4665050437496517
GCGTGTATGTCGTATT-1,0.7561484383086121,True,0.0,tumor,0.8142125991565884,0.4685949952627766,0.6009725241041075,0.5369874974456148,0.8269593478764626,0.5235808455169766,0.4685949952627766
GCGTTATATTTGGAAC-1,0.8902118613705304,True,0.0,tumor,0.6944490887811402,0.4886089901973533,0.7099704620186145,0.5774656783518177,0.6877260447557616,0.4949252881036863,0.4352115030931282
GCGTTCGGAGACCGGG-1,0.7147554557686642,False,1.4142135623730951,adjacent,0.5883027735978749,0.5871711035563234,0.6999108287354401,0.5965873413959017,0.8622450625812149,0.5234074569469988,0.4856689039100007
GCGTTCTGACTAAGCG-1,0.6713760240762413,False,17.204650534085253,distal,0.7169787660926268,0.5133416312148965,0.709789332887477,0.5910327147076855,0.7601688974149133,0.5631413054920831,0.5242394566922238
GCTAAACCTGAGGTGA-1,0.7371637168493882,False,2.8284271247461903,mid,0.877087629344777,0.5038578956820055,0.7242308978431701,0.5219342733470805,0.9515336577524734,0.5038578956820055,0.5193708648816491
GCTAACTGAAGTCTGA-1,0.7507145643744874,False,2.0,adjacent,0.8121365806535511,0.4438499693473778,0.7211795686340077,0.5902766166936039,0.9297160305880903,0.4438499693473778,0.44384996934737775
GCTAAGCCCAGTATGC-1,0.5160587893408491,False,5.830951894845301,distal,0.7091995021271064,0.44621858106225276,0.7192289472217578,0.5483048171060209,0.9314510570021443,0.5548589050511805,0.5858989976194456
GCTAAGTAAAGGCGAT-1,0.8167530513292091,True,0.0,tumor,0.8974251797358302,0.4280220698879786,0.7120534470266956,0.4981589849337717,0.9616622227697651,0.4280220698879786,0.42802206988797853
GCTAAGTAGTTTCTCT-1,0.5074402273867247,False,7.0710678118654755,distal,0.7895325939549314,0.5970511558205924,0.7138995708632893,0.5317746939382119,0.8288483707177994,0.5365818920408454,0.49840765599000003
GCTAATACCGAATGCC-1,0.6619055580767669,False,1.4142135623730951,adjacent,0.9867171970499173,0.4522655074402274,0.7250599119433763,0.5539876274870423,0.9251386701161868,0.560967755918433,0.5221455243190738
GCTACAATCGAGGATA-1,0.6866346605520656,False,2.0,adjacent,0.9011406490924966,0.5842420752134846,0.7361087889427632,0.6101450890783778,0.7471803987480824,0.529107606185018,0.5448603116217228
GCTACACTGTCCGAAC-1,0.8143804587543093,True,0.0,tumor,0.809271024912222,0.547390811644281,0.7142757621356518,0.6467721859963959,0.8616936087082778,0.43947500417990304,0.439475004179903
GCTACAGTACGGACCG-1,0.5870176192864707,False,1.4142135623730951,adjacent,0.982137881067826,0.5017400781487056,0.7231719890765201,0.6210035482732356,0.8973137156551303,0.5017400781487056,0.44747255197012764
GCTACGACTTATTGGG-1,0.5453380148247228,False,8.94427190999916,distal,0.5612262906611678,0.4743911274591762,0.7297205038176448,0.5093704137175128,0.6893232077015813,0.4743911274591762,0.4743911274591763
GCTACTATAGTAGAGT-1,0.6673911831912166,False,11.313708498984761,distal,0.7143686488695685,0.612950268442661,0.7232555871370451,0.551650597261699,0.8638466254249567,0.5041179785369719,0.519665448523499
GCTACTCGGACGCAGA-1,0.619951274273294,False,1.4142135623730951,adjacent,0.8143379962473759,0.5298042566893929,0.5987571755001951,0.5427409017444128,0.8533792682676428,0.5298042566893929,0.5455649238461477
GCTAGACCGTCTACTG-1,0.47427966337847627,False,14.142135623730951,distal,0.731357632502926,0.5294079399580153,0.7285152984450761,0.5770867004774378,0.742635304194276,0.4742796633784763,0.47427966337847627
GCTAGAGTAGAGATGT-1,0.5361661133271233,False,8.602325267042627,distal,0.7222965316093556,0.5152396168112603,0.7288287911720449,0.6630923851455535,0.8799238524332903,0.46051384941202694,0.46051384941202705
GCTAGCAACGCACCTA-1,0.5946330045142952,False,7.615773105863909,distal,0.6251184305857437,0.563472601509719,0.7260700551747199,0.5562094781623288,0.8408175596992817,0.622746722646405,0.6007316820725949
GCTAGCACCTGGGCCA-1,0.5871887962675456,False,3.1622776601683795,mid,0.8021141020639432,0.6171054016731997,0.706034386668896,0.5893700421705771,0.869994749455146,0.44800200635345255,0.4480020063534526
GCTAGCAGGGAGTGGG-1,0.7878042372274106,True,0.0,tumor,0.5944890300767245,0.472146364722857,0.7082985008081146,0.4960151591149752,0.8465418268962825,0.5779505471028628,0.5552782223071472
GCTAGCGATAGGTCTT-1,0.8258612590664088,True,0.0,tumor,0.7159059243158891,0.4550521094577273,0.8359736387449145,0.5618774266659237,0.8145149699193645,0.5639339389548385,0.5250475712772987
GCTAGCTTGAATAGCT-1,0.6756673911831913,False,1.4142135623730951,adjacent,0.7205734826952015,0.45117873265340236,0.7106044139775957,0.5560144160211038,0.8727681517788787,0.45117873265340236,0.4511787326534024
GCTAGGCACCACGGAG-1,0.7408778592527128,False,1.4142135623730951,adjacent,0.7814653811142693,0.49076396242421993,0.7183720671013766,0.6157907447658327,0.8969089250462723,0.43702279440450315,0.4370227944045032
GCTAGTAGAGCTTGTA-1,0.6585815399558921,False,5.0990195135927845,distal,0.7941397759571976,0.557741490027061,0.72356211335897,0.48583477307770895,0.9480621382917249,0.5034430016038443,0.5189568554390489
GCTAGTTTCATTGAGG-1,0.6706077180914164,False,2.0,adjacent,0.8937422207360344,0.5618532761151053,0.7226007356629327,0.6263649705549054,0.9258514535796102,0.5618532761151053,0.5929252155635704
GCTATAAGGGCCAGGA-1,0.578339344431971,False,7.211102550927978,distal,0.7522757249809583,0.42083263668282894,0.710067993089227,0.45911125972988537,0.8467412889354302,0.42083263668282894,0.42083263668282894
GCTATACGTCTCGGAC-1,0.5303620194106735,False,5.656854249492381,distal,0.7169230340522766,0.4540210667112523,0.7265159114975199,0.5587415705288971,0.9558235582267824,0.5085920228872912,0.4540210667112524
GCTATCATACTCATGG-1,0.540027547551373,False,1.4142135623730951,adjacent,0.7328531089189841,0.4692637797469765,0.7344786267625257,0.5706496498170132,0.7959107348709511,0.4692637797469765,0.46926377974697653
GCTATCGCGGCGCAAC-1,0.7544565727979873,True,0.0,tumor,0.8176772743316799,0.5164719141478881,0.7279719110516636,0.5633097401029185,0.875997676853897,0.5712317400162241,0.6025230690838449
GCTATGCCAGCTTATG-1,0.7583936433627121,True,0.0,tumor,0.7940979769269353,0.5134283254998855,0.7291074513737947,0.49487265228780025,0.792254419697463,0.5679868967780688,0.5290164887222235
GCTCAACCTCTTAGAG-1,0.5974793194321701,False,1.4142135623730951,adjacent,0.8781836928049936,0.5598500188869692,0.7241960653179513,0.6182113730517007,0.8965012011721328,0.5054307777096608,0.4510115365323525
GCTCAATCCGTTTATT-1,0.6881235022014156,False,1.4142135623730951,adjacent,0.7348455293614967,0.47224544390570133,0.4722454439057014,0.5769975292128778,0.8821282012923967,0.47224544390570133,0.47224544390570145
GCTCAATGTAATACCG-1,0.5872246240077708,False,13.038404810405298,distal,0.7820087685076818,0.5561314533058389,0.7076645488491334,0.5856508573445541,0.8899233537781922,0.5017184045774583,0.4473053558490777
GCTCATTACTGCATGT-1,0.7189791482551892,False,4.47213595499958,mid,0.878866410299281,0.5301169753602457,0.7105904809675082,0.5303591001133218,0.8938465960923039,0.4769238390706373,0.49212187801052537
GCTCATTGATCATATC-1,0.5532201176742223,False,9.899494936611665,distal,0.5650810901187092,0.4820542830073009,0.7404419550799755,0.5484757286964276,0.7480545118019929,0.5927566924891787,0.6243859523411438
GCTCCATGAGTGCAGA-1,0.539506054888098,False,15.620499351813308,distal,0.7208707202437347,0.5819663502325265,0.7317547232904196,0.6685355477530699,0.8764743324621534,0.5819663502325265,0.6142705870176192
GCTCCATGCAAAGCAA-1,0.48656857827565064,False,14.142135623730951,distal,0.5697393598246299,0.4865685782756507,0.7360809229225882,0.5540507904661056,0.6455486232719402,0.4865685782756507,0.48656857827565064
GCTCCCAGTCGGTCCA-1,0.5422807143255229,False,9.486832980505138,distal,0.6466031321406679,0.5816381504393543,0.5954132530791952,0.6058128518085046,0.7977014933253548,0.5265377398799904,0.47143732932062654
GCTCCGCTCGCTTCAG-1,0.5310706124951236,False,6.324555320336759,distal,0.63624626130896,0.5695195278876937,0.7259655575990638,0.5926991027141503,0.7896218141072461,0.5141838042690743,0.5310706124951236
GCTCCGGACGTTGATA-1,0.7306231638283134,False,2.8284271247461903,mid,0.7699288487618198,0.5312130388204623,0.7110642033104831,0.5632744431440302,0.9508516735745062,0.4248453435880288,0.4248453435880287
GCTCCTGACATACTGG-1,0.820622447273509,True,0.0,tumor,0.9559298890932397,0.42462241542662876,0.7035473443682774,0.5371026769956714,0.8963252052552381,0.6440456507334956,0.6385697566102181
GCTCGACCGAACTGAA-1,0.7754277434096863,True,0.0,tumor,0.7438741198981962,0.6715060655037247,0.7958744357130915,0.5836612235040592,0.9445627528108013,0.47103791636478476,0.4995621053972501
GCTCGCGGTTCCGCTC-1,0.960259074370427,True,0.0,tumor,0.9913429563989671,0.4235356406398038,0.85040127069052,0.5346337476081666,0.9640806999944268,0.5903725996519843,0.6380403022268931
GCTCGCTCATGTCCAA-1,0.5417273747820479,False,16.0,distal,0.6413828976945513,0.4708521428969515,0.6029231455163573,0.5391461851418382,0.7419401203225419,0.5259773232520265,0.5417273747820479
GCTCGGAATTTAAAGC-1,0.5175118032499741,False,6.324555320336759,distal,0.8895901837299597,0.6158545269897887,0.7230326589756451,0.5853294692452025,0.9294373703863404,0.4477233461517026,0.4477233461517027
GCTCTAAACCCTGACG-1,0.7229878743003637,False,1.4142135623730951,adjacent,0.8868035817124599,0.4267123669397537,0.7110920693306582,0.5651823366586783,0.8966801303543092,0.48000458241220656,0.49523092969005017
GCTCTATGTTACGTGC-1,0.7450298962587878,False,1.4142135623730951,adjacent,0.8924557394712888,0.4495067714429026,0.7241472997826449,0.5545746716453956,0.8438989548775803,0.503926012620211,0.519474367242299
GCTCTCGGGTACCGAA-1,0.6540513212474423,False,2.0,adjacent,0.897569154173401,0.5463411915510227,0.718859722454439,0.545523788292556,0.8779776309189626,0.49258763863345034,0.438834085715878
GCTCTTTCCGCTAGTG-1,0.4846458228835758,False,12.806248474865697,distal,0.5677469393821175,0.4846458228835757,0.6092974976313883,0.5178862694829924,0.6971256933505808,0.4846458228835757,0.4846458228835758
GCTGAACTCTCCAGGG-1,0.5950788608370952,False,2.0,adjacent,0.8859490237604266,0.5573358846222916,0.7082497352728083,0.5506139813111891,0.8704684717981209,0.503086935790497,0.518586635456724
GCTGAAGGGTTCTTGG-1,0.8277083781180086,True,0.0,tumor,0.8019329729328057,0.5023902852861222,0.7223011759460514,0.6148934589161976,0.8719145715819392,0.610720986828661,0.5178660997921991
GCTGAATCTTCCAATC-1,0.5941632630313453,False,1.4142135623730951,adjacent,0.9828763306024634,0.4459399208605027,0.7216323914618514,0.5875624663285591,0.9042626211071904,0.49999690377553613,0.5154417560369742
GCTGAGCAACGGTTCT-1,0.6602654437464671,False,2.8284271247461903,mid,0.7916504114882312,0.5460903973694476,0.7153764699325642,0.6762507198721879,0.9293376393667667,0.4858533504244924,0.4323413030151034
GCTGAGGCGTGAGTAT-1,0.5342592813751483,False,4.0,mid,0.8004003418231808,0.5130908370333216,0.7285501309702948,0.595483846996972,0.9342845912641494,0.5130908370333216,0.5287020007802485
GCTGCACGGTTTCTTA-1,0.48250013933010083,False,9.486832980505138,distal,0.568397146519534,0.5378699214178231,0.6113456501142507,0.482500139330101,0.6418409759560246,0.4825001393301009,0.48250013933010083
GCTGCGAAGAATTATT-1,0.6184106814436191,False,8.602325267042627,distal,0.6382990581285182,0.4729142283899013,0.7350847127013321,0.539068160285348,0.6911403655435194,0.4729142283899013,0.47291422838990144
GCTGCGCCTCCCACGT-1,0.7348906457751133,False,5.0990195135927845,distal,0.8104367534228761,0.5570634168694694,0.7221270133199577,0.5861543034423824,0.905713120788931,0.4482806665552026,0.4482806665552026
GCTGCTAAGTAGTCGA-1,0.4888814579501756,False,10.198039027185569,distal,0.6553809284957923,0.5998811049805868,0.7413963662709693,0.522181352059299,0.7278413807466333,0.48888145795017557,0.4888814579501756
GCTGCTACTGCGTAGC-1,0.6160301271486691,False,2.0,adjacent,0.7318220661725091,0.5844680995993485,0.7364989132252132,0.6082149027475895,0.7978232238345404,0.4740010031767263,0.4740010031767263
GCTGCTCTCCGGACAC-1,0.8919475163414304,True,0.0,tumor,0.7474688365007709,0.39965446134983,0.8128518085047094,0.5795444834568727,0.8947573749622341,0.5161777728238186,0.46586810614565166
GCTGGACCCAAAGTGG-1,0.8135166121288843,True,0.0,tumor,0.5685039662635384,0.41116312768210445,0.7027392297832024,0.5275241969941853,0.7682075109190801,0.41116312768210445,0.4111631276821045
GCTGGCAGGTGCCGTG-1,0.6774707207745161,False,2.0,adjacent,0.7208985862639098,0.4597893328874771,0.7286406955358636,0.5285849634955136,0.7945687660046288,0.4597893328874771,0.459789332887477
GCTGGCATATTCACCT-1,0.5073486676061495,False,2.0,adjacent,0.9946357911163126,0.47925529609194556,0.689029147857103,0.6326886993999518,0.930650275580273,0.4260435824555537,0.4260435824555536
GCTGGCGGCGCATGCT-1,0.4882405394861506,False,3.1622776601683795,mid,0.5714763417488714,0.4882405394861506,0.7408669118876442,0.5556447268201156,0.6459504806155164,0.4882405394861506,0.4882405394861506
GCTGGGAGCGCGTCAA-1,0.4814412305634509,False,4.47213595499958,mid,0.5678119600958591,0.48144123056345095,0.7353285403778632,0.5159523676828477,0.6953232018350508,0.536761473059751,0.5525672566301223
GCTGGGTCCGCTGTTA-1,0.7529478268485124,True,0.0,tumor,0.808992364710472,0.45861896004012714,0.7264462464470824,0.5633524680005202,0.8766649947054561,0.6227033755039106,0.5992627447233699
GCTGGTGACTCGTAGT-1,0.737518013391613,False,2.8284271247461903,mid,0.7068494677590146,0.49850761980840563,0.7048013152761523,0.5503483252521875,0.856121871305919,0.44435155771052776,0.44435155771052776
GCTGGTTTAGGCCATA-1,0.9084919706053295,True,0.0,tumor,0.7210564937115681,0.45329655018670234,0.5891921640751268,0.5875921900834125,0.8935987351760105,0.45329655018670234,0.45329655018670234
GCTGTATTACTGGCCC-1,0.6805558872938909,False,1.4142135623730951,adjacent,0.8014824722733099,0.5015883631499749,0.8272376414200524,0.6173215181407791,0.9340645963680309,0.5557041743298222,0.5170500234870741
GCTGTCTGTGATCGAC-1,0.5917468809961705,False,5.0990195135927845,distal,0.886162663248435,0.6150866633227443,0.7229838934403389,0.5862286128295157,0.9577741796390324,0.5061676791320663,0.45170818703672744
GCTGTTGCTACCGAAC-1,0.5946011576340953,False,14.560219778561036,distal,0.7089672852923146,0.6108510282561446,0.7078456779802709,0.5822344832710992,0.8027965751194573,0.5564379795277639,0.5875311502296956
GCTTAATGTAACTAAC-1,0.45786657749540216,False,11.40175425099138,distal,0.8006418473313642,0.571600190727427,0.72612578721507,0.5261067454346169,0.7816169331538175,0.4578665774954021,0.45786657749540216
GCTTACGTAGTTAGTA-1,0.4609875717550019,False,7.211102550927978,distal,0.8112123576510802,0.5157350127254826,0.729741403332776,0.5296698805476602,0.875057565331151,0.5197508158551462,0.536540314169473
GCTTAGGGAAGCGGTA-1,0.5361780559071981,False,2.0,adjacent,0.63123037767746,0.6235579334559438,0.5943682773226328,0.5610897471623103,0.7072439919393869,0.5688848018725965,0.5298325650273484
GCTTATGAAGCAGGAA-1,0.5996966584660949,False,12.806248474865697,distal,0.7064872094967396,0.5066042467814748,0.7255754333166137,0.5574002860911407,0.8118882308597107,0.5659929282233246,0.5285109194990485
GCTTCAGTGGGATTAC-1,0.6006998351923949,False,1.4142135623730951,adjacent,0.5353201805718107,0.4456891266789278,0.5837373906258708,0.48247227330992587,0.7524866756424585,0.4998978245926917,0.5153860239966243
GCTTCCAGCTTAGATT-1,0.8929984633880306,True,0.0,tumor,0.900272158130376,0.5080501836061107,0.7201067268572702,0.5861208642181724,0.8437405585523748,0.5570665130939333,0.5182641857946991
GCTTCCATGTAACCGC-1,0.5895096376621204,False,5.0990195135927845,distal,0.8575396161920154,0.6122195594691833,0.7209287744524326,0.6542792918315407,0.873016012695172,0.44279106058072787,0.4427910605807278
GCTTCCCGTAAGCTCC-1,0.6027101695050198,False,8.48528137423857,distal,0.7856592171506064,0.6229975168279799,0.7239243716212451,0.5543331661372122,0.868837576301563,0.5035575619090081,0.5191041472599739
GCTTCCGTCCCTAGAC-1,0.5944379423730702,False,2.8284271247461903,mid,0.626664994705456,0.5140909175351576,0.7255754333166137,0.5558156384105222,0.8379986917636844,0.45388173661037734,0.45388173661037723
GCTTCGACGTTCAATC-1,0.6699827230674914,False,1.4142135623730951,adjacent,0.711879284400602,0.45181965111742733,0.7109457727247395,0.4882851251184305,0.9011562931739983,0.5657328453683579,0.5982794722971951
GCTTGAGTGACCTCTG-1,0.5326390713449733,False,6.0,distal,0.7276932508499137,0.6306266139070017,0.730828178119601,0.6295788515484219,0.8755063549192326,0.462130078582177,0.4621300785821769
GCTTGATGATAATCAG-1,0.6453053717725176,False,1.4142135623730951,adjacent,0.9823329432090508,0.4164576715153542,0.707427687677646,0.523732560515707,0.9714255962595002,0.46936905137874874,0.48448658848257586
GCTTGCAGCACAATTG-1,0.6643498061321168,False,1.4142135623730951,adjacent,0.7719259135410281,0.5548805786224277,0.7180516078693641,0.5837466792992624,0.8341414479184084,0.5548805786224278,0.5161224831012491
GCTTGGATCGATTAGG-1,0.4642478961154768,False,6.324555320336759,distal,0.7306702706719426,0.46424789611547684,0.7212422671794014,0.5349347006260567,0.9044943490644349,0.46424789611547684,0.4642478961154768
GCTTTACACAACTGGG-1,0.6066591826498196,False,4.242640687119285,mid,0.8065401549350723,0.4654740010031767,0.7322493451485259,0.569278641624403,0.8528718133739296,0.4654740010031767,0.46547400100317665
GCTTTATTAAGTTACC-1,0.4831967898344759,False,15.231546211727817,distal,0.7325976704007134,0.5386192077380841,0.7410898400490443,0.5164502405766408,0.7483771709829666,0.48319678983447584,0.4831967898344759
GCTTTCAGAGGAGGTG-1,0.47174385554255144,False,8.94427190999916,distal,0.5542876516375932,0.4717438555425514,0.7353773059131695,0.5065466570064464,0.7387765937163591,0.529748524649043,0.5463212872508977
GCTTTCTATCTCAACT-1,0.7361127698027882,False,1.4142135623730951,adjacent,0.6837624700440283,0.5546452655631723,0.718358134091289,0.5137156551301342,0.8658573787754791,0.49449800912766967,0.4404224488658529
GCTTTGCTGCCGGGTA-1,0.7969721578649852,True,0.0,tumor,0.588939047725204,0.4712670369751126,0.7072186925263334,0.5251593007486671,0.8728473499414813,0.4712670369751126,0.41843615894777914
GGAAACAGAGCTTGGG-1,0.560126909817597,False,4.47213595499958,mid,0.9066256107302754,0.4869029705177506,0.7425737056233629,0.4869029705177505,0.7543316995045715,0.4869029705177506,0.4869029705177507
GGAAACCTTGTTGAAT-1,0.7647749619827868,True,0.0,tumor,0.7416401939475005,0.5547784032151194,0.8069511787326534,0.5393282431403147,0.8392277299166659,0.48976388192238385,0.4532328564263023
GGAAACTAAATGGGCC-1,0.5289766801219736,False,3.1622776601683795,mid,0.8921910122796262,0.51336020856168,0.7280137100819261,0.6316929536123652,0.8762778036882876,0.5680178590227077,0.5992508021432952
GGAAAGGGAATTGAGC-1,0.5485824157450976,False,15.620499351813308,distal,0.7262581508109012,0.5327890170725816,0.6080086941982945,0.5106782589310596,0.6945576195965587,0.4775121217187761,0.4775121217187762
GGAAAGTCTTGATTGT-1,0.49696260380092516,False,8.246211251235321,distal,0.49696260380092516,0.4969626038009252,0.49696260380092516,0.5302959371342587,0.5759099722219778,0.4969626038009252,0.49696260380092516
GGAAAGTGCCCATGCC-1,0.5206686252497991,False,4.47213595499958,mid,0.7858031915881774,0.5519020106881668,0.721005406007914,0.5779765553883593,0.8103101341382214,0.44362704118597784,0.4436270411859779
GGAACCCGAACAAGAA-1,0.6107793727756945,False,1.4142135623730951,adjacent,0.9869076148544464,0.4695145739285515,0.8564272975533634,0.5378160471121514,0.8804313073270034,0.4695145739285515,0.4695145739285515
GGAACCGTGTAAATTG-1,0.7503801721323875,False,1.4142135623730951,adjacent,0.7926396552044438,0.45747645321295205,0.7271777294766761,0.4936038195024987,0.8965041344374143,0.45747645321295205,0.45747645321295216
GGAACCTTGACTCTGC-1,0.7608896425983869,True,0.0,tumor,0.8928969514573929,0.4609039736944769,0.7290168868082261,0.5672091251927399,0.9072266856742257,0.4609039736944769,0.460903973694477
GGAACGGCCTGCAGCC-1,0.722701252378564,False,1.4142135623730951,adjacent,0.8893951215887347,0.43554589533522825,0.7147216184584517,0.47314458749001476,0.9318602475089244,0.6564429334869061,0.581651419972771
GGAACTCGTGAATACG-1,0.49657247951847516,False,10.198039027185569,distal,0.49657247951847516,0.49657247951847516,0.49657247951847516,0.49657247951847516,0.5491952586699989,0.49657247951847516,0.49657247951847516
GGAACTTTGGCGATTA-1,0.5270220778496987,False,5.830951894845301,distal,0.8965427557636217,0.6852409172255353,0.7253107061249513,0.5944862434747068,0.8774613762294049,0.5660765262838495,0.5270220778496987
GGAAGATAAGACTGTA-1,0.7251932707542137,False,2.0,adjacent,0.6761086031692954,0.5320304420789289,0.7092668450091957,0.6344275390588716,0.9127177582813413,0.5467932403227505,0.5035190802620998
GGAAGCTCGCTTACAG-1,0.5935024402671952,False,1.4142135623730951,adjacent,0.7897462334429397,0.4459399208605027,0.7222802764309201,0.5477623585799477,0.9265319711249367,0.5000712131626694,0.44593992086050266
GGAAGGACACCGTATA-1,0.4723569079864013,False,10.198039027185569,distal,0.5595868398075386,0.4723569079864014,0.7282366382433261,0.5072488807148562,0.7983086792386418,0.582700155430468,0.6142267975573442
GGAATAACCTCAAGAA-1,0.7506031002937874,False,3.1622776601683795,mid,0.8969979007598133,0.6138791357818276,0.7243075293986514,0.6865555741329025,0.9268810296934443,0.45098367051217747,0.45098367051217736
GGAATGCGCTAGCGTG-1,0.5384630695615481,False,5.830951894845301,distal,0.6384198108826097,0.636020236923096,0.7331758903193446,0.6017072581693881,0.7965267205800824,0.5777121378191433,0.6091113924252196
GGACAACCATGAAGCC-1,0.6008590695933949,False,1.4142135623730951,adjacent,0.8143751509409426,0.562388922947358,0.7253107061249512,0.6596574337253155,0.8713821839333327,0.562388922947358,0.5234472655472487
GGACAAGCCATGATCG-1,0.8165102188676843,True,0.0,tumor,0.9734018837429638,0.47909738864428714,0.6885763250292594,0.6013617195192181,0.9272168885681852,0.47909738864428714,0.42601571643537867
GGACAAGTTGCAGTGA-1,0.5949395307362203,False,1.4142135623730951,adjacent,0.8867432053354141,0.43741291868695314,0.7179958758290141,0.6078767950361329,0.9426957294590764,0.49124078099165885,0.5066201702215748
GGACACAAGTTTACAC-1,0.6121328651841943,False,9.899494936611665,distal,0.7235597911906221,0.47062921473555147,0.726209385275595,0.5718571773579296,0.849158299527451,0.5256584121322461,0.5413810399598729
GGACACCTCGGTGTTG-1,0.4884077356072006,False,23.40939982143925,distal,0.5715738728194839,0.5992959185569117,0.6131569414256256,0.5549406453770273,0.6735085079359492,0.48840773560720063,0.4884077356072006
GGACCAACAGGATAAC-1,0.6120253819635195,False,2.0,adjacent,0.63563320886511,0.4703784205539765,0.7346736889037508,0.5055527689535382,0.7901938008371537,0.4703784205539765,0.4703784205539766
GGACCTACGGTAACGT-1,0.7221280085349638,False,1.4142135623730951,adjacent,0.8378708502851624,0.6445131806275427,0.704028033216296,0.6240372290029538,0.8749167685976351,0.47859889650560106,0.4155659588697542
GGACCTCTAGGCCGCC-1,0.9087467456469296,True,0.0,tumor,0.8909045310148804,0.4509000724516524,0.5875829014100207,0.5586431105909454,0.8969294579032432,0.5052759664864664,0.4509000724516525
GGACGGCTTGCGCAAC-1,0.7167936561014641,False,1.4142135623730951,adjacent,0.809159560831522,0.6195359378773523,0.69901911608984,0.6177748054022926,0.930434680582077,0.5037185655811304,0.5332282386286733
GGACGGGCGACCAACC-1,0.6126623195675194,False,4.0,mid,0.8076965947723346,0.5253580783592489,0.729685671292426,0.6078842259748463,0.7962187277255168,0.4669787660926267,0.46697876609262673
GGACGTCCATAGTTGG-1,0.5993105150436701,False,1.4142135623730951,adjacent,0.6145850749595944,0.505703245462483,0.7214442958256703,0.5557580486354937,0.8366567228973621,0.505703245462483,0.4512623307139275
GGACTAAGTCAGGAGT-1,0.7354161192984133,False,2.0,adjacent,0.8030476137398058,0.44797414033327754,0.7223151089561389,0.5173345222835275,0.9102567487100964,0.5022695325320305,0.44797414033327765
GGACTCACAAATTAGG-1,0.45744858719277726,False,9.486832980505138,distal,0.71889223281131,0.6308650231907212,0.7257844284679262,0.6711475227108065,0.8176990293825183,0.45744858719277715,0.45744858719277726
GGACTCGAAGCTTTCA-1,0.4707685448364264,False,13.038404810405298,distal,0.7338284196251091,0.5292933796528513,0.7336774786824946,0.5410689405339129,0.8259224385994245,0.4707685448364265,0.4707685448364264
GGACTCGACAGCGCAT-1,0.48459009084322574,False,5.0990195135927845,distal,0.48459009084322574,0.5954039644058036,0.7376832190826506,0.5520815917070725,0.6996087024114374,0.48459009084322585,0.48459009084322574
GGACTCGTGAGTGGTC-1,0.6711610576348914,False,2.0,adjacent,0.6381829497111221,0.5745075454990185,0.7179192442735328,0.5617641048505452,0.8419659330570196,0.5695907410503632,0.6008431461532949
GGACTCTTCCGGTTGA-1,0.6105046934339694,False,14.142135623730951,distal,0.805262962343718,0.6327227578690545,0.5872554756729643,0.5652436419030634,0.8468791524036642,0.5187940824958046,0.4640249679540767
GGACTCTTTGACTAAG-1,0.5435386660934228,False,8.246211251235321,distal,0.5597586802652844,0.5277762296655458,0.7351265117315945,0.5719110516636015,0.8232956995397708,0.5277762296655458,0.4726077021679763
GGAGAAGTCATTGGCA-1,0.6683346470171416,False,1.4142135623730951,adjacent,0.9749623808727638,0.5573637506424666,0.7203226885136265,0.6496832562373442,0.9617472874629309,0.6114609844755307,0.520362099027874
GGAGACATTCACGGGC-1,0.9621141551420769,True,0.0,tumor,0.8084025339501012,0.5035204072154414,0.7200161622917015,0.5868007951104423,0.8482548538207247,0.5035204072154414,0.5190484152196241
GGAGACCAATGTGCTT-1,0.7563076727096123,True,0.0,tumor,0.8543257351984989,0.44766761411135264,0.7221200468149138,0.552715079232384,0.7285482976794938,0.5018886969229722,0.5173804348691491
GGAGACCATCTACATA-1,0.8893519956051306,True,0.0,tumor,0.7548997752141039,0.4123056345092794,0.6734241765591038,0.6271675119359453,0.9203471812787277,0.7411865970635407,0.6907110612176653
GGAGACGACACCTTTG-1,0.6163048064903942,False,7.615773105863909,distal,0.7308746214865592,0.47441899347935135,0.7367357743967007,0.5737390625870814,0.7762123918725086,0.47441899347935135,0.4744189934793513
GGAGCAACATTTCAAG-1,0.46823273700050155,False,6.324555320336759,distal,0.814560924408776,0.5818889446209293,0.7325558713704509,0.6048115328168833,0.7990991942320272,0.46823273700050166,0.46823273700050155
GGAGCACCAAGAACTA-1,0.47796992062165106,False,3.1622776601683795,mid,0.8426266510616954,0.5772384154761683,0.704250961377696,0.5201266975050625,0.9049886042643809,0.4740722163393958,0.49232490187180034
GGAGCGAGGCCTACTT-1,0.4921975143510004,False,13.92838827718412,distal,0.4921975143510004,0.4921975143510004,0.6171139162904754,0.49219751435100023,0.5710920839969846,0.4921975143510004,0.4921975143510004
GGAGGAGTGTGTTTAT-1,0.5684270029697215,False,1.4142135623730951,adjacent,0.49701833584127514,0.49701833584127514,0.6219835033160563,0.49701833584127525,0.5496352484622357,0.49701833584127514,0.4970183358412751
GGAGGATTGAAAGGAG-1,0.7515027746594375,True,0.0,tumor,0.8018029315053224,0.4465808393245277,0.8561556038566572,0.5160508276207993,0.9285661905977114,0.5009350597880945,0.4465808393245277
GGAGGCCGAAGTCGTC-1,0.6088566173836197,False,2.0,adjacent,0.6448754388898178,0.5226303046065628,0.7240497687120326,0.6039606903342064,0.8529554114344547,0.5226303046065628,0.4677590146575267
GGAGGCGAAGAACCGC-1,0.6535417711642424,False,2.0,adjacent,0.8051004105593639,0.49023760426535884,0.7174455219305578,0.6066544056177896,0.9532290850852261,0.49023760426535884,0.5055692231749747
GGAGGGCTTGGTTGGC-1,0.6835375514526157,False,5.0990195135927845,distal,0.6363670140630514,0.47127013319957645,0.72579139497297,0.5724813762098496,0.7972541703699141,0.5263024268207348,0.4712701331995764
GGAGGGTCAAGTAAGA-1,0.5171893535879492,False,5.0990195135927845,distal,0.9729420944100764,0.6102565531590778,0.7075809507886083,0.6186070705381856,0.9323662357699968,0.5016781536594277,0.4473889539096026
GGAGTACACATGAGCT-1,0.7561404765885621,True,0.0,tumor,0.724038157870293,0.5163635462916519,0.7256311653569637,0.627667242564417,0.873008679531968,0.511963811328466,0.5275634748130986
GGAGTGCCGCCCTGGA-1,0.7243533092889389,False,1.4142135623730951,adjacent,0.9753525051552137,0.5346870026689455,0.7121300785821769,0.5717940143788665,0.8984122235030815,0.4278548737669286,0.4278548737669286
GGAGTTGATTCTGTGT-1,0.6156798114664692,False,1.4142135623730951,adjacent,0.7329088409593342,0.525042263463932,0.7347363874491445,0.571351873525423,0.8803975747762651,0.4699604302513515,0.4699604302513514
GGATACTCATGAATTG-1,0.8849252792573308,True,0.0,tumor,0.9811950807185718,0.4426238644596779,0.7033662152371398,0.5517193334447975,0.9333239468844324,0.49670561717042244,0.4426238644596779
GGATCAAAGGACGAGG-1,0.7564549645305372,True,0.0,tumor,0.8086161734381095,0.5644974518072662,0.7110851028256144,0.5603169295361236,0.9314451904715811,0.4553865016998272,0.45538650169982725
GGATCAGAGCCATCAG-1,0.7566141989315371,True,0.0,tumor,0.7117167326162478,0.45318508610600233,0.7263417488714262,0.48952794961823565,0.7904548614472143,0.5618006402992192,0.5230093709444988
GGATCATCCCGTACGC-1,0.6532949578426923,False,1.4142135623730951,adjacent,0.6765683925021828,0.5278907899707097,0.7031641865908711,0.63133069535009,0.7666939460337854,0.5278907899707097,0.4898647303763504
GGATCCCTACCAGCTA-1,0.8356501938678832,True,0.0,tumor,0.7996711809619351,0.5678537591261217,0.7167349384160954,0.5601608798231438,0.873357738100476,0.5131527615225994,0.4584517639190771
GGATCCGGAATATACT-1,0.5134831729046744,False,7.615773105863909,distal,0.79702390904531,0.6119842464099278,0.7217020565122889,0.5783629642014527,0.9202342505653868,0.49802151256757493,0.5134831729046744
GGATCTACCGTTCGTC-1,0.5643028319838217,False,5.830951894845301,distal,0.5761996321685336,0.4929220308755504,0.49292203087555037,0.5595441119099369,0.6781416004482029,0.4929220308755504,0.4929220308755503
GGATCTTACTGCCCTT-1,0.6976297959411151,False,1.4142135623730951,adjacent,0.6474019580523509,0.4781251741626261,0.7326464359360196,0.5791877983986328,0.7744450995403573,0.5886170403809595,0.5491556595886975
GGATCTTGACTCAACC-1,0.7328325411421883,False,1.4142135623730951,adjacent,0.982105370710955,0.44031098478515296,0.7187970239090453,0.5746066246818629,0.957539518416506,0.44031098478515296,0.44031098478515307
GGATGAAGATCGCTGA-1,0.539677231869173,False,16.97056274847714,distal,0.6388331568485389,0.46898511954522654,0.7326464359360196,0.504215199985138,0.7922852189829195,0.5239678735749627,0.539677231869173
GGATGACGCGAGTTTA-1,0.8123581818616092,True,0.0,tumor,0.9627245536792436,0.419383603633729,0.8268544836426461,0.5328874770105332,0.9560054206742405,0.5778112170019878,0.6230762493929188
GGATGCTGGCGTTCCT-1,0.659636467862517,False,2.0,adjacent,0.7967684705270393,0.4975818486937029,0.7197862676252578,0.582143454271861,0.9555991634327416,0.551703852322478,0.5130452783019243
GGATGGCTTGAAGTAT-1,0.7447910446572878,False,2.0,adjacent,0.7941537089672853,0.5168341724101632,0.7283829348492448,0.5620984970926453,0.8988830125807749,0.4576993813743521,0.45769938137435207
GGATGTCCTTACCGCA-1,0.4587861561611771,False,12.806248474865697,distal,0.7127663527095062,0.5134469028466688,0.7282087722231512,0.6253655092979621,0.8730996107556972,0.458786156161177,0.4587861561611771
GGATTAAGCTAAGGTC-1,0.6517424224329424,False,1.4142135623730951,adjacent,0.8882061713946015,0.44340411302457783,0.7193822103327202,0.5817979156216908,0.9286967209027418,0.5031333791574553,0.520198883766849
GGATTAATCATGGACC-1,0.6360697765145182,False,12.806248474865697,distal,0.659867357743967,0.49328428913782535,0.7431588920470379,0.5266009028590538,0.5458894686976596,0.49328428913782535,0.49328428913782535
GGATTCAGTACGGTGG-1,0.5883352839547455,False,1.4142135623730951,adjacent,0.8026946441509225,0.44867079083765254,0.7232137881067826,0.5211447361087889,0.8975630432040645,0.5029847603831886,0.44867079083765254
GGATTCCGCTATACCC-1,0.5849595146535458,False,2.8284271247461903,mid,0.8963569822957885,0.4360196176782032,0.7172574262943766,0.546604989875346,0.9257795885802117,0.4897700743713116,0.4360196176782032
GGATTGAAGTAGCCTC-1,0.5130213931417744,False,7.0710678118654755,distal,0.6199446395065857,0.5969180181686452,0.7171180961935016,0.5422355979119062,0.8410082219425842,0.49569315177073076,0.5130213931417744
GGATTGCTGTGACTCC-1,0.46589199130580183,False,2.0,adjacent,0.806688773709339,0.5207478001325184,0.7308490776347323,0.6050195991008563,0.8521223640944862,0.4658919913058017,0.46589199130580183
GGATTTCACTTCTATA-1,0.4670623641531516,False,5.656854249492381,distal,0.7142618291255642,0.4670623641531517,0.7315387616340634,0.5684408032844749,0.8242475441236431,0.4670623641531517,0.4670623641531516
GGCAAAGGCGCCAATA-1,0.7658497941895368,True,0.0,tumor,0.7207499674896432,0.5178373491364631,0.5913726801538204,0.6014638949265266,0.8974442459601604,0.4590090843225771,0.459009084322577
GGCAAATTACTTTACT-1,0.901457790941155,True,0.0,tumor,0.7939029147857103,0.5390650640608842,0.714185197570083,0.6398985676865632,0.9224034002411144,0.4855777864472063,0.5008598657653999
GGCAAGCCAGGGATAG-1,0.662558419120867,False,1.4142135623730951,adjacent,0.660090285905367,0.4743261067454347,0.5640430808671906,0.5339278084304,0.8366185904487017,0.4743261067454347,0.4894905295340005
GGCAAGCCCATAGTGG-1,0.4830295937134258,False,16.492422502470642,distal,0.6491668059967675,0.48302959371342585,0.7366312768210443,0.582711921083431,0.7751593496364217,0.5937877352356536,0.6254329185277187
GGCAAGGCGAAATAGC-1,0.5338293484924483,False,7.211102550927978,distal,0.6274034442400936,0.5658814641426244,0.7279788775567073,0.5608203756339519,0.8208625559887013,0.45647327648665226,0.4564732764866522
GGCAATAGTCAATGAG-1,0.6685177665782917,False,2.0,adjacent,0.8057691950435638,0.6154953649519777,0.7253803711753887,0.6192665663489941,0.8961917416849262,0.4521540433595274,0.45215404335952736
GGCACGCTGCTACAGT-1,0.46338404949005174,False,5.0990195135927845,distal,0.7237223429749763,0.46338404949005185,0.7308490776347323,0.532005053038325,0.8799414520249795,0.5181748376030268,0.5338293484924482
GGCACTCAGCCGACCC-1,0.6067069529701196,False,15.620499351813308,distal,0.7215998811049805,0.574324868255649,0.7180307083542329,0.5951104423266269,0.8225550500561719,0.6249326571179105,0.6015119306374949
GGCACTCCACTGGGCA-1,0.8232856426302337,True,0.0,tumor,0.8591883557190362,0.4922563426158142,0.8056136097642534,0.6291441416336918,0.9072354854700704,0.5562243400397554,0.538204313659923
GGCACTGCGGTGGTTT-1,0.5432401015915478,False,4.242640687119285,mid,0.8066516190157721,0.4725798361478014,0.7344855932675695,0.5753905887161195,0.8309940542712743,0.5275378203818264,0.5432401015915478
GGCAGAGAGATCGGGA-1,0.7379081376740632,False,2.0,adjacent,0.804292295974289,0.5605002260243859,0.7251156439837263,0.6247840383436436,0.9046762115118928,0.5654820511867827,0.5216359742358739
GGCAGCAAACCTATGC-1,0.6087969044832445,False,12.165525060596439,distal,0.6425439818685095,0.580783592487321,0.7235272808337513,0.6038529417228631,0.7721894185388232,0.5224197613430184,0.5381246964594231
GGCAGCGGTAATCCTA-1,0.6723035644620664,False,1.4142135623730951,adjacent,0.7206849467759014,0.5035823317047193,0.7087513236359583,0.550937227145219,0.9173831167116923,0.4492002452209775,0.44920024522097757
GGCATACAGGTAGCGG-1,0.9060676268501046,True,0.0,tumor,0.9589719296290103,0.4978883749156279,0.6611073956417544,0.5746326329673596,0.8823496628211558,0.5490534841813892,0.5271255802103486
GGCATATCGGTTCTGC-1,0.6548873018526923,False,1.4142135623730951,adjacent,0.8783416002526518,0.4370785264448531,0.7172295602742016,0.5753794423080496,0.9021301372474826,0.4973713054301585,0.5145978137116742
GGCATCAACGAGCACG-1,0.6834141447918408,False,1.4142135623730951,adjacent,0.9739638484831596,0.4623251407234019,0.5854372178565457,0.4981589849337717,0.9317018511837193,0.5209459584982072,0.537694763576723
GGCATTCCCTCCCTCG-1,0.439753664381653,False,10.0,distal,0.6939985881216444,0.4999597490819695,0.7189363540099203,0.5455962399450112,0.8913841198884187,0.5477313963353088,0.5091679206375745
GGCATTGAACATCTCA-1,0.48576046369057574,False,18.384776310850235,distal,0.48576046369057574,0.4857604636905758,0.614257649222538,0.553277972839919,0.6717573485628469,0.4857604636905758,0.48576046369057574
GGCCAATTGTATAGAC-1,0.5254416764197738,False,5.830951894845301,distal,0.8117325233610136,0.5031333791574554,0.7235621133589701,0.5212636311282023,0.9320377100584599,0.5574845033965582,0.5186622717971991
GGCCACAAGCGATGGC-1,0.6549629381931673,False,2.0,adjacent,0.8973601590220884,0.43741291868695314,0.7130844897731706,0.4749150086384663,0.8986762173784236,0.49126864701183387,0.4374129186869532
GGCCACACGAAAGCCT-1,0.6163764619708443,False,4.242640687119285,mid,0.6400360400527597,0.5296246756704874,0.7367497074067881,0.6120808486132013,0.8199341775270814,0.5296246756704874,0.4744189934793513
GGCCCAATCTAGAGGG-1,0.6419256216112927,False,1.4142135623730951,adjacent,0.6882999869958571,0.6081851789927363,0.7993994872652288,0.5679745118802132,0.8717884411748315,0.5296463492417346,0.4916600982476253
GGCCCAGCTGGTTTGC-1,0.45181965111742745,False,13.038404810405298,distal,0.6228984376451355,0.5063348752531164,0.7256450983670513,0.5209459584982071,0.6402658124998165,0.5608500993888053,0.5219106535775989
GGCCCAGTTATCAGCA-1,0.7508459327553124,False,2.8284271247461903,mid,0.7025488119786732,0.5044833330237108,0.5872485091679207,0.5553084768433372,0.8119996949404107,0.5588747081808444,0.5200237259257491
GGCCCGGAGCATGTCT-1,0.5937850813289703,False,5.0990195135927845,distal,0.968776124393914,0.6763454643407828,0.7227539987738951,0.5909379702390904,0.9005769732808866,0.508152359013419,0.523721944888974
GGCCCGTATACCATGC-1,0.5877222315108958,False,2.0,adjacent,0.774461721376953,0.43872262163517806,0.7184765646770328,0.5443682773226328,0.8345917041391305,0.5001300414274834,0.5176750185109992
GGCCCTCACCCACTTA-1,0.602849499605895,False,1.4142135623730951,adjacent,0.8917730219770013,0.4500640918464025,0.7230674915008639,0.5192851436957775,0.9302660178283865,0.5648256516004385,0.4500640918464026
GGCCGAGACTCTGGTG-1,0.6072523307935446,False,1.4142135623730951,adjacent,0.8042133422504597,0.6195761887953829,0.7245931561054451,0.692580207694737,0.8505120014548995,0.45151312489550244,0.4515131248955023
GGCCGCAGGAACCGCA-1,0.4600958591094021,False,3.1622776601683795,mid,0.883320329190585,0.460095859109402,0.8521219974363261,0.5318322837132402,0.8456251814957895,0.5148525887532743,0.5304973686515236
GGCCGGCGTCTGCTAT-1,0.4699882962715264,False,6.324555320336759,distal,0.7281762618662802,0.4699882962715265,0.7335869141169258,0.5382953426591613,0.7180032089922181,0.4699882962715265,0.4699882962715264
GGCCGTTTGGGTTTCA-1,0.5541357154799723,False,4.242640687119285,mid,0.6490181872225009,0.5383219701895509,0.7367218413866132,0.5161827267829607,0.7769075757442426,0.4829738616730758,0.4829738616730759
GGCCTGCTCTGATGTT-1,0.4882962715265005,False,20.591260281974,distal,0.5714391870553047,0.4882962715265006,0.7408878114027754,0.48829627152650074,0.6746304819061532,0.4882962715265006,0.4882962715265005
GGCCTGCTTCTCCCGA-1,0.45811737167697697,False,8.0,distal,0.7195749503055974,0.625833658436902,0.7254988017611324,0.5620130412974418,0.9272344881598747,0.5125985373435632,0.45811737167697697
GGCCTTTGCAACTGGC-1,0.5777342537081711,False,1.4142135623730951,adjacent,0.9931124486800796,0.43156105445020343,0.7142269966003455,0.5706719426331531,0.9660445211004438,0.5919857325976704,0.5690679214337465
GGCGAAATCTAACTTG-1,0.5866712844642956,False,12.083045973594572,distal,0.7907633431793272,0.6099500269371528,0.7228724293596389,0.5848315963514091,0.8037645526623782,0.44699882962715265,0.4469988296271526
GGCGAACCGTTCTGAT-1,0.7431867580672129,False,1.4142135623730951,adjacent,0.7744802987237364,0.5026937152835832,0.7081104051719334,0.6216166007170857,0.7562969872432292,0.5026937152835832,0.4483363985955525
GGCGAGCATCGAGGAC-1,0.8255825988646587,True,0.0,tumor,0.7988769993869477,0.4539374686507273,0.7128685281168144,0.49027475895892536,0.8424367221347131,0.5676989479029272,0.6002022276892701
GGCGAGCGAAACGGCA-1,0.8762350618227562,True,0.0,tumor,0.7757992903453529,0.42902524661427854,0.8081424510951347,0.5668840216240317,0.9376827790928582,0.4822555375974537,0.49746419216407517
GGCGCACAGTTTACCT-1,0.5090206288166497,False,8.0,distal,0.7063060803656022,0.43939140611937805,0.7187900574040016,0.47668542978691775,0.8963208053573158,0.5477035303151337,0.5090206288166497
GGCGCAGGACATCTTC-1,0.6051623792804197,False,2.8284271247461903,mid,0.89998885359193,0.5189798559636379,0.5978236638243326,0.6008025413810401,0.8813904850740797,0.573823279892499,0.4641364320347768
GGCGCATGAATTGATG-1,0.7481628330984627,False,1.4142135623730951,adjacent,0.6350480224414349,0.4538538705902023,0.726042189154545,0.5585167846328187,0.8460021060844722,0.5083938645216023,0.5239767199305738
GGCGCGGAGATCTTTC-1,0.7587559016249872,True,0.0,tumor,0.5300767244422152,0.440255252744803,0.6992629437663713,0.609119619535938,0.7688425628525418,0.49414813576325034,0.5095461023399495
GGCGCGTTCGAGTTTA-1,0.5465243111121727,False,2.0,adjacent,0.8023648962455181,0.4718553196232514,0.7331967898344759,0.5070370989615262,0.8531680731673693,0.4718553196232514,0.47185531962325145
GGCGCTCCTCATCAAT-1,0.9723091376661015,True,0.0,tumor,0.8855171004477141,0.4854787072643619,0.691676419773728,0.5380631258243699,0.8848752042285951,0.5390062357960702,0.5007722868448499
GGCGCTTCATTCCCTG-1,0.5631603251566469,False,13.038404810405298,distal,0.4917795240483755,0.49177952404837544,0.6166959259878505,0.4917795240483755,0.6762951099534491,0.49177952404837544,0.4917795240483755
GGCGGAGTAATATTAG-1,0.9596181559064022,True,0.0,tumor,0.8509028590536699,0.5720274697034436,0.8122944881012094,0.6579613219639971,0.9147901102027765,0.4552750376191272,0.4034163740734548
GGCGGGCTCTAAGAGT-1,0.5879292362321956,False,15.811388300841896,distal,0.8121551580003343,0.5683986946317661,0.7193264782923703,0.5889836333574838,0.8984723554413538,0.5027246775282221,0.518216415474399
GGCGGTAGGATCATTG-1,0.6656475665002668,False,1.4142135623730951,adjacent,0.879590926823831,0.5502300494776668,0.7208242768767764,0.7102937078526445,0.889632960515316,0.5502300494776668,0.5811179847294209
GGCGGTTTGCCGGTGC-1,0.8192490505648841,True,0.0,tumor,0.9928244998049379,0.4545226550744023,0.713042690742908,0.5618216946255736,0.9307368069060798,0.5089759547208135,0.5245340403340737
GGCGTACCCTATATAA-1,0.6079370387178447,False,1.4142135623730951,adjacent,0.8098422783258096,0.5155987788490715,0.728515298445076,0.5624719017629902,0.8470859476060156,0.5155987788490715,0.4608761076743021
GGCGTAGGGAAAGCTG-1,0.4724683720671013,False,3.1622776601683795,mid,0.6422978320236303,0.4724683720671014,0.7355096695090007,0.5737520667298296,0.7981664158724852,0.4724683720671014,0.4724683720671013
GGCGTCCTATCCGCTG-1,0.579907803281821,False,2.0,adjacent,0.876586040981627,0.4867017159275979,0.7142896951457394,0.539291088446748,0.9269704942845326,0.49347006260565873,0.5107682263676245
GGCTAAAGGGCGGGTC-1,0.6630719500640919,False,2.0,adjacent,0.7086468260603022,0.4995015078613139,0.7216114919467201,0.5512251760203609,0.8399522464412159,0.4452711363763027,0.4452711363763027
GGCTAATGATTGAAAT-1,0.7328763306024635,False,2.0,adjacent,0.5846337476081667,0.5804399115718293,0.6786211893217411,0.5210945772724738,0.7959518005848932,0.466576256912321,0.4816442544247259
GGCTACTATACACTCC-1,0.4922811124115255,False,4.0,mid,0.6600484868751045,0.4922811124115254,0.7420303182299504,0.5260881680878338,0.5978625295893135,0.4922811124115254,0.4922811124115255
GGCTATTAAGTTGTAT-1,0.9128629549127792,True,0.0,tumor,0.791408905980048,0.4733631809371652,0.8023602519088223,0.5602370469449554,0.9092829046366123,0.5792045180107377,0.4884833719476756
GGCTCCTCCACCTGTT-1,0.6867421437727408,False,1.4142135623730951,adjacent,0.8002145683553475,0.4560831522042022,0.7273727916179011,0.5574968882944139,0.8996280619622957,0.4560831522042022,0.4560831522042022
GGCTCGCGTTGAGGTA-1,0.538900964164298,False,8.48528137423857,distal,0.6330881123557932,0.46826060302067657,0.7320960820375634,0.5691616043396681,0.7973876339402258,0.46826060302067657,0.4682606030206765
GGCTCGTGCCACCAGC-1,0.6570329854061673,False,1.4142135623730951,adjacent,0.8796002154972227,0.5999832803878952,0.7174942874658641,0.5764922253803711,0.9831659905490193,0.4383882293930781,0.4383882293930781
GGCTCTGCTCCAACGC-1,0.6830678099696658,False,1.4142135623730951,adjacent,0.632205688383585,0.4602630552304519,0.7296926377974698,0.49618978617473836,0.8424088561145382,0.4602630552304519,0.460263055230452
GGCTGAAATAGCAAAG-1,0.6863400769102156,False,2.8284271247461903,mid,0.6438304631332553,0.47366661093462636,0.736338683609207,0.5435044306972078,0.8495498904425417,0.47366661093462636,0.47366661093462625
GGCTGAGCATCGTAAG-1,0.5685424479104466,False,4.242640687119285,mid,0.5929703319771871,0.4219751435100039,0.7102769882405395,0.46040981627004024,0.8159346703156487,0.4219751435100039,0.421975143510004
GGCTGGCAATCCCACG-1,0.5347250419980732,False,13.341664064126334,distal,0.6370543758940348,0.5134933462136271,0.7283829348492448,0.5629177580857903,0.8388420055321383,0.5134933462136271,0.5291398953829984
GGCTGGCAGCTTTATG-1,0.7492615504653626,False,1.4142135623730951,adjacent,0.9767829608575305,0.553899075467375,0.843608928272864,0.6192312693901056,0.9325847640334745,0.6080737149120362,0.6545091201503173
GGCTGGCTAGCTTAAA-1,0.6114401955398444,False,2.0,adjacent,0.7258401605082763,0.4656969291645767,0.5989661706515076,0.5342473387950732,0.8236711574958129,0.5754642788583602,0.5362616539677232
GGCTGTCCTACTGCGG-1,0.5671730320618467,False,12.727922061357855,distal,0.4957643649334002,0.49576436493340015,0.4957643649334002,0.4957643649334002,0.574689733864841,0.49576436493340015,0.4957643649334002
GGCTTCTCGTGGGTGG-1,0.49944267959650007,False,13.341664064126334,distal,0.49944267959650007,0.4994426795965,0.6244426795965,0.49944267959650007,0.4994426795965,0.4994426795965,0.49944267959650007
GGCTTGGCTCTCACCT-1,0.6836967858536159,False,2.8284271247461903,mid,0.5584396886436679,0.4711308030987014,0.7342069330658195,0.5394378494863364,0.7973964337360706,0.4711308030987014,0.4711308030987014
GGCTTTCAATAAGGGT-1,0.5370458833926481,False,9.486832980505138,distal,0.7190965836259265,0.5213391790051212,0.732911163127682,0.5347767931783984,0.795841803136834,0.4663657136487767,0.46636571364877666
GGGAAAGAATGCCAAC-1,0.5293150532240987,False,3.1622776601683795,mid,0.8878485574690224,0.5137038894771716,0.5940826506158391,0.5638336212822086,0.9332271491301402,0.5179240434214518,0.4590648163629271
GGGAACCACCTGTTTC-1,0.89851593538268,True,0.0,tumor,0.8763863345037063,0.49203960690334214,0.8343504430697208,0.6484311430641476,0.919223740675883,0.49203960690334214,0.5074243039466247
GGGAACGGGAGGTTAG-1,0.6664437385052666,False,1.4142135623730951,adjacent,0.9841395901837299,0.5026813303857277,0.7222733099258765,0.553489754593249,0.9244625524687827,0.5570819942162527,0.5182243771944491
GGGAACGGTTTCAGAT-1,0.7468730344503628,False,1.4142135623730951,adjacent,0.7126316669453269,0.5136079065187911,0.7169230340522766,0.5605417154322022,0.796536987008568,0.5136079065187911,0.5292155317234736
GGGAAGACGGTCTGTC-1,0.49074848130190046,False,8.246211251235321,distal,0.6586969848966171,0.5462266312458588,0.7450955804492003,0.5573222612346505,0.5705743626747859,0.4907484813019004,0.49074848130190046
GGGAAGGGCTTTCTCA-1,0.4694588418882014,False,2.0,adjacent,0.5577151721191179,0.5244384996934737,0.7256729643872262,0.6386148730238347,0.9361560145137965,0.5244384996934737,0.540146973352123
GGGAATGAGCCCTCAC-1,0.7290666475585387,False,1.4142135623730951,adjacent,0.662816511545821,0.45813285279929655,0.6630928495792231,0.5382080291292798,0.75577779928839,0.5515521373237475,0.5957794922014952
GGGAATTCTGTCCAGT-1,0.7479239814969627,False,2.0,adjacent,0.9056735217076298,0.4537145404893273,0.7257356629326199,0.5228594252168907,0.8970115893311275,0.5083071702366135,0.4537145404893273
GGGACAGAGTTACTCC-1,0.9711626499789014,True,0.0,tumor,0.6835256088725409,0.4179067045644541,0.7033662152371399,0.5569265637481654,0.981133237708885,0.5339191390019011,0.4853942245682758
GGGACCCGTATATCTT-1,0.4887978598896506,False,7.615773105863909,distal,0.7383241375466757,0.4887978598896506,0.613560998718163,0.5220680302439207,0.6476092421322492,0.4887978598896506,0.4887978598896506
GGGACTGCATAGATAG-1,0.9677908615377265,True,0.0,tumor,0.7402515372754462,0.4543802287490634,0.8029315053224099,0.6143212766352708,0.8393127946098317,0.5562707834067138,0.5371573474733482
GGGAGAACTCACAGTA-1,0.7643728951202616,True,0.0,tumor,0.7075414739266938,0.507765330955433,0.7226773672184138,0.625894963681287,0.8104861300551162,0.507765330955433,0.5233119163063987
GGGAGCGACCGTAGTG-1,0.5542591221407472,False,5.0990195135927845,distal,0.5691170187073883,0.5384489153925703,0.7408460123725129,0.5495160601162943,0.7256194322958374,0.48311319177395085,0.48311319177395085
GGGAGGATGCCCGAAA-1,0.721005406007914,False,1.4142135623730951,adjacent,0.9750784892901597,0.47502894969873743,0.709956529008527,0.5922643927994202,0.9352379024806624,0.47502894969873743,0.4220308755503539
GGGAGTAATGGCTGGC-1,0.8864977189672058,True,0.0,tumor,0.8872215720150848,0.4963774173772502,0.8510770216797637,0.5162588939047726,0.84456773936178,0.6043303795351949,0.5811976019299209
GGGAGTTAATGAGGCG-1,0.5332600855088733,False,5.0990195135927845,distal,0.7192080477066264,0.511935945308291,0.7279928105667948,0.5975422170205651,0.8418940680576211,0.4573092570919022,0.45730925709190207
GGGATACGGTAATAAT-1,0.6682470680965915,False,4.0,mid,0.8854381467238849,0.5043842538408665,0.7240706682271638,0.5845956640472607,0.847083014340734,0.5588158799160303,0.5899196662446956
GGGATATTGATCGCCA-1,0.6161376103693442,False,5.830951894845301,distal,0.7360159022088464,0.47419606531795133,0.7296160062419885,0.4741960653179512,0.7458706957998575,0.47419606531795133,0.4741960653179512
GGGATCCCAATACAAA-1,0.7085373524096147,False,1.4142135623730951,adjacent,0.6835070315257575,0.473564435527318,0.5578986234186034,0.5260231473740922,0.8082421821147082,0.6335030064339544,0.5476071050389726
GGGATGGACCCGCGTC-1,0.736885056647638,False,1.4142135623730951,adjacent,0.9769826673354512,0.5477004340906698,0.5787981385498523,0.6146593843467277,0.9287553862083732,0.49394997739756136,0.5093072507384496
GGGATGGTCGTAACCG-1,0.8983766052818051,True,0.0,tumor,0.8792147355514687,0.4840389628886536,0.7107437440784707,0.6106745434617026,0.9466673706503342,0.5372692538718288,0.499247617455275
GGGATTATCTCACAAC-1,0.7468690535903377,False,1.4142135623730951,adjacent,0.715687640491185,0.501501668864986,0.5807626929721897,0.543526723513348,0.8687451784451935,0.495467127384867,0.5109394033486995
GGGATTTACCGCACCT-1,0.6614238740137418,False,14.422205101855956,distal,0.7968938676178268,0.5634942750809663,0.7207337123112076,0.5892139924575972,0.8114321081084253,0.5520877841560001,0.5830128741013209
GGGCAACCGCACGTGC-1,0.7446437528363629,False,1.4142135623730951,adjacent,0.8742081405933604,0.5047093574095747,0.7247255197012763,0.5883185643426406,0.9258646532733775,0.4504263501086775,0.45042635010867743
GGGCACGAATTGGCCG-1,0.5957516261813203,False,1.4142135623730951,adjacent,0.9668951680321016,0.49277031587681985,0.8403834364376079,0.4762507198721878,0.9250800048105551,0.49277031587681974,0.43886195173605314
GGGCACGTAGTACTGT-1,0.4783759683442011,False,7.615773105863909,distal,0.4783759683442011,0.47837596834420115,0.7382893050214568,0.6124691151609728,0.7225292373216942,0.47837596834420115,0.4783759683442011
GGGCACTATTGACCAT-1,0.8156981234225843,True,0.0,tumor,0.7183813557747682,0.4576715153541771,0.7280067435768823,0.5289732300432853,0.9279546047865024,0.516670072513577,0.4576715153541771
GGGCAGACGTCACTGC-1,0.7467098191893377,False,1.4142135623730951,adjacent,0.8061918296828846,0.5134871537646993,0.7283690018391573,0.5630477995132736,0.904159956822335,0.45881402218135203,0.4588140221813521
GGGCAGAGCAATCGTT-1,0.48520314328707576,False,8.602325267042627,distal,0.653662523918334,0.5405605404769425,0.7378922142339631,0.552715079232384,0.8045873335738609,0.4852031432870757,0.48520314328707576
GGGCAGGATTTCTGTG-1,0.8373659445386581,True,0.0,tumor,0.8802132679410727,0.49967180020682783,0.7046759181853648,0.5513960876107674,0.8939081946632172,0.4456612606587528,0.4456612606587527
GGGCAGTCAACGCCAA-1,0.47009976035222645,False,8.48528137423857,distal,0.6406630255066971,0.5251413426467766,0.7347572869642757,0.5733173568150998,0.7708239835502484,0.4700997603522265,0.47009976035222645
GGGCATGCATGTCGAG-1,0.4821657470880009,False,15.231546211727817,distal,0.5651321778223634,0.4821657470880009,0.735892827286407,0.5165115458210258,0.723805207719181,0.4821657470880009,0.4821657470880009
GGGCCATTCGTGCTGG-1,0.7571118064346621,True,0.0,tumor,0.8891211057236804,0.4438499693473778,0.7194100763528952,0.5888145795017555,0.9087945159672296,0.4438499693473778,0.44384996934737775
GGGCCCGTCTTAAACA-1,0.8255786180046337,True,0.0,tumor,0.9527903174868566,0.526543932328918,0.709733600847127,0.5862453324416207,0.9448003472986094,0.6400670022973985,0.6248079235037938
GGGCCCTACGAAAGGG-1,0.5857556866585457,False,1.4142135623730951,adjacent,0.8099258763863344,0.5990265470285534,0.7131332553084768,0.5395158743428266,0.9608013094096217,0.4912469734405866,0.5066440553817246
GGGCCCTTATCTATAC-1,0.6683625130373166,False,1.4142135623730951,adjacent,0.8940487469579596,0.5054183928118053,0.8468692526333389,0.5528488361292241,0.9040602258027615,0.5597416510307331,0.5209393237314989
GGGCCGGCCGAAGTAC-1,0.5318667845001234,False,10.295630140987,distal,0.4613498300172769,0.571042870323927,0.730382321796801,0.5958906908915267,0.7862602920945566,0.5161963501706021,0.5318667845001234
GGGCCTAAATGGGCTA-1,0.6112769802788195,False,1.4142135623730951,adjacent,0.8138410522209218,0.5194133273885824,0.7212979992197515,0.5660406100800682,0.877690170921368,0.46458228835757676,0.46458228835757687
GGGCCTATACAACCGG-1,0.762374503387712,True,0.0,tumor,0.8472802764309201,0.5833410738944931,0.6883882293930781,0.5901484330007989,0.9217698149402934,0.43140624322700893,0.38076129967118094
GGGCCTATTTAAGTAT-1,0.6653131742581667,False,2.0,adjacent,0.6198656857827565,0.43721785654572815,0.7080059075962771,0.5068216017388397,0.7796648451089269,0.43721785654572815,0.43721785654572815
GGGCGAATTTCTCCAC-1,0.6546842779914173,False,1.4142135623730951,adjacent,0.879730256924706,0.4923863840432976,0.7170553976481079,0.5729941109810697,0.9568208684225191,0.5526543932328918,0.5159035357998741
GGGCGATATGTGTGAA-1,0.8016337449542599,True,0.0,tumor,0.9563339463857771,0.4910426226259699,0.7182118374853703,0.6167530513292091,0.9530662888620983,0.43724572256590316,0.4372457225659031
GGGCGATCCATAGGCC-1,0.881641069736706,True,0.0,tumor,0.8948104181760762,0.48354975942335915,0.7136209106615392,0.5641382897694551,0.9795228750692982,0.5903695034275205,0.498809722852525
GGGCGCAGCGTTACTC-1,0.46449869029705176,False,6.0,distal,0.9698257444871724,0.46449869029705176,0.7206292147355514,0.5685782756506715,0.8788385442791061,0.519283285961099,0.5349360275793983
GGGCGGCAAATGAATT-1,0.8937787119529303,True,0.0,tumor,0.7048291812963273,0.5516605051799836,0.839018001449033,0.6117706069219192,0.895072700980004,0.5516605051799836,0.5069306773035246
GGGCGGGTTCCCTACG-1,0.8221391549430338,True,0.0,tumor,0.9632911627561352,0.48914773325407,0.715940756841108,0.5835051737910791,0.9399105940742175,0.6583966511236199,0.642216224393118
GGGCGGTCCTATTGTC-1,0.7400856681077379,False,2.0,adjacent,0.9864989132252132,0.5658535981224495,0.7080825391517583,0.5247431681807203,0.8996001959421209,0.5065082638230941,0.4520704452990025
GGGCGTACATTTATAT-1,0.7280316239520388,False,1.4142135623730951,adjacent,0.9751109996470305,0.5809507886083709,0.8292927604079586,0.624022367125527,0.9576055168853413,0.4217800813687789,0.4217800813687789
GGGCGTCACCACGTAA-1,0.600078821028495,False,2.8284271247461903,mid,0.5429368927529771,0.4520983113191774,0.725150476508945,0.6181630719500641,0.8699991493530682,0.5064680129050635,0.4520983113191774
GGGCGTCCACTGGCTC-1,0.6711053255945415,False,2.0,adjacent,0.8866735402849767,0.5127100014242633,0.7256381318620075,0.5579000167196122,0.95849429626566,0.45349161232792734,0.45349161232792745
GGGCGTGGTTTCCCAG-1,0.5257959729619988,False,4.0,mid,0.7986029835218934,0.5648349402738302,0.7145683553474893,0.5901670103475821,0.8779600313272733,0.4555258318007022,0.4555258318007022
GGGCGTTTACATTCAT-1,0.8274297179162586,True,0.0,tumor,0.7242192870014305,0.5189674710657823,0.7289820542830072,0.5650690148433001,0.8203433680338617,0.5189674710657823,0.4641364320347768
GGGCTACTATTTCGTG-1,0.822752207386884,True,0.0,tumor,0.7969960430251352,0.5511713017146892,0.8323022905868583,0.6112764494974827,0.9539653346709023,0.4913150903787921,0.5066599788218247
GGGCTATGATCGATGG-1,0.6182076575823441,False,5.830951894845301,distal,0.7291237065522301,0.5866385529485346,0.6069219194114697,0.610485054524513,0.7459102948811588,0.5313926198393679,0.5471771721562726
GGGCTCATCGAACCCA-1,0.6487727008542924,False,5.830951894845301,distal,0.7846049527206524,0.5835609058314292,0.711071169815527,0.5625907967824035,0.9376871789907809,0.47710032386507883,0.4923089784317004
GGGCTGCCTAGGGCGA-1,0.6132276016910695,False,1.4142135623730951,adjacent,0.7076715153541772,0.46140556205762695,0.7297205038176449,0.5270764829367071,0.8157938735821327,0.46140556205762695,0.46140556205762706
GGGCTGGTTAGTCGCG-1,0.8916688561396805,True,0.0,tumor,0.8517063293020491,0.5785945617913516,0.8128936075349719,0.6602333314755985,0.9708888087129711,0.6303262801340046,0.6134584915725194
GGGTAATGCTGTGTTT-1,0.6740193151328413,False,1.4142135623730951,adjacent,0.9045913912575005,0.4561667502647272,0.7144568912667894,0.5251537275446322,0.8160094685803289,0.5107469951141578,0.5263413507854238
GGGTACACTCTGGAGG-1,0.6817819921815909,False,1.4142135623730951,adjacent,0.716858013338535,0.4641921640751268,0.7281530401828011,0.5328224562967916,0.8534159340836627,0.5190851275954101,0.46419216407512687
GGGTACCCACGGTCCT-1,0.7532503722104124,True,0.0,tumor,0.987529955971688,0.5031767262999499,0.720503817644764,0.550786750636274,0.9074598802641112,0.5031767262999499,0.44881012093852757
GGGTACTTCATGAACT-1,0.6716069139576915,False,1.4142135623730951,adjacent,0.8924325177878095,0.501111544582536,0.8432884690408516,0.5520054245852607,0.9578519111689943,0.4469152315666276,0.4469152315666277
GGGTATGTATGCACTT-1,0.8164385633872342,True,0.0,tumor,0.7908933846068105,0.46798194281892663,0.6975491835256089,0.6252967731148638,0.82779092858379,0.5809972319753293,0.5608155986019221
GGGTATTCTAGCAAAC-1,0.8325769699285834,True,0.0,tumor,0.8805290828363893,0.4384160954132531,0.6990818146352338,0.5486429248174776,0.8912315900937764,0.5517255258937253,0.5073645910462495
GGGTCACCGTGACGGT-1,0.8023821466389599,True,0.0,tumor,0.9772148841702428,0.47498560255624295,0.8298709803265897,0.5240483754110238,0.925874919701863,0.47498560255624295,0.4219194114696539
GGGTCACGTGCTTATG-1,0.7306948193087635,False,1.4142135623730951,adjacent,0.7028692712106857,0.5978592704056673,0.7093016775344145,0.6243790521837671,0.986630176846564,0.4733910469573402,0.4885430848480506
GGGTCACTGAGTAGTG-1,0.578550330013296,False,1.4142135623730951,adjacent,0.7626511731594494,0.5761113897713129,0.7068703672741459,0.5243939140611938,0.9101614175884452,0.4783078514059955,0.49578825009355026
GGGTCAGGAGCTAGAT-1,0.4883241375466757,False,14.142135623730951,distal,0.5714949190956548,0.4883241375466756,0.7436047483698378,0.5215924501662673,0.674045295482478,0.4883241375466756,0.4883241375466757
GGGTCATGCGTACCAT-1,0.8962627686085302,True,0.0,tumor,0.9827277118281966,0.4899589440636089,0.7149166805996767,0.5429248174775678,0.9599418626821189,0.5437589403481395,0.5745017953678714
GGGTCCTTGGAAGAAG-1,0.6167267776530442,False,2.0,adjacent,0.7314598079102342,0.4654461349830018,0.7312461684222259,0.5665793531367851,0.8271426769565613,0.5202276344225851,0.5358794914053232
GGGTCGTGGCAAGTGT-1,0.6538562591062173,False,2.0,adjacent,0.7811727879024318,0.48951928018973667,0.7145962213676643,0.5054951791785097,0.827673597972527,0.48951928018973667,0.5048924769707248
GGGTCTATCGCTTTCC-1,0.5080652224106498,False,4.0,mid,0.9901029185011795,0.4302792175221535,0.6927701610655965,0.5418176076092813,0.9472525570740091,0.6513898951618396,0.6457313237951928
GGGTGACACCTTAACT-1,0.6099433921704446,False,3.1622776601683795,mid,0.552453138642739,0.52192746165326,0.7310720057961322,0.5670493600104033,0.7717772947667614,0.5728572578597658,0.46330045142952686
GGGTGCATATGAAAGC-1,0.5891473793998455,False,3.1622776601683795,mid,0.7130403685745601,0.5633023091642051,0.7090648163629271,0.5910178528302588,0.9224737986078724,0.503811452315047,0.44950677144290246
GGGTGGTCCAGCCTGT-1,0.6688999291406917,False,1.4142135623730951,adjacent,0.8010551932972932,0.4439892994482528,0.7173270913448142,0.5784391313232644,0.8793973313152467,0.5522518840525863,0.5831840510823959
GGGTGTTTCAGCTATG-1,0.9610273803552518,True,0.0,tumor,0.8709060172026231,0.5155337581353298,0.8220824276876777,0.6189247431681808,0.8793606654992271,0.4717500479914791,0.41063367329877953
GGGTTAACATTTGAGT-1,0.6123518124855692,False,4.0,mid,0.7183256237344181,0.5754487977360406,0.7322284456333945,0.5358245555369782,0.8203668341561143,0.5204753323796961,0.5361820367672231
GGGTTCAGACGAACAA-1,0.7525338174059123,True,0.0,tumor,0.8185782756506715,0.5141156873308688,0.8397703839937579,0.4954281149566218,0.9032887770337061,0.45939920860502703,0.459399208605027
GGGTTTAGGATAGGAT-1,0.47971353731260097,False,11.40175425099138,distal,0.8141986661465009,0.5349254119526649,0.6094019952070445,0.5141262144940459,0.8551289610081045,0.5349254119526649,0.5507002332783973
GGGTTTCCGGCTTCCA-1,0.9119632805471295,True,0.0,tumor,0.7854966653662524,0.4943308130066197,0.5755935462297275,0.5785022943023278,0.8596417896438137,0.49433081300661974,0.5097650496413245
GGTAAACTCTGCGCTG-1,0.46636571364877666,False,1.4142135623730951,adjacent,0.7313390551561426,0.5762445274232602,0.7319497854316447,0.6358765721079717,0.8528586136801627,0.6311839343105018,0.6076384742159695
GGTAAATGTGCGTTAC-1,0.6785296295411661,False,1.4142135623730951,adjacent,0.79997770718386,0.6622452581322336,0.7225519701276263,0.6806851325493692,0.8432081709037684,0.44607925096137774,0.4460792509613776
GGTAACCGGCAAAGGT-1,0.7442655711339878,False,1.4142135623730951,adjacent,0.8864970554905348,0.5039476861914581,0.8455525831800702,0.5225900536885322,0.8715185807689262,0.5039476861914581,0.5194863098223741
GGTAACCGGGAGGATA-1,0.8283652200221335,True,0.0,tumor,0.9819753292834719,0.4214735551468539,0.6848213788106783,0.629244459306322,0.9466629707524118,0.535089511849251,0.48959005103462555
GGTAACTATGTATCTG-1,0.600110667908695,False,2.0,adjacent,0.9021113154619259,0.4442122276096528,0.7207894443515577,0.5137806758438761,0.8705638029197722,0.49844879154359184,0.5139449526675743
GGTACAAACATGCTAT-1,0.7544406493578872,True,0.0,tumor,0.8759729885377769,0.5062512771925913,0.7249623808727638,0.5565698786899257,0.8708116638360656,0.5062512771925913,0.4518475171376024
GGTACACCAGATTTAT-1,0.6480601269098176,False,1.4142135623730951,adjacent,0.49517453417302937,0.4688148271997126,0.6801398874212785,0.5697579371714132,0.7190650510241495,0.6878912853666238,0.619441724190094
GGTACATCTGGGACGA-1,0.7306231638283135,False,1.4142135623730951,adjacent,0.885851492689814,0.43682773226327815,0.7175500195062141,0.5105575061769678,0.8614648140163147,0.49075776997529214,0.43682773226327815
GGTACCATTAAGACGG-1,0.5190723003797739,False,4.47213595499958,mid,0.7038260045700273,0.509765491959105,0.7236108788942763,0.5510821304501292,0.7624304449470106,0.5631970375324329,0.5258556858623736
GGTACGTTGCGGCCGG-1,0.5386023996624231,False,1.4142135623730951,adjacent,0.8135670363558677,0.4680376748592766,0.7319358524215571,0.5693213695220048,0.960179457169927,0.4680376748592766,0.46803767485927666
GGTACTAAGTGCTTTG-1,0.6036337290308198,False,12.083045973594572,distal,0.8052536736703263,0.5175679776081047,0.7197932341303015,0.5969217336380017,0.8503946708436364,0.5175679776081047,0.5332162960485983
GGTAGAAGACCGCCTG-1,0.46856712924260163,False,3.1622776601683795,mid,0.7213769529435806,0.4685671292426016,0.7334963495513571,0.5038306489067232,0.7700246687610179,0.4685671292426016,0.46856712924260163
GGTAGACCGTTGGGCG-1,0.5547129401835973,False,7.0710678118654755,distal,0.5666973192888592,0.4805773839380259,0.7347990859945382,0.5483363985955525,0.7763590551365877,0.4805773839380259,0.480577383938026
GGTAGGCCAATATCAC-1,0.48668004235635065,False,14.7648230602334,distal,0.5698415352319381,0.4866800423563507,0.6147174385554255,0.4866800423563509,0.7258614266815676,0.5435855517781617,0.48668004235635065
GGTAGTGCTCGCACCA-1,0.5339846020334234,False,2.8284271247461903,mid,0.7999126864701184,0.5662468186293634,0.7273240260825949,0.4931579631796987,0.9264058407178287,0.4569748648498021,0.45697486484980215
GGTATAGTGACACATA-1,0.6037372313914698,False,7.0710678118654755,distal,0.6342677738765349,0.5221380049168044,0.5969737502089951,0.567103234316075,0.8246391350387338,0.5177104039334437,0.5333516452894483
GGTATCAAGCATAGAA-1,0.7513116933782376,False,1.4142135623730951,adjacent,0.8968817923424176,0.5124561110182244,0.5808323580226272,0.5595069572163704,0.8209285544575365,0.5168558459814103,0.45775511341470215
GGTATGAAAGAACTGA-1,0.719528506938639,False,1.4142135623730951,adjacent,0.7911534674617772,0.6007047006879811,0.7136975422170205,0.6456426833119694,0.9352951011536533,0.5470440345043254,0.5106328771267744
GGTATTGCCGAGTTTA-1,0.8221909061233589,True,0.0,tumor,0.8969700347396387,0.5428981899471785,0.7115797246837208,0.6392056326515446,0.9602425223734808,0.4892220426412034,0.504558084728625
GGTCAAGACTACTTCG-1,0.6112093056583944,False,10.770329614269007,distal,0.8097540359285887,0.5279805804801625,0.7329947611882071,0.5748444147206896,0.8481976551477338,0.46990469821100145,0.4699046982110015
GGTCACGTTAGATTCA-1,0.7570441318142371,True,0.0,tumor,0.883376061230935,0.4924545009815032,0.6982597670400712,0.5443905701387728,0.8670644174388485,0.6126994742610861,0.5158836314997491
GGTCAGTGGGTCCCAC-1,0.5450314886027977,False,4.242640687119285,mid,0.808992364710472,0.4741681992977763,0.7356838321350945,0.5750283304538447,0.7718814256842575,0.4741681992977763,0.47416819929777626
GGTCATTGTAGTCATA-1,0.739826912206113,False,1.4142135623730951,adjacent,0.673284846458229,0.593081796057887,0.7140667669843392,0.5756135168775195,0.7086431594787,0.593081796057887,0.5701666388006466
GGTCCACGTCTATTTG-1,0.6161694572495442,False,3.1622776601683795,mid,0.8927715543666054,0.46968177004960154,0.7340188374296384,0.538042690742908,0.8210121525180616,0.46968177004960154,0.4696817700496015
GGTCCCATAACATAGA-1,0.6564477989824923,False,2.0,adjacent,0.8867199836519348,0.5486819372457226,0.7198489661706515,0.5139348678221778,0.9603921189028416,0.5486819372457226,0.5794937938392212
GGTCCTTCATACGACT-1,0.8961314002277053,True,0.0,tumor,0.7948642924817477,0.42311765033717885,0.820570696093184,0.561305244384997,0.9318441145498756,0.6500461337445119,0.637120723561118
GGTCGGATAAACGGCG-1,0.6128733051488443,False,2.8284271247461903,mid,0.5486865815824183,0.4662542495680767,0.7230814245109514,0.60276430920136,0.7419239873634931,0.5212091375776379,0.5369105341517981
GGTCGGCCAGGAGCTT-1,0.6148716968813943,False,7.0710678118654755,distal,0.7267132958070928,0.5235901341903683,0.6012163517806387,0.538945549796578,0.8462309007764354,0.4685949952627766,0.4685949952627766
GGTCGGTAATTAGACA-1,0.9693792246877015,True,0.0,tumor,0.8055044678519016,0.43440338850805327,0.711015437775177,0.5443534154452061,0.8955992220980474,0.43440338850805327,0.4344033885080533
GGTCGGTCGTCCACAG-1,0.6896720567511405,False,6.324555320336759,distal,0.6460551004105594,0.4767597391740511,0.7307027810288135,0.5778576603689461,0.878482152547394,0.5319592289162595,0.5477305116997476
GGTCGTAAGCTCGCAC-1,0.6722080238214664,False,1.4142135623730951,adjacent,0.723118579204518,0.5016255178435416,0.7072117260212897,0.5881346486094856,0.8516383753230258,0.5610977973459164,0.5171057555274242
GGTCTCCAAGTAGTGC-1,0.5735742549820463,False,11.40175425099138,distal,0.8773337791896562,0.6029123087307338,0.711154767876052,0.5787233647290493,0.9194554686331277,0.4893427953952949,0.5046576062292497
GGTCTCCGTCCAGGTT-1,0.8161638840455092,True,0.0,tumor,0.8893672555685598,0.4984271179723445,0.8435949952627766,0.6546173995429974,0.8657811138781579,0.4442958256701778,0.44429582567017784
GGTCTCTGAATGGACT-1,0.7551810893225372,True,0.0,tumor,0.7207917665199055,0.4672852923145516,0.5996837206710137,0.5710156235486448,0.8763159361369482,0.5771393362933239,0.5379057491580481
GGTCTGAGAATCTGGA-1,0.6709620146336414,False,3.1622776601683795,mid,0.7134444258670977,0.45965000278660206,0.7293443125452823,0.5284010477623585,0.9014217536819811,0.45965000278660206,0.459650002786602
GGTCTTGAGCGCTCTT-1,0.4778186479407011,False,14.0,distal,0.5607247022980179,0.47781864794070106,0.7384774006576381,0.5441434914265545,0.6945972186778601,0.47781864794070106,0.4778186479407011
GGTCTTGGTGTTAACT-1,0.880359232808656,True,0.0,tumor,0.8094475097066637,0.4450203421947278,0.7148191495290642,0.5145312006539228,0.8468454198529262,0.6135292624174082,0.5918901919570704
GGTGAAACCGGGAATG-1,0.8205468109330339,True,0.0,tumor,0.9046703449813297,0.45037061806832746,0.7081800702223708,0.5195693771015624,0.9615903577703663,0.5046443366958331,0.520151113446549
GGTGAACGGGCTAGCC-1,0.8270236701937087,True,0.0,tumor,0.893143101302272,0.44716602574820263,0.7216463244719389,0.5165524159839492,0.8965671996409682,0.44716602574820263,0.44716602574820274
GGTGAAGTACAGGGAT-1,0.5375832994960231,False,1.4142135623730951,adjacent,0.9015957940886884,0.4621579446023519,0.7085074959594271,0.5307678017425552,0.9617047551163481,0.4621579446023519,0.4621579446023519
GGTGACTGATAGAGAG-1,0.5454494789054227,False,13.341664064126334,distal,0.6480614538631592,0.5296958888331569,0.5986178453993201,0.5423414887885712,0.795145152632459,0.47455832358022626,0.47455832358022626
GGTGAGATGCAGATAA-1,0.5945135787135454,False,1.4142135623730951,adjacent,0.8002006353452601,0.5023283607968444,0.7236457114194951,0.5173958275279125,0.9310741324134613,0.5023283607968444,0.5178422146320492
GGTGATAAGGAGCAGT-1,0.5376868018566732,False,10.0,distal,0.6373748351260473,0.46686730201192667,0.7327161009864571,0.5683590629586281,0.8760915413429075,0.5219491352245071,0.5376868018566732
GGTGATGAAGGAAGTG-1,0.8112992730949594,True,0.0,tumor,0.8003353211094392,0.4753230910228068,0.7073301566070334,0.5290735477159152,0.9168037968185805,0.6501328280295008,0.5687176057515465
GGTGATTTCATCTTGT-1,0.8968161081520052,True,0.0,tumor,0.7907819205261104,0.48325252187482587,0.8340508833528395,0.6002545096509315,0.9366913354276848,0.48325252187482587,0.4985231009307251
GGTGCAGAGCCTATCG-1,0.6793934761665911,False,2.0,adjacent,0.63228928644411,0.5223795104249879,0.7236457114194951,0.5378513440710398,0.7893739531909528,0.46742462241542665,0.46742462241542665
GGTGCATAAATGATTA-1,0.5552145285467474,False,6.0,distal,0.5670827992346134,0.48400490441955074,0.7413893997659254,0.5515075516914674,0.6965698395797219,0.48400490441955074,0.48400490441955085
GGTGCGGATAAGTGGC-1,0.7376055923121632,False,1.4142135623730951,adjacent,0.992011740883167,0.4413141615114529,0.720253023463189,0.6079139497296996,0.9344723202421705,0.6030392539337531,0.5799356693019959
GGTGCTGATCACAAAG-1,0.9658800487257267,True,0.0,tumor,0.9511740883167067,0.4832277520791147,0.7115239926433705,0.541080086941983,0.8927876873256542,0.5434338367794311,0.498467368890375
GGTGCTGGTACACATT-1,0.744166049633363,False,2.8284271247461903,mid,0.9853889167549091,0.5109110950107438,0.7257704954578387,0.5580356313511304,0.9316989179184376,0.5654603776155356,0.5264966043263987
GGTGGACCACGTGTTA-1,0.841577694445108,True,0.0,tumor,0.7366846866930467,0.5745075454990185,0.8120018948893719,0.6169704062865743,0.8131891340120909,0.46041167400471866,0.4754301319257013
GGTGGACTGCTCTGGC-1,0.5954650042595203,False,1.4142135623730951,adjacent,0.877477753627227,0.6011164985416783,0.7193822103327203,0.6429080978654629,0.8739590574831998,0.5472638664412615,0.43955860224042803
GGTGGAGGTTGATACG-1,0.5946449470943703,False,5.656854249492381,distal,0.881258243697635,0.6239109030448272,0.720364487543889,0.5953259395493136,0.8758158144064392,0.5091338621684717,0.5246813321549989
GGTGGGATTAGGTCCC-1,0.6277736642224186,False,5.656854249492381,distal,0.5684157238663174,0.5407153517001367,0.6138466254249568,0.5528302587824406,0.6714889547895823,0.4853146073677757,0.48531460736777576
GGTGTAAATCGATTGT-1,0.4858440617511008,False,17.4928556845359,distal,0.6521391814821008,0.5412757683281006,0.6140556205762694,0.5191030856973006,0.6179201975847493,0.4858440617511007,0.4858440617511008
GGTGTAGGTAAGTAAA-1,0.4882405394861506,False,9.486832980505138,distal,0.6544985045235839,0.543659861165295,0.7405185866354568,0.5555146853926322,0.6745028848664045,0.4882405394861506,0.4882405394861506
GGTGTTCTGTTTCTAC-1,0.59660353022667,False,5.656854249492381,distal,0.7191616043396681,0.6678060772693777,0.8315638410522209,0.552107599992569,0.8490233693244983,0.5590047496083276,0.5900908432257703
GGTGTTGGGCGTCTTA-1,0.4751435100039013,False,10.295630140987,distal,0.7316409370413718,0.5853691009183402,0.7297901688680823,0.6441286295491279,0.8282397181718718,0.4751435100039012,0.4751435100039013
GGTTACCACCCTCGGG-1,0.7260690599597136,False,1.4142135623730951,adjacent,0.8787688792286685,0.4837355328911925,0.7079501755559271,0.5695071429898383,0.9849934148194427,0.4304185476230285,0.43041854762302856
GGTTACCCGACACTTT-1,0.5871808345474957,False,3.1622776601683795,mid,0.7100169053855728,0.5019568138611776,0.7224335395418826,0.5495903695034275,0.8708380632235998,0.5019568138611776,0.5174520903495992
GGTTACCGCTCCCTAC-1,0.4954578387114753,False,9.486832980505138,distal,0.5787633060246337,0.4954578387114752,0.6204160396812127,0.5287800256367386,0.5746178688654424,0.4954578387114752,0.4954578387114753
GGTTAGCTATATGTCT-1,0.4805216518976759,False,8.602325267042627,distal,0.5666044325549425,0.48052165189767604,0.7393830463133255,0.5149547641605826,0.7216961899817258,0.48052165189767604,0.4805216518976759
GGTTAGGCTTGGAGAA-1,0.7310570775710383,False,1.4142135623730951,adjacent,0.9001096063460216,0.5513880374271614,0.7196121049991641,0.6212803507403073,0.9536221426329575,0.4972567451249945,0.5127228286398994
GGTTAGGGATGCTAAT-1,0.49083207936242534,False,5.0990195135927845,distal,0.5740585929517547,0.49083207936242546,0.6156718497464193,0.524122684798157,0.6500262527242701,0.49083207936242546,0.49083207936242534
GGTTAGTTACGGCGCC-1,0.8295554971696085,True,0.0,tumor,0.8087880138958554,0.43075293986512847,0.8273560720057962,0.5689609689944083,0.9291601768172312,0.6048041018781699,0.5082841697120245
GGTTCCACCCGCTTCT-1,0.5933312632861203,False,4.47213595499958,mid,0.8036792435304391,0.5077034064661552,0.588572145126233,0.5549889464786639,0.8473748742362511,0.5077034064661552,0.5232721077061487
GGTTCCCTAGTGTCTC-1,0.7282187243732137,False,3.1622776601683795,mid,0.6983085325753775,0.4852433942051062,0.8492796633784763,0.5713221497705698,0.855871077124344,0.4852433942051062,0.5005891672837
GGTTCCGTACGACTAA-1,0.4956529008527002,False,10.0,distal,0.4956529008527002,0.49565290085270025,0.6205971688123502,0.528971372308607,0.548261013677816,0.49565290085270025,0.4956529008527002
GGTTCGATGCTGAGTT-1,0.9322099346342784,True,0.0,tumor,0.7535111185420497,0.4545071739520828,0.699604302513515,0.5751769492281112,0.9041672899855392,0.5586393951215887,0.5363253477281231
GGTTCGCATTTGCCGT-1,0.44830853257537756,False,6.0,distal,0.7121254342454811,0.5622929399889773,0.7231162570361701,0.5176726299949841,0.8716256449517039,0.6113433279459027,0.5181805877341741
GGTTCGGATTATACTA-1,0.5847127013319958,False,1.4142135623730951,adjacent,0.8949265265934718,0.5437682290215311,0.7177799141726579,0.5382563302309165,0.9024659961222233,0.4899496553902172,0.5053263907134498
GGTTCTACTCGTCTGA-1,0.6737645400912413,False,13.038404810405298,distal,0.7216927678388972,0.517307894753138,0.720002229281614,0.5997027624514667,0.8214961412895221,0.46254806888480193,0.4625480688848019
GGTTGTATCGTGAAAT-1,0.7524900279456375,True,0.0,tumor,0.7137555964257185,0.45170818703672744,0.7244050604692638,0.5535975032045923,0.8977595719779301,0.45170818703672744,0.45170818703672744
GGTTGTGCTCTTGTCC-1,0.8155747167618091,True,0.0,tumor,0.8906258708131305,0.4383603633729031,0.8009460513849411,0.5115662561073027,0.8586151467952611,0.59950955804492,0.5074243039466247
GGTTGTGTAGCCTGGC-1,0.8746745646929562,True,0.0,tumor,0.7021493990228316,0.4476397480911776,0.7220155492392576,0.6215720150848055,0.8673372111100356,0.4476397480911776,0.4476397480911776
GGTTTAATTACCATCG-1,0.6923392329678905,False,1.4142135623730951,adjacent,0.7316827360716344,0.4756172323468762,0.7375160229616006,0.5104646194430512,0.7992458574961061,0.4756172323468762,0.4756172323468762
GGTTTAATTGAGCAGG-1,0.8041854762302848,True,0.0,tumor,0.6714131787698081,0.5662096639357967,0.6940171654684278,0.5933585985249585,0.793917581112118,0.5226395932799545,0.5551269496261974
GGTTTACAATCTCAAT-1,0.5671929363619715,False,2.0,adjacent,0.7783583198647569,0.48302959371342585,0.7135512456111018,0.5959389919931636,0.8548004352965679,0.4294711029370785,0.42947110293707846
GGTTTAGCCTTTCTTG-1,0.5409033367568731,False,17.029386365926403,distal,0.6455349347006262,0.635270950602835,0.6023936911330324,0.5692136209106615,0.7986577378071494,0.5251754011158793,0.540903336756873
GGTTTCAATCGGTCAG-1,0.540194743672423,False,11.313708498984761,distal,0.6392650801612514,0.4694867079083765,0.7256938639023575,0.5393152389975663,0.8268786830812193,0.5244818468359681,0.540194743672423
GGTTTGACAAGAAGCT-1,0.6809261072762158,False,1.4142135623730951,adjacent,0.6308077430381392,0.5136512536612854,0.7263556818815137,0.5605435731668802,0.8410008887793804,0.5683491550403438,0.5996050986855199
GGTTTGAGTGCTGGAA-1,0.6677016902731666,False,2.0,adjacent,0.9758819595385386,0.44947890542272756,0.7243493284289138,0.5839993312155157,0.9283007300897286,0.5038331258862941,0.519362903161599
GGTTTGCGAACACGTA-1,0.8803990414089059,True,0.0,tumor,0.69935350833194,0.4280778019283286,0.6835116758624533,0.5399227182373814,0.7428406327639865,0.48132047780935927,0.4965326709182252
GGTTTGTGACCTGAGG-1,0.6842700296972157,False,3.1622776601683795,mid,0.8908952423414886,0.52304210246026,0.7333918519757008,0.5694384068067398,0.8250908578920969,0.5779629320007182,0.538733768043248
GTAACAACTGACCTTG-1,0.7303484844865885,False,2.0,adjacent,0.6877612439391405,0.43356740790280335,0.7140389009641643,0.5454531943747793,0.8555293517190402,0.48712899490361455,0.5024323054752748
GTAACAGGTTAACGGC-1,0.5515919459239974,False,15.811388300841896,distal,0.5666230099017259,0.535786162353626,0.6097015549239257,0.5481209013728658,0.7469897365047796,0.4804659198573259,0.48046591985732595
GTAACATCAGCTCATC-1,0.778154632526811,True,0.0,tumor,0.8795584164669602,0.508427922990705,0.6964275762135652,0.543444983187501,0.8958470830143408,0.4984797537882306,0.5279416565154736
GTAACATCTAAGATAA-1,0.4707964108566015,False,9.486832980505138,distal,0.8055694885656431,0.6358654256999015,0.7267179401437888,0.5720559549685114,0.7711657089555523,0.5258194158043681,0.5415402743608729
GTAACTACGTAGACCT-1,0.6918177403046154,False,4.242640687119285,mid,0.7248555611287596,0.4719110516636014,0.7274633561834699,0.5400081740325847,0.8005379608526416,0.5269278641624404,0.4719110516636014
GTAACTGCCCAAGGAG-1,0.4914729978264504,False,5.0990195135927845,distal,0.49147299782645043,0.5469697251171921,0.49147299782645043,0.5247710342008955,0.7026915642223767,0.49147299782645043,0.4914729978264504
GTAACTTGCGGCAGTC-1,0.8794157689827312,True,0.0,tumor,0.8031172787902432,0.538430338045787,0.7139971019339018,0.5013022720095118,0.8591255349542559,0.5469666288927282,0.500163215261025
GTAAGCGGGCAGTCAG-1,0.6426421764157929,False,1.4142135623730951,adjacent,0.873023834735923,0.6341810795915461,0.8424037229002954,0.6662802578535735,0.9251020043001668,0.581644342888282,0.562169091010422
GTAAGGATTTGTCGGA-1,0.6668458053677916,False,1.4142135623730951,adjacent,0.7991928142822641,0.49765306185637226,0.7023978710360587,0.5814152222779543,0.9331640839265861,0.5574411562540638,0.5899753982850455
GTAAGTAACAGTCTGG-1,0.46394136989355184,False,12.083045973594572,distal,0.7172852923145516,0.5187724089245573,0.7315039291088447,0.5654609968604285,0.7403385574787998,0.5187724089245573,0.46394136989355184
GTAAGTAGGGTATACC-1,0.6284504104266685,False,1.4142135623730951,adjacent,0.7426851697040627,0.4156216909101042,0.7076575823440896,0.5174106894053391,0.8306669951923782,0.5206394322762823,0.5506445012380474
GTAAGTCCACACTCTA-1,0.5687972229520467,False,3.1622776601683795,mid,0.7142804064723477,0.6603070216178393,0.6932438834085717,0.6436827732263278,0.8605027030039569,0.5382507570268814,0.5687972229520465
GTAATAAAGGGCTCCC-1,0.5227187681626739,False,6.0,distal,0.7171320292035892,0.44585632279997767,0.7210472050381765,0.5517639190770774,0.844818533543355,0.5000897905094528,0.5155850669978743
GTAATCTGATTCTTCG-1,0.7515744301398873,True,0.0,tumor,0.8902589682141597,0.5126914240774799,0.72517834252912,0.5628304445559086,0.9057013877278046,0.45806163963662716,0.4580616396366271
GTACACTTACCTGAAG-1,0.6133868360920693,False,2.8284271247461903,mid,0.6385730739935722,0.4676196845566516,0.7316014601794572,0.5360419104943431,0.7914668379693591,0.5260299590679126,0.4676196845566515
GTACAGAGGCAAGGGT-1,0.6073438905741196,False,10.770329614269007,distal,0.5435313678500436,0.46143342807780185,0.7300479295547011,0.5329543554589534,0.795039555082322,0.516165387925963,0.46143342807780197
GTACGACGGCGCTGCG-1,0.6753290180810663,False,1.4142135623730951,adjacent,0.9820635716806926,0.5134004594797105,0.7276026862843448,0.5604376822902153,0.9004919085877209,0.5134004594797105,0.45864682606030194
GTACGAGATTGCGACA-1,0.7470641157315626,False,2.8284271247461903,mid,0.8792286685615559,0.4956157461591335,0.7194031098478516,0.5761021010979213,0.8963032057656262,0.4415092236526779,0.441509223652678
GTACGCTTCATTGCAC-1,0.6101583586117945,False,7.0710678118654755,distal,0.6345232123948058,0.4639692359137268,0.7317268572702447,0.5656114733693732,0.7945277002906865,0.4639692359137268,0.4639692359137268
GTACGTCACGTATTAA-1,0.718983129115214,False,2.0,adjacent,0.672890077839083,0.47558007765330956,0.7091902134537145,0.5668171431756117,0.8338979869000372,0.5286834234334652,0.559028192450697
GTACGTTTGCCCGTCA-1,0.6909379702390905,False,7.615773105863909,distal,0.7275214103921678,0.5300612433198957,0.7366521763361756,0.6091289082093296,0.8009588844205482,0.4749484478626763,0.47494844786267626
GTACTAAGATTTGGAG-1,0.7084497734890646,False,1.4142135623730951,adjacent,0.8994779765553885,0.4225881959538539,0.7106949785431645,0.5628044362704119,0.905865650583573,0.6498015320118649,0.5686539119911466
GTACTACGGCCTCGTT-1,0.49966560775790014,False,12.0,distal,0.4996656077579001,0.49966560775790003,0.49966560775790003,0.49966560775790014,0.4996656077578999,0.49966560775790003,0.49966560775790014
GTACTCCCTTATCGCT-1,0.6839316565950908,False,2.8284271247461903,mid,0.8942530977725761,0.4536030764086273,0.7259794906091512,0.588058481487674,0.8995297975753629,0.4536030764086273,0.45360307640862724
GTACTCCTGGGTATGC-1,0.5222569883997739,False,1.4142135623730951,adjacent,0.8707620427650523,0.4996036832686223,0.7203853870590202,0.5832060785078675,0.8908678651988607,0.4996036832686223,0.5150954212147992
GTACTGAGGTCGTAAC-1,0.8317489510433835,True,0.0,tumor,0.8855078117743224,0.4341804603466533,0.8364961266231957,0.5722658789871631,0.9285515242713036,0.48778229826549513,0.5030971090994498
GTACTGCATGAAGCGT-1,0.8887389431612805,True,0.0,tumor,0.8741942075832729,0.483942979930273,0.7136000111464081,0.5367887198350332,0.8738373269740144,0.6531609355551841,0.5680528021273716
GTACTGGAGTTAGACC-1,0.5596691109147219,False,6.324555320336759,distal,0.7040164223745564,0.4759825868336151,0.7105695814523769,0.5311207713314384,0.9154207622383159,0.5292376476125012,0.4911983184847254
GTACTTGGGCACTTCT-1,0.816952094330459,True,0.0,tumor,0.8679197087072025,0.4580678320855549,0.8170735105612217,0.5134945847034126,0.902413197347155,0.4670871339488628,0.48457018654310086
GTAGAAACGGGTGGAG-1,0.7403444240093631,False,2.0,adjacent,0.8889213992457597,0.4339575321852533,0.7159895223764142,0.5399412955841646,0.8999169885925312,0.5948094893087369,0.5028940852381748
GTAGACAACCGATGAA-1,0.8286717462440586,True,0.0,tumor,0.9788822010440469,0.5066135354548664,0.5890110349439893,0.5924613126753236,0.9013689549069127,0.5115241474545938,0.4522376414200524
GTAGACACGCCTGACT-1,0.5564764611746722,False,11.40175425099138,distal,0.5683553474892716,0.4852031432870757,0.7422811124115254,0.48520314328707576,0.5902375064898494,0.4852031432870757,0.48520314328707576
GTAGACGTCGTTACAT-1,0.6844531492583658,False,1.4142135623730951,adjacent,0.8975273551431385,0.45418826283230224,0.7260770216797637,0.5233164279477605,0.8823247300662624,0.45418826283230224,0.45418826283230235
GTAGAGGGAGACAAGT-1,0.8326366828289583,True,0.0,tumor,0.78294692452024,0.5492578349960059,0.7086259265451709,0.6132029203589142,0.924634148487755,0.4894852217206338,0.4359917516580282
GTAGCCAAACATGGGA-1,0.4760073566293262,False,5.0990195135927845,distal,0.6454884913336677,0.47600735662932625,0.7368890375076631,0.5440413160192461,0.8255880463573245,0.47600735662932625,0.4760073566293262
GTAGCGCTGTTGTAGT-1,0.7413356581555879,False,1.4142135623730951,adjacent,0.9657480168682309,0.4449088781140278,0.5818564342640584,0.5177265043006557,0.9565906070979153,0.6129688457894443,0.5145460625313492
GTAGCGGCTATACACT-1,0.5939164497097954,False,7.0710678118654755,distal,0.6183702093666983,0.5015202462117694,0.7226564677032826,0.5166192944323692,0.8644567446035252,0.5558466006551611,0.5868902317656707
GTAGCTAGTAAGCGCG-1,0.7504956170731125,False,1.4142135623730951,adjacent,0.7969263779746977,0.44320905088335283,0.720698879785989,0.5493823032194541,0.896945590862292,0.5514902128344698,0.5128183692804995
GTAGCTCCGGGAGGCT-1,0.5327385928455983,False,3.1622776601683795,mid,0.6340402013784391,0.5758079597738518,0.7305355849077634,0.5638484831596352,0.8465711595490985,0.4622972747032269,0.46229727470322685
GTAGCTTCCTCTTGTT-1,0.46845566516190157,False,10.295630140987,distal,0.5568652585037804,0.46845566516190157,0.7340467034498133,0.5015363465789815,0.8477459322943708,0.46845566516190157,0.46845566516190157
GTAGGTGATCCGTGTA-1,0.8116097801769094,True,0.0,tumor,0.849096212078991,0.4870949364345118,0.7158153597503205,0.5716008099723199,0.8347295676073648,0.5406781970065703,0.5712972030477464
GTAGTCGCGGGAATCA-1,0.5499000804133726,False,4.47213595499958,mid,0.6411785468799346,0.4755893663267013,0.736366549629382,0.5418250385479946,0.7728728693494311,0.5333865883941122,0.5499000804133726
GTAGTCTACGATATTG-1,0.46179568634007684,False,7.0710678118654755,distal,0.626195916699177,0.5713958399128103,0.7287173270913447,0.5633784762860168,0.76670274582963,0.5165957631264436,0.46179568634007684
GTAGTGAGCAACCTCA-1,0.5348802955390483,False,2.0,adjacent,0.8058945921343513,0.6326174862372823,0.7214164298054953,0.6032343160749781,0.9343535229982664,0.5192089765739657,0.5348802955390483
GTAGTTAGACAATATA-1,0.843305387695958,True,0.0,tumor,0.8129121848817552,0.6189971948206358,0.7686911330323802,0.5788589793605676,0.9047084774299904,0.48776991336763953,0.47166821920207636
GTAGTTCGAAGGCGAA-1,0.5487655353062477,False,1.4142135623730951,adjacent,0.564700254509651,0.47776291590035114,0.6081689238143009,0.5125062698545395,0.8002827667731442,0.47776291590035114,0.47776291590035125
GTAGTTTAAGCACACG-1,0.5412417098589979,False,4.0,mid,0.6457160638317635,0.47048988463467656,0.7336078136320571,0.573597874751528,0.8242651437153325,0.47048988463467656,0.47048988463467645
GTATAATCTCCCGGAT-1,0.9063622104919548,True,0.0,tumor,0.9812275910754428,0.5047496083276054,0.7048570473165022,0.5828048078173474,0.932712361073223,0.4991609231702862,0.4450203421947277
GTATAGGACTCAGTAG-1,0.7338436795885382,False,1.4142135623730951,adjacent,0.8747468836500771,0.49194981639388924,0.7180446413643203,0.572421928700143,0.8392497294062777,0.5457900635964505,0.5765559191407712
GTATAGTGGCCCATGT-1,0.5917787278763704,False,4.47213595499958,mid,0.8725547567296439,0.5050561345495304,0.7212074346541827,0.5187278232922775,0.9057644529313587,0.4995046040857778,0.4453268684166528
GTATATGTTACGGCGG-1,0.8266375267712837,True,0.0,tumor,0.7986029835218934,0.4553865016998272,0.5912054840327704,0.5926879563060804,0.7590249239550976,0.5645407989497607,0.5255571213604988
GTATCAAACGTTAGCT-1,0.5345658075970733,False,8.94427190999916,distal,0.7292444593063219,0.5775759039427322,0.719584238978989,0.6033420646863213,0.8227310459730667,0.5737861251989324,0.6051623792804197
GTATCAAGGTACTTCC-1,0.45017555592710246,False,15.811388300841896,distal,0.6228519942781771,0.45017555592710257,0.7102073231901019,0.519378030429694,0.814372706553208,0.5046907800627914,0.5202665583872739
GTATCAGCTTGGGTTC-1,0.722741060978814,False,1.4142135623730951,adjacent,0.975710119080793,0.48902388427551446,0.7171041631834141,0.5051645024057664,0.8976466412645895,0.5491866218333364,0.5043590417273748
GTATCCTTTGGTAACC-1,0.6069020151113447,False,7.0710678118654755,distal,0.7209032306006056,0.5157133391542352,0.7300339965446134,0.5978022998755318,0.8792389349900415,0.5157133391542352,0.4609875717550019
GTATCGGGACGAGCTG-1,0.6053176328213947,False,1.4142135623730951,adjacent,0.8891861264374223,0.5129236409122716,0.7041603968121273,0.5297479054041502,0.8213538779233654,0.567562714026516,0.5285348046591986
GTATCTCAGTCTTGAC-1,0.8148621428173343,True,0.0,tumor,0.9047167883482882,0.45126233071392746,0.7246976536811013,0.4877965408980289,0.9588521546300125,0.45126233071392746,0.4512623307139275
GTATCTCCCTAACTGT-1,0.820924992635409,True,0.0,tumor,0.8942112987423135,0.4642200300953017,0.7306679485035947,0.5327277118281966,0.9054579267094336,0.4642200300953017,0.4642200300953018
GTATCTCGGGCGCTTT-1,0.542607144847573,False,3.1622776601683795,mid,0.6378392687956307,0.521732399512035,0.7287800256367385,0.5702167976369614,0.8239454177996403,0.46695090007245166,0.46695090007245177
GTATCTTGTTGCTCAC-1,0.8081424510951346,True,0.0,tumor,0.875777926396552,0.45014768990692755,0.7209566404726078,0.6173419532222408,0.8493768277909285,0.45014768990692755,0.4501476899069275
GTATCTTTCATAACCA-1,0.6171447679556691,False,5.0990195135927845,distal,0.7291515725724053,0.4715766594215014,0.7275539207490387,0.539508443404113,0.7996271819827113,0.4715766594215014,0.4715766594215013
GTATGAAATTTCACTC-1,0.6768059171503411,False,1.4142135623730951,adjacent,0.8777146147987144,0.4527670958033774,0.7253803711753888,0.48922142339631053,0.8419967323424763,0.5071863369806857,0.4527670958033774
GTATGACGTGGGAAAC-1,0.7479120389168877,False,1.4142135623730951,adjacent,0.8068048821267345,0.4537145404893273,0.8485342473387951,0.555507254453919,0.9018118779644312,0.5674667310681356,0.5299201439478984
GTATGTGGGTCTAGTT-1,0.5076830598482495,False,14.7648230602334,distal,0.6001504765089449,0.6001504765089449,0.7187412918686953,0.5727748982890264,0.8291871628578218,0.5462111501235394,0.5076830598482495
GTATTAAGGCGTCTAA-1,0.6034506094696699,False,1.4142135623730951,adjacent,0.8982518716676884,0.45739285515242717,0.714853982054283,0.5263073807798772,0.896847326475359,0.5119792924507856,0.4573928551524271
GTATTAGGGTTCGCGT-1,0.7374503387711882,False,1.4142135623730951,adjacent,0.6862007468093408,0.556741409525225,0.7163935796689518,0.6131044604209628,0.8327701463992702,0.4967954076798752,0.44267959650002797
GTATTCTGAGAAACGA-1,0.8179871179369591,True,0.0,tumor,0.9834615170261382,0.5010496200932583,0.717166861728808,0.6190696464730908,0.9551635735384272,0.49521014075436415,0.441369893551803
GTATTCTTACCGTGCT-1,0.7548029076201624,True,0.0,tumor,0.8979035464155009,0.5079046610563079,0.7197653681101266,0.5912073417674487,0.8476975334172246,0.45349161232792734,0.45349161232792745
GTATTTAATGGCATAA-1,0.6148916011815192,False,12.165525060596439,distal,0.5601673818945178,0.5284852650677764,0.7348687510449757,0.5758252986308495,0.7697152092738115,0.4734994148135763,0.4734994148135763
GTCAAAGAAGTGGTGT-1,0.7369606929881132,False,1.4142135623730951,adjacent,0.9895688197811588,0.5037742976214804,0.5869141169258206,0.5837113823403741,0.9056823215034744,0.5037742976214804,0.519247458220874
GTCAAAGTTTACATAG-1,0.5997603522264949,False,2.8284271247461903,mid,0.8959297033197718,0.5079356233009469,0.7124435713091456,0.558150810901187,0.9027607892830221,0.45343588028757725,0.4534358802875773
GTCAACCAGGCCTATA-1,0.9696658466095015,True,0.0,tumor,0.6630998160842668,0.46308061949259066,0.8434556651619016,0.628787456575452,0.7882798452409238,0.5765231876250101,0.5565162697749222
GTCAAGCGGACTCGGG-1,0.4630217912277769,False,9.899494936611665,distal,0.5452822827843729,0.46302179122777687,0.7311207713314385,0.5317059577551134,0.7913421741948921,0.5727024466365713,0.4630217912277769
GTCAATGCTATAATTT-1,0.6453332377926928,False,2.0,adjacent,0.6941936502628695,0.5688197811588549,0.6946998829627153,0.6202325883817272,0.8513787813456061,0.5163976047607548,0.4789531930478261
GTCAATTGTACTGAAG-1,0.5876346525903456,False,3.1622776601683795,mid,0.8007440227386725,0.44114696539040293,0.7004890486540712,0.47840011889501943,0.8925544927357686,0.5011084483580722,0.5182403006345491
GTCACAAAGTTTCCAA-1,0.8208453754349091,True,0.0,tumor,0.8979546341191552,0.5115643983726244,0.7248300172769324,0.5259469802522803,0.9057805858904073,0.5660703338349217,0.5271375227904236
GTCACCTGTCTATGTC-1,0.5907198191097205,False,2.0,adjacent,0.7970146203719185,0.49843331042127237,0.7214303628155827,0.553004885842204,0.9034207739713772,0.49843331042127237,0.5138932014872493
GTCACTCATGAGCGAT-1,0.8183852039394591,True,0.0,tumor,0.7925514128072227,0.5477004340906699,0.713711475227108,0.5799401809433579,0.9145055834704635,0.49411717351861145,0.5113056424709994
GTCACTCTCCAAATCT-1,0.43298222147912835,False,1.4142135623730951,adjacent,0.782528934217615,0.43298222147912835,0.6953408014267403,0.5352319381745899,0.9220807410601407,0.43298222147912835,0.43298222147912835
GTCAGAATAGTCTATG-1,0.6618020557161168,False,2.0,adjacent,0.9655065113600476,0.43797023909045313,0.7183093685559829,0.5723178955581564,0.9251034709328076,0.5994909806981368,0.6456397640146178
GTCAGACAGCGTTGGA-1,0.8179393476166591,True,0.0,tumor,0.7146240873878393,0.460597447472552,0.8414632447193892,0.5293856471418752,0.8486963102456023,0.5153541771164243,0.5309989570146734
GTCAGTTGTGCTCGTT-1,0.6632869165054418,False,2.8284271247461903,mid,0.9820960820375634,0.4933988494429891,0.6997296996043025,0.5415370896728529,0.9581613706562009,0.5473505607262504,0.5088136240953495
GTCAGTTTGGTAGTCG-1,0.9030103263509047,True,0.0,tumor,0.8701536346578983,0.4633623759188046,0.8354999164019394,0.5899329357781121,0.9078588043424058,0.5238966604122932,0.47826848512352615
GTCATCCCAAACTCAC-1,0.6267028128756936,False,7.0710678118654755,distal,0.7335172490664883,0.5396688278313424,0.7418631221089004,0.5175147225473257,0.7230850910925534,0.4842835646213008,0.4842835646213008
GTCATCTCCTACAGCT-1,0.8868838623896307,True,0.0,tumor,0.8873934124728305,0.4306693418046035,0.713404949005183,0.5732671979787847,0.9548203815004825,0.6517800194442896,0.637228206781793
GTCATGCACCTCCGTT-1,0.740169266168263,False,2.0,adjacent,0.71805625220606,0.5525057744586251,0.7219249846736889,0.5830091586319643,0.8942601864970067,0.4444351557710528,0.4444351557710528
GTCATGCGCGAGGGCT-1,0.6566667462838671,False,1.4142135623730951,adjacent,0.9771916624867636,0.5458519880857282,0.7168812350220142,0.6490237604265359,0.9603891856375599,0.5520444370135057,0.5845335626308706
GTCATGGACATGACTA-1,0.6015079497774699,False,1.4142135623730951,adjacent,0.9780322874287094,0.5088552019667217,0.7264741124672575,0.6249623808727638,0.9636935089772584,0.4543833249735273,0.45438332497352724
GTCATTAGAGCGAACG-1,0.5264846617463237,False,5.0990195135927845,distal,0.8834968139850267,0.618297448091797,0.7239452711363763,0.6201935759534822,0.9233420451312196,0.5041891916996415,0.519741084863974
GTCATTGCATTGACCC-1,0.8961552853878553,True,0.0,tumor,0.8462678110312286,0.5301850922984513,0.8242211447361087,0.5986587155622435,0.8784850858126759,0.47982500139330103,0.41681992977762927
GTCCAATATTTAGCCT-1,0.5522766538482974,False,12.165525060596439,distal,0.8131304687064594,0.481134704341526,0.6102031432870757,0.5156941425625593,0.7755890730001731,0.481134704341526,0.48113470434152594
GTCCACGTCGCATTCG-1,0.4682606030206765,False,5.830951894845301,distal,0.8969514573928552,0.5231938174589905,0.59939809396422,0.5715543666053615,0.8565383949759033,0.46826060302067657,0.4682606030206765
GTCCAGGCACGTGTGC-1,0.6195531882707941,False,4.242640687119285,mid,0.7306377603150717,0.47419606531795133,0.7355654015493507,0.5754054505935462,0.8471270133199578,0.47419606531795133,0.4741960653179512
GTCCATTACTGCTACG-1,0.481218302402051,False,12.165525060596439,distal,0.7363456501142508,0.647011833769901,0.6055634509279385,0.5819038064983559,0.6960653179512901,0.536482812858001,0.5522726729882724
GTCCCAACGTAAAGTA-1,0.5215245101551739,False,3.1622776601683795,mid,0.6991259358338442,0.5529268609857141,0.7179680098088391,0.5465232495494994,0.918123766195291,0.4987088743985585,0.4444908878114027
GTCCCAATCATCCCGC-1,0.6730241001265914,False,1.4142135623730951,adjacent,0.863256794664586,0.4930211100583948,0.8543791450705011,0.5732337587545747,0.8734970682013511,0.6067702044127391,0.5854451795765957
GTCCCGCGACGTTATG-1,0.6073797183143446,False,1.4142135623730951,adjacent,0.8209886863958089,0.576024695486324,0.5995861896004012,0.6334838098422783,0.9032521112176864,0.5211534055372877,0.4662821155882516
GTCCGAGAGCAATCAT-1,0.8166256638084092,True,0.0,tumor,0.9773681472812052,0.4295547009976035,0.8517249066488324,0.5358171245982649,0.9316446525107284,0.5363992147974759,0.49824045986895005
GTCCGGACCTGAAATT-1,0.7381509701355881,False,4.242640687119285,mid,0.8032798305745973,0.5045824122065553,0.72484395028702,0.5520890226457857,0.8790218733592048,0.5045824122065553,0.45017555592710246
GTCCGGCTGAATTGCG-1,0.8267728760121338,True,0.0,tumor,0.8632242843077154,0.40517193334447976,0.7005099481692024,0.6212692043322374,0.8882851251184306,0.5701170992092244,0.5504096304965724
GTCCGGGTTCACATTA-1,0.5651666786092469,False,14.7648230602334,distal,0.4937580114808003,0.4937580114808003,0.6187231789555816,0.4937580114808002,0.5467063830785792,0.4937580114808003,0.49375801148080034
GTCCGTTAGAGGGCCT-1,0.5628020477543968,False,14.7648230602334,distal,0.4914451318062754,0.4914451318062754,0.616319734715488,0.5253153504616471,0.6496317285438977,0.4914451318062754,0.4914451318062754
GTCCTACAGGCGGCTC-1,0.60056050509152,False,1.4142135623730951,adjacent,0.9635280239276227,0.44541046647717775,0.7214791283508889,0.5833026807111408,0.9548702470102693,0.44541046647717775,0.4454104664771777
GTCCTACGAATAGTCT-1,0.4658362592654517,False,7.0710678118654755,distal,0.5545941778595181,0.46583625926545164,0.5992378643482138,0.5694012521131732,0.8524758225609166,0.5207323190101989,0.5364169075086982
GTCCTACTCTACGGGC-1,0.5985382281988201,False,1.4142135623730951,adjacent,0.8769436549072062,0.5068829069832247,0.7258958925486262,0.5216073120436939,0.9271963557112141,0.5068829069832247,0.5224162228007739
GTCCTAGGATACCTTA-1,0.8974012945756801,True,0.0,tumor,0.8657833138271193,0.5084465003374884,0.7078805105054895,0.6218190937970239,0.8386894757374961,0.557459733600847,0.44911664716045246
GTCCTATTGTTGTGGT-1,0.8136201144895343,True,0.0,tumor,0.8119879618792845,0.44136989355180295,0.7204689851195453,0.5836370729532409,0.9291059114095219,0.5565308662616805,0.5107443412074745
GTCCTTCTACAACCCA-1,0.6094895741275945,False,3.1622776601683795,mid,0.7282273495699343,0.5723525732721519,0.853320236303851,0.5342157573055417,0.7399865656450103,0.46282672908655187,0.4628267290865518
GTCCTTCTAGTGGGTT-1,0.8868201686292307,True,0.0,tumor,0.8697913763956232,0.6493618681379926,0.7140806999944268,0.7479908599453824,0.975917892038238,0.5357954510270178,0.49772294806570005
GTCCTTTAATGACTTC-1,0.721745845972564,False,1.4142135623730951,adjacent,0.7598738598153411,0.5829942967545375,0.7048779468316335,0.5977911534674617,0.7903785965498933,0.5187662164756296,0.4810829531612009
GTCGAATTTGGGCGCT-1,0.5219345387377491,False,1.4142135623730951,adjacent,0.7963086811941519,0.5508059472279503,0.5813757454160398,0.5770458303145145,0.8404905006203855,0.4967427718639891,0.5121893933965495
GTCGATAGGTGACTTT-1,0.5383356820407481,False,13.341664064126334,distal,0.7205270393282431,0.5226643630756656,0.7241333667725576,0.5359898939233498,0.8232033016834008,0.5226643630756656,0.4678147466978766
GTCGCCGTTGTGTGTT-1,0.5461819571500228,False,1.4142135623730951,adjacent,0.5579984766575637,0.4752828401047762,0.7353842724182132,0.5101822437719444,0.7190415849018968,0.4752828401047762,0.4752828401047763
GTCGCGTAACCCGTTG-1,0.5416159107013478,False,8.602325267042627,distal,0.5580309870144345,0.4708800089171265,0.7346249233684445,0.5717605751546564,0.7150890099349695,0.4708800089171265,0.4708800089171264
GTCGGAAGGATACCAG-1,0.7277051934299887,False,1.4142135623730951,adjacent,0.8644085901651527,0.6060952274796114,0.7087095246056958,0.5657749540210667,0.8501350768662167,0.5387368642677121,0.5004697414829501
GTCGGATATCTCAGAC-1,0.7458459725639128,False,1.4142135623730951,adjacent,0.8110312285199427,0.44070110906760296,0.7196260380092516,0.5833361199353508,0.9279282053989681,0.44070110906760296,0.44070110906760285
GTCGGATGTAGCGCGC-1,0.959395227745002,True,0.0,tumor,0.682071931486745,0.4646070581532879,0.6992281112411525,0.5448791543591746,0.8739135918713351,0.4646070581532879,0.479558283771626
GTCGGGAACATGGTAG-1,0.8058932651810098,True,0.0,tumor,0.7086375373869104,0.537792515806226,0.7150142116702892,0.5743316799494697,0.9468037674859274,0.4307808058853035,0.43078080588530343
GTCGGGAAGCAGAAAC-1,0.4754221702056513,False,8.0,distal,0.645400248936447,0.47542217020565125,0.605493785877501,0.5085251444388713,0.6915348897238917,0.47542217020565125,0.4754221702056513
GTCGGGTGAAGTACCG-1,0.6111495927580195,False,5.830951894845301,distal,0.7232161102751306,0.5751175017184047,0.7304728863623697,0.5690129855654017,0.8230698381130892,0.46536253692247675,0.46536253692247687
GTCGTACCATCTCGGG-1,0.6157395243668443,False,3.1622776601683795,mid,0.639357966895168,0.4740288691969013,0.7290795853536198,0.5421371379739546,0.8252859200333219,0.4740288691969013,0.4740288691969013
GTCGTACCTACGATTG-1,0.7458141256837127,False,2.0,adjacent,0.89887421278493,0.43261996321685336,0.694010198963384,0.5702446636571366,0.9625656684764913,0.48588740889359516,0.50110667908695
GTCGTATTGGCGTACA-1,0.741168462034538,False,3.1622776601683795,mid,0.6194987831837856,0.4463579111631277,0.5842180794738895,0.5523769715209274,0.8857933162617295,0.500640918464025,0.4463579111631276
GTCGTCAATTATAAGG-1,0.6735575353699413,False,1.4142135623730951,adjacent,0.8924836054914637,0.4469430975868026,0.7189711865351391,0.5519831317691207,0.9062880407841205,0.5010712936645055,0.4469430975868027
GTCGTCTGGTTGGCTA-1,0.599043797421995,False,5.656854249492381,distal,0.6366781846216722,0.5131434728492077,0.7166165078303517,0.5633023091642052,0.8755576870616602,0.4584796299392521,0.458479629939252
GTCGTGTCTGGTCATC-1,0.5574358484406972,False,3.1622776601683795,mid,0.5692981478385257,0.48626205205372564,0.614424845343588,0.5204387969310224,0.6990719148649083,0.596976846433459,0.557435848440697
GTCGTTATTCGCTTAT-1,0.6089999283445195,False,5.0990195135927845,distal,0.8067491500863847,0.51135385510908,0.7277350498801761,0.5584907763473221,0.9246165488960655,0.45661260658752717,0.45661260658752717
GTCTAAGATGCCCAGC-1,0.6415155930287179,False,2.0,adjacent,0.5977586431105909,0.47579371714131785,0.6864933400211781,0.5294896802838618,0.8379502928865383,0.4224767318731539,0.4224767318731538
GTCTACTCAATTACAA-1,0.9020111304846299,True,0.0,tumor,0.9884309572906798,0.4930180138339309,0.7175709190213454,0.6148340114064911,0.9384131621479714,0.5468396836897088,0.43919634397815305
GTCTAGTGAGCCGCTT-1,0.5472886362369727,False,7.0710678118654755,distal,0.8133162421742927,0.6379925319065931,0.735558435044307,0.6400527596648645,0.7676721900051919,0.4728027643092013,0.4728027643092014
GTCTATACACGCATGG-1,0.49481692024745033,False,11.40175425099138,distal,0.49481692024745033,0.4948169202474502,0.4948169202474503,0.4948169202474501,0.6005626002810068,0.4948169202474502,0.49481692024745033
GTCTATCTGAGTTTCT-1,0.7290467432584135,False,2.0,adjacent,0.9730767801742556,0.574272232439763,0.7067728362035335,0.5596537182559587,0.9566360727097798,0.4163740734548292,0.4163740734548292
GTCTATTGCATGCTCG-1,0.7552049744826873,True,0.0,tumor,0.6233721599881105,0.45106726857270246,0.7241681992977763,0.6311765033717883,0.6969027651891809,0.5055019908723303,0.5210547686722239
GTCTATTGGTTCCGGT-1,0.6613084290730169,False,8.48528137423857,distal,0.8978292370283677,0.6113619052926861,0.7209566404726078,0.6213658065355108,0.9170061921230094,0.4970523943103779,0.5125476707987995
GTCTCAAGGCCCGGCT-1,0.481998550966951,False,9.055385138137417,distal,0.6479778558026345,0.5373249859121787,0.6114431811848631,0.5151944119340877,0.7209526072328456,0.4819985509669509,0.481998550966951
GTCTCCCGAGTCCCGT-1,0.460179457169927,False,5.830951894845301,distal,0.8037163982240055,0.46017945716992703,0.5947305355849077,0.5973898827769417,0.849346028505472,0.46017945716992703,0.460179457169927
GTCTCCGCCTCAATAC-1,0.48943877835367555,False,20.396078054371138,distal,0.5726467145962214,0.5449107358487061,0.6142506827174943,0.5227219528506939,0.6756145924081229,0.48943877835367555,0.48943877835367555
GTCTCCTGCCAGTATG-1,0.7630711538920868,True,0.0,tumor,0.7923749280127813,0.5654603776155356,0.7270453658808449,0.6586375373869103,0.7869804087211842,0.5153665620142798,0.5322409853424734
GTCTCGACTAAGTTTG-1,0.7133860399200643,False,1.4142135623730951,adjacent,0.6655009381560125,0.5446878076873061,0.7722161845845177,0.6004514295268348,0.8589686052616913,0.4936032002576059,0.5227944045031488
GTCTCGATCTGCTTTC-1,0.6565751865032922,False,3.1622776601683795,mid,0.902547883111334,0.5013127991726888,0.7192010812015828,0.5203124709728957,0.8744063804386406,0.44697096360697763,0.44697096360697763
GTCTCGCCAACACGCC-1,0.6091512010254695,False,2.0,adjacent,0.81851325493693,0.5172181042436852,0.7178983447584016,0.49812183024020495,0.9315449214911549,0.5172181042436852,0.46240873878392685
GTCTGCCGACTCGACG-1,0.46488881457950176,False,10.198039027185569,distal,0.6351594865221349,0.5746871265179241,0.7321448475728697,0.5690501402589682,0.8237650219848233,0.5784025958745906,0.6108351048160444
GTCTGGGCGGTCGAGA-1,0.6704325602503164,False,1.4142135623730951,adjacent,0.8034052276653849,0.5017927139645916,0.7215000278660202,0.585143695777369,0.9559966208783955,0.5017927139645916,0.5172809133685242
GTCTGTAGGTTGAACA-1,0.4880176113247506,False,6.324555320336759,distal,0.5711651711902506,0.5434493179017506,0.6156648832413755,0.5212766352709507,0.700661744647524,0.4880176113247506,0.4880176113247506
GTCTTACCACGCCAAG-1,0.4569191328094523,False,7.0710678118654755,distal,0.8064844228947221,0.5707239592041465,0.7279997770718387,0.5258689553957905,0.8462631666945327,0.4569191328094522,0.4569191328094523
GTCTTAGTACAGCCGG-1,0.7238517209257889,False,1.4142135623730951,adjacent,0.9494045960355941,0.5946515818610786,0.7131402218135205,0.6406119378030429,0.948125203495279,0.5342194727748982,0.4961624509359002
GTCTTCCTCACCTAAG-1,0.8067013797660846,True,0.0,tumor,0.8875141652269224,0.4949469616749336,0.719277712757064,0.5429935536606662,0.9037155671321758,0.5489420201006892,0.5797963392011211
GTCTTGAGGAGCAGTG-1,0.4675639525163016,False,2.8284271247461903,mid,0.8094335766965761,0.6912909398279737,0.600484868751045,0.6019599100856416,0.8711445894455248,0.4675639525163017,0.4675639525163016
GTCTTGTAGCTATTCA-1,0.5448324456015478,False,7.211102550927978,distal,0.6486373516134426,0.5841832469486709,0.7280764086273198,0.5419829459956528,0.8510795882868851,0.4740010031767263,0.4740010031767263
GTGAAACGGCGCCACC-1,0.43808170317115314,False,6.324555320336759,distal,0.6997622099611734,0.4380817031711531,0.5783801482472274,0.5116368500250793,0.8389813356330134,0.49198697108745587,0.5073884762063996
GTGAAACGTGCTCCAC-1,0.8208055668346591,True,0.0,tumor,0.888888888888889,0.43498857493172827,0.8516761411135261,0.5368890375076633,0.948229334412775,0.5956268925672036,0.5726785614764214
GTGAACTCCCATTCGA-1,0.518988702319249,False,5.0990195135927845,distal,0.6925263333890653,0.5481277130666865,0.7194518753831578,0.5458098794330193,0.8083815122155833,0.5481277130666865,0.5095023128796745
GTGAAGATTTCAAGTG-1,0.8621667024944069,True,0.0,tumor,0.7938053837150978,0.6070086136964585,0.6452516301621802,0.6275149083207936,0.8567657230352256,0.4276257531566008,0.44198692685567786
GTGAAGCCGTATAGTC-1,0.8740694739691561,True,0.0,tumor,0.8288794144420293,0.560385665719222,0.6989285515242714,0.5457095617603893,0.8995752631872274,0.45631536903899383,0.4711825542790264
GTGAAGTCACGACTCG-1,0.8072666618896347,True,0.0,tumor,0.9906741719147671,0.4340411302457783,0.8151089561388841,0.6041780452915714,0.8757806152230602,0.5412014589409674,0.5029299129783998
GTGACAGCTTCCCACT-1,0.5489207888472226,False,8.94427190999916,distal,0.47784651396087613,0.4778465139608762,0.7326952014713259,0.5441825038547995,0.583730057462667,0.4778465139608762,0.47784651396087613
GTGACCGCACACTACG-1,0.580206367783696,False,16.1245154965971,distal,0.802453138642739,0.5489358276517614,0.8368026528451207,0.5029760909546899,0.8371539113625897,0.5944658083932453,0.5713967245483714
GTGACCTAAAGAATAA-1,0.4492838432815026,False,4.47213595499958,mid,0.7930994445373313,0.4492838432815025,0.7226007356629327,0.5837373906258708,0.8971831853500999,0.5036349675206053,0.4492838432815026
GTGACGAGGGTGACCC-1,0.5348524295188731,False,5.0990195135927845,distal,0.7117167326162477,0.5137503328441299,0.7287033940812573,0.5933121551580004,0.8742083850321338,0.4590090843225771,0.459009084322577
GTGACGCAGGTTTCAT-1,0.4872373627598506,False,9.486832980505138,distal,0.4872373627598506,0.4872373627598507,0.740149361868138,0.5205019599100857,0.5929522435079507,0.4872373627598507,0.4872373627598506
GTGACTTCAGTAGTGC-1,0.7328444837222633,False,1.4142135623730951,adjacent,0.7935313678500436,0.4913893997659254,0.7185183637072954,0.5431793271284995,0.8638128928742187,0.5450314886027977,0.4377473109290531
GTGAGATAACCTTATA-1,0.4853424733879507,False,2.0,adjacent,0.6516097270987757,0.5423439657681423,0.738533132697988,0.5518493748722807,0.6985629933385544,0.4853424733879507,0.4853424733879507
GTGAGCGTGCTGCACT-1,0.8278994593992085,True,0.0,tumor,0.8917312229467388,0.6258088886411909,0.8231204369391963,0.6973322930019135,0.9504468829656486,0.5288072724120209,0.4935868344997254
GTGAGGACACTTAAGG-1,0.4860112578721507,False,10.0,distal,0.5691448847275632,0.4860112578721507,0.7388396589199131,0.5192647086143157,0.7499816670919902,0.4860112578721507,0.4860112578721507
GTGAGGAGCGGTTGAG-1,0.7326056321207634,False,1.4142135623730951,adjacent,0.7178565457281391,0.6129750382383722,0.7220643147745639,0.5793531367850043,0.8087437704778582,0.4451039402552527,0.44510394025525274
GTGAGTCGACTAATAG-1,0.5309034163740736,False,4.0,mid,0.8026853554775307,0.5152612903825076,0.7291910494343198,0.5980438053837152,0.8749299682914023,0.46051384941202694,0.46051384941202705
GTGAGTCTAAGACGGA-1,0.9724683720671015,True,0.0,tumor,0.8642785487376692,0.45983577625443534,0.8153458173103718,0.5530104590462391,0.9238744327798261,0.511963811328466,0.5417512599421979
GTGAGTGGTACAACGC-1,0.46873432536365156,False,7.615773105863909,distal,0.5562289843764513,0.5237511378624905,0.7251504765089449,0.5370079325270766,0.7451887116218904,0.4687343253636516,0.46873432536365156
GTGATCAAGCGTGCAC-1,0.8248580823401088,True,0.0,tumor,0.7996851139720226,0.5094992166552107,0.7231510895613888,0.5921566441880771,0.8493225623832195,0.45502424343755227,0.45502424343755227
GTGATCACTAACGCCT-1,0.6027101695050199,False,15.556349186104045,distal,0.640779133924093,0.5793159820914376,0.5962910327147077,0.5634899403667168,0.7933411944842879,0.4619628824611268,0.46196288246112693
GTGATCATAGATCTGC-1,0.6115556404805693,False,2.0,adjacent,0.7246790763343179,0.5198529912624545,0.7301175946051384,0.5359267309442864,0.8243692746328285,0.46497241264002676,0.46497241264002664
GTGATCCTTGTCATGA-1,0.5351151662805232,False,1.4142135623730951,adjacent,0.9004486429248174,0.46458228835757676,0.7319567519366883,0.5353954188262833,0.8769671210294587,0.46458228835757676,0.46458228835757687
GTGATGCACAACATCT-1,0.5123287234974243,False,3.1622776601683795,mid,0.7882089579966189,0.5397988692588258,0.715439168477958,0.5668059967675417,0.8408571587805828,0.43261996321685336,0.4326199632168533
GTGATTCGCCGCTCAA-1,0.6786291510417911,False,1.4142135623730951,adjacent,0.9778883129911385,0.5117656529627772,0.5925987850415204,0.526129038250757,0.9374833170537112,0.5662499148538273,0.5273325849316486
GTGCAAATCACCAATA-1,0.80063852994801,True,0.0,tumor,0.8769297218971186,0.4219194114696539,0.7035334113581898,0.5301454606253135,0.8616129439130346,0.528410955680643,0.49037826131957546
GTGCAACAAATGTGGC-1,0.5848281462727208,False,1.4142135623730951,adjacent,0.8888749558788014,0.48938614253778945,0.7173828233851641,0.6469412398521243,0.8943115186394343,0.5968994408218619,0.5738608769038464
GTGCACCAGCTTCAAC-1,0.4695703059689015,False,13.038404810405298,distal,0.7281298184993218,0.524683101426121,0.5935740957476453,0.5049192814282265,0.7654047759425314,0.5797958968833404,0.6112889228588944
GTGCACGAAAGTGACT-1,0.7447990063773379,False,1.4142135623730951,adjacent,0.883789407196864,0.4366048041018782,0.715439168477958,0.5709023017332664,0.9607441107366309,0.4903831268151616,0.5057483618760997
GTGCAGCGTAGAGTAG-1,0.5349001998391731,False,13.416407864998739,distal,0.7203737762172806,0.5736963346894797,0.7168324694867079,0.6654256999015401,0.8778001683694271,0.5140011270257049,0.5295937134258485
GTGCCAAACGTTTCGA-1,0.48442289472217576,False,7.0710678118654755,distal,0.736392093481209,0.5397802919120425,0.6127737836482193,0.5508517713500158,0.8034902923585507,0.4844228947221757,0.48442289472217576
GTGCCATCACACGGTG-1,0.8134330140683593,True,0.0,tumor,0.9823700979026175,0.44145349161232794,0.7135233795909268,0.5110107934384811,0.9246018825696577,0.5493259519342114,0.5108000732478245
GTGCCCGTTCGGATTC-1,0.541241709858998,False,13.416407864998739,distal,0.6356517862118932,0.5255066971335154,0.7349384160954132,0.5034776793178398,0.8503316056400825,0.4704341525943264,0.47043415259432647
GTGCCGCTTCAAAGGT-1,0.6016154329981449,False,1.4142135623730951,adjacent,0.9843625183451299,0.44619071504207775,0.7023560720057961,0.5480781734752643,0.9349841750338058,0.6087332107228446,0.6551739237744922
GTGCCTAGCTATGCTT-1,0.8191734142244093,True,0.0,tumor,0.8859536680971224,0.4800974691461233,0.689530736220253,0.592797562652102,0.9340997955514099,0.5939115842142093,0.5731562646794214
GTGCCTCAGTGTACGG-1,0.577714349408046,False,5.0990195135927845,distal,0.7797841312303776,0.5918278251500121,0.714826116034108,0.5653978338813651,0.8932848757908818,0.5468118176695337,0.5109991162490743
GTGCCTGAGACCAAAC-1,0.6145054577590942,False,7.211102550927978,distal,0.7988816437236433,0.5789134729111322,0.7342765981162571,0.6032789017072583,0.7993411886177575,0.46892938750487656,0.46892938750487645
GTGCGAAATCGAACAC-1,0.8133693203079594,True,0.0,tumor,0.970248379126493,0.49412336596753914,0.7136069776514519,0.6111036801723977,0.9547925154803075,0.5479078811297504,0.5786418897938711
GTGCGACAGGGAGTGT-1,0.5233039545863489,False,11.045361017187261,distal,0.8820570696093185,0.44638577718330263,0.7221409463300452,0.5190975124932657,0.8128312756477382,0.44638577718330263,0.44638577718330275
GTGCGCAGCTTGCTCC-1,0.7410808831139881,False,1.4142135623730951,adjacent,0.8932220550261011,0.4977831032838557,0.8383492169648331,0.5132010626242361,0.8727153530038102,0.5034739638484832,0.4436827732263278
GTGCGCTTACAAATGA-1,0.7484454741602375,False,1.4142135623730951,adjacent,0.8873794794627431,0.48420306278523967,0.6929443236916903,0.6012781214586932,0.9175957784446067,0.5913262367868621,0.49950637335689996
GTGCGGGACCATCGGC-1,0.8140420856521844,True,0.0,tumor,0.7042439948726523,0.43927994203867804,0.7142548626205205,0.4766352709506029,0.8699346175168735,0.4930954194455281,0.4392799420386781
GTGCGGGTCTCCAAAT-1,0.6057714508642447,False,2.8284271247461903,mid,0.897569154173401,0.4584796299392521,0.7282993367887198,0.4945494064537704,0.8799355854944166,0.5131248955024243,0.458479629939252
GTGCGTGTATATGAGC-1,0.5868305188652957,False,11.661903789690601,distal,0.7872522246372773,0.5001888696922973,0.7185949952627765,0.47730405543480287,0.8954980244458327,0.494018094335767,0.44000445856322795
GTGCTATCCAGCTGGA-1,0.5570098964180221,False,23.021728866442675,distal,0.5713880993516506,0.4857604636905758,0.613923256980438,0.5531869438406807,0.6479201682520968,0.4857604636905758,0.48576046369057574
GTGCTCAAGTACTGTC-1,0.8853034609597057,True,0.0,tumor,0.8864459677868807,0.5024862682445027,0.693647940701109,0.6285756748221221,0.96089077400071,0.5534779889402862,0.6000151272680949
GTGCTGCAGATAAGGA-1,0.6581834539533922,False,2.0,adjacent,0.8897898902078806,0.5030095301788999,0.7224265730368389,0.5863140686247189,0.9089763784146876,0.5573204034999723,0.518526922556349
GTGCTGTTAGAACATA-1,0.49969347377807505,False,14.560219778561036,distal,0.499693473778075,0.49969347377807494,0.499693473778075,0.49969347377807505,0.5260092632517592,0.49969347377807494,0.49969347377807505
GTGCTTACATCAGCGC-1,0.4542161288524773,False,6.324555320336759,distal,0.7174803544557765,0.5630608036560218,0.7249902468929388,0.5558527931040891,0.8446146716062856,0.6221522475493385,0.6701339957484416
GTGGAACCTACATGCG-1,0.5985063813186201,False,1.4142135623730951,adjacent,0.6850303739619908,0.49608017982871694,0.7203296550186703,0.5805699529993126,0.8052282520378861,0.4420944100763529,0.4420944100763529
GTGGACCAACCCGATT-1,0.8247943885797087,True,0.0,tumor,0.9719296290103846,0.4768247598877929,0.7027322632781585,0.5938434672760039,0.9566742051584403,0.5829571420609709,0.5602144887381469
GTGGACGCATTTGTCC-1,0.5576229488618722,False,5.0990195135927845,distal,0.6526221924984674,0.48637351613442564,0.611060023407457,0.5206097085214288,0.7247511857724901,0.48637351613442564,0.48637351613442575
GTGGACGTGCTGAGAC-1,0.7999498411636851,True,0.0,tumor,0.8887449144513181,0.4320347767931784,0.8514392799420387,0.5716992699102714,0.9566698052605179,0.5392260677330064,0.5698521508586716
GTGGAGCATGTCGGCC-1,0.600333596070095,False,2.8284271247461903,mid,0.8791822251945978,0.6204586127675912,0.5888995708632893,0.625761206784447,0.8162133305173986,0.5067962126982359,0.5223366056002738
GTGGAGCGTTTACCGA-1,0.8338707494367082,True,0.0,tumor,0.8704601608798231,0.4912562621139782,0.7110920693306582,0.5792472459083394,0.747307995787831,0.4377473109290531,0.4377473109290531
GTGGAGTCGGCGGTTG-1,0.7553044959833122,True,0.0,tumor,0.79975477902246,0.5599150396007109,0.7177450816474391,0.6805253673670327,0.8795395946814032,0.4385832915343031,0.438583291534303
GTGGCAAACAGCGGCA-1,0.7422313516612128,False,1.4142135623730951,adjacent,0.7967916922105185,0.43666053614222816,0.7124575043192332,0.6069943710639245,0.8735850661597985,0.4903955117130171,0.5057483618760997
GTGGCCGGTTTCTCGG-1,0.7505593108335125,False,1.4142135623730951,adjacent,0.7929043823961063,0.5578188956386582,0.7204968511397202,0.6223318285682439,0.8905261397935568,0.5035792354802554,0.519076281239799
GTGGCCTAATATCATT-1,0.7347075262139633,False,1.4142135623730951,adjacent,0.8724154266287688,0.599648888145795,0.7182397035055454,0.6694384068067399,0.8983902240134696,0.4981113030770279,0.43794237307027817
GTGGCGGGCCGTAGCT-1,0.6857747947866658,False,2.0,adjacent,0.8151043118021885,0.46909658362592654,0.7320960820375634,0.5373720485240299,0.876917255519672,0.46909658362592654,0.4690965836259266
GTGGCGGTCCCAGCGT-1,0.5216001464956488,False,3.1622776601683795,mid,0.8803015103382935,0.5585557970610637,0.7209496739675638,0.5485017369819242,0.92213500646785,0.6109779734591639,0.5894738099218956
GTGGCGTGCACCAGAG-1,0.8773775686499311,True,0.0,tumor,0.7986076278585892,0.47614978295466504,0.7097266343420832,0.5631555481246168,0.9207607716834304,0.47614978295466504,0.49134162944562537
GTGGCTGTTTCTGTTC-1,0.47703839937580117,False,8.246211251235321,distal,0.8210258410893756,0.47703839937580117,0.7316432592097197,0.5811031228519942,0.8010454157463547,0.5347055800157289,0.5511819173414224
GTGGGAACAAACCGGG-1,0.4829459956529009,False,7.211102550927978,distal,0.56594958108083,0.4829459956529008,0.7366452098311319,0.5493488639952441,0.8030459026683915,0.4829459956529008,0.4829459956529009
GTGGGAAGACTGAATC-1,0.7500736459104625,False,1.4142135623730951,adjacent,0.9733322186925263,0.4439335674079028,0.7041255642869085,0.5782273495699345,0.9231572494184801,0.49796887675168894,0.4439335674079028
GTGGGCTTAGACACAC-1,0.7532145444701873,True,0.0,tumor,0.8958879042895095,0.4529900239647773,0.7232416541269576,0.4894164855375356,0.8165785220449553,0.5620638193786497,0.5932277609254705
GTGGGTACTGAGCGTA-1,0.8106464120508595,True,0.0,tumor,0.8884801872596556,0.43479351279050327,0.8340021178175334,0.5414664957550762,0.9257795885802117,0.43479351279050327,0.4347935127905033
GTGGGTCTTCTTTGCG-1,0.8209369352154839,True,0.0,tumor,0.981608426684501,0.5002384092837194,0.7173549573649892,0.5513273514276691,0.8184646116210105,0.4459956529008527,0.44599565290085275
GTGGTATAGTCTGCCG-1,0.6749468555186663,False,1.4142135623730951,adjacent,0.7181537832766725,0.5165617046573409,0.715550632558658,0.6628898920656152,0.8767427262354179,0.5121310074495161,0.5277465943742486
GTGGTCAGCGAAGTAT-1,0.49084402194250043,False,4.47213595499958,mid,0.7006585669434692,0.4224209998328039,0.7098798974530458,0.5293447769789519,0.8715508466870233,0.5820747180887625,0.559267044052197
GTGGTGATGGTTTGTG-1,0.5183039943949491,False,16.1245154965971,distal,0.8012363224284308,0.6757757590394274,0.5860920693306583,0.5918148210072637,0.9027549227524587,0.5028237567110665,0.5183039943949491
GTGGTGGCCAAGTGAA-1,0.46070891155325194,False,6.324555320336759,distal,0.7144429582567017,0.5155058921151547,0.7279719110516636,0.5293243418974902,0.8470624814837631,0.460708911553252,0.46070891155325194
GTGGTTACTTCTTTCG-1,0.6634023614461668,False,6.324555320336759,distal,0.7149909899868101,0.5621195514189997,0.7122415426628769,0.5221720633859073,0.7898403423707235,0.67608847771028,0.6696961011456916
GTGGTTTCCGCCTTTC-1,0.9560751904841522,True,0.0,tumor,0.6931347414962196,0.4599720101308465,0.7011508666332275,0.5529250032510357,0.8633802362451857,0.4080421334225046,0.4080421334225046
GTGTACCTTGGCTACG-1,0.49910032563435003,False,1.4142135623730951,adjacent,0.6820858644968326,0.5515242713035724,0.7137741737725019,0.5324490516264467,0.8573802421117163,0.5374116801971676,0.49910032563435003
GTGTACGAACCGTTCC-1,0.48519120070700067,False,8.0,distal,0.8747701053335563,0.6474050542768148,0.7029133924092961,0.5943246205576921,0.9481061372709485,0.5907317616897954,0.6401660814802429
GTGTATATCAGCGGGC-1,0.5994578068645949,False,2.8284271247461903,mid,0.7190687176057514,0.5681664777969744,0.7168951680321016,0.6261253227814004,0.8202744362997446,0.5134066519286382,0.5290523164624484
GTGTATGACTTTAAAG-1,0.8081703171153096,True,0.0,tumor,0.9007087257797842,0.44117483141057795,0.6981831354845901,0.5108956138884244,0.9579853747393061,0.5565649247307832,0.5107443412074745
GTGTCAGTGTACGTGG-1,0.5896211017428206,False,1.4142135623730951,adjacent,0.7983568336770143,0.49686971706700855,0.7197305355849078,0.5484107079826859,0.9237952346172236,0.49686971706700855,0.5123446469375245
GTGTCCGATAAGGCAT-1,0.678123581818616,False,1.4142135623730951,adjacent,0.6407373348938304,0.6340262683683515,0.7189851195452265,0.6367534228761448,0.9338314017781453,0.5167598630230297,0.5323922580234234
GTGTCGTATAGCGTTC-1,0.48553753552917567,False,2.0,adjacent,0.7371630533727173,0.4855375355291758,0.7383311040517193,0.553060617882554,0.7009814705632162,0.4855375355291758,0.48553753552917567
GTGTCGTATTCACCTT-1,0.6457711323954428,False,2.0,adjacent,0.6804185476230286,0.4917826202728393,0.6804185476230284,0.5447509706663695,0.6916492870698733,0.5456785995157505,0.5764763019402712
GTGTGAATAACTTAGG-1,0.5257641260817988,False,7.211102550927978,distal,0.6261030299652605,0.5101803860372662,0.7263556818815137,0.6227721116870089,0.8660729737736751,0.5101803860372662,0.5257641260817988
GTGTGAGCCGAGGTGC-1,0.8870749436708305,True,0.0,tumor,0.9021020267885341,0.4997430133694972,0.7180167753441453,0.5507978970443441,0.8692394336451393,0.5594010663397053,0.44557766259822784
GTGTGTCGACGTCGCT-1,0.9736268023343764,True,0.0,tumor,0.8006046926377973,0.5017896177401278,0.7155227665384829,0.6566739118319123,0.9028223878539351,0.5570293584003666,0.520581046329249
GTGTTACTATGCGTCC-1,0.49339575321852536,False,10.198039027185569,distal,0.49339575321852536,0.49339575321852536,0.49339575321852536,0.49339575321852536,0.5989625040699056,0.49339575321852536,0.49339575321852536
GTTAAAGTAGGACTGG-1,0.4639135038733767,False,5.0990195135927845,distal,0.6353545486633597,0.4639135038733768,0.7315944936744134,0.5678593323301566,0.7968625794548233,0.4639135038733768,0.4639135038733767
GTTAACATCACTTAAA-1,0.6109147220165444,False,1.4142135623730951,adjacent,0.7229653160935555,0.5200201873835045,0.7320682160173884,0.5008155455237884,0.8231182369902351,0.5200201873835045,0.5356923909841482
GTTAACTATGTTGTCA-1,0.46566906314440176,False,7.615773105863909,distal,0.7304334095004551,0.5752877940639184,0.5990010031767263,0.5669286072563116,0.8801511804926124,0.5240112207174571,0.540680408595473
GTTAAGGGTGCGATGT-1,0.5553379352075222,False,7.615773105863909,distal,0.5672128406620965,0.4840885024800758,0.737390625870813,0.5183860001114641,0.7771011712528271,0.4840885024800758,0.48408850248007573
GTTAAGTTAGAGTGGG-1,0.46126623195675187,False,4.47213595499958,mid,0.639854910921622,0.5199427817719073,0.5953505545338015,0.5650968808634751,0.7929892026504987,0.461266231956752,0.46126623195675187
GTTAATAGCGTCATTA-1,0.5490123486277975,False,10.0,distal,0.73051700756098,0.4780137100819261,0.7318383213509446,0.5788329710750711,0.7482495739432179,0.4780137100819261,0.47801371008192606
GTTAATGTCTATCTTA-1,0.9867636404168756,True,0.0,tumor,0.7662133794051534,0.47034436208487373,0.680181686451541,0.5331419866614651,0.9275410143817997,0.53395010124654,0.48539820542830076
GTTACAATTGGTGACG-1,0.47684333723457606,False,2.0,adjacent,0.8245090936112506,0.47684333723457617,0.6065526946441508,0.5448364264615727,0.8298163482607205,0.47684333723457617,0.47684333723457606
GTTACCAAGGCGTACG-1,0.6252776649867438,False,7.615773105863909,distal,0.5664976128109384,0.6462780285719594,0.734555258318007,0.5799420386780361,0.8013827412537363,0.480438053837151,0.48043805383715105
GTTACCTACAACTTGC-1,0.6112530951186695,False,4.47213595499958,mid,0.723090713184343,0.4695424399487265,0.7321518140779134,0.5379405153356,0.8228909089309129,0.4695424399487265,0.4695424399487265
GTTACGAAATCCACGC-1,0.8236598434725837,True,0.0,tumor,0.9747673187315389,0.5494033575458086,0.8410591874268517,0.6160508276207992,0.839603187872708,0.5494033575458086,0.5108398818480745
GTTACGGCCCGACTGC-1,0.8216534900199839,True,0.0,tumor,0.8996358840030467,0.4412305634509279,0.8237334893830464,0.5800237790038827,0.896507067702696,0.4952411029990029,0.5106726857270244
GTTACTTTGGGCCTAG-1,0.9666921441708265,True,0.0,tumor,0.49924297311857924,0.5404707499674897,0.840662096639358,0.6609355551840088,0.7672160672539065,0.4729761528791791,0.420442512400379
GTTAGAGTGTGCCGCT-1,0.7505513491134624,False,1.4142135623730951,adjacent,0.8824471938917684,0.4833516010576703,0.7127988630663769,0.6055676308309647,0.952554434070463,0.5899422244515038,0.6356239201917182
GTTAGCCCATGACATC-1,0.480967508220476,False,10.770329614269007,distal,0.646956101729551,0.48096750822047596,0.7398498021512567,0.514165226922291,0.6403098114790403,0.48096750822047596,0.480967508220476
GTTAGCCGTAAATCAA-1,0.5858591890191958,False,4.242640687119285,mid,0.8007300897285851,0.6090676029649447,0.7222036448754389,0.5200523881179291,0.8684107862030933,0.5007616712181167,0.5162339471819491
GTTAGGCTACCCGTTT-1,0.8324495824077832,True,0.0,tumor,0.706426833119694,0.44334838098422785,0.7031850861060023,0.6180423191959723,0.8441482824265143,0.5027153888548304,0.4433483809842279
GTTATAATACGGTGAA-1,0.46578052722510177,False,11.40175425099138,distal,0.4657805272251017,0.5241877055118987,0.7319776514518197,0.6377733192145496,0.9009069656250643,0.5206239511539628,0.5362935008479232
GTTATATCAGGAGCCA-1,0.7984092483340103,True,0.0,tumor,0.7352635196641216,0.5563110343247444,0.6890152148470156,0.5699028404763232,0.8596799220924742,0.6075535492021029,0.5901704604262704
GTTATATTATCTCCCT-1,0.539020389965048,False,4.242640687119285,mid,0.8037256868973972,0.4683999331215516,0.7321796800980884,0.5362964201452749,0.8778001683694273,0.5233269551109377,0.539020389965048
GTTATCAAGCTATCGA-1,0.5899913217251456,False,2.0,adjacent,0.7236851882814097,0.504480236799247,0.709845064927827,0.6566813427706254,0.9108976671741216,0.504480236799247,0.520027706785774
GTTATCACCTTCTGAA-1,0.6721801578012914,False,2.8284271247461903,mid,0.8082121161455721,0.4546062531349272,0.7253385721451262,0.5562782143454272,0.9025525274480298,0.4546062531349272,0.45460625313492725
GTTATTAAATACGACC-1,0.521699667996274,False,2.0,adjacent,0.8856889409054598,0.5061398131118914,0.7240358357019451,0.5564937115681139,0.8440573512027856,0.5605993052072303,0.5917190149759955
GTTATTAACGTGGGAG-1,0.8119282489789094,True,0.0,tumor,0.7262442178008137,0.5631598828388663,0.7266622081034387,0.5616210592803138,0.8786405488725995,0.5086880058456718,0.5242513992722988
GTTCAAATCAGATGTC-1,0.5344941521166232,False,4.0,mid,0.8013477865091306,0.5133044765213299,0.7265159114975199,0.5931412435675937,0.8763687349120166,0.45859109401995213,0.4585910940199521
GTTCAATCTATGTCAA-1,0.6735217076297164,False,3.1622776601683795,mid,0.7096407141132103,0.45680766872875217,0.7274563896784262,0.5585780898772037,0.7933470610148511,0.45680766872875217,0.4568076687287522
GTTCACAGGAGTCTAG-1,0.6707669524924166,False,1.4142135623730951,adjacent,0.8994036671682549,0.4597893328874771,0.7264183804269074,0.5613739805680953,0.938068503477386,0.5144872342665354,0.5301152060891235
GTTCAGTCGCCAAATG-1,0.4929498968957252,False,19.235384061671343,distal,0.49294989689572527,0.4929498968957253,0.4929498968957253,0.4929498968957252,0.6251624295649673,0.4929498968957253,0.4929498968957252
GTTCATCGTTTGGCTG-1,0.5360546492464232,False,8.246211251235321,distal,0.6365760092143641,0.5203576758500684,0.7224614055620576,0.5695201471325865,0.764015874831704,0.4654182689628267,0.46541826896282673
GTTCCAAGACAGCGAC-1,0.6828767286884657,False,1.4142135623730951,adjacent,0.897401958052351,0.51280288815818,0.7163169481134705,0.5624421780081368,0.820820023642118,0.6264374222073603,0.6042746474948447
GTTCCAGTCTGACCAT-1,0.6718258612590663,False,1.4142135623730951,adjacent,0.8884708985862639,0.491373918643606,0.7178844117483141,0.5765182336658679,0.8720729679071445,0.5452513205397338,0.5067674620424996
GTTCCCGTAAACATAT-1,0.6151065676228693,False,10.0,distal,0.7221990005387431,0.6338033402069516,0.6010839881848075,0.6401103494398932,0.8251979220748746,0.523961681126035,0.539653346709023
GTTCCGTCCGCCTGCA-1,0.47982500139330103,False,3.1622776601683795,mid,0.5659913801110925,0.47982500139330103,0.728571030485426,0.5474576900927011,0.7482055749639942,0.47982500139330103,0.47982500139330103
GTTCGACAATTGTATA-1,0.6872477129959156,False,1.4142135623730951,adjacent,0.8205892734399672,0.47004402831187647,0.7262651173159449,0.5382563302309163,0.8262582974741652,0.5250918030553542,0.5408197386963479
GTTCGCCATAAGTGCC-1,0.89720225157443,True,0.0,tumor,0.8833667725575434,0.42648943877835366,0.7094549406453771,0.56895911125973,0.830696327845194,0.48870187693127004,0.4264894387783537
GTTCGCTGAGACGTCT-1,0.539565767788473,False,12.083045973594572,distal,0.8035120474093889,0.5820530445175153,0.7307585130691634,0.6073343365100595,0.7697548083551129,0.5238626019431903,0.539565767788473
GTTCGGAGCACTCAAC-1,0.5153501962563992,False,3.1622776601683795,mid,0.798612272195285,0.4998575736746611,0.5834029983837709,0.5844489030076724,0.9012662906220577,0.5540817527107446,0.4456333946385777
GTTCGGATCGGGAACA-1,0.5511978407815226,False,8.94427190999916,distal,0.7319195972431217,0.5354115191934955,0.609917516580282,0.5477121997436326,0.8029095058327979,0.5374952782576926,0.5538769595783474
GTTCGGGCGTACCATT-1,0.5265841832469486,False,7.0710678118654755,distal,0.8804129744189934,0.45638967842612715,0.8493562949339575,0.49243344665514877,0.9220704746316553,0.45638967842612715,0.4563896784261271
GTTCGGTGTGGATTTA-1,0.8301486453133335,True,0.0,tumor,0.8751044975756562,0.6119842464099277,0.7226564677032825,0.6198703301194524,0.8670233517249066,0.5629059924328274,0.5256168342608737
GTTCGTCTAAAGAACT-1,0.460681045533077,False,7.0710678118654755,distal,0.5428300730089729,0.460681045533077,0.7300339965446134,0.6028349031191366,0.8790526726446612,0.5154470638503409,0.5310944976552735
GTTCGTCTGGGTCCCT-1,0.7282227052332386,False,1.4142135623730951,adjacent,0.6902877631016738,0.43562949339575324,0.7116633227442457,0.5462018614501478,0.8370805797305503,0.5509638546756085,0.5046098359089498
GTTCGTTGCGGACCAG-1,0.8104752350697846,True,0.0,tumor,0.8801482472273311,0.4241765591038288,0.6866535696371844,0.5624347470694235,0.8876779392051439,0.48466130400589524,0.5019426596921999
GTTCTTCCCTCGATGT-1,0.6682868766968416,False,1.4142135623730951,adjacent,0.8077662598227722,0.496132815644603,0.715773560720058,0.5801779709821843,0.8996632611456747,0.5577260089047414,0.5907795320100956
GTTCTTGTAACTCAAT-1,0.4861505879730257,False,21.540659228538015,distal,0.6523621096435007,0.4861505879730256,0.6145154099091568,0.5536235114900888,0.7266226090221373,0.4861505879730256,0.4861505879730257
GTTGAACCGGTTCCAT-1,0.9874762143613507,True,0.0,tumor,0.8748583477307772,0.570931406243227,0.6844451875383157,0.6486875104497576,0.9154764942786661,0.5752010997789296,0.542145365084673
GTTGAGTCCCGCCGGT-1,0.5526030843703474,False,1.4142135623730951,adjacent,0.5644541046647719,0.4814969626038009,0.7303683887867135,0.5146798194281893,0.749626741992919,0.4814969626038009,0.481496962603801
GTTGCACGGAGTTTCG-1,0.8659445386581318,True,0.0,tumor,0.9734158167530514,0.4674803544557766,0.706647439112746,0.5950732876330603,0.9029059859144603,0.4674803544557766,0.4147857103048543
GTTGCAGTCGACAACA-1,0.47296996043025136,False,13.92838827718412,distal,0.8078591465566888,0.638271192108343,0.7282784372735885,0.5408051422095899,0.7693236183587208,0.47296996043025136,0.47296996043025136
GTTGCCCTAACGGGTG-1,0.6205563649970939,False,2.8284271247461903,mid,0.6491203626298091,0.47525497408460127,0.6063297664827508,0.5432907912091995,0.7464280162033574,0.5304544638268095,0.47525497408460116
GTTGCGCTAACATTAC-1,0.5893304989609955,False,1.4142135623730951,adjacent,0.7145544223374017,0.6190622155343773,0.7189293875048766,0.620598562113359,0.8707031330206473,0.5634168694693691,0.5261821163844237
GTTGCGGACGGTCAGG-1,0.5450912015031727,False,13.038404810405298,distal,0.8052397406602388,0.5289032553704013,0.6021289639413698,0.6413048728380611,0.7964431225195575,0.5253642708081764,0.541090437178048
GTTGGACCGCATCAGG-1,0.8101050150874595,True,0.0,tumor,0.5262869456984153,0.4991609231702861,0.8268544836426461,0.48179791562169083,0.7266050094304479,0.4449088781140278,0.4449088781140277
GTTGGATTCAGTGGCT-1,0.5854650838767208,False,1.4142135623730951,adjacent,0.6908636608519573,0.5437837101438505,0.7167001058908767,0.5743688346430363,0.8677552014126605,0.5437837101438505,0.4363818759404782
GTTGGATTGAGAACAC-1,0.5422090588450729,False,10.295630140987,distal,0.5585279310408887,0.47143732932062643,0.7340397369447695,0.5413661780824464,0.7975548300612759,0.47143732932062643,0.47143732932062654
GTTGGATTTGCGTTGG-1,0.6681196805757915,False,1.4142135623730951,adjacent,0.8953538055694885,0.5067838278003802,0.72523407456947,0.5902153114492188,0.910101285650173,0.5067838278003802,0.4524884356016274
GTTGGTCATGCTATCC-1,0.48197068494677586,False,4.47213595499958,mid,0.6479592784558509,0.4819706849467759,0.7400587973025693,0.5164762488621376,0.7782862104265847,0.5373002161164676,0.5531086535935222
GTTGTAGATTTATGAG-1,0.4897174385554255,False,20.09975124224178,distal,0.5728696427576213,0.5451522413568894,0.6144457448587193,0.5562392019171821,0.6220971673457175,0.5451522413568894,0.560990756443022
GTTGTCGTGTTAGTTG-1,0.6777971512965661,False,1.4142135623730951,adjacent,0.9793605677237176,0.5209954980896295,0.7307585130691634,0.5675509483735534,0.8578788972095847,0.4661149194672017,0.4661149194672017
GTTGTTACATTGCGCT-1,0.6768616491906911,False,1.4142135623730951,adjacent,0.7138252614761559,0.5072389727965718,0.7119210834308645,0.5937004217057719,0.8336985248608899,0.5617387158099414,0.5928814261032953
GTTGTTGCAAGATGGC-1,0.6895645735304655,False,8.94427190999916,distal,0.7287103605863011,0.47684333723457617,0.7250181129131137,0.5447138159728027,0.8256804442136942,0.47684333723457617,0.47684333723457606
GTTTACGTTCCATCTG-1,0.5319941720209233,False,3.1622776601683795,mid,0.6259265451708186,0.4615448921585019,0.7299573649891322,0.5630106448197068,0.8191480624316182,0.5163387764959408,0.5319941720209233
GTTTATGGGATTTAGA-1,0.6745169226359662,False,2.8284271247461903,mid,0.8167669843392966,0.4573092570919022,0.7249972133979825,0.594363632985937,0.9085642546426257,0.5118987906147244,0.5274958001926736
GTTTCAAACGAGTTGT-1,0.5919698091575702,False,4.47213595499958,mid,0.8940301696111761,0.566701963625555,0.7246279886306637,0.5899255048393989,0.8724425593326235,0.5608129446952386,0.5919698091575704
GTTTCATATCGTCGCT-1,0.6661969251837166,False,2.8284271247461903,mid,0.7983986327072768,0.5105364518506134,0.7274703226885136,0.5903639302234854,0.9030350495868497,0.4560552861840272,0.4560552861840272
GTTTCCTGGAGGGTGA-1,0.8963861752693052,True,0.0,tumor,0.8514183804269074,0.609169778372253,0.6973680543944714,0.6392334986717195,0.9388531519402085,0.6183067367651885,0.6135301470529694
GTTTCTAGAGGCGCGG-1,0.5282601253174736,False,7.0710678118654755,distal,0.8936679113489013,0.6262423600661353,0.7257495959427075,0.6618439874417137,0.9576275163749535,0.560775790001672,0.5918264981966704
GTTTCTGCAGTCTCCC-1,0.4940645377027253,False,8.246211251235321,distal,0.4940645377027253,0.49406453770272524,0.6189809396422004,0.5273755782199185,0.5995696899831923,0.49406453770272524,0.4940645377027253
GTTTCTTGTTAGAGCT-1,0.7614390012818368,True,0.0,tumor,0.7219621393672555,0.5819415804368153,0.7324095747645321,0.5370227944045032,0.7675196602105497,0.5236303851083988,0.4686507273031265
GTTTGACCAAATCCTA-1,0.7311725225117636,False,1.4142135623730951,adjacent,0.9907809916587714,0.47892400007430935,0.7107228445633395,0.559666722398707,0.9553703687407783,0.5852421557153208,0.5624596937922468
GTTTGAGCGGTTATGT-1,0.8301167984331334,True,0.0,tumor,0.9658130375819725,0.4857604636905757,0.8338279551914396,0.5759367627115495,0.9004684424654683,0.5394304185476231,0.5700989641802214
GTTTGGCCCAAGTTAT-1,0.46630998160842674,False,9.486832980505138,distal,0.6311467796169351,0.6351997374401654,0.8559396422003009,0.5677794497389883,0.7959855331356313,0.5212555809445961,0.5369543236120732
GTTTGGCCGCTCAGCG-1,0.6117626452018694,False,1.4142135623730951,adjacent,0.9010942057255383,0.4648888145795017,0.7298459009084323,0.6015196269668766,0.8261629663525141,0.4648888145795017,0.46488881457950176
GTTTGGCGTCAGGCAC-1,0.7811721244257609,True,0.0,tumor,0.6908729495253487,0.5852793104088874,0.7048291812963272,0.5650578684352301,0.9195009342449921,0.47876918885111497,0.42551412807222866
GTTTGGGCTTGTGAGC-1,0.7608737191582868,True,0.0,tumor,0.6426554459492096,0.47714986345650107,0.7381848074458006,0.5465381114269259,0.7723727476189219,0.5323183909540705,0.5480808273819476
GTTTGGGTTTCGCCCG-1,0.6130524438499693,False,6.0,distal,0.815982091437701,0.47149306136097635,0.7273100930725074,0.6058072786044696,0.7727658051666535,0.47149306136097635,0.4714930613609764
GTTTGGTAGGGTCAAC-1,0.4935350833194003,False,6.324555320336759,distal,0.4935350833194003,0.4935350833194004,0.7450537814189377,0.49353508331940055,0.5461461294097978,0.4935350833194004,0.4935350833194003
GTTTGGTGATCGGTGC-1,0.6210420299201439,False,2.8284271247461903,mid,0.7346876219138383,0.5342318576727538,0.7275817867692137,0.579769269352951,0.798619605358489,0.478989020788051,0.4789890207880511
GTTTGTTAGCCAAGTA-1,0.8749054545744063,True,0.0,tumor,0.8759869215478645,0.43919634397815305,0.69996656077579,0.5495049137082242,0.8622377294180109,0.5526915479264586,0.43919634397815305
TAAACCCAGGAGGGCA-1,0.819937739349209,True,0.0,tumor,0.7994157424436642,0.552651297008428,0.7191592821713203,0.5787976741161827,0.8424968540729855,0.4445744858719277,0.44457448587192777
TAAACGTCGTCAATGA-1,0.5267314750678738,False,1.4142135623730951,adjacent,0.9868565271507923,0.5111371193966077,0.7251017109736387,0.5582715636552786,0.930164820176172,0.45655687454717714,0.45655687454717725
TAAAGACAACCCTTTA-1,0.7954116607351852,True,0.0,tumor,0.7122461869995727,0.6162013041297442,0.7215000278660202,0.650350182986866,0.8180950201955316,0.5552211633134555,0.5862134855614206
TAAAGAGCCCGAAACC-1,0.8208294519948091,True,0.0,tumor,0.9796438722621635,0.4327592933177284,0.7147007189433205,0.5711252298946665,0.9203589143398541,0.6071355588994779,0.5017197315307999
TAAAGCGGTATTTCCA-1,0.4899125006966506,False,8.94427190999916,distal,0.5731204369391963,0.4899125006966505,0.6174134760073566,0.5571959352765238,0.6749194085363887,0.4899125006966505,0.4899125006966506
TAAAGCGTTAGGAGAA-1,0.4663935796689516,False,8.48528137423857,distal,0.548890932397035,0.5213918148210073,0.7329181296327257,0.5348065169332517,0.6577363405168999,0.5213918148210073,0.4663935796689516
TAAAGCTGCAATAGGG-1,0.6511413125691675,False,2.0,adjacent,0.7557775548496163,0.40439168477957976,0.6971311932229839,0.5820542830073009,0.8831269781207742,0.6262299751682798,0.6060540919260197
TAAAGGAGAAACTAGT-1,0.7581946003614621,True,0.0,tumor,0.8167158966356426,0.5189210276988241,0.7283481023240261,0.5616693603819501,0.8744063804386404,0.5148433000798825,0.46023518921027706
TAAAGTGCACGTCTCG-1,0.5641117507026218,False,10.295630140987,distal,0.5772028088948337,0.4927548347545004,0.7443013988742128,0.49275483475450055,0.6242017851852504,0.4927548347545004,0.4927548347545004
TAAATCTTTACACCTC-1,0.60053661993137,False,1.4142135623730951,adjacent,0.5418919169964146,0.5145243889601021,0.7286685615560385,0.527984915194412,0.7916325674577684,0.6239945011053522,0.6709102634533165
TAAATGAATCCGTTTC-1,0.722267338635839,False,1.4142135623730951,adjacent,0.8040554348028014,0.5294884417940763,0.7092389789890208,0.5629381931672519,0.9521804427470617,0.47617764897484016,0.4228668561556038
TAAATGCCGTCTCATG-1,0.5928018089027953,False,1.4142135623730951,adjacent,0.6996089468502108,0.48847894876987014,0.696657470880009,0.5690445670549333,0.8912081239715238,0.5422479828097618,0.5038415299241248
TAAATGGGCTACTGAG-1,0.5308476843337234,False,14.560219778561036,distal,0.8828651841943934,0.6833398354047076,0.7179122777684891,0.5644819706849467,0.7894502180882736,0.5152241356889409,0.5308476843337234
TAAATTGTGGGTAAAG-1,0.44995262776570255,False,15.556349186104045,distal,0.6229402366753981,0.5589211515478025,0.7239592041464639,0.5192795704917422,0.7885893047281304,0.5589211515478025,0.5900550154855455
TAAATTTAGTAACACC-1,0.5540998877397474,False,4.47213595499958,mid,0.5689683999331216,0.538287911720448,0.48294599565290086,0.5825614445744858,0.6983473983403586,0.4829459956529008,0.4829459956529009
TAACAAAGGGAGAAGC-1,0.8908249138143803,True,0.0,tumor,0.9674942874658642,0.5268349774285237,0.7020216797636961,0.5222705233238588,0.9467289692212475,0.6238396898821577,0.5484510473642726
TAACAATATTTGTTGC-1,0.640026751379368,False,1.4142135623730951,adjacent,0.9758401605082763,0.5358883377609343,0.7086816585855208,0.56645116944398,0.9611635676718967,0.4751311251060457,0.4220308755503539
TAACAGCGTTTGTGCT-1,0.5366955677104482,False,1.4142135623730951,adjacent,0.5497315573389809,0.5148525887532743,0.7157735607200579,0.5286945698415353,0.8725628232091681,0.5148525887532743,0.5304894069314735
TAACAGGTTCCCTTAG-1,0.6955159592678403,False,20.248456731316587,distal,0.645312006539226,0.5347644082805427,0.7393273142729755,0.5472812052982593,0.750170862702652,0.479490609151201,0.4794906091512009
TAACATACAATGTGGG-1,0.5276311494335235,False,6.0,distal,0.621741997807873,0.44939530736220257,0.7240219026918575,0.5512809080607108,0.8175259667309052,0.44939530736220257,0.44939530736220246
TAACATACACGCGATC-1,0.7953439861147602,True,0.0,tumor,0.898567686563005,0.43908487989745304,0.8479699604302514,0.47639562317709777,0.9004361765473707,0.43908487989745304,0.439084879897453
TAACCGCCCGCAGTGC-1,0.8323659843472583,True,0.0,tumor,0.8036560218469598,0.4854013016527646,0.8298709803265898,0.5421965854836611,0.8636896957323923,0.5994754995758172,0.578450808512671
TAACCGTCCAGTTCAT-1,0.7458419917038877,False,1.4142135623730951,adjacent,0.7857985472514816,0.5037619127236248,0.7210193390180015,0.5840049044195508,0.954050399364068,0.6126065875271693,0.5892827286406955
TAACCTACCGTCCGAG-1,0.6766944530696412,False,8.246211251235321,distal,0.624997677831652,0.6164706756581025,0.7120186145014769,0.5908710917906707,0.7932634629543263,0.5619957024404442,0.5931242585648204
TAACCTAGGGAGTCCA-1,0.5415522169409479,False,4.47213595499958,mid,0.8139571606383177,0.46650504374965174,0.7325976704007133,0.5349699975849449,0.9072545516944007,0.521398007269935,0.5370817111328732
TAACGCTTTGAGAGCG-1,0.7490027945637375,False,1.4142135623730951,adjacent,0.8133812628880343,0.49983899632787776,0.7202460569581453,0.5150940942614575,0.9219927431016934,0.5606798070432915,0.5153183493761991
TAACTATCGAAGGTCC-1,0.7024864451716148,False,1.4142135623730951,adjacent,0.9388155083690948,0.5142890759008465,0.6923521707629716,0.5400156049712981,0.9376637128685282,0.5142890759008465,0.46767541659700157
TAACTATTACGCCAAA-1,0.5225117634413738,False,4.47213595499958,mid,0.6160248193353025,0.5118182887786633,0.7249484478626762,0.6260603020676586,0.8466752904665945,0.4523769715209273,0.4523769715209274
TAACTCATCCGCGCGG-1,0.7540465442154123,True,0.0,tumor,0.8865713648776681,0.439781530401828,0.7005169146742463,0.5093109662078062,0.9565187420985166,0.6012744059893367,0.5782039951911211
TAACTCCATGGAGGCT-1,0.5901505561261454,False,1.4142135623730951,adjacent,0.8154990804213343,0.5047805705722442,0.8429471102937078,0.48709060172026225,0.9018030781685865,0.5047805705722442,0.4504542161288524
TAACTGAAATACGCCT-1,0.6859141248875408,False,1.4142135623730951,adjacent,0.9018790986271341,0.5661632205688384,0.7271707629716324,0.6240539486150587,0.9214412892287566,0.5116944398001078,0.5272569485911737
TAAGAGGGACAGGGAC-1,0.7478881537567376,False,1.4142135623730951,adjacent,0.9640760556577309,0.49831565389164445,0.5829223095357521,0.5460848241654126,0.9524429699897629,0.5522797500727612,0.5137339670862493
TAAGATTTAGCGGGAG-1,0.8899889332091305,True,0.0,tumor,0.8901521484701554,0.5610111030609274,0.7216323914618513,0.6206134239907855,0.8965833326000171,0.4471381597280277,0.44713815972802756
TAAGCAGGCGACACGC-1,0.8042332465505849,True,0.0,tumor,0.9609736387449145,0.5317393969793235,0.8100025079418158,0.6232551227033755,0.9541867961996616,0.5557970610637388,0.5336820566715234
TAAGCCCTTACGACCA-1,0.7739946338006863,True,0.0,tumor,0.6573222612346504,0.45692842148284385,0.69712422671794,0.545334299355366,0.8130967361557213,0.5090471678834829,0.47181949188302635
TAAGCGCGAATCAAAT-1,0.759082332147037,True,0.0,tumor,0.8108872540823718,0.44702669564732767,0.7186437607980829,0.5812907540545058,0.8993494017605457,0.5011734690718138,0.44702669564732755
TAAGGAACTTGTGGGA-1,0.7269448491652136,False,1.4142135623730951,adjacent,0.8893254565382973,0.4313381262888034,0.8351028256144457,0.5973694476954801,0.9617986196053585,0.48473251716856464,0.499988057419925
TAAGGCAACATAAGAT-1,0.679433284766841,False,1.4142135623730951,adjacent,0.6375048765535307,0.5223485481803488,0.7239731371565513,0.6017462705976334,0.8431245728432435,0.4673688903750766,0.4673688903750767
TAAGGCATAACATCAA-1,0.47494844786267626,False,4.242640687119285,mid,0.645061212357651,0.4749484478626763,0.7294139775957198,0.5096843708781512,0.7464294828359982,0.4749484478626763,0.47494844786267626
TAAGGCCCGTCACCCT-1,0.46109903583570194,False,8.94427190999916,distal,0.7073928551524271,0.46109903583570194,0.7303126567463635,0.4969923275557786,0.7265844765734768,0.46109903583570194,0.46109903583570194
TAAGGCTGAATCCCTC-1,0.6122284058247944,False,16.97056274847714,distal,0.7239452711363764,0.5838860094001375,0.7183024020509391,0.5737725018112912,0.84898963677376,0.5807990736096404,0.6122284058247944
TAAGGGCCTGTCCGAT-1,0.59800479295547,False,8.48528137423857,distal,0.9025711047948132,0.5604816486776025,0.7190408515855765,0.5861412992996339,0.9626624662307836,0.5060252528067274,0.4515688569358524
TAAGGGCTGGGAGAGG-1,0.8879427711562806,True,0.0,tumor,0.7656746363484367,0.43222983893440337,0.8285821768934961,0.6031451448104181,0.9016549482718667,0.5389319264089368,0.5008240380251748
TAAGTAAATGTGCCGC-1,0.5138812589071743,False,1.4142135623730951,adjacent,0.7139831689238143,0.4364376079808282,0.7165886418101767,0.5462055769195044,0.9181164330320869,0.4364376079808282,0.43643760798082815
TAAGTAACATCTTGAC-1,0.6661411931433667,False,1.4142135623730951,adjacent,0.8126521020267886,0.4485035947166025,0.7078387114752271,0.5177525125861525,0.9647054854994032,0.5027308699771499,0.4485035947166026
TAAGTCGCCGAGTATC-1,0.6949865048845153,False,1.4142135623730951,adjacent,0.9905998625276339,0.4678983447584016,0.4678983447584016,0.6041464638020397,0.8817894091523744,0.5227944045031488,0.46789834475840164
TAAGTCGGTGAGCTAG-1,0.5516078693640976,False,12.165525060596439,distal,0.5665812108714634,0.5358171245982649,0.6049016329487823,0.5483141057794125,0.6691819416456205,0.480549517917851,0.48054951791785105
TAAGTGAATAGTCTAC-1,0.5465959665926226,False,3.1622776601683795,mid,0.6411971242267179,0.4756450983670512,0.7306749150086385,0.5436028906351595,0.7482510405758586,0.5308291069869402,0.47564509836705116
TAAGTTGCGACGTAGG-1,0.5385387059020231,False,10.295630140987,distal,0.8094057106764012,0.5228408478701072,0.7337123112077134,0.6045793159820914,0.8505545338014825,0.4678983447584016,0.46789834475840164
TAATAAACAAGGAGAT-1,0.5986417305594701,False,5.830951894845301,distal,0.6308030987014436,0.5054555475053719,0.7244956250348326,0.5527949618235524,0.7603536931276528,0.45103940255252745,0.45103940255252745
TAATACACAGTAGTAT-1,0.7412640026751378,False,1.4142135623730951,adjacent,0.8755828642553269,0.5511155696743391,0.7169787660926267,0.5798027085771609,0.9006077725663432,0.5511155696743391,0.43705066042467816
TAATACTAGAACAGAC-1,0.5975350514725202,False,10.0,distal,0.7030596890152149,0.5115520134747689,0.7156690631444017,0.5914562782143453,0.7888708981951619,0.4568355347489272,0.4568355347489272
TAATAGAACAGAGTTA-1,0.6668856139680416,False,1.4142135623730951,adjacent,0.9811300600048299,0.4489215850192276,0.7079710750710584,0.5894313474149622,0.9051924662014508,0.5031643414020943,0.5186622717971991
TAATAGCTAAATGATG-1,0.7350538610361382,False,1.4142135623730951,adjacent,0.654080514220959,0.50996055410033,0.6994092403722901,0.5855802634267774,0.7684641716312183,0.6756023704694496,0.7527408221272124
TAATAGGTCACCAGAA-1,0.9671618856537767,True,0.0,tumor,0.8948057738393803,0.5812666035036878,0.820821490274759,0.5915454494789055,0.9484551958394565,0.528832042207732,0.49365052826012523
TAATAGTGACGACCAG-1,0.6164162705710942,False,4.0,mid,0.6659421501421167,0.5077065026906191,0.7011996321685336,0.6130301510338294,0.8886297837890161,0.4036114362146798,0.40361143621467976
TAATATTGAAATTCGC-1,0.6711371724747414,False,2.8284271247461903,mid,0.893226699362797,0.4460235189210277,0.7210681045533077,0.5154322019729141,0.8972697166759065,0.4460235189210277,0.4460235189210277
TAATCAACCAAATGGG-1,0.5263891211057236,False,13.038404810405298,distal,0.7187064593434765,0.5705319932873855,0.7231232235412138,0.6289862341860334,0.8233015660703339,0.510827496950219,0.5263891211057236
TAATCAGGAATGCTGC-1,0.5889961067188956,False,2.0,adjacent,0.7876469932564231,0.5487748239796393,0.7194867079083765,0.5751007821062996,0.9359594857399309,0.4947797655538836,0.5102069251040995
TAATCGATCCGTACGT-1,0.5854969307569208,False,3.1622776601683795,mid,0.7081638150439354,0.5003312960176362,0.721172602128964,0.5512809080607108,0.7823106503929109,0.5545276090335445,0.5158159568793244
TAATGAAAGACCCTTG-1,0.7429240213055629,False,2.0,adjacent,0.987116610005759,0.44855932675695265,0.7225241041074514,0.5178676921362091,0.9612398325692175,0.44855932675695265,0.4485593267569526
TAATGTCGGTTCATGG-1,0.5435346852333979,False,4.47213595499958,mid,0.7351381225733341,0.4726634342083263,0.7280903416374074,0.5077616154860761,0.8522587609300798,0.5277855183389374,0.5435346852333979
TAATTACGTCAGTAGA-1,0.6090755646849945,False,1.4142135623730951,adjacent,0.7169230340522766,0.4631053892883019,0.7206013487153764,0.6684259414070481,0.8216178717987077,0.5179426207682352,0.5336104011910733
TAATTAGATGGATATG-1,0.8300809706929085,True,0.0,tumor,0.9856164892530049,0.4617399542997269,0.7190687176057515,0.5633431793271285,0.9293625721216601,0.5712781833831825,0.4617399542997269
TAATTAGGACATCCGT-1,0.6048956616587446,False,10.198039027185569,distal,0.641833398354047,0.5773498795568685,0.7295672407066822,0.5982202901781567,0.8223145223030826,0.4637741737725018,0.46377417377250174
TAATTCCAATGCTTCA-1,0.4711865351390515,False,8.246211251235321,distal,0.6462733842352636,0.5812882770749348,0.7339422058741571,0.6054988946478663,0.8522059621550113,0.4711865351390514,0.4711865351390515
TAATTGCGCTGATTAC-1,0.6047802167180196,False,1.4142135623730951,adjacent,0.7996154489215851,0.6208642181723607,0.7253803711753887,0.6272901224247153,0.825258054013147,0.45716992699102715,0.4571699269910271
TAATTGGAATCGGGAA-1,0.6547081631515672,False,1.4142135623730951,adjacent,0.7391972728454922,0.5738913968307046,0.6998899292203088,0.6228649984209256,0.7788655303196965,0.5738913968307047,0.48663625289607565
TAATTTCCGTCCAGTA-1,0.8937906545330053,True,0.0,tumor,0.9355551840086198,0.4461380792261916,0.8094451875383157,0.5747533857214512,0.8277043972579836,0.4461380792261916,0.46082037563395195
TACAAATTGCGGAGGT-1,0.8197506389280339,True,0.0,tumor,0.8906583811700012,0.6053892883018447,0.702885526389121,0.6144921882256775,0.9257634556211628,0.4972133979825,0.44312545282282784
TACAACAGCGCATACA-1,0.5853496389359957,False,8.246211251235321,distal,0.6911330323803154,0.4920241257810226,0.7145335228222706,0.572756320942243,0.8401825077658198,0.4920241257810226,0.5074919785670496
TACAACGCACAACTCA-1,0.8259647614270588,True,0.0,tumor,0.89664493117093,0.5886170403809595,0.7076506158390459,0.5923164093704137,0.9297849623222075,0.5810715413624625,0.558375331406597
TACAAGCTGTTCACTG-1,0.7607224464773371,True,0.0,tumor,0.8979499897824592,0.5696743391108883,0.8476007356629326,0.5315554812461685,0.9350751062575348,0.46040238533132694,0.460402385331327
TACAAGGGCTTCTTTA-1,0.6008749930334949,False,5.830951894845301,distal,0.8946385777183304,0.5016719612105,0.7232904196622638,0.5558156384105223,0.9519472481571759,0.5016719612105,0.4473889539096026
TACAAGTCTCGTGCAT-1,0.739225802342338,False,1.4142135623730951,adjacent,0.9586050270300395,0.4657278914092156,0.7053586356796523,0.5913299522562189,0.9534696128383156,0.47648727142122893,0.4131416151145294
TACAATGAAACCAGCA-1,0.7518809563618124,True,0.0,tumor,0.9664771777294767,0.43699492838432813,0.7161497519924205,0.5429786917832395,0.9208766356620527,0.5446940001362338,0.5062300459391246
TACACAGCCGTGGTGC-1,0.47043415259432647,False,14.212670403551895,distal,0.6357260955990266,0.5255314669292265,0.734722454439057,0.5386910401456464,0.8224215864858602,0.4704341525943264,0.47043415259432647
TACACCGTCGTTAGTC-1,0.7298787430036384,False,1.4142135623730951,adjacent,0.5062001894889372,0.41461851418380424,0.7043415259432648,0.5605157071467054,0.7814966692772728,0.46731006211026277,0.4146185141838043
TACACCTCTTCGAATC-1,0.6016393181582949,False,9.486832980505138,distal,0.8785738170874434,0.5156514146649576,0.7302847907261885,0.5624849059057385,0.818920734372296,0.5156514146649576,0.5312855789364734
TACAGAAACGGTGGGC-1,0.6830439248095158,False,1.4142135623730951,adjacent,0.884546434078285,0.5593422380748915,0.7248369837819763,0.6238718906165821,0.9029602513221693,0.45039848408850247,0.45039848408850247
TACATAGGCATACACC-1,0.8883010485585305,True,0.0,tumor,0.701745341730294,0.4475004179903026,0.7233182856824388,0.5880789165691357,0.8650815301085014,0.5558249270839138,0.5171376024076241
TACATCCCTATCCCTG-1,0.6758067212840662,False,1.4142135623730951,adjacent,0.8105667948503594,0.5143200381454853,0.7260212896394136,0.5612365082018986,0.8510033233895641,0.4596778688067771,0.45967786880677697
TACATCTTGTTTCTTG-1,0.7359495545417633,False,1.4142135623730951,adjacent,0.8111334039272511,0.5471028627691393,0.7143732932062642,0.6477456389678424,0.8673650771302106,0.5532922154724529,0.5165325116838242
TACATGACCTTATCCG-1,0.6088526365235946,False,2.0,adjacent,0.708368165858552,0.4618514183804269,0.7298250013933011,0.530578312805365,0.8476476679074378,0.4618514183804269,0.4618514183804269
TACATGCCGGAATTGT-1,0.538769595783473,False,14.560219778561036,distal,0.7315108956138884,0.5780341451633878,0.7242587638633451,0.6020119266566349,0.7744890985195811,0.46809340689962664,0.4680934068996266
TACATTTCTAACGTGC-1,0.6144338022786443,False,1.4142135623730951,adjacent,0.8043294506678557,0.5209490547226712,0.854128350888926,0.5332348733953818,0.8508390605337958,0.517001368531213,0.46218581062252684
TACCAAATAGCCCAGA-1,0.5517233143048225,False,8.94427190999916,distal,0.5635763250292594,0.5359193000055732,0.6050618625647886,0.5815564101135074,0.8035254915419294,0.4806052499582009,0.480605249958201
TACCAATAAAGTACCA-1,0.8645472567893568,True,0.0,tumor,0.7874426424418064,0.41057794125842945,0.7928022069887979,0.5952441992234669,0.9056309893610468,0.5151188640571687,0.4777828202004761
TACCAGAAGTAGGTTC-1,0.681658585520816,False,4.242640687119285,mid,0.894870794553122,0.5192616123898518,0.7215696929164577,0.598868639580895,0.906846827820261,0.4643314941760017,0.46433149417600184
TACCAGCTAGGTTTAA-1,0.7358818799213382,False,1.4142135623730951,adjacent,0.8994826208920842,0.4914977676221615,0.716442345204258,0.539753664381653,0.9338094022885336,0.5517564881383641,0.5150556126145492
TACCAGGAATCCCGTC-1,0.4782366382433261,False,3.1622776601683795,mid,0.5611241152538594,0.478236638243326,0.7327439670066321,0.5129892808709059,0.8018344641070994,0.5334949562503483,0.5492830471094975
TACCATGTATTGATTT-1,0.5150357083144242,False,10.0,distal,0.7111594122127478,0.6149101785283025,0.7203784205539765,0.5548607627858588,0.8665012305047854,0.49958200969737493,0.44549406453770274
TACCCTCGGTAACCCT-1,0.6103534207530193,False,14.142135623730951,distal,0.8045941778595181,0.5789506276046988,0.725206208549295,0.6051403518549481,0.7680989801036616,0.46904085158557657,0.4690408515855765
TACCGAATAATTGTAA-1,0.6045015565162697,False,6.324555320336759,distal,0.8148953166508758,0.621300785821769,0.7284595664047261,0.6986865815824184,0.9035146384603877,0.5666740976053801,0.5276550345936736
TACCGATCCAACACTT-1,0.80037579318636,True,0.0,tumor,0.7147355514685393,0.5397648107897229,0.7101933901800146,0.506466774415278,0.8891079060299134,0.4860112578721507,0.43225770495457827
TACCGCGGACTTGCAG-1,0.618912269806769,False,8.246211251235321,distal,0.563474149621951,0.47684333723457617,0.7373348938304631,0.511495662189526,0.7196517040804654,0.47684333723457617,0.47684333723457606
TACCGGCTCACTGCCC-1,0.6848233692406909,False,4.0,mid,0.8102324026082593,0.4685113972022516,0.7335102825614446,0.604850545245128,0.8233264988252271,0.4685113972022516,0.46851139720225154
TACCGGTCGTTTCCAT-1,0.4756729643872263,False,1.4142135623730951,adjacent,0.8194096119192258,0.47567296438722617,0.7362411525385946,0.6098088391015994,0.9087798496408217,0.47567296438722617,0.4756729643872263
TACCGTAGGTTAACTA-1,0.46394136989355184,False,11.313708498984761,distal,0.6353359713165766,0.573659179995913,0.7308908766649947,0.5984004904419551,0.8208948219067985,0.4639413698935518,0.46394136989355184
TACCGTGCCTCGGACC-1,0.617459255897644,False,4.0,mid,0.6449915473072134,0.4755336342863512,0.7307236805439445,0.5748815694142563,0.8274257370562337,0.4755336342863512,0.4755336342863511
TACCTACTCCCAGTAT-1,0.5627104879738217,False,7.615773105863909,distal,0.5746019803451671,0.4913615337457504,0.6183678871983502,0.524657712385517,0.5974401393887664,0.4913615337457504,0.4913615337457503
TACCTATCCCTAGAGG-1,0.900669580656205,True,0.0,tumor,0.9307436511917367,0.4766358901954956,0.710876107674302,0.5675806721284066,0.9463652443263316,0.4236192387003288,0.4236192387003288
TACCTCACCAATTGTA-1,0.4728027643092014,False,15.620499351813308,distal,0.4728027643092014,0.5830159703257848,0.7349035835701946,0.5409890579427447,0.6628930208819155,0.527909367317493,0.5436541110341478
TACCTCACGCTTGTAC-1,0.8868321112093056,True,0.0,tumor,0.9600401270690521,0.4769331277440289,0.8154433483809842,0.6328911924798901,0.8861115755447807,0.4238700328819038,0.4238700328819038
TACCTCAGTTGTCTGT-1,0.5487018415458477,False,7.211102550927978,distal,0.6434356945141095,0.47765145181965113,0.7325001393301009,0.5108083003585427,0.7181117398076364,0.5329128660511372,0.5487018415458477
TACCTCCACACCAATG-1,0.9111631276821043,True,0.0,tumor,0.6993674413420274,0.5392694148755007,0.6938012038120716,0.5982574448717236,0.8061052983570781,0.4942595998439503,0.5118788863145994
TACCTCTTTACCATCC-1,0.5458475649079227,False,9.055385138137417,distal,0.7233554403760055,0.5292624174082124,0.7334406175110071,0.5393263854056364,0.7958872687486983,0.526237406106993,0.5419582646634978
TACCTGCTGCACTGTG-1,0.8940613530147054,True,0.0,tumor,0.9636580653551059,0.5365416411228148,0.7934222259376915,0.6328930502145682,0.913917463781507,0.5853071764290623,0.5569342600775471
TACCTTAAGATTTCCC-1,0.902070843385005,True,0.0,tumor,0.8874119898196139,0.49583557809606965,0.7113428635122332,0.6158799160303925,0.9460660512676107,0.48943877835367555,0.4358245555369783
TACGAACACGACTTCA-1,0.9675918185364766,True,0.0,tumor,0.9367859332330157,0.5130567785642188,0.8195257203366215,0.6435694514109495,0.913618270722786,0.5130567785642188,0.5428937667693728
TACGACGCTTGCTGCG-1,0.6030007722868449,False,1.4142135623730951,adjacent,0.8090341637407347,0.5113662400069355,0.7152023073064705,0.5256516004384254,0.9037023674384087,0.4567240706682272,0.4567240706682272
TACGACTGCCTCTTAG-1,0.5412775375992229,False,7.0710678118654755,distal,0.8890189303163724,0.47046201861450154,0.7336983781976258,0.5056512288914897,0.7417963903237444,0.5255407556026181,0.5412775375992229
TACGAGAACTTCACGT-1,0.875375196057356,True,0.0,tumor,0.7947853387579187,0.49549189718057796,0.6937385052666778,0.5832580950788608,0.8679590633497304,0.5567166397295138,0.4588856776618021
TACGATCCAAGCCACT-1,0.7148629389893394,False,1.4142135623730951,adjacent,0.8613851269761653,0.5551840086198889,0.6988728194839213,0.5779189656133311,0.8821722002716202,0.5129515069324466,0.46634182848862665
TACGATGTTGATCATC-1,0.8176487448348341,True,0.0,tumor,0.8876302736443181,0.4274090174441286,0.7125689683999332,0.572466514332423,0.8656095178591857,0.5338510220636956,0.4958360204138503
TACGCAGTTCTTTCCT-1,0.8173661037730592,True,0.0,tumor,0.6948577904103734,0.535981224494851,0.7125271693696706,0.6326088168087833,0.8456471809854011,0.535981224494851,0.5665241518777716
TACGCCATATTCTAAT-1,0.7417894761984378,False,1.4142135623730951,adjacent,0.7986587155622433,0.45468985119545224,0.7271219974363261,0.6215998811049805,0.8945593795557278,0.5091338621684717,0.5246892938750488
TACGCCGAGGGTACCC-1,0.8915494303389304,True,0.0,tumor,0.7769185754890486,0.4140611937803043,0.8183762470044028,0.5667651266046183,0.859248732096082,0.5187383504554546,0.5486461095054976
TACGCCGCCTCAGAAG-1,0.5785861577535211,False,10.0,distal,0.7692368425941408,0.6703047304117359,0.6807599063701723,0.6372865927288263,0.9344224547323836,0.5867995566206569,0.6474112467257427
TACGCCTCCATTCCGA-1,0.47896115476787593,False,7.211102550927978,distal,0.6521438258187965,0.47896115476787604,0.609053669954857,0.5136524921510709,0.6408143331074719,0.47896115476787604,0.47896115476787593
TACGCTATAGAAACCT-1,0.5380291558188233,False,9.055385138137417,distal,0.7211540247821806,0.5204753323796962,0.7295393746865073,0.5985100967879767,0.8472399440332986,0.5164935877191353,0.5321534064219234
TACGCTCCTAGAACTG-1,0.6296884578944434,False,8.48528137423857,distal,0.5682996154489216,0.4852310093072507,0.7419815526946442,0.518458451763919,0.6720712079479755,0.4852310093072507,0.4852310093072507
TACGCTCGGTATTGGA-1,0.5215882039155739,False,6.0,distal,0.8043155176577682,0.5060221565822636,0.7252131750543388,0.5570714670530754,0.8704626052675578,0.6149844879154359,0.661682629915367
TACGCTGATAGTTGTA-1,0.6170571890351191,False,2.0,adjacent,0.7287242935963886,0.5811210809538848,0.6029579780415761,0.574038157870293,0.7989906634166088,0.5811210809538848,0.5417990302624979
TACGCTGCACGGTCGT-1,0.46630998160842674,False,8.94427190999916,distal,0.6311560682903268,0.4663099816084267,0.7313924650281447,0.6049712979992197,0.8704332726147421,0.52125867716906,0.5369583044720981
TACGCTGCTGTGTTAA-1,0.8374057531389082,True,0.0,tumor,0.7911720448085604,0.5006873618309833,0.583981218302402,0.6162588939047724,0.945472065048091,0.5006873618309833,0.5161145213811992
TACGGAAGCCAAACCA-1,0.48837986958702556,False,13.416407864998739,distal,0.48837986958702556,0.4883798695870255,0.7439252076018503,0.48837986958702556,0.5947312689012282,0.5438518270820561,0.559700957794922
TACGGCATGGACGCTA-1,0.5232044330857238,False,4.47213595499958,mid,0.7960578870125768,0.5620421458074024,0.7257008304074012,0.5913020862360437,0.9051983327320139,0.5133540161127521,0.5305132920916235
TACGGGATGCTAGCAG-1,0.458758290141002,False,5.0990195135927845,distal,0.7945299002396479,0.5134345179488133,0.7283063032937636,0.5300971595236769,0.8495557569731048,0.5134345179488133,0.458758290141002
TACGGGTAATAACATA-1,0.5322370044824484,False,9.486832980505138,distal,0.6406258708131304,0.46179568634007695,0.730215125675751,0.5633301751843801,0.9028707867310813,0.46179568634007695,0.46179568634007684
TACGTAAAGCGGAGTG-1,0.6757430275236663,False,1.4142135623730951,adjacent,0.7134165598469226,0.5688197811588549,0.729462743131026,0.6952441992234669,0.9010800282766773,0.5688197811588549,0.5297808138470235
TACGTACTAGTGCTGA-1,0.6180086145810941,False,2.8284271247461903,mid,0.555207230303368,0.4725519701276264,0.6042816139998886,0.5076055657730963,0.8015000718649993,0.5276554769114541,0.5433993359925479
TACGTGCAAGGTTCCT-1,0.8686953129354065,True,0.0,tumor,0.7141503650448643,0.5494838593818697,0.5762274981887087,0.573681472812053,0.8890697735812529,0.5509205075331141,0.5046058550489247
TACGTGCACTATGCTG-1,0.6406159186630679,False,2.0,adjacent,0.7809173493841609,0.41060580727860446,0.704167363317171,0.4498783183785691,0.8880049982840399,0.46317041000204345,0.478188867923026
TACGTGGGCCCAGGGC-1,0.539044275125198,False,7.211102550927978,distal,0.6383455014954763,0.4683720671013766,0.733663545672407,0.5693418046034665,0.769147622441826,0.4683720671013766,0.4683720671013765
TACGTTTACCGGCAAT-1,0.6733465497886163,False,1.4142135623730951,adjacent,0.8948568615430345,0.44619071504207775,0.7208869754221702,0.587077597577514,0.8723765608637878,0.44619071504207775,0.4461907150420777
TACTACGTGCAATGCG-1,0.4660034553865016,False,8.0,distal,0.7133004514295268,0.4660034553865017,0.722976926935295,0.6029166434449833,0.8217718682259906,0.5209583433960627,0.5366597399702231
TACTATGGTTCCTCAG-1,0.5395777103685481,False,3.1622776601683795,mid,0.6387960021549722,0.46887365546452653,0.7322632781586134,0.5698378197625814,0.8230933042353418,0.46887365546452653,0.46887365546452653
TACTCACAACGTAGTA-1,0.7510608991966626,False,1.4142135623730951,adjacent,0.7789435062884319,0.48608866348374796,0.7095176391907708,0.47015920786193327,0.8414878108161226,0.701078105358326,0.7778600488849612
TACTCATTGACGCATC-1,0.5547288636236973,False,10.295630140987,distal,0.6469282357093761,0.536287750716776,0.6100498801761133,0.514159653718256,0.7221347131413216,0.48096750822047596,0.480967508220476
TACTCCTCTAGTTGAC-1,0.680870375235866,False,2.0,adjacent,0.8000102175407308,0.5670951841324688,0.7252201415593824,0.5621393672555686,0.9290707122261429,0.5124530147937604,0.4578108454550521
TACTCGGCACGCCGGG-1,0.8923655066440553,True,0.0,tumor,0.882266064760631,0.5267854378371014,0.7009836705121775,0.6317691207341767,0.8392467961409963,0.5825236706360264,0.5485943583251726
TACTCGTTTGAATCAA-1,0.47327648665217625,False,9.055385138137417,distal,0.7298853777703468,0.4732764866521763,0.7360530569024132,0.5744357130914562,0.8508522602275627,0.5284140519051069,0.47327648665217625
TACTCTCCGAACAAAT-1,0.5939164497097952,False,4.47213595499958,mid,0.7968938676178269,0.5082545344207274,0.7229908599453826,0.5555165431273107,0.8722137646406604,0.5082545344207274,0.5238294281096487
TACTCTTACTTTACTG-1,0.4626316669453269,False,7.211102550927978,distal,0.7225333927808432,0.5762847783412905,0.7183511675862454,0.5665923572795334,0.8280094568472678,0.5174843795475796,0.5331565831482233
TACTCTTTCGTCTTCA-1,0.4719389176837763,False,4.0,mid,0.6424557394712886,0.47193891768377644,0.7344507607423507,0.5050121681621432,0.7715822326255364,0.47193891768377644,0.4719389176837763
TACTGAACAGATTTAG-1,0.6844690726984659,False,2.0,adjacent,0.8143008415538092,0.5258163195799043,0.6004988017611325,0.5028832042207733,0.8491319001399168,0.5223887990983794,0.46742462241542665
TACTGAGGGAAGAAAG-1,0.6928527639111153,False,2.0,adjacent,0.7248416281186719,0.4716323914618514,0.7343392966616508,0.5398502665849263,0.7212048680470613,0.5267420906946071,0.5424877190468229
TACTGCAATCAATTAC-1,0.7090070938925644,False,1.4142135623730951,adjacent,0.6765823255122703,0.4219194114696539,0.7062015827899459,0.5357892585780899,0.7956584740567353,0.5282313746617375,0.49026281637885044
TACTGCATGATTAAAT-1,0.4925319065931003,False,14.142135623730951,distal,0.49253190659310037,0.49253190659310037,0.7423925764922253,0.5263445354734437,0.5718429999090687,0.49253190659310037,0.4925319065931003
TACTGGACAGCTCGGC-1,0.8934124728306303,True,0.0,tumor,0.7232393319586098,0.4522097753998774,0.7253664381653012,0.5243066005313122,0.9278886063176668,0.4522097753998774,0.45220977539987744
TACTGTTTCTCTGGTA-1,0.5327027651053734,False,7.0710678118654755,distal,0.971864608296643,0.5151095753837769,0.589937580114808,0.5955321480986085,0.928437126925322,0.45524717159895217,0.4552471715989523
TACTTAAACATGTACA-1,0.540764006655998,False,1.4142135623730951,adjacent,0.7328902636125508,0.5282344708862013,0.734471660257482,0.6085232867041929,0.8259429714563955,0.525042263463932,0.540764006655998
TACTTGTTAGTAGTCC-1,0.6041313365339448,False,12.806248474865697,distal,0.627672815768452,0.46288246112690185,0.731023240260826,0.5311523528209701,0.7921986876571131,0.46288246112690185,0.4628824611269019
TACTTTACTGAGCCGG-1,0.5324400283437233,False,5.830951894845301,distal,0.8089273439967304,0.5168032101655241,0.7299643314941759,0.566401010607665,0.9578240451488192,0.4620743465418269,0.4620743465418268
TACTTTCCGCACGCCA-1,0.8922381191232555,True,0.0,tumor,0.8884616099128723,0.420247450259154,0.708012874101321,0.5918333983540471,0.9133968091940267,0.5261754816177153,0.48834404184680064
TAGAAACACAATAGTG-1,0.8897739667677806,True,0.0,tumor,0.9681770049601516,0.5233826871512878,0.7002870200078025,0.6285793902914786,0.9783833015074052,0.5106664932780967,0.5405848679548729
TAGAAACCACTAAGTA-1,0.678254950199441,False,1.4142135623730951,adjacent,0.8893022348548181,0.44120269743075297,0.7177241821323078,0.5754091660629029,0.9261931789849142,0.556125260856911,0.5104736427257744
TAGAAAGGTGGCGCTA-1,0.4664214456891268,False,4.47213595499958,mid,0.6369893551802933,0.4664214456891267,0.7226007356629327,0.5369391963439782,0.8514066473657811,0.4664214456891267,0.4664214456891268
TAGAAATTCACGTATA-1,0.7281948392130637,False,1.4142135623730951,adjacent,0.7836575080347025,0.41096806554087945,0.6747617455275038,0.5266046183284103,0.9483583980851644,0.5153479846674965,0.4780694421222761
TAGAACGCCAGTAACG-1,0.8912030955167554,True,0.0,tumor,0.8752716936967061,0.504344002922836,0.8429471102937078,0.5192256961860707,0.8173089051000684,0.4498968957253525,0.44989689572535246
TAGAAGAAGGGTTACA-1,0.6140197928360444,False,12.165525060596439,distal,0.6376395623177098,0.5825267668604903,0.7280485426071448,0.6063534525998996,0.7458912286568284,0.5274139714032708,0.5431604843910478
TAGAATAGCCGATGAA-1,0.618856537766419,False,1.4142135623730951,adjacent,0.81282858682123,0.47285849634955135,0.6045393746865072,0.5758197254268146,0.8275548007286231,0.47285849634955135,0.4728584963495513
TAGAATTAAGGGCAAC-1,0.7330435267235134,False,1.4142135623730951,adjacent,0.8784391313232645,0.47119892003690705,0.7079083765256646,0.5934700626056587,0.9539037360999892,0.4183804269074291,0.41838042690742905
TAGACGAAACGCCAAT-1,0.5432719484717479,False,8.602325267042627,distal,0.7249159375058055,0.47238477400657636,0.7360182243771944,0.5074643779375428,0.7133833161737314,0.47238477400657636,0.4723847740065764
TAGACGCCCGTACCGG-1,0.6580401429924921,False,10.770329614269007,distal,0.6929582567017779,0.5028485265067776,0.7235551468539263,0.5216388935332256,0.842507120501471,0.4485314607367775,0.4485314607367776
TAGACTACCTAGCGTT-1,0.6101822437719446,False,13.038404810405298,distal,0.8047242192870013,0.5237077907199961,0.732918129632726,0.6052518159356483,0.8480509918836551,0.4686785933233016,0.46867859332330164
TAGACTCAGTTGGCCT-1,0.7572033662152372,True,0.0,tumor,0.7984775864311059,0.5153015413005382,0.5892200300953018,0.6615913355254601,0.8208449563970116,0.5653086626168051,0.45616675026472725
TAGAGATCATGCAACT-1,0.9544111909937023,True,0.0,tumor,0.6527568782626465,0.4059800479295547,0.6655659588697542,0.6198703301194525,0.8023096530827152,0.4059800479295547,0.40598004792955467
TAGAGCTACGAAGAAC-1,0.9813297664827508,True,0.0,tumor,0.9703784205539764,0.4602661514549159,0.8180766872875216,0.5920971966783705,0.9229724537057408,0.5124344374469771,0.47517137602407616
TAGAGGGAGTTTATCT-1,0.4851195452265507,False,21.02379604162864,distal,0.6537786323357297,0.4851195452265508,0.609778186479407,0.48511954522655093,0.644128922875656,0.4851195452265508,0.4851195452265507
TAGAGGTTCTACTTGT-1,0.5413730782398228,False,10.295630140987,distal,0.643110590945401,0.5211843677819267,0.7231859220866075,0.5675305132920916,0.8779028326542825,0.5211843677819267,0.4662821155882516
TAGAGTCTAAGCGAAC-1,0.8899531054689055,True,0.0,tumor,0.8390133571123372,0.448686271959972,0.6965251072841777,0.5446617994018095,0.9277844754001706,0.448686271959972,0.4633641451899269
TAGAGTGTTCCGGGTA-1,0.4424566683386279,False,6.0,distal,0.7763194560552861,0.5625963699864385,0.7203505545338015,0.5446097828308162,0.8937263322157593,0.4424566683386279,0.4424566683386279
TAGATATGGACTGGAA-1,0.5448603116217228,False,4.0,mid,0.6407837782607888,0.46990469821100145,0.7263417488714262,0.5382879117204481,0.7450288486640444,0.5250236861171488,0.4699046982110015
TAGATCCGAAGTCGCA-1,0.6654405617789667,False,3.1622776601683795,mid,0.8790939827973769,0.43902914785710306,0.7187134258485204,0.5448122759107544,0.8706752670004722,0.43902914785710306,0.43902914785710306
TAGATGGTTCCTTACT-1,0.5494661666706475,False,5.656854249492381,distal,0.9003929108844675,0.6489067231418009,0.6027002173549574,0.6830927566924891,0.82832918276296,0.47848743242490105,0.47848743242490105
TAGATTCAAAGTGCGG-1,0.4826952014713259,False,2.8284271247461903,mid,0.6514611083245091,0.5933480713617816,0.7358440617511007,0.5835200356685059,0.6981083372199098,0.5380216364165537,0.5538291892580474
TAGATTCCTGGTTATT-1,0.9071344973368046,True,0.0,tumor,0.8603401512196028,0.47610953203663453,0.8265340244106336,0.567537944230805,0.9178891049727645,0.5291014137360902,0.4912500696650504
TAGATTCTCTAGCAAA-1,0.5271056759102237,False,8.48528137423857,distal,0.7931226662208103,0.6800052016570992,0.5915468427799142,0.6269092868156569,0.8727564187177524,0.45680766872875217,0.4568076687287522
TAGCAACCTGTCACAA-1,0.6727932102451415,False,1.4142135623730951,adjacent,0.894085901651526,0.44775121217187763,0.5855208159170707,0.5853852012855524,0.8701223464948947,0.44775121217187763,0.44775121217187763
TAGCAGATACTTAGGG-1,0.5984188023980701,False,8.602325267042627,distal,0.8067770161065596,0.4577829794348771,0.7285013654349886,0.5621765219491351,0.8539805876503666,0.5671663972951383,0.5984188023980701
TAGCAGTAAATACGCG-1,0.8774691284305062,True,0.0,tumor,0.763970164781066,0.5389195415110815,0.7128754946218581,0.5337587545746717,0.9136080042943003,0.48524029798064244,0.500577224703625
TAGCAGTATGACTAAA-1,0.7337003686276383,False,1.4142135623730951,adjacent,0.7823710267699567,0.5007430938713333,0.7186019617678203,0.650296308681194,0.8356550128037029,0.4986128914401779,0.5157084736586492
TAGCCAGAGGGTCCGG-1,0.9718513387632265,True,0.0,tumor,0.8091549164948262,0.57763782843201,0.7226425346931952,0.6041576102101096,0.8281722530703955,0.57763782843201,0.4677590146575267
TAGCCATGATTGCCTA-1,0.7609931449590368,True,0.0,tumor,0.6455302903639303,0.5239431037792516,0.7322702446636572,0.5679317839826116,0.8754755556337759,0.4689572535250515,0.46895725352505163
TAGCCATTTCAAAGTC-1,0.4682606030206765,False,13.038404810405298,distal,0.6441787883854427,0.5232495494993405,0.7333779189656133,0.5035427000315815,0.7934145261163273,0.46826060302067657,0.4682606030206765
TAGCCGGCGGTCAGCG-1,0.5387178446031481,False,8.48528137423857,distal,0.6440255252744803,0.4680376748592766,0.7246001226104888,0.5689999814226532,0.7398237694218828,0.4680376748592766,0.46803767485927666
TAGCGTCCCTCGATTG-1,0.5292792254838735,False,10.295630140987,distal,0.8009297962065057,0.5136574461102132,0.7162612160731204,0.4949952627765704,0.9013586884784274,0.5136574461102132,0.5292792254838735
TAGCGTCCGGTGTGGT-1,0.5605488809802469,False,2.0,adjacent,0.5724330751082131,0.48924371621245055,0.6168909881290754,0.5565030002415055,0.7268382040203335,0.48924371621245055,0.48924371621245044
TAGCGTCGAATATTGA-1,0.5323325451230484,False,1.4142135623730951,adjacent,0.9821936131081759,0.46187928440060194,0.7300548960597447,0.5634713630199336,0.878749079688018,0.46187928440060194,0.4618792844006019
TAGCGTTGGGTCTTAC-1,0.46447082427687686,False,6.0,distal,0.7181909379702391,0.46447082427687675,0.5977818647940701,0.5001467610395882,0.8469392843419365,0.46447082427687675,0.46447082427687686
TAGCTAAGTCCGGGAG-1,0.6599031854841921,False,1.4142135623730951,adjacent,0.9618421297070352,0.4716014292172126,0.7086537925653458,0.627282691486002,0.9544375903812364,0.41888201527057906,0.41888201527057906
TAGCTAGAAGGCATGA-1,0.6706793735718665,False,5.830951894845301,distal,0.5489327314272976,0.5141961891669298,0.7154670344981329,0.5282951568856935,0.8205369635424458,0.45942707462520205,0.45942707462520194
TAGCTAGTGATGATGG-1,0.49074848130190046,False,6.324555320336759,distal,0.49074848130190046,0.4907484813019004,0.6179847294209441,0.49074848130190046,0.6761425801588068,0.4907484813019004,0.49074848130190046
TAGCTCACTGTGTTTG-1,0.6217426612845439,False,8.94427190999916,distal,0.7283899013542886,0.5923387021865536,0.7333291534303071,0.6122629066116777,0.7198482328543311,0.5348449101166037,0.5506445012380474
TAGCTCAGATCCTAGT-1,0.7358699373412632,False,2.0,adjacent,0.4267123669397536,0.4799829088409593,0.6664298054951792,0.5340987200208065,0.7662216903234511,0.4267123669397537,0.42671236693975356
TAGCTCGCCTGATAAC-1,0.5558514661507473,False,5.0990195135927845,distal,0.570431365992309,0.4846458228835757,0.6133241375466756,0.553183228371324,0.6733471783454623,0.4846458228835757,0.4846458228835758
TAGCTGATGTGAAGCG-1,0.6042388197546199,False,2.8284271247461903,mid,0.6334875253116351,0.5181098168892853,0.7310302067658697,0.5671273848668933,0.8787622793817851,0.5181098168892853,0.5337696355920734
TAGGAACAGCCTCCAG-1,0.5914881250945454,False,3.1622776601683795,mid,0.8778167902060227,0.5060500226024387,0.8463815972802764,0.5860019691987588,0.870830730060396,0.4516803210165524,0.4516803210165525
TAGGAGGCTCGAGAAC-1,0.6702733258493164,False,6.324555320336759,distal,0.7206199260621596,0.5139051440673242,0.7286406955358635,0.563826190343495,0.8218217337357772,0.5139051440673242,0.5295419622455234
TAGGATCTTAACCGCA-1,0.5464009044513977,False,19.849433241279208,distal,0.5621830240205093,0.5306340448457152,0.730660981998551,0.5085604413977596,0.692620197878076,0.47545003622582616,0.4754500362258262
TAGGCATGTTACGCCA-1,0.582336127897071,False,7.211102550927978,distal,0.7711874640063906,0.43554589533522825,0.7170135986178454,0.47298853777703476,0.8525931531721798,0.6035284573990477,0.5131487806625745
TAGGCCTATATAGTCT-1,0.679584557447791,False,3.1622776601683795,mid,0.8936539783388137,0.5172490664883242,0.5967020565122889,0.6020862360437681,0.9628736613310572,0.5720336621523715,0.5329018081066235
TAGGCGATGAGGTCTC-1,0.8182856824388339,True,0.0,tumor,0.8873469691058724,0.5089140302315357,0.7247533857214513,0.5586542569990153,0.8966273315792406,0.6178082446265024,0.5244703465736739
TAGGCGGCTGCAAAGA-1,0.681383906179091,False,1.4142135623730951,adjacent,0.8070835423284848,0.45817310371732706,0.5907596277099705,0.5597893328874769,0.9597614668673019,0.45817310371732706,0.4581731037173271
TAGGCTAAAGTGGCAC-1,0.8877516898750806,True,0.0,tumor,0.8841052220921807,0.5134221330509576,0.8243465418268963,0.7356369243344666,0.8784718861189088,0.5680488212673466,0.46726936887445153
TAGGGAGCTTGGGATG-1,0.4757286964275762,False,11.40175425099138,distal,0.6456231770978469,0.5309281861697845,0.7366730758513069,0.5785673150160695,0.8544000445856321,0.4757286964275762,0.4757286964275762
TAGGGTGTTTCAAGAG-1,0.8237076137928838,True,0.0,tumor,0.90088056623753,0.5556917894319666,0.841024354901633,0.5556038566571923,0.9312339953713075,0.5610916048969886,0.5169425402663992
TAGGTCCAAGTAAGGA-1,0.9080023248222547,True,0.0,tumor,0.8390319344591206,0.41124672574262944,0.6993047427966338,0.5538464396514889,0.8364733938172634,0.6936874175630237,0.6263604589135436
TAGGTCGCCGGAACTG-1,0.5340881043940734,False,7.0710678118654755,distal,0.7188272120975682,0.6769120734176746,0.7285083319400324,0.628525515985807,0.8507173300246101,0.5128369466272826,0.5284631491787486
TAGGTGACGATAACCT-1,0.5330331764874484,False,4.47213595499958,mid,0.8045895335228224,0.4625202028646268,0.7305007523825447,0.5641475784428468,0.8989490110496103,0.4625202028646268,0.46252020286462686
TAGGTGAGCCCTACTC-1,0.7391302617017381,False,1.4142135623730951,adjacent,0.9655297330435267,0.5447156737074811,0.714658919913058,0.5426015716435378,0.9468800323832486,0.6049774904481475,0.5771888758847462
TAGGTGCTCGCCTAGC-1,0.539080102865423,False,14.212670403551895,distal,0.5508601311560682,0.5821614123737514,0.7337541102379759,0.5343680915491649,0.8190805973301419,0.4683999331215516,0.4683999331215515
TAGGTGTTCCACAGAT-1,0.6240993304193437,False,10.295630140987,distal,0.6507551691467425,0.5371577897911287,0.6107325976704007,0.6159114975199244,0.7498614032154456,0.4818313548459009,0.48183135484590084
TAGGTTCGAGTTCGTC-1,0.6765790081289162,False,3.1622776601683795,mid,0.7142200300953019,0.5148649736511298,0.7295881402218135,0.5289267866763269,0.8746117090083512,0.460123725129577,0.46012372512957705
TAGGTTCTGCTGAGAA-1,0.539100007165548,False,21.213203435596427,distal,0.7315944936744133,0.4683720671013766,0.6012233182856824,0.5036541641122815,0.8441306828348248,0.5233826871512877,0.539100007165548
TAGTACCACAACTTTC-1,0.7488156941425625,False,1.4142135623730951,adjacent,0.7909955600141189,0.5007895372382917,0.7029342919244274,0.5810269557301826,0.8962166744398198,0.5007895372382917,0.5162856983622742
TAGTACCTTAGTGGTC-1,0.5986417305594701,False,2.8284271247461903,mid,0.8168273607163425,0.5674512499458161,0.72601432313437,0.49439521447546864,0.8761208739957232,0.5128679088719216,0.4582845677980271
TAGTAGCTTATACCAG-1,0.60233596866267,False,4.0,mid,0.7153393152389976,0.5162118312929214,0.730410187816976,0.49725241041074525,0.8170551776532119,0.46140556205762695,0.46140556205762706
TAGTAGTTGCCGGACA-1,0.6115715639206695,False,18.439088914585774,distal,0.47004402831187647,0.5801210004520487,0.7249066488324137,0.5383807984543646,0.8509343916554469,0.5250825143819626,0.5408077961162729
TAGTCCCGGAGACCAC-1,0.4851752772669008,False,7.0710678118654755,distal,0.5682624607553549,0.4851752772669007,0.7344368277322633,0.5526129038250757,0.6721430729473743,0.5405667329258702,0.5563928631141473
TAGTCCGCAGAGAATG-1,0.8911991146567304,True,0.0,tumor,0.986419959501384,0.5408392006786924,0.7161288524772892,0.6399728770736963,0.9570115306658221,0.5408392006786924,0.5025676547161247
TAGTCCGTATGCATAA-1,0.7448029872373627,False,1.4142135623730951,adjacent,0.9957782979434877,0.5119761962263216,0.5924664214456892,0.559036950342752,0.8245643367740536,0.45736498913225215,0.45736498913225215
TAGTCCTGCACTAAGC-1,0.6924905056488404,False,1.4142135623730951,adjacent,0.6413039439707221,0.4709357409574765,0.7334057849857885,0.506071076928793,0.8779174989806903,0.5259556496807793,0.541675623601723
TAGTCGATCACGGGTT-1,0.5331406597081233,False,14.142135623730951,distal,0.7229746047669471,0.5722658789871631,0.7306470489884634,0.5641810176670568,0.8750722316575589,0.5174905719965075,0.5331406597081233
TAGTCGGGATTCTTCG-1,0.7619764173852117,True,0.0,tumor,0.9752085307176429,0.46343978153040183,0.7205665161901578,0.5648479444165785,0.8489705705494298,0.5728665465331575,0.6041313365339448
TAGTCTAACAACGAGA-1,0.6065875271693697,False,1.4142135623730951,adjacent,0.902970517750655,0.4655297330435267,0.721618458451764,0.534055992123205,0.9364977399191005,0.5203855418702434,0.5360586301064483
TAGTCTGCGGCACATT-1,0.6255364208883688,False,5.830951894845301,distal,0.6496962603800925,0.5359038188832538,0.7342556986011258,0.5494807631574058,0.7218868522250286,0.4805773839380259,0.480577383938026
TAGTCTGTGACGTTGC-1,0.6570170619660672,False,1.4142135623730951,adjacent,0.6961071169815528,0.5980481400979646,0.7140667669843392,0.6051347786509129,0.8532546044931759,0.4838717667676036,0.49918392369487513
TAGTCTTTCCGAATTG-1,0.5366239122299982,False,10.198039027185569,distal,0.7249948912296346,0.5209242849269601,0.7224196065317952,0.6003994129558416,0.8716623107677236,0.46597558936632677,0.4659755893663267
TAGTGACAAGCTCTAC-1,0.5450155651626977,False,11.661903789690601,distal,0.7266250534098719,0.529246936285893,0.7359555258318007,0.542172434932843,0.851477045732539,0.4740567352170763,0.47405673521707625
TAGTGAGAAGTGGTTG-1,0.7472472352927125,False,1.4142135623730951,adjacent,0.8941462780285722,0.4454661985175277,0.8109360196176781,0.6156848538891675,0.9310403998627234,0.49960987571754994,0.5150794977746993
TAGTGCCCTCCAGAGT-1,0.9118757016265794,True,0.0,tumor,0.8714308272492522,0.4897855554936311,0.8323440896171209,0.610169239629196,0.8989636773760182,0.5498987534600309,0.5051392902922747
TAGTGCTTGAATCCTT-1,0.8969235913726801,True,0.0,tumor,0.5513338534990432,0.5170880628162019,0.719807167140389,0.5638837801185235,0.7682485766330222,0.5170880628162019,0.46218581062252684
TAGTGGAACTCATACA-1,0.5267354559278987,False,2.0,adjacent,0.7924817477567855,0.5079696817700496,0.7081034386668896,0.5540507904661055,0.9277111437681312,0.4483642646157276,0.44836426461572765
TAGTGTCAGAAACGGC-1,0.5428061878488228,False,1.4142135623730951,adjacent,0.9021856248490591,0.5777461962882461,0.7241821323078638,0.5712905682810381,0.9060064473170889,0.6326422560329934,0.6091153732852446
TAGTTAAGATAGGATA-1,0.6710137658139664,False,2.0,adjacent,0.980438053837151,0.49851690848179725,0.721116870088614,0.5458154526370543,0.9537556062032694,0.49851690848179725,0.5139767995477743
TAGTTTATTCTTGCTT-1,0.9543674015334273,True,0.0,tumor,0.787619127236248,0.4713041916686792,0.7023142729755336,0.6605788701257684,0.911974175532461,0.6156068290326774,0.6081480242991696
TAGTTTGATCGGTCGC-1,0.8144083247744842,True,0.0,tumor,0.785617418120344,0.4908816189538477,0.7131889873488269,0.6740715970945029,0.9497898315425749,0.537346659483426,0.49930733035565006
TATAAATCCACAAGCT-1,0.7435529971895127,False,1.4142135623730951,adjacent,0.9853006743576883,0.5469790137905838,0.7192289472217578,0.5817774805402293,0.8975967757548025,0.49321307597515585,0.439447138159728
TATAAGTGAGGATAGC-1,0.8097865462854595,True,0.0,tumor,0.9825605157071468,0.5472143268498393,0.695208437830909,0.6078080588530345,0.9014745524570497,0.5405853102726534,0.5022053964538499
TATACACAGACGCCTT-1,0.5560942986122722,False,5.0990195135927845,distal,0.6510988500622341,0.48484088502480077,0.7379270467591819,0.5190789351464825,0.6981010040567058,0.48484088502480077,0.48484088502480077
TATACACGCAAAGTAT-1,0.5942349185117951,False,1.4142135623730951,adjacent,0.9032398892790132,0.5021797420225776,0.7231510895613887,0.5536532352449424,0.9320758425071204,0.5021797420225776,0.517675018510999
TATACCGAGTGCCACA-1,0.4579780415761022,False,10.198039027185569,distal,0.7261095320366348,0.6269080483258714,0.72740762414312,0.6308161028441917,0.8476462012747971,0.6218209515317024,0.5984148215380453
TATACGCGTCATCACT-1,0.540684389455498,False,8.48528137423857,distal,0.6399013542885805,0.5249555691789431,0.7262233182856825,0.5381727321703914,0.7390039217756815,0.46990469821100145,0.4699046982110015
TATACTCATGCGGCAA-1,0.759500322449662,True,0.0,tumor,0.8997101933901801,0.515276771504827,0.716052220921808,0.5950175555927101,0.929579633752497,0.46054171543220196,0.46054171543220196
TATAGAGTCGCTTGAA-1,0.4977985844061751,False,5.830951894845301,distal,0.49779858440617514,0.49779858440617514,0.49779858440617514,0.5311300600048302,0.6030558757703487,0.49779858440617514,0.4977985844061751
TATAGATGGTCGCAGT-1,0.5947922389152953,False,15.033296378372908,distal,0.7161149194672017,0.5635840655904191,0.7233182856824388,0.5889892065615189,0.8199576436493339,0.5635840655904191,0.5947922389152953
TATAGCGCACGTTATC-1,0.6664676236654168,False,1.4142135623730951,adjacent,0.9686460829664307,0.5047093574095748,0.7249066488324137,0.5878448419996656,0.9326830284204072,0.6133311040517193,0.6598832811840669
TATAGCTATTATCTCT-1,0.6226025270499438,False,2.0,adjacent,0.7254639692359137,0.47288636236972637,0.6042537479797135,0.5079585353619795,0.8771020512324115,0.47288636236972637,0.47288636236972625
TATAGGGTACTCATGA-1,0.821287250897684,True,0.0,tumor,0.883900871277564,0.5381300042727898,0.6934319790447528,0.5708428542235598,0.9515409909156775,0.5381300042727898,0.5686977014514215
TATAGTTAGGTGTACT-1,0.5388770790041482,False,1.4142135623730951,adjacent,0.7260909546898513,0.46828846904085153,0.7246140556205762,0.5695238626019432,0.923652971251067,0.46828846904085153,0.46828846904085164
TATATAGGGCTTTACG-1,0.6777891895765161,False,1.4142135623730951,adjacent,0.7244607925096137,0.5626830642714274,0.7234506492782701,0.6237158409036022,0.9004963084856431,0.4537145404893273,0.4537145404893273
TATATATCGAGAAATG-1,0.8329193238907334,True,0.0,tumor,0.8730934997863605,0.49045124375336724,0.7154600679930893,0.5744227089487081,0.9405104468243003,0.5440747552434562,0.5057722470362497
TATATCAAAGTGATCT-1,0.5576030445617471,False,5.656854249492381,distal,0.5698415352319381,0.4841721005406008,0.6130733433651006,0.5517620613423991,0.6967737015167915,0.5949550118585397,0.6266072722350937
TATATCATTGATCAGT-1,0.8834881887883058,True,0.0,tumor,0.7818137063664569,0.39519589812183026,0.8332776012929833,0.5117891842687028,0.9310609327196943,0.5264820078396404,0.4795941115118511
TATATCCCTGGGAGGA-1,0.46845566516190157,False,11.045361017187261,distal,0.8092431588920471,0.46845566516190157,0.7324304742796633,0.5696984896617063,0.7950586213066524,0.46845566516190157,0.46845566516190157
TATATGCTGGGTTGCC-1,0.6740790280332163,False,2.8284271247461903,mid,0.9837401772278881,0.5057806510740802,0.7186925263333891,0.5205837002359324,0.9309142694556154,0.4513737947946274,0.45137379479462736
TATATTACAAATGTCG-1,0.8663585481007317,True,0.0,tumor,0.7220503817644763,0.560939889898258,0.6901925541994092,0.5743242490107562,0.8322846909951689,0.6607497817161753,0.6047921592980947
TATATTCGCGTCGATA-1,0.6069537662916696,False,1.4142135623730951,adjacent,0.820654294153709,0.46608705344702667,0.720475951624589,0.5365527875308848,0.9048712736531179,0.46608705344702667,0.4660870534470267
TATCAAAGGTCTGTAA-1,0.7279121981512887,False,1.4142135623730951,adjacent,0.884290995560014,0.4487265228780026,0.7203853870590202,0.5537572683869291,0.849331362179064,0.5030126264033637,0.5185229416963241
TATCACAGCACGGGCA-1,0.6113526166192945,False,3.1622776601683795,mid,0.8095403964405804,0.4579780415761021,0.7254291367106951,0.5267272288171804,0.875830480732847,0.4579780415761021,0.4579780415761022
TATCACCATGTAAAGT-1,0.49472934132690033,False,3.1622776601683795,mid,0.7278604469709635,0.5281787388458513,0.705226272083821,0.5575228965799105,0.8175069005065748,0.4645265563172268,0.479574207211726
TATCACCCAACCGACC-1,0.6460577543172427,False,1.4142135623730951,adjacent,0.5911961953593788,0.5462947481840643,0.7144220587415706,0.5731910308569731,0.8098232121014793,0.5376686668276703,0.49943471787645005
TATCACTTCGAGTAAC-1,0.581735018033296,False,1.4142135623730951,adjacent,0.7010626242360067,0.4321183748537034,0.7100610265841834,0.539291088446748,0.8320397633441572,0.593193260138587,0.639214655934268
TATCAGTGGCGTAGTC-1,0.8283652200221335,True,0.0,tumor,0.8800507161567186,0.5544409147485556,0.7062503483252522,0.6780768730609895,0.844729068952267,0.5002322168347917,0.4460235189210277
TATCCAATTGGTTATC-1,0.8290817748266336,True,0.0,tumor,0.7050567537944231,0.5509390848798975,0.7210263055230451,0.6140611937803044,0.8007506225855561,0.6589477790781921,0.6512328723497426
TATCCATATCATGCGA-1,0.7173987468252643,False,2.0,adjacent,0.7797934199037694,0.5258937251915016,0.7037911720448086,0.6132828029500828,0.9061619103770128,0.46197526735898253,0.4770025716355762
TATCCATCTCGGTTAG-1,0.8929029227474302,True,0.0,tumor,0.8038092849579223,0.49200864465870314,0.5785473443682774,0.6486373516134427,0.8981012973832341,0.43833249735272806,0.43833249735272795
TATCCCTCGATCTGCA-1,0.49958200969737504,False,13.038404810405298,distal,0.49958200969737504,0.49958200969737504,0.49958200969737504,0.4995820096973749,0.4995820096973751,0.49958200969737504,0.49958200969737504
TATCCGCACCGTCGGG-1,0.698609087507265,False,8.602325267042627,distal,0.5681091976443925,0.5404274028249951,0.6096318898734883,0.48506381318620057,0.6196405576723955,0.4850638131862007,0.4850638131862008
TATCCTATCAACTGGT-1,0.5481962723226727,False,18.110770276274835,distal,0.6429619721711346,0.47712199743632616,0.732165747088001,0.5450797897044344,0.6941029634779139,0.47712199743632616,0.4771219974363262
TATCCTGCATGGGAAT-1,0.8245236900980089,True,0.0,tumor,0.9774238793215554,0.5088706830890413,0.8438457894443516,0.5978022998755317,0.8462206343479497,0.5088706830890413,0.45429972691300236
TATCGATCTATGCATA-1,0.7310331924108885,False,6.0,distal,0.7895511713017146,0.49908661378315283,0.7216254249568077,0.5861524457077041,0.8660553741819855,0.44485314607367776,0.44485314607367776
TATCGATGATTAAACG-1,0.6708187036727413,False,1.4142135623730951,adjacent,0.9753385721451262,0.48140097964542033,0.8259418714819149,0.6026435564472682,0.9283359292731076,0.4280499359081536,0.42804993590815366
TATCTACAGAGGTAAT-1,0.7311964076719135,False,1.4142135623730951,adjacent,0.8883965891991306,0.5266677813074737,0.8232737000501589,0.527466607219157,0.9550359764986786,0.5364301770421149,0.4889292282704756
TATCTACCACAGCGGG-1,0.6176383945987691,False,2.0,adjacent,0.7185949952627766,0.4664771777294766,0.7231719890765201,0.5673243047427966,0.8218950653678168,0.4664771777294766,0.46647717772947667
TATCTAGCCTAAAGGA-1,0.8935318986313803,True,0.0,tumor,0.8002703003956975,0.48520004706261183,0.7124714373293206,0.6070501031042747,0.9265525039819075,0.5454587675788143,0.5092037483777995
TATCTGAGCCGATATT-1,0.6913002285013654,False,1.4142135623730951,adjacent,0.8982518716676884,0.4633004514295268,0.7182118374853703,0.5317728362035334,0.8774687093926088,0.5180416999510797,0.5336820566715234
TATCTTGCAATACAAC-1,0.8953949411230802,True,0.0,tumor,0.9777907819205262,0.4833887557512369,0.7130566237529956,0.63256794664586,0.9803207232258879,0.4833887557512369,0.42988909323970337
TATGAAGAATTAAGGT-1,0.5221256200189488,False,1.4142135623730951,adjacent,0.8832320867933642,0.5044245047588971,0.7209845064927827,0.7274480298723736,0.8061580971321465,0.5506387511069003,0.5814205300913209
TATGAAGACAGGTGCG-1,0.8118685360785344,True,0.0,tumor,0.9730349811439929,0.5847715295968097,0.7058323580226272,0.6627542774340969,0.9529049592716116,0.5881340293645928,0.5542909690209473
TATGACCTTGCGCTGG-1,0.881314639214656,True,0.0,tumor,0.8946339333816344,0.5298228340361764,0.8284637463077522,0.5948670790837653,0.9876304203075822,0.5827435025729626,0.4920223565099004
TATGATAAATCTAACG-1,0.7476930916155127,False,2.0,adjacent,0.7875959055527689,0.42311765033717885,0.7084656969291645,0.5603057831280538,0.9309494686389944,0.42311765033717885,0.4231176503371788
TATGATCCGGCACGCC-1,0.49114258644437536,False,1.4142135623730951,adjacent,0.8155083690947258,0.4590617201384631,0.6716895168032101,0.5158929201731408,0.901583083272468,0.4590617201384632,0.4739651754365012
TATGATCTTCTCTTTA-1,0.5312895597964985,False,4.0,mid,0.8106085938806221,0.5156792806851325,0.7288496906871761,0.5625183451299485,0.9008028347075681,0.4610433037953519,0.461043303795352
TATGATTCTGCTTGGT-1,0.8250969339416088,True,0.0,tumor,0.9709403852941723,0.44078470712812795,0.7104999164019394,0.6118709245945494,0.8391265322644514,0.44078470712812795,0.44078470712812795
TATGCTCCCTACTTAC-1,0.7271677773266136,False,2.8284271247461903,mid,0.8795955711605269,0.4933926569940615,0.8387463077523268,0.5811997250552676,0.9281819328458246,0.49948602673899445,0.5166399949044992
TATGGAGTTTCTCGTT-1,0.8109171105325595,True,0.0,tumor,0.8917172899366511,0.4445466198517527,0.7175569860112578,0.5506028349031191,0.9178260397692105,0.4986686234805279,0.4445466198517528
TATGGATGTGCTACGC-1,0.8683609206933065,True,0.0,tumor,0.8676549815155399,0.47272845492206805,0.7059716881235022,0.6342677738765347,0.9493557082809012,0.47272845492206805,0.4878583769237506
TATGGCAGACTTTCGA-1,0.8962309217283302,True,0.0,tumor,0.8896970034739639,0.5989150829478533,0.8200342752048153,0.6363540099203033,0.8719996362751052,0.5533665248595862,0.5065803616213247
TATGGCCCGGCCTCGC-1,0.657650018710042,False,1.4142135623730951,adjacent,0.9924157981757046,0.4341525943264783,0.7164562782143454,0.5722194356202047,0.9563031471003205,0.5413005381238118,0.5719142363516214
TATGGCTAGGCTAATT-1,0.7210929849284639,False,2.0,adjacent,0.864900889854911,0.5667205409723384,0.7036727414590648,0.6203180441769305,0.8826503225125177,0.4618266485847158,0.4768114903543762
TATGGGACCGAGCAGG-1,0.6647080835343667,False,1.4142135623730951,adjacent,0.8934589161975887,0.5027339662016137,0.7221479128350888,0.5868193724572257,0.9281482002950866,0.4484199966560776,0.44841999665607757
TATGGGTACGTATCGT-1,0.8319599366247085,True,0.0,tumor,0.6223504059150271,0.4513737947946274,0.5879521261773393,0.4877946831633507,0.6190216386979821,0.5602989714342331,0.5213971226343739
TATGGTCTGAGTAACA-1,0.7335690002468134,False,1.4142135623730951,adjacent,0.879061472440506,0.4461349830017277,0.7219180181686452,0.5511694439800109,0.899160206149884,0.5542613337296501,0.5156447798982493
TATGGTTAGTGGGAGA-1,0.47865462854595103,False,13.038404810405298,distal,0.8100744951606011,0.5338912729817262,0.7383450370618068,0.5464675175091495,0.8010146164608982,0.4786546285459511,0.47865462854595103
TATGTAAAGTGCTTAA-1,0.6935096058152403,False,3.1622776601683795,mid,0.5663304166898883,0.480131527615226,0.480131527615226,0.5479258392316411,0.8544587098912639,0.535451770111526,0.48013152761522593
TATGTAGAAACCCGGC-1,0.6879244592001656,False,1.4142135623730951,adjacent,0.8061453863159264,0.4662263835479017,0.7309814412305635,0.5017295509855282,0.7945980986574446,0.4662263835479017,0.4662263835479017
TATGTCAAGACCGACT-1,0.680121973551166,False,2.8284271247461903,mid,0.7928440060190604,0.5184565940292407,0.7303892883018447,0.5980363744450016,0.76642408562788,0.5184565940292407,0.5341358747143733
TATGTCTCATTGTGCC-1,0.4624366048041018,False,4.242640687119285,mid,0.7983893440338852,0.5721791847021742,0.7305077188875885,0.5639859555258318,0.8710272588342618,0.5721791847021742,0.6035342075301948
TATTAACACCAAAGCA-1,0.6736610377305913,False,1.4142135623730951,adjacent,0.8942763194560553,0.4491723792008025,0.7236317784094076,0.550842482676624,0.9577125810681194,0.5034399053793803,0.5189449128589742
TATTAACCTGACCGCG-1,0.6206678290777939,False,3.1622776601683795,mid,0.6492411153839008,0.4755057682661763,0.6061834698768321,0.5434486986568579,0.776640648603619,0.530665007090354,0.5464247896115476
TATTACCATCCTGCTT-1,0.5177904634517242,False,13.341664064126334,distal,0.7180098088391017,0.5672902462736938,0.7232625536420889,0.553116349922904,0.8736774640161681,0.44797414033327754,0.44797414033327765
TATTATGTTTGCCTGC-1,0.6015159114975199,False,1.4142135623730951,adjacent,0.8946757324118971,0.5054462588319802,0.7213049657247952,0.5866651804789239,0.9337683365745916,0.5595899360320025,0.5153860239966243
TATTCAATTCTAATCC-1,0.5903615417074706,False,4.47213595499958,mid,0.8019887049731559,0.5048796497550886,0.7236666109346264,0.5233405784985787,0.794712496003426,0.45048208214902746,0.4504820821490275
TATTCCACTCAGCTCG-1,0.4718274536030763,False,4.47213595499958,mid,0.6422374556465845,0.47182745360307643,0.7342138995708634,0.5730721358375597,0.8240832812678746,0.47182745360307643,0.4718274536030763
TATTCCGAGCTGTTAT-1,0.5920056368977954,False,2.8284271247461903,mid,0.8092988909323972,0.44549406453770274,0.7225798361478014,0.6231418008879973,0.9003452453236417,0.5538928830184473,0.44549406453770274
TATTCCGGCAGTCCTA-1,0.6108669516962444,False,2.8284271247461903,mid,0.8165394118412008,0.5144841380420715,0.7287033940812573,0.49586096713667355,0.906619499760939,0.5144841380420715,0.459872930948002
TATTCCTCCGCCCACT-1,0.9680774834595266,True,0.0,tumor,0.8712404094447231,0.4304185476230285,0.8103090341637407,0.5730721358375597,0.8504166703332481,0.5436010329004811,0.43041854762302856
TATTCGTGCCAGAATA-1,0.5989761228015701,False,2.0,adjacent,0.7886362369726356,0.5073566293261997,0.72634871537647,0.48935518029315067,0.9009245652167537,0.4529621579446024,0.4529621579446025
TATTGACATTTCTGCC-1,0.6080644262386447,False,5.0990195135927845,distal,0.8092570919021346,0.46121049991640195,0.7186855598283454,0.5657210797153951,0.9596250700317087,0.46121049991640195,0.46121049991640195
TATTGCCGGGCTTGTA-1,0.7586404566842619,True,0.0,tumor,0.7233600847127013,0.5811334658517403,0.7256520648720949,0.5722082892121347,0.8542196487708151,0.4710193390180015,0.4710193390180014
TATTTAGTCTAGATCG-1,0.5963885637853201,False,1.4142135623730951,adjacent,0.8022348548180349,0.5021890306959693,0.7230814245109514,0.582377528841331,0.953405081002121,0.5564596530990111,0.5874714373293205
TATTTATACCGAGTAG-1,0.8103120198087596,True,0.0,tumor,0.8669490423377733,0.4095190324917795,0.7035612773783648,0.5894907949246689,0.9601398580886257,0.5773096286388378,0.558044920024522
TATTTGATTTGCACAG-1,0.4690408515855765,False,13.92838827718412,distal,0.727762915900351,0.5789692049514822,0.7329947611882071,0.6052109457727248,0.823355831478043,0.5789692049514822,0.6103773059131694
TATTTGTTACCCTTTA-1,0.8519557965302825,True,0.0,tumor,0.8928272864069552,0.41539876274870424,0.8441174831410578,0.5907670586486838,0.9292848405916982,0.5735662932619963,0.4831848472544009
TCAAACAACCGCGTCG-1,0.657884889451517,False,1.4142135623730951,adjacent,0.960123725129577,0.49957891347291106,0.7171389957086329,0.5452525590295193,0.9224239330980857,0.439697932341303,0.439697932341303
TCAAACAATTAGGACA-1,0.8588426843735321,True,0.0,tumor,0.754676847052704,0.6242391028379993,0.8071810733990972,0.6161455720893941,0.9386463567378569,0.3970505365756996,0.34918909881290755
TCAAACTTAGATTGTT-1,0.659234400999992,False,1.4142135623730951,adjacent,0.7813167623400026,0.485779041037359,0.7158501922755393,0.5662653959761468,0.874500244927651,0.4322855709747534,0.43228557097475345
TCAAAGAGCTATCTGT-1,0.7359495545417633,False,1.4142135623730951,adjacent,0.8889399765925431,0.4385832915343031,0.6999317282505713,0.5406639543740362,0.8721096337231643,0.600317672629995,0.6465274958001926
TCAAAGTCACGGCGTC-1,0.6850821251423157,False,1.4142135623730951,adjacent,0.6390189303163722,0.5814183185024181,0.7229699604302514,0.6064760630886696,0.7956570074240945,0.5853040802045985,0.5438093645751229
TCAAATTATGTTCGAC-1,0.5521572280475474,False,14.7648230602334,distal,0.6469653904029425,0.481051106281001,0.7345482918129632,0.5818332125805792,0.747272796604452,0.481051106281001,0.4810511062810009
TCAAATTGTTGTGCCG-1,0.4838655743186759,False,8.602325267042627,distal,0.5695907410503632,0.5392725110999648,0.737118932174107,0.551399803080124,0.6990557819058598,0.5392725110999648,0.5551030644660473
TCAAATTTGAGACTCA-1,0.45736498913225215,False,7.211102550927978,distal,0.5462343718070185,0.45736498913225215,0.851766705679095,0.49332515930074855,0.8140691135965646,0.5121186225516605,0.5277625178143487
TCAACAAAGATAATTC-1,0.6152100699835193,False,1.4142135623730951,adjacent,0.6460086570436011,0.5242062828586822,0.7245861896004013,0.6053038325066412,0.9049666047747692,0.4693752438276765,0.46937524382767654
TCAACACATTGGGTAA-1,0.8141097602726093,True,0.0,tumor,0.8112959557116053,0.44173215181407793,0.7195981719890765,0.608417395827528,0.8952193642440828,0.5496355743806003,0.580465123685321
TCAACATAGCGCCCTA-1,0.5323444877031234,False,2.8284271247461903,mid,0.7144801129502684,0.46187928440060194,0.7306122164632447,0.5305727396013302,0.8475992690302917,0.5166855536358964,0.5323444877031234
TCAACATCGACCGAGA-1,0.5141320530887492,False,2.0,adjacent,0.885846848353118,0.5421458074024534,0.7161985175277266,0.5690724330751082,0.8702455436367211,0.4346263166694533,0.43462631666945317
TCAACCATGTTCGGGC-1,0.8289703107459335,True,0.0,tumor,0.7627487042300619,0.5112516797017717,0.6892102769882404,0.5761318248527746,0.8606259001457834,0.5112516797017717,0.4742517973583013
TCAACGAGGAGACAAA-1,0.4682048709803266,False,1.4142135623730951,adjacent,0.5566794850359472,0.46820487098032654,0.7320333834921696,0.5364561853276114,0.7972336375129431,0.46820487098032654,0.4682048709803266
TCAACGCAGGAAATAA-1,0.7437838870709629,False,1.4142135623730951,adjacent,0.8085372197142804,0.4386668895948281,0.713627877166583,0.5441304872838063,0.9292379083471932,0.4386668895948281,0.4386668895948281
TCAACGCGACCGGCAG-1,0.5130412974418994,False,3.1622776601683795,mid,0.9630125025543852,0.4871073213323673,0.7161079529621579,0.5405357706812313,0.9268604968364734,0.4871073213323673,0.5024283246152499
TCAACTAACGTATAAC-1,0.9124688497703045,True,0.0,tumor,0.5850006502071373,0.5410621288400923,0.8273700050158836,0.6378011852347248,0.7825071791667766,0.5320985590171345,0.4943113510242752
TCAACTGCAGAGTCAG-1,0.47060134871537646,False,8.94427190999916,distal,0.8115235282097011,0.5805978190194877,0.7319010198963384,0.6399412955841648,0.9095131659612163,0.5286679423111458,0.5452583976242227
TCAAGAAATACTAGCT-1,0.6234584119553188,False,8.602325267042627,distal,0.7313994315331884,0.47500417990302624,0.7355654015493507,0.5444871723420461,0.8231226368881575,0.47500417990302624,0.4750041799030261
TCAAGCGCGGACGGTA-1,0.5297489669668235,False,9.055385138137417,distal,0.7127199093425477,0.5729470483692185,0.7265925430530011,0.530966579353137,0.8982860930959735,0.45951067268572704,0.45951067268572704
TCAAGCTGCCTTGAAA-1,0.5888527957579955,False,3.1622776601683795,mid,0.7928997380594103,0.4490609151201025,0.7232137881067826,0.5222686655891805,0.9266551682667629,0.5639246502814469,0.5967428603275451
TCAAGGTTACTACACC-1,0.5440641396167227,False,16.1245154965971,distal,0.7221061138048265,0.5791642670927071,0.7321518140779134,0.5375949766854299,0.7954707450787142,0.4692916457671516,0.4692916457671515
TCAATACAATTGCTGC-1,0.6656953368205666,False,1.4142135623730951,adjacent,0.976179197087072,0.4827633184095314,0.714491723792008,0.5420275316279329,0.8948131070025841,0.5361391319425093,0.4980135508475252
TCAATACGCCGTCATG-1,0.47843170038455096,False,12.649110640673518,distal,0.6441973657322261,0.4784317003845511,0.7329041966226384,0.5794850359471659,0.7213295318215284,0.4784317003845511,0.47843170038455096
TCAATATACAGGAGGC-1,0.5385068590218232,False,5.830951894845301,distal,0.5502935220791767,0.522791308278685,0.7242448308532575,0.5712589867915064,0.7966513843545497,0.522791308278685,0.538506859021823
TCAATCCCGCGCCAAA-1,0.5552901648872223,False,8.246211251235321,distal,0.5645795017555594,0.5369224767318731,0.48160842668450093,0.5493117093016775,0.6965214407025756,0.48160842668450093,0.481608426684501
TCAATCCGGGAAGTTT-1,0.5148127801530242,False,5.0990195135927845,distal,0.7890263612550856,0.4993219268424084,0.7221200468149139,0.5146055100410559,0.8967827946391643,0.553539913429564,0.5148127801530242
TCACAAACCGAGGTAC-1,0.5444502830391478,False,5.656854249492381,distal,0.8112495123446469,0.46968177004960154,0.6015786100429137,0.6058518642367497,0.7981312166891064,0.46968177004960154,0.4696817700496015
TCACAGATCCTCAAAC-1,0.7581468300411621,True,0.0,tumor,0.894452804250497,0.49999690377553613,0.7206779802708577,0.580248564899961,0.9299389587494905,0.5066444976995053,0.5240284711108988
TCACAGCAAACTCGAA-1,0.5326430522049982,False,4.242640687119285,mid,0.8127310557506177,0.4549406453770273,0.7265855765479574,0.5893997659254304,0.8814594168081968,0.4549406453770273,0.45494064537702716
TCACAGGAGAATAAGA-1,0.6073558331541947,False,3.1622776601683795,mid,0.7185624849059057,0.5795265253549822,0.7307654795742072,0.5017332664548849,0.7718403599703154,0.5210759999256906,0.46617065150755177
TCACAGGGAATCGCAA-1,0.5365681801896481,False,4.47213595499958,mid,0.727739694216872,0.5145708323270604,0.8520314328707574,0.5997380594103551,0.8504592026798311,0.5145708323270604,0.5301908424295985
TCACAGGTTATTGGGC-1,0.8945470179377555,True,0.0,tumor,0.775822512028832,0.4574300098459938,0.7000849913615338,0.5152297088929759,0.9414212256942306,0.5614445744858719,0.539155739205898
TCACATCTTATCTGAT-1,0.8939140611937803,True,0.0,tumor,0.9673735347117725,0.4301956194616285,0.8325600512734771,0.5365082018986047,0.8769084557238273,0.4906555945679838,0.4301956194616285
TCACCCTCTTAAGATT-1,0.7533697980111623,True,0.0,tumor,0.8020072823199391,0.4662263835479017,0.7231789555815639,0.5368295899979565,0.792464148165096,0.5211657904351434,0.5368627638314981
TCACCGCTCGGCACTC-1,0.5740639007651213,False,8.246211251235321,distal,0.6187185346188858,0.4895843009034783,0.7168882015270579,0.5428505080904346,0.872793084533772,0.4358245555369782,0.4358245555369783
TCACGATGTCCGTGGA-1,0.7487798664023374,False,1.4142135623730951,adjacent,0.8162235969458842,0.515722627827627,0.5955525831800702,0.5953482323654538,0.8743374487045233,0.4610711698155269,0.4610711698155269
TCACGATTAATACGTT-1,0.60005891672837,False,1.4142135623730951,adjacent,0.8094614427167511,0.5688012038120714,0.7286197960207323,0.5281112411525385,0.8366068573875752,0.45939920860502703,0.459399208605027
TCACGCATTGTAGATC-1,0.9881688840057007,True,0.0,tumor,0.7675370153634656,0.46149535256707974,0.555599676754166,0.5860892827286407,0.8816632787452664,0.5136946008037798,0.5435227426533228
TCACGGCCCAAGAGAG-1,0.760829929698012,True,0.0,tumor,0.45555369782087723,0.5644974518072663,0.5781154210555649,0.5897880324732022,0.8170874435713091,0.45555369782087723,0.45555369782087723
TCACGGTCATCGCACA-1,0.8831139879459557,True,0.0,tumor,0.9644476025933976,0.3976759739174051,0.69768154712144,0.554325735198499,0.9237600354338448,0.552481004662914,0.5967110134473452
TCACGTGCCCGATTCA-1,0.7470243071313126,False,2.0,adjacent,0.7131100336249977,0.5138215460067993,0.728766092626651,0.5960263055230453,0.8239351513711548,0.459204146463802,0.4592041464638021
TCACTACGACCAATGC-1,0.6056321207633697,False,2.8284271247461903,mid,0.6298742313622767,0.4519032491779524,0.7221618458451763,0.5536309424288024,0.844206947732146,0.5607355390836415,0.5218668641173239
TCACTATCCCTTCGGT-1,0.5297410052467736,False,3.1622776601683795,mid,0.7951568856935852,0.5624477512121719,0.7234367162681826,0.5552453138642739,0.9234124434979775,0.45338014824722733,0.4533801482472274
TCACTATCGTGCAATC-1,0.8964976393500051,True,0.0,tumor,0.7063850340894313,0.4985107160328695,0.720085827342139,0.5821007263742592,0.9018060114338681,0.6605702006972698,0.5833990175237458
TCACTCAGCGCATTAG-1,0.8901561293301804,True,0.0,tumor,0.8863995244199224,0.48868639580895057,0.7163935796689517,0.5693362313994315,0.8987040833985984,0.5424399487265228,0.5040445537853998
TCACTCGTGCAACGGC-1,0.6101583586117945,False,4.0,mid,0.7995782942280183,0.5119576188795383,0.7272822270523324,0.5917014991918853,0.8916466471311199,0.516391412311827,0.5332720280889482
TCACTCTTCGTCTGTC-1,0.6115436979004946,False,2.0,adjacent,0.7285942521689052,0.5138989516183964,0.7290726188485761,0.5306098942948967,0.8999815204287259,0.459232012483977,0.45923201248397705
TCAGAACCTCCACAGG-1,0.439363540099203,False,5.830951894845301,distal,0.7749122220364487,0.49331215515800036,0.7187900574040015,0.6061565327239964,0.8132272664607515,0.49331215515800036,0.5087260451747995
TCAGAACGGCGGTAAT-1,0.47391740511620123,False,11.661903789690601,distal,0.47391740511620123,0.4739174051162013,0.7296090397369447,0.5089059800479295,0.7167800373697998,0.4739174051162013,0.47391740511620123
TCAGACGCTATAGAAG-1,0.5435346852333978,False,5.830951894845301,distal,0.725343216481822,0.5228005969520767,0.7332385888647384,0.5712794218729681,0.8277938618490717,0.4678426127180516,0.46784261271805155
TCAGAGCATGTCAACG-1,0.5437974219950479,False,4.0,mid,0.8194374779394007,0.4681770049601515,0.7228515298445076,0.5718274536030764,0.8544880425440798,0.4681770049601515,0.46817700496015163
TCAGAGGACGCGTTAG-1,0.49983280387895007,False,12.165525060596439,distal,0.49983280387895007,0.49983280387894996,0.49983280387895,0.49983280387894985,0.4998328038789501,0.49983280387894996,0.49983280387895007
TCAGAGTGTGAGCATG-1,0.46455442233740174,False,15.231546211727817,distal,0.7225194597707555,0.5231195080718573,0.7316362927046759,0.6361440859016515,0.8516853075675312,0.4645544223374018,0.46455442233740174
TCAGATGGAGACGTAG-1,0.6487846434343675,False,3.1622776601683795,mid,0.8685095394675733,0.4732052734895069,0.7072117260212896,0.4952033290605435,0.9059463153788165,0.5970697331673757,0.5692191941146965
TCAGCAAATGCATCTC-1,0.660631682868767,False,3.1622776601683795,mid,0.796108974716231,0.4504542161288525,0.7246001226104888,0.5197477196306823,0.8152834854231381,0.4504542161288525,0.4504542161288524
TCAGCAGTAGGCCCTG-1,0.6707351056122164,False,2.0,adjacent,0.5494528971372309,0.45973360084712694,0.729267680989801,0.5285162273124151,0.8490013698348866,0.5144376946751131,0.45973360084712706
TCAGCCAATCCGTAAA-1,0.6873910239568157,False,1.4142135623730951,adjacent,0.7189015214847015,0.5254695424399487,0.7232625536420888,0.6058407178286797,0.8276207991974586,0.4664771777294766,0.46647717772947667
TCAGCGCACGCCGTTT-1,0.49052555314050045,False,12.083045973594572,distal,0.49052555314050045,0.4905255531405005,0.6176782031990191,0.5577625443534154,0.7022427746342952,0.4905255531405005,0.49052555314050045
TCAGCTTGAGCTTTCG-1,0.6828687669684159,False,1.4142135623730951,adjacent,0.8841377324490516,0.5133540161127521,0.7285779969904699,0.6277211168700886,0.9216612841248749,0.5679776081046772,0.59919108924292
TCAGGGCGACTTCCTT-1,0.5775312298468961,False,1.4142135623730951,adjacent,0.8010830593174681,0.6409896771876373,0.7126316669453269,0.6356276356610747,0.8977067732028616,0.48082508189513706,0.42743688346430364
TCAGGGCGCAAACTCG-1,0.658255109433842,False,2.0,adjacent,0.9821193037210425,0.485447745019723,0.7148330825391518,0.5700514592505898,0.9287011208006641,0.6057236805439447,0.5780288373500211
TCAGGGTGCACGAAAC-1,0.6475824237068176,False,3.1622776601683795,mid,0.698155269464415,0.54413358350827,0.708451763919077,0.6016162291701499,0.945318068620808,0.4836457423817397,0.4989331295133
TCAGGGTGTAACGTAA-1,0.740897763552838,False,1.4142135623730951,adjacent,0.6255689312452396,0.5618161214215386,0.7254848687510449,0.5545170818703673,0.8726610875961012,0.507263742592283,0.45271136376302745
TCAGGTTCTTTGAGAA-1,0.7277768489104386,False,1.4142135623730951,adjacent,0.9783155919671552,0.440060190603578,0.7189015214847017,0.5420739749948912,0.9328956901533217,0.493990228315592,0.5093988105190246
TCAGTACTGACCCGCG-1,0.7917651929522854,True,0.0,tumor,0.8942902524661429,0.5757955748759963,0.7084935629493395,0.4879841721005407,0.9462904460616514,0.5331543715593207,0.4175723123223541
TCAGTAGGGACTATAA-1,0.7903121790431606,True,0.0,tumor,0.8929433948243513,0.5314947952466763,0.707288357576771,0.6626019431904735,0.954529988237606,0.4160396812127292,0.4160396812127293
TCAGTGTATACGTCAT-1,0.7560329933678872,True,0.0,tumor,0.899659105686526,0.6193439719605913,0.7252131750543387,0.6249270839138753,0.933284347803131,0.45162458897620245,0.4516245889762024
TCAGTTACGGAATGAT-1,0.6890072531269655,False,1.4142135623730951,adjacent,0.8153922606773301,0.5224940707301516,0.6002758735997324,0.5709877575284698,0.8786625483622114,0.5224940707301516,0.5381963519398731
TCATAAGTCCAAGAAG-1,0.6133350849117444,False,12.083045973594572,distal,0.5543619610247265,0.5268411698774514,0.7351265117315945,0.6056642330342382,0.7713798373211076,0.5297825831181457,0.5463491532710727
TCATACTTACAGATCC-1,0.7464709675878377,False,2.0,adjacent,0.7267411618272678,0.5176237096484546,0.7264392799420386,0.5629159003511118,0.8244792720808877,0.5679590307578938,0.45873042412082704
TCATATGAGCTTTGTT-1,0.5506962524183724,False,13.341664064126334,distal,0.6488324137546675,0.479574207211726,0.7395850749595942,0.5474093889910644,0.775596406163377,0.479574207211726,0.479574207211726
TCATCACTCGAGCTCG-1,0.6558745551388921,False,1.4142135623730951,adjacent,0.6915696000297237,0.42481747756785376,0.5618555982834531,0.5270579055899236,0.8543927114224283,0.5413903286332646,0.49338779149847534
TCATCCATCTGATCAC-1,0.5347290228580982,False,3.1622776601683795,mid,0.7168812350220142,0.46413643203477684,0.7214930613609765,0.532785301603225,0.7410689405339129,0.46413643203477684,0.4641364320347768
TCATCCCAGAGGGTGG-1,0.6681037571356916,False,1.4142135623730951,adjacent,0.7957374277805643,0.5044368896567526,0.5870604135317394,0.5549778000705939,0.8673650771302106,0.5044368896567526,0.519971974745424
TCATCCTCAGCTGCTT-1,0.4618514183804269,False,7.0710678118654755,distal,0.899626595329655,0.5166793611869687,0.7299503984840885,0.5634323505916884,0.871819240460288,0.5715073039935104,0.5323444877031234
TCATCGACGACCGTCG-1,0.4858440617511008,False,7.0710678118654755,distal,0.56890337921938,0.5412169400632868,0.7419188541492504,0.48584406175110056,0.7250870446472307,0.4858440617511007,0.4858440617511008
TCATCGATGGTCCCAA-1,0.6759062427846912,False,1.4142135623730951,adjacent,0.8102184695981721,0.5131279917268883,0.5910104218915455,0.4945661260658754,0.9612017001205572,0.4585074959594271,0.4585074959594272
TCATGAAGCGCTGCAT-1,0.542153326804723,False,6.324555320336759,distal,0.7959835776254436,0.5209304773758878,0.7231023240260825,0.5341135818982333,0.7941918414159458,0.5209304773758878,0.46591985732597674
TCATGCAGGTTCTCAT-1,0.658430267274942,False,2.8284271247461903,mid,0.8120158278994595,0.4491723792008025,0.7238338070556763,0.5865518586635458,0.9230692514600327,0.4491723792008025,0.4491723792008026
TCATGGAGGCCTTTGT-1,0.5269026520489487,False,11.661903789690601,distal,0.7183302680711141,0.6258150810901186,0.7253943041854762,0.593622396849282,0.8942851192519,0.45669620464805216,0.4566962046480522
TCATTCGTATAATTTG-1,0.7196399710193392,False,1.4142135623730951,adjacent,0.6924288023184529,0.42244886585297886,0.6862007468093406,0.4984915194411934,0.8557024143706533,0.4756141361224123,0.42244886585297886
TCATTTAAGTCTCCGA-1,0.520322290427624,False,10.0,distal,0.6232142525404522,0.49733724696105575,0.7212283341693139,0.5766965761949879,0.7292801473672477,0.49733724696105575,0.5128183692804994
TCATTTAGAAGTGTGA-1,0.6133231423316694,False,11.40175425099138,distal,0.7207313901428599,0.6325493692990767,0.8568870868862509,0.6044065466570064,0.8505237345160258,0.46775901465752656,0.4677590146575267
TCCAACTCAGCTATCT-1,0.47032268851362646,False,7.211102550927978,distal,0.7328345315722009,0.4703226885136264,0.7346040238533132,0.5755837931226662,0.7434243525550206,0.4703226885136264,0.47032268851362646
TCCAACTTTAAATTCT-1,0.7467496277895878,False,1.4142135623730951,adjacent,0.991013208493563,0.4305021456835535,0.7115379256534581,0.5004365676494084,0.962888327657465,0.5905831429155289,0.5677144290252467
TCCAAGCCTAGACACA-1,0.4636069776514518,False,7.211102550927978,distal,0.5459882219621394,0.5185278071919102,0.7207755113414702,0.5346337476081666,0.864402479195816,0.46360697765145187,0.4636069776514518
TCCAATAAAGGCTACC-1,0.5568825088972221,False,11.40175425099138,distal,0.4856489996098757,0.4856489996098758,0.6103076408627319,0.5530680488212674,0.6731227835514214,0.4856489996098758,0.4856489996098757
TCCAATGCGTCGCCGC-1,0.7487082109218876,False,1.4142135623730951,adjacent,0.8108779654089803,0.44543833249735276,0.7174594549406453,0.5869364097419607,0.8700783475156709,0.49947983429006665,0.5149202633736992
TCCACAATGGTTTACG-1,0.6695488093247665,False,1.4142135623730951,adjacent,0.9001188950194133,0.5525460253766556,0.7043415259432648,0.5172825057125341,0.9267182334703166,0.5041644219039303,0.521237888233374
TCCACATCGTATATTG-1,0.4829738616730759,False,16.55294535724685,distal,0.5660471121514425,0.5937381956442314,0.7413893997659254,0.5505508183321256,0.693726038889231,0.4829738616730758,0.4829738616730759
TCCACCAAGACATAGG-1,0.5889284320984706,False,4.242640687119285,mid,0.961600624198852,0.5035389845622249,0.7236596444295825,0.522211075814152,0.9640484340763295,0.5087282567637023,0.5257362600616238
TCCACCTCTAGCCTTT-1,0.48668004235635065,False,9.899494936611665,distal,0.6551301343142172,0.4866800423563507,0.7360948559326757,0.4866800423563509,0.6995133712897861,0.4866800423563507,0.48668004235635065
TCCACTTTATCTAGGT-1,0.5896688720631206,False,4.0,mid,0.622108900406844,0.5093475016564801,0.7225519701276264,0.5187315387616341,0.8137537875787948,0.44981329766482747,0.4498132976648276
TCCAGAGCACCGGTTC-1,0.48890932397035053,False,8.0,distal,0.5721033272028089,0.4889093239703505,0.6164172657861005,0.5229114417878838,0.6746275486408715,0.4889093239703505,0.48890932397035053
TCCAGATGTACGCCAA-1,0.7046162052849897,False,1.4142135623730951,adjacent,0.6414943617752513,0.5594041625641692,0.6924218358134091,0.5120827063478794,0.8691793017068672,0.5740090533603325,0.540146973352123
TCCAGCGCTATAAGCG-1,0.681702374981091,False,12.165525060596439,distal,0.8154897917479426,0.4696260380092515,0.4696260380092515,0.5048821267346598,0.9276392787687326,0.5246087920389876,0.5403181503331981
TCCAGGCAGGACGATC-1,0.5447090389407727,False,15.811388300841896,distal,0.6435146482379387,0.47377807501532637,0.7283829348492448,0.4737780750153265,0.7194698416330075,0.47377807501532637,0.47377807501532626
TCCAGGCGAGTACGGT-1,0.7422472751013129,False,1.4142135623730951,adjacent,0.9605370710955062,0.4691863741353792,0.7073092570919022,0.5308848390272902,0.9866947086827587,0.6509378463901119,0.562105397250022
TCCAGGGTATATACGA-1,0.5919220388372705,False,10.198039027185569,distal,0.8731260101432313,0.607943673484553,0.7055676308309647,0.5798082817811959,0.8088332350689464,0.4452154043359527,0.4452154043359528
TCCATCAATACTAATC-1,0.8189106774627591,True,0.0,tumor,0.7105510041055938,0.49922594388402786,0.720503817644764,0.5835441862193242,0.8954188262832302,0.607581415222278,0.5147052969323493
TCCATTAGTTGGATAG-1,0.679059083924491,False,1.4142135623730951,adjacent,0.8111612699474261,0.46288246112690185,0.7179889093239704,0.5643872262163518,0.897530777285967,0.517639190770774,0.5332839706690234
TCCATTCCCACTAGAG-1,0.7268612511046887,False,1.4142135623730951,adjacent,0.761801259544112,0.4283285961099036,0.7054700997603522,0.5724646565977447,0.8234364962732864,0.5955618718534619,0.5655806880518468
TCCATTGTGACCTCGT-1,0.8040501269894349,True,0.0,tumor,0.9563571680692564,0.42055397648107895,0.7071838600011147,0.5636422746103401,0.9108580680928202,0.5341327784899094,0.5665838647781467
TCCCAAACAGACAACG-1,0.7729795144943112,True,0.0,tumor,0.5915491649482622,0.5137410441707382,0.6941564955693028,0.5090453101488045,0.8344054417937504,0.5547443447460167,0.5357122952842732
TCCCAAACATCCTCTA-1,0.6224154266287688,False,7.211102550927978,distal,0.7258262274981887,0.4770941314161512,0.7314063980382322,0.5434226903713612,0.7750552187189258,0.5323679305454928,0.4770941314161511
TCCCAAAGACGAAGGA-1,0.6754962142021164,False,2.8284271247461903,mid,0.8175286555574134,0.513273514276691,0.7159477233461518,0.6282171320292037,0.9326595622981546,0.45870255810065214,0.4587025581006521
TCCCAAAGCCCTAAAT-1,0.5325355689843234,False,1.4142135623730951,adjacent,0.8173846811198425,0.5217138221652518,0.7283481023240261,0.5665904995448551,0.8727886846358499,0.462130078582177,0.4621300785821769
TCCCAATATCGACGAC-1,0.6068064744707448,False,8.0,distal,0.6304733507960393,0.5143076532476298,0.729462743131026,0.5309610061491017,0.8243135425924786,0.5143076532476298,0.5299798568482735
TCCCACGGAGGGAGCT-1,0.7532384296303373,True,0.0,tumor,0.8892139924575972,0.5206703945209212,0.8537312601014324,0.5671775437032084,0.875078098188122,0.46580839324527673,0.46580839324527673
TCCCACTCTCTTCCGG-1,0.60191399750002,False,6.324555320336759,distal,0.6376209849709265,0.5746933189668518,0.7293791450705011,0.5621077857660368,0.7639865421788882,0.5706155913479103,0.5314925836577734
TCCCAGCACACGACAT-1,0.6010581125946449,False,15.556349186104045,distal,0.7202669564732765,0.5739037817285602,0.5950997603522264,0.5309424288023186,0.7600823660891067,0.5697827069671243,0.5306884499327235
TCCCAGCTTTAGTCTG-1,0.9087984968272547,True,0.0,tumor,0.7977298482230767,0.5352412268479816,0.7101515911497519,0.6599658176819186,0.958723090957623,0.474623344293968,0.4897532662956504
TCCCAGGCTTAGCTAA-1,0.7949538618323102,True,0.0,tumor,0.9009130765944007,0.4281613999888536,0.7123948057738394,0.5302067658696985,0.9870936327610531,0.488562546830395,0.4281613999888537
TCCCGCCTATGTGCGT-1,0.5523602519088225,False,4.47213595499958,mid,0.5608686767355886,0.5332596431910928,0.6083430864403945,0.5111724163554962,0.8293279595913374,0.4780415761021011,0.4780415761021012
TCCCGCGTACTCCTGG-1,0.8120914642399343,True,0.0,tumor,0.803646733173568,0.4958572516673169,0.7206570807557264,0.579758122944881,0.7986812039294021,0.4958572516673169,0.4420108120158278
TCCCGGGTGTGCTGCT-1,0.8092610727621594,True,0.0,tumor,0.7462009325828084,0.3821267346597559,0.6485607200579613,0.5403258466625797,0.8710023260793683,0.6134301832345638,0.5297808138470235
TCCCGGTCAGGAATTT-1,0.8112475219146346,True,0.0,tumor,0.792295974288952,0.48799284152903943,0.7157805272251018,0.5403964405803563,0.8421419289739146,0.5417216246509007,0.5033439224209999
TCCCGTCAGTCCCGCA-1,0.721232315029339,False,4.242640687119285,mid,0.8738040833008229,0.4344591205484033,0.6964484757286964,0.6372475803005815,0.9589812183024021,0.4881879036702645,0.43445912054840324
TCCCGTCGCGTCATAG-1,0.680543944713816,False,2.8284271247461903,mid,0.8037581972542682,0.5183141677039019,0.7272055954968512,0.5977855802634268,0.9292511080409601,0.46349551357075186,0.46349551357075175
TCCCGTGTGCAATTTG-1,0.4610711698155269,False,7.615773105863909,distal,0.8025785357335266,0.4610711698155269,0.7078944435155771,0.5323580226272083,0.7957934042596879,0.4610711698155269,0.4610711698155269
TCCCTAGATCAATAGG-1,0.6597041424829421,False,1.4142135623730951,adjacent,0.7043275929331774,0.5093165394118412,0.721033272028089,0.5590425235467872,0.8395723885872514,0.5041675181283942,0.5197211805638491
TCCCTCCGAAATCGTT-1,0.8188111559621342,True,0.0,tumor,0.8037024652139183,0.460876107674302,0.7175221534860392,0.5975254974084602,0.8507921282892904,0.460876107674302,0.4608761076743021
TCCCTCTTCTCAAGGG-1,0.6026584183246948,False,2.8284271247461903,mid,0.6368314477326348,0.5111123496008967,0.7248927158223262,0.5615560385665719,0.8503961374762772,0.4565290085270022,0.45652900852700207
TCCCTGGCGTATTAAC-1,0.8194600361462091,True,0.0,tumor,0.9597800442140852,0.496913064209503,0.5816822716379646,0.5768006093369745,0.8933406078312317,0.5025853474273471,0.4430418547623028
TCCCTGGCTCGCTGGA-1,0.9076480282800296,True,0.0,tumor,0.9623204963867061,0.4246502814468038,0.7105556484422895,0.5644894016236601,0.9248746762408445,0.47762358579947606,0.4927588156145254
TCCCTTAGATTACTCG-1,0.6083351247203446,False,4.47213595499958,mid,0.8059828345315722,0.5642435614012273,0.7259446580839324,0.6605584350443071,0.9017077470469351,0.5642435614012273,0.5954092722191702
TCCCTTGTCTGAAACT-1,0.6818058773417409,False,2.0,adjacent,0.8073250478366679,0.4654461349830018,0.5987362759850638,0.5364338925114716,0.8511338536945942,0.5203329060543573,0.5360148406461732
TCCGAACGTTGCCGCT-1,0.6154767876051943,False,11.40175425099138,distal,0.7284967210982928,0.5282220859883459,0.6018990692749262,0.6057887012576865,0.8503536051296943,0.5251165728510654,0.5408197386963479
TCCGAACTTGGCTTAC-1,0.8939260037738552,True,0.0,tumor,0.6103958832599529,0.5234539003139571,0.7015758234408962,0.6285069386390236,0.8645080767459529,0.4708892975905181,0.48590775551150067
TCCGAAGTAGTCACCA-1,0.7984331334941601,True,0.0,tumor,0.5865286369800665,0.4157331549908042,0.7045644541046647,0.5297739136896469,0.7662612894047525,0.6269575879172937,0.619413858169919
TCCGAATGGTCCTGAG-1,0.6082316223596945,False,4.0,mid,0.8067816604432555,0.5108305931746827,0.7272961600624199,0.6234241765591038,0.846003572717113,0.5108305931746827,0.5264249488459486
TCCGACCGCTAATCAA-1,0.6236455123764938,False,4.242640687119285,mid,0.7333686302922217,0.5367088372438649,0.6058630106448197,0.5145795017555591,0.6700575213321718,0.4813854985231009,0.4813854985231009
TCCGAGAAGGCTAAGC-1,0.7334177275658632,False,1.4142135623730951,adjacent,0.8921538575860596,0.5539795773034363,0.5840926823831021,0.5801055193297293,0.8734296030998747,0.5053936230160941,0.5224440888209488
TCCGATAATTGCCATA-1,0.8902397273907054,True,0.0,tumor,0.8902496795407681,0.4886213750952089,0.8377709970462018,0.6422263092385146,0.9021712029614247,0.4886213750952089,0.5039689174449249
TCCGATGACTGAGCTC-1,0.6744253628553912,False,4.0,mid,0.8083328688996637,0.557462829825311,0.7083124338182021,0.5507217299225324,0.8449197311955696,0.4488658529788776,0.4488658529788775
TCCGATGGTGCGACAT-1,0.8716729962341063,True,0.0,tumor,0.8936586226755096,0.4262386445967787,0.7092459454940646,0.5327945902766166,0.8974706453476947,0.5401115879296785,0.5726467145962213
TCCGATTACATTGCCG-1,0.739699524685313,False,1.4142135623730951,adjacent,0.9813529881662301,0.4354622972747032,0.7143872262163519,0.5373943413401697,0.9358362885981045,0.5963142543981867,0.5733354033805462
TCCGCAGCCACCTAGC-1,0.8218326287211088,True,0.0,tumor,0.8968307046387635,0.43618681379925317,0.6976745806163963,0.5467498931802559,0.8966537309667749,0.5438549233065201,0.5054020270539247
TCCGCCTGTCTACAAG-1,0.598239663696945,False,2.0,adjacent,0.7250877779635512,0.5122517602036077,0.7284734994148137,0.5593174682791805,0.8234056969878298,0.5122517602036077,0.5278859244751236
TCCGCGGCAGCATCTG-1,0.5850550552941457,False,8.602325267042627,distal,0.7162356722212934,0.4383882293930781,0.7186994928384328,0.5765498151553995,0.9199247910781804,0.4383882293930781,0.4383882293930781
TCCGCGGCCCAATGAA-1,0.4630217912277769,False,10.198039027185569,distal,0.7231278678779097,0.5177692321982574,0.7194588418882015,0.5338869382674767,0.929210042327018,0.5177692321982574,0.5334113581898234
TCCGCTGGGTCGATCG-1,0.7464311589875876,False,1.4142135623730951,adjacent,0.8797999219751436,0.6602079424349947,0.7181561054450204,0.612810938341786,0.8910174617282213,0.4931170930167753,0.5084593275531246
TCCGCTGTCATCCCGG-1,0.5359232808655984,False,5.656854249492381,distal,0.8067816604432556,0.5751236941673324,0.7322284456333947,0.5641475784428469,0.7929877360178578,0.46536253692247675,0.46536253692247687
TCCGCTTATCCCATTA-1,0.541285499319273,False,1.4142135623730951,adjacent,0.6403704322948596,0.47048988463467656,0.6023727916179011,0.5737074810975498,0.7441811349976681,0.5255531405004737,0.47048988463467645
TCCGGAGGAAGGGCTG-1,0.7765941353970112,True,0.0,tumor,0.5904066581210872,0.6159783759683441,0.6974864849802151,0.6156829961544893,0.7297758691998345,0.6248707326286326,0.5527702804913973
TCCGGCCTAGCGTACA-1,0.5912651969331454,False,3.1622776601683795,mid,0.7899459399208605,0.49727222624731393,0.7168882015270579,0.5485556112875958,0.8907622676487239,0.49727222624731393,0.44312545282282784
TCCGGCCTGCATCGAT-1,0.6754643673219162,False,1.4142135623730951,adjacent,0.8144587490014676,0.4505378141893775,0.7197932341303015,0.5554050790466106,0.9071885532255652,0.4505378141893775,0.4505378141893775
TCCGGCTGTCGGGTCG-1,0.60022611284942,False,16.1245154965971,distal,0.8074225789072805,0.6830054431626074,0.7281878727080199,0.6320440654665701,0.875663284611797,0.5731390142859796,0.6054609437822948
TCCGGGCCACTAACGG-1,0.5309631292744484,False,7.0710678118654755,distal,0.6248211930372104,0.574213404174949,0.7275121217187761,0.529361496591057,0.8728884156554235,0.5153201186473215,0.5309631292744484
TCCGGGCTTGACGGGA-1,0.6392226176543181,False,3.1622776601683795,mid,0.6837531813706366,0.5488429409178448,0.7156829961544893,0.6507161567184973,0.8547916355007231,0.5933233015660703,0.5703736435219465
TCCGGTTCGTCCGGTC-1,0.4735551468539264,False,6.0,distal,0.6437933084396886,0.5286276913931153,0.7276375188095636,0.5432387746382062,0.7452019113156574,0.4735551468539263,0.4735551468539264
TCCGTAACCACAATCC-1,0.801263524971935,True,0.0,tumor,0.8016171580374891,0.4983961557277056,0.7211377696037451,0.5830184473053559,0.9253659981755089,0.504003418231808,0.5210388452321238
TCCGTTAAGCTAATAT-1,0.5351589557407983,False,11.045361017187261,distal,0.7170948745100225,0.574352734275824,0.5964164298054951,0.6010960634602166,0.8248165975882693,0.574352734275824,0.6057077571038446
TCCGTTTAGCCTTGAA-1,0.5472289233365977,False,8.602325267042627,distal,0.5552768953538055,0.4725241041074514,0.7349105500752382,0.5407326905571347,0.7167741708392366,0.4725241041074514,0.47252410410745144
TCCTAAAGATTCAGAC-1,0.4675360864961266,False,5.0990195135927845,distal,0.5558713704508722,0.5775511341470211,0.7330922922588197,0.6348882572590981,0.7915563025604473,0.46753608649612655,0.4675360864961266
TCCTAAATTGGGAAGC-1,0.6038287911720447,False,4.47213595499958,mid,0.8046777759200431,0.5215342411463462,0.7306331159783759,0.4984729420944102,0.851993300422097,0.5175927474038158,0.5332720280889482
TCCTAACCGTCGGGCA-1,0.5668028120795217,False,6.324555320336759,distal,0.4954021066711252,0.4954021066711252,0.620353341135819,0.4954021066711254,0.5480131527615226,0.4954021066711252,0.4954021066711252
TCCTACATCCACGGCC-1,0.4690965836259266,False,8.246211251235321,distal,0.7270198220290177,0.5242062828586822,0.7342556986011258,0.5725742629437663,0.7407418814550168,0.46909658362592654,0.4690965836259266
TCCTAGCAAAGAAGCT-1,0.7116065954888894,False,1.4142135623730951,adjacent,0.9584378309089896,0.5147813755906048,0.7037424065095024,0.6116925820654294,0.9566522056688284,0.4099927548347545,0.40999275483475456
TCCTATCATAGGTAAC-1,0.5254177912596238,False,6.324555320336759,distal,0.7183767114380725,0.6290877903484491,0.5911776180125955,0.5985899793791449,0.8667197587682631,0.5098490900196301,0.5254177912596238
TCCTCCTAAGACATTC-1,0.8914658322784054,True,0.0,tumor,0.7061063738876814,0.5261754816177153,0.705699994426796,0.5651191736796151,0.8939360606833922,0.420693306581954,0.420693306581954
TCCTCGGGCTGGGCTT-1,0.5451469335435227,False,10.0,distal,0.8095868398075386,0.4741681992977763,0.7358579947611882,0.5091549164948261,0.7960896640531274,0.5293738814889124,0.47416819929777626
TCCTCTACGAGATGGC-1,0.6396644931170931,False,1.4142135623730951,adjacent,0.9520100689219566,0.5230823533782905,0.7032338516413086,0.5236693975366439,0.8952413637336947,0.4729947302259625,0.40910104218915455
TCCTCTCCAGTTGTCC-1,0.8967364909515051,True,0.0,tumor,0.786894610711698,0.5499111383578863,0.8226188485760464,0.6122629066116777,0.9165060703925,0.4802522803693177,0.4954060875311502
TCCTCTGGCCCATTAG-1,0.48745232920120063,False,2.0,adjacent,0.510742350777462,0.5253302123390737,0.7093504430697207,0.5894907949246689,0.8853445266736478,0.5253302123390737,0.48745232920120063
TCCTGCAGCCGCCAAT-1,0.5517272951648474,False,16.1245154965971,distal,0.7327648665217633,0.4805773839380259,0.6050897285849635,0.5469839677497259,0.6944681550054705,0.4805773839380259,0.480577383938026
TCCTGCCAACTGGAGA-1,0.5216399550958989,False,2.0,adjacent,0.7892957327834438,0.44476954801315277,0.7214373293206264,0.6150940942614577,0.8700812807809524,0.49894418745781394,0.5144226558705742
TCCTGCGTTGATACTC-1,0.5980167355355451,False,3.1622776601683795,mid,0.8096239945011053,0.56678556168608,0.7284038343643761,0.5592022887291237,0.9022313348996969,0.45747645321295205,0.45747645321295216
TCCTGGCGCTGCCTGG-1,0.6747358699373412,False,1.4142135623730951,adjacent,0.7102166118634937,0.4500919578665775,0.7237920080254139,0.4863437923795724,0.8956549541383974,0.5589118628744109,0.520047611085899
TCCTTACGACGGTCCG-1,0.5312258660360983,False,12.727922061357855,distal,0.5429740474465437,0.5703864707375826,0.7297762358579947,0.5648200783964035,0.8491421665684022,0.460736777573427,0.4607367775734269
TCCTTCAATCCCTACG-1,0.6581356836330922,False,1.4142135623730951,adjacent,0.8789778743799811,0.5948063930842731,0.7132656189043082,0.5617399542997268,0.9194584018984094,0.5414522531225424,0.5053900844738497
TCCTTCAGTGGTCGAA-1,0.8732494168040061,True,0.0,tumor,0.7905357706812314,0.5166886498603602,0.8015591038287911,0.6533578554310875,0.8757380828764771,0.5722287242935963,0.5434988574931727
TCCTTGTCCTTTAATT-1,0.47776291590035125,False,15.811388300841896,distal,0.6437422207360345,0.47776291590035114,0.7381221089004069,0.47776291590035125,0.6646969790300865,0.47776291590035114,0.47776291590035125
TCCTTTAAATCCGCTT-1,0.5299241248079234,False,6.324555320336759,distal,0.8978896134054134,0.5082421495228718,0.7255754333166137,0.591599323784577,0.9323017039338021,0.5082421495228718,0.5238135046695487
TCCTTTCTTACGCTTA-1,0.7427090548642129,False,1.4142135623730951,adjacent,0.8646686730201192,0.5427495711729118,0.7172434932842892,0.5371881327908749,0.8955889556695618,0.5427495711729118,0.5044028311876497
TCGAAATTTAGGACCA-1,0.6727016504645663,False,2.0,adjacent,0.8810399598729309,0.5563481890183111,0.7236526779245388,0.5496906871760575,0.8959350809727881,0.44780694421222766,0.44780694421222755
TCGAAGAACCGAGCAC-1,0.5467830670137978,False,18.110770276274835,distal,0.6374816548700515,0.6374816548700514,0.5961447361087889,0.5752010997789295,0.8485525802468049,0.5272498715066847,0.5429972691300229
TCGAATATCCCGCAGG-1,0.6766944530696412,False,1.4142135623730951,adjacent,0.9825698043805384,0.5512641884486058,0.8389065373683331,0.5774266659235728,0.9317795827136811,0.44295825670177785,0.4429582567017779
TCGAATCGCAGGGTAG-1,0.4894109123335006,False,14.422205101855956,distal,0.4894109123335006,0.48941091233350054,0.7416471604525442,0.5233925950695723,0.7018995825963504,0.48941091233350054,0.4894109123335006
TCGACAACTGAACCCG-1,0.8226009347059338,True,0.0,tumor,0.7166768842073975,0.44173215181407793,0.7022933734604023,0.5801408162886177,0.9249260083832721,0.495631227281453,0.5110309631292744
TCGACATAGCGTAGCG-1,0.6921799985668905,False,2.0,adjacent,0.728269148600197,0.5309065125985373,0.599983280387895,0.5766947184603095,0.8267173534907323,0.5309065125985373,0.5466954880932475
TCGACTGACGATGGCT-1,0.4701833584127515,False,10.0,distal,0.640082483419718,0.5252249407073015,0.7260700551747199,0.5384811161269947,0.8240524819824181,0.5252249407073015,0.540951107077173
TCGAGACCAACACCGT-1,0.8995191121089802,True,0.0,tumor,0.853382934849245,0.49120981874701986,0.7062642813353397,0.6034498132976647,0.8507642622691154,0.5981843739743757,0.49761148398500016
TCGAGCCAGGCAGGCC-1,0.8109688617128844,True,0.0,tumor,0.9617399542997269,0.4445187538315778,0.7219458841888202,0.5530903416374074,0.8690150388510985,0.4445187538315778,0.4445187538315779
TCGAGGGCAACAGACG-1,0.5984824961584702,False,11.661903789690601,distal,0.7168115699715766,0.621885972245444,0.7260073566293261,0.6251388656672054,0.8184044796827381,0.45806163963662716,0.4580616396366271
TCGAGTCTACGATTCG-1,0.8341533904984831,True,0.0,tumor,0.9778232922773968,0.46608705344702667,0.7226634342083263,0.5674877853944899,0.8162998618432051,0.46608705344702667,0.4660870534470267
TCGATAGGCTAGTCGC-1,0.7489709476835376,False,1.4142135623730951,adjacent,0.9727748982890264,0.5488800956114114,0.7150978097308143,0.5753348566757696,0.8446469375243829,0.5488800956114114,0.579653028240221
TCGATGTTACGGCCGT-1,0.6959538538705903,False,1.4142135623730951,adjacent,0.8151739768526259,0.48018725965557596,0.7388466254249568,0.547736350294451,0.6954009333650126,0.48018725965557596,0.480187259655576
TCGATTTACGAAACGA-1,0.5518825487058224,False,21.400934559032695,distal,0.5606085938806221,0.5329562131936316,0.6081340912890821,0.5454754871909194,0.6921714082899945,0.47765145181965113,0.4776514518196512
TCGCAAAGATGCATTT-1,0.5327545162856984,False,4.47213595499958,mid,0.7160870534470267,0.6267346597558937,0.730605249958201,0.6647327648665218,0.8280461226632876,0.5170911590406658,0.5327545162856984
TCGCACCAGGAGGCAG-1,0.6168302800136941,False,3.1622776601683795,mid,0.5577244607925096,0.5301417451559568,0.7361993535083319,0.6092329413513163,0.7449335175423931,0.47497631388285133,0.4749763138828512
TCGCACTAACGTTTGT-1,0.7434216288086878,False,2.0,adjacent,0.8964916680599678,0.5052419080173637,0.7216532909769827,0.5889409054598822,0.952818427945805,0.4509000724516524,0.4509000724516525
TCGCATAAAGGGCGCA-1,0.4621300785821769,False,4.47213595499958,mid,0.8874073454829182,0.5169580213887186,0.5944170428579391,0.6017759943524866,0.927552747442926,0.5209242849269601,0.5377226295968981
TCGCATCCCTAAGTGT-1,0.6073040819738696,False,1.4142135623730951,adjacent,0.9847479982908841,0.5077746196288246,0.589714651953408,0.5224358617102305,0.9023105330622996,0.5077746196288246,0.5233318206065238
TCGCATTCAATGACTT-1,0.8231184465091838,True,0.0,tumor,0.7114427167511935,0.4327592933177284,0.714714651953408,0.5067380036783147,0.8972477171862946,0.5399134295639896,0.5016440951903248
TCGCCACCCGGATTAC-1,0.5518108932253725,False,7.0710678118654755,distal,0.5670967322447008,0.4806888480187259,0.6098269520147133,0.5484924483085326,0.8005364942200007,0.5360059942905621,0.480688848018726
TCGCCCAACTGACTCC-1,0.7165149958997141,False,1.4142135623730951,adjacent,0.6946534395957569,0.5502238570287391,0.7113707295324081,0.5369261922012298,0.8572702446636571,0.48250323555456476,0.42902524661427854
TCGCCCACTGCGAGAG-1,0.7379041568140382,False,1.4142135623730951,adjacent,0.8860326218209514,0.4962969155411891,0.7165677422950454,0.581023240260826,0.9264498396970525,0.5563327078959917,0.5117594605138495
TCGCCGAAGTTGCGTC-1,0.8904069235117555,True,0.0,tumor,0.9637602407624142,0.5405945989460451,0.7130844897731706,0.5994018094335766,0.9168961946749501,0.48703920439416165,0.43348380984227836
TCGCCGACATATTCGC-1,0.5387974618036481,False,3.1622776601683795,mid,0.7204945289713723,0.5780620111835628,0.7332246558546508,0.6703932824314033,0.8250512588107956,0.5230916420516822,0.5387974618036481
TCGCCGCACCGCGTGA-1,0.6088566173836195,False,1.4142135623730951,adjacent,0.6445178249642386,0.46764755057682655,0.6006381318620074,0.6349105500752383,0.8002593006508916,0.525961842129707,0.46764755057682666
TCGCCGGAGAGTCTTA-1,0.6757032189234163,False,2.0,adjacent,0.8975970201935759,0.5718943320514964,0.7158153597503205,0.60060190603578,0.8735865327924391,0.45795017555592715,0.45795017555592704
TCGCCGGATGGGCAAG-1,0.6734460712892414,False,1.4142135623730951,adjacent,0.8855496108045848,0.510378544402955,0.7271846959817199,0.5575340429879805,0.8721580326003103,0.4558323580226273,0.45583235802262717
TCGCCGGTCGATCCGT-1,0.8110683832135094,True,0.0,tumor,0.9640853443311226,0.7189216469437167,0.716999665607758,0.7163592115774026,0.9165926017183068,0.43562949339575324,0.43562949339575324
TCGCCTCCTTCGGCTC-1,0.677817055596691,False,10.0,distal,0.8015939363540099,0.5698353427830104,0.7291980159393635,0.5619275855022386,0.8488620397340115,0.460235189210277,0.46023518921027706
TCGCCTCGACCTGTTG-1,0.7686642622272115,True,0.0,tumor,0.8081703171153096,0.4657805272251017,0.7307027810288135,0.5343272213862416,0.7382882050469762,0.5243301318372376,0.541058590297848
TCGCGCGTTTACATGA-1,0.6819889969028908,False,1.4142135623730951,adjacent,0.7192266250534098,0.4575600512734771,0.72556846681157,0.5295547009976035,0.8756970171625352,0.5121371998984439,0.5277306709341485
TCGCGTAGCAGTGTCC-1,0.5557360212100223,False,6.324555320336759,distal,0.6561333110405173,0.5399134295639896,0.6129061472440506,0.5519942781771906,0.7791280575623979,0.4845343588028757,0.4845343588028758
TCGCGTCCAGAAGGTC-1,0.6726857270244665,False,1.4142135623730951,adjacent,0.9930799383232087,0.45003622582622754,0.7094479741403332,0.5549183525608874,0.9563618124059522,0.504344002922836,0.5198605106647239
TCGCTAAACCGCTATC-1,0.5225515720416238,False,5.830951894845301,distal,0.710653179512902,0.5054710286276914,0.7219319511787327,0.5149046053242675,0.8655391194924277,0.4999287868373306,0.5154258325968741
TCGCTACTGGCTTTGA-1,0.4827509335116758,False,10.295630140987,distal,0.4827509335116758,0.4827509335116759,0.7412361366549629,0.515976518233666,0.5614431078532311,0.5381269080483259,0.4827509335116758
TCGCTCGATATATTCC-1,0.8041615910701349,True,0.0,tumor,0.7947249623808728,0.49094354344312546,0.7181421724349328,0.576378903564993,0.91821469741902,0.4370785264448531,0.4370785264448531
TCGCTCGGCACCAGCG-1,0.639819746658068,False,1.4142135623730951,adjacent,0.6595050994816921,0.47179649135843754,0.7035264448531461,0.5564602723439037,0.8190028658001802,0.4742146426647347,0.41080086941982946
TCGCTGCCAATGCTGT-1,0.4714930613609764,False,7.0710678118654755,distal,0.7239034721061138,0.47149306136097635,0.734332330156607,0.5397443757082614,0.7406802828841036,0.526574894573557,0.5423125612057228
TCGCTGGGCGGATTGT-1,0.5930526030843704,False,1.4142135623730951,adjacent,0.7070213082167606,0.5619275855022385,0.7229560274201638,0.5575972059670438,0.8451661254792221,0.5074588047335079,0.4529900239647774
TCGCTGTGCGTAAATC-1,0.8738943161280562,True,0.0,tumor,0.8797209682513144,0.5896852378210009,0.7109597057348269,0.6340541343885265,0.9886511966255715,0.5366500089790508,0.49127793568522543
TCGCTTAATTACGAAG-1,0.5898161638840456,False,2.0,adjacent,0.5117641048505451,0.5469449553214809,0.6934180460346653,0.5067955934533431,0.8002622339161731,0.5384984549839925,0.500306526221925
TCGCTTTAAACGTTTG-1,0.5156169138780742,False,7.615773105863909,distal,0.6122118189080236,0.5460811086960561,0.7138926043582456,0.5079028033216296,0.8594276612782583,0.600094744468595,0.5769460434232211
TCGGAATGACCATCAA-1,0.80196017547631,True,0.0,tumor,0.8473360084712702,0.4697963303547654,0.7038538705902023,0.5934756358096938,0.9189934793512791,0.48114089679045374,0.49946258389662507
TCGGAATGCGCTCTGA-1,0.9633123940096018,True,0.0,tumor,0.864227461034015,0.47086762401927085,0.6926168979546341,0.6185364766204089,0.9142357230645581,0.6276882968907713,0.5444104744388978
TCGGACGCCCAGCCCA-1,0.5881203175133954,False,6.0,distal,0.7921937988816437,0.44833639859555263,0.7230674915008638,0.5534618885730739,0.8392277299166659,0.44833639859555263,0.4483363985955525
TCGGAGAGTATCGGGA-1,0.900446652494805,True,0.0,tumor,0.5911729736758996,0.47425798980722905,0.67603661595051,0.6020360772074533,0.7593299835443817,0.5450655470719005,0.4990246892938749
TCGGAGTACATGAGTA-1,0.5421493459446979,False,4.0,mid,0.6423396310538929,0.4670066321128016,0.7330156607033383,0.5680265284512065,0.8228175772988733,0.4670066321128016,0.46700663211280163
TCGGAGTCCTGGTTGC-1,0.7608219679779619,True,0.0,tumor,0.8806451912537852,0.5728479691863742,0.7303614222816697,0.5647996433149418,0.8457454453723342,0.46338404949005185,0.46338404949005174
TCGGATCTGGATGACC-1,0.8309328747382585,True,0.0,tumor,0.7293791450705008,0.4628545951067269,0.5962492336844452,0.5313901428597967,0.8216193384313485,0.5175834587304241,0.4628545951067268
TCGGCAGGGTTAAGGG-1,0.481608426684501,False,9.486832980505138,distal,0.7334661613628342,0.5369193805074093,0.6104957364989133,0.5479815712719909,0.7760525289146625,0.48160842668450093,0.481608426684501
TCGGCGAACCCAAACC-1,0.5326669373651484,False,14.560219778561036,distal,0.7226216351780638,0.5812046790144099,0.729908599453826,0.599459399208605,0.8459859731254236,0.4622972747032269,0.46229727470322685
TCGGCGGTATTAGATT-1,0.7958455744779103,True,0.0,tumor,0.7243771944490888,0.6480150104962009,0.6851279050326032,0.6248026156904272,0.8908898646884724,0.4861660690953451,0.45360705726865225
TCGGCGTACTGCACAA-1,0.7501094736506876,False,1.4142135623730951,adjacent,0.7890542272752605,0.4840668289088285,0.7073789221423397,0.5701945048208216,0.8931983444650752,0.4840668289088285,0.4308365379256535
TCGGCTAACTTCCCTT-1,0.5398722940103979,False,1.4142135623730951,adjacent,0.9014564639878131,0.5181562602562436,0.7205595496851139,0.5318694384068067,0.9313953249617943,0.46335618346987684,0.4633561834698768
TCGGCTTGTATCGACG-1,0.536556237609573,False,7.0710678118654755,distal,0.9018883873005259,0.4661427854873767,0.7204271860892827,0.6331549908042133,0.960639979819135,0.5209088038046407,0.5365562376095732
TCGGGAACGTGCCTAG-1,0.5324161431835734,False,5.656854249492381,distal,0.6353034609597058,0.5111309269476799,0.7148748815694143,0.5582009697375021,0.9310374665974417,0.5111309269476799,0.5267235133478237
TCGGGAGACAGCGTAC-1,0.5289129863615736,False,5.830951894845301,distal,0.9587211354474353,0.458563227999777,0.7285779969904698,0.5655445949209533,0.7912805756239788,0.458563227999777,0.45856322799977706
TCGGGATTCAAACATA-1,0.6345371454048933,False,2.0,adjacent,0.7901084917052147,0.5958560131775313,0.7109806052499583,0.5669137453788851,0.8674398753948909,0.5887068308904122,0.5657916736331716
TCGGGCACTTCTGGAT-1,0.7349941481357634,False,1.4142135623730951,adjacent,0.8903890096416429,0.5480472112306254,0.7148748815694143,0.5097921194894945,0.9226864603407866,0.5480472112306254,0.5094903702995995
TCGGGCCGTCGTGGTA-1,0.5943185165723203,False,15.231546211727817,distal,0.6187278232922774,0.5671416274994272,0.7224056735217077,0.6203384792583925,0.8582162227169663,0.44786267625257753,0.44786267625257764
TCGGGTGAAACTGCTA-1,0.9728107260292514,True,0.0,tumor,0.879423730702781,0.4174329822214791,0.8162932619963217,0.5645395604599751,0.9178861717074831,0.5829695269588264,0.49510752302927524
TCGGTCCCGACAATAG-1,0.5961616547638952,False,1.4142135623730951,adjacent,0.9052880417618757,0.5074588047335079,0.7217090230173328,0.6575117501718404,0.9627181982711333,0.4481413364543276,0.4481413364543276
TCGGTCCCTGACTCCA-1,0.4961664317959252,False,2.8284271247461903,mid,0.708368165858552,0.4809303535269093,0.7131193222983893,0.4975775139794536,0.956287014141272,0.5946763516567898,0.5738489343237713
TCGGTGACCGCTCCGG-1,0.5920932158183454,False,1.4142135623730951,adjacent,0.606327444314403,0.542882708824859,0.7106740790280331,0.573882108157313,0.7768723765608638,0.48914463702960614,0.5044983718282497
TCGGTTAGCCATGTAG-1,0.577594923607296,False,1.4142135623730951,adjacent,0.7750051087703654,0.43863902357465306,0.7178913782533579,0.5408218618216946,0.8931308793635988,0.43863902357465306,0.43863902357465306
TCGTAACTCCCAAGAC-1,0.5348962189791483,False,6.0,distal,0.9796670939456428,0.46447082427687675,0.7290726188485761,0.5706032064500548,0.8761340736894904,0.5192461312675323,0.5348962189791483
TCGTAAGACGACATTG-1,0.660938209090692,False,2.0,adjacent,0.7974604766947184,0.5531312118003308,0.7211656356239202,0.5826208920841924,0.8729294813693657,0.5046071820022664,0.521687725416199
TCGTAAGCTCCGAGGA-1,0.6573315499080421,False,1.4142135623730951,adjacent,0.6814588790428951,0.49090638874955883,0.7096360697765145,0.5796132196399709,0.8162851955167973,0.4840172893174064,0.4305578777239035
TCGTACCGACGTCAAG-1,0.5571412647988472,False,15.033296378372908,distal,0.7355282468557841,0.4836426461572758,0.4836426461572758,0.5512734771219975,0.6717456155017205,0.4836426461572758,0.4836426461572758
TCGTATAGTGCAATTA-1,0.7591460259074371,True,0.0,tumor,0.8913271656542013,0.5142519212072798,0.7149933121551582,0.6619740288691971,0.8479585940272854,0.5142519212072799,0.5298763544876236
TCGTATCACCAAGCTA-1,0.6381119577073431,False,2.8284271247461903,mid,0.8572145126233072,0.5144005399815464,0.8201527057905591,0.6198294599565288,0.949578636442301,0.5144005399815464,0.4770224759357012
TCGTATTACCCATTGC-1,0.741642184377513,False,1.4142135623730951,adjacent,0.9810000185773466,0.5571593998278499,0.7203993200691077,0.5216333203291907,0.8740397222784431,0.5571593998278499,0.5882118772939705
TCGTATTTCGTCCGGA-1,0.6738879467520162,False,1.4142135623730951,adjacent,0.8842538408664474,0.593081796057887,0.6941564955693028,0.6388229393078082,0.9566463391382655,0.5395852297708175,0.5701546962205715
TCGTCAAGTACGCGCA-1,0.679082969084641,False,1.4142135623730951,adjacent,0.7079687529027104,0.5085208097246219,0.726432313436995,0.5918185364766203,0.8746777074771865,0.4540489327314273,0.4540489327314274
TCGTCACACTGTTAGC-1,0.738353993996863,False,1.4142135623730951,adjacent,0.9042151999851381,0.4498968957253525,0.7214024967954077,0.5518865295658474,0.9560406198576191,0.5043440029228359,0.519900319264974
TCGTCCGCTGGCGTCT-1,0.8097148908050095,True,0.0,tumor,0.7201369150457931,0.4982072860354084,0.7213328317449702,0.5136060487841125,0.9311577304739863,0.44418436158947777,0.44418436158947777
TCGTCCGGGTACACTC-1,0.6746045015565162,False,2.0,adjacent,0.621268275464898,0.6136283416002527,0.7213467647550577,0.6560051273477122,0.754529694911078,0.5049756327134692,0.45064927827007745
TCGTCTTAGGCGTTAA-1,0.7308938623100135,False,1.4142135623730951,adjacent,0.7190919392892307,0.4974610959396112,0.7213955302903639,0.5813316242174292,0.8667989569308658,0.4974610959396112,0.5129457568012994
TCGTGTACTATGGATG-1,0.4903026249791004,False,4.0,mid,0.49030262497910043,0.4903026249791005,0.6174552750376192,0.5242675881030671,0.6238043277395966,0.4903026249791005,0.4903026249791004
TCGTGTATTGGTCACG-1,0.560823560321972,False,13.038404810405298,distal,0.48955024243437556,0.5449850452358393,0.6142785487376693,0.5567500789537237,0.6219637037754058,0.48955024243437545,0.48955024243437556
TCGTGTCACGCTGACA-1,0.6905398842365905,False,1.4142135623730951,adjacent,0.8961015437775178,0.5841522847040319,0.7355166360140444,0.6743056716639729,0.8513377156316639,0.529048777920204,0.5447926370012978
TCGTGTTCGACCACAA-1,0.5555728059489973,False,7.0710678118654755,distal,0.6530401828010924,0.5397493296674036,0.7373766928607257,0.5187241078229208,0.7765130515638704,0.4843671626818258,0.4843671626818259
TCGTTAGGAGTCCCTA-1,0.621444096782669,False,7.0710678118654755,distal,0.6461247654609968,0.4763696148916012,0.731246168422226,0.5443218339556744,0.7487100965924257,0.5315381423891705,0.5473005788170476
TCGTTCGTTATTATGT-1,0.7565385625910622,True,0.0,tumor,0.8130840253395011,0.4655297330435267,0.8451694254026639,0.632606959074105,0.8783926879563061,0.5203298098298935,0.4655297330435268
TCGTTGACAGGGTCCC-1,0.6010620934546699,False,2.8284271247461903,mid,0.7146055100410559,0.45335228222705237,0.7259516245889761,0.5224544390570138,0.9001472499171352,0.45335228222705237,0.45335228222705226
TCGTTGCTATCCGGTC-1,0.7544645345180372,True,0.0,tumor,0.8957485741886343,0.4671180961935016,0.7311416708465697,0.5026008285496665,0.8795337281508403,0.4671180961935016,0.4671180961935017
TCGTTGGCTCGTCAAT-1,0.6753011520608911,False,1.4142135623730951,adjacent,0.9064073269055712,0.45870255810065214,0.7266413085883074,0.5305671663972952,0.8765432641962707,0.45870255810065214,0.4587025581006521
TCGTTTACGCGACCCT-1,0.4731371565513013,False,6.324555320336759,distal,0.812944695238626,0.5282251822128097,0.7361645209831131,0.5759497668542978,0.8793841316214798,0.5310706124951234,0.5476230284790725
TCTAAAGAACAGTCTC-1,0.8210563610162339,True,0.0,tumor,0.8818062754277434,0.4419829459956529,0.7184486986568578,0.5474223931338127,0.956926465972656,0.4959872930948003,0.44198294599565285
TCTAACCTAGCCTGCG-1,0.6051424749802948,False,7.0710678118654755,distal,0.6342213305095766,0.5190572615752351,0.731218302402051,0.5657210797153951,0.8234350296406457,0.5190572615752351,0.5347091185579732
TCTAACTGTATGTAAA-1,0.8875606085938805,True,0.0,tumor,0.7907772761894146,0.40882238198740456,0.7032547511564399,0.5880807743038139,0.8615836112602187,0.5244911355093599,0.4759874523292012
TCTAATACTGCCTCAG-1,0.961130882715902,True,0.0,tumor,0.8543954002489365,0.467805458024485,0.8145377027252969,0.6302959371342586,0.856896253340256,0.5197693932019295,0.4739890605966513
TCTACACGTTCATGCA-1,0.5094585234193996,False,3.1622776601683795,mid,0.8728612829515688,0.5390093320205342,0.7145822883575769,0.5379888164372364,0.9306634752740404,0.43175611659142843,0.4317561165914285
TCTACCCAATAGAGAG-1,0.5449956608625728,False,8.246211251235321,distal,0.8177144290252466,0.4741124672574263,0.7283550688290699,0.5422058741570529,0.7982646802594179,0.529243840061429,0.5449956608625728
TCTACCCGCATCATTT-1,0.45769938137435207,False,8.0,distal,0.5396997900759813,0.5123663205087716,0.7262442178008136,0.5292853294692452,0.7388645916748066,0.4576993813743521,0.45769938137435207
TCTACCGTCCACAAGC-1,0.7525298365458875,True,0.0,tumor,0.7706254992661948,0.48830246397542837,0.7122206431477457,0.6068661873711196,0.8622303962548069,0.48830246397542837,0.4260993144959037
TCTACGCACGATCTCC-1,0.5495816116113724,False,3.1622776601683795,mid,0.6446896654219844,0.5297454284245791,0.605633115978376,0.5426981738468112,0.8008078212585468,0.4745861896004013,0.4745861896004012
TCTACGGGCTCAGTTG-1,0.8105031010899595,True,0.0,tumor,0.5840067621542292,0.47765764426857893,0.5675541994092405,0.5646677441527802,0.7076355828544778,0.5401425501743174,0.42448308532575385
TCTAGCAATCTCCGCC-1,0.7447671594971377,False,1.4142135623730951,adjacent,0.8895623177097848,0.440478180906203,0.7177241821323079,0.5512121718776124,0.908715317804627,0.6141856620037527,0.5174879180898242
TCTAGCATCTTCGATG-1,0.5927420960024204,False,1.4142135623730951,adjacent,0.9024735737242007,0.4444630217912277,0.719584238978989,0.5819558230693491,0.9287333867187615,0.552453138642739,0.5138852397671994
TCTAGCATGCCCAGAA-1,0.47060134871537646,False,3.1622776601683795,mid,0.6405422727526054,0.5288196573098763,0.7335381485816196,0.5408144308829814,0.8517747721586193,0.47060134871537646,0.47060134871537646
TCTAGGTGGCGACGCT-1,0.5931600863050454,False,4.0,mid,0.707425365509298,0.6164799643314942,0.7257147634174888,0.5909825558713705,0.9249465412402433,0.4532408181463523,0.4532408181463524
TCTAGTGATATCGTGG-1,0.45611101822437716,False,18.384776310850235,distal,0.8076129967118096,0.6800640299219132,0.714686785933233,0.6622396849281985,0.8998421903278512,0.565451088942144,0.5966911091472201
TCTAGTTATCAGAAGA-1,0.9764532129521263,True,0.0,tumor,0.8664288766278401,0.5561314533058389,0.6974377194449088,0.6165356963718441,0.9681491389399765,0.7293218649179191,0.6785336104011911
TCTATAGGTGGGTAAT-1,0.6873950048168407,False,2.0,adjacent,0.811802188411451,0.5264046022280431,0.6034595664047261,0.5744301398874213,0.8843721492328043,0.47140946330045147,0.47140946330045136
TCTATCATGCAGTTAC-1,0.8144322099346343,True,0.0,tumor,0.8857353842724183,0.4917578504771282,0.7147982500139329,0.6391090304482713,0.923095650847567,0.545331822375795,0.5779014498292211
TCTATCCGATTGCACA-1,0.46380203979267687,False,10.0,distal,0.7166815285440933,0.5736375064246658,0.7314481970684947,0.5297033197718702,0.8223174555683641,0.46380203979267676,0.46380203979267687
TCTATCGGTCGCAACA-1,0.7071758982810646,False,1.4142135623730951,adjacent,0.888192238384514,0.5266058568181958,0.7095106726857271,0.5973230043285217,0.9578959101482181,0.5266058568181958,0.4887699938694756
TCTATGCTATAACGAC-1,0.6112411525385946,False,5.0990195135927845,distal,0.6348158056066433,0.46979323413030155,0.7339073733489383,0.6742127849300564,0.719439042347551,0.46979323413030155,0.4697932341303015
TCTATTACGCTGGCGA-1,0.6088406939435195,False,2.0,adjacent,0.8109058314291553,0.46187928440060194,0.7306749150086385,0.5658028200412417,0.9076153433240349,0.5166267253710826,0.5322688513626483
TCTATTACTAGAGGAT-1,0.7937755272649103,True,0.0,tumor,0.7910838024113396,0.536566410918526,0.7134676475505768,0.5959705734826952,0.9276084794832758,0.5452729941109811,0.5095421214799245
TCTCAAATCAATCGGG-1,0.618983925287219,False,8.94427190999916,distal,0.8135577476824759,0.47352728083375134,0.729211948949451,0.5416894239164763,0.8471006139324235,0.47352728083375134,0.4735272808337513
TCTCAGGCTACTCGCT-1,0.4687064593434766,False,7.0710678118654755,distal,0.5562986494268889,0.4687064593434765,0.7328345315722008,0.503992271823738,0.7683248415303431,0.4687064593434765,0.4687064593434766
TCTCATGAGATAGGGT-1,0.6130166161097444,False,7.0710678118654755,distal,0.5551840086198889,0.4664214456891267,0.7310023407456947,0.5370878151182449,0.9017282799039062,0.5213794299231517,0.4664214456891268
TCTCCAACGTAGGTTA-1,0.6663083892644168,False,2.8284271247461903,mid,0.7993739434134017,0.5481029432709754,0.7184208326366828,0.5816455813780675,0.9576773818847402,0.607996309300439,0.5866115715639207
TCTCCACAAGTTGAAT-1,0.6116034108008694,False,7.211102550927978,distal,0.8159170707239592,0.580170540043471,0.7246906871760576,0.6063311597837597,0.8524728892956349,0.5251630162180239,0.540879451596723
TCTCCCTGGGCAGCGT-1,0.760169106933862,True,0.0,tumor,0.7049267123669397,0.4422337401772279,0.7203226885136265,0.548655928960226,0.8548107017250534,0.4962814344188696,0.5117236327736244
TCTCGAACGAGGTCAC-1,0.6591985732597669,False,4.242640687119285,mid,0.7886362369726356,0.5393994563029841,0.7141433985398206,0.5705419012056697,0.8950785675105671,0.5393994563029841,0.5701069259002715
TCTCGACGTATCGCCG-1,0.6036337290308199,False,7.0710678118654755,distal,0.6411413921863681,0.5723247072519769,0.7194100763528953,0.634557580486355,0.8492506973838208,0.5175339191390019,0.5331884300284234
TCTCGAGGAGGTTCGC-1,0.5424001401262728,False,13.416407864998739,distal,0.6417683776403053,0.6396149535256709,0.7339909714094633,0.6054431626075164,0.7993954540254665,0.5266863586542571,0.47168812350220135
TCTCGGCTCCAGGACT-1,0.6682669723967167,False,1.4142135623730951,adjacent,0.8977967266714967,0.4503148860279775,0.5869837819762581,0.5522264950119824,0.8239395512690771,0.4503148860279775,0.4503148860279774
TCTCGTGTTACGAGGA-1,0.7572391939554622,True,0.0,tumor,0.7193938211744598,0.4662542495680767,0.7324235077746196,0.5346950528525516,0.8511397202251575,0.5210883848235461,0.5367552806108231
TCTCTAATAGCTGGTA-1,0.7214791283508891,False,2.0,adjacent,0.8955581563841052,0.572934663471363,0.7065986735774397,0.5866020174998607,0.8880607303243898,0.46724194517205725,0.4143955860224043
TCTCTCGCCGCACATA-1,0.6142228166973193,False,12.165525060596439,distal,0.6378253357855431,0.5827527912463543,0.7355514685392632,0.5407326905571347,0.7718652927252088,0.5276802467071653,0.4726077021679763
TCTCTTACCGCGAACC-1,0.540775949236073,False,2.8284271247461903,mid,0.7282366382433261,0.4699604302513515,0.7334893830463133,0.538299058128518,0.7966455178239865,0.4699604302513515,0.4699604302513514
TCTGAACCGGTCGGCT-1,0.7274663418284887,False,1.4142135623730951,adjacent,0.7949153801854019,0.4851536036956536,0.7144011592264393,0.6019487636775717,0.9563838118955639,0.4851536036956536,0.500433913742725
TCTGAACTCGTACCCG-1,0.4568076687287522,False,14.142135623730951,distal,0.8827722974604767,0.5758327295695628,0.7254709357409576,0.5973508703486967,0.7879483862641052,0.5705536668586326,0.6030525234671699
TCTGAAGCACGTGGTC-1,0.8278795550990836,True,0.0,tumor,0.7877073696334689,0.4218636794293039,0.8285473443682774,0.5665979304835684,0.9379687724578123,0.47484317623090405,0.48998017531707555
TCTGAATTCCGTACAA-1,0.5165006648036241,False,10.295630140987,distal,0.7155854650838767,0.5552521255580944,0.721757788552639,0.5193334447974141,0.900651771545567,0.44674803544557773,0.4467480354455776
TCTGACGGGCTAACCC-1,0.5328182100460984,False,3.1622776601683795,mid,0.7981617715357893,0.4623808727637519,0.5964164298054951,0.5965891991305802,0.8710477916912328,0.5171654684277991,0.4623808727637519
TCTGACTGTAATGGTT-1,0.7512679039179625,False,1.4142135623730951,adjacent,0.8873934124728305,0.4558602240428022,0.7265855765479573,0.560842668450092,0.8694902278267144,0.5695845486014355,0.5319105739603983
TCTGAGCAATTGACTG-1,0.48124616842222595,False,12.083045973594572,distal,0.5641940218098052,0.4812461684222259,0.7300897285849635,0.5476044511322893,0.7492850165876151,0.4812461684222259,0.48124616842222595
TCTGATCGGGTGCTAG-1,0.5414327911401979,False,6.0,distal,0.7236387449144512,0.4664771777294766,0.7321169815526947,0.5374575043192331,0.904752476409214,0.4664771777294766,0.46647717772947667
TCTGATGTATTCTGTC-1,0.6080803496787447,False,3.1622776601683795,mid,0.7257844284679263,0.46661650783035175,0.7327509335116759,0.5372754463207566,0.9005784399135275,0.46661650783035175,0.4666165078303517
TCTGATTGGAAATGGA-1,0.6155962134059442,False,3.1622776601683795,mid,0.8114910178528302,0.5251165728510654,0.7260421891545449,0.6084879897453046,0.7963991235403339,0.5251165728510654,0.540835662136448
TCTGCACCATTAGTAA-1,0.6170094187148193,False,2.0,adjacent,0.5622108900406845,0.5302624979100484,0.5992657303683888,0.5413030151033827,0.7173637571608339,0.5302624979100484,0.5460346653290977
TCTGCAGATTCGAGTC-1,0.8152244010796093,True,0.0,tumor,0.8033541399617308,0.4510951345928775,0.7217717215627264,0.5559568262460756,0.901687214189964,0.4510951345928775,0.45109513459287737
TCTGCATACCTTGCTT-1,0.6185102029442442,False,2.8284271247461903,mid,0.6501699827230676,0.5869729451906346,0.6064203310483197,0.6454030355384646,0.8023316525723271,0.5317827441218178,0.5475513729986228
TCTGCCAGAAACTGCA-1,0.6026385140245699,False,10.198039027185569,distal,0.8099630310799011,0.5163976047607547,0.7298389344033884,0.5961061881142136,0.8730453453479879,0.5163976047607547,0.5320777700814483
TCTGCGAATCGTTCGC-1,0.7296120253819635,False,1.4142135623730951,adjacent,0.5913355254602537,0.5798361478013709,0.5650950231287967,0.5547567296438722,0.7555798038818832,0.47396384848315964,0.4210276988240539
TCTGCGTCCGGTTTCT-1,0.7560807636881871,True,0.0,tumor,0.8148535176206133,0.4547177172156272,0.5908432257704954,0.5592561630347953,0.8741570528897062,0.4547177172156272,0.4547177172156273
TCTGCTTAGAACAAGC-1,0.44306972078247775,False,12.806248474865697,distal,0.7990116851511266,0.556821911361286,0.7189084879897454,0.6200040870162924,0.8928947515084317,0.4970957414528724,0.5125317473586993
TCTGGAGCGTAAGAGT-1,0.6624190890199919,False,3.1622776601683795,mid,0.723508703486968,0.5073070897347773,0.7220364487543889,0.5574467294580987,0.8130996694210028,0.5073070897347773,0.5228182896632989
TCTGGCCGTTCAAGTT-1,0.5378619596977731,False,4.47213595499958,mid,0.8150485797618384,0.46254806888480193,0.7189781530401828,0.5990915677422951,0.8747745052314787,0.5172490664883241,0.5328779229464733
TCTGGCGCAAGCCGGG-1,0.6660536142228167,False,2.0,adjacent,0.8847554292295974,0.5565587322818555,0.7230744580059075,0.5173103717327093,0.9030057169340338,0.561915200604383,0.44791840829292756
TCTGGGAACCTTTGAA-1,0.5307402011130484,False,15.033296378372908,distal,0.6265628192981478,0.5636181240595219,0.7241333667725576,0.5562559215292873,0.8134267284998987,0.5090564565568747,0.4544947890542273
TCTGGGTAGCGCTCAT-1,0.7436564995501628,False,1.4142135623730951,adjacent,0.9013403555704174,0.43852755949395306,0.7177102491222204,0.5454810603949544,0.8979781002414078,0.43852755949395306,0.43852755949395306
TCTGTCATACAAGAGC-1,0.8114346223358095,True,0.0,tumor,0.9026500585186423,0.500696650504375,0.7226146686730202,0.5484255698601127,0.838872804817595,0.500696650504375,0.44644150922365267
TCTGTGACTGACCGTT-1,0.7459375323444876,False,1.4142135623730951,adjacent,0.9762209961173345,0.45023128796745243,0.7210750710583514,0.5551802931505321,0.8380456240081897,0.5589954609349359,0.5201511134465491
TCTGTGATGGAGGTTG-1,0.6646682749341167,False,1.4142135623730951,adjacent,0.7021865537163982,0.4359360196176782,0.7119559159560831,0.5430437124969812,0.7932253305056656,0.5435174348399561,0.5050955008319996
TCTGTGCCATCATAGT-1,0.598000812095445,False,5.0990195135927845,distal,0.8002703003956975,0.5120907565314855,0.728292370283676,0.5952423414887885,0.822777978217572,0.4574207211726022,0.4574207211726021
TCTGTGGCTACATTTC-1,0.6519892357544924,False,2.0,adjacent,0.8080913633914805,0.4973991714503334,0.7203575210388452,0.5812814653811142,0.850319872578956,0.5631165356963719,0.5973519319113701
TCTGTTACCCAGCATA-1,0.8141256837127094,True,0.0,tumor,0.8646315183265525,0.48921585019227554,0.714742517973583,0.574946590127998,0.9092887711671755,0.5429136710694978,0.5045580847286247
TCTGTTTAGATTGTTC-1,0.5508037356390475,False,2.0,adjacent,0.6455442233740178,0.47620241877055114,0.731162570361701,0.5772334615170263,0.7754042772874336,0.47620241877055114,0.47620241877055125
TCTTAACTCGGATGTA-1,0.897795399718155,True,0.0,tumor,0.8885637853201805,0.5408113346585174,0.7161567184974642,0.605324267588103,0.8865442321738136,0.5474001003176726,0.5110309631292745
TCTTACAGAGGTACCG-1,0.8719476755758313,True,0.0,tumor,0.8905933604562595,0.43900128183692805,0.7180446413643204,0.5135558899477977,0.9247368127726103,0.43900128183692805,0.4390012818369281
TCTTACCGGAACTCGT-1,0.5885064609358207,False,3.1622776601683795,mid,0.7846095970573485,0.5083690947258913,0.8459845064927827,0.5895613888424456,0.8359806052499581,0.5627171227405302,0.44875438889817765
TCTTACGGCATCCGAC-1,0.6523753791769175,False,2.0,adjacent,0.8875513199204891,0.4903924154885532,0.7152928718720392,0.5113358970071895,0.8641340854225517,0.5442078928954034,0.4365769380817031
TCTTACTTATGCCTCT-1,0.47336008471270136,False,14.142135623730951,distal,0.5559781901948764,0.5835175586889347,0.6049573649891322,0.6074773820802915,0.7433554208209037,0.4733600847127014,0.47336008471270136
TCTTAGAGCTCCAATT-1,0.5356884101241233,False,10.0,distal,0.641810176670568,0.5748976697814685,0.7219040851585576,0.5336398595552583,0.8208874887435945,0.4651117427409017,0.46511174274090183
TCTTAGAGTGAACTCT-1,0.539744906489598,False,18.0,distal,0.7224637277304056,0.46898511954522654,0.7252131750543388,0.5392780843039996,0.7716922300735957,0.5240205093908488,0.46898511954522654
TCTTATGGGTAGTACC-1,0.8093168048025096,True,0.0,tumor,0.8777331921454977,0.5034399053793804,0.7039305021456835,0.552497724275019,0.8374355048296214,0.551703852322478,0.5130850869021742
TCTTCCCATGGGCACA-1,0.44672016942540266,False,7.615773105863909,distal,0.7824314031470024,0.5065485147411246,0.7231023240260825,0.4833788478329525,0.8672448132536658,0.5553666858632583,0.5864085477026456
TCTTCGAATAGACGTT-1,0.5254974084601237,False,7.0710678118654755,distal,0.7153207378922142,0.5098800522642688,0.713990135428858,0.5570974753385721,0.8434149661061197,0.5645407989497606,0.5254974084601237
TCTTCGATACCAATAA-1,0.7145723362075144,False,1.4142135623730951,adjacent,0.6892938750487655,0.5842699412336596,0.708507495959427,0.6986977279904885,0.954015200180689,0.47066327320465423,0.48575250197052566
TCTTCGCGGTGAGAGG-1,0.4616006241988519,False,7.615773105863909,distal,0.8856564305485889,0.4616006241988519,0.7279649445466199,0.5655445949209532,0.8802494448795455,0.5163542576182603,0.5319981528809484
TCTTCTATAACCCGCC-1,0.5294941919252235,False,12.083045973594572,distal,0.720671013765814,0.623214252540452,0.7173479908599454,0.5929554700997602,0.8173133049979908,0.459204146463802,0.4592041464638021
TCTTGATGCGTAGCGA-1,0.7932978240619102,True,0.0,tumor,0.70074680934069,0.4981825162396972,0.7178983447584015,0.579412584294711,0.8277747956247415,0.49054103426281986,0.5059115771371246
TCTTGCTCCCGATACT-1,0.5636061814794467,False,13.038404810405298,distal,0.5754983373274628,0.49225324639135043,0.4922532463913504,0.5255512827657955,0.5978361302017793,0.49225324639135043,0.4922532463913503
TCTTGGTAACACCAAA-1,0.7036050668386399,False,1.4142135623730951,adjacent,0.8690668598710732,0.6350077715234044,0.8165022571476341,0.680761299671181,0.9511186007151302,0.453500901001319,0.4683601245213015
TCTTGGTCAATGATAC-1,0.6310061225627185,False,5.830951894845301,distal,0.5719500640918465,0.4866521763361757,0.6113247505991195,0.5531442159430788,0.727160863201307,0.5420622093419285,0.5578936473435722
TCTTTAAGACTATGAA-1,0.47021122443292646,False,9.055385138137417,distal,0.5528711289453639,0.5253178274412182,0.7346179568634007,0.540166081480243,0.654630012583708,0.4702112244329265,0.47021122443292646
TCTTTAGAGTCTAACA-1,0.5370498642526732,False,10.770329614269007,distal,0.7229374500733806,0.6259358338442104,0.5954132530791952,0.6287688792286684,0.8434076329429159,0.46134983001727686,0.4613498300172769
TCTTTAGCAGGCGAAC-1,0.538072945279098,False,6.324555320336759,distal,0.8964173586728342,0.5773065324143738,0.7236666109346263,0.5382841962510915,0.9283329960078262,0.6322335544037601,0.6086934021225945
TCTTTCATCCGTCCTT-1,0.8309766641985334,True,0.0,tumor,0.870409073176169,0.44267959650002786,0.8373112077133145,0.5444723104646195,0.9144586512259582,0.49665607757900015,0.5120779293158495
TCTTTCCTTCGAGATA-1,0.47185531962325145,False,11.40175425099138,distal,0.7194867079083765,0.5848396465350151,0.7194867079083765,0.5709078749373014,0.7960749977267195,0.4718553196232514,0.47185531962325145
TCTTTCGGCGGGACAC-1,0.7471516946521126,False,1.4142135623730951,adjacent,0.7999962845306433,0.4421501421167029,0.7161009864571142,0.47932155529547277,0.8663047017309199,0.49621950992959185,0.5116679007332745
TCTTTCTCTTAAGGAG-1,0.7306908384487384,False,1.4142135623730951,adjacent,0.9684835311820766,0.4327314272975534,0.7140110349439892,0.5801259544111911,0.9645162898887412,0.4860979521571396,0.4327314272975534
TGAAACCTCAACTCAC-1,0.900876585377505,True,0.0,tumor,0.8069767225844804,0.5549363106627777,0.715411302457783,0.5429824072525962,0.8986116855422287,0.4949376730015419,0.5103701403651244
TGAAACTTATGCAAGC-1,0.5942428802318452,False,2.0,adjacent,0.9005833286889966,0.5478428604160087,0.7184417321518141,0.6757844284679262,0.9801036615950511,0.49390972647953074,0.5093191933185245
TGAAAGGACCTGACTC-1,0.5950310905167951,False,8.94427190999916,distal,0.713379405153356,0.5026968115080471,0.7224614055620575,0.5177153578925857,0.8428107134581143,0.5026968115080471,0.518228358054474
TGAACAAGCAGGGACT-1,0.47960207323190096,False,2.8284271247461903,mid,0.7286128295156885,0.59027352046914,0.479602073231901,0.5474706942354494,0.8008576867683337,0.479602073231901,0.47960207323190096
TGAACACCCGAAGCAG-1,0.7513714062786123,False,1.4142135623730951,adjacent,0.8117464563711012,0.500944348461486,0.8295992866298835,0.6206691560311357,0.8634433014487397,0.500944348461486,0.4465251072841777
TGAACCTGAATGTGAG-1,0.6282593291454684,False,3.1622776601683795,mid,0.6497334150736592,0.48367051217745083,0.7414172657861005,0.5180367459919374,0.6718277469296046,0.5390248131428537,0.5548403277043972
TGAACTGCTATGACTT-1,0.8008773815495098,True,0.0,tumor,0.688169945568374,0.47187699319449855,0.7087513236359583,0.5622786973564435,0.9492501107307644,0.5774768247598877,0.5548482894244474
TGAAGAGCGGTCCTAG-1,0.5406485617152731,False,1.4142135623730951,adjacent,0.8954466923034053,0.5194969254491073,0.7319149529064259,0.5991231492318266,0.8754344899198339,0.5194969254491073,0.46458228835757687
TGAAGTAGCTTACGGA-1,0.8767207267458063,True,0.0,tumor,0.9721757788552639,0.5478831113340392,0.7188248899292203,0.6141150680859759,0.9467905677921605,0.440060190603578,0.44006019060357804
TGAATACCGACGCGTA-1,0.5349678744595983,False,4.242640687119285,mid,0.6347461405562058,0.5741948268281658,0.7301942261606198,0.5988872169276784,0.8729749469812301,0.5192770935121713,0.5349678744595983
TGAATATGCTATAAAC-1,0.8686475426151067,True,0.0,tumor,0.5001532631109625,0.5873259147795179,0.6837206710137659,0.6337921937988816,0.8244675390197614,0.526630626613907,0.48880582160970054
TGAATGAGATACAGCA-1,0.8775527264910312,True,0.0,tumor,0.4059521819093797,0.45795017555592715,0.5524438499693474,0.5833231157926024,0.7192601131653745,0.5709128288964438,0.5511898790614724
TGAATGAGTGTTTCCC-1,0.6233469478746189,False,9.055385138137417,distal,0.5640686247190178,0.48107897230117597,0.610697765145182,0.5488249828159543,0.7481366432298772,0.48107897230117597,0.481078972301176
TGAATGTCAGCCGGCC-1,0.539139815765798,False,11.40175425099138,distal,0.553038325066414,0.6283044455590852,0.7210123725129576,0.6684092217949432,0.7916457671515355,0.5187104844352796,0.5343667645958232
TGAATTTCACTTGCCT-1,0.8138111957707342,True,0.0,tumor,0.7079408868825353,0.5023531305925554,0.7234297497631389,0.6190250608408107,0.8945491131272422,0.5565649247307832,0.5178422146320492
TGACAACGCATGTCGC-1,0.4310316000668784,False,5.830951894845301,distal,0.7940933325902395,0.7056883835850564,0.6897257983614781,0.6656523435322969,0.9227979244214866,0.48425879482558964,0.49946656475664997
TGACAACTTAAAGGTG-1,0.621165436580919,False,8.602325267042627,distal,0.7238988277694179,0.4709914729978265,0.6029579780415761,0.5722435861710231,0.8521795627674771,0.4709914729978265,0.47099147299782645
TGACACTTCTCTTTGC-1,0.6657112602606666,False,1.4142135623730951,adjacent,0.5992541195266493,0.5395202090570758,0.7115936576938082,0.5740883167066079,0.8005995594235547,0.5395202090570758,0.4940724994227753
TGACAGAAATCTTGCT-1,0.7502687080516875,False,1.4142135623730951,adjacent,0.8843235059168849,0.46271526500585186,0.7300270300395697,0.5991714503334633,0.8747129066605656,0.5720429508257632,0.5329973487472233
TGACAGGACAAGTCCA-1,0.6822238676443659,False,1.4142135623730951,adjacent,0.9892437162124504,0.5602649129651304,0.7221688123502201,0.6522822270523324,0.9558675572060062,0.6089932935778113,0.5858034569788458
TGACATATATGACGAT-1,0.7460410347051376,False,1.4142135623730951,adjacent,0.9530457560051273,0.49388186045935584,0.7179122777684892,0.6067324304742796,0.9503471519460749,0.6018038603726615,0.5786777175340961
TGACATCGAGCGGACC-1,0.44089617120882796,False,10.198039027185569,distal,0.6147011833769901,0.4949686352461808,0.7202599899682327,0.5512140296122908,0.8346474361794806,0.4949686352461808,0.5104179106854245
TGACATGTAACGTGAC-1,0.4815526946441509,False,18.110770276274835,distal,0.6504393542514258,0.48155269464415096,0.7400448642924817,0.5160656894982258,0.6145440092456521,0.5368512635692038,0.5526508546906473
TGACCAAATCTTAAAC-1,0.6247044211431437,False,15.297058540778355,distal,0.5653597503204593,0.4822772111687008,0.6112620520537257,0.5166731687380408,0.750462722598169,0.4822772111687008,0.4822772111687009
TGACCAGCTTCAAAGT-1,0.6874985071774907,False,1.4142135623730951,adjacent,0.7716286759924947,0.5683615399381994,0.7008164743911275,0.5730981441230564,0.8248781961591825,0.45489729823453284,0.4028590536699549
TGACCCAACTCACATT-1,0.8273461198557335,True,0.0,tumor,0.8916290475394303,0.49523800677453905,0.702056512288915,0.6195860967136674,0.8665070970353488,0.49523800677453905,0.441258429471103
TGACCCACGTTAGACA-1,0.7490863926242627,False,1.4142135623730951,adjacent,0.8801993349309852,0.43267569525720334,0.709232012483977,0.538616730758513,0.948857053183033,0.43267569525720334,0.4326756952572034
TGACCCAGCATTCCCG-1,0.5906043741689955,False,2.0,adjacent,0.7780610823162236,0.4420386780360029,0.7198907652009141,0.5800646491668059,0.8943511177207356,0.4420386780360029,0.44203867803600294
TGACGAATATTTCCCT-1,0.8761753489223812,True,0.0,tumor,0.8699121291497148,0.48500188869692296,0.7135024800757955,0.5697226402125248,0.8911846578492714,0.5453163412534755,0.50027866020175
TGACGATGCACTAGAA-1,0.46748035445577674,False,12.649110640673518,distal,0.7198907652009141,0.4674803544557766,0.7330156607033382,0.5688699399951699,0.7654693077787261,0.4674803544557766,0.46748035445577674
TGACTATAATCCTTTC-1,0.6100349519510194,False,5.830951894845301,distal,0.8036235114900889,0.4685949952627766,0.7339909714094632,0.5386018688810864,0.821713202920359,0.4685949952627766,0.4685949952627766
TGACTCCGAATCATAC-1,0.6898153677120406,False,1.4142135623730951,adjacent,0.8031497891471141,0.46143342807780185,0.7269826673354511,0.5654907206152817,0.8993112693118852,0.5707982685912798,0.5317393969793235
TGACTCTAACTGGTAA-1,0.5498204632128726,False,10.0,distal,0.7239034721061138,0.5306185637233958,0.7298946664437385,0.576607404930428,0.8749431679851692,0.47539430418547624,0.47539430418547635
TGAGAATGCTTTACCG-1,0.8029116010222849,True,0.0,tumor,0.8869196901298557,0.6035222649501198,0.6912096639357967,0.5352876702149398,0.9539198690590378,0.42883018447305354,0.42883018447305343
TGAGACGTACCTCTCA-1,0.518765774157849,False,1.4142135623730951,adjacent,0.7833788478329525,0.49326571179104195,0.7188179234241765,0.577456389678426,0.842006998770962,0.5533634286351223,0.5166041671642742
TGAGAGATTTACCACG-1,0.4710472050381763,False,15.811388300841896,distal,0.8057877723903473,0.5260702099859431,0.7353773059131694,0.5392966616507829,0.7691388226459813,0.47104720503817643,0.4710472050381763
TGAGATCAAATACTCA-1,0.6821721164640409,False,2.0,adjacent,0.8167437626558174,0.5251846897892709,0.7259376915788887,0.6044418436158948,0.8504152037006074,0.4702390904531015,0.4702390904531014
TGAGATTAGGCCCTAA-1,0.739512424264138,False,3.1622776601683795,mid,0.7062782143454273,0.6153467461777109,0.7247742852365825,0.5899273625740772,0.8122196898365291,0.5609213125514747,0.5920215603378954
TGAGCAGTCGTGAAGT-1,0.6836131877930909,False,1.4142135623730951,adjacent,0.8989113674784969,0.460681045533077,0.7277280833751324,0.5294989689572536,0.8795953267217533,0.5702440444122437,0.5311144019553985
TGAGCCATACAGTCTC-1,0.8258254313261837,True,0.0,tumor,0.7959835776254436,0.5149299943648714,0.7038051050548961,0.5854316446525107,0.9380289043960847,0.4712144011592264,0.4102714150365045
TGAGCGGAAAGTGTTC-1,0.5615918663067968,False,4.0,mid,0.4902747589589254,0.49027475895892547,0.6150796968177005,0.5235560757212654,0.7025786335090359,0.5457436202294921,0.5615918663067968
TGAGCTCAACTGTATA-1,0.6773950844340411,False,14.212670403551895,distal,0.6375141652269224,0.6281434418869631,0.5949395307362202,0.5638484831596352,0.7703957268191377,0.5147380284481105,0.5303500768305984
TGAGCTTTAATGACGC-1,0.5306088327322235,False,4.242640687119285,mid,0.726429991268647,0.5697517447224854,0.7288845232123948,0.5617678203199019,0.872424959740934,0.460151591149752,0.460151591149752
TGAGGAGTGCCAGCTT-1,0.4803823217968009,False,9.899494936611665,distal,0.6491296513032009,0.5928805414677343,0.738811792899738,0.5825094280034926,0.8283790482727467,0.480382321796801,0.4803823217968009
TGAGGCATGTACTGTG-1,0.6854921537248908,False,1.4142135623730951,adjacent,0.7291422838990136,0.4629660591874269,0.7302569247060134,0.49874788682680354,0.8501145440092457,0.5178001944428964,0.5334670902301732
TGAGGTGTGTGGCGGA-1,0.5636181240595218,False,11.40175425099138,distal,0.6601042189154545,0.5477592623554838,0.6190506046926377,0.5255568559698306,0.6504090438435162,0.49225324639135043,0.4922532463913503
TGAGGTTGATCCCAAG-1,0.7358380904610634,False,1.4142135623730951,adjacent,0.8080495643612181,0.439725798361478,0.7188388229393078,0.47705883445726294,0.9000123197141827,0.439725798361478,0.439725798361478
TGAGTAAATTAGCGTA-1,0.6118780901425945,False,2.8284271247461903,mid,0.814063980382322,0.46536253692247675,0.7299155659588699,0.5337364617585316,0.8518349040968917,0.46536253692247675,0.46536253692247687
TGAGTGCCTCTTAAAT-1,0.7416899546978131,False,1.4142135623730951,adjacent,0.9011778037860633,0.49327500046443373,0.5780875550353899,0.5090787493730147,0.9881232088748874,0.43947500417990304,0.439475004179903
TGAGTGGTCCGTGACG-1,0.5958232816617702,False,5.830951894845301,distal,0.6274591762804437,0.5100008050183606,0.7269757008304074,0.5570696093183971,0.7345409586497592,0.4553865016998272,0.45538650169982725
TGAGTGTAACAACGGG-1,0.5225475911815989,False,4.0,mid,0.8041390328633264,0.5069912748394608,0.7256032993367887,0.5543313084025339,0.9524195038675103,0.45254416764197736,0.4525441676419773
TGAGTTAAAGACATTC-1,0.541317346199473,False,10.0,distal,0.8109104757658511,0.47057348269520144,0.7330295937134259,0.5366010886325213,0.8792844006019059,0.47057348269520144,0.4705734826952015
TGATACATTTAGCCGT-1,0.6755519462424663,False,1.4142135623730951,adjacent,0.8069395678909138,0.5670487407655105,0.7259307250738449,0.5627449887607052,0.9013997541923694,0.4577829794348771,0.4577829794348771
TGATAGCGGGATTCTA-1,0.8261279766880837,True,0.0,tumor,0.8441685708447118,0.4153430307083542,0.7061667502647272,0.5930130598747888,0.8813582191559823,0.528773213942918,0.41534303070835416
TGATCACCACACTGAC-1,0.4887142618291255,False,10.198039027185569,distal,0.6550836909472588,0.4887142618291256,0.6134913336677257,0.5560032696130339,0.6743928874183451,0.4887142618291256,0.4887142618291255
TGATCAGGGAACTGCT-1,0.680611619334241,False,1.4142135623730951,adjacent,0.8894880083226514,0.5700087313529881,0.7267458061639637,0.5579724683720672,0.932150640771801,0.5108120158278995,0.5264249488459487
TGATCCCAGCATTAGT-1,0.46048598339185187,False,2.8284271247461903,mid,0.721307287893143,0.5698941710478242,0.7181561054450203,0.6300079882591167,0.7920226917402182,0.460485983391852,0.46048598339185187
TGATCGGTTTGACCCT-1,0.8891410100238055,True,0.0,tumor,0.8312944695238625,0.40787493730145463,0.8149069274926155,0.5842724182132307,0.9408609720254489,0.5642125991565884,0.541878647462998
TGATCTACGCTGATCT-1,0.7858655583952359,True,0.0,tumor,0.6961442716751193,0.5443193569761033,0.7139971019339018,0.568652585037805,0.8947779078192053,0.4836271650349564,0.49895701467345
TGATCTATCACACTCT-1,0.6083231821402696,False,8.94427190999916,distal,0.6371379739545598,0.57691331190746,0.7332525218748258,0.5683274814690967,0.7425150403177314,0.5219460390000433,0.5376509741164481
TGATCTCCGGCGCCAG-1,0.9099011950541794,True,0.0,tumor,0.9513134184175818,0.5120752754091661,0.8165510226829403,0.5928662988352004,0.8411167527580027,0.4601423024763604,0.47498029474287623
TGATGCTCACGTAGTC-1,0.6719094593195915,False,3.1622776601683795,mid,0.7842937821620316,0.5481896375559642,0.7190199520704453,0.5782533578554311,0.8408615586785054,0.5481896375559642,0.5096217386804246
TGATGGCTGTTTCTGA-1,0.4525163016218024,False,3.1622776601683795,mid,0.6335339686785934,0.5069665050437497,0.7117329877946832,0.5605881587991604,0.8726977534121209,0.45251630162180245,0.4525163016218024
TGATGGGACTAAGTCA-1,0.7512320761777375,False,1.4142135623730951,adjacent,0.7158641252856267,0.4630496572479518,0.7204062865741514,0.5693678128889631,0.8438813552858907,0.4630496572479518,0.46304965724795183
TGATGTCAATTAAGTG-1,0.459650002786602,False,4.47213595499958,mid,0.8173382377528841,0.45965000278660206,0.7177381151423954,0.5637816047112152,0.9119404429817228,0.45965000278660206,0.459650002786602
TGATTATGGCACGCAG-1,0.5724834993351965,False,1.4142135623730951,adjacent,0.6882721209756824,0.47684024101011224,0.5671362091066154,0.5295138308346803,0.6567243639947554,0.6363360518184127,0.6970963606977653
TGATTCAGGTCCCGCG-1,0.8781896640950311,True,0.0,tumor,0.8912853666239388,0.6120926142661638,0.8413448141336455,0.6184547362945625,0.9297556296693916,0.4444351557710528,0.4444351557710528
TGATTCCCGGTTACCT-1,0.6323874809913933,False,9.486832980505138,distal,0.5713277229746047,0.543604129124945,0.6159992754834754,0.5214252540452172,0.6732782466113454,0.4881569414256256,0.48815694142562555
TGATTCGTCTATCACT-1,0.8056822795996847,True,0.0,tumor,0.809856211335897,0.44173215181407793,0.720085827342139,0.5836500770959892,0.9045896801860863,0.5495241102999002,0.5803218127244208
TGATTCTGTCGCCGGT-1,0.7485688808210125,False,1.4142135623730951,adjacent,0.7827425737056234,0.4754593248992179,0.7069191328094522,0.56622824128258,0.9096891618781112,0.5281911237437069,0.558323580226272
TGATTTATTAGCTGTG-1,0.5376350506763481,False,3.1622776601683795,mid,0.8139478719649259,0.4670623641531517,0.7310859388062196,0.5025785357335265,0.8567701229331479,0.4670623641531517,0.4670623641531516
TGATTTCCTCCTGACG-1,0.7928917763393605,True,0.0,tumor,0.9778976016645303,0.4825311015747398,0.7140946330045143,0.5034479555629864,0.897008656065846,0.42910884467480354,0.4291088446748036
TGCAAACCCACATCAA-1,0.6792899738059411,False,1.4142135623730951,adjacent,0.8819502498653143,0.5500411797853698,0.8399166805996767,0.648176633413216,0.9240342957376724,0.4960677949308614,0.4420944100763529
TGCAAACGTACTAGTT-1,0.4930613609764253,False,12.806248474865697,distal,0.6608055137565252,0.49306136097642533,0.49306136097642533,0.49306136097642544,0.6249409680362081,0.49306136097642533,0.4930613609764253
TGCAAAGTTCGTCTGT-1,0.48938304631332563,False,18.439088914585774,distal,0.4893830463133256,0.4893830463133255,0.7389929220308755,0.48938304631332563,0.6750015399642727,0.5448519075838922,0.5607001536611971
TGCAACCCATCTGCGG-1,0.4715487934013264,False,4.47213595499958,mid,0.8168505823998217,0.5266089530426599,0.6034525998996824,0.6410559363911649,0.8009354182982955,0.4715487934013265,0.4715487934013264
TGCAACTACTGGTTGA-1,0.6107714110556445,False,8.48528137423857,distal,0.89809396422003,0.5793562330094683,0.734109401995207,0.6056716639729515,0.8788708101972035,0.4694031098478516,0.46940310984785155
TGCAAGAATGACGTAA-1,0.7459454940645376,False,1.4142135623730951,adjacent,0.8994083115049508,0.49523800677453916,0.719918631221089,0.5802374184918909,0.9497150332778947,0.49523800677453916,0.5106527814268995
TGCAATCTAACACGGT-1,0.5492472193692725,False,5.0990195135927845,distal,0.8194653439595756,0.530082916891143,0.7229560274201638,0.6090936112504414,0.8012800769688809,0.530082916891143,0.5458276606077976
TGCAATTTGGGCACGG-1,0.8294639373890336,True,0.0,tumor,0.596365342101841,0.4860638936880368,0.7103814858161958,0.5656356239201918,0.8162177304153211,0.4786422436480955,0.49386947556150024
TGCACAGTGAAGTTAT-1,0.7192976170571891,False,2.8284271247461903,mid,0.7913856842965687,0.6019555753713921,0.8364612940979769,0.6778427984915195,0.8949128380221578,0.4931356703635587,0.5104019872453245
TGCACGAGTCGGCAGC-1,0.6040994896537448,False,1.4142135623730951,adjacent,0.8058620817774805,0.45650114250682716,0.7262651173159449,0.593622396849282,0.9327504935218836,0.45650114250682716,0.4565011425068271
TGCACTATGTGAGTGC-1,0.6800742032308661,False,1.4142135623730951,adjacent,0.9845343588028758,0.6282672908655186,0.7286267625257761,0.5653179512901968,0.8528292810273468,0.57719197210921,0.6095890956282195
TGCAGAACTATATCGT-1,0.5318827079402233,False,2.0,adjacent,0.5505954039644058,0.4615170261383269,0.7191244496461014,0.49738430957290675,0.8188239366180037,0.5162458897620241,0.5318827079402234
TGCAGAGTACCGAGCA-1,0.5985183238986951,False,1.4142135623730951,adjacent,0.9850080811458509,0.4424288023184529,0.7161079529621579,0.4795723494770477,0.9889650560107007,0.49639289849956963,0.44242880231845294
TGCAGATCGTCCTAGG-1,0.6450187498507177,False,3.1622776601683795,mid,0.6810037340467034,0.48270139392025363,0.8346987683219084,0.49927734121012823,0.8665510960145725,0.42910884467480354,0.4291088446748036
TGCAGCTACGTACTTC-1,0.5787016026942461,False,1.4142135623730951,adjacent,0.7768581991120028,0.4317839826116034,0.7143175611659143,0.5059930520723029,0.859520059134628,0.5928402905497037,0.5698322465585465
TGCAGGATCGGCAAAG-1,0.5821729126360459,False,3.1622776601683795,mid,0.7811309888721693,0.43526723513347826,0.7150978097308142,0.541375466755838,0.8934462053813685,0.5429848842321674,0.5045142952683498
TGCAGTGAGGCTCGGG-1,0.6472758974848928,False,1.4142135623730951,adjacent,0.510268628434487,0.4904512437533671,0.8126010143231344,0.5403388508053281,0.7668098100124077,0.5973638744914451,0.5675432520441717
TGCAGTGGTAGGGAAC-1,0.6034824563498699,False,1.4142135623730951,adjacent,0.7163564249753852,0.517168564652263,0.7198280666555203,0.5310000185773468,0.8758803462426339,0.517168564652263,0.4622415426628769
TGCAGTTTCCTCCCAT-1,0.4607367775734269,False,16.1245154965971,distal,0.5429694031098478,0.5703802782886548,0.718859722454439,0.5290066692674952,0.7664607514438998,0.460736777573427,0.4607367775734269
TGCATATGTCTGTCAC-1,0.4509000724516525,False,10.0,distal,0.787233647290494,0.6142692600642776,0.7239731371565513,0.5854743725501124,0.8925383597767198,0.4509000724516524,0.4509000724516525
TGCATCTCCGGATCTT-1,0.7344567320323883,False,1.4142135623730951,adjacent,0.6946952386260196,0.4798590598624038,0.6888619517360531,0.5330955432945067,0.8678138667182921,0.4264615727581787,0.42646157275817875
TGCATGAGTAGATTCG-1,0.7490664883241375,False,1.4142135623730951,adjacent,0.7968149138939976,0.46098757175500193,0.5950161622917015,0.5954559809767968,0.9507079435757092,0.46098757175500193,0.4609875717550019
TGCATGGATCGGATCT-1,0.8960199361470053,True,0.0,tumor,0.7845538650169983,0.531194461473679,0.7110990358357019,0.531291682921845,0.9497516990939144,0.4248453435880288,0.4248453435880287
TGCATGGCAGTCTTGC-1,0.6711769810749914,False,2.8284271247461903,mid,0.7999823515205557,0.5619771250936608,0.7078317449701833,0.5857307399357224,0.9605343822689979,0.5023593230414832,0.517874061512249
TGCATGTGACCCATAG-1,0.5487217458459727,False,3.1622776601683795,mid,0.6470582771368593,0.47767931783982603,0.731747756785376,0.5456148172917943,0.7506284520865782,0.47767931783982603,0.47767931783982615
TGCATGTGGTAATCTA-1,0.6613800845534669,False,2.8284271247461903,mid,0.708200969737502,0.5535306247561723,0.7221897118653514,0.5500529454383326,0.8968678593323302,0.4993312155158,0.44513180627542775
TGCCAAAGTCAGACTT-1,0.7362202530234632,False,2.0,adjacent,0.9370785264448532,0.5080811458507496,0.7232555871370452,0.5503873376804324,0.9198499928135,0.4485035947166025,0.4485035947166026
TGCCAATGGGTACTCT-1,0.5492312959291726,False,6.0,distal,0.722482305077189,0.4742239313381263,0.736617343810957,0.5423284846458228,0.8780626956121287,0.4742239313381263,0.47422393133812635
TGCCACACTAGAGGAA-1,0.6089123494239695,False,1.4142135623730951,adjacent,0.7980131527615226,0.5100379597119272,0.7270105333556262,0.5898790614724405,0.8183296814180576,0.5100379597119272,0.5256128534008487
TGCCACCTGGCGAAAC-1,0.6641029928105668,False,2.0,adjacent,0.8952702075089637,0.49139559221485324,0.7161636850025079,0.5757881439372828,0.9561212846528626,0.4374686507273031,0.4374686507273031
TGCCAGTACGTGGAGA-1,0.5523363667486723,False,4.242640687119285,mid,0.564194021809805,0.591861883619115,0.7353146073677758,0.5143918705530477,0.751536297691227,0.4811904363818759,0.48119043638187586
TGCCATGGCTTATAAG-1,0.5228620791235739,False,2.0,adjacent,0.6980995374240649,0.5725197693932019,0.7255197012762638,0.5942986122721954,0.9042171554953259,0.5072854161635303,0.5228620791235739
TGCCATTACTAAAGAA-1,0.6023319878026449,False,7.0710678118654755,distal,0.7030086013115606,0.5034275204815248,0.7228375968344201,0.5872819483921305,0.8443506777309434,0.4490609151201025,0.44906091512010254
TGCCCGATAGTTAGAA-1,0.5436899387743729,False,11.40175425099138,distal,0.5555091121885972,0.4727748982890263,0.7362272195285069,0.5428895205186796,0.7955206105885011,0.4727748982890263,0.4727748982890264
TGCCCGTACCGTTAAA-1,0.5954729659795702,False,6.324555320336759,distal,0.7218135205929889,0.5096261618582301,0.7246001226104888,0.6223782719352021,0.814831762569775,0.5096261618582301,0.45499637741737725
TGCCGAAAGCGTATTC-1,0.4700718943320515,False,7.0710678118654755,distal,0.8045616675026473,0.525042263463932,0.7244398929944825,0.5734343940998347,0.8811323577293007,0.5250422634639321,0.540748083215898
TGCCGATGTCATCAAT-1,0.8910796888559804,True,0.0,tumor,0.7934524141262145,0.45725352505155215,0.8508610600234074,0.49340318415723866,0.8969646570866222,0.45725352505155215,0.45725352505155215
TGCCGGATGTACGAGC-1,0.6059466087053448,False,1.4142135623730951,adjacent,0.7196028163257724,0.5082328608494802,0.5856322799977707,0.5567482212190455,0.8437038927363552,0.503006433954436,0.5185229416963241
TGCCGTGGATCGTCCT-1,0.49088781140277543,False,6.324555320336759,distal,0.49088781140277543,0.49088781140277543,0.49088781140277543,0.5248174775678536,0.7020653120847595,0.49088781140277543,0.49088781140277543
TGCCGTGGGACCCAAT-1,0.4938137435211503,False,18.384776310850235,distal,0.4938137435211503,0.4938137435211503,0.4938137435211503,0.5271247840383437,0.6256449517037871,0.4938137435211503,0.4938137435211503
TGCCGTTCTTAATCGG-1,0.5646571285260467,False,1.4142135623730951,adjacent,0.5765479574207211,0.49331215515800036,0.4933121551580003,0.5603429378216204,0.6254674891542515,0.49331215515800036,0.49331215515800025
TGCCTAAATTTAATAG-1,0.7314272975533634,False,4.0,mid,0.7902199557859145,0.5399660653798758,0.7094201081201582,0.5601813149046052,0.8362064666766398,0.4794751280288816,0.4946855518666253
TGCCTAATTGAAGATT-1,0.46828846904085164,False,8.94427190999916,distal,0.7265135893291722,0.46828846904085153,0.7316920247450259,0.5390570138772781,0.9261183807202337,0.5781796677131905,0.6095771530481445
TGCCTGACATCGGTCA-1,0.8374137148589579,True,0.0,tumor,0.8088205242527261,0.4460235189210277,0.4460235189210277,0.583923164093704,0.8689402405864184,0.4460235189210277,0.4460235189210277
TGCCTGATCAAACGAT-1,0.6259106217307187,False,1.4142135623730951,adjacent,0.9489866057329692,0.5255407556026181,0.7033662152371398,0.5506771442902525,0.9179961691555423,0.5694792769696632,0.47914029346900094
TGCCTTGCCCTTACGG-1,0.8330745774317083,True,0.0,tumor,0.8896319827602222,0.49390663025506687,0.7180028423340579,0.5743651191736796,0.8672990786613749,0.49390663025506687,0.43994872652287803
TGCCTTGGCCAGGCAA-1,0.5993861513841451,False,2.0,adjacent,0.8926043582455554,0.45859109401995213,0.7279092125062698,0.5931616786490554,0.8739531909526365,0.5133447274393604,0.4585910940199521
TGCGAATATGGGATTT-1,0.8291613920271336,True,0.0,tumor,0.8859165134035557,0.4423730702781029,0.718135205929889,0.5852440134499992,0.9574940528046415,0.4423730702781029,0.44237307027810285
TGCGACACCCTAGTGC-1,0.6659580735822167,False,1.4142135623730951,adjacent,0.8756943283360269,0.4362425458396032,0.7171041631834142,0.5431514611083245,0.9296060331400312,0.5439416175915088,0.5054776633943998
TGCGACGGCCGAACGT-1,0.8984482607622551,True,0.0,tumor,0.7807129985695442,0.48419377411184805,0.6843058574374408,0.6347303498114398,0.889125505621603,0.5349130270548093,0.4897970557559255
TGCGAGAAACGTTACG-1,0.6048439104784198,False,1.4142135623730951,adjacent,0.8953816715896635,0.4570863289305021,0.5922922588195955,0.5943599175165805,0.8470815477080933,0.5117687491872411,0.5273922978320237
TGCGAGAATATTACCC-1,0.880956361812406,True,0.0,tumor,0.9670159207861934,0.49016639110268945,0.7168394359917517,0.5705530476137398,0.9412144304918794,0.5438951742245506,0.5055174719946497
TGCGAGATGGCGGCCA-1,0.7320124839770383,False,2.8284271247461903,mid,0.687942373070278,0.43618681379925317,0.7165329097698266,0.5429080978654628,0.8331030720087295,0.5502176645798114,0.5827979076599709
TGCGAGCCCTTCCGCG-1,0.5262020206845487,False,2.0,adjacent,0.8747886826803396,0.5017679441688805,0.7219319511787327,0.5168775195526576,0.8119424962674199,0.5017679441688805,0.5172331430482241
TGCGATGCTAATGGCT-1,0.8279790765997086,True,0.0,tumor,0.8673252336101358,0.439697932341303,0.8377918965613331,0.5497222686655892,0.9140743934740713,0.439697932341303,0.439697932341303
TGCGCAAAGCATTTGG-1,0.8027921752215349,True,0.0,tumor,0.7805225807650151,0.4999814226532167,0.7218762191383827,0.6202121533002657,0.8885080532798305,0.44585632279997767,0.4458563227999778
TGCGCCGTTAATAACG-1,0.5862532941616708,False,5.0990195135927845,distal,0.626948299243902,0.6176936843213386,0.7136836092069331,0.6163332032919059,0.8948380397574776,0.6017109736387449,0.6477854475680926
TGCGCGATTAACGGAG-1,0.8151447838791092,True,0.0,tumor,0.7218553196232514,0.5051645024057664,0.7247115866911888,0.5556837392483605,0.9285808569241193,0.4507607423507774,0.4507607423507775
TGCGGACTTGACTCCG-1,0.5366159505099481,False,10.295630140987,distal,0.5538835943450556,0.5208933226823212,0.7324653068048821,0.5692972189711866,0.7362950512881435,0.5208933226823212,0.5366159505099481
TGCGGAGTAAAGGTGC-1,0.8036440792668847,True,0.0,tumor,0.7898809192071189,0.5451119904388588,0.714380259711308,0.5374222073603447,0.8969030585157092,0.4847851529844507,0.4312545282282784
TGCGGCATAGTTCAAC-1,0.9654302115429019,True,0.0,tumor,0.870799197458619,0.5254261952974543,0.6983990971409463,0.6029668022812981,0.88947309755747,0.47272535869760407,0.42002452209775404
TGCGGGTATTGGGATC-1,0.6876020095381407,False,3.1622776601683795,mid,0.7316455813780677,0.46672797191105164,0.7296020732319011,0.5351817793382749,0.7946494307998722,0.46672797191105164,0.4667279719110517
TGCGGTCTACGAGTAA-1,0.5831880319424209,False,5.830951894845301,distal,0.8972486949413886,0.6488076439589564,0.7150838767207267,0.6006594958108082,0.9634324483671977,0.49594704217676966,0.43426405840717835
TGCGGTGAAATTTCAT-1,0.7310849435912133,False,2.8284271247461903,mid,0.8752809823700979,0.60947011214525,0.7162054840327704,0.5772297460476693,0.8687862441591354,0.43493284289137824,0.4349328428913783
TGCGTAAGAACCTGAT-1,0.6080445219385197,False,1.4142135623730951,adjacent,0.8041808318935889,0.5197446234062185,0.7293094800200636,0.53252336101358,0.8794061311110916,0.5156916655829881,0.5313373301167984
TGCGTACGGCTAATTG-1,0.8892445123844556,True,0.0,tumor,0.7684147949989781,0.4820852452519398,0.6910076352895279,0.6731315833472664,0.8466415579158563,0.5884281706886623,0.5656404009522217
TGCGTCATGACTGAGC-1,0.7439391406119379,False,1.4142135623730951,adjacent,0.8961294097976927,0.4499526277657025,0.845587415705289,0.551717475710119,0.8744899784991655,0.5585062574696414,0.519737104003949
TGCGTGATTGGGTGTC-1,0.7400339169274129,False,2.0,adjacent,0.9852588753274256,0.5064649166805997,0.7249554143677199,0.5924371621245055,0.8477488655596525,0.5608872540823719,0.5220141559382488
TGCGTTTGTTGACACT-1,0.5944777509733202,False,9.055385138137417,distal,0.6271154953649519,0.4475282840104776,0.7229142283899013,0.5168812350220141,0.8135997911515119,0.4475282840104776,0.44752828401047756
TGCTAAGTGTCTATTT-1,0.6142904913177443,False,7.0710678118654755,distal,0.8133487525311636,0.4687064593434765,0.7339840049044196,0.5366456742648015,0.8273934711381362,0.4687064593434765,0.4687064593434766
TGCTATACAAACGGAC-1,0.6851020294424408,False,1.4142135623730951,adjacent,0.8186340076910216,0.4632725854093518,0.7183720671013767,0.5319214549778001,0.8526928841917535,0.4632725854093518,0.4632725854093519
TGCTATGGCAAAGGGA-1,0.6919491086854406,False,2.0,adjacent,0.8141290010960635,0.4788218246670011,0.6082316223596946,0.5464842371212544,0.8285506442917192,0.4788218246670011,0.4788218246670012
TGCTCAAAGGATGCAC-1,0.6143024338978194,False,8.48528137423857,distal,0.6394415649556929,0.46845566516190157,0.7326743019561947,0.5368871797729847,0.741966519710076,0.5234910550075238,0.5392154521062731
TGCTCACACAACAACC-1,0.8662829117602566,True,0.0,tumor,0.7439252076018503,0.5256646045811737,0.6984617956863401,0.5854780880194691,0.8343863755694202,0.6781970065701883,0.6121806355044942
TGCTCCACAGTTCTTA-1,0.46196288246112693,False,15.556349186104045,distal,0.6324889929220309,0.5716435378699214,0.7287591261216073,0.6293596388563785,0.7666983459317077,0.5716435378699214,0.6029808679867198
TGCTCGGCGAAACCCA-1,0.4908042133422504,False,7.211102550927978,distal,0.4908042133422504,0.49080421334225044,0.6156579167363316,0.4908042133422504,0.6231912752957465,0.49080421334225044,0.4908042133422504
TGCTCGGTGGGTCACC-1,0.5487297075660226,False,11.661903789690601,distal,0.7266343420832637,0.47756785375912614,0.7387351613442569,0.5107767188690111,0.5824379541061314,0.47756785375912614,0.47756785375912614
TGCTCTGCCGGTTCAC-1,0.542913671069498,False,2.8284271247461903,mid,0.6424557394712888,0.5271786583440153,0.7343183971465196,0.5419309294246595,0.7992091916800863,0.5271786583440153,0.4721061138048265
TGCTCTTGAGAGTTTG-1,0.561026584183247,False,10.770329614269007,distal,0.5729207304612756,0.48966170651507546,0.6171139162904754,0.5236786862100355,0.5159540298665072,0.48966170651507546,0.48966170651507557
TGCTGCGTCAGAGTTA-1,0.8752995597168812,True,0.0,tumor,0.7038074272232441,0.44287465864125286,0.8381262888034331,0.5157684519496927,0.841804603466533,0.49699975849449174,0.5124640727382743
TGCTGGTTGGACAATT-1,0.816064362544884,True,0.0,tumor,0.8865016998272305,0.4254026639915287,0.7106531795129019,0.5657229374500734,0.8921966343714158,0.5927257302445397,0.5624557129322217
TGCTGTTGAAGAACTC-1,0.5948121432154202,False,5.656854249492381,distal,0.7995039848408849,0.5026596568144803,0.7231510895613888,0.5859889650560106,0.9258367872532025,0.611306173252336,0.6578689660114171
TGCTTAGAGAGAATGC-1,0.8123581818616094,True,0.0,tumor,0.8872169276783889,0.49059367007870613,0.7118932174106893,0.5386817514722548,0.9303892149702125,0.43696706236415317,0.4369670623641531
TGCTTCCCAAGCAGTA-1,0.4743632614390013,False,11.045361017187261,distal,0.47436326143900126,0.4743632614390012,0.7370353341135819,0.4743632614390013,0.6879475062845207,0.4743632614390012,0.4743632614390013
TGCTTGAAACCATGCA-1,0.90261622120843,True,0.0,tumor,0.9632911627561351,0.4966498851300724,0.7025023686117149,0.5769548013152762,0.8492785634039957,0.6117551257996,0.5906720487894205
TGGAAACGGAGTGAAC-1,0.7514709277792374,False,1.4142135623730951,adjacent,0.7983429006669267,0.44596778688067773,0.7058323580226272,0.547925839231641,0.9240709615536918,0.55437279781035,0.5156567224783241
TGGAACCACTGACACA-1,0.5909069195308955,False,1.4142135623730951,adjacent,0.7048338256330231,0.5052790627109304,0.7214721618458452,0.5556651619015774,0.7911207126661328,0.5052790627109304,0.45078860837095247
TGGAAGAAGGGAACGT-1,0.6920008598657654,False,2.0,adjacent,0.9084972784186962,0.5343588028757733,0.6033272028088948,0.580081368778911,0.8845364120885728,0.47918408292927606,0.479184082929276
TGGAAGACGAACACCA-1,0.7454717717215626,False,1.4142135623730951,adjacent,0.8890932397035055,0.49555072544539186,0.7180376748592766,0.543573166880306,0.9302102857880364,0.5013747236619666,0.44153708967285293
TGGAAGGATAAAGATG-1,0.7675973917405116,True,0.0,tumor,0.7731984617956863,0.4136710694978543,0.7026416987125899,0.5791320663582825,0.8944537820055908,0.6770204412739106,0.6168262991536693
TGGAATATCCTTGACC-1,0.8436955119784079,True,0.0,tumor,0.7568411079529621,0.4475716311529721,0.8106155603856657,0.5826060302067658,0.839861315217487,0.5638534371187773,0.5289129863615736
TGGAATTAGACGCTTT-1,0.5982635488570951,False,1.4142135623730951,adjacent,0.8965984878039718,0.4521261773393524,0.5889413698935518,0.4886269482992441,0.8969778567803893,0.5670487407655105,0.5220539645384988
TGGACACCGTTGCTTG-1,0.6106599469749445,False,1.4142135623730951,adjacent,0.8954234706199261,0.4562224823050772,0.7273031265674637,0.5613163907930669,0.9592701449326376,0.565308662616805,0.5964761427058701
TGGACCAATCTAAGAT-1,0.5328022866059984,False,5.0990195135927845,distal,0.5516310910475765,0.5171345061831603,0.7303196232514072,0.5334002117817533,0.8817424769078691,0.4622972747032269,0.46229727470322685
TGGACCACGGCGTTGA-1,0.7548825248206621,True,0.0,tumor,0.8078312805365138,0.5632744431440302,0.7255197012762636,0.6901075628378757,0.873288806366359,0.5088428170688661,0.5243947102331987
TGGACGCAATCCAGCC-1,0.8331183668919833,True,0.0,tumor,0.889413698935518,0.4374686507273031,0.7153486039123893,0.5437032083077895,0.9163462074346541,0.4910240452791866,0.5063255865797247
TGGACGTAGGCGAATC-1,0.6868058375331408,False,1.4142135623730951,adjacent,0.7237130543015847,0.4635233795909268,0.5956083152204201,0.5321666759553402,0.8504870687000061,0.4635233795909268,0.46352337959092693
TGGACTGTTCGCTCAA-1,0.538463069561548,False,5.830951894845301,distal,0.6387820691448847,0.4677032826171767,0.7334824165412696,0.5031339984023483,0.8246538013651417,0.4677032826171767,0.4677032826171766
TGGAGAATAATCGTCC-1,0.5521293620273723,False,5.830951894845301,distal,0.5648674506307009,0.4780137100819261,0.7379967118096193,0.5457578628620261,0.7981972151579416,0.4780137100819261,0.47801371008192606
TGGAGCTAAAGTTCCC-1,0.8845271932548308,True,0.0,tumor,0.8792611789184268,0.44145349161232794,0.8373251407234019,0.5434914265544595,0.9274955487699352,0.6036430177042116,0.580473085405371
TGGAGGGAAACACCTC-1,0.8232259297298589,True,0.0,tumor,0.749921046276171,0.4561636540402633,0.8120785264448532,0.5438926972449795,0.870572602715617,0.5081585514623469,0.47101933901800147
TGGAGTGATGCGATGA-1,0.7509693394160875,False,1.4142135623730951,adjacent,0.8899803080124097,0.45703059689015213,0.7271219974363261,0.5942373070278104,0.9310316000668785,0.45703059689015213,0.4570305968901521
TGGATAGAGTAACAGA-1,0.8243286279567837,True,0.0,tumor,0.9020602277582715,0.4440728975087778,0.5819260993144959,0.5502405766408441,0.8976906402438131,0.6059466087053447,0.5134473451644493
TGGATGGCATCTTGGA-1,0.4973527280833751,False,11.661903789690601,distal,0.580672128406621,0.49735272808337505,0.6223318285682439,0.4973527280833751,0.5499755072348986,0.49735272808337505,0.4973527280833751
TGGCAAACTAAATTAC-1,0.6100349519510196,False,1.4142135623730951,adjacent,0.8057459733600848,0.5190355880039879,0.7208033773616452,0.6314848873283919,0.9266229023486657,0.4641921640751268,0.46419216407512687
TGGCAACTCGCGCGCC-1,0.520286462687399,False,7.211102550927978,distal,0.7866484608668189,0.5591750419538415,0.7239383046313326,0.5551598580690708,0.9255962595001129,0.5047310309808221,0.520286462687399
TGGCAAGCACAAGTCG-1,0.5610544502034219,False,15.033296378372908,distal,0.6561333110405171,0.4897453045756005,0.614536309424288,0.5236954058221405,0.6222526304056413,0.4897453045756005,0.48974530457560045
TGGCAATGGGACGGCG-1,0.5391796243660482,False,10.198039027185569,distal,0.7254825465826972,0.4685671292426016,0.7230396254806889,0.5698378197625814,0.8244044738162074,0.5234879587830599,0.5391796243660482
TGGCACGAGCTCGAGT-1,0.660603816848592,False,2.0,adjacent,0.8020305040034182,0.5646801290506356,0.7099216964833082,0.6239480577383939,0.9321198414863442,0.45084434041130245,0.4508443404113024
TGGCAGATTACGATCA-1,0.4651953408014267,False,1.4142135623730951,adjacent,0.8186014973341508,0.46519534080142677,0.730410187816976,0.53606791877984,0.8527486162321033,0.5200975929951017,0.4651953408014267
TGGCAGCAGTAATAGT-1,0.5233517249066487,False,1.4142135623730951,adjacent,0.6259729885377769,0.4980741483834612,0.7198002006353452,0.5816177153578926,0.8438945549796578,0.5520475332379696,0.5828894674405458
TGGCATGAAGTTTGGG-1,0.8103677518491096,True,0.0,tumor,0.7871593379033607,0.43301008749930336,0.7096430362815582,0.5759702019357597,0.8511147874702639,0.6536284654492313,0.639330100874993
TGGCCAAACTGAAGTA-1,0.5228541174035238,False,3.1622776601683795,mid,0.6344117483141058,0.5072668388167468,0.72540127069052,0.5907633431793272,0.8130219378910409,0.5072668388167468,0.5228541174035238
TGGCCAATTTGGTACT-1,0.9009960111782549,True,0.0,tumor,0.9713072878931431,0.42693529510115363,0.8236777573426963,0.5703486967991231,0.8880108648146031,0.5332844129868038,0.42693529510115363
TGGCCGTATATTGACC-1,0.6509183844077675,False,2.8284271247461903,mid,0.8707388210815731,0.4892096577433478,0.7174873209608204,0.5735570045886047,0.926306109698255,0.43551802931505323,0.4355180293150532
TGGCGACTGCTCCAAA-1,0.4723847740065764,False,1.4142135623730951,adjacent,0.7343114306414759,0.47238477400657636,0.6042049824444073,0.5405599212320495,0.7762769237087033,0.5825670177785208,0.543216216431398
TGGCGATCAAGTTATG-1,0.541496484900598,False,6.324555320336759,distal,0.6356610748852849,0.5203390985032851,0.7307306470489885,0.5339742517973585,0.7657054356338933,0.6301250255438517,0.6771761371326662
TGGCGGTGTGCGATTG-1,0.7390028741809379,False,1.4142135623730951,adjacent,0.902938007393784,0.45254416764197736,0.7116702892492893,0.5544093332590239,0.9508795395946813,0.5070253333085636,0.4525441676419773
TGGCTACACTCTACCT-1,0.9654063263827518,True,0.0,tumor,0.6890477252038864,0.41899347935127906,0.7000640918464025,0.6069349235542181,0.8245276709580337,0.6295862824871352,0.5543745670814724
TGGCTATGTGACATAC-1,0.5300117037284736,False,2.8284271247461903,mid,0.7257890728046221,0.514388155083691,0.7293582455553699,0.5284939344962752,0.9302352185429296,0.514388155083691,0.4597057348269521
TGGCTCTTGTCGCGTA-1,0.6747995636977413,False,1.4142135623730951,adjacent,0.7211958238124431,0.5185463845386935,0.7314551635735385,0.6007096546471231,0.8263668282895836,0.5732349972443602,0.5341717024545983
TGGCTTATGTATAATG-1,0.819595385387059,True,0.0,tumor,0.8022487878281224,0.43551802931505323,0.7163448141336454,0.5794683163350611,0.8357635436191214,0.5430870596394757,0.5046695488093247
TGGCTTGTACAAGCTT-1,0.8690575711976817,True,0.0,tumor,0.7554199409240373,0.4381188578647197,0.6913768600568467,0.5359044381281465,0.7922881522482011,0.6696173685807527,0.6669134799882166
TGGCTTTGGGTAGACA-1,0.6371207235611183,False,3.1622776601683795,mid,0.8714308272492522,0.46443986203223786,0.7028506938639023,0.5509316539411842,0.9680112754717426,0.5697114938044548,0.5471532869961226
TGGGAAATGCCTTTCC-1,0.819726753767884,True,0.0,tumor,0.8900778390830223,0.5927102491222205,0.7140737334893831,0.5716249605231382,0.8625325225788094,0.5391424696724814,0.5008797700655251
TGGGACCATTGGGAGT-1,0.7483977038399374,False,1.4142135623730951,adjacent,0.7962018614501476,0.4615727581786769,0.7276235857994761,0.5631499749205818,0.8454242528240011,0.4615727581786769,0.461572758178677
TGGGATGCACTCATTC-1,0.5734468674612464,False,3.1622776601683795,mid,0.5869048282524291,0.5942335915584536,0.7129381931672519,0.5651470396997901,0.8871998169642464,0.4267402329599287,0.42674023295992874
TGGGCAATAGTTGGGT-1,0.46318898734882685,False,11.661903789690601,distal,0.8049007040814432,0.5766965761949879,0.7304171543220197,0.5999461256943285,0.821572406186843,0.4631889873488269,0.46318898734882685
TGGGCACAAACAGAAC-1,0.7502846314917876,False,1.4142135623730951,adjacent,0.9622972747032269,0.49889155164192783,0.8395195898121831,0.5142413940441026,0.8722122980080196,0.607079826859128,0.5143470195300994
TGGGCACGTTCTATGG-1,0.9753465338651762,True,0.0,tumor,0.8716862657675231,0.4548198926229356,0.8257537758457337,0.574344684092218,0.8546288392775953,0.4548198926229356,0.4696101145691515
TGGGCAGGCCACCGCA-1,0.5483435641435975,False,13.341664064126334,distal,0.6480150104962009,0.5291137986339458,0.7352379758122944,0.5433911088818295,0.7991886588231152,0.5291137986339458,0.47405673521707625
TGGGCCACAAGAGCGC-1,0.8944873050373802,True,0.0,tumor,0.7970749967489644,0.4944825280053503,0.7016315554812462,0.5461424139404409,0.9514016608148024,0.4944825280053503,0.44045031488602804
TGGGCCCATACTAATT-1,0.47706626539597613,False,9.899494936611665,distal,0.8123548644782552,0.5876014787568039,0.6014183804269074,0.5450705010310428,0.7452268440705508,0.4770662653959762,0.47706626539597613
TGGGCCTTGCCTGCAT-1,0.763393603554112,True,0.0,tumor,0.7991974586189601,0.46427576213565186,0.5961935016440952,0.5701424882498282,0.844951997113667,0.46427576213565186,0.46427576213565175
TGGGCGATACAATAAG-1,0.48734882684055064,False,17.26267650163207,distal,0.5704963867060507,0.5995869636565172,0.48734882684055064,0.5538668747329506,0.7526333389065374,0.5982122399945506,0.558618163868122
TGGGTAAGGTTCCCGC-1,0.8304153629350085,True,0.0,tumor,0.754593248992179,0.5907936861790731,0.7105556484422895,0.6661427854873767,0.8882792585878675,0.4751620873506845,0.42217020565122887
TGGGTGCACAAGCCAT-1,0.4673131583347266,False,6.0,distal,0.6432777870664511,0.46731315833472664,0.7318243883408572,0.6017072581693884,0.8759888770580522,0.46731315833472664,0.4673131583347266
TGGGTGGGATGTCATT-1,0.6587248509167921,False,2.0,adjacent,0.7011555109699233,0.6022032733285032,0.7112522989466645,0.5726541455349348,0.7799347055148319,0.4880299962226062,0.5033916927412999
TGGGTGTAATAGATTT-1,0.8875765320339806,True,0.0,tumor,0.753116349922904,0.44345365261600006,0.6565513013431422,0.6834791655055824,0.7353608062959607,0.5167691516964213,0.47026695647327654
TGGGTGTTAAGTAGAA-1,0.5595974554342721,False,18.867962264113206,distal,0.6546285459510673,0.4883241375466756,0.6161664716045254,0.4883241375466757,0.7265126115740781,0.4883241375466756,0.4883241375466757
TGGGTTCCCGGACGGA-1,0.6190515999076441,False,4.0,mid,0.8120947816232885,0.5322657551381845,0.7310998718163072,0.5464396514889744,0.7463986835505414,0.47703839937580117,0.47703839937580117
TGGGTTTCGGGCGTAC-1,0.6943694715806403,False,2.8284271247461903,mid,0.6489345891619759,0.5297794868936818,0.6058351446246447,0.5077133143844397,0.8546053731553428,0.47461405562057624,0.47461405562057635
TGGTAAGCAGGATTGA-1,0.5234432846872238,False,1.4142135623730951,adjacent,0.8083468019097514,0.44685949952627774,0.7230953575210389,0.5162031618644226,0.8424000563186934,0.5010310427464749,0.4468594995262776
TGGTACCGGCACAGCC-1,0.6752215348603912,False,1.4142135623730951,adjacent,0.96649575507626,0.545276090335445,0.6989703505545338,0.5758141522227795,0.8690927703810604,0.4375522487878281,0.43755224878782817
TGGTAGAATATATGGG-1,0.5440322927365228,False,15.033296378372908,distal,0.6383733675156513,0.6966102534569346,0.7209218079473889,0.5413290233888797,0.7985697398487023,0.4732764866521763,0.47327648665217625
TGGTATCGCATCCCAA-1,0.7391063765415878,False,1.4142135623730951,adjacent,0.9625712905682811,0.5494993405041891,0.7155784985788329,0.5469895409537607,0.9228829891146525,0.5494993405041892,0.5108518244281495
TGGTATCGGTCTGTAT-1,0.6031958344280699,False,2.8284271247461903,mid,0.8891443274071597,0.5106293385845301,0.7270453658808449,0.6258986791506435,0.9636759093855688,0.4561110182243772,0.45611101822437716
TGGTCCCACGCTACGG-1,0.6021210022213198,False,2.0,adjacent,0.8105064184733136,0.516026057825088,0.7297205038176448,0.5300079882591168,0.8231695691326628,0.46123836593657697,0.4612383659365769
TGGTCGATATACCTCT-1,0.7050700233278396,False,7.211102550927978,distal,0.4877389511230006,0.48773895112300064,0.6125090564565568,0.5542830073008973,0.7011428001537032,0.48773895112300064,0.4877389511230006
TGGTCGGGTACAGGGC-1,0.5476628370793227,False,4.47213595499958,mid,0.8072739601330139,0.4725241041074514,0.7347154879340133,0.5407048245369597,0.7983952105644483,0.5275811675243208,0.47252410410745144
TGGTCGTGCAAGGCAA-1,0.5270857716100986,False,1.4142135623730951,adjacent,0.7011973100001857,0.44933957532185254,0.7244189934793512,0.5541399617306656,0.8136613897224251,0.44933957532185254,0.44933957532185254
TGGTCGTTTGATAGAT-1,0.741630241797438,False,1.4142135623730951,adjacent,0.897011833769901,0.4862744369515812,0.8494677590146574,0.5669769083579485,0.9219267446328577,0.4862744369515812,0.5016122483101249
TGGTCTAGCTTACATG-1,0.6094537463873696,False,4.0,mid,0.721585948094893,0.4679262107785766,0.7245792230953575,0.5033977967266714,0.8197860476303616,0.5229646968486628,0.5386899785829731
TGGTCTGTTGGGCGTA-1,0.6067786084505696,False,2.8284271247461903,mid,0.8029454383324975,0.460848241654127,0.5947723346151702,0.5295974288952053,0.9092462388205929,0.460848241654127,0.4608482416541269
TGGTGATCGTATTTGT-1,0.7434455139688377,False,2.0,adjacent,0.9001885600698509,0.4378030429694031,0.7182884690408515,0.5437273588586077,0.9549582449687167,0.5995467127384866,0.5764404742000461
TGGTGCCCTGCCTTAC-1,0.5630727462360968,False,13.038404810405298,distal,0.5749688829441378,0.49169592598785034,0.7435908153597502,0.5250051087703652,0.65080650128917,0.49169592598785034,0.4916959259878504
TGGTGTGACAGACGAT-1,0.7077889507249145,False,1.4142135623730951,adjacent,0.49364654740010033,0.4936465474001003,0.49364654740010033,0.560714484757287,0.5991824989660239,0.6053738071795254,0.5659150802939468
TGGTTAACTTACATTT-1,0.5461700145699476,False,2.0,adjacent,0.8123920191718218,0.581647439112746,0.7274145906481636,0.5726820115551097,0.8494633591167351,0.4715209273811515,0.4715209273811514
TGGTTAAGGGCGCTGG-1,0.7101376581396645,False,1.4142135623730951,adjacent,0.5832172249159374,0.4864664028683424,0.703052722510171,0.5629976406769585,0.7483478383301506,0.5906481636292704,0.560477225499797
TGGTTATGCTTGCGGT-1,0.4927548347545004,False,1.4142135623730951,adjacent,0.4927548347545004,0.4927548347545004,0.7424761745527504,0.49275483475450055,0.6779216055520845,0.4927548347545004,0.4927548347545004
TGGTTCAACGGGTAAT-1,0.5479096504008726,False,3.1622776601683795,mid,0.5597819019487636,0.47271916624867644,0.7358022627208382,0.5078452135466015,0.7460774910022088,0.5278660201749986,0.5436222641539478
TGGTTCGTAGCAAAGG-1,0.7322035652582385,False,1.4142135623730951,adjacent,0.8892047037842056,0.4979874540984723,0.7172086607590704,0.5422560329933679,0.9548878466019589,0.49012614018465883,0.5054816442544248
TGGTTGGAGGATCCTG-1,0.5817788074935709,False,3.1622776601683795,mid,0.6973610878894276,0.557933455943822,0.7194309758680264,0.6462780285719594,0.9262225116377298,0.550867871717228,0.5817788074935709
TGGTTTAAACGTGGGT-1,0.7082945199480896,False,1.4142135623730951,adjacent,0.5829571420609709,0.6004693876287255,0.661065596611492,0.5730201192665663,0.8458202436370141,0.4462216772867165,0.460911935414527
TGTAACTTGTCAACCT-1,0.899053351486055,True,0.0,tumor,0.7142386074420851,0.44981329766482747,0.7208242768767765,0.5874379981051107,0.875273160329347,0.504176806801786,0.4498132976648276
TGTAAGACTGATAAGA-1,0.7916338245714606,True,0.0,tumor,0.8751230749224396,0.45653520097593003,0.69974363261439,0.5899645172676439,0.9198015939363541,0.45653520097593003,0.4046703449813297
TGTAATGACCACAATA-1,0.8983686435617549,True,0.0,tumor,0.8752949153801853,0.49177642782391146,0.8130956361812406,0.6429638299058129,0.8607109648389492,0.5450098150315505,0.5004219711626499
TGTAATGCCTTCGGAC-1,0.7891179210356605,True,0.0,tumor,0.7604869122591911,0.5195991008564157,0.8242838432815025,0.5910921622173922,0.934774446566173,0.4142841219417043,0.4142841219417042
TGTACCCGACCCTAAT-1,0.8234249727311089,True,0.0,tumor,0.8079055899236471,0.4383882293930781,0.5774605695814524,0.5402552527448031,0.9774138573318429,0.4922811124115254,0.4383882293930781
TGTACCTACACGAGGG-1,0.5375395100357481,False,5.0990195135927845,distal,0.8959761466867301,0.4670623641531517,0.5993005628936076,0.5709394564268332,0.8560456064085981,0.4670623641531517,0.4670623641531516
TGTACGAACAAATCCG-1,0.90014808799293,True,0.0,tumor,0.708200969737502,0.5411395344516896,0.8344479741403333,0.6001133218153784,0.9068336281264942,0.43420832636682827,0.4342083263668282
TGTACGCTATCAGCTT-1,0.6638959880892669,False,1.4142135623730951,adjacent,0.8112866670382136,0.4476954801315276,0.7224056735217077,0.5820988686395808,0.8691397026255657,0.5562181475908278,0.5174600520696492
TGTACTACTCTCACGG-1,0.7087642614310395,False,2.0,adjacent,0.5981116126994743,0.42292258819595385,0.8267639190770775,0.5622434003975552,0.763958676158713,0.5365385448983511,0.4910908352640505
TGTACTATCGCTCGTT-1,0.6747040230571413,False,9.899494936611665,distal,0.5425049694402646,0.5604475902084998,0.7245722565903139,0.5206580096230656,0.8407764939853395,0.4514295268349774,0.45142952683497745
TGTACTGTGCCAAAGT-1,0.6637924857286167,False,2.0,adjacent,0.9644522469300935,0.5539176528141585,0.7202460569581453,0.5149882033847925,0.9215058210649512,0.44549406453770274,0.44549406453770274
TGTACTTCCGGGCATG-1,0.5896927572232704,False,3.1622776601683795,mid,0.7952869271210686,0.5586332026726609,0.7245025915398763,0.5843894554979658,0.9010433624606576,0.5042789822090943,0.519808759484399
TGTAGCCAATTCCGTT-1,0.4707964108566015,False,8.94427190999916,distal,0.5534841813892141,0.5259215912116765,0.7340118709245945,0.5409983466161363,0.7455524365168062,0.47079641085660145,0.4707964108566015
TGTAGCCATCCCATTC-1,0.45438332497352724,False,5.0990195135927845,distal,0.706951643166323,0.5634818901831108,0.7266552415983949,0.5269185754890486,0.8969983896373603,0.508932607578319,0.5245181168939738
TGTAGGAGAAATTTCC-1,0.4683999331215515,False,9.899494936611665,distal,0.7220782477846512,0.5234662852118127,0.7322284456333945,0.5695312935406566,0.7382735387205683,0.4683999331215516,0.4683999331215515
TGTAGTGATCTATAAT-1,0.9611667104561269,True,0.0,tumor,0.8762795147597021,0.434524141262145,0.6833514462464472,0.53280202121533,0.936647336448461,0.5570541281960777,0.5277704795343987
TGTATAACAGATCCTG-1,0.5338890613928233,False,2.0,adjacent,0.7103605863010646,0.4633004514295268,0.7310580727860447,0.6001244682234483,0.815779207255725,0.4633004514295268,0.46330045142952686
TGTATACGGATGATGA-1,0.818635998121034,True,0.0,tumor,0.6713899570863289,0.4214456891266789,0.7023073064704899,0.5689572535250514,0.7304446536840346,0.5273861053830958,0.48955024243437545
TGTATCAGACTGAAGC-1,0.7177052730471891,False,2.0,adjacent,0.5912658604098163,0.5262528872293126,0.7058184250125398,0.5955358635679652,0.7361058556774817,0.47312477165344585,0.4199966560775791
TGTATCCTTATTCCAT-1,0.9745941513204512,True,0.0,tumor,0.7192870014304557,0.5002972375485333,0.7209914729978264,0.5561314533058387,0.8671494821320146,0.5544316260751639,0.5157642056989993
TGTATGGCGCAGACAG-1,0.6026186097244448,False,15.556349186104045,distal,0.6271758717419978,0.5645469913986885,0.7260003901242825,0.5241877055118989,0.812763810546262,0.509911014508908,0.5255212936202737
TGTATTTACCTAATGC-1,0.7239870701666388,False,2.0,adjacent,0.6635456724070669,0.5718386000111464,0.7059716881235023,0.4843188615801892,0.8601917768841097,0.4136710694978543,0.41367106949785437
TGTCATTTGTTGGGAA-1,0.7227410609788139,False,1.4142135623730951,adjacent,0.6635967601107209,0.4667217794621239,0.7016524549963774,0.5476453212952125,0.8155738786860145,0.4140333277601293,0.41403332776012924
TGTCCACGGCTCAACT-1,0.8957213716451301,True,0.0,tumor,0.7672351334782365,0.5089697622718856,0.8069860112578722,0.7190752196771258,0.8719145715819394,0.5508090434524141,0.5287656945406486
TGTCCCGACATAGCAC-1,0.7492177610050875,False,1.4142135623730951,adjacent,0.8165115458210258,0.45547009976035224,0.7129451596722955,0.5270727674673502,0.8757204832847879,0.5145646398781326,0.45547009976035213
TGTCCGCAAACAATTC-1,0.5539924045190723,False,11.661903789690601,distal,0.48286239759237587,0.4828623975923759,0.6073399097140947,0.5171710416318341,0.6700545880668902,0.4828623975923759,0.48286239759237587
TGTCCGTGGCGCCTTT-1,0.90052228883528,True,0.0,tumor,0.9149900611194709,0.4616284902190269,0.7022864069553586,0.5956454699139868,0.8488605731013706,0.5222463727730405,0.5544541842819722
TGTCCTAAGTCACCGC-1,0.8223421788043088,True,0.0,tumor,0.8901846588270264,0.439920860502703,0.7147216184584518,0.5861004291367107,0.9592320124839772,0.5538866905695196,0.5092554995581247
TGTCGGCATGGTGGAA-1,0.757482026416987,True,0.0,tumor,0.9004672202716009,0.5135676556007605,0.7142618291255644,0.5933288747701053,0.8547652361131889,0.5135676556007603,0.45895335228222706
TGTCGTGGGTATAGGC-1,0.4891322521317506,False,21.633307652783937,distal,0.48913225213175054,0.4891322521317505,0.6167725575433317,0.5223912760779507,0.6484129568194017,0.4891322521317505,0.4891322521317506
TGTCGTTATCACATAT-1,0.6140277545560943,False,1.4142135623730951,adjacent,0.7208892975905181,0.46739675639525163,0.5998857493172826,0.6017332664548848,0.7394747108533748,0.5223299708335655,0.5380251749587981
TGTCTACAGTTTCTGT-1,0.9846896123438508,True,0.0,tumor,0.7920684017908562,0.44086830518865294,0.579195229337346,0.6119768154712144,0.8300686090749361,0.5556794045341111,0.5884825757756706
TGTGACTACGCCAGTC-1,0.6573912628084171,False,1.4142135623730951,adjacent,0.9772055954968514,0.5369131880584814,0.7079641085660147,0.5734845529361496,0.9335938072903375,0.5904252354678705,0.5674915008638466
TGTGACTAGAGTTTGC-1,0.4620743465418268,False,3.1622776601683795,mid,0.7214141076371471,0.6304594177859518,0.7264114139218636,0.5989485221720635,0.877794301838864,0.5756376674283379,0.5375992229361231
TGTGAGACTAGCCCAA-1,0.480716714038901,False,8.246211251235321,distal,0.653077337494659,0.4807167140389009,0.7297832023630385,0.5803433093685559,0.8562494683456676,0.4807167140389009,0.480716714038901
TGTGATTCCAGCGCTT-1,0.8136758465298843,True,0.0,tumor,0.7192684240836723,0.44173215181407793,0.7195354734436827,0.5478961154767875,0.8773132463326853,0.44173215181407793,0.4417321518140779
TGTGCCAGAGGCAAAG-1,0.8294519948089586,True,0.0,tumor,0.8739759237585688,0.4099370227944045,0.6731315833472663,0.5585762321425255,0.8952296306725684,0.5665533448512883,0.5441795845574477
TGTGCCGGTGCCGGAA-1,0.47163239146185143,False,10.770329614269007,distal,0.7280880194690594,0.4716323914618514,0.7269269352951012,0.5415761021010979,0.8317347037548729,0.4716323914618514,0.47163239146185143
TGTGCTTTACGTAAGA-1,0.5979371183350449,False,1.4142135623730951,adjacent,0.9961359118690668,0.5041953841485692,0.7194518753831577,0.5516487395270208,0.9390863465300939,0.6127366289546526,0.519701276263724
TGTGGACTATCTACGT-1,0.6490513610560426,False,14.422205101855956,distal,0.797530141745156,0.7106361502783506,0.7017778520871649,0.6770718386000113,0.8656183176550304,0.4950893880002725,0.5104855853058494
TGTGGAGGAAGCTTAA-1,0.5348524295188734,False,1.4142135623730951,adjacent,0.8189405339129466,0.5191811105537907,0.5972384774006576,0.5987441713574466,0.9048111417148456,0.5191811105537907,0.46433149417600184
TGTGGCAAAGCGTATG-1,0.5610146416031719,False,8.246211251235321,distal,0.5990126140184658,0.4771189012118623,0.710513849412027,0.5687268944249382,0.7883986424848277,0.4771189012118623,0.4237307027810288
TGTGGCGGGCTTCTGG-1,0.5514406732430474,False,15.231546211727817,distal,0.6462222965316093,0.5356437360282871,0.6047553363428635,0.5149361868137994,0.8010351493178691,0.5356437360282871,0.5514406732430475
TGTGGCTCCCACCAAC-1,0.6013487153764699,False,4.0,mid,0.8000520165709933,0.6279390910723464,0.5909755893663267,0.5597391740511619,0.9028986527512562,0.6234031222327494,0.6013487153764699
TGTGGTAGGGTGCCTT-1,0.5275754173931737,False,14.7648230602334,distal,0.8057181073399097,0.5665192863821855,0.5925291199910829,0.5947909119619534,0.9026551917328852,0.5708601930805576,0.6032555473284448
TGTGGTTGCTAAAGCT-1,0.48213788106782596,False,8.246211251235321,distal,0.7312043693919635,0.4821378810678259,0.6114431811848632,0.5166192944323691,0.7791984559291559,0.4821378810678259,0.48213788106782596
TGTGTAGTAGCACGTG-1,0.4651396087610768,False,9.486832980505138,distal,0.71844637648851,0.5200356685058241,0.7304241208270634,0.5690724330751082,0.8476359348463116,0.46513960876107674,0.4651396087610768
TGTGTCGAAGTCGAGG-1,0.5280292354360235,False,1.4142135623730951,adjacent,0.7943952144754686,0.44992476174552753,0.7246906871760574,0.5222649501198238,0.8980983641179525,0.44992476174552753,0.4499247617455274
TGTGTCGCGAGTTGCA-1,0.7338795073287633,False,1.4142135623730951,adjacent,0.9488054766018316,0.47634484509589003,0.7109666722398706,0.5633598989392335,0.896193208317567,0.5903787921009123,0.5697327250579215
TGTGTGACCATGAATC-1,0.8245754412783336,True,0.0,tumor,0.8141475784428467,0.5092267489023885,0.7266552415983949,0.4907447658325437,0.9054491269135889,0.5637079145689747,0.5247927962356987
TGTGTTCGTATCCAAG-1,0.8970270937333301,True,0.0,tumor,0.8544464879525907,0.5829881043056097,0.8247575656244776,0.6740660238904681,0.8567818559942744,0.5861648306055596,0.4852389710273007
TGTTAACAAAGTGACT-1,0.5496572479518476,False,10.770329614269007,distal,0.5649231826710509,0.5338726956349428,0.7383102045365881,0.546454513366401,0.6954155996914204,0.4786267625257761,0.4786267625257761
TGTTATTGTATGTGGC-1,0.5320459232012483,False,10.770329614269007,distal,0.6332320867933642,0.52042269656381,0.5960123725129577,0.5327165654201266,0.8734222699366709,0.571182200424802,0.5320459232012483
TGTTCATAAATGTGCT-1,0.6776777254958162,False,1.4142135623730951,adjacent,0.9864849802151258,0.5089511849251024,0.7132029203589143,0.5888424455219305,0.9288389842688981,0.4544947890542273,0.4544947890542273
TGTTCCGCTTCCATGA-1,0.7304201399670385,False,1.4142135623730951,adjacent,0.8096193501644096,0.48646021041941456,0.7150699437106393,0.5771907336194244,0.9310125338425482,0.5399381993597008,0.5017396358309248
TGTTCCGGCCTGAGCT-1,0.5560067196917222,False,17.88854381999832,distal,0.48478515298445074,0.5418454736294562,0.6094228947221758,0.552258076501514,0.6176327375871546,0.540179704867884,0.5560067196917223
TGTTCGTATTGCGGTG-1,0.6110102626571444,False,4.47213595499958,mid,0.6401149937765888,0.46957030596890154,0.7344089617120882,0.6038900964164298,0.7665106169536866,0.46957030596890154,0.4695703059689015
TGTTCTCATACTATAG-1,0.5446174791601978,False,14.560219778561036,distal,0.805513756525293,0.5797897044344127,0.7246906871760574,0.4696817700496015,0.7146299539184024,0.46968177004960154,0.4696817700496015
TGTTCTCTACTCCCTA-1,0.7240308596269137,False,2.0,adjacent,0.699994426795965,0.5344609782830816,0.689168477957978,0.5996507458804732,0.8524992886831694,0.4883086564243561,0.4278270077467536
TGTTCTTCCATTGACT-1,0.9662781347282267,True,0.0,tumor,0.9418343272213862,0.38652956584740567,0.8149208605027031,0.5040758698842631,0.9066605654748809,0.48834581111792275,0.45198286637845236
TGTTGATCACTGTTTA-1,0.8344997253206582,True,0.0,tumor,0.7561630347953705,0.48640138215460066,0.6843964220030095,0.594904233777332,0.9229959198279932,0.5865208964189068,0.5182243771944491
TGTTGCCGTCGTCCCA-1,0.5922046798990453,False,7.211102550927978,distal,0.716193873191031,0.620353341135819,0.6970127626372402,0.5570175927474038,0.8432257704954578,0.4524605695814523,0.4524605695814524
TGTTGGCTGGCGGAAG-1,0.7437918487910128,False,1.4142135623730951,adjacent,0.7983614780137102,0.5000340584691028,0.696685336900184,0.5096249233684444,0.9477981444163828,0.4939252076018503,0.43992086050270307
TGTTGTCAAGAAGTCT-1,0.5804093916449709,False,4.242640687119285,mid,0.7005935462297274,0.5459386823707172,0.7147494844786269,0.506946069962288,0.8590492700569348,0.4317282505712534,0.4317282505712533
TGTTTAATACTTCATC-1,0.818890773162634,True,0.0,tumor,0.9817895558156384,0.4291924427353285,0.7122136766427019,0.5740140073194747,0.8677757342696315,0.5360245716373454,0.5665480370379216
TGTTTCGGTACTTCTC-1,0.736805439447138,False,1.4142135623730951,adjacent,0.8085975960913262,0.5533820059819056,0.7190338850805328,0.6104980586672613,0.859527392297832,0.5472700588901893,0.5087220643147745
TGTTTCTGAAGCGTGC-1,0.6056639676435697,False,1.4142135623730951,adjacent,0.7262256404540303,0.5126852316285522,0.8511745527503761,0.5621672332757436,0.8448302666044814,0.5126852316285522,0.4580337736164521
TGTTTGAGATCGTCAG-1,0.46586412528562665,False,9.486832980505138,distal,0.6368035817124598,0.6339271891855072,0.5985272808337513,0.5362741273291349,0.8206660272148354,0.46586412528562676,0.46586412528562665
TTAAACAGAGTCCCGC-1,0.7631627136726618,True,0.0,tumor,0.7197235690798639,0.5124468223448326,0.7277629159003511,0.5922736814728121,0.7415851952234708,0.5124468223448326,0.5280491397361485
TTAAACCGGTAGCGAC-1,0.9093996066910296,True,0.0,tumor,0.8850015790744766,0.4339575321852533,0.8160842668450091,0.5358579947611883,0.9455703294350237,0.5946422931876869,0.5716873273301963
TTAAACCTGGTTCCTT-1,0.9707128127960765,True,0.0,tumor,0.9856304222630924,0.419216407512679,0.8180488212673467,0.5624719017629901,0.9540430662008641,0.525020589892685,0.4872333818998257
TTAAACTCGAATTCAT-1,0.45538650169982725,False,7.211102550927978,distal,0.7180330305225807,0.5100100936917523,0.7271219974363261,0.5271786583440153,0.7944089030467827,0.5100100936917523,0.45538650169982725
TTAAAGGCGATGCTCG-1,0.49484478626762524,False,10.0,distal,0.49484478626762524,0.49484478626762524,0.49484478626762524,0.49484478626762507,0.547467565419149,0.49484478626762524,0.49484478626762524
TTAAAGTAAGTCGCCA-1,0.8107140866712844,True,0.0,tumor,0.9663750023221683,0.6042282041278865,0.7169160675472329,0.690551561425997,0.9259673175582327,0.5961284809303535,0.5730846091989713
TTAACACCTCGAACAT-1,0.6028295953057698,False,1.4142135623730951,adjacent,0.8850248007579559,0.44981329766482747,0.7240567352170764,0.5547790224600123,0.9061369776221192,0.44981329766482747,0.4498132976648276
TTAACCAACCCTCCCT-1,0.6774149887341661,False,1.4142135623730951,adjacent,0.8807520109977892,0.4966096342120419,0.8542816139998886,0.5480391610470192,0.9454559320890421,0.4966096342120418,0.5120580250157243
TTAACCCGAGGCGTGT-1,0.5484072579039976,False,12.806248474865697,distal,0.5643008415538092,0.5350368760333649,0.7385122331828567,0.5453008601311561,0.7450083158070732,0.4774285236582511,0.4774285236582511
TTAACGAACAAGCAGT-1,0.7137482981823393,False,1.4142135623730951,adjacent,0.4952720652436418,0.5021952231448972,0.6599788218246669,0.548003864088131,0.8171945077540868,0.5148278189575631,0.4652351494016767
TTAACGTCGCAAGACC-1,0.8922699660034554,True,0.0,tumor,0.790540415017927,0.4569779610742661,0.8417419049211392,0.584385740028609,0.8583658192463268,0.6258243697635104,0.6222323070676189
TTAACGTTAAAGCCTG-1,0.7342417655910383,False,1.4142135623730951,adjacent,0.8893440338850804,0.6146377107754804,0.722586802652845,0.6572275167660556,0.871540580258538,0.5007183240756222,0.4464972412640026
TTAACTCACGCGTGGA-1,0.7850654055302109,True,0.0,tumor,0.9772427501904177,0.4894883179450978,0.8323858886473833,0.5674543461702801,0.9568194017898785,0.5359409735768206,0.5664485155372967
TTAACTGATCGTTTGG-1,0.47667614111352613,False,14.142135623730951,distal,0.8952702075089635,0.7529677311486372,0.6072423786434822,0.6441694997120511,0.8510473223687878,0.5319344591205484,0.5477225499796975
TTAACTTCAGGTAGGA-1,0.9740527543570513,True,0.0,tumor,0.853601218673949,0.4146742462241543,0.7013110962492336,0.5550632558657973,0.8310439197810611,0.5194566745310768,0.48203437870717586
TTAAGACGAACGAACC-1,0.7952325220340601,True,0.0,tumor,0.7778381541548236,0.4802306067980704,0.708814022181352,0.5581619573092571,0.8916818463144986,0.4721680382941041,0.419049211391629
TTAAGATACCCAGAGA-1,0.6139361947755193,False,2.8284271247461903,mid,0.6432034776793178,0.46831633506102655,0.6006450983670513,0.6042282041278865,0.7730107328176652,0.5232805117439794,0.538984562224823
TTAAGATAGGATTGAC-1,0.47230117594605137,False,17.26267650163207,distal,0.7253571494919097,0.47230117594605137,0.6041074513737947,0.5073659179995913,0.8272086754253968,0.5274325487500541,0.5431843695511979
TTAAGCCGACAACTTC-1,0.8036440792668847,True,0.0,tumor,0.8696892009883147,0.48602054654554233,0.7117469208047706,0.6640621226476436,0.9510746017359066,0.5392539337531814,0.5717828679707964
TTAAGCGCCTGACCCA-1,0.7218851760734388,False,1.4142135623730951,adjacent,0.8990042542124134,0.43705066042467816,0.7179749763138829,0.5068438945549796,0.8957150860766697,0.5446692303405227,0.5062340267991497
TTAAGGATACGGAGGT-1,0.8905900430729056,True,0.0,tumor,0.9706477920823349,0.49530921993720856,0.8367190547845956,0.515313306953501,0.8647647374580909,0.49530921993720856,0.441369893551803
TTAAGGCCCGTACTTT-1,0.7512957699381374,False,1.4142135623730951,adjacent,0.8858840030466849,0.4491166471604525,0.7163657136487767,0.5546099686042839,0.900670837769897,0.5033717884411747,0.518873257378524
TTAAGTATTGTTATCC-1,0.6848074458005907,False,5.0990195135927845,distal,0.8956649761281095,0.4680376748592766,0.7335381485816196,0.5717642906240131,0.8526664848042192,0.4680376748592766,0.46803767485927666
TTAATCAGTACGTCAG-1,0.8095914841442344,True,0.0,tumor,0.8047474409704806,0.5284171481295707,0.7103257537758457,0.6045310148804549,0.9606957118594849,0.5360648225553759,0.4904817636802254
TTAATGCGAGGTAACT-1,0.6738720233119163,False,2.0,adjacent,0.9844646937524383,0.4561946162849022,0.7237502089951513,0.5251518698099538,0.9034515732568337,0.51074080266523,0.4561946162849022
TTAATGTAGACCAGGT-1,0.6116591428412194,False,1.4142135623730951,adjacent,0.8072693157963179,0.45875829014100206,0.7285779969904698,0.5628768879228669,0.8463350316939313,0.45875829014100206,0.458758290141002
TTAATGTGTTTGCAGG-1,0.7500537416103376,False,1.4142135623730951,adjacent,0.81360883538613,0.4562224823050772,0.5918046034665329,0.5576343606606106,0.8984958215636064,0.6743824580306774,0.6665910303261916
TTAATTGCTTTGGGTG-1,0.6611651181121169,False,6.324555320336759,distal,0.7870153634657898,0.5053100249555692,0.7251574430139888,0.5200895428114956,0.9242264246136156,0.4507607423507774,0.4507607423507775
TTAATTTCAGACGCGG-1,0.6797597152888909,False,1.4142135623730951,adjacent,0.957982685912798,0.4958386743205334,0.7186158947779078,0.5437886641029926,0.9108756676845097,0.4958386743205334,0.5112897190308994
TTACAACTACGCATCC-1,0.7442775137140628,False,1.4142135623730951,adjacent,0.9032816883092757,0.4951946596320447,0.7153904029426517,0.5756190900815547,0.8733562714678351,0.4951946596320447,0.4412026974307529
TTACACGATCTGCGAC-1,0.6036416907508698,False,4.242640687119285,mid,0.8067955934533431,0.5709066364475159,0.7265646770328262,0.5974233220011519,0.9312325287386666,0.6198981961396274,0.6666308389264416
TTACAGACCTAAATGA-1,0.6066552017897946,False,3.1622776601683795,mid,0.7304194764903675,0.5240050282685293,0.728766092626651,0.6020379349421318,0.8205662961952614,0.4655018670233517,0.4655018670233516
TTACATCGTGGCCTGG-1,0.740161304448213,False,1.4142135623730951,adjacent,0.7184324434784225,0.4927207762853975,0.7174664214456892,0.5770012446822345,0.9267739655106668,0.4927207762853975,0.4387504876553531
TTACATGCCACAACTA-1,0.6827294368675408,False,15.033296378372908,distal,0.5576501514053763,0.5804863549387878,0.7264601794571699,0.5364431811848632,0.7975064311841298,0.4703784205539765,0.4703784205539766
TTACCATTGATTACCC-1,0.6604047738473419,False,1.4142135623730951,adjacent,0.8865063441639265,0.4333166137212283,0.7148957810845455,0.5715265005851863,0.9577243141292456,0.5405079046610562,0.5022253007539749
TTACCCATTGCCGGGT-1,0.5358755105452984,False,3.1622776601683795,mid,0.8178584034628176,0.5750493847801991,0.7299085994538261,0.60162737557822,0.8787197470352022,0.46536253692247675,0.46536253692247687
TTACCCTAACAGTCCT-1,0.6740352385729412,False,2.0,adjacent,0.8896134054134389,0.5110008855201966,0.8376247004402831,0.5581489531665087,0.8709421941410959,0.5655563605739161,0.5967309177474701
TTACCCTAGGGATTGG-1,0.6134783958726443,False,11.40175425099138,distal,0.6417080012632596,0.5267606680413903,0.7343671626818258,0.572739601330138,0.8765725968490864,0.5267606680413903,0.5425275276470728
TTACCGCCTTAGGGAA-1,0.6720567511405163,False,2.0,adjacent,0.8134416392650801,0.5086322738053217,0.7225798361478013,0.5885990822790689,0.8767148602152429,0.5086322738053217,0.5241956672319487
TTACGGATGGTTCGAG-1,0.5987094051798951,False,10.0,distal,0.8003074550892642,0.5128090806071076,0.7261606197402887,0.5957773690761486,0.8731069439189012,0.45814523769715204,0.45814523769715215
TTACGGTGTCACCGAG-1,0.8097228525250595,True,0.0,tumor,0.8933753181370637,0.4444351557710528,0.8390040684389455,0.48143565735941585,0.8960802776042264,0.49862837256249726,0.5141121487886243
TTACGTAGCGCGTGCT-1,0.7334256892859132,False,1.4142135623730951,adjacent,0.8841052220921807,0.4985200047062611,0.7183233015660704,0.5765721079715395,0.9569308658705784,0.49230278598277255,0.5077149067284497
TTACGTATCTATGACA-1,0.5313572344169233,False,4.242640687119285,mid,0.8154387040442884,0.5157195316031631,0.7292816139998886,0.5326868416652732,0.9018368107193245,0.46098757175500193,0.4609875717550019
TTACTAAAGGACTTTA-1,0.6859101440275157,False,3.1622776601683795,mid,0.6457903732188969,0.4694867079083765,0.7259028590536699,0.5393895483846995,0.8235288941296561,0.4694867079083765,0.4694867079083766
TTACTATCGGCTTCTC-1,0.7557543331661372,True,0.0,tumor,0.7979341990376935,0.49227491996259765,0.8388090062977205,0.6049360010403314,0.9037243669280205,0.4984116368500251,0.5155293349575243
TTACTCCGGCCGGGAA-1,0.6419335833313429,False,7.0710678118654755,distal,0.7825242898809193,0.48841392805612827,0.7165538092849579,0.5045087220643146,0.8923931631452818,0.48841392805612827,0.5037658935836499
TTACTCTGGTACGTAC-1,0.8337831705161584,True,0.0,tumor,0.896709951884672,0.4991516344968946,0.6993883408571587,0.6453417302940794,0.9522127086651588,0.4930520723030338,0.5084314615329496
TTACTGGGATATTTCA-1,0.739500481684063,False,1.4142135623730951,adjacent,0.7147727061621058,0.45310148804547734,0.7261675862453325,0.5577755484961637,0.8980015663636605,0.5620700118275774,0.5231526819053988
TTACTGTCTAGAGCTC-1,0.6536532352449423,False,1.4142135623730951,adjacent,0.7566460458117371,0.5470842854223561,0.687524382767653,0.6061398131118914,0.7988513333157339,0.5856694346913374,0.5628219520545218
TTACTGTTTCTCTACG-1,0.6873153876163406,False,1.4142135623730951,adjacent,0.7257426294376638,0.4656690631444017,0.7217438555425515,0.53417302940794,0.9033459757066968,0.5205310644200463,0.5362059219273733
TTAGAAGAACATGACT-1,0.4831410577941258,False,1.4142135623730951,adjacent,0.7323468762191384,0.5403469009889341,0.6122791617901131,0.5506920061676791,0.8033978945021809,0.48314105779412586,0.4831410577941258
TTAGAATAAGGGTCGG-1,0.5555927102491223,False,5.830951894845301,distal,0.6505229523119508,0.5951469777753008,0.4843950287020008,0.5508461981459808,0.6984984615023597,0.4843950287020008,0.48439502870200085
TTAGACACGATCGTTG-1,0.6676738242529916,False,4.0,mid,0.9527345854465065,0.44437942373070277,0.7208312433818201,0.546292890449386,0.9519765808099919,0.49850761980840563,0.5139728186877492
TTAGACGAGTCACCTC-1,0.46764755057682666,False,4.242640687119285,mid,0.6387077597577514,0.46764755057682655,0.731747756785376,0.6041000204350814,0.8248092644250653,0.46764755057682655,0.46764755057682666
TTAGAGGGATATACAG-1,0.8233732215507839,True,0.0,tumor,0.7934756358096936,0.494101692396292,0.7142827286406955,0.6066544056177895,0.9521041778497406,0.547920266027606,0.44028311876497794
TTAGAGTATTGTCGAG-1,0.4930334949562503,False,7.0710678118654755,distal,0.6595794088688253,0.49303349495625043,0.6179429303906816,0.49303349495625054,0.6785771903425174,0.49303349495625043,0.4930334949562503
TTAGAGTTTAGAAGGA-1,0.6046130205969698,False,8.94427190999916,distal,0.7174014007319474,0.4636348436716269,0.720810343866689,0.5322465585465084,0.7696374777438498,0.4636348436716269,0.4636348436716268
TTAGATAGGTCGATAC-1,0.762095843185962,True,0.0,tumor,0.8148720949673969,0.4530178899849523,0.7258819595385387,0.5250794181574988,0.8769011225606232,0.4530178899849523,0.45301788998495235
TTAGCAACATGGATGT-1,0.9056138088072546,True,0.0,tumor,0.8070045886046554,0.4910828735440005,0.7160313214066767,0.5754593248992179,0.8914662513163029,0.6526779245388173,0.5757279002555712
TTAGCATCCCTCACGT-1,0.6859021823074657,False,1.4142135623730951,adjacent,0.8872122833416931,0.5112021401103495,0.7279997770718386,0.6591744227089488,0.8694638284391802,0.5112021401103495,0.45664047260770213
TTAGCCATAGGGCTCG-1,0.6887803441055407,False,4.0,mid,0.8152715079232383,0.4759516245889762,0.7358858607813632,0.5770588344572629,0.7993499884136022,0.5311294407599374,0.4759516245889763
TTAGCGAATAGATAGG-1,0.5128382735806244,False,10.0,distal,0.7789109959315611,0.5515521373237475,0.7200231287967452,0.5452172620706311,0.9000548520607655,0.49735272808337516,0.5128382735806244
TTAGCTAATACGATCT-1,0.659560831522042,False,3.1622776601683795,mid,0.786230470564194,0.4413977595719779,0.7188179234241766,0.5477735049880176,0.8925515594704869,0.49556620656771133,0.5110429057093494
TTAGCTCTGTAATCCG-1,0.9009920303182299,True,0.0,tumor,0.6048319678983446,0.43448698656857826,0.7100470935740957,0.5765516728900778,0.8011216806436758,0.49668394359917517,0.4344869865685782
TTAGCTGATTTGCCGT-1,0.5174162626093742,False,13.92838827718412,distal,0.6191365249215107,0.5461801878789005,0.714213063590258,0.5401790856229914,0.8651944608218423,0.4382210332720281,0.43822103327202816
TTAGGATGGGAGGGTA-1,0.5836776777254957,False,11.40175425099138,distal,0.7982453695963142,0.6048164867760253,0.7085144624644708,0.609275669248918,0.917837772830337,0.6389585539393264,0.6313683808249934
TTAGGTCATAACCGAC-1,0.6754922333420913,False,1.4142135623730951,adjacent,0.7887244793698565,0.49604921758407794,0.7201485258875328,0.5475468613572609,0.9249773405256997,0.5559828345315723,0.5115046854722494
TTAGGTGTGACTGGTC-1,0.7472034458324376,False,1.4142135623730951,adjacent,0.8138317635475301,0.45098367051217747,0.7103675528061082,0.5232514072340188,0.8698920851702908,0.5054091041384136,0.520959228031624
TTAGTAAACCTGCTCT-1,0.6126463961274193,False,5.830951894845301,distal,0.8142915528804177,0.5219522314489712,0.7329111631276821,0.6038975273551431,0.7986430714807415,0.5219522314489712,0.5376430123963981
TTAGTAGGGCGGCGGG-1,0.6595687932420919,False,1.4142135623730951,adjacent,0.9821611027513052,0.4417600178342529,0.7182745360307641,0.5827342138995708,0.9357336243132494,0.4417600178342529,0.4417600178342528
TTAGTTATTCGTGGCA-1,0.5358118167848981,False,11.313708498984761,distal,0.54758122944881,0.6848910438611158,0.7319010198963384,0.5684761002433633,0.7670092720515551,0.520119266566349,0.5358118167848982
TTAGTTCAAGTGTTCG-1,0.7060493148939898,False,1.4142135623730951,adjacent,0.6580839324527671,0.5180695659712548,0.6686521206041354,0.5516858942205876,0.8477077998457103,0.45693151770730783,0.4717995875829014
TTATAGATGCACATTA-1,0.6874029665368907,False,1.4142135623730951,adjacent,0.8130747366661093,0.46483308253915173,0.7216393579668952,0.5334392242099983,0.8497317528899996,0.5746004322329352,0.5353978073422981
TTATAGGTAATTGTCT-1,0.5239647773504988,False,7.0710678118654755,distal,0.7152185624849059,0.5083659985014274,0.726766705679095,0.49006111947091724,0.7875142630024317,0.4537702725296773,0.4537702725296774
TTATAGTCCAAGGTGC-1,0.7455593506421128,False,2.0,adjacent,0.7146008657043601,0.5083536136035718,0.7243771944490888,0.5881606568949823,0.8438960216122984,0.45399320069107735,0.45399320069107724
TTATATACGCTGTCAC-1,0.5468228756140476,False,7.211102550927978,distal,0.6496869717067008,0.47589589254862624,0.7309187426851697,0.5108231622359696,0.7716804970124693,0.5310613238217319,0.47589589254862613
TTATATTTGGCAATCC-1,0.681105245977341,False,1.4142135623730951,adjacent,0.8833992829144143,0.6109067602964945,0.7226007356629327,0.5863679429303907,0.9291293775317745,0.4482806665552026,0.4482806665552026
TTATCATACTCGCAAA-1,0.8400092355952581,True,0.0,tumor,0.8154851474112467,0.5131527615225994,0.7165189767597392,0.5601311560682904,0.8459053083301802,0.4584796299392521,0.458479629939252
TTATCCAATCGAACTC-1,0.677036807031791,False,2.0,adjacent,0.9769083579483179,0.4528228278437274,0.5894708242768767,0.5546452655631723,0.8223849206698405,0.561748004483333,0.5228461556834738
TTATCCGGGATCTATA-1,0.5372489072539229,False,5.656854249492381,distal,0.8099026547028553,0.5163790274139713,0.7194658083932453,0.5960318787270802,0.8713220519950603,0.5712131626694409,0.602546954243995
TTATCCTCAAGGAATA-1,0.5953216932986203,False,1.4142135623730951,adjacent,0.8920981255457097,0.5066414014750413,0.7221130803098701,0.5196919875903324,0.9297761625263625,0.44722175778855267,0.44722175778855267
TTATCGCCTGCGAAGC-1,0.6752971712008663,False,2.0,adjacent,0.9813947871964926,0.43897341581675303,0.7185880287577328,0.573413959018373,0.9347876462599402,0.5530259401685584,0.5083319400323245
TTATCTGACATTAGGA-1,0.6125866832270443,False,1.4142135623730951,adjacent,0.9014611083245092,0.4660034553865017,0.7324653068048821,0.5344795556298649,0.9035938366229904,0.4660034553865017,0.4660034553865016
TTATCTGTATCATAAC-1,0.5825590560584709,False,1.4142135623730951,adjacent,0.8947779078192054,0.4326478292370284,0.8358970071894332,0.5723086068847647,0.8981174303422828,0.4931480552614143,0.4326478292370285
TTATGAATGAAAGGGA-1,0.559179465131647,False,3.1622776601683795,mid,0.5710583514462464,0.5433409500455144,0.6126344535473444,0.5544279106058073,0.7525160082952741,0.4879061472440507,0.48790614724405057
TTATGACAAACTGGAT-1,0.7254918352560888,False,1.4142135623730951,adjacent,0.893556447268201,0.4713599237090292,0.7083263668282896,0.48892418584777725,0.9211450294353173,0.4713599237090292,0.48648099935510075
TTATGATCTTAACGAA-1,0.47338795073287626,False,11.40175425099138,distal,0.6430455702316594,0.4733879507328763,0.7350359471660257,0.5415278009994612,0.7451960447850943,0.5836568887898097,0.6151622996632192
TTATGCGTCCCGGTCC-1,0.5327346119855735,False,2.0,adjacent,0.9042802206988797,0.45510784149807726,0.8363567965223206,0.4914191235207788,0.8792858672345467,0.5096416429805495,0.5252227291183987
TTATGTTTGCGATAGA-1,0.8289026361255087,True,0.0,tumor,0.8822707090973267,0.5002291206103278,0.7178356462130079,0.619556372958814,0.8741570528897062,0.6140834865964444,0.5157084736586491
TTATTAGAGCGTGTTC-1,0.5384352035413731,False,7.0710678118654755,distal,0.5452079733972394,0.5178311566875352,0.7311625703617008,0.5316595143881551,0.8212248142509762,0.5178311566875352,0.5334750519502233
TTATTAGGGAAGCATC-1,0.8157021042826091,True,0.0,tumor,0.7953658808448977,0.4166527336565792,0.7058950565680209,0.5188857307399357,0.9128688214433426,0.522314489711246,0.4845781482631507
TTATTATCTGGAAGGC-1,0.4670623641531516,False,14.422205101855956,distal,0.6369939995169889,0.5837900264417569,0.6001922755392075,0.5378624904791098,0.9020333394931905,0.4670623641531517,0.4670623641531516
TTATTTAGGTTCCTTA-1,0.5468985119545228,False,13.038404810405298,distal,0.641531516468818,0.5863289305021457,0.606636292704676,0.6415315164688179,0.7206152817254639,0.5311263445354735,0.5468985119545228
TTATTTCATCCCAAAC-1,0.822314312784134,True,0.0,tumor,0.8091456278214345,0.4350164409519032,0.6963021791227776,0.5049490051830798,0.9522845736645575,0.4350164409519032,0.43501644095190317
TTCAAAGTCTCTAGCC-1,0.660806840709867,False,5.830951894845301,distal,0.706533652863698,0.5513106318155641,0.7201694254026639,0.5160471121514425,0.914237189697199,0.4971762432889335,0.5126432114393993
TTCAACGACCCGACCG-1,0.6641388205507918,False,2.0,adjacent,0.8980707425365507,0.45418826283230224,0.8445354734436828,0.526530308941277,0.9346453828937836,0.6174831410577941,0.5941553013112953
TTCAAGCCGAGCTGAG-1,0.979311470450076,True,0.0,tumor,0.7783722528748444,0.5125830562212439,0.8450440283118765,0.6041055936391165,0.8939976592543054,0.6778564218791606,0.6095015167076695
TTCAATACTCTGAATC-1,0.478793958646826,False,13.038404810405298,distal,0.6480753868732467,0.4787939586468261,0.7378504152037005,0.5466978766092628,0.6666490670749772,0.4787939586468261,0.478793958646826
TTCAATTAGCCATAAT-1,0.7221678171352138,False,1.4142135623730951,adjacent,0.8878067584387598,0.5025636738560998,0.8304283007300897,0.6025803934682048,0.9147094454075332,0.4604519249227492,0.399459399208605
TTCACGAAAGGATCAC-1,0.89713059609398,True,0.0,tumor,0.961071169815527,0.5349006421569538,0.7106044139775957,0.6412361366549628,0.946683503609383,0.48868949203341444,0.42832859610990365
TTCACGGTCGTCACGT-1,0.5423006186256479,False,1.4142135623730951,adjacent,0.8077291051292055,0.4664493117093016,0.7214860948559327,0.6028033216296047,0.8721785654572813,0.4664493117093016,0.4664493117093017
TTCACTCGAGCACCTA-1,0.48202641698712595,False,5.0990195135927845,distal,0.5650160694049676,0.4820264169871259,0.6114083486596444,0.5839361682364523,0.7238374736372782,0.5373528519323538,0.5531604047738474
TTCACTTCCTAGAACG-1,0.48004792955470105,False,10.0,distal,0.6491342956398968,0.5353341135818981,0.8641392186367942,0.5809972319753292,0.748561966695706,0.5353341135818981,0.5511301661610976
TTCAGAGTAACCTGAC-1,0.8176208788146592,True,0.0,tumor,0.8174218358134091,0.5094094261457579,0.7240915677422951,0.5566609076891639,0.8729412144304919,0.5686556812622688,0.601169576675345
TTCAGCCCTGGTCCAC-1,0.47692693529510116,False,7.615773105863909,distal,0.5598329896524179,0.532197638199979,0.7376553530624756,0.5100893570380279,0.7464368159992021,0.532197638199979,0.5479892676013726
TTCAGCTGGCGTGCCC-1,0.539235356406398,False,9.486832980505138,distal,0.8190009102899923,0.5235436908234099,0.6007844284679262,0.5697709413141615,0.9064743031295006,0.4686228612829516,0.46862286128295155
TTCAGGCGTCAAAGCC-1,0.6357114991122682,False,1.4142135623730951,adjacent,0.7717587174199781,0.536343482757126,0.7143732932062643,0.5368574560181315,0.9160088819272726,0.4828376277966648,0.4981250149282251
TTCAGTTCAAGAGGAG-1,0.6303134529183685,False,5.830951894845301,distal,0.48776681714317555,0.48776681714317566,0.7402190269185754,0.5218265247357373,0.6742154248688096,0.5432016199446396,0.559040135030772
TTCAGTTTGTGGCAGC-1,0.7272792414073136,False,2.0,adjacent,0.9026639915287298,0.4960585062574696,0.7197653681101265,0.5440394582845677,0.9312237289428218,0.4960585062574696,0.5114847811721245
TTCATAGCCTTGTAAC-1,0.7482742971791626,False,1.4142135623730951,adjacent,0.8942856081294469,0.5611194709171636,0.711071169815527,0.5866949042337772,0.8491538996295285,0.5116294190863662,0.4522376414200524
TTCATAGGGTGTCCAT-1,0.8240897763552838,True,0.0,tumor,0.7973629456241061,0.4897669781468477,0.7163169481134705,0.5802392762265692,0.8734472026915641,0.4361032157387282,0.43610321573872823
TTCATGGCGCAACAGG-1,0.6745129417759413,False,1.4142135623730951,adjacent,0.8879600215497222,0.5469387628725532,0.7141991305801705,0.5410819446766613,0.9255082615416657,0.49298395536482814,0.43902914785710306
TTCCAATCAGAGCTAG-1,0.5210189409319989,False,1.4142135623730951,adjacent,0.7112755206301435,0.45098367051217747,0.7245792230953574,0.5201880027494472,0.8411739514309935,0.5054555475053719,0.45098367051217736
TTCCAATCTGGCTATC-1,0.8132817413874094,True,0.0,tumor,0.8689135967601107,0.580031209942596,0.8242350777461962,0.6618551338497835,0.9519369817286907,0.519397846266263,0.5493746068900726
TTCCACACAGATTTGA-1,0.6125428937667694,False,1.4142135623730951,adjacent,0.8095868398075386,0.5160074804783048,0.5956361812405953,0.5299819799736202,0.8990839412525629,0.5160074804783048,0.4612383659365769
TTCCACATTTCTCGTC-1,0.8237792692733337,True,0.0,tumor,0.7134537145404893,0.459454940645377,0.7282087722231512,0.5611101822437718,0.8970159892290498,0.5141559382488992,0.5297847947070485
TTCCAGACGAGATTTA-1,0.47865462854595103,False,7.0710678118654755,distal,0.6510524066952758,0.536120554595726,0.6086008471270133,0.5811514239536311,0.8020221930851206,0.4786546285459511,0.47865462854595103
TTCCAGTGGGTTTCGT-1,0.5550552941457473,False,10.0,distal,0.48383770829850087,0.4838377082985008,0.6127459176280443,0.5170725816938826,0.643919194408023,0.4838377082985008,0.4838377082985009
TTCCATCATGCGGTGA-1,0.439865128462353,False,2.0,adjacent,0.5297980642404652,0.49377039637865583,0.719249846736889,0.5740827435025729,0.9374055855237492,0.49377039637865583,0.5091719014975995
TTCCATCGACAGCGTG-1,0.6081838520393947,False,4.0,mid,0.726378903564993,0.46695090007245166,0.7318731538761634,0.5705511898790615,0.7982441474024469,0.5218748258373739,0.5375673760559232
TTCCCAAAGTACTGAT-1,0.47447472551970116,False,10.770329614269007,distal,0.7269640899886678,0.584873705004118,0.7368402719723568,0.5756562447751212,0.7720192891524917,0.5296742152619096,0.47447472551970116
TTCCCGACGCTTCACT-1,0.6766944530696412,False,3.1622776601683795,mid,0.8918566200375263,0.45984506492782695,0.7264392799420387,0.5286091140463319,0.8198505794665563,0.5690860564627493,0.60029776832987
TTCCCGGCGCCAATAG-1,0.89925637534733,True,0.0,tumor,0.9690826506158391,0.5496015159114975,0.8368235523602519,0.6098348473870961,0.9254290633790629,0.5433285651476589,0.5050437496516748
TTCCGCAGAGAAATAT-1,0.7777127570640362,True,0.0,tumor,0.8363010644819706,0.5678351817793383,0.7002521874825838,0.6122666220810343,0.8907329349959082,0.46262547449639907,0.47765543267967614
TTCCGCGTGAGGCGAT-1,0.5486142626252977,False,5.0990195135927845,distal,0.6432313436994929,0.47765145181965113,0.7367775734269632,0.545317579743261,0.8001199705500166,0.47765145181965113,0.4776514518196512
TTCCGGCCTTGAGGCT-1,0.6166073518522941,False,1.4142135623730951,adjacent,0.73302494937673,0.5253828481549598,0.7262999498411636,0.5712812796076465,0.7994453195352534,0.5804151417761183,0.6118621667024945
TTCCGGCTCGACTTCT-1,0.6094696698274696,False,1.4142135623730951,adjacent,0.792574634490702,0.5732257085709686,0.5968413866131639,0.5316465102454068,0.763715215140342,0.5183884770910352,0.5340562575138733
TTCCGGTATCTGTGTC-1,0.5405490402146479,False,3.1622776601683795,mid,0.6463616266324844,0.637881067825893,0.7258262274981887,0.5728659272882647,0.8502700070691693,0.524850297547171,0.4699046982110015
TTCCGGTTACCCACTT-1,0.6065954888894197,False,10.295630140987,distal,0.8784762860168311,0.5699622879860299,0.7288287911720448,0.5292128778167903,0.8982567604431576,0.4603745193111519,0.46037451931115203
TTCCTCGAGGGTGTCT-1,0.7333022826251384,False,1.4142135623730951,adjacent,0.9757472737743597,0.5000619244892778,0.7054909992754834,0.6199910828735439,0.8759214119565758,0.5000619244892778,0.4459120548403277
TTCCTCGGACTAACCA-1,0.6085978614819946,False,5.656854249492381,distal,0.885684296568764,0.5205217757466545,0.7307097475338573,0.5303665310520352,0.8232663668869549,0.5165090688414548,0.5321653490019985
TTCCTCTGCCCGAATA-1,0.8321749030660583,True,0.0,tumor,0.9634955135707518,0.4854136865506202,0.7136487766817143,0.6086626168050678,0.9204674451552723,0.5388761943685869,0.5006886887843249
TTCCTTTCTGTGTTGC-1,0.8229671738282338,True,0.0,tumor,0.8119461628490218,0.46458228835757676,0.7115866911887645,0.5354530086013116,0.8248840626897457,0.5194721556533962,0.5351549748807732
TTCGAACGAAACATGC-1,0.4918631221089004,False,7.0710678118654755,distal,0.5750896356982295,0.4918631221089005,0.6167028924928941,0.4918631221089004,0.5444272359547927,0.4918631221089005,0.4918631221089004
TTCGACAGAGCCCGTG-1,0.49523491055007524,False,3.1622776601683795,mid,0.49523491055007524,0.4952349105500752,0.7451234464693752,0.49523491055007524,0.4952349105500751,0.4952349105500752,0.49523491055007524
TTCGACGGGAAGGGCG-1,0.8336955915956084,True,0.0,tumor,0.7861608055137564,0.439642200300953,0.6995694699882962,0.5092069330658194,0.8598104523975042,0.49349792862583364,0.4396422003009529
TTCGAGCCGGCGCTAC-1,0.5872604517479957,False,1.4142135623730951,adjacent,0.7836017759943524,0.43900128183692805,0.7178286797079642,0.5481784911478942,0.8071495407973203,0.6007913949729701,0.6470171415832677
TTCGCACTCGCGTGCT-1,0.8335562614947335,True,0.0,tumor,0.6149473332218692,0.42679596500027867,0.8287702725296773,0.5285459510672686,0.7916061680702341,0.42679596500027867,0.42679596500027867
TTCGCACTGTACGACA-1,0.48261160341080084,False,11.661903789690601,distal,0.7345436474762673,0.5379720968251315,0.7401632948782255,0.5490441955079975,0.7748396237207297,0.4826116034108009,0.48261160341080084
TTCGCATCCGGAAGCA-1,0.818305586738959,True,0.0,tumor,0.8086393951215887,0.4544669230340523,0.5772515744301399,0.5263724014936186,0.8819771381303954,0.5090378792100911,0.5246295809746738
TTCGCCGCTCGCGCTA-1,0.7460808433053875,False,1.4142135623730951,adjacent,0.8959575693399469,0.45340801426740235,0.7125132363595832,0.5908135020156422,0.7965619197634615,0.5079170459541635,0.45340801426740235
TTCGCGCGCCATACGA-1,0.5437456708147229,False,5.0990195135927845,distal,0.8077523268126846,0.4729142283899013,0.6042189154544948,0.5407401214958478,0.6894845372920683,0.4729142283899013,0.47291422838990144
TTCGCTAGGAAGTTGT-1,0.5318349376199233,False,1.4142135623730951,adjacent,0.8905190510691262,0.6248150005882827,0.591470211224433,0.6294283750394769,0.9051777998750429,0.5649928477214884,0.5961337887437201
TTCGCTATCTGACGTG-1,0.719166248676364,False,1.4142135623730951,adjacent,0.5975775139794534,0.47537882306315676,0.7099216964833083,0.5624830481710602,0.7979830867923865,0.47537882306315676,0.42205874157052886
TTCGGACTGATGCCTT-1,0.498411636850025,False,3.1622776601683795,mid,0.7044390570138771,0.5217943240013128,0.7070236303851083,0.5562187668357205,0.9444424889342568,0.5912054840327703,0.5626428133533968
TTCGGACTGGGCATGG-1,0.8216813560401589,True,0.0,tumor,0.9654182689628267,0.5032974790540415,0.7225380371175388,0.6158576232142525,0.8989196783967947,0.4490887811402776,0.44908878114027756
TTCGGCAACCCGCTGA-1,0.4436827732263278,False,4.0,mid,0.7994854074941017,0.497885278691164,0.7203923535640641,0.5782217763658994,0.950791541636234,0.6062902896208364,0.5830606444216209
TTCGGCTAGAGATGGT-1,0.6840112737955908,False,2.0,adjacent,0.901410020620855,0.5203174249320379,0.7276235857994762,0.5302532092366569,0.8499092154395351,0.5162799482311269,0.5319344591205485
TTCGGGACTAATCGCG-1,0.738564979578188,False,4.47213595499958,mid,0.8869707778335097,0.560998718163072,0.7255266677813075,0.5895632465771239,0.9321873065878205,0.4520425792788274,0.4520425792788273
TTCGGGCGCTAGTCTT-1,0.8152323627996593,True,0.0,tumor,0.8049982351520556,0.5628905113105079,0.7206640472607703,0.6254695424399487,0.9322107727100731,0.5085765417649718,0.5255889682406988
TTCGGGTTGCCACGGG-1,0.5348126209186232,False,7.211102550927978,distal,0.8053279830574597,0.5776873680234322,0.7207755113414702,0.6036244403574281,0.8447041361973736,0.4643314941760017,0.46433149417600184
TTCGGTACTGTAGAGG-1,0.4782923702836762,False,16.1245154965971,distal,0.47829237028367616,0.5335383033928429,0.7268990692749262,0.5461609912872245,0.7174341555275918,0.4782923702836761,0.4782923702836762
TTCGGTGGAGACGCCC-1,0.539322935326948,False,7.615773105863909,distal,0.5566841293726429,0.5823069349235541,0.7320264169871259,0.6050381764476397,0.8218818656740496,0.4686507273031266,0.4686507273031265
TTCGTAATCCCAGCGG-1,0.7570879212745122,True,0.0,tumor,0.6158947779078192,0.44326478292370286,0.7211099035835702,0.4801463894926527,0.8903677434683516,0.44326478292370286,0.44326478292370286
TTCGTACTCCAGAACG-1,0.8971584621141551,True,0.0,tumor,0.7959232012483977,0.4774006576380761,0.6869809953742407,0.5663211280164967,0.9613600964457625,0.5305690241319735,0.560950947842772
TTCGTGCATGTTATAG-1,0.48598339185197575,False,22.360679774997898,distal,0.6522227795426258,0.5413965210821924,0.4859833918519757,0.520225157443014,0.6734645089567257,0.4859833918519757,0.48598339185197575
TTCGTGGGCTGGAAGC-1,0.6463005867787678,False,1.4142135623730951,adjacent,0.6613024577829795,0.6746487333345719,0.6961907150420776,0.588782998012224,0.8950536347556737,0.569544297683405,0.6145890558196193
TTCGTTCAACGAAGTT-1,0.7988630663768601,True,0.0,tumor,0.7665709933307325,0.5407586988426313,0.7062364153151647,0.5249066488324138,0.8737287961585958,0.5303677695418207,0.4842158900008758
TTCTAACCGAAGCTTA-1,0.599346342783895,False,12.649110640673518,distal,0.7201369150457931,0.45864682606030205,0.7287173270913447,0.5628341600252651,0.8487769750408457,0.45864682606030205,0.45864682606030194
TTCTACCTCAATCGGT-1,0.7575616436174872,True,0.0,tumor,0.7250227572498096,0.4584517639190771,0.728543164465251,0.5297980642404654,0.953528278143947,0.4584517639190771,0.4584517639190771
TTCTACCTTTATGTTG-1,0.5255849873806737,False,2.8284271247461903,mid,0.7935592338702188,0.4476118820710026,0.7195633394638578,0.48433372345761566,0.9547631828274916,0.6102937078526444,0.5870534470266956
TTCTACTTGCGAGGGC-1,0.7066185778775645,False,1.4142135623730951,adjacent,0.7965641197124228,0.5227758271563654,0.7029830574597336,0.5219379888164373,0.8815210153791098,0.5138772780471492,0.5438770391955478
TTCTAGAAAGTCTTAT-1,0.47915621690910104,False,5.656854249492381,distal,0.5620436939196344,0.47915621690910104,0.7328414980772446,0.5136506344163927,0.8005291610567967,0.47915621690910104,0.47915621690910104
TTCTAGGCCAATTGTG-1,0.8150452623784844,True,0.0,tumor,0.9937487228074088,0.48211001504765094,0.8267639190770775,0.606020918092478,0.9218959453474012,0.48211001504765094,0.4286908543721787
TTCTATGCCTTTCGCA-1,0.6105922723545195,False,4.47213595499958,mid,0.7247301640379722,0.5198220290178157,0.7210402385331328,0.5658362592654517,0.84757726954068,0.4650002786602017,0.4650002786602018
TTCTATTAAACGCAGC-1,0.5491715830287975,False,14.0,distal,0.6489810325289341,0.5850966331655179,0.7300827620799197,0.5759813483438294,0.7760583954452257,0.4748091177618012,0.47480911776180124
TTCTCAATTGCTACAA-1,0.6902572431748154,False,1.4142135623730951,adjacent,0.6453166508759218,0.4686228612829516,0.7250808114585074,0.5039012428244998,0.7178638788913431,0.5236489624551821,0.539370705647248
TTCTCTTACAGGTGAT-1,0.7606905995971369,True,0.0,tumor,0.8920981255457096,0.4686507273031266,0.7321169815526947,0.6030875550353898,0.8809622283429691,0.4686507273031266,0.4686507273031265
TTCTGACCGGGCTCAA-1,0.60192992094012,False,2.8284271247461903,mid,0.8982518716676885,0.5100317672629995,0.7269687343253637,0.5572516673168739,0.8470199491371799,0.5100317672629995,0.5256526620010987
TTCTGCCGCGCCTAGA-1,0.5385307441819729,False,4.47213595499958,mid,0.7289007783908302,0.5217757466545294,0.7312949339575321,0.5344888443032565,0.849888682582564,0.517945716992699,0.4631332553084767
TTCTGCGAGCGCCCTT-1,0.8250212976011337,True,0.0,tumor,0.8864645451336641,0.6119842464099277,0.8557027810288136,0.6535361979602075,0.9229460543182066,0.4441286295491278,0.4441286295491277
TTCTGCGGGTTAGCGG-1,0.6017746673991449,False,11.40175425099138,distal,0.8036931765405265,0.4609318397146519,0.7294697096360698,0.5297070352412269,0.8728532164720445,0.5745508926415129,0.6070134791920446
TTCTGCTAGACTCCAA-1,0.45658474056735215,False,4.242640687119285,mid,0.6284298426498728,0.45658474056735215,0.7246628211558825,0.5580709283100186,0.8153216178717988,0.45658474056735215,0.45658474056735215
TTCTGTTTCCTGTCGC-1,0.8235603219719587,True,0.0,tumor,0.8951633877649594,0.4378309089895781,0.6986707908376526,0.5442122276096527,0.9229944531953526,0.6128604779332082,0.5167395164051242
TTCTTAGTGAACGGTG-1,0.6648155667550418,False,1.4142135623730951,adjacent,0.8111705586208178,0.5007988259116832,0.7190687176057515,0.5485537535529176,0.8710008594467276,0.5551004105593639,0.5163135643824492
TTCTTAGTGGCTCAGA-1,0.8749532248947063,True,0.0,tumor,0.8781976258150811,0.49436177525125863,0.7182257704954578,0.5424362332571663,0.9546590519099956,0.5003808356090583,0.5175277266900741
TTCTTATCCGCTGGGT-1,0.4729978264504263,False,14.0,distal,0.6425161158483345,0.4729978264504264,0.728375968344201,0.5778260788794145,0.8231505029083325,0.4729978264504264,0.4729978264504263
TTCTTCCCTTTGATAT-1,0.6173597343970192,False,2.8284271247461903,mid,0.7315294729606717,0.5213020243115545,0.723151089561389,0.5348511025655315,0.852000633585301,0.5798361478013709,0.46630998160842674
TTCTTCGCAATAGAGC-1,0.7997428364423851,True,0.0,tumor,0.8954048932731427,0.5640515954844663,0.7202251574430141,0.587790967693994,0.9331024853556731,0.5046938762872553,0.520222768926999
TTCTTGAGCCGCGCTA-1,0.6904363818759405,False,1.4142135623730951,adjacent,0.818870868862509,0.5231380854186405,0.591804603466533,0.5365806535510597,0.8851509311650637,0.46820487098032654,0.4682048709803266
TTCTTGCTAGCATCTC-1,0.6072921393937947,False,8.0,distal,0.6432266993627971,0.5759070389566961,0.5986805439447138,0.6046889223281132,0.8235772930068023,0.46605918742685165,0.46605918742685176
TTCTTGGACGATCTGC-1,0.5403181503331981,False,1.4142135623730951,adjacent,0.8132187111036803,0.4641085660146018,0.7185113972022517,0.5676345464340784,0.966267449261844,0.5735105612216463,0.5344384200762733
TTCTTGGAGTAATGAG-1,0.519159879300324,False,4.0,mid,0.7132540080625684,0.49387876423489196,0.7148191495290642,0.5419012056698063,0.9010345626648131,0.49387876423489196,0.439865128462353
TTCTTGTAACCTAATG-1,0.7147673983487393,False,2.0,adjacent,0.8920238161585762,0.6265519825125243,0.7017081870367274,0.6099165877129428,0.9199306576087435,0.46982419637494044,0.40575711976815476
TTCTTGTGTCCATCAG-1,0.7941895367075101,True,0.0,tumor,0.977372791617901,0.5433254689231951,0.7142339631053893,0.6040405729253747,0.9515908564254644,0.48297076544861206,0.42958256701777847
TTCTTTGGTCGCGACG-1,0.720089808202164,False,1.4142135623730951,adjacent,0.7675416597001616,0.6568206728715006,0.6970406286574151,0.6103290048115328,0.8909353303003371,0.48911677100943113,0.4353786992141782
TTGAAACCCTCATTCC-1,0.5477504159998726,False,7.0710678118654755,distal,0.646538111426926,0.6451479066426399,0.7307027810288134,0.6092515186980995,0.8008694198294598,0.47678760519422614,0.47678760519422614
TTGAAAGGTGTAAAGG-1,0.5895812931425706,False,1.4142135623730951,adjacent,0.6138001820579986,0.5488367484689171,0.7190060190603578,0.5464229318768693,0.8128576750352724,0.440840439168478,0.44084043916847804
TTGAACGAATCCTTTG-1,0.6106081957946196,False,1.4142135623730951,adjacent,0.8925439818685096,0.5139484912098188,0.7282296717382823,0.5639004997306285,0.8781096278566337,0.459343476564677,0.45934347656467706
TTGAACGACGTGCTGA-1,0.6869491484940407,False,2.8284271247461903,mid,0.6466124208140593,0.47071281279607646,0.594528506938639,0.5411841200839695,0.771131976404814,0.47071281279607646,0.47071281279607646
TTGAAGAATTCCCAGG-1,0.8984641842023551,True,0.0,tumor,0.862114287837411,0.4551511886405717,0.6940589644986903,0.6585446506529937,0.916557402534928,0.5063782223956108,0.46005605050915205
TTGAAGGATGGGCGCC-1,0.5422926569055979,False,1.4142135623730951,adjacent,0.8169202474502592,0.4715209273811515,0.6031042746474948,0.5396366270969181,0.8805691707952378,0.5265656059001653,0.5422926569055979
TTGAAGTGCATCTACA-1,0.5461381676897477,False,17.204650534085253,distal,0.7274610340151219,0.47519924204425124,0.6062810009474446,0.5429991268647012,0.7474047935421231,0.47519924204425124,0.47519924204425124
TTGAATATGGACTTTC-1,0.4532408181463524,False,6.324555320336759,distal,0.714772706162106,0.4532408181463523,0.7259655575990638,0.5257426294376638,0.817074243877542,0.4532408181463523,0.4532408181463524
TTGAATCGTTGTATAA-1,0.6792899738059409,False,1.4142135623730951,adjacent,0.8972022515744301,0.4559716881235022,0.591191551022683,0.5901187092459456,0.9585456284080877,0.5104652386879439,0.45597168812350214
TTGAATTCACGTGAGG-1,0.5947046599947453,False,14.142135623730951,distal,0.7827379293689276,0.5607634051038164,0.7060274201638522,0.5191290939827973,0.8665686956062618,0.5007059391777666,0.44627431310260274
TTGACAGGAGCTCCCG-1,0.5353380944419234,False,16.1245154965971,distal,0.7300386408813093,0.6331902877631017,0.7317407902803322,0.5355384643965149,0.8246626011609863,0.4647216184584518,0.46472161845845184
TTGACATGAACGTGGA-1,0.7401214958479628,False,1.4142135623730951,adjacent,0.9765832543796095,0.44624644708242767,0.7060552861840272,0.5481301900462575,0.9371518580768927,0.5058116133187192,0.44624644708242756
TTGACCAGGAACAACT-1,0.4496739675639524,False,5.0990195135927845,distal,0.8029779486893681,0.504006514456272,0.7244677590146575,0.5546415500938155,0.845745445372334,0.4496739675639525,0.4496739675639524
TTGACCATGTTCTCCG-1,0.6334463897580435,False,3.1622776601683795,mid,0.5876107674301957,0.480660981998551,0.7125062698545394,0.5294376637128686,0.9278710067259772,0.480660981998551,0.42718608928272866
TTGACCGTGTTAATGA-1,0.743150930326988,False,1.4142135623730951,adjacent,0.9016793921492133,0.5439756760606117,0.6977651451819651,0.6029575136079064,0.906450837007248,0.49029024008124494,0.4366048041018783
TTGACGATTCAGCACG-1,0.8944355538570553,True,0.0,tumor,0.783197718701815,0.4364376079808282,0.7149515131248955,0.645033346337476,0.8857815832006031,0.49022831559196717,0.5055970891951497
TTGACGCTCCATGAGC-1,0.4750320459232013,False,16.1245154965971,distal,0.6489253004885843,0.5301727074005956,0.7302011926656635,0.5412008396960745,0.7446196581572643,0.4750320459232012,0.4750320459232013
TTGACTACCATATGGT-1,0.7451970923798379,False,1.4142135623730951,adjacent,0.8792193798881645,0.5260206703945209,0.7014364933400212,0.6281929814783853,0.9273356858120894,0.5867345359069152,0.4882445203461757
TTGACTATTGTCCGGC-1,0.46703449813297665,False,15.231546211727817,distal,0.6418937747310929,0.5801519626966877,0.6000181129131138,0.6052258076501514,0.8460901040429196,0.5253209236656821,0.5419741881035979
TTGAGAAGTTTAGCAT-1,0.6681833743361915,False,2.8284271247461903,mid,0.8855914098348473,0.5053007362821775,0.8472524104107452,0.5853220383064891,0.8749754339032668,0.5646120121124301,0.5272410251510736
TTGAGAGTACTGCTAA-1,0.760085508873337,True,0.0,tumor,0.8130050716156719,0.5050901930186331,0.5877361645209831,0.5882628323022906,0.9001883156310772,0.6684129372643,0.660635663728792
TTGAGCAGCCCACGGT-1,0.5964801235658952,False,4.47213595499958,mid,0.6373469691058724,0.5108863252150327,0.7244607925096138,0.5252503297479054,0.8661096395896948,0.5108863252150327,0.4564175444463022
TTGAGCGCCACGTGAT-1,0.540190762812398,False,2.0,adjacent,0.725180664697468,0.46505601070055175,0.7215557599063701,0.5664530271786584,0.818850336005538,0.5746685491711407,0.5355212140030732
TTGAGGCATTTAACTC-1,0.5745575274082213,False,5.0990195135927845,distal,0.8557794125842948,0.5843721166409681,0.7051357075182523,0.5246614278548738,0.8995459305344117,0.4705053657569959,0.41765591038287914
TTGAGGGTCGAACGCG-1,0.8074537623108097,True,0.0,tumor,0.85218469598172,0.6216816214308273,0.700384551078415,0.5797767002916644,0.9437003728180171,0.508350517379108,0.5381167347393732
TTGAGTCCCGCTGCTG-1,0.6035740161304448,False,1.4142135623730951,adjacent,0.8895298073529139,0.6303107990116852,0.7243911274591763,0.665108027271545,0.7920828236784907,0.45655687454717714,0.45655687454717725
TTGATAGTCAATACAT-1,0.641324511747518,False,1.4142135623730951,adjacent,0.6763733303609579,0.5365168713271038,0.7091623474335396,0.6071764290624013,0.8998759228785891,0.47539740040994016,0.4906210937811006
TTGATCTAACTTTGTC-1,0.7359415928217131,False,1.4142135623730951,adjacent,0.9664771777294767,0.439892994482528,0.8386069776514518,0.5742666592357281,0.9876949521437769,0.439892994482528,0.43989299448252794
TTGATGCCGCTCGTCG-1,0.5599955414367719,False,3.1622776601683795,mid,0.8213602333314757,0.4887142618291256,0.6165008638466254,0.4887142618291255,0.7012425311732768,0.4887142618291256,0.4887142618291255
TTGATGTGTAGTCCCG-1,0.5112260252704994,False,4.47213595499958,mid,0.8846439651488974,0.4873364419426951,0.7161636850025079,0.5405710676401196,0.8922435666159212,0.5947073139014286,0.5716992699102714
TTGATTAGCTGTTTCT-1,0.5949514733162953,False,1.4142135623730951,adjacent,0.8933474521168886,0.5557537139212445,0.7214860948559327,0.5166675955340058,0.9569381990337824,0.6153219763819998,0.5867389590847207
TTGATTATGCAGATGA-1,0.5890239727390705,False,1.4142135623730951,adjacent,0.976820115551097,0.4792181413983788,0.7093295435545895,0.5600438425384088,0.9309934676182179,0.585678723364729,0.5628657415147968
TTGCAAGAAGACTCCT-1,0.5524597734094475,False,17.08800749063506,distal,0.647262627951476,0.5366592976524427,0.7392855152427131,0.5145386315926358,0.721297265903431,0.4813576325029259,0.481357632502926
TTGCACAATTCAGAAA-1,0.6882389471421406,False,2.0,adjacent,0.8065587322818555,0.4578944435155771,0.7282436047483699,0.6303312340931468,0.8498476168686221,0.4578944435155771,0.4578944435155771
TTGCACGGAGCAGCAC-1,0.6506158390458675,False,1.4142135623730951,adjacent,0.6086635456724071,0.4748648498021512,0.7028785598840774,0.5239703505545337,0.8613592164661781,0.5357706812313066,0.42172434932842895
TTGCAGGTCATGAAGT-1,0.7147116663083892,False,2.8284271247461903,mid,0.7658836314997491,0.41932787159337903,0.8279273254193835,0.49450110535213354,0.9499467612351392,0.47227330992587635,0.4193278715933789
TTGCATGCTGATCACG-1,0.8964538498897302,True,0.0,tumor,0.8704694495532147,0.4581359490237604,0.6709371342584852,0.6145980791023427,0.854624439379673,0.4581359490237604,0.4729659795702263
TTGCCAAGCAGAACCC-1,0.5339089656929483,False,5.656854249492381,distal,0.8022998755317765,0.5673552669874354,0.7135930446413644,0.6251815935648071,0.845083994051338,0.5673552669874354,0.5985581324989451
TTGCCATAGCCCGCTC-1,0.8238549056138088,True,0.0,tumor,0.7914042616433522,0.5129607956058382,0.8201318062754277,0.610603949543926,0.9114271215574467,0.5298909509743819,0.4867716021369256
TTGCCCTGATCACGGG-1,0.6073040819738695,False,1.4142135623730951,adjacent,0.9880872763751881,0.4552193055787772,0.7109179067045643,0.524223002470787,0.9255991927653945,0.5097190485921467,0.5252904037388236
TTGCCGCAGACCTACA-1,0.7377210372528882,False,1.4142135623730951,adjacent,0.9905116201304129,0.5045142952683498,0.7232277211168701,0.5874918724107823,0.9588330884056822,0.4503148860279775,0.4503148860279774
TTGCCGCTTTCTAGTA-1,0.5308994355140485,False,5.830951894845301,distal,0.5426489438778354,0.5152334243623327,0.7293582455553698,0.5620762042765052,0.7860226976067488,0.46040238533132694,0.460402385331327
TTGCCGGTGATCCCTC-1,0.6363205706960933,False,4.0,mid,0.7652287800256367,0.4717036046245209,0.7085562614947334,0.48903193445912063,0.8314105779412585,0.6307535591100213,0.6231797517535689
TTGCCTAATCCAAAGT-1,0.6875502583578156,False,2.0,adjacent,0.7230860688476471,0.47057348269520144,0.7347015549239257,0.5057998476657563,0.8217044031245141,0.47057348269520144,0.4705734826952015
TTGCCTTCTCGCCGGG-1,0.8875725511739556,True,0.0,tumor,0.6392511471511639,0.45265563172267737,0.8050284233405784,0.6628880343309369,0.7956966065053958,0.5149919188541492,0.46642144568912675
TTGCGCACAACCACGT-1,0.5082164950915995,False,7.0710678118654755,distal,0.6954383324973527,0.5460934935939117,0.7143105946608704,0.5969031562912186,0.8123560866721227,0.5374426424418064,0.42997269130022847
TTGCGCTCTCTCGCTT-1,0.698011958503515,False,3.1622776601683795,mid,0.6443088298129261,0.5337426542074595,0.7387978598896506,0.5131936316855226,0.827006280120968,0.47845956640472603,0.47845956640472614
TTGCGCTTGATCAATA-1,0.8764858560043312,True,0.0,tumor,0.8015892920173141,0.6561456959383727,0.7156551301343143,0.7062066915603114,0.8635503656315174,0.4860515087901812,0.501413205308875
TTGCGGAAAGCTGCCC-1,0.4969347377807502,False,9.055385138137417,distal,0.4969347377807502,0.4969347377807501,0.49693473778075015,0.49693473778075,0.6021920291449238,0.4969347377807501,0.4969347377807502
TTGCGGCATCAGAAAG-1,0.6024155858631698,False,1.4142135623730951,adjacent,0.8729959687157479,0.5097469146123217,0.8489104386111574,0.5241319734715487,0.9050795354881099,0.5097469146123217,0.4552193055787771
TTGCGGCGACTCATGC-1,0.680468308373341,False,1.4142135623730951,adjacent,0.8965845547938844,0.4685113972022516,0.5995931561054451,0.53683702093667,0.8229935732157682,0.4685113972022516,0.46851139720225154
TTGCGTAGTTTGAGGA-1,0.7545521134385871,True,0.0,tumor,0.8117789667279719,0.4616006241988519,0.5958800089171264,0.59845064927827,0.8474218064807564,0.4616006241988519,0.4616006241988519
TTGCGTCGGCCAACCG-1,0.7508260284551876,False,1.4142135623730951,adjacent,0.7904475282840105,0.5547753069906557,0.7211517026138328,0.6530884839027291,0.9509132721454194,0.44630217912277775,0.4463021791227777
TTGCGTGAACGCTTAG-1,0.6337728202800933,False,1.4142135623730951,adjacent,0.9347238477400658,0.4808901026088787,0.7119210834308645,0.5337457504319233,0.8907945335668213,0.587908004978729,0.6337728202800934
TTGCGTGTGTAGGCAT-1,0.4750877779635512,False,6.324555320336759,distal,0.4750877779635512,0.4750877779635512,0.7374254583960319,0.5444704527299412,0.6939475004179902,0.5302470167877291,0.5460067993089227
TTGCTAGCTACCAATC-1,0.90114330299918,True,0.0,tumor,0.8867432053354141,0.5117408831670661,0.7110224042802207,0.5927343996730389,0.8726097554536736,0.506845752289658,0.5224002993606739
TTGCTCATAGTACGTG-1,0.6099075644302195,False,2.0,adjacent,0.813195489420201,0.522704613993696,0.8530555091121886,0.6056345092793849,0.9305681441523891,0.5189457974945352,0.4641364320347768
TTGCTCCCATACCGGA-1,0.5859587105198206,False,2.0,adjacent,0.8680079511044232,0.5551096992327555,0.7180585743744078,0.5785060097716844,0.9563603457733115,0.5473010211348283,0.5781004928304709
TTGCTGAAGGAACCAC-1,0.7393372664230381,False,2.0,adjacent,0.8763445354734437,0.4514295268349774,0.7239034721061138,0.5562039049582937,0.8433827001880224,0.5058023246453275,0.521337409733999
TTGCTGATCATGTTCG-1,0.9029187665703299,True,0.0,tumor,0.6531237808616173,0.5042789822090943,0.8008833528395475,0.6078749373014547,0.8270854782835706,0.5557970610637388,0.59995541436772
TTGCTGCACCTATCCA-1,0.6040119107331948,False,2.0,adjacent,0.8165997882182467,0.4579780415761021,0.7250250794181574,0.5596611491946721,0.8776168392893284,0.6218488175518773,0.5282083741371487
TTGCTGGCCGGGCTTC-1,0.7962317179003353,True,0.0,tumor,0.8851501978487434,0.5240236056153127,0.8201666388006466,0.556867116238459,0.9474534857457974,0.5155771052778243,0.478316255443826
TTGGAAGAATACAGTC-1,0.7455752740822128,False,1.4142135623730951,adjacent,0.7166768842073975,0.5524097915002446,0.7177659811625703,0.5728362035334114,0.8948409730227593,0.4923120746561643,0.43841609541325305
TTGGACATGTGGCTTA-1,0.820809547694684,True,0.0,tumor,0.8116024819335302,0.44875438889817754,0.7079710750710584,0.5575786286202605,0.8989343447232024,0.44875438889817754,0.44875438889817765
TTGGACCATCTGGCAA-1,0.6829682884690408,False,12.649110640673518,distal,0.7337355328911924,0.6419433143225151,0.7267109736387449,0.6067584387597763,0.8210180190486248,0.47079641085660145,0.4707964108566015
TTGGACCTATAACAGT-1,0.680237418491891,False,1.4142135623730951,adjacent,0.8141568671162385,0.5002910450996055,0.8402928718720393,0.5523602519088224,0.9270056934679115,0.5002910450996055,0.4461628490219027
TTGGAGTCTCCCTTCT-1,0.59993152920757,False,1.4142135623730951,adjacent,0.8956092440877593,0.5608253295930942,0.5744580059075963,0.6221832097939772,0.8506190656376772,0.5062946243350859,0.45176391907707736
TTGGATATCGTCTACG-1,0.5327067459653984,False,3.1622776601683795,mid,0.8826654777164725,0.5113105079665856,0.7144359917516581,0.6567890913819687,0.849708286767747,0.45666833862787715,0.45666833862787726
TTGGATCGACTTCTGG-1,0.759743154911187,True,0.0,tumor,0.9028683423433465,0.5225095518524712,0.7331410577941259,0.6349142655445948,0.8002094351411047,0.5774830172088156,0.5382162562399981
TTGGATTGGGTACCAC-1,0.7471715989522377,False,1.4142135623730951,adjacent,0.8072414497761429,0.4927765083257476,0.8398470155492392,0.5805978190194877,0.8712912527096037,0.6542693839132563,0.7157904793751643
TTGGCCAAATTGTATC-1,0.5425553936672478,False,11.045361017187261,distal,0.7298853777703468,0.4716881235022014,0.7352797748425569,0.5747422393133813,0.7196121049991638,0.4716881235022014,0.47168812350220135
TTGGCCATCTTGCGCT-1,0.7456946998829628,False,1.4142135623730951,adjacent,0.8151414664957551,0.4577272473945271,0.7033662152371398,0.5624477512121719,0.8506263988008812,0.5669001219912438,0.5980923718760202
TTGGCCTAGAATTTCG-1,0.7524741045055373,True,0.0,tumor,0.893867617826822,0.43281502535807836,0.7129103271470768,0.6724405060469263,0.8975454436123748,0.4929932440382198,0.4328150253580784
TTGGCGATCCGAATAT-1,0.4574207211726021,False,5.0990195135927845,distal,0.8011109253376433,0.5120288320422077,0.7253107061249512,0.597664827509335,0.9008351006256654,0.4574207211726022,0.4574207211726021
TTGGCTCAATATGTGT-1,0.5318628036400984,False,2.0,adjacent,0.9618142636868604,0.46146129409797687,0.7191035501309704,0.5659087109179066,0.9313175934318324,0.5162180237418492,0.5318628036400984
TTGGCTCGCATGAGAC-1,0.657347473348142,False,1.4142135623730951,adjacent,0.9815155399505843,0.439419272139553,0.7190199520704453,0.5127069051997993,0.9002997797117773,0.49328428913782535,0.43941927213955306
TTGGGAAGACGAGCCG-1,0.4908599453826005,False,17.029386365926403,distal,0.4908599453826005,0.4908599453826004,0.7425110070779691,0.5241152538594437,0.702836760853815,0.4908599453826004,0.4908599453826005
TTGGGACACTGCCCGC-1,0.7341939952707383,False,1.4142135623730951,adjacent,0.6291404261643352,0.5025822512028832,0.7236178453993201,0.553322558472199,0.8452922558863301,0.5025822512028832,0.518089027953599
TTGGGACGTAAGAGTT-1,0.5458316414678227,False,13.92838827718412,distal,0.8168784484199967,0.4711308030987014,0.7325837373906259,0.5393356740790282,0.8247901982007351,0.4711308030987014,0.4711308030987014
TTGGGCGGCGGTTGCC-1,0.6006480840120699,False,4.242640687119285,mid,0.9033049099927549,0.460067993089227,0.7271707629716324,0.49596314254398194,0.824108214022768,0.460067993089227,0.46006799308922697
TTGGGTTTATTCAGCG-1,0.5897524701236455,False,1.4142135623730951,adjacent,0.5916606290289622,0.484778960535523,0.7026974307529399,0.5706682271637965,0.7659415634890604,0.484778960535523,0.4313381262888035
TTGGTATGGCTTGTGT-1,0.5351629366008231,False,7.0710678118654755,distal,0.6421538575860595,0.5195278876937464,0.730828178119601,0.568752902710435,0.8525110217442956,0.5742505588685157,0.6055206566826696
TTGGTCACACTCGTAA-1,0.7363317171041631,False,2.0,adjacent,0.9554654554236564,0.5622960362134414,0.7238198740455888,0.6186182169462556,0.8638862245062581,0.5027061001814387,0.5182243771944491
TTGGTGCGGTGTTGAA-1,0.6741506835136662,False,2.8284271247461903,mid,0.620822419142098,0.5103909293008105,0.709176280443627,0.551789927362574,0.7565580478532897,0.5587260894065776,0.519868472384774
TTGGTTCGCTCAAAGG-1,0.5758513069163461,False,4.47213595499958,mid,0.789987738951123,0.6569414256255921,0.7137532742573705,0.5679763696148915,0.9034207739713772,0.4298890932397035,0.42988909323970337
TTGGTTGCGGTGCGCG-1,0.5284631491787486,False,1.4142135623730951,adjacent,0.9954299726913002,0.4583402998383771,0.728654628545951,0.5598190566423304,0.9012574908262129,0.5128802937697771,0.5284631491787485
TTGTAACTTCATAGCG-1,0.5548761554446222,False,2.0,adjacent,0.7945902766166936,0.5172490664883242,0.818229950398484,0.4745081647439114,0.9422102740549754,0.5079572968721942,0.5377783616372481
TTGTAAGGACCTAAGT-1,0.8277322632781586,True,0.0,tumor,0.9292713964591578,0.5092731922693469,0.8135554255141281,0.6203570566051756,0.9461731154503882,0.5875921900834123,0.5615719620066718
TTGTAAGGCCAGTTGG-1,0.7211646404089139,False,2.0,adjacent,0.7064918538334354,0.44279106058072787,0.7206431477456389,0.5167734864106708,0.8353264870921661,0.44279106058072787,0.4427910605807278
TTGTAATCCGTACTCG-1,0.8275531245770337,True,0.0,tumor,0.798867710713556,0.508096626973069,0.7223569079864014,0.5932248416281186,0.8841066887248217,0.5017586554954888,0.5172769325084993
TTGTACACCTCGAACA-1,0.8966409503109052,True,0.0,tumor,0.8779607646435936,0.5331760451305678,0.6824249010756284,0.6624496089468505,0.9312031960858507,0.6837516332584047,0.6234265650751187
TTGTATCACACAGAAT-1,0.5969538459088702,False,1.4142135623730951,adjacent,0.9835451150866633,0.49230278598277266,0.7181700384551079,0.609550613981311,0.9539272022222416,0.49230278598277266,0.43847182745360314
TTGTCACCGCGGTATC-1,0.820574676953209,True,0.0,tumor,0.779858440617511,0.4318397146519534,0.7128824611269018,0.6398669861970313,0.9162010108032161,0.5389443113067925,0.5695456246367464
TTGTCGTTCAGTTACC-1,0.7418571508188628,False,1.4142135623730951,adjacent,0.7906240130784522,0.5329902716627344,0.7121091790670456,0.5605361422281668,0.9299756245655102,0.5863660851957123,0.6321167825096934
TTGTCTCGGCAAGATG-1,0.49130580170540045,False,8.0,distal,0.574546248304817,0.4913058017054005,0.7431658585520816,0.5578981589849338,0.6504075772108755,0.4913058017054005,0.49130580170540045
TTGTGAACCTAATCCG-1,0.5183637072953241,False,4.47213595499958,mid,0.8140964907391925,0.44855932675695265,0.7225937691578889,0.5536142228166974,0.9576583156604099,0.44855932675695265,0.4485593267569526
TTGTGAGGCATGACGC-1,0.5279894268357735,False,1.4142135623730951,adjacent,0.8003864088130933,0.4576715153541771,0.7280137100819261,0.5266231956751938,0.9320450432216639,0.4576715153541771,0.4576715153541771
TTGTGATCTGTTCAGT-1,0.5373683330546732,False,2.8284271247461903,mid,0.8140036040052759,0.5256707970301014,0.7313506659978821,0.641481357632503,0.9101203518745032,0.5216704750227572,0.4667279719110517
TTGTGCAGCCACGTCA-1,0.45566516190157724,False,5.656854249492381,distal,0.7176011072098682,0.5648442289472217,0.7272543610321573,0.5901298556540155,0.8384636143108146,0.45566516190157724,0.45566516190157724
TTGTGCGGAAGCGGAT-1,0.6041154130938448,False,1.4142135623730951,adjacent,0.8082492708391387,0.5111495042944633,0.7270244663657137,0.5607925096137769,0.818007022237084,0.45669620464805216,0.4566962046480522
TTGTGGAGACAGCCGG-1,0.5664962858575967,False,5.0990195135927845,distal,0.49509558044920027,0.49509558044920027,0.49509558044920027,0.4950955804492001,0.5742717435622161,0.49509558044920027,0.49509558044920027
TTGTGGCCCTGACAGT-1,0.7581149831609623,True,0.0,tumor,0.8789778743799811,0.43919634397815305,0.7183720671013766,0.5774433855356779,0.8734413361610012,0.6012279626223784,0.5780805885303462
TTGTGGTAGGAGGGAT-1,0.5385546293421231,False,1.4142135623730951,adjacent,0.9744561481729179,0.4618514183804269,0.5959009084322577,0.5655910382879116,0.9063232399674995,0.4618514183804269,0.4618514183804269
TTGTGGTATAGGTATG-1,0.6760654771856912,False,1.4142135623730951,adjacent,0.6242638726337105,0.5065361298432691,0.72450955804492,0.5892808709060172,0.8410346213301185,0.45207044529900237,0.4520704452990025
TTGTGGTGGTACTAAG-1,0.5515879650639725,False,4.47213595499958,mid,0.7394016236601089,0.5378699214178231,0.7390834865964443,0.6170391424696724,0.8021600565533544,0.4806052499582009,0.480605249958201
TTGTGTATGCCACCAA-1,0.5558793321709222,False,7.0710678118654755,distal,0.653551059837634,0.48470155492392575,0.7417168255029816,0.5190250608408107,0.6708011040810521,0.48470155492392575,0.48470155492392575
TTGTGTTTCCCGAAAG-1,0.48751602296160057,False,6.0,distal,0.5727488900035297,0.5429755955587756,0.6123000613052444,0.5207917665199058,0.673439576201832,0.4875160229616006,0.48751602296160057
TTGTTAGCAAATTCGA-1,0.656869770145142,False,1.4142135623730951,adjacent,0.8895948280666556,0.439642200300953,0.7187900574040016,0.6153207378922142,0.961217833079606,0.49352579464600865,0.4396422003009529
TTGTTCAGTGTGCTAC-1,0.7276693656897636,False,2.8284271247461903,mid,0.7997501346857642,0.547805705722442,0.7174942874658641,0.5743316799494695,0.9069318925134271,0.6017759943524865,0.6480362417496676
TTGTTCTAGATACGCT-1,0.5520975151471724,False,4.47213595499958,mid,0.650021363948801,0.48096750822047596,0.7352031432870758,0.5155176577681176,0.7230000263993875,0.48096750822047596,0.480967508220476
TTGTTGGCAATGACTG-1,0.6956194616284902,False,4.47213595499958,mid,0.4821100150476509,0.5374643160130537,0.6113735161344257,0.5830054431626075,0.7241278669001545,0.48211001504765094,0.48211001504765083
TTGTTGTGTGTCAAGA-1,0.5261701738043486,False,4.47213595499958,mid,0.5462204387969309,0.5105395480750773,0.7269826673354511,0.5607163424919653,0.844052951304863,0.4558323580226273,0.45583235802262717
TTGTTTCACATCCAGG-1,0.6060540919260197,False,2.0,adjacent,0.7947806944212229,0.627812145869327,0.7265019784874325,0.5961916439094168,0.8732433407544945,0.45864682606030205,0.45864682606030194
TTGTTTCATTAGTCTA-1,0.7618928193246869,True,0.0,tumor,0.970201935759535,0.5646677441527801,0.5903068048821267,0.6254230990729904,0.8482841864735405,0.45569302792175226,0.4556930279217522
TTGTTTCCATACAACT-1,0.9030063454908799,True,0.0,tumor,0.8367190547845956,0.505508183321258,0.6965042077690464,0.5503000241505508,0.8881179289973806,0.5145398700824215,0.4685591675225516
TTGTTTGTATTACACG-1,0.49203031822995047,False,6.0,distal,0.4920303182299504,0.49203031822995036,0.616932787159338,0.49203031822995047,0.5972113446968031,0.49203031822995036,0.49203031822995047
TTGTTTGTGTAAATTC-1,0.9070548801363048,True,0.0,tumor,0.8096147058277138,0.4325642311765034,0.573656857827565,0.5077820505675379,0.9257223899072208,0.7137819143336616,0.6563761435020422
