gene,6419C5,6499C4,6694C2
0610009L18Rik,-0.2127695141840688,-0.3075209416793633,0.3436236529698248
0610038B21Rik,-0.18428904527298595,0.2039582572177291,-0.23021647985232674
0610040J01Rik,-0.873229086027818,-0.36079359190426574,-1.582723042631512
0710001A04Rik,0.9182462556705252,-0.4725495972382141,-0.4771056448212363
1110002E22Rik,0.10693821512587443,0.6582612899592055,-0.5691443730722703
1110002L01Rik,-0.004646692501138583,0.2625607896427107,-0.9389720555040946
1110004F10Rik,0.13747202510765177,-0.15624988108357574,0.15357871707198356
1110006O24Rik,-0.2252163838884086,-0.19417719148841672,0.6074857920577226
1110019D14Rik,-0.31885445235261023,-0.692214884766877,0.10002985743861714
1110038B12Rik,-0.394845218617613,-0.5272586301693103,0.23090686747403488
1110038F14Rik,0.05980076271561785,-0.3770652024106189,0.7006953920346186
1110046J04Rik,0.5699255683426018,0.005266478590567614,0.9086337324740912
1110059E24Rik,0.30465489846433513,-0.4723679426433325,-0.14942739803699645
1110059G10Rik,-0.11232618247924231,-0.4790509387684594,-0.12318623163319753
1110065P20Rik,0.5714656649229441,-0.30372226934329705,0.8286594397376299
1300002E11Rik,-0.8815286610975173,-0.28582994411118356,-0.08644167648381385
1500002C15Rik,0.28575604966619816,-0.28552858792761776,1.3930270323140181
1500004A13Rik,0.3012875270183871,-0.19535278266394807,0.5008505465823466
1500011B03Rik,0.13184074440658078,-1.4422524762261348,0.8756686295836342
1500015A07Rik,0.22373225190802382,0.012934967223290239,0.7133018140343744
1600012H06Rik,-0.09489772624378823,-0.24846884781098844,-0.3608161152167204
1600014C10Rik,-0.5643664282049565,0.036960127222633865,0.07251404880319301
1600020E01Rik,0.5267439380104715,-0.11188566928364585,0.4293416703315889
1700001G11Rik,-0.020451607868544608,-0.07041143009193424,0.09008803405431376
1700001K19Rik,-0.19073098056836202,-0.4849239620258593,0.4780104008170093
1700001L05Rik,-1.5354812178030133,0.006660757707501297,-0.4469117399831999
1700003E16Rik,0.6374965986529036,-0.35516357861066794,0.2864442583194067
1700003F12Rik,0.6296771624004049,-0.6297231272588412,-0.761537239720751
1700007L15Rik,-0.4265251331107436,-0.35412964849929196,0.7144865969901995
1700008J07Rik,0.24789540357950934,-0.5858320175014788,0.3194699501788797
1700012B09Rik,1.0327855611019836,-0.3892660523376885,3.166844332687451
1700016C15Rik,-1.7442041051413693,-0.5972155963845154,-1.6939423799431115
1700017B05Rik,0.7887445240549047,0.33775864523147714,0.9151667330285482
1700018A04Rik,-0.42937775166307435,-0.3532980666698411,0.6371868620542245
1700020L24Rik,-1.7815060837619723,-0.12966546143198832,0.010622416041231375
1700025G04Rik,-0.7350224231175817,-0.6301529163442412,1.968505636298436
1700028J19Rik,0.24692611693695837,0.036355646133817254,-0.38422395403082665
1700030C10Rik,-0.6358216875152518,-0.24438843541401334,-0.2595397100437684
1700030J22Rik,0.5292824052505338,0.07394064615042134,0.5284056125671779
1700030K09Rik,-0.3897704806415643,0.22076145558989868,0.30822744041338845
1700037C18Rik,-0.1906338321893135,0.18196637099532875,1.123200374579208
1700052K11Rik,0.5590203346544176,0.16623837475436898,0.8639884610773579
1700056E22Rik,0.13778329143766954,-0.30343665607986603,0.4961260625351347
1700066M21Rik,0.25706061901661226,-0.19647128013308413,0.5146103783669087
1700086O06Rik,0.7023484666058102,0.4655227701989144,0.9385246004475183
1700096K18Rik,-0.36443306814402376,-0.5621556315790348,-0.03201780747343008
1700109H08Rik,1.9267552700417505,2.480700663057085,0.27580549862152454
1700110K17Rik,-0.3650319393524381,-0.17002330390350384,0.4301510532056664
1700113A16Rik,-0.41149965055064663,-0.03017324875518923,0.471460818850844
1700123M08Rik,-0.1789997620554482,-0.40341172904373024,0.5343766155328936
1700123O20Rik,0.030247017758924244,0.06307363531757293,-0.6288167877661612
1810008I18Rik,-1.0437665651676518,-0.058851525121286,-0.8815338705773195
1810010H24Rik,-0.030070480842208536,-0.15811717254635388,-0.31146741819784807
1810014B01Rik,-0.3275922129112905,-0.21680251337013878,0.949942666585412
1810019D21Rik,-0.4096377101030755,0.5363128648557431,0.1582078916091081
1810024B03Rik,-0.30490170897699154,-0.3162946343562645,0.33230598547751344
1810030O07Rik,-0.11687064097053224,-0.16080578198824025,0.27755048432907703
1810034E14Rik,-0.6359464112981563,-0.3967454413855457,0.6727583749666686
1810037I17Rik,-0.28411408611159494,-0.2294723758133852,0.3160079367752262
1810044D09Rik,0.1628281422190736,0.027164369103839014,-0.06753052743163823
1810055G02Rik,0.09964268077965244,0.1467952950752247,-0.3516960689200328
1810059H22Rik,1.2492440205361022,-0.010749218964541282,0.9273381604112234
1810062G17Rik,0.10008894649460798,-0.32008900015830255,1.1297280102461607
2010001A14Rik,-0.17831266644727917,-0.4532729163755327,1.0818669573376032
2010003K11Rik,-0.44217229206331377,0.2312696309065807,-0.8518322750266119
2010110K18Rik,0.2169404678569956,-0.06836190527645414,0.33758320455439944
2010204K13Rik,0.196267863005803,-0.5261636414798501,1.5032719642959003
2010315B03Rik,-0.11925693792583703,-0.5859110302320616,-0.5937156677897618
2200002D01Rik,-1.0559608620240013,-0.18034951901415042,-0.26041768820164446
2200002J24Rik,-1.5612639478834012,-0.8036071317223148,-1.0121740220434328
2210016L21Rik,-0.9178928712172691,-0.604854522677094,0.09083575372384622
2210408F21Rik,-0.6289355182284886,-0.3215123919353584,-0.23624284582647492
2210408I21Rik,0.19283872933465984,0.12589894827149406,-0.08751230529731124
2210417A02Rik,0.08290296260796026,-0.2969347704203931,0.4743539210601311
2310001H17Rik,-0.6305158751808189,-0.6760715267287407,0.0964046784396213
2310009B15Rik,0.40292818683044995,-1.1916561748150434,0.3420837422535872
2310010J17Rik,0.17705116943545085,-0.8022766541367828,0.7643042079485631
2310011J03Rik,-0.28032425101856884,0.010065763407062,0.10045171548081822
2310015A10Rik,-0.16714664749165253,-0.25495016564200457,0.6281787453427221
2310022A10Rik,0.27296894676003625,0.26653888710899665,0.25559604121739943
2310022B05Rik,0.4633758492764919,-0.037923291820483485,0.7895144091376789
2310030G06Rik,-0.9342957501582874,-0.0829437685742791,-1.2916866321976257
2310033P09Rik,0.06819539972519806,-0.24915580375227364,0.3583959759490494
2310034G01Rik,-0.514769368705257,0.037214574166048564,0.37844918910111414
2310039H08Rik,-0.18519942093625996,-0.5910170052776547,0.3497247627608546
2310057J18Rik,-0.848880504847865,-1.5381118926687467,-0.027129849856025914
2310057M21Rik,-0.22076387771200867,0.7304900251295501,0.07651766937063575
2310061I04Rik,0.030356119028782658,0.05089600072669409,0.7757893707555956
2410002F23Rik,0.6669170310791754,0.47926733817922074,1.0877721786229868
2410004B18Rik,-0.11256034109740565,-0.20366350962681246,0.5059112068257638
2410006H16Rik,-0.37312061040939515,-0.1879502024180164,-7.227151922606367e-05
2410022M11Rik,0.14071323361893506,-0.3268130103624687,0.26136335917486475
2500002B13Rik,-0.29203171863508626,0.3098415728798716,-0.11202992634525621
2500004C02Rik,-0.06617226524504294,-0.3150477186920684,0.5663500440659309
2510002D24Rik,-1.2788872179806048,-0.7203060780295711,0.36590161854864434
2510016D11Rik,-0.536958758095115,-0.13781588327425037,0.35312312379144184
2510039O18Rik,-0.02344991466593882,0.10318768237403297,-0.01582804257994752
2610005L07Rik,0.6325545961301371,-0.04110450855392345,0.2700629663660532
2610008E11Rik,-0.49405321888661025,-0.9755607740779306,-0.2567284461735899
2610020C07Rik,0.1056919208079028,-0.09763376226930631,0.4503048214694979
2610021A01Rik,0.22748572821558177,0.6558247316308621,0.14826507759731955
2610035D17Rik,-0.5740290203792275,0.774800009709355,0.8563929220636068
2610306M01Rik,0.2478790011150236,-0.16046072219897844,0.16908236326868797
2610307P16Rik,0.2834484870353392,0.05548130351124381,0.6333768907723671
2610318N02Rik,-0.15089005489738394,0.38482212979910013,1.3854574509043722
2700033N17Rik,-0.11007445054431064,-0.12738573424697341,0.47774317186837445
2700038G22Rik,-0.15045687551639553,-0.12570569964826062,1.1397779601390456
2700049A03Rik,0.10091000829234176,-0.28426916919630196,-0.4834268020015653
2700054A10Rik,-0.19394282136139607,-0.2298322482607582,-1.0369118204684054
2700062C07Rik,0.161622601118534,0.18814552079292124,-0.09030171741291237
2700097O09Rik,0.46489543955245916,-0.09019816968875993,0.5218876333258642
2700099C18Rik,0.39307950420489357,-0.18983080177869072,1.4178235635625058
2810001G20Rik,-0.016391733750332094,0.025123426356212786,0.9760225579955251
2810002D19Rik,-0.019947347602548238,-0.3628079938841322,0.49368554266331444
2810004N23Rik,0.5290981975957765,0.25411929141958645,0.5775802063933089
2810013P06Rik,-0.3944671786683811,-0.1603623774370817,0.2803242226589657
2810021J22Rik,-0.23265179891062138,-0.6560056361561055,-0.28929720490181055
2810025M15Rik,0.430795582955497,-0.8506657429057487,1.2514479977867068
2810029C07Rik,-0.19138137084236062,-0.15941137363082708,0.39133395324897147
2810039B14Rik,-0.3102743616850989,-0.12018967706599093,-0.16046019969379954
2810402E24Rik,0.4404420522384003,-0.31578671665770597,0.7652741165644308
2810403D21Rik,-0.1788951583078482,-0.4665287320305086,0.375968521741032
2810408A11Rik,0.373052445417558,-0.28595652172994246,-0.21648564854118124
2810408I11Rik,-0.0015415531607358979,0.12471342918927641,0.8814018516916478
2810414N06Rik,-0.7675214054189381,-0.8494917149404126,0.4724697621330418
2810429I04Rik,-0.2268484876905974,-0.4638924508294012,-0.08535150017435938
2810455O05Rik,0.26079790899655775,0.10065904126233605,0.7026151624061928
2900026A02Rik,-0.8672940046851503,-0.8606513676265406,-0.23830654914402505
2900041M22Rik,-0.33875809596230505,-0.36894863940166056,0.1827285429017691
2900076A07Rik,0.14602898269770237,-0.24036744058551435,0.4690188586345735
2900093K20Rik,-0.17234280009925573,-0.25539485893081604,0.7803050553616474
3000002C10Rik,0.41306249369768366,-0.3797232345964594,1.099433877470167
3010003L21Rik,0.3836610969461217,-0.13225297930449043,0.019438296585321924
3110009E18Rik,0.08900713278900962,-0.4805026433163252,0.9928782601485802
3110039M20Rik,0.1434745858339781,-0.0865797150193166,2.00259188755967
3110040N11Rik,-0.3627735865224606,-0.4762126197312506,-0.6483480753976352
3110045C21Rik,0.167910987808493,-0.955964579291618,-0.14911339974026028
3110053B16Rik,-0.6145288202892714,-0.04759840185930786,-0.08216690418972261
3110056K07Rik,-0.26975896363476726,-0.027023960550411896,0.7705949227692283
3110082I17Rik,1.5393375876943596,-0.39388075122730015,0.2005616861446251
3110083C13Rik,-0.006154586579226018,-0.1590090425301806,-0.144820118465816
3222401L13Rik,-0.5983652197330122,-0.5053787022203627,-0.09127463103528921
3300005D01Rik,0.4274456944882328,0.21635882054494823,2.065888555639591
3425401B19Rik,3.1603036812589202,0.0,0.5083421101686665
3930402G23Rik,-0.07625812946741561,0.19291809604385857,0.43404654148756705
4632404H12Rik,-0.058637546569477283,-0.37342672731751914,0.6401587730134757
4632415L05Rik,0.25077276245943514,-0.6078371318829672,0.6725048220544467
4632428C04Rik,-0.3585981204284505,0.4491226162586164,-1.0241968665430905
4732487G21Rik,-0.15289853222682503,-0.029962024389852737,-0.5527253738239893
4732490B19Rik,-0.24040736681343366,0.04883486123793335,0.40921499980387455
4732491K20Rik,-0.2410724555888729,-0.6624680043884672,0.6517903823914369
4833408A19Rik,0.43682613114093777,0.43122154163158244,0.0713036752102828
4833413G10Rik,1.5742118760576498,2.4570353067533786,-0.07564757537418587
4833418N02Rik,0.027654762655135223,0.017925587516710473,0.7085916675336298
4833420G17Rik,-0.3538025976902559,-0.45376017947523506,-0.11059982506130694
4833438C02Rik,-0.6354512705162474,-0.3229478034698601,-0.1564297693864587
4833439L19Rik,0.07698310677218867,0.19617308676517808,-1.1989113733820815
4921507P07Rik,-0.2972958714888956,-0.012983225038089241,-2.0370075741847575
4921524J17Rik,0.2478433122166539,-0.13158399095408457,0.9408470979711012
4921531C22Rik,0.00526530154387661,0.35174545526199896,0.026180184232767356
4921536K21Rik,0.2338695230402541,0.5049092508613024,0.2569734307711764
4930413G21Rik,-0.06560761938746096,-0.15667936497164048,0.4948496657097452
4930447F24Rik,0.4563482370182719,-0.03933839137646533,1.4827705201216053
4930453N24Rik,-0.10592991498866589,0.08505429593231817,0.5282819423147123
4930458D05Rik,-0.009329470753675906,-0.3267872655792444,0.09315338307369658
4930461G14Rik,-0.5427624666908581,0.15701819455040678,-0.002245117586809897
4930471E19Rik,0.40435051097026076,0.2924065141377006,0.26156605488397977
4930481A15Rik,-0.12162726109605765,-0.08846476763151409,-0.24022305845001068
4930481B07Rik,-0.25093092523269545,-0.2802020605516026,-0.4831180729848443
4930503L19Rik,0.6795147380040776,0.12052530341375789,0.44099532432695376
4930511M06Rik,-0.3002230384100333,-0.6492168995479138,2.4263823562744062
4930513N10Rik,0.4513302796469011,-0.012519209047454849,0.21274843823411405
4930516B21Rik,0.017272518104015977,-0.5150443521928382,-0.17949497821055616
4930522L14Rik,-0.6011540285455785,-0.7841107935352674,-0.016077171562309145
4930523C07Rik,-0.02253778383545546,-0.014683257982763376,-0.26986853750651596
4930526A20Rik,-0.19248533130401269,0.004114442981237754,-0.056731773205989544
4930550C14Rik,-0.21704860703896056,-0.17261123162418152,-0.01208109024509818
4930556M19Rik,-0.2262927074231722,0.08559625947990845,0.32104956346087654
4930558J18Rik,0.3736661398302854,0.15213108889668525,0.8304877299031272
4930577N17Rik,-0.3189974258559224,-0.5708654765754849,0.1300684326356174
4930579C12Rik,0.0,0.0,1.9981281439861058
4930579G18Rik,0.37559588953982476,-0.16148380787525984,0.20988143897539102
4930579G24Rik,0.6281077803168502,-0.14570091620519054,0.5199893074266946
4930581F22Rik,0.22475689937068122,-0.20870300193476243,0.4026475722889562
4931406C07Rik,-0.9171760088225458,-0.8761702672192557,-0.9990491082689372
4931414P19Rik,-0.19274401729459356,-0.28604112844995955,-0.33754887971876224
4931440P22Rik,-0.46561944618646345,-0.29020530835388114,0.7589909792834841
4933404O12Rik,1.1524707300389858,-0.13106741462371851,0.42649121900928977
4933407K13Rik,-0.05692206971316227,-0.09780295651799209,0.6873610471737279
4933412E12Rik,0.5938184486964992,-0.5465339165687944,1.2546711174189253
4933421A08Rik,-0.18795481034633027,0.9976987632599585,0.37073846447661607
4933421O10Rik,0.7936519397584809,-0.04808242426888598,1.2120218935624587
4933431E20Rik,-1.2345822370728852,-0.8896120697828627,-0.7606762812251553
4933431K14Rik,0.02461110494386659,-0.45046847181297667,0.7720359199863107
4933433G19Rik,-0.008182694482726571,0.0544705144530514,-0.46013901833294557
4933434E20Rik,-0.3659680092816724,-0.6552189028344615,0.873752361183556
4933439C10Rik,-0.04360904556292777,-0.3378409114019666,1.3192936595948295
4933440N22Rik,0.34174287089967537,0.35008542455608505,0.11689633316428594
5031425E22Rik,-0.1270684577089476,-0.6656034284420187,0.6556416258315334
5031434O11Rik,-0.43503915100239965,0.114371143302752,0.09800888853975787
5031439G07Rik,-0.06224945944723714,-0.17483544107872362,-0.06295887649226728
5033406O09Rik,-0.32311358487681097,0.33544668863186944,-0.10267983992050844
5033426O07Rik,0.0,-0.024071070595852454,3.4301739223825134
5033430I15Rik,0.646258296745147,-0.15984022105518636,0.6517343318721847
5330411J11Rik,0.12403134784941872,0.09120950899442759,-1.0575358703033733
5330438D12Rik,-0.10174399480513707,-0.28182234140951234,0.16461643272756027
5430405H02Rik,-0.1345148085391254,-0.06762034736476241,0.40598187003512354
5430416N02Rik,0.205121521068651,-0.188959256282619,1.1205144435052647
5430425K12Rik,0.2984905304636072,0.0575468135322551,0.29054099634279207
5430430B14Rik,0.049754088288472165,-0.05515789281365774,-0.22311322493282315
5530601H04Rik,0.04787079131121219,-0.3083406327433913,0.39792910414901783
5730409E04Rik,0.3692619430547064,-0.16614492896764577,1.8985504583297985
5730419F03Rik,-0.7916321409850897,0.30328156205957746,-0.14901650077580852
5730455P16Rik,0.07861195780085062,-0.1448206201420139,0.027639517608412767
5730471H19Rik,1.4556962558894413,0.29067587278329254,-0.38627486093329677
5730480H06Rik,-0.36611547940217193,-0.7498037821169925,0.15820148189561678
5730507C01Rik,-1.3266793309642564,-1.1423135753153844,0.022528271012221834
5830408C22Rik,0.6911078362929413,-0.08486375238016164,0.7694891370046716
5830417I10Rik,-0.04763311600220099,-0.2809760694916097,0.029941680331823317
5830448L01Rik,-0.3639995837171369,-0.1317670877084598,0.46123093907656526
5930403N24Rik,0.06182581485015359,-0.28643021522119266,-0.3372000236711049
5930420M18Rik,-0.01216419799693047,-0.7166819953609811,0.47153719102796077
5930430L01Rik,0.9692129049750091,-0.6932814206006319,0.3561650246585061
6030445D17Rik,-0.10676226095623143,-0.35025889499640916,0.23501561766438894
6030458C11Rik,-0.2099653258756895,0.1882633597788832,-0.1398716639771771
6330403L08Rik,1.239218866443248,-0.9216130998539594,1.7774664150877315
6330549D23Rik,-0.7225973471536375,0.040726378848878975,0.3485220883544419
6330562C20Rik,-0.2930150251742195,-0.033916154686709055,0.19965664459321403
6430548M08Rik,1.0054523448471475,0.6626182399662228,0.2865661132935844
6720427I07Rik,0.07596342452078442,-0.3729967980310095,0.742766533406664
6820431F20Rik,0.6637677184720463,0.18313507387245354,0.28538284030349104
7330423F06Rik,0.6126515621273034,1.9412494735894488,1.0047871844940348
8430422M14Rik,-0.3424518379905805,-0.14827488108138243,0.6500350247468134
8430429K09Rik,-0.06045669439875301,-0.0631880839600325,0.4810975776281128
9030407P20Rik,-0.3464147748595565,-0.039768846859215,0.4389474372190926
9030622O22Rik,-1.1248203154912013,0.20514142319074846,-1.3462207918812015
9130008F23Rik,-1.1271224340245154,-0.11060191332485658,-1.0805509788870062
9130019O22Rik,-0.5892617630165202,-0.18707453328954404,-0.22275786261042652
9130023H24Rik,-0.3791972923611939,0.10428725812310091,0.4033866237168686
9130221H12Rik,-0.4073808513129751,-0.34651247266861185,-0.16239856076681491
9130230L23Rik,-0.9966347413688623,-0.43453110787718463,-0.8589699779189159
9130401M01Rik,0.5039847229824534,-0.006121658468202451,0.8266317376704977
9130604C24Rik,0.1297788888907383,-0.24266276459841896,0.4355784792693199
9230102K24Rik,-0.4041522456212128,-1.1824324220281417,0.022528271012221834
9230111E07Rik,0.6006584569323652,0.13368383832564468,-0.3740551332673174
9230112E08Rik,-0.13606464262574192,-0.15134702227829488,0.278850989991827
9230112J17Rik,-0.4284984490359295,0.18543249051663846,-0.21172718279320712
9230116N13Rik,-0.33332828142475557,0.09174284453953796,0.013675973511521722
9330102E08Rik,0.4996211417261379,0.5440652134206144,-0.1515866803001944
9330104G04Rik,-0.4033691595519615,-0.18931897034020012,0.46101196573888636
9330151L19Rik,-0.36870872344584416,-0.2784719857830924,0.9698673864710998
9330159M07Rik,0.28385804713855944,-0.3232506185166864,0.8316698770341313
9330162G02Rik,0.05293987619591234,-0.08955405151516582,0.72965314724252
9330188P03Rik,0.8930159799832682,0.24022550742741555,0.741695634096672
9430002A10Rik,-0.02426718125478733,0.15838214658830463,0.29980217046006274
9430015G10Rik,0.7486749625175917,0.267165543976148,1.2566947759773681
9430018G01Rik,0.29962802198373795,-0.2859338706990142,0.2189726622349677
9430038I01Rik,-0.29286268860661346,-0.583743797529428,-0.2969262080230539
9430081H08Rik,0.07627422172119547,-0.2420375904595109,0.2995248297199474
9430091E24Rik,0.2894002569304661,0.014067597525139863,-0.09468081936974015
9530018F02Rik,-0.07863687620826643,-0.4529832915604165,-0.17089703162547853
9530018H14Rik,-1.60168638368026,-0.30596689927449733,0.1640754017349433
9530026P05Rik,0.9080398085211048,-0.024071070595852454,1.5863597176195943
9530068E07Rik,0.1252079710559686,-0.19862119225849106,-0.06325536866805948
9530085L11Rik,-0.021972389776247936,-0.5534304987384663,0.429108520966773
9830132P13Rik,-1.0070148138046944,0.49524006153615807,-0.22173499843292932
9930012K11Rik,0.21320067109317709,0.6038648649041156,-0.06141702080914069
9930014A18Rik,0.1327322113212004,-0.5621595851216212,0.8704517870934417
9930017N22Rik,0.027960148677749125,0.33300555571339197,1.3101018031004201
9930021J03Rik,-0.29514660129865433,-0.2083472600221219,-0.8528816733798079
9930111J21Rik1,-0.06853275811623472,0.251906659873019,-0.5044755388220923
9930111J21Rik2,-0.03908776063192798,0.09860169742334257,-1.5076226220510591
A130010J15Rik,-0.11630704346120835,-0.09930612542990591,-0.720602569806486
A130014A01Rik,0.18618891527179648,0.03232771842948501,1.129030296270341
A130051J06Rik,-1.1592954003512965,-0.10507440654709121,-0.2942179391652844
A230056P14Rik,0.16378260288891988,-0.1577502419067186,-0.2945154450009766
A230083G16Rik,0.6122131474479159,0.13864954530236662,0.16455066237061466
A330035P11Rik,0.14768535396740778,-0.32892413977982826,-0.41054136284925336
A330074K22Rik,0.5785542855892678,-0.023393628948020443,1.7162666091990824
A430005L14Rik,-0.07137359778052144,0.021574391046688568,0.9955551140640768
A430033K04Rik,0.9382542290769664,-0.943734121863772,0.5803417861425086
A430103D13Rik,0.398634592727005,-0.27899740146921853,0.7434639211997109
A4galt,-1.646808588352692,-0.5203443952079092,4.847532506122223
A530017D24Rik,-0.018424666401908096,-0.2009317530458934,-0.46141301921187905
A530053M12Rik,0.24107915032882282,-0.19959531603481528,1.058060264669289
A630052C17Rik,0.07348727640860975,0.1072326016032219,0.5804699461126731
A630089N07Rik,-0.2827881771299232,-0.46171857437864294,0.08650998463865944
A730017L22Rik,-0.4637320433598662,-0.134309601032784,0.8779520089144257
A730020M07Rik,-1.2308423151174464,-0.7171389572129612,-0.4201995219277892
A730063M14Rik,-0.026921143415921445,-0.1713815150430117,0.3636448784932792
A830052D11Rik,-0.0365829202465604,-0.2796832218134742,-0.9823871126952568
A830082K12Rik,1.9203313139219353,-0.7982654574017387,0.8123302060619539
A930004D18Rik,0.17573670116323603,-0.007753082348638696,0.5800282694930208
A930004J17Rik,0.42829261723769285,-0.06409103927402615,0.5173798661761226
A930005H10Rik,-0.4362731122425323,-0.3174448145594275,0.7458429348191401
A930007A09Rik,-0.7294569979237218,-0.3020848054774299,-0.011511414594293612
A930033H14Rik,0.27441801678164535,-0.7091527454457695,0.32504472596586054
AA414768,-1.3766304791188655,-0.6463042251659141,-0.04546615426974909
AA465934,0.012968028228436346,-0.19327483091538944,0.6212324146631785
AA474408,-0.2363426105475494,-0.2394911805794092,0.24288573419873488
AA986860,-2.461190259908311,-0.3203012617759784,-1.568239016528243
AF357399,0.26878359607898505,-0.015692577068341373,0.2174591507358175
AI467606,-0.854708118483364,-0.27140679692998315,-0.30099113431754887
AI480526,-0.45964301975956723,-0.3185885401487996,0.8182197299027262
AI506816,0.1890470134231368,-0.40283727145843073,0.682759606675341
AI597479,0.22268694030077807,-0.42303018606982024,-0.02362205440588916
AI661453,-0.7705558551755125,0.6956328311004762,-1.2057031188884029
AI837181,0.13680889478551883,-0.25024641714272544,0.41624911273022747
AI987944,-0.5187321360598238,-0.34144477356909375,-0.5796033609454527
AU020206,0.36180398744541886,-0.2575142719028287,2.0612672294312184
AU021092,-1.0077076246623853,1.573205274830669,-0.18134323347402093
AU022252,-0.2690080920015574,-0.25529409212664733,-0.18875801168931972
AU040320,-0.44079320984401615,0.11808551697610081,-0.719022241173592
AU041133,-0.5804709998086903,-0.39434306620727244,0.13728843465096774
AV099323,-0.16369496009021878,-0.21160824757240398,0.8727368013448755
AV356131,0.18242926478666854,-0.07129788823698369,0.5935088103044716
AW112010,-1.9444083215444663,-0.35996141022765005,-2.8874008512040996
AW146154,-0.36314019138734666,-0.2933669169476363,0.43654365713219145
AW209491,-0.09506178843314927,-0.06923753713437542,-0.25325528455072277
AW554918,0.7188636006077056,-0.10922808138949991,0.006350150559533141
Aaas,0.48709946453996533,-0.11683941434606293,0.5399192337993384
Aacs,-0.6722806780720632,-1.340596712295965,-1.35550441348078
Aagab,0.2632425478538343,-0.06000757668318091,0.10289415169186089
Aak1,0.43646720168693776,0.39117020121813706,-0.15703155662336954
Aamdc,-0.48531478152977625,-0.6604407450513188,0.07681688015873123
Aamp,-0.19257094673204023,-0.38005077301804935,0.2520788621405643
Aar2,-0.10972620363425278,0.2980844788833972,-0.7388861634704549
Aars,0.12183221410419165,0.2801820609220709,0.9077147794141265
Aars2,0.13787438395575258,0.5191690045428485,-0.2980635422900795
Aasdh,-0.36389896607692584,-0.35097605713221025,0.758625545630033
Aasdhppt,0.21530382216325883,0.05117636146342708,0.11881331158889186
Aass,-1.3676556730300684,0.5385006784679549,-1.1507138476057854
Aatf,0.3745609818575488,0.6457382281830935,0.7505583082434306
Abca1,3.4652416270364856,-0.7612924209557681,3.856081966187975
Abca13,-4.102918293760021,-0.2611008180539618,0.870036303754249
Abca2,-0.20963481665342787,-0.7233772692209435,0.09305861408479554
Abca3,-0.5028852601659928,-0.04381921121163401,-1.9671175396621132
Abca4,-0.23360245086732012,-0.43423793619035267,-1.5858139866993788
Abca5,0.8833834064542923,-0.34947465707960745,-1.3497270130261727
Abca7,-1.0463650946412528,-1.2386884255112482,-0.31038501565042953
Abca8b,-0.8730759162370725,-1.165129667376599,-0.03392586681292775
Abcb10,0.06895774935539212,0.033051278710360954,-0.4670292397367377
Abcb1a,-0.18085517688187114,2.49980509328885,-0.2100166669108523
Abcb1b,3.765263033562272,3.5504881380317306,0.8614554443501676
Abcb4,1.5634236031421638,0.6392162755324925,-0.09970490967265389
Abcb7,-0.0716671879443469,-0.30502238377327373,-0.40122591511633576
Abcb8,-0.930121511520337,-0.8518433425661227,0.15996043311584174
Abcb9,-0.9044200329826497,-0.14866066546306822,-0.3327087395779412
Abcc1,-0.1587484186215855,0.6368489986668955,-0.3548106921472396
Abcc10,-0.4776408634115623,-0.6094168069737393,-0.1591502568478882
Abcc12,1.344326247790009,-0.07760766864592075,0.4635624764424864
Abcc2,-0.4703583527914403,0.480832780966654,-1.4402315106389407
Abcc3,-2.957678248675771,-1.2338884728040158,-3.0218513271302783
Abcc4,-0.9718539927792875,0.7440676200638352,-2.922101955059272
Abcc5,-2.4683468915064575,-0.35977884202080457,-2.2498993973797594
Abcc8,-0.5415545569578496,-0.2363734511862375,-2.220549527390746
Abcd1,-1.7983466849068086,-0.7925711906653254,0.34365424350469276
Abcd3,-1.077549826419773,-0.5970194353794147,-1.1881353564157076
Abcd4,0.21527086058207967,-0.8845412200203815,-0.3800419738540475
Abce1,0.3688420631803284,0.44229188247142304,0.30974420690928817
Abcf1,0.09366568311406098,0.3055700514248123,-0.02924615720317636
Abcf2,0.41777049497963414,0.07005749346456636,0.29225717431742737
Abcf3,-0.8057069227224547,-0.0015293245825498403,0.1627856003062247
Abcg1,0.3991363641874391,0.0,1.8096124530260715
Abcg2,-0.382650084549927,-0.5714244839627702,0.3866784522325486
Abcg5,-1.8106301268517921,-0.1485221806442136,0.2496275885813507
Abcg8,-2.143746871959111,-0.10675572171903633,0.050125988727696434
Abhd10,-0.3479729677834076,-0.10368839117885864,1.0930715175854588
Abhd11,-0.21379641691060147,-0.6312843082053807,0.8173886346224344
Abhd11os,-1.2164421026553407,-0.5939244511523954,0.031666512844460815
Abhd12,0.11763709303478276,-0.24041388138525832,0.07007010676970093
Abhd13,-0.01322051183556372,0.35375252218305686,-0.5866614249469828
Abhd14a,-0.22059252781260508,-0.6243686031369209,0.181213238065272
Abhd14b,-0.9709641858831004,-0.42047488679973855,-1.4257829002066802
Abhd16a,-0.5661648345094479,-0.02498405134426207,0.18448095132732156
Abhd17a,-0.199226981983867,-0.41153780332871914,-0.1351695157329642
Abhd17b,-0.10757952422882244,0.01679258567471731,-0.2727637955398441
Abhd17c,-0.8094583059696765,0.40281103586188394,-0.4278597845341885
Abhd18,-0.11673411827215485,-0.16205790865030567,-0.04399769903259543
Abhd2,-0.20409330851012797,0.8734699464096538,-0.986217060007557
Abhd4,-1.0944240401008258,-0.9695963804957914,-1.1274472267231106
Abhd5,0.40377859896843393,0.871703386709906,-0.5113906395682819
Abhd6,-0.5049648810835681,0.2995755501559536,-1.5538687997959801
Abhd8,1.29079279836548,-0.14836942057250457,1.1262377720752594
Abi1,-0.014638444272892848,0.057022171611661676,0.08777222123113937
Abi2,1.2875617356646094,-0.09883498121208412,0.7332569802445352
Abi3,-1.1810956842030391,-0.12579491694446965,0.4414901082113267
Abitram,0.40322890537497313,0.361300492832481,0.5420894268075189
Abl1,0.28508379138218576,-0.3822769007601039,0.5718273662826974
Abl2,0.11785343845779739,0.7203824391340747,0.13925428462001044
Ablim1,-1.9863253456654277,0.4550474822169983,-1.4189808554134489
Ablim2,-1.824781477171146,0.09586307946332107,-2.337127731476398
Ablim3,1.3045900989434638,0.07352602696902583,1.997552203234589
Abr,-0.4302251556245533,-0.15728931956057401,0.613779353068594
Abracl,0.11620289808801765,-0.2192569418498369,0.49994861765067977
Abraxas1,0.37488924525678113,-0.48082951809668506,1.224753919741452
Abraxas2,-0.19249428447092942,0.00688564262859348,-0.1727190068982658
Abt1,0.218265792582784,0.1512947572500405,-0.2157420358143538
Abtb1,-0.5940821574702602,-0.712300040464851,0.11780765573848218
Abtb2,1.5701357145875368,-0.023781481682254357,1.7638543713004968
Abtb3,-0.830481553103291,0.39228231924863444,0.9060179937458472
Acaa1a,-0.6174890804556137,-0.6898991138372281,-0.48996978528559065
Acaa1b,-0.02425263899051633,-1.256292870490684,-0.9578159546378666
Acaa2,-1.0733695805002128,-0.7924124227036646,-0.11885772979269849
Acaca,0.2874148152729745,0.10534519704947076,-0.5303512503026031
Acacb,0.6330466575836731,0.004024138981278624,-0.02513821072568767
Acad10,-0.6125149722752399,-0.5655062355382579,-0.8083029320065211
Acad11,-1.2375655342027185,-0.649955640692176,-1.068712880945775
Acad12,-0.9351571659752831,-0.8917486119896223,-0.7075611466874179
Acad8,-0.4870608229941187,-0.5179273279020826,0.07057536590723235
Acad9,-0.3823147220761376,-0.09587063491945713,-0.633922963354224
Acadl,0.10790443220405876,-0.4805443627951096,0.024115180135159342
Acadm,-1.0355206310248573,-0.9479065631478969,-0.058356124698247136
Acads,-0.9077688397582406,-1.1733329000340973,-0.2352601249762225
Acadsb,-1.1085957667199784,-0.24825030348232868,0.23611542254162998
Acadvl,-0.46362871900493197,-0.04626033871962676,-0.9006674361711484
Acan,-1.529075800581865,-0.9969813668621521,-1.5432694037712622
Acap1,1.4625535776636327,0.608515902293748,1.670517546959768
Acap2,-0.8239448347756966,-0.0008309904465946261,-0.049182091034492004
Acap3,0.3655250429234149,-0.03544530456057737,0.7059529898684325
Acat1,-0.11013456662486654,-0.802470941404331,-0.09596998628571995
Acat2,-1.2051072768084863,-1.5446835809453257,-1.861546545369528
Acat3,0.2848085901648135,-0.7080467789437804,0.05545506939014966
Acbd3,0.3673148393927521,0.04352542685198202,-0.44531496576249907
Acbd4,-0.5529542443028412,-0.49297141572778713,0.3226705825420124
Acbd5,-0.5596021526973542,-0.38231864477718336,-0.688819095700528
Acbd6,0.06874687863495499,-0.31786555649065296,0.5880249699311602
Accs,1.3198575278375502,-0.06225912117202548,1.4677797534877008
Acd,0.3587309243793593,-0.05207846314563369,0.36776262028442375
Ace,-1.6922916513139823,-3.46747850987852,4.071735686456933
Acer2,2.2871922928213566,1.8066494926738936,-0.8837105413170504
Acer3,-0.1299743985358326,0.22544932277000207,-0.7360683168861444
Ache,0.3349398360340041,0.1542850758264891,0.583733332330949
Acin1,0.20150931593903465,-0.09806123756522922,0.07362286608216717
Ackr3,-1.844237709701463,0.061946844710984994,-0.06325183465818185
Acly,-0.2763132446566807,-0.46245023711438726,-1.5189242947595742
Acnat1,-1.513681906108654,-1.097293805289346,-1.3998722039341356
Aco1,-0.5326989313311863,-0.31243736432977,-0.47015060563004596
Aco2,-0.03330359604721167,-0.22546528382036257,-0.47344618689176077
Acot1,-0.06169688232336901,-0.578269819351663,-2.506309620113908
Acot11,0.009067805001037738,1.6305640091966216,-0.7914904961242428
Acot12,-0.9601391523398359,0.29334102033134923,0.06743856953796666
Acot13,-0.6352368530211328,-0.6735776850158057,-0.10977406720235994
Acot2,-0.8566306453794796,-0.3868474545277081,0.06791608220023537
Acot7,0.34889280095293174,0.14094080923141483,0.4926745791962208
Acot8,-0.5064671052854428,-0.021034920857549544,-0.060139039732896915
Acot9,0.12048845338938552,-0.21261586820549816,0.5709604037884581
Acox1,-1.1610962721732934,-0.2819971074804579,-1.344366180839688
Acox2,-0.7837207904565326,0.4031050226688856,-2.4011356516067663
Acox3,-1.0891241629943735,-0.855538824703979,-0.9571341651827661
Acp1,0.4512562807858522,-0.3987070712066325,0.02865306711992499
Acp2,-0.2822725902593284,-0.1921244788759804,-0.017260569636128764
Acp5,-3.0180402576873036,-0.3290670414897754,-1.6439446636764772
Acp6,-0.32429194987329435,-0.8917863467044844,0.2647527011454729
Acrbp,0.07017468695407436,-0.18970854475220256,1.119301753430896
Acsbg1,0.8288432569991748,1.532281272012483,-0.11334170240375308
Acsf2,-1.5829635437634426,-0.4602861200684929,-0.6602308587255514
Acsf3,-0.8176572076218704,-0.3874309867494805,-0.38819660824280966
Acsl1,0.6543252454379047,-0.37875978185050796,-1.0465758518143766
Acsl3,-0.5325278254296038,-0.8161408677089854,-1.4403282727155666
Acsl4,-0.5324201444103354,-0.7815776233257123,-0.8343258007901593
Acsl5,-1.1052794113299873,0.19949638923344537,-1.0963649753359173
Acsm3,-3.384852036489752,-1.829217512541067,-0.0555948185612114
Acss1,0.25059415022170783,0.021696592934278502,-0.36477130312436923
Acss2,-1.2158721781011326,-1.2346817046936747,-3.0158976657314893
Acta1,-0.2092024921647231,0.24785300705881225,0.2995935597392035
Acta2,1.6082135303956488,1.8798909223829778,1.403034001456699
Actb,0.7171862289360824,0.20907971229596356,0.7706193100365439
Actg-ps1,-0.5124284833608299,0.9385785747892477,-0.44076155111561577
Actg1,-0.6613939497151975,0.9601812321751879,-0.7458551299265448
Actl6a,-0.03845416111027067,-0.15339208530372872,-0.4121607155852436
Actmap,-0.18736992318365342,0.1254501911465371,0.21454926723215317
Actn1,-0.21640565234276288,0.1400408771753412,-0.6157043164291647
Actn3,1.2973134310584866,0.6579811262926556,0.05898367519991703
Actn4,0.04700540586661717,0.32449866020709806,-0.09296063574634417
Actr10,0.2535542594323976,-0.25883590538798096,-0.020066601250126048
Actr1a,0.07089230499231203,0.05211569910337488,-0.25379396890595274
Actr1b,0.33086198348852847,-0.3057394420808892,-0.1296065341511472
Actr2,-0.2699620070102231,0.2015303018710295,-0.5544701292629304
Actr3,-0.30326169270046144,-0.25587795485203557,-0.39076208613785646
Actr3-ps,-0.3660160348498809,0.19700754118281827,-0.5084172967183778
Actr3b,1.5571374555425852,0.3482937914870939,-0.057530315636164064
Actr5,0.3023530114096711,0.10330790969183035,-0.005944216776081035
Actr6,0.018539122702796895,0.10083631554454975,-0.10228626684783881
Actr8,0.3598021092953667,0.1947650026343899,-0.54058805718374
Acvr1,0.5904119803871017,0.47730362343495525,0.42865284259809666
Acvr1b,-0.7254035335182909,-0.12115847250964684,-1.1961975018611675
Acvr2a,-0.437275693588707,0.2542606932832161,-0.8962698313085897
Acvr2b,1.0033618666695476,0.5340580884165471,-0.12777803031717694
Acy1,0.044237309211301756,-0.09091986684569786,0.38823334235796736
Acy3,-1.500992889700734,-0.636194409669538,-1.3089459941038641
Acyp1,0.06908450939055877,-0.47046074725592524,0.20969920146597776
Acyp2,-0.1686005970496861,0.07697069368485732,0.8049789589678729
Ada,0.5652167536659842,-0.42795138362289054,2.1174261888874977
Adal,0.19798314014057894,-0.23800560326981657,0.0683055212950805
Adam10,0.24395360905261576,-0.2767056003384951,-0.7054783574423737
Adam12,1.4643963495535084,-0.7694571180461618,0.41452793603288535
Adam15,0.27227898587242283,-0.3021215324330049,0.035958870671187526
Adam17,0.3198287913429816,-0.0440162946193281,-0.2788418807052375
Adam22,0.681738290388808,2.002446769680281,-0.03419092554793712
Adam23,0.10087735993410889,-0.11213679857542917,-0.15599258017912598
Adam8,1.65955603210222,-0.34284032023251054,1.2623433290632322
Adam9,-0.04135299788334734,0.4795255612301368,-1.0612129632597176
Adamts1,0.7301449670826115,-0.4415246763092693,0.961332355531686
Adamts10,1.287314042683346,-0.55503038644183,2.1876844553320356
Adamts12,-0.05546360213863277,-0.28052429037663945,0.07442715813148001
Adamts14,2.013281175166785,0.0,3.4761402657337492
Adamts15,-2.559461009382314,-2.2775661028912038,0.0677443631370793
Adamts2,2.9004400488434405,0.0,1.1069093435317503
Adamts4,1.180878972893373,0.9780359566247258,1.4602121684039675
Adamts6,-1.419990753485859,0.07295624948964385,2.0832573653087385
Adamts7,2.177486894754934,0.0038093278510920037,4.35683336951397
Adamts9,5.081547433164282,0.0,0.9530510075016267
Adamtsl3,0.8697329856511045,0.14938416032290752,1.1465614974379033
Adamtsl4,-0.2429539839250392,-1.157609612214022,0.42065176073737476
Adamtsl5,-1.0615135889375642,0.35859186198623405,-0.8734454286499478
Adap1,-1.6899700412621996,-0.2830591445948265,-1.4130659073984084
Adar,-0.9131251372937621,-0.267691596680673,-0.5599097485257492
Adarb1,2.025298079558962,-0.7198146256366398,1.393788973348834
Adat1,0.19370830253106375,0.22875437437617885,0.16682661434570267
Adat2,-0.3073881897111477,-0.4517982991043126,0.3345612615026292
Adck1,-0.056423113618067955,0.18572397429271348,-0.4980660674623918
Adck2,-0.25246199155117033,-0.010301543771923605,-1.1794991620803228
Adck5,-0.722832380843947,-0.27431885334728,0.2152236485396637
Adcy1,-1.381991539713093,-3.558163291024934,0.08664109815876916
Adcy3,-1.0496724963728654,-2.1018600233314015,0.33686926681094154
Adcy6,-1.1138623988643293,-0.2242914341042761,-0.6057851441598636
Adcy7,0.9353656504789281,-0.04967736567552422,3.863076669615242
Adcy9,-2.344437198944897,0.5128659632950754,-2.1965365849282854
Add1,-0.3968894068790423,2.3216355870563694,-0.2063573300721595
Add2,0.44535447722314525,-1.1182586171506714,1.513889666122525
Add3,-1.7123186098640844,-0.6675458280133979,-1.5603361809864573
Adgra2,2.1102296565608945,-2.407346700858912,3.784355393991555
Adgra3,0.6253190856660131,-0.2862995420736194,0.5162887666080094
Adgrb2,1.7887675899368123,0.01115754242633387,0.9573734034333247
Adgre5,-0.6030921453126092,0.370051885777424,-0.3281028669855388
Adgrf5,-1.117827701435111,-2.1470462041698264,1.8866367576443275
Adgrg1,0.09502733945640429,-1.0819718505076796,-1.7503650836103395
Adgrg2,-0.25998844527136233,0.8503478032605356,-2.1356452959700407
Adgrg5,-0.6260835724357393,0.2602698190897932,0.10745517947563164
Adgrg6,1.5658223282409054,-0.5305459835367055,0.13027700000013942
Adgrl1,3.4472290491311437,-1.5272650253616085,2.7450929517210327
Adgrl2,-1.0415469294301012,-1.8064033877607124,-1.4001023105511
Adgrl3,0.36347151467183414,-2.124979940934024,-0.19019567806629745
Adh1,-3.566785536277168,-0.29565441976034496,-0.23093074444464
Adh5,-0.7588208416289595,-0.46991396272888153,0.01379128087044279
Adh6a,-3.0676849159723316,-0.26713417665105677,-0.10656350783249106
Adh7,-3.529460187907371,0.7501976347781802,-2.0676815792559378
Adhfe1,-0.7583423083671571,-0.1909374135114894,0.14125721841493877
Adi1,-0.4885595943736867,-0.22777936339989147,-0.5053373632814528
Adipor1,-0.10691969372026744,-0.008867678395256817,-0.5368982695145359
Adipor2,-0.5766297341723376,0.11549407240595588,-1.0778282178295262
Adissp,-0.11114386557887368,-0.4754574683930972,0.31223235211365985
Adk,-0.3649263174817401,-0.3911948317813181,-0.9131822614268756
Adm,1.6756554445269418,0.3572392047667061,0.7436903208769408
Adm2,0.66927210550767,-0.5504557397226991,-0.4484609690135244
Adnp,0.3064475232067885,0.6897074401443017,-0.8864718019792452
Adnp2,0.11876135927984777,-0.19901118554190056,-0.16637314437607742
Adora1,-0.16331319223126495,0.14851677369666672,-3.8154534146070027
Adora2a,1.3630022351312447,-1.2837905158514145,-1.653463401148509
Adora2b,-0.32342728699027334,0.030185918780035372,0.442482588721518
Adpgk,1.0718266220807005,0.19770152571456823,0.2697583322804169
Adprh,-0.2555487898161113,-0.010171347494655869,1.1951123548061897
Adprm,-0.7102554486735331,-0.14998386923601847,-0.28725408436865507
Adprs,0.20529562179889105,0.010831450646133334,0.540790098066017
Adra1d,-0.27439810887599003,-0.27045564614676093,2.686090422939774
Adra2a,1.3096095164925543,-0.6196964004530093,0.8349681645814426
Adrb2,-1.390916565530766,-0.5042874767712617,0.3249266109964306
Adrm1,0.060802867617142375,-0.037507483225574845,0.19430526358322986
Adrm1b,-0.16894969272822324,0.038371120543081005,0.16798841712713042
Adsl,0.27273741052918865,0.02182038008427689,0.5258858619550963
Adss,-0.11962451977387545,0.034157814635053185,0.05579165993209401
Adssl1,1.5939128857651652,-0.8009031935694453,-0.4262832615420935
Aebp1,6.528598635464946,0.05625129268804868,6.544004077602965
Aebp2,0.5111689210116745,0.1854811461095025,0.0064268887352003645
Aen,0.3573314091648383,1.0018376100534185,0.351666758013621
Afap1,0.7372270285738307,-0.9765942591044703,0.24130625539828454
Afap1l1,0.6426147320324476,0.055875432514066355,0.2329315934349796
Afap1l2,1.6214574368774821,1.6592013704805904,1.7327681645653348
Afdn,0.16326859501307656,0.3372576262741225,-0.5542141459484631
Aff1,-1.006865297952678,-0.43928856903668034,-0.41599070420245177
Aff2,2.118577272554269,0.13255422369691705,0.35742806252476245
Aff4,0.01880599201256583,0.3300267269124877,-1.2467766435171033
Afg1l,-1.2253260081379502,-0.24971191289225425,-0.13982691867683927
Afg2a,0.11229296021927215,0.28816679163670056,0.9193196462405062
Afg3l1,0.24527349289029665,-0.04887625634224957,0.2604856973929177
Afg3l2,0.08366973302376657,0.08894049907488899,-0.5090145466460418
Afm,-1.1347003130053293,-0.889111983318409,-0.9478162476071041
Afmid,0.10142076143405365,0.4476996136178051,0.35219405825652483
Afp,1.0902950299232899,-0.781683458653381,-0.5934453380785976
Aftph,-0.4324261537090539,-0.12383263063073979,-0.3164265003649227
Aga,-0.1618929102683513,-0.15843361174551696,0.5084106084409816
Agap1,0.5057708375008945,-0.5622997865463457,0.25387337517862374
Agap2,0.3065679259324729,0.28267671610552664,-0.8560540709692679
Agap3,0.23212802989558856,-0.583717027249218,0.883128481898594
Agbl3,0.5929720434646804,0.14733467049083981,0.047651334100577314
Agbl5,0.5234010271531608,-0.24627553231346466,0.08142484161753094
Ager,0.20836200226009188,-0.3150081519656678,0.5733869229680635
Agfg1,0.13143395925333134,-0.303113578202062,-0.39112002208036856
Agfg2,0.08304146669055701,-0.8006425062384928,-0.3887716176558733
Aggf1,-0.05896744296583112,-0.06493910217822929,-0.7168384825318803
Agk,0.004461408245790999,0.3166354538792402,-0.023971015596469414
Agl,0.34652547337918804,-0.20107962034442917,-0.17836703875688897
Ago1,-0.4767703177029219,-0.20936706327666332,0.4092502321835667
Ago2,0.1826895932574324,0.4059366527656385,-0.3793191488005965
Ago3,-0.06536773252727013,0.1358567861432598,0.9305546027309215
Ago4,-0.051394447753340684,-0.23550178531266114,1.203530896968354
Agpat1,0.6423222233178292,-0.05391628877765875,0.21485164429069048
Agpat2,-0.7642459689015952,0.08949609058270891,-0.5155029923953807
Agpat3,0.24092908634101828,-0.5566809015660512,0.5259154372681509
Agpat4,0.02070250659860573,0.19607517402599406,-0.22869652694387543
Agpat5,-0.00041436308061815197,0.1498722160048045,-0.4074656527912328
Agps,0.22591878435442325,0.4395900165723514,-0.17877277781158618
Agr2,-1.242762932207764,2.193163714947315,0.0
Agrn,-0.29780801579012905,-0.4446423410720861,-0.9645101231240139
Agt,0.4394516002881426,0.0,-3.1092456967195163
Agtpbp1,-0.49682938924820963,-0.5159950569192695,1.1241883147874558
Agtrap,-0.07262088317060833,-0.6099945430148281,0.8828116040822467
Ahctf1,0.459270906441156,0.38597656768834376,-0.1577519614573646
Ahcy,0.42492170085700476,-0.12023909578780945,-0.07528621733002261
Ahcyl,0.14447831593149463,0.01944336479557318,-0.25031851306602393
Ahcyl1,-0.506397266876176,-0.5779871985280165,-0.1616802957421246
Ahcyl2,-0.6595877450829377,0.20738163807085286,-2.14774405847466
Ahdc1,-0.028189337219290955,0.023867078314685486,0.0727164704015637
Ahi1,1.313132805116505,-0.3244678960377305,0.9089478110252247
Ahnak,-0.12158374539365724,-0.05007968678767938,-0.02349643332569329
Ahr,-0.79566651271699,0.5597972192358447,0.07653881416127373
Ahrr,-0.9283341282837021,-0.20785146440772273,-0.057454989267986895
Ahsa1,0.23133961540295367,-0.1346623689116404,0.17387657022956304
Ahsa2,-0.13902541009438885,0.47036195552434634,-0.23014992237944343
Aida,0.7141002693062077,-0.22719121987621715,-0.09233247680392953
Aif1l,2.890440842351407,-0.4309600989044837,2.2598035045906437
Aifm1,-0.0711175411713656,-0.757216534243419,0.3424872281411764
Aifm2,-0.756590052157696,-0.31600203472233357,0.5172020121178873
Aifm3,-0.7769311410315564,-0.5916976435449328,-1.09289600255522
Aig1,-0.8225022529598611,-0.025955744581938944,3.0227119011734755
Aim2,1.427413777469968,1.4941599622369668,3.3163281267807667
Aimp1,-0.08431153381278822,-0.12694165437890792,0.3435016896409122
Aimp2,1.3363090851413375,-0.09935356869094036,0.03057039958256791
Aip,-0.12213289890836965,-0.2981534776624093,0.08463461919598458
Airim,0.11872775002748348,-0.13379765788742315,0.7790599319711018
Airn,-0.3566686185351622,-0.20096706956421728,0.38257912226797886
Ajm1,0.33353899914534985,-0.18983676030945323,0.42775419104970713
Ajuba,0.13714322966366765,0.7798604513247511,-0.5420429006212819
Ak1,2.671240439239579,-1.0105828640319139,4.385085397059726
Ak2,0.19147832925456942,0.25754262388005333,0.8349715298630525
Ak3,-1.2168905486471822,-0.48234831024471436,-2.2311683942987015
Ak4,1.272882462225267,-0.19815741285232225,1.4576819541657793
Ak5,-0.06864472442486225,-1.735754333530399,2.5023293811597234
Ak6,-0.004160234774262861,-0.1874480238562075,0.4122867341708458
Ak7,0.6387817168289951,-0.029402834332758365,0.5709554110421099
Ak8,-0.14912474832823663,0.0379115903233494,-0.15843648452101533
Akap1,-0.31961861081302345,0.3820312889902837,-0.45649229724845064
Akap10,-0.017317236655379098,0.21644491451271453,-0.05703421996945757
Akap11,0.12426803990034241,-0.1701237709158656,0.43051349785739834
Akap12,2.082527652713012,0.2026302873367566,0.32302739413903925
Akap13,-1.0823092543894672,0.21586011641583003,-1.1344532699475467
Akap17b,-0.9296074569284383,-0.37957310504352115,0.3793066676551579
Akap5,-0.7308337796355916,-0.46793909026127645,0.09204553254086284
Akap7,-0.8819621937462787,-0.18412867946532074,-0.15116393209229972
Akap8,0.4192248169683612,0.2003260105260214,0.08956837644318938
Akap8l,0.28246285207970034,-0.18532499558798055,1.170130935761848
Akap9,2.192953885820671,3.2229172425891983,-0.6334225323530873
Akip1,0.12314185547770728,-1.046602995738612,0.14039255259251515
Akirin1,-0.009603980425634262,0.4782834356252561,0.11102496499266934
Akirin2,-0.0526532075028463,0.023765455645580857,0.5894206565009981
Akna,0.3753349050756831,0.1756003586291629,1.9815822439834212
Akr1a1,-0.15272183016722884,-0.31542924718921306,0.023068811920015975
Akr1b1,0.6835418992806623,0.40398379657917083,-0.19390092376085555
Akr1b10,0.7148063931752642,-0.30301438636217837,0.26201586345439676
Akr1b7,-0.3598382254851644,-0.02984434031871233,-1.5150633544248768
Akr1b8,-0.12072508071736188,0.41457181445180424,-0.9989097581892006
Akr1c12,-2.0723257523021923,-0.8898828828183944,-2.829861264675859
Akr1c13,-2.2137604493694676,-1.0397560154043148,-2.1941155477203997
Akr1c14,-0.21700666515742384,0.5490250048716454,-1.5834241966255995
Akr1c19,-3.4757049360631114,-2.466396741081212,-4.8605626595095295
Akr1e1,-0.4755262160006488,-0.665244326643291,0.022501051849317832
Akr7a5,-0.14419238498591191,-0.49507307288502034,-0.02307159498148703
Akt1,0.402460252472272,-0.06726315587251186,-0.24717717150382335
Akt1s1,-0.32636270267573053,0.10732428948627426,0.05963760592032674
Akt2,0.1314978756245253,0.12504543181017702,0.050419148356253274
Akt2-ps,0.0056963445071724905,0.07019558835256845,-0.2516660894426485
Akt3,0.8245098727272122,1.2954290759121507,1.9668603510921305
Aktip,-0.5741235265086759,-0.22940800663156757,-0.07872882844692608
Alad,0.6436102491737943,0.23264586797550635,0.6894620249709149
Alas1,-0.7845739820760622,0.42105860769998316,-0.7536243631436559
Alcam,-0.569951399820436,-0.46983406108377324,-0.7431165981375161
Aldh16a1,-0.6803331452786718,-0.5031375301794441,0.47982316164657135
Aldh18a1,0.2854294625783931,0.05916038550355207,-0.1434926995414081
Aldh1a1,0.4152361764258181,0.00024306139751040234,-3.5419029700912916
Aldh1a3,-1.0923341683370298,0.9445785570367784,-1.8363014101438546
Aldh1a7,-1.9939959358437898,-0.4083237329743974,-3.8206559590533007
Aldh1b1,-0.5940243569380986,0.02631763641212818,-0.10437154185488551
Aldh1l1,-1.2648292613769327,-1.0002671762041264,0.39581076660434356
Aldh1l2,0.4934563952626245,0.022638328378612016,-0.10059636384549808
Aldh2,-1.1358412614970055,-0.7014029200717697,-0.5565693960683777
Aldh3a1,-2.6599734817655944,0.16678615332843627,-3.169535922927726
Aldh3a2,-1.7542263803590403,0.28811698935289165,-1.8440521173131588
Aldh3b1,-1.713281051846094,-0.8903910965411077,-1.5766656533162786
Aldh4a1,-1.1740847108736339,-0.5506466781165344,-0.142535355661364
Aldh5a1,0.04842196446940017,-1.5149292271106396,0.32659040129723516
Aldh6a1,-1.671062264851058,-0.4448292978869741,-1.5459432708855156
Aldh7a1,-0.2652052825886111,-0.3263917328153161,-0.05303205371283681
Aldh9a1,-0.1695318947595963,-0.5749209373468664,-0.6880080179686487
Aldoa,0.3667749704072296,-0.26783508288017366,-0.1460262042310596
Aldoa,0.5712095678062289,0.18733405697400257,-0.08875110907169459
Aldoa-ps4,-0.07995378781817764,-0.2617015968975558,-0.2517494265787379
Aldoart1,0.002046164340886225,0.009700697816535708,-0.4756942068772789
Aldob,-4.133659664141609,-2.8918177242574927,0.03973446470762523
Aldoc,-1.4436251991743525,-2.1714456977604875,-2.812536904426622
Alg1,-0.794526148192241,-0.13948149108890462,-0.6770084495809674
Alg10b,0.32970727947616485,-0.16990731397353986,-0.3073153043124677
Alg11,-0.26164881683086705,0.11987925623918905,-0.8872953324797601
Alg12,-0.19807528414460585,-0.0968800326661019,0.04062985438868694
Alg13,1.109855997829801,-0.15527991755631954,1.0935707179892176
Alg14,-0.1309695555028263,-1.078548064367907,-0.009206027321337018
Alg2,-0.11558171666340211,0.2066817131049099,0.22467317735489
Alg3,-0.7480085836575086,0.1558581207128329,-0.07748754753861586
Alg5,-0.68877317623524,-0.5973510168772194,0.09006899780520072
Alg6,0.3821815983025143,0.30645335454387634,-0.6691793198974068
Alg8,0.039238992662030014,0.41723378955675017,0.26319276287229965
Alg9,0.6240920320817942,0.040465050237764366,-0.3546687536710218
Alkbh1,0.5325664738727962,0.3340868527770917,0.3007470309731506
Alkbh2,0.04276487805363782,-0.1910532376477434,0.20565107466133226
Alkbh3,0.16250911285999559,0.1627659236620862,0.1681463189768051
Alkbh4,-0.4049999011594947,-0.08227423569138548,0.35919082083875287
Alkbh5,0.15241676353824118,0.2824533272390246,-0.9504356560899172
Alkbh6,-0.4292165256191929,-0.0691370330193326,0.09835264696015145
Alkbh7,-0.8488742288340725,-0.05364381064423007,0.28495683459357446
Alkbh8,-0.17261137290146067,0.18535435033367076,-0.04777997739322348
Alms1,1.181426258467353,0.6541895321584352,0.8771329950217068
Alox15,-0.8685776147080265,0.7265321844229887,0.04404823678932235
Alpi,0.00829515434947714,1.2538513998033824,-2.4440211876850286
Alpk1,-0.5097888005646161,-0.661132864498371,0.07941296675438236
Als2,0.4271105946861491,0.23417868152055554,-0.7781681112154688
Als2cl,-1.6426048772217872,-0.10885310383664759,-0.5872992541106932
Alyref,0.5777148123972937,0.1563456140318218,1.0017675544963875
Alyref2,-0.12208103651624624,-0.10474303687764319,0.4340940745269882
Amacr,-0.515205251064732,-0.749138365185058,0.0026148029293575625
Ambp,-1.8685589637589164,-0.2467479039940732,-4.644787638816492
Ambra1,-0.1240462633560071,0.02242735487317571,0.03408978352136316
Amd1,-0.08304790940691564,0.14095921192301208,-0.48535698884189404
Amd2,-0.2930944405973084,0.257658116417659,-0.08854799877767944
Amdhd1,-0.2657882515706846,-0.06985865447367615,-1.7017767220204547
Amdhd2,-0.7438381335139468,-0.7348011527148897,-0.000997504705612974
Amer1,0.2637608265325344,-0.9181665683435762,1.4194007027727755
Amer2,-0.10371963612304147,-0.393321913623028,-0.696759184372056
Amfr,0.006872272649205868,0.0737568192179916,-0.20936519619739702
Amigo1,-0.103272108336387,0.01912656648011879,-0.3540873246929497
Amigo2,1.3606084076492553,-1.0365026690131793,1.0801075994505
Amigo3,0.14031297606079995,0.11294210636803004,0.5270937718807808
Ammecr1,-0.11621487799828856,0.19555703000565305,-0.004446802078811096
Ammecr1l,-0.11116938748723948,0.44725493633049807,-1.2999112933445214
Amn,-0.9550948172096647,0.2028179543466328,-0.15154858597600485
Amn1,0.14914387448040145,0.32973696969497945,0.1681108982047279
Amot,-0.057638865261984584,-0.8517526945898357,-1.0385879836559693
Amotl1,2.807500908095134,-0.3234335383817246,1.6294493471703255
Amotl2,-0.0710685380653393,0.3859968666910758,0.15148677440616343
Ampd2,-0.16276034869738965,-0.1283186574243489,0.6530244307018371
Ampd3,0.46152628008985097,0.022250038737739633,1.1509965393106167
Amt,-0.5727264588978432,-0.0663115544044095,0.799966950149257
Amz1,0.8322023566833037,-0.025339150262748245,0.7100166485577815
Amz2,-0.057876349242599545,-0.20914426730120095,0.032764143679685276
Anapc1,0.40251523180138804,0.138111783146198,-0.016016640462034992
Anapc10,0.07905858929915732,-0.18218456873561806,0.23636546352574417
Anapc11,0.06671531109733486,-0.0704568848965259,0.3274648697409086
Anapc13,-0.10676400841777856,-0.6508301627334423,0.4889231190159813
Anapc15,0.08911877440837124,-0.06212629001478076,0.6942910424940858
Anapc16,-0.10133120939110807,-0.3698403457221717,0.8827060177425405
Anapc2,-0.3116382356453018,-0.4083503382479945,0.005095520201334303
Anapc4,0.37844724365454674,-0.6182236191506476,0.8278518992452417
Anapc5,0.17064721110996572,-0.555004916685137,0.41973369923466297
Anapc7,-0.1524100050785302,-0.45825714057166334,0.1526719182690215
Ang,-1.7697062054717243,-0.49919153389176785,-0.9738671119314875
Angel1,0.7945085637018787,-0.2357760262262858,-0.1323942299048242
Angel2,0.27616145775571166,-0.10417381597137432,0.4211149724791534
Angpt2,-1.464163688789177,-0.8291757094085662,-0.3936252322027509
Angptl2,4.661823180626435,-0.10355646461928092,5.084092865774771
Angptl4,0.989474294891151,0.23665936435896473,0.14200572730005856
Angptl6,0.050913281851210135,0.31435144058116626,0.49309497366423294
Angptl8,-1.1847537198998124,0.05792444201445679,0.1993365248263821
Ank,-1.6933608266943434,-1.5001972905617702,1.8245995374055024
Ank1,1.75515200028038,-0.34722286323284013,1.5605657562770041
Ank2,3.221598886674471,0.2227888797929531,0.3494433657740699
Ank3,0.2058842342096332,-0.8857267043861876,1.8800301553275913
Ankdd1b,-1.7964703774319895,1.0410818065341179,-0.6557255788697292
Ankfy1,-0.11729099589630199,0.3794460324170785,-0.32276767854547916
Ankhd1,0.40398273866897494,0.7873088994485657,-1.4411585876704205
Ankib1,2.7531950167979575,4.128355971575689,-0.26580211185397484
Ankle1,0.5576765864417945,-0.028868426799044666,1.974423398278954
Ankle2,0.25922676093239616,-0.26676802562801605,0.18015641322383225
Ankmy2,-0.5260744701801054,-0.8498200881220224,-0.05523006654786222
Ankra2,-0.11997576302482926,-0.7330322355332273,-0.5323315912661926
Ankrd1,0.8570829956474455,0.6934121590240157,0.8369703232578303
Ankrd10,0.2446828404405963,0.27776107692120444,-0.13238594543360183
Ankrd11,0.09237597367713146,-0.10691513112268769,0.269875071354158
Ankrd12,0.02190977417503781,0.03657575190662632,0.1478910158843867
Ankrd13a,-0.31422152509339707,-0.4041382475880475,-0.21853610622842545
Ankrd13b,-0.005826164511099741,0.19673208740306158,0.5386962247012388
Ankrd13c,-0.48629025920960256,-0.23562924630504867,-0.10104396715707242
Ankrd13d,0.26152753355991565,-0.9123249751003086,-0.3634450481627205
Ankrd16,-0.4716404570197965,-0.39886389142121814,0.7073167315296236
Ankrd17,-0.03010166083423016,-0.24578197649580158,-0.3555984903265754
Ankrd24,-0.5128202506378896,-0.66981066729543,0.30184237239982137
Ankrd26,0.9593477579008636,0.8189705120922133,-0.7407527286322462
Ankrd27,-0.0053716730662962675,0.02716187776833312,-0.16566290397961936
Ankrd28,0.5243696382009686,0.3240675980423724,-0.34424319291683503
Ankrd29,-1.0267162158606826,-1.0045582149453995,1.2400175299214493
Ankrd34a,3.041047832332992,0.09467575751118396,1.177193924095035
Ankrd35,-1.7887689687678672,-0.5060382257597436,-0.47256614024848376
Ankrd37,-0.1822411698512838,-0.19777647000102383,0.3672490543994158
Ankrd39,0.31919861424323415,-0.3584787699869152,0.545388340779345
Ankrd40,0.010116803860448442,0.10375189195742252,-0.12326011285263583
Ankrd42,-0.08513193282180254,-0.12403524042415603,0.027648203675734173
Ankrd44,-0.9122009576345942,-0.46764395708882667,-1.245775275507498
Ankrd46,0.11196231013111557,-0.6040935234780074,-0.1426211691576995
Ankrd49,-0.17021424708449118,-0.24275468622660812,0.3204074691576211
Ankrd50,0.11542092712356489,-0.16129765654163108,-0.13229913417619255
Ankrd52,-0.037802968031202866,0.5490362603642964,-0.05632685719686048
Ankrd54,-0.2227242554223423,-0.636589598679917,0.1124692180785587
Ankrd9,-0.5298949228757062,0.26380318311695117,-0.2834800509030533
Anks1,-0.178807350338964,0.3283803327143682,-0.15276153322423358
Anks1b,-0.22728893170849784,-1.2790632367275032,0.5764167070970854
Anks3,-0.8244489605042498,-0.565400228822627,0.07815873904695714
Anks4b,-2.8059759810150626,-1.0376809336837107,-2.152789465031689
Anks6,1.0822799576401,-0.38799105399245315,2.481477280962623
Ankzf1,-0.3493157884720497,-0.9077762583648195,0.04064204196888621
Anln,1.2404211470654056,0.46631996417998334,0.6908841681459208
Ano1,-0.20625442858725407,0.9493252472453912,-0.8699565380610652
Ano10,-0.10800493052204807,0.0008553704442881838,0.14658035942736625
Ano6,-1.1506729463033984,-0.034561601901507366,-1.3561795013893985
Ano7,-1.119810307171692,-0.177315592234425,-2.0006807525884995
Ano8,-0.02741869876392755,-0.1959881740518803,2.3099242902446653
Ano9,-0.5514476709656543,0.8732058069011805,-1.0707740510627621
Anp32a,0.542056993900677,-0.48989512275923897,0.1809865871367604
Anp32b,0.13934958369152461,0.2474107905911005,0.914962301514997
Anp32e,0.4860296619326778,-0.33026053572231184,0.3845980848516666
Anpep,3.1784249746189603,0.6539091024170005,2.5707047161322074
Antkmt,-0.32785229882439415,-0.15717386048058923,-0.2438026643341642
Antxr1,0.36108723864464665,-1.8150001527493118,1.6261407220302768
Antxr2,0.20220730134222542,-0.2972554507167784,0.6045615060743375
Anxa1,0.1164846545908862,-0.18985299130721245,0.8645699136261982
Anxa10,-1.3145071794035017,1.0318850407784907,-2.5323620530355635
Anxa11,-0.2559754645995058,0.7174903937500394,-2.1073372397397723
Anxa13,-3.7374504952912218,-1.1128784293314524,-1.7796185603428345
Anxa2,-0.028124883413271462,0.1341198425444592,0.10495065286496441
Anxa3,-0.918333794529028,-0.5593083387624382,-0.7063446659479435
Anxa4,-0.9759181037750402,0.19188381369663965,-2.0396757439729534
Anxa5,-0.29376695948044684,-0.8933798844918961,0.05341424970136721
Anxa6,0.3488832072917951,-0.8177617229690206,4.497858826900577
Anxa7,-0.4563882980393972,0.1333569498368039,-0.5380948615941552
Anxa8,-1.3895562184508714,0.28746568638314507,-0.7773544641391732
Anxa9,-0.3284039667888772,-0.6423940542181925,0.3256383290216416
Aoc2,0.26170085760152584,0.506012114203449,0.1752642411637675
Aopep,-0.8953590973048717,0.3456500503295734,-0.04602557622140857
Aox1,0.3241821355582495,-0.28949086344373964,0.40644050514215646
Ap1ar,-0.24275827777573156,-0.31538381328514387,0.007042912863780337
Ap1b1,-0.4510383790817727,0.08016087057472099,-0.059047267010481796
Ap1g1,-0.16847970347786045,0.1371700289793809,-0.5672971107944189
Ap1g2,-0.4459471717684993,0.04983245774559464,-0.9137722235321819
Ap1m1,0.14085871171756725,-0.016260758685016974,0.30099585067531276
Ap1s1,1.17773894961711,-0.30580970094084137,0.39034301487289014
Ap1s2,1.5476371654235073,0.1816507641883538,1.4409172308079925
Ap1s3,-0.06549897142930705,1.3015537964826227,-0.4664099700644615
Ap2a1,0.22255928377742595,0.032722736252093654,-0.6637372285768599
Ap2a2,0.3576426000057076,0.2549924654377831,0.22636379365801407
Ap2b1,0.3682325326760463,0.2614896083970484,-0.3686443581586216
Ap2m1,-0.6205959123729397,-0.13978636590054805,-0.44142882462214494
Ap2m1-ps,-0.7495783753799645,-0.03459257242815994,-0.5817005058537092
Ap2s1,-0.2664992623237197,-0.14033797694162065,0.5532733575257822
Ap3b1,-0.08940536367815444,-0.05147844381323807,-0.5397833208792964
Ap3d1,-0.10812964656639767,-0.22487264837888876,-0.205223448287704
Ap3m1,0.13548588927400917,0.12292056340351465,-0.6999356529154088
Ap3m2,0.3935567284035506,-0.46611896046206835,0.9772250361278179
Ap3s1,0.12502763612702772,-0.7140033519335205,-0.07731685170562219
Ap3s2,0.005643545118762638,0.13848244608670957,0.05040895372841181
Ap4e1,0.2531395124408249,0.517078996974992,-0.12033832613155271
Ap4m1,0.7375266666560623,-0.8616697001987457,-0.5278674780511907
Ap4s1,-0.14720408111551864,0.016513507886545487,0.5753397954003403
Ap5b1,0.29481659001675675,0.5161105208398289,-0.7969591872260802
Ap5m1,-0.4685316369775365,-0.02906807207956419,-0.9702457870682735
Ap5s1,-0.035421477861452555,-0.37308650753749584,0.38896077753402114
Ap5z1,0.3675749660253018,-0.8183464886420646,0.4683157613865485
Apaf1,-0.032059426486824805,-0.20394758148075454,-0.34975091098030875
Apba1,0.09241874893390994,0.678212009279299,0.20810311538074205
Apba3,0.009219648866107377,-0.3109674731789571,0.2741444218039337
Apbb1,-1.3042873681148475,-0.7610782788948769,0.2615198888170118
Apbb1ip,1.9351993619409946,0.036626471699649506,5.6204243447623
Apbb2,-0.160654777363896,-0.43552854973771726,0.7912323700733852
Apbb3,-0.2814026045598368,-0.6635740994459112,-0.3021224020148816
Apc,0.031065830233981906,0.1262936917593196,-1.1734705812361383
Apc2,0.652080959146744,-0.03567346924609305,-0.25157020771919775
Apcdd1,2.4148711553738376,0.4812901262095006,2.0718085736217153
Apeh,-0.5177156985436211,-0.26857665836867994,-0.33574424411192005
Apex1,-0.09261123011505612,-0.02694190102218741,-1.241808474890366
Apex2,0.44552575902578484,-0.35393766854668396,0.7445904309588309
Aph1a,-0.3289936932615918,-0.4875519587614523,-0.2253252196413511
Aph1b,0.6435046029399256,-1.2311868778085626,-0.5746102591229898
Aph1c,0.01295934194808357,-0.4304921929154538,-0.3471834788907303
Api5,0.39790288270161955,0.12189986623987714,0.069321199356712
Apip,-0.09181212549958762,-0.10314606812853899,0.8031161755047975
Aplf,0.483261300016379,0.2778160217378063,-0.2014599394835539
Apln,3.373555301009354,0.0395613686104862,4.563368042628351
Aplp1,0.3606701340618641,-0.0849791140059513,-0.2275932166898471
Aplp2,-0.8903312738530715,-0.20344529019183,-1.620955789845918
Apmap,-0.04005521550588931,0.13162786949923433,0.19864427710922872
Apoa1,-1.981604307316942,0.23081701093443083,-3.8298084488519146
Apoa2,0.2511417877529022,-0.23302823489034385,0.24612189978293936
Apob,-1.3274103943331985,-1.533082285771182,-2.3065285699124365
Apobec1,0.6069765693817244,-0.2538077936535892,1.2369541536185378
Apobec3,-0.3338424602653749,-0.47650802360648736,0.23049298080496872
Apobr,-0.42371185319180427,-0.2292991580502044,-0.2550003699892507
Apoe,1.5120128615624768,-0.01698680582845391,1.386565824304138
Apol7a,-1.2091380478395388,-0.7871448184714191,-0.18454266359539417
Apol9a,0.5602624534830727,-0.05427965636186244,2.247951133388314
Apol9b,-1.1200863803369292,-0.081094815085478,1.753322452704491
Apold1,0.5833003214925084,0.09205246102189257,0.6734181296890427
Apon,-0.7350870009477272,0.2909651499646767,-0.34520494566299514
Apoo,0.4154398379350037,-0.2589977423940919,0.9946942733930042
Apool,-0.01766590815596647,-1.0611934970924621,0.3962929241331965
App,-1.0010482446625684,0.008419940816457583,-0.7268461187710482
Appbp2,-0.13475283765196622,0.136288027464742,-0.20300410519432255
Appl1,2.2810172388741865,0.5165484230545467,0.1308999238455275
Appl2,-0.8695409260324389,-0.29486534950895393,-0.3502569934401487
Aprt,-0.15405226022437724,-0.3551073599678407,0.8597082857978524
Aptx,0.6320087545419231,0.0797089696506017,1.635280267083584
Aqp1,0.6127358052500309,2.666321733915524,-0.20155849598748077
Aqp11,-0.8154463355904289,0.05164221842455419,-0.7829077113138345
Aqp5,-2.9521921772278774,1.1735039198076898,3.3733569209881678
Aqp8,-2.2677636162584265,1.6902250025919128,-0.3830443369560257
Aqr,0.08352980721423187,0.3332248510277429,-0.37659728677633275
Ar,-1.1259774904893418,-1.2670123785503855,0.6581866304260924
Araf,-0.4726162887887053,-0.24244204615261467,0.44519241171093427
Arap1,0.10839979725499571,0.10543157066669195,0.29268234799360204
Arap2,-0.8369385734331511,0.47824762155756817,-1.3477158211900906
Arap3,-1.5346525571430933,0.5801371329003162,2.568807310823691
Arc,-0.009314699236749435,0.3859343862895326,1.5020067064428297
Arcn1,0.31375537792626496,0.15711411583585289,-0.4833249492008802
Areg,0.760701262615914,1.1736189470067497,0.5944612013054549
Arel1,-0.11082479288695257,0.13868844532439883,-0.9489683072500634
Arf1,0.11760179470198295,0.11242875935035812,-0.34216062676929937
Arf2,-0.4901539978375018,0.7061174916753865,0.09494210879699594
Arf3,0.20440495128171587,-0.1498022317321812,0.10210478053083083
Arf4,-0.09274517300136509,0.3105681489268157,-1.0994654336532568
Arf5,0.49844998800907714,-0.2620790619720754,0.43293601606461873
Arf6,0.4407581903364992,0.13255458488719896,-0.48672276692666205
Arfgap1,-0.019183927449692995,-0.050534865442104504,0.1886142182449113
Arfgap2,0.030303371192101025,0.4560563863404088,-0.5574939758494697
Arfgap3,-0.7011512599383272,-0.5819402358743249,-0.11364266700679693
Arfgef1,-0.6997037796146817,-0.09746130726628355,-1.191897045241391
Arfgef2,-0.4033019052721274,0.32874476623318305,-0.7022540446060175
Arfgef3,1.1316240350500322,0.9393443922286271,-0.10415829329690668
Arfip1,-0.21310890992817821,-0.31541489408189394,-0.49224763092282453
Arfip2,-0.11651271328049084,0.184657936940968,-0.13308844157524913
Arfrp1,0.22028101804535005,0.2542371245820423,0.7996803013275322
Arg1,-0.021204822514124866,1.3652213489185763,0.07346627837545237
Arglu1,0.09130028788795919,-0.16597867561420543,1.5733480817591898
Arhgap1,-0.23006023956612243,-0.15059848157922762,-0.26519876070243686
Arhgap10,-0.09106155977857355,0.035350900659343765,0.64998784036207
Arhgap11a,0.293324773886944,0.1609604268246585,0.6229090461903501
Arhgap12,-0.8031879861741693,-0.456170320657483,-1.4722421327969792
Arhgap17,0.11807938402181506,0.3359832621167591,0.08039521675492889
Arhgap18,-1.08184297255589,-0.9279988719861585,-0.3665938470167722
Arhgap19,0.49297668943351347,-0.23823399611695617,0.6051758313325877
Arhgap21,-0.5440356054666564,0.11726890804201417,-0.14968368047297442
Arhgap22,0.7875387037277313,0.1354848799373527,0.01760444222969504
Arhgap23,0.4251270813766581,0.2213658892067798,-0.2880072378155045
Arhgap24,2.5066381349786693,-0.09870780998448447,-0.10228995828762416
Arhgap26,-1.1524747976564598,-1.050109697308673,-1.2675468641377414
Arhgap27,-0.8823515920831548,-0.31538913859620976,0.5878653589343354
Arhgap29,-0.2570244383616078,0.1018673845756286,1.7770209228890839
Arhgap31,0.3573501367287988,0.9453648161276016,1.4578972741299931
Arhgap32,-0.7575048299056802,0.8148516963515332,-0.5984352726710767
Arhgap33,0.9667428500186942,-0.4778437433025359,1.4631463094548072
Arhgap35,-0.33098018784568595,0.29563406434451966,0.12126664677218191
Arhgap39,-0.025869106747009152,0.1738878672781654,0.11808469135571098
Arhgap40,-2.154319313827885,-0.03213208841352788,-1.7164442260412178
Arhgap42,-0.6722430508283006,-0.41013726409454865,-0.5565190902566624
Arhgap44,-3.1200741396981173,-0.0045625300623841625,0.050125988727696434
Arhgap45,-1.1420953945794943,0.07056646390097043,0.6872966225662136
Arhgap5,-0.057973129638318355,0.2658980841431644,-1.0810436974897177
Arhgap6,-0.12026192500761645,0.10185061885443591,1.6493091744078234
Arhgap8,1.4007962167609516,1.154607001175495,-0.920175001946804
Arhgap9,1.7941342735975432,0.45318985948371165,0.22544862210470834
Arhgdia,0.48615989860554265,0.17740610886347596,0.33539603602345025
Arhgdib,4.559305598369398,0.055875432514066355,2.920843469564315
Arhgdig,-0.649489063813224,-0.6094895743834288,-0.6292737863127633
Arhgef1,-0.15120702882265125,0.225137123988004,0.3035026185494347
Arhgef10,0.19933332336742016,-0.36668701156839045,-0.19691394355919467
Arhgef10l,0.056720580645296614,-0.4542638279502904,0.9996621644697514
Arhgef11,0.12966876263313942,-0.07219248300462233,-0.2048548488588091
Arhgef12,0.3738191115712919,0.35479791168259656,-0.6540961528892124
Arhgef16,-1.1132139376589434,-0.005134424116089775,-1.3565687004777414
Arhgef17,0.06094540705965734,-0.005003195470245636,1.7533781083553497
Arhgef18,-0.5025559226805996,-0.363292092688293,-0.24961107095132107
Arhgef19,-1.016243161713049,-0.8585483859921843,2.1848293150805627
Arhgef2,0.3692263030640799,-0.5259981515877366,0.9764219223126585
Arhgef25,1.4569507808998612,-0.8586040842340295,1.7463591252016633
Arhgef26,1.6611590362096358,-0.4804879866489641,0.051979791178281165
Arhgef28,-0.6110797153548608,-1.1952782636949228,-1.3259159180988407
Arhgef3,-0.6675817088941653,0.3838189757224022,-0.7110381490609958
Arhgef39,0.42570087929508604,0.2417580920401825,0.7326950772452752
Arhgef4,0.4733911227864702,-0.5553313571439965,-0.02241221986231068
Arhgef40,1.0061006931007492,-0.4482521370238519,-0.05157234167853364
Arhgef5,-0.20513374608509238,0.3794497118947646,-1.2884087966834006
Arhgef7,-0.06519553851398108,0.06991622851359658,0.7391682145536906
Arhgef9,-0.1956127225902179,-0.8916227505423338,0.9995132796206196
Arid1a,0.05041298425453,0.13455358664230577,-0.319665648745751
Arid1b,0.5583765544175368,0.2490687023798781,-0.08354040999468992
Arid2,0.644722814037709,0.3101578431712406,0.022648852803058617
Arid3a,-0.18594259387382506,0.9703099367959471,-0.2018394219233004
Arid3b,0.29874142225283484,0.6610035373942724,0.03399213608809237
Arid4a,-0.11424680585908575,-0.08688277416482215,-1.0295780744118534
Arid4b,0.007200040414753861,0.1855005003824699,-0.7457605977705439
Arid5a,1.203055080195111,1.7329963359551779,1.320983267019436
Arid5b,-0.6023587118558069,0.17819109171491654,-0.006189931904660995
Arih1,0.5656461129417911,0.26986552226235183,-0.17985014202278204
Arih2,0.23954147650150404,0.2145582895834126,-0.030223207527295237
Ark2n,0.15828765438575232,0.6222744865169592,-0.6127762907298091
Arl1,-0.07187928299891055,-0.2561145455912257,-0.3684492402989825
Arl10,0.04098838641515368,0.23079553899843086,-1.2512302972925382
Arl13b,0.005628130719251168,-0.10735103688988268,0.45507292146915646
Arl14,-1.755002448291016,-0.9636459824788526,-2.1336254764245326
Arl14ep,0.4390732467713283,-0.15932987150124855,0.6227097981080121
Arl15,0.33835788843022474,-0.09950551998374424,0.0683514938637515
Arl16,-0.13071709808422938,-0.4102429333104869,0.2597508882584574
Arl2,-0.4646597104551251,-0.7774781504610742,0.16401209866942423
Arl2bp,-0.24860672121843663,0.02337620020479836,0.0035186423727582294
Arl3,0.4299370720011666,-0.7628933776455797,0.9728444490598145
Arl4a,-0.5894314715439295,0.1466827383773488,-0.06850650054174245
Arl4c,1.1680173847307218,-0.69595032588904,0.783400355745969
Arl4d,1.1450920008731913,0.5687910179772206,-0.18647492033080337
Arl5a,0.44581206120062156,0.04631082770000461,-0.504452165566823
Arl5b,-0.7769821298748418,0.6008159014750252,-0.36857190047567645
Arl6,-0.10306819802906197,-0.27127201643596477,0.8701760335175224
Arl6ip1,0.04188113868289367,-0.1749540965178067,-0.2848166430958621
Arl6ip4,-0.28192488439229635,-0.7367335992106865,0.5924870649300544
Arl6ip5,0.7633468553359144,0.2521645180691303,-0.030175642757107823
Arl6ip6,0.5063277383371085,0.15159596686641397,0.07373483562462368
Arl8a,0.41200074764315797,-0.3909292505070612,0.30752611314836376
Arl8b,0.5078956265698915,0.23246122322359408,-0.43462212064587913
Armc1,-0.05505371251007851,-0.33383606940250576,-0.08490165485235401
Armc10,-0.2956747924295655,-0.6092076444870038,-0.33118286417056986
Armc2,0.4035997751296762,-0.03802182211631146,1.6871257089691054
Armc5,0.11992482953489869,0.23583413619920712,0.5096419638904517
Armc6,-0.12885602067330026,0.47833930106594025,0.5338004797274731
Armc7,-0.12376991441990137,0.11576009218043692,-0.10782843219999982
Armc8,0.2613396528810048,0.19722416727766756,0.05703017003288835
Armc9,-0.12080879447103765,-0.4695823766232148,0.4937142225961284
Armcx1,0.4148319517442518,-0.1303790248304848,0.05117283213557289
Armcx2,3.296708972479969,-0.08638871589124032,0.17642558011964407
Armcx3,3.113526193942792,0.0,0.38307179444442824
Armcx5,0.6417370671604805,-0.09448224868464683,0.5918610014949397
Armh3,0.03728939431811629,-0.09548572308025438,0.47315722390200765
Armt1,-0.26008471109730724,0.006893709104787149,-0.286298518468612
Arnt,-0.47476003168874925,-0.2654995841176877,-0.35151506409741984
Arnt2,-1.0491115029297187,0.012154451979890762,0.48952813519982386
Arpc1a,1.069518697153307,-0.835958137860195,0.12627849723297135
Arpc1b,1.0390561808501992,-1.0489183175524541,0.5568621007503705
Arpc2,-0.3059633763603671,-0.2023463844115927,-0.49014330026368924
Arpc3,-0.4943101038614959,-0.8017372243892709,-0.05687688804323798
Arpc4,0.6166522190718826,0.16588074817241694,-0.4830750734453515
Arpc5,-0.40655453769440886,-0.4588511726545459,-0.4399411858142157
Arpc5l,0.13780236374345556,-0.02032071275994074,0.7375622308575203
Arpin,0.7031921336525597,0.14255462621039872,0.14945100387283716
Arpp19,0.16709003865933525,-0.1368139169681335,0.5834261281729303
Arrb1,-0.3858395417035867,-1.4711277292112133,-0.08610135956796405
Arrb2,0.6756943527838821,0.29604008332267995,0.31351836234821207
Arrdc1,-0.6156425219392982,-0.3820264243160434,-0.28170303100055083
Arrdc2,-0.1026855226857839,-1.19589036424702,-0.2828348962805083
Arrdc3,0.5401591522533504,0.2776376671570837,-0.1898737964273307
Arrdc4,-1.765296143050818,0.9214080759298269,-0.027129849856025914
Arsa,-0.23777524332953348,-0.7532876726338129,0.02557237010800595
Arsb,0.12167016328370117,-0.7234328464736368,-0.33981539077250966
Arsg,0.4856266294721492,0.17120125436201983,-0.409294992624992
Arsk,-0.3484975409702611,-0.4301417580265583,-0.3284855260025936
Arv1,0.570634887639192,0.3469112241451846,1.2134366991922558
As3mt,-0.5960394245902347,0.4990585454832497,-0.9113692704692755
Asah1,-0.5851478984481044,-0.5077101809073641,-0.8728337510469846
Asah2,-0.6208149613954781,-0.07041825310644079,-0.7046776452486054
Asap1,0.3770432982352032,-0.24999580650015218,0.2897570451606768
Asap2,-0.6212537311468198,0.28392877583411646,-1.2553806423490528
Asap3,0.26729363968593,-0.7230470636695128,1.8949869442374843
Asb1,0.31550485674306916,0.5872359040842228,0.16311648405610724
Asb13,-1.066029944922286,-0.8313304769806167,-1.1913207819878884
Asb3,-0.34295613370654365,-0.21832546631837246,-0.19350585530271136
Asb4,2.6063065781373598,-0.08841959088016611,-0.00876232350894307
Asb6,0.40836665885544043,0.2391157610393977,0.7894084133825281
Asb7,0.04597967189809893,0.1469462284009544,-0.1600705058144416
Asb8,-0.21769811480270906,-0.28747011235393494,-0.47522831568054436
Ascc1,-0.48943083333935355,-0.5797193604989381,-0.03810784112963361
Ascc2,-0.032727141132438575,-0.012420093182115899,0.2795545137038502
Ascc3,-0.14211370857743333,0.2974476531063406,-0.8979498303944142
Asf1a,0.15844079954417367,-0.3063597772543778,0.8718196544324548
Asf1b,0.7694690779119098,0.027272395252811776,1.6977661862085283
Ash1l,-0.21485797207808055,0.07627724273684233,-0.38695613750738467
Ash2l,0.5923093919514768,-0.012098103794080828,0.6828629377388005
Asic1,1.4202141434179132,0.09422392435501359,1.0524354043692141
Asl,-0.7519645414523408,-0.49753246225708914,-0.16575582421859547
Asns,0.5021290909283316,0.8308467365431849,-0.23053535952981363
Asnsd1,-0.23678412595403175,-0.4160124817017934,0.6472112406523403
Aspa,-3.6115863694463357,0.25109954006165225,0.645007202004416
Asph,0.7363664783494279,-0.02122380444836658,-0.5724143191027498
Aspm,0.9538043504926037,-0.19597110581885335,0.9459842841897048
Aspscr1,-0.042053615735648364,0.0425922899857909,0.4818621258715545
Asrgl1,0.7780408150376554,-0.2750610557929619,-0.3971190195354177
Ass1,0.21866901952943207,0.0,-0.6031026199304139
Aste1,-0.10131872026618272,0.06967217945647164,-0.4167307036819208
Asxl1,0.20679969873080406,0.12451571223051072,-0.10457002032900231
Asxl2,-0.17171425435526988,0.2392389021178598,-1.0447738565636477
Atad1,-0.42529495702521203,0.14847685329168758,-0.788296402908955
Atad2,1.2064451181518105,0.7760791523503769,0.012656046772098861
Atad2b,-0.02135314595563287,0.21952342259234214,-0.6431538200123241
Atad3a,0.3017163160420413,0.26332718008965106,0.4120081131445392
Atad5,0.934038252584982,0.6535492234391258,0.2737997082971364
Atat1,0.7903264777526438,-0.5125133076116342,0.7014476385641846
Ate1,-0.012352262083514809,0.3860905173588707,-0.4997050299651171
Atf1,0.18631151808413282,0.036742589367569245,0.08581206157321564
Atf2,-0.5446257758214159,-0.2358940282109856,-0.36052383656484466
Atf3,-0.8568299899319025,1.0821681167111952,0.4352068923611814
Atf4,0.22903204569266578,-0.10352323144608899,0.5006077273572327
Atf5,-0.4928286072838368,-0.16698995975034592,0.12905632088727437
Atf6,-0.3165999782529516,0.3286531358150988,-0.29282769925182883
Atf6b,0.416102374957088,0.5647653336892144,-0.03150858546134838
Atf7,0.44705368789228217,-0.01923177743824933,0.4137829117114338
Atf7ip,0.2976262827408158,0.10988728460505115,0.2733889364654871
Atg10,0.17233496039770602,-0.37728306457403415,0.13229333175910973
Atg101,-0.7392142750549695,-0.40298174892955263,0.04145790195184418
Atg12,-0.46105608635330686,-0.40028885849086393,-0.5044065455156597
Atg13,-0.6642386584191593,-0.34562673686309786,-0.1465770315583086
Atg14,-0.46545984346901514,-0.038145647122449056,-0.643466313690936
Atg16l1,-0.18650779941024886,0.0017351840531283358,-0.028876223131014456
Atg16l2,-1.009395777386715,-0.45806639989964415,0.8004374268315511
Atg2a,-0.8227281276480136,-0.013362145975128747,-1.2007152805748191
Atg2b,-0.3248440801276642,0.1263128401708835,-0.9182575398620241
Atg3,-0.7875063491364065,-0.1158264644605218,0.3460743334419636
Atg4a,-0.6389578498376833,-0.28412492376940524,-0.2729889929024316
Atg4b,0.6282011121975639,-0.022820204340400885,0.16955848123593675
Atg4c,-0.03444573390171968,-0.7153491251820374,-0.4002750343908712
Atg4d,-0.15763195773307181,0.3959471011206084,-0.4409285287659124
Atg5,-0.37173478885314104,-0.06449234341170751,-0.2579874234678394
Atg7,-0.0034548100859206343,0.37988759047318155,-0.26663452835007107
Atg9a,-0.4069696176677171,-0.17792476306040061,-1.2534399309451567
Atg9b,-0.49840798035113254,-0.148459789137402,2.5590344318362384
Atic,0.2514608814017265,0.17667103786257599,0.43655577264059797
Atl1,0.14419200845548985,-0.35812462852958316,-0.3689853298546595
Atl2,0.0760895752667139,0.6099327709495403,-0.5536241296525484
Atl3,-0.0703297253628472,-0.2344253025819878,-0.5182248651514891
Atm,0.4435574819493122,0.6178675092987369,-1.0515234735656382
Atmin,0.04139297774489403,0.4797306109541495,0.051134288853178056
Atn1,0.8047114926137824,0.3116422751116299,0.7920867081696858
Atoh8,2.123904291086604,-0.15473530836120242,0.05123351023655465
Atosa,-1.0903787917538625,-1.138581949845239,0.523729935722343
Atosb,-0.30623950230040675,-0.033728077277548785,0.2913825117268507
Atox1,-0.1231785212103258,-0.5629627640614459,0.4090933318137795
Atp10a,1.2456517308646937,1.04480439231485,0.7913901024090597
Atp10d,0.2287188408470625,0.1600349054568504,0.5044609155604057
Atp11a,-0.24912882825446303,-1.2636985511992345,3.0049075293815686
Atp11b,-0.028900516245111696,-0.19138076178212593,-0.10154005088429496
Atp11c,0.6056349303090012,0.14961797837970892,0.44618186274758864
Atp13a1,-0.2083514242454232,-0.24003930907459825,0.046773464423122135
Atp13a2,-0.04140027981657113,-0.4709976457716527,-0.1108526716310898
Atp13a3,-0.5841888282806389,0.8232591382245573,-1.2974481707848655
Atp1a1,-0.8780977769714244,-0.14752577660527422,-1.4383087419386396
Atp1a2,0.5771250956365692,0.6414972959755149,-0.050645011318410815
Atp1b1,-1.2671206234340797,-1.022771815790354,-0.9109823712561154
Atp1b3,0.5517432004608649,0.10981323251846398,0.12378536662611594
Atp23,0.47209637122657755,0.035841762877636185,0.7242922215441028
Atp2a2,-0.33890101290857366,0.08952581105693369,-0.82239127928759
Atp2a3,-0.9517200743509351,1.9318869194729618,-2.1011282919999914
Atp2b1,-1.2068452947985921,-0.4100631668231438,-0.5704050446453293
Atp2b4,0.01246798990072917,-0.21785835322746055,-0.02864790313463561
Atp2c1,-0.009146179614268668,0.4210059829001169,-0.7709491543839411
Atp2c2,0.1895491102520186,0.4939967927370763,-0.5901645119547797
Atp4a,-1.5397294645147892,-0.8322264094017069,-2.009783115703091
Atp5f1a,0.04059428836654888,-0.22317274289231825,-1.1427421073927118
Atp5f1b,-0.011277263292765127,-0.10735873830735088,0.010179670492092896
Atp5f1c,-0.106198288946322,-0.3690212866470466,0.14206490882964395
Atp5f1d,-0.3112420791344128,-0.30688931855106105,0.29342166108980816
Atp5f1e,-0.3869231079021924,-0.42928828356420556,0.3373749086809896
Atp5if1,-0.6752814132466547,-1.2978741720073415,0.29877174178331956
Atp5l2-ps,-0.06809699776153488,0.25308559237659445,-0.16525734842042877
Atp5mc1,-0.38987118938014387,-0.2057013544974282,0.8468388167948584
Atp5mc2,-0.3479073594076665,-0.5539643786399475,0.3181998374213011
Atp5mc3,0.06834499362725133,-0.2409822352816473,0.32852041247408614
Atp5me,-0.4461456273793738,-0.6865610817094314,1.0133475469303144
Atp5mf,1.053713526928787,-0.9741008931131123,0.6440017796430055
Atp5mg,-0.09194364883345552,-0.3305140130226949,0.5723619832364935
Atp5mj,0.04131086783598459,-0.6003475367292861,-0.4746979514822742
Atp5mk,-0.3024322469252043,-0.4185254045840834,0.11524063880560664
Atp5pb,-0.35909257007495476,-0.6049856924657249,0.289276886308123
Atp5pb-ps,-0.3336034176753826,-0.46327260068203646,0.05657360186946203
Atp5pd,-0.18444800074564327,-0.1329131426883876,0.22231446560128454
Atp5pf,-0.7335230766705294,-0.23704635074599878,0.5208855864426116
Atp5po,-1.0368977119310268,-0.09442339278098011,0.4710258672421799
Atp6ap1,0.18578877686729012,-0.039570015428411764,0.3755508247427173
Atp6ap2,-0.07475838147606417,-0.2528554884879455,0.133240244151831
Atp6v0a1,-1.1468888435969502,-0.11613017165351547,-1.3687512147854317
Atp6v0a2,-0.4583580536705636,-0.3840998139956264,-0.5113863061449573
Atp6v0a4,1.732007771753951,0.9271395596485659,-0.02285469614327182
Atp6v0b,-0.5860752450435669,0.3112790158560097,0.20352582956033505
Atp6v0c,-0.2541456893055054,0.022617488199211166,-0.23557751401108007
Atp6v0c-ps2,-0.48803169876034924,1.0498412135560775,-0.40452027976690963
Atp6v0d1,-0.22045962244183404,-0.11558588076176157,0.00953549569295653
Atp6v0e,-0.550430916524637,-0.34222514113097535,-0.6173569201549887
Atp6v0e2,0.3086593703088475,-2.0108211376020413,0.2626071637903257
Atp6v1a,-0.7174235781493818,0.037395940121363935,-0.972776197601724
Atp6v1b2,-0.7636663273976101,0.14862305336008497,-0.33550288639786796
Atp6v1c1,0.19616391519725518,-0.10246784044532475,-0.052119734258859296
Atp6v1c2,-0.6707771110520259,-0.02375587143994551,0.01707132962812405
Atp6v1d,-0.17590852395244738,-0.43727849431554944,-0.31644639927321183
Atp6v1e1,0.17718448143933152,0.0828005114250443,-0.7307698274150933
Atp6v1f,0.08510639862055847,0.0025726926240849934,0.070987787759905
Atp6v1g1,0.046263051787761356,0.011498574707852427,0.7125927747159855
Atp6v1g2,0.42575887030074017,0.05137315375842144,0.15287459646929924
Atp6v1h,-0.23111853753719291,-0.9157837888700904,-0.16472138409981785
Atp7a,0.09211620455501457,0.2571835604299597,-0.7364757530296728
Atp7b,-2.2804952438880415,0.12452288652685528,-1.8042196289958912
Atp8a1,-1.9205956310346575,-0.5658702449303261,-0.9502049578272187
Atp8a2,-2.710524097133243,0.18530890885189805,-0.889057864702067
Atp8b1,-3.4710569965917015,0.30649633147259525,-3.4779383782649234
Atp8b2,3.000040373530822,-0.40596834483225575,0.8826981541786214
Atp8b5,-0.8111515297054318,0.391935004998597,-0.4154788360213907
Atp9a,-1.054004223475543,-1.1157544926643432,-1.61020187478211
Atp9b,-0.4701202428317037,-0.15221114297038874,-0.5279161758656583
Atpaf1,0.032069906133985526,-0.02533115318985546,-0.399104944214546
Atpaf2,-0.06767623736612105,0.058755648091417534,0.03885397739238439
Atpsckmt,-0.3916938337626501,-0.09649548207805836,0.06387589987132358
Atr,0.5790883772610078,-0.025725686928720126,0.46603487584514625
Atraid,-0.9551222449212804,-1.0321718353229299,-0.1777080084894438
Atrip,0.670220182150675,0.17472416207589703,0.04703206763683898
Atrn,-0.9870778366589077,-0.2405786277605566,0.37799220320161986
Atrnl1,-0.5896286586650881,0.03546740838856888,-1.1251082077498253
Atrx,0.26095029843946804,-0.5259034024444009,0.03856355931592148
Atxn1,0.12983996302020762,0.16743265397809504,-0.37023470240301526
Atxn10,0.10616163413640312,-0.53994887471932,0.021017222190806706
Atxn1l,0.09417208809121558,0.13768735653282782,0.040960738526866436
Atxn2,-0.055554840614266965,-0.6417057611355217,0.225174640121935
Atxn2l,0.40505849186375276,0.3524867143686121,0.13515285554185397
Atxn3,-0.6988474274236993,-0.07969185370779996,-0.8868187420691278
Atxn7,0.06745614282992785,0.07714913978919125,-0.4816903251288216
Atxn7l1,0.3198026619318237,-0.7204492711687833,0.4075742562624374
Atxn7l2,0.8030550009476252,-0.01323850566745488,1.137534555975079
Atxn7l3,0.28109620247807676,0.15824452162128377,0.01705929300448794
Atxn7l3b,-0.38793005991156804,-0.3375430881313566,-0.3290850389630169
Auh,-0.4022878096550646,-0.591675932500697,-0.19519932441755472
Aunip,0.7381773961822913,0.47693554681092376,1.5125790441561233
Aup1,-0.28560499161089226,0.3844257607366437,0.5694454706667935
Aurka,0.5788485840694388,0.07326420348290075,0.9688811008961657
Aurkaip1,-0.03740601925226272,-0.08331493613541774,1.08781275128017
Aurkb,0.697767173368721,0.04351771501032875,1.0618888722172333
Auts2,-0.29029928273316186,-1.7693118928360676,-0.738899835458031
Aven,0.02358819628787856,0.01545484514562645,0.9613551553491999
Avil,-2.0883851043256314,0.14183463958014553,-2.7012749625465973
Avl9,-0.0522680029498499,0.47082376723698083,-1.042593730942552
Avpi1,-1.1428448193639174,-0.23223298096304124,-0.34194348216635273
Axdnd1,-0.14209614718703767,0.1666206107629582,0.3136446596272099
Axin1,0.39814836537889065,0.3434853971330467,0.17400915241228443
Axin2,-0.2908811892051384,-0.5350252670016382,2.3952979639883343
Axl,0.8482660903412178,0.38822727926861056,0.5222234876488852
Azgp1,-2.878506871109337,-1.1749576979651986,-0.6809517232742415
Azi2,0.12607071742212472,-0.37235907302118676,-0.40862055862539126
Azin1,0.06949194322978514,0.10903467776209919,0.7852430945406805
Azin2,1.3448625491053336,-0.045225192279490345,3.319211487195013
B130034C11Rik,-0.3825652256025232,-0.19978530333316824,-0.1441807148966049
B130055M24Rik,0.1855885512710339,0.37650368632680414,0.07912258606081707
B230208H11Rik,-0.18240342987956004,-0.27902760651147007,0.059573647817230846
B230217C12Rik,0.4133184512062832,-0.3151332875732482,0.3783641589297829
B230219D22Rik,0.31827919880016253,-0.3876263961732711,-0.8506507607738731
B230307C23Rik,-0.862770599898657,-0.13894139708471376,0.4568052507155519
B230354K17Rik,0.029143940540850455,-0.4209674647770649,0.22332213621018004
B2m,0.31818769349697895,-0.4184744463353862,1.379137204694585
B3galnt1,-1.9571145467610098,-1.8804227095647423,-1.9598927603795366
B3galnt2,-0.22425202069137828,-0.12160405224120296,-1.2737983734293996
B3galt4,-1.2942676268043933,-0.1315894526144743,0.017101551775359436
B3galt6,0.3370429145865197,0.2646626241390324,0.6323831008126288
B3gat3,-0.4732704237044496,-0.3759852349592654,0.11654553604916895
B3glct,1.968398030745747,-0.7697317103437156,0.8079827011960279
B3gnt2,-0.2800667029676184,0.44931274052026304,0.0277368954715822
B3gnt3,-0.7940340745432612,-0.12370170950876158,-0.7723052815434972
B3gnt9,1.1981114565306337,0.36590058450184515,0.29220903852796765
B3gntl1,-0.06974791308518213,-0.13932559320339077,0.5534093789953207
B4galnt1,-1.712851384042624,-2.321171281877035,-0.43233214493395344
B4galnt2,-2.177997760728842,-0.7842748877251977,-0.2194929914294238
B4galnt3,-1.468890025308706,0.5886128121752691,-1.6727991642719717
B4galnt4,0.38243171062450987,1.3397373661822676,1.1087787033182093
B4galt1,-1.2008161294070039,0.41664755569803447,-0.3371099222582279
B4galt2,1.0028805794569289,0.1886421834077563,0.9224563004260906
B4galt3,0.16850291990778654,0.1834048259700891,-0.28354122188850983
B4galt4,-2.2325743645033524,-0.14724211202140872,0.12089945393122341
B4galt5,-0.1458259402496367,0.5908145103745053,-0.3844078199914325
B4galt6,-0.9840919804467836,0.2352572804239088,-1.920244850245889
B4galt7,-0.4162322859436398,-0.11440218022595783,-0.7128766632374495
B630019K06Rik,1.7808200949568005,-0.7342133186967519,1.8500733460674534
B930095G15Rik,0.04296250272590041,-0.2554025194411478,0.850486588207215
B9d1,-0.16561356425520213,-0.2689559294353394,1.296413817459634
B9d2,0.011783749801475896,-0.5949546921295537,0.4989758720633688
BC002059,-0.15752498597569664,-0.06421675636168134,0.012560842807473716
BC004004,0.05202059091493538,-0.07889823563474252,0.07176684312498338
BC005537,0.3418452907784362,0.08250377363139894,-0.5539216907076936
BC005624,-0.007229377086677147,0.004532268246065563,-0.5190662422514922
BC016579,-2.149645559739769,-0.2451168443319709,-0.28266080085055456
BC021767,-0.28723820038332104,-0.48179842817133645,-0.4867464334753566
BC022960,0.12283269894509041,0.1676585193873361,0.8025677576603917
BC024063,-1.4323550704172396,-0.6598882472503327,-0.20316934302026035
BC025920,0.04865449783182041,-0.46542688797369214,0.13413768747016896
BC031181,-0.7874324882168109,-0.10418740904541135,-0.881222410932871
BC037704,-0.19885591847888884,-0.25353546838134167,0.6264641162030593
BC039966,0.684179524427477,1.151612581043392,0.7414213111867782
BC051226,-0.7261267079024549,0.3578475617096788,0.6150089081625592
BC085271,-0.059231505481884605,0.43399709756238614,0.0598696600270513
BC106179,0.12439981634878527,-0.15024665672742527,-0.6222889553337349
Babam1,-0.040796175132010504,0.023514674326779783,0.05827411426880147
Babam2,-0.1248204009301963,-0.5802879154594809,0.46215351321830145
Bace1,-0.7646715499657368,-0.06532355786544297,0.24882472691151225
Bace2,-2.7284707147269422,0.316132958596105,-3.789580149664269
Bach1,-0.6990014007778429,-0.36902504733197494,-0.26648007236064686
Bad,-0.1921862264298051,-0.4217241868775288,0.06458033111663575
Bag1,-0.4075054176831925,-0.14162455239458005,-0.48558725431198724
Bag2,0.32003987933853306,-0.40737112474506354,-0.3685912818133197
Bag3,-0.11627106895036743,0.43475654981220924,-0.557129838818045
Bag4,0.26118416503466957,0.47803415998926546,-0.014054931689468475
Bag5,0.40920926241098776,0.11426776492735069,-0.33001959351515175
Bag6,0.18061701282053022,0.048000675018158745,0.2281425675977804
Bahcc1,-0.6593866523090788,-1.0562103197458366,0.01125792288478955
Bahd1,-0.43063674146046527,0.0962376071337463,-0.31977621349692065
Baiap2,-0.2180937016002602,-0.13760346964621473,1.2477674299504944
Baiap2l1,0.43155148502806373,-1.176631188086077,-0.2821655676987227
Baiap2l2,-0.16399495202085346,0.002174971430305872,-0.27276939808414624
Bak1,-0.06795421716267569,-0.21414491037921124,0.683416128172845
Bambi,2.3271379845756046,1.2527941845267088,2.330534631131081
Banf1,0.25053675380758733,0.18014639852976266,0.6788435517376099
Banp,-0.036522920556397054,0.02618275695324268,0.7876621399578028
Bap1,0.34742957111913775,0.17384645298760848,-0.4224104077618689
Bard1,1.0901029051048998,0.14436357985988657,1.4568641255696804
Barx2,-0.9292905521470547,-0.7004793402527795,-0.5774786086693887
Basp1,1.322077983095511,-1.7236046002457561,-0.031889209528278784
Batf2,-1.0242368302809375,0.5536606425923039,-1.2798496045427077
Batf3,1.3386112972959712,-0.18747536457563044,0.2286362977574866
Bax,-0.2689324582056507,-0.16016557811403231,0.8613402756596962
Baz1a,0.3176300493918136,0.6429839090389375,-0.7814942892689487
Baz1b,0.19426391354834838,0.0895421547207702,0.34783824256507057
Baz2a,-0.2919604515663119,0.10550862750840206,-0.4757489664482035
Baz2b,0.22624219582136273,0.09843895545020098,0.44577087195163045
Bbc3,-1.2168420352404188,-0.6981866514650719,0.98858921836593
Bbip1,-0.28285933704222366,-0.5478819433030093,0.2467613586701729
Bbln,-0.14233087056841143,-0.016231802689296693,1.6450910385408481
Bbof1,0.34345437052631705,0.06062386404836678,-0.34594831331609743
Bbs1,-0.592044750397708,-0.7429522965656614,-0.15478825605314817
Bbs10,-0.5088381567860114,-0.5122912379453715,0.29589791726208636
Bbs12,0.7747936828171329,-1.0046232364509782,1.7641188168959843
Bbs2,0.14834179119871171,-0.18091690623773315,0.38155987872320996
Bbs4,0.48842190083659487,-0.40809505904375487,1.5409791070428343
Bbs5,-0.04481980066040325,0.17923110141556187,0.2391097992559068
Bbs7,-0.27966734345141164,-0.7623058420272164,0.42916348795005277
Bbs9,-0.19379052856861678,-0.41288231964902655,0.30239937237353276
Bbx,-0.44436773981752253,-0.6957754328062347,-0.4853930270090432
Bc1,-0.6136603905742586,-0.23026639154459083,2.5473905339477194
Bcam,1.0663961089493945,-0.232628019104121,-2.2860010487891724
Bcap29,0.4534981230967179,-0.04977924048423166,-0.26842856456670283
Bcap31,-0.269032273624636,-0.6950463265569242,0.16993859690955748
Bcar1,0.38959195813673997,0.28680203268081605,0.2538760782299514
Bcar3,-1.1564742795552352,0.02295093007521931,-0.2555527706737344
Bcas1,-0.41673466782379165,0.19933034696143842,-3.477725920921923
Bcas2,-0.21685254412997512,-0.33349947506736033,0.3073693983403576
Bcas3,-1.116524548852456,-0.2542444968052364,-0.1358885589821175
Bcat1,1.8843479383012411,-0.2491892771731461,1.478433773161338
Bcat2,-1.8388020388164392,-0.31175218324050125,0.11163301510918178
Bccip,-0.03265809727064983,0.18965860212143326,0.2076680165514393
Bcdin3d,0.36297945911978413,-0.13286554070272016,0.6276686568726482
Bche,2.844212630587304,-0.07391140056591583,-0.9529128655027472
Bckdha,-1.1800242533314909,-0.2663400667998119,-1.0635497567320567
Bckdhb,0.3772870572403626,-0.2683934264133998,1.0132019883249925
Bckdk,0.018106806756743588,-0.39253754866440893,0.07358629262495864
Bcl10,0.14469042041498437,-0.31721457297385847,0.6401007381321699
Bcl11b,0.154140195386277,-0.6882414124886775,0.2262377633446131
Bcl2,0.6284350987294811,-1.2039525356068599,1.9888390371176667
Bcl2l1,0.03444818761052826,0.41883801088537,0.10276724393243164
Bcl2l11,-0.09204419008289122,0.34984317834028156,-0.11437339691128567
Bcl2l12,-0.07210933935772279,-0.12219588171168705,0.509198714161021
Bcl2l13,0.4037545191251519,0.24632600166428809,-0.4837020880153915
Bcl2l14,-0.7478889839583029,-1.5457136370288374,-0.5613603465761098
Bcl2l15,-0.5778773601148537,0.35484667105004386,0.08053445103219753
Bcl2l2,-0.06808415348292263,-0.23138681788810045,0.28992254068695633
Bcl3,0.02536637749269488,0.10080969149406993,0.13086620247041836
Bcl6,0.2945008988686153,0.3599542951702479,0.4109506975801658
Bcl6b,-0.4727348083189497,1.5803066724668455,0.4699289230877836
Bcl7a,0.34764751424507345,-0.40187280641137546,-0.5103898908637374
Bcl7b,-0.08218005110041027,-0.03069597064667473,0.20800481202730925
Bcl7c,0.8995730909614172,0.14532420830298776,1.368543969163893
Bcl9,0.18918611781282912,-0.6107079468670573,0.20011293955416942
Bcl9l,0.8729569496555127,-0.019280915540237586,0.1798987704958659
Bclaf1,-0.03320607409288101,0.10449776150800805,0.14741727770966762
Bclaf3,0.4174472448820774,-0.03894213655095413,0.7037244904151341
Bco1,-1.3627977137851293,0.30086018222453803,-0.4307469731137653
Bco2,-0.9931509216356414,-1.549468150229543,-0.2872864672024845
Bcor,0.46636650640941024,0.12686078125523892,-0.49959622931360403
Bcorl1,0.3491854830763721,-0.3338042365828544,0.27717143646362974
Bcr,-0.29302514758414233,0.4832412327989548,0.18273378080041702
Bcs1l,-0.19366531861473746,-0.0737404640860202,0.042049935057605126
Bdh1,-1.748164490909418,0.5796560007179066,-0.7729155834747274
Bdh2,0.2670435493885721,-0.5529642940049152,0.12224775132312793
Bdkrb2,0.498181946528753,0.0,1.8141604594465344
Bdnf,1.146288143622317,0.19985450098943325,1.6633476617239262
Bdp1,0.1973267843398192,0.45926732527091296,-1.0698977846758764
Becn1,-0.5877543407704486,-0.1414501700353057,-0.7966861212063456
Bend3,-0.24931090453711846,0.47687904426867966,-0.6411375941468394
Bend6,1.865573900965609,-0.5473942564987636,1.874905439970905
Bend7,0.6780426270193385,-0.1520000614081407,-1.1243222223623557
Bet1,0.402929128280638,-0.19016082037806736,-0.013205809910556532
Bet1l,-0.2550216807803296,-0.030703700611326212,0.3729905074595856
Bex3,1.2934364481670775,-0.4288038500365827,1.631137096682485
Bfar,-1.344962857870752,-0.1292068679005407,0.23417262838148822
Bfar,-1.02417077246867,-0.3600470731927947,-0.44430691291827706
Bfsp1,-0.3577265302450323,-0.2067243152706757,0.6640750733331853
Bgn,9.05408648369942,-0.13885706339469334,5.390327765426239
Bhlha15,-0.6155811595201438,0.1558841940983229,-0.8289142504061113
Bhlhe40,0.5658622373526967,0.7212929746317522,-0.8727356650269407
Bhlhe41,0.39376246419767114,0.07170682283583307,1.583290460019577
Bicc1,-0.6321161429376456,-1.9970733883506606,-3.053781101245629
Bicd1,-0.6380670886147266,0.405040139746665,-0.1286833005851733
Bicd2,0.5212881437886994,0.7296918969521284,-0.315535963666707
Bicdl1,-0.21012054988359985,-0.8663207637417982,0.01857161796627249
Bicdl2,0.19521975530286956,0.863402286085214,-0.39651079462144473
Bicra,-0.0717189758810628,-0.30122801787935183,0.4929665108692518
Bicral,0.07246625014421326,0.03719030921479405,-0.21740035214568199
Bid,0.5294984236182465,0.49160733235316734,-0.10321939434451277
Bin1,0.2128493379191152,-0.10781763876283446,-0.03818732076767262
Bin3,0.06553653152911565,0.20728224922467042,-0.2679316627796666
Birc2,0.3774561413327695,-0.48162084332579624,0.050650343610457504
Birc3,-1.0932001612551332,-0.9829291846675972,0.23198738463714497
Birc5,0.5648884902860072,-0.043156057800125325,1.4882966550492789
Birc6,0.09919676203780625,0.31492796823348,-0.33516397858110647
Bivm,0.5041070228577134,-0.23310403412836944,-0.1126652953455558
Blcap,-0.17244764044929362,0.11009039578301927,-0.00516702291528226
Blm,0.7051793130930117,0.40772465636141675,0.4776187224737516
Blmh,-0.14837506603027784,0.26643937229999537,0.04830288599025501
Blnk,1.0056565526960053,1.4007389011619127,0.5018687998595047
Bloc1s2,-0.018852946306401996,-0.40879328724621455,0.28096663140227474
Bloc1s3,-0.5088635232581917,-0.031207281660583064,-0.9075180647955654
Bloc1s4,-0.19176493756932267,-0.36188307555659005,0.5056585647204317
Bloc1s5,0.023790172865216785,-0.12978019405280783,-0.7741482147764684
Bloc1s6,0.18573876564214675,-0.48126241329334896,-0.000793366812919416
Bltp1,-0.258867590693467,-0.22670929130491224,-0.39903884910161747
Bltp2,0.3181494802771123,0.29178712466148227,-0.2563032054805392
Bltp3a,0.4923625712275701,0.2211000433695931,-0.015400432562580058
Bltp3b,-0.03180170720659703,0.21907149333088594,-0.22380848964438282
Blvra,-0.36520993980044825,-0.49071225504416915,0.3692574538287374
Blvrb,-0.06613758989510643,0.7935720994451452,-0.40739921255164546
Blzf1,-0.029759785669887684,0.30719240834438466,-0.028917127043513347
Bmal1,0.6502064648944148,0.4032084013199184,0.30537313449844206
Bmal2,0.3602625727867348,-0.2505573241316037,0.48461602341654864
Bmf,-1.1674212697691195,-1.333418370674412,-1.4482013343307774
Bmi1,0.6357642083919233,0.025502992329320406,-0.42390940124519894
Bmp1,1.885375909071218,-0.0026982945172457917,1.443655211598462
Bmp2,-2.807989280002317,0.0,-0.6459252182841135
Bmp2k,0.1259875742629335,0.06184873390605272,0.03914567865738272
Bmp4,0.39695314069627496,0.1688353016796782,0.07556088409845607
Bmp6,-1.6486716282483824,0.2899059679780005,-0.025615555259689088
Bmp8a,-0.7916264048663799,0.7867958107607116,-0.21935652858885316
Bmp8b,0.029544358401620577,1.0333211682235648,-0.13241092011860275
Bmper,0.82133503932483,1.209148911777782,1.8307811778368297
Bmpr1a,0.46526227854465674,0.16107964120590879,-0.5712007817019797
Bmpr2,0.11681758697955935,-0.1186514111106014,-0.3151714087360107
Bms1,0.7896578905785887,0.6947053687470612,-0.1267317141655857
Bmt2,0.4029430749487002,-0.10782107884795167,-0.5623595736341231
Bnc1,-1.6353034552998573,0.0,0.6825941751715067
Bnip1,0.7658360792905254,0.046826649468268755,0.5593539155334861
Bnip2,1.0849904272766953,0.1363149795749905,0.7093586553744018
Bnip3,1.1067244019947586,-1.2943792690003253,0.10888228713455206
Bnip3l,0.030880976095374102,-0.6932924262880098,-1.1659388948543619
Bnip3l-ps,0.193888836322467,-0.19993055334945375,-0.706670908672965
Bod1,0.1974567543235839,0.2626020575285182,0.5774015391085232
Bod1-ps,-0.3975333395194405,-0.20448554984706258,0.4354068435885947
Bod1l,-0.22067270930918337,0.1197180377935112,-0.2160451267434631
Bok,0.6469159956318951,-0.10215987931555315,0.1151449138150289
Bola1,-0.51547070419576,-0.6511175416392883,0.3512928016283938
Bola2,-0.1057372256697704,0.24267764222243393,0.36903891415648804
Bola3,0.07737298482582577,-0.10277567824934586,0.411494565587021
Bop1,0.2581440174551872,0.2197020854653875,0.04457800534868461
Bora,0.5501433056036289,0.23187526938045977,1.0043090094881455
Borcs5,0.11374314405342645,-0.01493925678129937,-0.21526055157662105
Borcs6,-0.22388053367046323,-0.7829206779007984,-0.04658648971666324
Borcs7,0.2235228219507901,-0.49084363600683867,0.09179858975541721
Borcs8,-0.5596658043686942,-0.2523225958714237,0.4998008112775931
Bpgm,-0.09893117837709653,-0.1064526404248527,-0.23044302274251116
Bphl,-0.43459385361750424,-1.6310094156332524,-0.5944205112972032
Bpifb4,0.7741971745537548,-0.027818580214387854,1.9816846489481488
Bpnt1,-0.8498667076215449,-0.06398422559648598,-1.224939924842678
Bpnt2,0.06655974729395986,0.22605596947113504,-0.2341363304724915
Bptf,0.35978236224620375,0.18191993578391497,-0.20296621794406722
Braf,0.6344835112374341,0.14742610517343957,-0.4132838741292595
Brap,-0.30220144475864785,-0.42364135143712645,0.2548360322926362
Brat1,0.923105560429426,-0.33569370486171124,0.43936509040230654
Brca1,0.7340436035339062,0.14736390956333167,0.4225228909295278
Brca2,2.6293668763330946,-0.5454043335168004,1.4735807929502869
Brcc3,0.5288968636345777,-0.23354821159192873,0.5481053893921706
Brd1,0.05081005395522098,-0.06237178930895659,-0.6451927405457774
Brd2,0.3630974997391654,0.4114997435550425,0.07486897918223967
Brd3,0.11394976264886658,-0.13150574433065287,0.3828457752581462
Brd3os,0.07664482280369533,-0.46902213827623895,1.8228468829900897
Brd4,0.5217772212785237,0.17557308783448988,0.053195235578399114
Brd7,0.18036543279518114,0.07179670305099162,0.7428395587214691
Brd8,0.032501558368601025,-0.02509511089071559,-0.21237389012634633
Brd9,0.09319777618441272,0.19691942544240515,0.08432340607881539
Brdt,-1.060333048797303,-0.714805270027483,0.7956590340246738
Brf1,0.14510504315279515,-0.16587313145525684,0.3510332772736193
Brf2,0.0422089325479158,0.027528696680705345,0.39652028416347473
Bri3,0.35346905777123716,-1.012210495863231,0.5098763673291833
Bri3bp,0.2587503029856091,-0.7249451101968276,0.5289741889306132
Brip1,0.9703895541060175,0.5208145699909599,0.6424626956137405
Brip1os,0.33713217195860423,-0.07903012049145364,-0.0667801462041826
Brix1,0.3397518884702819,0.07364848014408842,0.6161176828835764
Brk1,0.7321048849389395,0.16384961269028953,-0.053440474524560244
Brme1,1.0959041022248863,0.2675665646348655,-0.01972643216344583
Brms1l,0.029119782750159473,-0.5130948992640953,0.0008914355485067915
Brox,-0.05887422944092169,0.13383474683972008,-0.33899934609711213
Brpf1,0.6979761610826207,0.5418152627116228,-0.019044181810488503
Brpf3,0.20854461090812926,-0.07618591281754217,-0.15240845596080455
Brsk1,3.0078108855054015,1.5877787968103048,2.8753472764266044
Brwd1,-0.35191293390713074,-0.21833018871257792,0.6389679672817676
Brwd3,-0.15844175471386812,-0.21448507396839966,-0.4891314851590831
Bscl2,-0.9232207900194442,0.027318063585027197,0.8678617227732741
Bsdc1,-0.4139928957740002,-0.18356171558064815,-0.09576749527120132
Bsg,0.4871755547611496,-0.500644360411874,-0.3176978674308195
Bsn,-0.24868999216290322,0.44530301249980964,-0.1563462546498735
Bst2,-0.541251950566668,0.3817622166544128,-0.13234076766142078
Btaf1,0.2643212110644084,0.6187635445233433,-0.4549588016074555
Btbd1,0.2276196595072406,-0.28561942851792566,-0.23880571992031374
Btbd10,-0.08071099575963814,0.5167633539166712,0.43394017345663105
Btbd19,0.5543733382648806,1.2395226123251262,1.7085000558096932
Btbd2,0.03972483775804836,-0.8430922197670432,-0.12127257628983656
Btbd3,-0.5653061266362043,-0.010687097336697704,-0.9579823102352547
Btbd6,-0.5172042881796322,-0.3410328657358477,-0.5946205138860288
Btbd7,0.164029030098372,-0.16951849659143736,-0.44538671117658346
Btbd8,-0.4861491605153243,-0.3191616676154716,-0.26536780216012046
Btbd9,0.2963807646263419,0.11330575300599754,0.0032499024963597023
Btc,-0.13758879748781894,0.45994134816754517,-0.20786618362380516
Btd,-0.23201310055137192,-0.9634086516984182,-0.5516473491483049
Btf3,0.03830989737651613,-0.380263927654493,-0.2203341491003048
Btf3-ps1,-0.10694721958633302,-0.3223748047676076,-0.3750498972305123
Btf3-ps4,-0.06854320654751245,-0.037995822748438934,-0.2128140406177409
Btf3l4,0.14921346736955332,-0.40324889927826657,0.4184758221631233
Btg1,-0.024001313335412,-0.2666118153959225,0.14147581881864113
Btg2,-2.0087673354191087,-1.867540397319829,0.010596275233580421
Btg3,0.44751389213133574,0.47513984312260504,-0.04296907268477135
Btn1a1,-0.12189560838508659,0.6901008277647567,-1.922659136711911
Btrc,-0.08638182055920662,-0.29050197856760107,0.33123891198759914
Bub1,1.038174025120326,0.346883345379454,1.145994445260281
Bub1b,0.6154855402275636,-0.18543793501812633,1.0112332541900901
Bub3,0.4152114377053788,0.09829824271794418,0.1634639965135749
Bud13,0.7391124734171242,0.04151562940553344,0.18267536461132483
Bud23,-0.35723433378189373,-0.12795072561989684,0.671736600846919
Bud31,0.9853156160776742,-0.6162359171093774,0.35591011308093545
Bvht,1.4469491212671732,-0.23483865379464924,1.523932227346308
Bysl,0.49493582136106795,0.7194355911052099,0.18843153898677745
Bzw1,0.24281740685017006,0.0247948728810492,-0.3139063581306525
Bzw2,-0.04060887361718901,-0.20299257448214902,-0.1087816502931167
C030006K11Rik,0.29620702164522994,0.11771751853620627,-0.419533499104793
C030015A19Rik,0.043370243106307216,0.053450507866873886,0.5015575974503574
C030037D09Rik,0.05926681793688271,0.37777264933811683,-0.12769583846770338
C130013H08Rik,0.1933301148907255,-0.20832475933114303,0.6706583189301817
C130036L24Rik,0.574210406502163,0.23248823348493586,1.018948030545872
C130074G19Rik,-1.5055621840700004,-1.028309168957752,-1.3888870217766316
C130083M11Rik,-0.031423884553258064,-0.21177300449148007,0.04807359852760712
C1d,-0.37990042067237084,-0.2497482920987819,-0.007315606431113508
C1galt1,-0.14213912702602993,0.9859629336118427,-1.40534309772986
C1galt1c1,-0.5555389554011989,-0.6842853637325392,-0.4331672547347738
C1qbp,-0.11462207442542649,-0.020160046649392527,0.2368972167042589
C1qtnf1,1.1206588417077772,-0.6779499309832067,3.530071856907206
C1qtnf12,-0.8883752827233403,-1.2157070502069236,0.005334725750295033
C1qtnf6,2.648578894720263,-0.023393628948020443,2.7950748587614767
C1ra,-0.9261646951547173,-0.6189949070807297,-1.000472762404601
C1rl,-0.7487193329483564,-0.9711691313598981,-1.2277527895920937
C1s1,0.7654187243466237,-0.1444908776771579,0.1362716654829752
C2,-0.788507182417869,0.40124434852573876,-1.5409371595791388
C230013L11Rik,0.4041862854374318,-0.06848546739833783,0.18410005512213445
C230014O12Rik,-0.002481915716384231,-0.7674672075841691,-0.08482860391530125
C230035I16Rik,-0.2061303721629857,-0.31562741891325086,-0.022193746867989805
C230062I16Rik,-0.20776875117533544,-0.47293576322025976,0.2555066898511334
C230096K16Rik,-0.2629625023906083,-0.03370233745338669,0.34368367658013443
C2cd2,0.20702922784871047,-0.12047433429368803,-0.4053740775752681
C2cd2l,0.0037354999141028244,0.479995585667651,-0.057129118603511664
C2cd3,-0.46624208919272814,-0.13699610072603363,-0.359844441865913
C2cd4a,-0.015606458692237757,0.8045827599866521,-0.050027594944903275
C2cd4c,-1.5172393154318982,-0.03808999400104773,-2.393694015177363
C2cd5,-0.045612404131331274,-0.09281153192370617,-0.09064499873743515
C3,0.4212810889166594,0.1977433753187694,1.6052355990909448
C330011M18Rik,0.13131669489165243,-0.017468086689826468,0.05144207380306759
C330013E15Rik,-0.16012097350013582,-0.2102229660040279,-0.03172564122769794
C330018D20Rik,-0.861830276976046,-0.3718397220378704,-0.4193615231372134
C3ar1,0.8998103563384827,1.1861354619368754,0.8452922833644617
C430042M11Rik,-0.36253132929257825,-0.2408547203037228,-0.051484882406218735
C430049B03Rik,1.5702001526056428,-0.5580222955032321,2.5922721296133426
C4bp,-1.3626078183490575,-1.0064295172077697,-0.7631043083199018
C630043F03Rik,0.04255759679770632,-0.0034469632122242633,0.8718492740582642
C730027H18Rik,-2.2162156885590694,-2.111008000527224,-1.417642347783021
C77080,-0.6508648435805666,0.361046297124453,0.05861442176874121
C79130,-1.0808832297320583,-0.4952063720894533,-0.6404389227540996
C87436,-0.1347561154934609,-0.43722964503128736,-0.5773755782327448
C8g,0.10378294631794982,0.19212608500406758,-0.2079368335605023
C9,-2.9494191133734295,0.725723131872531,0.04487105595436479
C920006O11Rik,-0.2190421493558573,-0.009987868246066789,-0.7990035159505662
C9orf72,0.5507582060701539,-0.05517314085298608,-0.22596566767635728
Caap1,0.052030080338493434,-0.2431837893691866,0.5450784363713148
Cab39,-0.004604082363876216,-0.05782962753511178,-0.523885339973698
Cab39l,-0.3413096166023708,-0.13526351584639507,-1.0422036953403664
Cabin1,-0.15586038947706626,-0.09389847029680798,0.4983350269732938
Cables1,-0.035955505180080505,-0.846810195530646,0.23689425717848023
Cables2,0.07208237258373096,0.42104660132675953,0.2186571089961724
Cabp1,0.15090615835755894,-0.2037238987650961,0.5878148188316366
Cacfd1,-0.17008231285797493,-0.3890777140981365,-0.3070806004818687
Cachd1,-0.3523554475611057,-0.4351269512191962,-0.45503762814250104
Cacna1a,-0.05723812711192178,-1.0300257713508545,0.6435425194371218
Cacna1g,0.4690356160323244,-0.11106655616673133,-0.09280016309359318
Cacna1h,0.0,0.0,-2.4163476080559363
Cacna2d1,0.5062189995349273,-0.3146135121671918,1.6917584568860398
Cacnb1,0.7307968183294373,-0.4362241513700691,0.841276278388853
Cacnb2,0.12357569749379049,0.23879383754690897,0.8229952623626571
Cacnb3,-0.18084222737971878,-0.8225673585313693,0.09203479888158217
Cactin,0.23785074908045623,0.056931784193185564,0.44649762511425717
Cacul1,-0.3368246399284951,-0.1536710177069125,-1.1029048721301784
Cacybp,0.7396870666875888,-0.07937167465876982,0.3605361261875295
Cad,0.21351673375174407,0.32347762063485597,0.2579437963911193
Cadm1,0.2231845046991685,-0.6432075181181389,-0.16177536636178225
Cadm4,1.6935911672693507,0.25875804646477185,-0.3420051501940917
Cage1,-0.0689240576734576,0.33967018518938824,-0.29119399348438935
Calcoco1,-0.9092041249741181,-1.6252422223747653,-0.013938632831063558
Calcrl,-0.05852850951939592,-0.7319607733720719,2.0946013110785637
Cald1,1.6581398583822224,0.41314814779411346,1.0676953118273778
Calhm2,1.152107164488941,-0.29608819059482483,0.09295758543966337
Calm1,0.558056284550986,-0.31710321715753587,-0.2584451538000643
Calm2,-0.188376677435512,-0.10136424639611974,-0.11318309181449315
Calm3,-0.16758590989465816,-0.3382920186586391,-0.019818506285387727
Calml4,-2.6012640141710786,-2.396081166786087,-1.3847922968056987
Calr,0.08379449672352202,-0.0198540433613541,0.46564574315619467
Calr3,-1.5524044907870413,-0.502855013967078,-1.6151633503727933
Calu,1.1182029357960932,0.20500617104084462,-0.483072438487147
Camk1,0.9851885399600846,0.1518415291028905,0.6962315277619613
Camk1d,-1.4528562827307607,0.19381060192516397,-0.7496101942201951
Camk2b,-1.1520381920767155,-0.930190977452241,-1.225657549124374
Camk2d,-0.05499572286456811,-0.3520699323060974,-0.3955678778081513
Camk2g,0.7186173759196777,-0.01434340530895728,0.23783261528315158
Camk2n1,-1.1967575053227044,-0.9405329189607121,-0.4757113094687595
Camk2n2,1.055956698801713,1.3078809151177215,0.8974107570854972
Camkk1,1.2314277452386324,-0.12049714325866545,0.8735409449836175
Camkk2,0.8813605166478067,-0.29344422324310226,0.9946530527555426
Camkmt,0.197982321278106,-0.43755763130730596,0.6287165711284981
Caml,-0.008578201332640756,-0.23792683000866788,-0.5311527082320815
Camsap1,0.4630167897094717,0.4138927143450619,0.4578902514664769
Camsap2,0.7667561648358419,0.707851332645201,-0.34817714602930483
Camsap3,-2.6603533349051065,-0.11707107162526897,-2.579030866930345
Camta1,0.5140690082945198,-0.3068983254893882,0.7841282092891255
Camta2,0.06854012717110791,0.12078034322878395,-0.014326242676915513
Cand1,0.1283484860192834,0.0920298744352177,-0.33555507037532895
Cand2,3.289918664964098,-0.7408134999246977,1.2317871942536636
Cant1,-0.5784670357445449,0.14324797789502153,-0.6765515698770912
Canx,0.30386069290755735,0.13415957158631997,-0.44452035307285875
Cap1,0.268198960740909,0.5753729988964116,0.328098333163771
Capg,-1.7893723118563516,0.27185559342732013,-0.4391909184886469
Capn1,-0.34059929784870224,-0.32709394932283953,-0.03393425247301263
Capn10,0.19067270320434648,-0.3535680377481918,0.4651366768122771
Capn13,-0.9311736777343731,-0.18382733413849717,-0.34856527937321724
Capn15,0.2886855338378256,0.3704826738418667,0.5101849842768305
Capn2,0.3123550466585234,-0.18535255814925922,0.38464450517235704
Capn5,-1.0893050685126466,-0.2540630728377753,-0.748344795935922
Capn6,0.2122763879853985,0.10877888054456086,0.061520889041824435
Capn7,-0.25666778794166234,0.032787741970487616,-0.7324801085254826
Capns1,-0.324481737389096,0.05611660281403985,0.0618899111949851
Caprin1,0.17985348949170543,0.06869649881917894,-0.16680885755858554
Caprin2,0.6129632537840664,0.2166811533719062,0.17429010946706613
Capza1,0.04626904356734318,-0.1664578743665297,-0.48070317679080077
Capza2,0.6115135858969332,0.4668140317011851,-0.4959801828740096
Capzb,-0.09596276486061761,0.1850791270061709,-0.0056303631569321055
Car12,-0.4298899116122691,-0.2979097981389751,0.13451975167353147
Car13,-0.3644842790771472,0.1760493673623751,-0.06845717399238982
Car14,1.4841902175233785,-0.17320844982275585,0.4172082533535587
Car2,-1.5470902592068727,-0.3021066577809499,-0.6971943508806282
Car5b,-0.5187309562931173,-0.980902238241526,0.3591211604216138
Car6,0.1335517181444582,0.06005192390780796,0.548318955292924
Car7,0.16431714860842694,0.13482533307105715,-0.1389559298174502
Car8,-2.6601265041519335,-0.7478759299529933,1.3830044995746165
Car9,0.8034738839455506,0.7095269165773694,-0.6235845471924168
Card10,-0.5251513979529809,-0.5383327578038468,-0.04544128312906892
Card14,-0.5579681463647803,0.39987598659163814,-0.9333295648480852
Card19,-0.5026286083284948,0.016339698768288002,0.20509992943313726
Card6,-0.1747670922525586,-0.08365904987550543,-0.018827579990926768
Carf,0.2895462585533277,-0.30465730239129174,-0.005676714392202964
Carhsp1,-0.357623622310526,-0.36427745329471595,-0.05148161604204482
Carm1,0.9980616460478977,0.24022112063372525,-0.3834262452110453
Carmil1,-0.4210813402146538,-0.06241343363525864,-0.506885117433729
Carmil2,0.5925730708918329,-0.03948884850330414,-0.08268580289650296
Carmil3,0.6569085842803559,0.0745855243617462,0.08946087080659737
Carnmt1,0.053228348531941805,0.07312833956288323,-0.40692147083196595
Cars,0.2953932874034848,0.16193872459263492,0.6674952577500308
Cars2,0.26301674217386406,-0.24518676555669616,0.693426496665297
Casc3,0.29397405985585934,0.20910013349343082,0.11713147485849529
Casd1,-0.4409155883824873,-1.5907671045638005,-0.26902793316796336
Cask,0.5356989972767003,-0.06562429203432085,-0.5327106774606847
Caskin1,0.09162387164927244,-0.161041968719288,0.3521248726991952
Caskin2,-0.14709101918753742,0.6137725940620662,-0.14137176361301407
Casp12,-0.5012724898468761,-1.2323415531900088,3.97077096255614
Casp2,0.48463866861183913,0.5795941674621403,-0.05732354938622297
Casp3,0.4331740757114799,0.047580118081761213,0.3674811125959163
Casp4,-1.500436445173317,-0.9753018774939632,2.984102872373999
Casp6,-0.6307828511690294,-1.387246186123337,0.2822635722479694
Casp7,0.1975296115677554,1.4085900000231004,0.5405674768317592
Casp8,0.4363117220693349,-0.1673936267619638,0.39203916017496354
Casp8ap2,0.5374060781173329,0.6957229203687447,0.09091112323250572
Casp9,0.11885548256601108,-0.2864661117408094,-0.2882552199339212
Cast,-0.16212507083491978,0.15698224746072142,-0.6326105992495945
Castor1,0.9187152001191288,-0.16449631991025315,0.30560184315896066
Castor2,-0.47290422490108375,-0.9562460047639942,0.3578442328023814
Casz1,-1.4323728366581632,1.8570007329969962,-1.773107908516252
Cat,-1.1185440452255202,-0.8598020423410313,-1.3444656088049687
Catsper2,0.4009333853996314,-0.1246970303621574,0.9551738459149678
Catsperd,0.29433656468493263,-0.2338377974337431,-0.2607588873647779
Cav1,1.3215069420121859,0.7091869380071385,0.8875259638770023
Cav2,0.01524137399629577,0.7369854444171589,-1.0871171025348367
Cavin1,0.22019764005826303,0.2903726294095854,-0.2416761682205113
Cavin2,-1.0779330934977471,-0.3451060469246521,-0.3539548012758429
Cavin3,1.2116888566356714,-0.3642502810521475,1.8051560176620907
Cbarp,1.5226129834043625,-0.18595996828399297,-0.08257456815275344
Cbfa2t2,0.5061735500953422,0.06186892810350386,0.491229134333806
Cbfa2t3,-2.846313139757909,0.10687314518578228,-0.21804668151303574
Cbfb,0.7257947712075872,0.1940161832621179,0.25106518097953767
Cbl,0.6273538688529312,0.40179322944549245,-0.26988585235597284
Cblb,-0.0015014936719941474,0.0751990193977754,-0.07032370616287675
Cblc,-2.5405473403576098,-1.095684581701303,-0.832332612681812
Cbll1,0.022870900551178686,-0.022999169485322213,-0.6414856882420299
Cbln3,-1.0780381964943722,-0.7058594585683282,-2.2196880857996883
Cbr1,-2.5173452284518962,-0.6344359139103535,-4.0962950502828495
Cbr2,0.13653182795385077,-0.042865535237465224,1.2268213694548704
Cbr3,-3.873517697792599,0.32084387252673174,-5.323179005410337
Cbr4,-0.1953719343844078,-0.6736471537991662,-0.3596268956979074
Cbs,3.4778844598703906,-0.6449074941361603,-1.8633308631900076
Cbx1,-0.03321792363375309,0.04211858624215026,0.22970727005455416
Cbx2,1.126384876651369,0.024779420199007696,0.8042512563098918
Cbx3,1.1121010874780808,0.2421070655880584,-0.33548212888754225
Cbx4,0.34300488234529425,0.27334603759347864,0.5652702342205433
Cbx5,0.584809378957388,-0.18708190615474507,0.11044088337924762
Cbx6,0.9812811372167101,-0.8112300462021791,1.138731300198434
Cbx7,-1.4446829566522363,-0.7999543558386506,0.2653277439783972
Cbx8,0.16520208290154592,-0.19508646145644182,0.5637330765333637
Cby1,0.10844778579223835,-0.548424101045299,0.8602577216200933
Cc2d1a,-0.18131256533562823,-0.08367724061927895,0.8743315752047636
Cc2d1b,-0.17782737553296357,0.04766299656470352,0.5392246872847704
Cc2d2a,0.25900890818192446,-0.34839473475565175,0.09549998622563827
Ccar1,-0.07726064190997661,0.15919437862488905,0.5278459127082309
Ccar2,0.3427461076221121,-0.03027667120786326,-0.3337022344103815
Ccbe1,1.7433612314538207,-0.5383065453466657,1.1833739741838085
Ccdc102a,-0.19515032880270233,-0.766831383715461,0.7413057290380642
Ccdc103,0.006344896567227698,-0.19409405109945194,0.12317402337556649
Ccdc107,-0.5196106959446789,-0.20634435919312555,0.5603584504181187
Ccdc112,0.5806875648184437,-0.44711672071252595,1.4508996129925147
Ccdc115,-0.044792312785145505,0.04699707472482473,-0.21193136334721174
Ccdc116,-0.08466374624719952,-0.5376484446617502,0.03782117447423647
Ccdc117,-0.14604090243072587,0.3559340621266438,-0.2937866763207486
Ccdc12,-0.9043401199282011,-0.8510369755682783,0.9858836944451346
Ccdc120,0.1283678858230699,-0.19056090705677953,0.15019526821835338
Ccdc122,0.32077603788931697,-0.6614436138179105,1.537361227369399
Ccdc124,0.23137143907241509,-0.3470972289044969,0.7066203901799959
Ccdc125,-0.006412235840702607,-0.5546590789064529,-0.7888025826254124
Ccdc126,-0.025623482504716577,0.27278949423478505,-0.6022221324434502
Ccdc127,0.2574378801512749,-0.07747670000671913,-0.443946942269414
Ccdc134,0.14171241089989994,-0.22647515131065665,0.6846261170896009
Ccdc136,3.4352674113410937,-0.9602726690101706,1.1221945215196376
Ccdc137,0.6068239420247341,0.41826200100437916,0.5147243904420815
Ccdc138,0.18562672866103336,-0.43345794805554294,0.29305515904021806
Ccdc14,0.06919232416371024,0.1974740561239532,0.3569571743637634
Ccdc141,-0.8597250454339851,0.5404728732224051,-0.6720645013076834
Ccdc148,-0.06693258366779037,-1.0409732346188214,-0.13149576550727615
Ccdc149,-0.722949163765038,-1.5142508290465382,0.22225346186289063
Ccdc15,0.7845398580098404,0.29820952975253223,0.0037184018244866834
Ccdc152,-0.8919093251057691,-0.28738890761296554,-0.8209942464203704
Ccdc157,0.14544644040954458,-0.2284366070565662,0.20378802488660064
Ccdc159,-0.3391559162070883,-0.8507098237138273,-0.28341336220769087
Ccdc162,-0.9473642662876551,-0.8141359080116062,-0.24339158204643008
Ccdc163,-0.5659283851203276,0.08054664365338438,0.35140271831096026
Ccdc166,0.7215578758225538,-1.2740342786562284,0.6140265903570177
Ccdc167,-0.20414887470311904,-0.27425462893436836,0.4967244595664997
Ccdc17,-0.3970276547866268,-0.4251167319065795,0.1185918947633553
Ccdc171,-0.7710090509394708,0.04061578247329689,0.27730422250536324
Ccdc174,0.608122447534952,0.3529640400772438,0.42463356890504933
Ccdc18,0.40895395570162596,-0.43440905400372576,1.4372043896373603
Ccdc180,-0.12493357052256016,-0.06318735559472644,0.38360528297204666
Ccdc181,0.10021997367144353,-0.39247019999050003,0.9124619769219753
Ccdc186,-0.1648706812561631,-0.09632755242088642,-0.08610704759763088
Ccdc191,-0.32141369594932456,0.08378057112495751,0.3763991959446904
Ccdc25,-0.3923392378776871,0.45777158182732514,-1.1713069755181804
Ccdc28a,-1.7841643461924581,-0.6884376762029318,-0.05941539772487303
Ccdc28b,-0.2218772355118569,-0.6800520224272553,0.4536202057832579
Ccdc3,-1.1110855322790112,-1.7150226461768803,2.770784007313828
Ccdc30,-0.13255178520401795,-1.3791409825188785,-0.0032430629690806956
Ccdc32,-0.5830295065020121,-0.21688681673000376,0.20026730406195625
Ccdc33,-0.20559181326476708,0.34662273060188015,-1.759112897983614
Ccdc34,-0.4176567769482924,-0.7688515433999816,0.6488352428304065
Ccdc39,0.2347606843128528,-0.5071435740281369,0.5356120208577698
Ccdc43,0.3716309979599677,0.2652789647545042,-0.09249689052087717
Ccdc47,-0.17086745580456686,0.013795016648116665,-0.3473695696252035
Ccdc50,-0.9601897572265452,-0.20565804016187617,-0.8647050862946299
Ccdc51,0.17837813205645237,-0.19465335954142793,0.6636066404490353
Ccdc57,0.1619528830622956,-0.07499008038753008,0.9861017014567952
Ccdc59,0.09577641173220908,-0.08003776845007149,0.3267052545035902
Ccdc6,0.20109418645475596,0.09106243196535768,-0.5385475222045626
Ccdc61,-0.15741772290654765,-0.27624456078086457,-0.03559244302037712
Ccdc65,0.4629781847777088,0.005842765275328121,0.23691579954407688
Ccdc66,0.4224413493343211,-0.2539820430801605,0.2866660630857516
Ccdc68,-0.5689841045048447,-0.33935238075660923,-1.6418931316249457
Ccdc71,-0.17338981097714967,-0.5438331380476624,0.16593110443245607
Ccdc71l,-0.2596491303844086,0.18969845015118025,-1.1716332482909828
Ccdc73,-0.4614611157194526,-0.28146775209550134,0.56450124302002
Ccdc74a,-0.3727938529314705,-0.2797528450738671,1.4600304406642861
Ccdc77,0.5844430201715656,-0.2327352745238791,0.4810020722474979
Ccdc80,1.4341044468256952,-0.7600052478253985,2.4249555723631233
Ccdc82,0.6095639901653889,0.10672882339973011,0.2671647523962992
Ccdc85b,-0.023635678776314784,-0.5690830336921282,0.6790262071781195
Ccdc85c,0.2536577829503539,0.15013552501299632,-0.9784836871048057
Ccdc86,0.12222280709196554,0.5064196151939964,0.12298881895074398
Ccdc88a,0.8873651631936985,0.09854596265762616,0.7128936013169023
Ccdc88b,-1.6782538391935828,0.08147574633440291,0.1503177117915733
Ccdc88c,-1.0860310807098212,-0.06714108354456538,-1.2415682653073055
Ccdc9,0.06986062972028773,0.07687894093070646,0.2816278321131733
Ccdc90b,-0.20481782869841814,-0.3847303345945554,0.05719446536612516
Ccdc91,-0.43862574198790405,0.1195652376453964,-0.45454244557438006
Ccdc92,-0.2044267902415502,-0.4579425351709814,0.29292208661284214
Ccdc93,-0.0436012829691137,-0.13789915072362735,-0.00021388412737444185
Ccdc97,0.016928716027135415,0.36176214503233695,-0.08970766345538728
Ccdc9b,-0.16276227593453996,0.5566838730498094,0.641638128650337
Cchcr1,0.8147721347817294,-0.09853382538631283,1.217260596284662
Cck,0.14675191707845348,0.0,1.1464829335132702
Ccl2,2.3653671356184596,0.08313734382999399,3.094602189565999
Ccl20,-3.1059007252316952,-0.4323262151827785,-2.461681040090689
Ccl25,0.6450932974017405,0.08268430071280264,0.9685686206378024
Ccl27a,-0.2106411258904699,0.06324747616497683,0.5408613651718164
Ccl5,2.2351932383878412,0.22262898356968988,2.4880155164975553
Ccl7,1.2403073832231064,0.0,1.5019223567714954
Ccl9,1.457049138353613,0.38240182627427055,2.079766789917514
Ccm2,0.3316137230131302,0.1146790031581979,0.7538306523478058
Ccn1,1.1992494919912362,0.1804302772715216,2.4763617342794912
Ccn2,0.5256496840705411,-0.8622195459849422,0.6580124883480281
Ccn3,1.223908635439126,-0.2766548275989761,0.6264118731299003
Ccn4,4.078698305990544,0.045764203216202205,5.061756780986881
Ccn5,0.4011671478119265,0.0,4.330678240462883
Ccna2,0.5854097407841259,-0.1312421704637874,0.7280186606628769
Ccnb1,0.8489077729043029,0.11065532004270828,0.3066685116936334
Ccnb1-ps,0.14710390805056028,0.16629778319272515,0.2993314814625848
Ccnb2,0.5824496408499655,-0.6597291282214774,0.978289108833664
Ccnc,-0.06236797504168923,0.18178177483608415,0.6351969557336647
Ccnd1,-0.4567416978515091,0.8255765493747838,-0.1576380904601251
Ccnd2,0.17721420102472596,-0.0867932331403285,-1.5430391724969423
Ccnd3,0.325100896374547,-0.2338749784931995,0.08136532557833309
Ccndbp1,-0.7421956279626638,-0.4208058489417503,-0.1795784179773916
Ccne1,0.6224922072196364,0.6391087206142254,1.3802603566266227
Ccne2,0.9747905485437465,0.6290875642903044,-0.29168630587162614
Ccnf,1.0004218678765069,0.3734730079781965,0.6011582463906322
Ccng1,-0.6274713773531735,-0.13162321527679222,-0.8061527214289992
Ccng2,-0.4078608436174198,-1.1424600171309898,-0.3165182815282437
Ccnh,0.25363803253726136,-0.35104175087823997,0.06995355464705444
Ccni,0.21978534589617027,-1.0564737654805478,-0.3717125817166842
Ccnj,0.57509624436921,0.23804800156894146,0.04086955629708022
Ccnk,0.1438380945007527,0.01622347123116885,-0.4849470753838512
Ccnl1,-0.1080510828471537,-0.2713593691086098,0.6643461812639604
Ccnl2,-0.08781531726068881,-0.33935440498936575,1.250156335143835
Ccnq,-0.05822272384654337,0.16173820890720592,0.45283083952938075
Ccnt1,0.06154974284270143,0.1411928109892342,-0.1716371963407175
Ccnt2,0.15122703094914414,0.03602526627111491,-0.24297157490287002
Ccny,0.43741127933265833,-0.03037423865646538,-0.5780474803575455
Ccnyl1,-0.09733706219965388,0.19570178427242801,0.3218956478774264
Ccp110,0.6626871075368337,0.5648921004650882,0.7673485096522039
Ccrl2,-0.9816542127146927,0.38296933364732677,-0.06351468199755761
Ccs,-0.7730147836714485,-0.6496927794580927,-0.04808014756446255
Ccsap,1.1585007948093198,0.43855244206569033,0.5958413844019872
Ccser2,0.3277121512930279,-0.15201562096849663,-0.3286352024119079
Cct2,0.15656155168410635,-0.04333402727515434,-0.0540860483135468
Cct3,0.06070469539311674,-0.17731016426069246,0.15767652809181776
Cct4,0.39969717767407786,0.3202938470826133,-0.1819580755926662
Cct5,0.327508858210491,-0.09341217467702734,-0.24061203285521415
Cct6a,0.29428073924850473,-0.23309566911508384,0.4093790360261309
Cct7,0.8746897665369051,0.5616679765282768,0.022020272760329362
Cct8,-0.1967302076168167,0.10413248246870488,0.06641700037339326
Ccz1,1.042010369758665,-0.6772925602031252,0.10354435481061319
Cd109,4.799694921758129,0.16382400965406463,3.192968405990662
Cd14,-1.1941261552199833,-1.6231865799587348,-0.577206020915054
Cd151,0.575272493595949,0.27408138517055836,0.0038780937948175165
Cd164,-0.22305447158003222,-0.19027372986676028,-0.9836833332621859
Cd209d,0.23145009189237753,3.3402517176919826,-0.03155636247512021
Cd209e,-1.2330754823078498,1.6563976801566542,0.0
Cd248,0.9126637367975166,-0.09712130129984772,2.529655464599914
Cd24a,-1.1017473545118346,0.34767132948087465,-1.4470819375765673
Cd274,-0.9004840744777034,-0.22490018449439209,-0.23396290909905892
Cd276,1.088075693403411,-0.7876670840579321,0.6683065311664782
Cd2ap,-0.8487880844324449,-0.25023959294369646,-0.9058798844679359
Cd2bp2,0.08962609578507141,0.14889211078380793,0.33004314306593585
Cd300lb,2.698466715115304,0.0,3.7427936370602986
Cd302,0.08920742728014464,-0.781292058536286,-0.14267474683366776
Cd320,0.09038017648128438,-0.50940363317142,0.42875072029934724
Cd34,-0.8448692734938746,-0.0546352739480373,4.180094239490548
Cd38,-3.53099814687525,-1.1569664587768642,-1.4898876845190154
Cd44,1.3927429582085074,0.9034395375440738,0.5208386058782999
Cd47,-0.20933359597021894,-0.39140975129186817,0.8747341851330388
Cd53,-1.0268958115249411,0.7417602426732897,1.4856349020061916
Cd55,-2.1027944182045752,1.1009716733904789,-0.813169622626627
Cd63,-0.20027230752687863,0.0707089856898655,-0.40934429266834016
Cd63-ps,-0.393494248821471,-0.0337929811029718,-0.26249898585092524
Cd68,-0.20987675284210328,-0.09041326634905689,-0.2881845181111746
Cd81,0.06903365714172693,-0.775948959732446,0.09747344707723826
Cd82,-0.9166823117569249,-0.6781794746176351,0.4951336098215249
Cd9,0.1850148839236585,0.11875034659972705,-0.7194360800964255
Cd93,0.32492855423601663,0.028748778873072926,1.953558791049152
Cd99l2,-0.24508420814231613,-0.6999120511559571,0.013089041614373187
Cda,2.3746047860837556,-0.6232468599162138,1.3698747969154494
Cdadc1,-0.6192520734605904,-0.03615994520102639,-0.9338999399090389
Cdan1,0.6711237555217124,-0.002402142868550783,0.8551348959115423
Cdc123,0.04888867076523429,-0.1426987404151081,0.3182464148038422
Cdc14a,-0.6647686430353823,-0.319756272632552,-0.2373093345294066
Cdc14b,0.08486987463010331,0.2317316124304063,-0.5317957931022175
Cdc16,0.7101842225328756,0.16255606809111445,0.26206440130989694
Cdc20,0.32800768010154613,0.0019369535021098727,1.0011208142990196
Cdc23,0.2566904812574382,0.07777466342432238,-0.7216075258541155
Cdc25a,0.47750192523961044,0.50868042848378,-0.1443687400538387
Cdc25b,0.7790837545503795,0.13632030430264575,1.1042951310922051
Cdc25c,0.6574224171769574,-0.2216772230633577,0.7652900174663322
Cdc26,0.12639085373092307,-0.07411940229247094,0.3961110786325035
Cdc27,-0.027270236148524418,0.4271043113428954,-0.007880364126287454
Cdc34,0.10560149719570955,0.16569049739390085,0.5324417333785796
Cdc37,0.38916366908990696,-0.27783082012248705,0.06781848674071611
Cdc37l1,0.1306654157581164,0.11524849302831974,-0.18564387538697869
Cdc40,-0.4854635230586952,-0.20770098826023453,-0.07203731273180214
Cdc42,0.22409491987601626,-0.08336341492523758,0.21563802943784083
Cdc42bpa,0.3094292495237001,0.3433679891023358,0.2972991679416346
Cdc42bpb,-0.07572555805940162,0.33492481557096365,-0.8204451751183219
Cdc42bpg,-0.7921112068782117,-0.06137197817299711,-0.7271700722895211
Cdc42ep1,1.3052840093462192,0.0022283259475299744,0.7971309941292137
Cdc42ep2,-1.535120956319946,-0.6515844559418262,-0.9484176455045841
Cdc42ep3,0.3035290025651767,0.5520862097094512,1.3304170007202556
Cdc42ep4,-0.42983841238763176,-0.09014431274735113,0.14882939769580172
Cdc42ep5,-1.7446316374612714,-0.43553689462142486,-1.0341161236572525
Cdc42se1,-0.19311075673489597,-0.409325133089685,-0.30222828861389583
Cdc42se2,-1.4008942314761716,-0.10667267527832891,-0.753121954724997
Cdc45,0.19131947934514937,0.15129843267384846,1.7661899929406841
Cdc5l,0.6212365969772433,0.28814959668767504,0.16248370743705198
Cdc6,0.9394168828439993,0.7565574308862821,0.3330896902216729
Cdc7,0.7994954164043975,0.024169304766488597,1.2640784921845432
Cdc73,0.24300760408071564,-0.01171323961978743,-0.1274577399362231
Cdca2,1.0211301327948483,0.3365588006485476,0.6480721507881153
Cdca3,0.8304221928862443,-0.216266609818768,1.3085877054085442
Cdca4,0.9588738512295549,0.17599345651528697,0.22119613209499533
Cdca5,0.4463974985698842,0.14503302585540112,0.344960854741442
Cdca7,0.8725186274681178,0.16216347636575357,0.9213428459734772
Cdca7l,0.6835691631638081,-0.030120535475224752,9.867682474951067e-05
Cdca8,0.5913326678695778,0.067381224154488,1.6080710712451909
Cdcp1,-1.0094460223211348,-0.4878768005605858,-0.027129849856025914
Cdh1,-1.9883507377515057,0.09772622541186315,-2.349703367508461
Cdh10,-0.35000554818673857,0.027138141942506966,0.6501897165948394
Cdh13,-1.194976664902951,-0.25931897412906313,-0.5062371997115793
Cdh16,0.04851074095614742,0.5495899988122562,-2.2038983670228864
Cdh17,-1.6019576783546254,-0.1690363193720561,-1.5358261633671981
Cdh2,1.0439138082155708,0.28906606180815686,-0.22566420922772057
Cdh24,0.9934751389975767,-0.20190844872200442,0.6994431657313249
Cdh3,-1.5620973426569273,-1.2417610495908364,0.538896482097659
Cdh5,-0.503776244317607,5.511171460326211,-0.01414725301612807
Cdh6,0.6705109141177701,1.0357936037532491,-2.208359575930635
Cdhr1,0.7895178205905949,-0.7627575889074075,0.09140594220728616
Cdhr2,-2.5158644632071163,-0.3556466603734929,-1.9003711914836616
Cdhr5,-3.837360896407335,-1.0034694637408315,1.748060483670646
Cdin1,0.14224292219567403,-0.06301187115498941,0.5675692814247721
Cdip1,-0.7787746708941903,-0.44730971042777945,0.32377014890933253
Cdipt,-0.8943338014866216,0.30343443536153636,-0.7106142169074516
Cdk1,0.5727553247220305,-0.26434689038805725,0.9122236241747785
Cdk10,0.05984565431579103,-0.19341436753133356,0.5931399883958246
Cdk11b,-0.04596343679445791,0.01775619401123052,0.35121260183526104
Cdk12,0.24798103511724623,0.5769109564864223,-0.40324970991194675
Cdk13,0.21507556860985044,0.19368305809427522,-0.41858257946556066
Cdk14,4.145722691862412,1.293950141345118,2.2880922573532017
Cdk16,0.19994034515644454,-0.4997551953834476,0.41608210410853896
Cdk17,-0.01649002558353807,0.4059986849357493,0.25106613776118536
Cdk18,-0.13399554901771005,0.17469679538378635,-0.040724955925004025
Cdk19,-0.16991900871447996,-0.09885187612191615,-0.4312850569236808
Cdk2,0.22552906637083314,0.0930479543283802,0.2351687234800064
Cdk20,0.6972289515463155,0.1133879489112335,1.2902071496266805
Cdk2ap1,1.0589238024553476,-0.4936530520376605,0.4733897594171177
Cdk2ap1rt,0.26501010285590676,-0.0724866014196025,0.4654238297109152
Cdk2ap2,0.13731025582094425,-0.7901078570285804,0.07023946494381317
Cdk3,-0.5660075682821595,0.3405269219473186,-0.3698965649921879
Cdk4,0.3203194940428933,-0.48749505900874723,0.6467452891485355
Cdk5,-0.6776881407787991,-0.99686894481568,0.8195092024611146
Cdk5r1,0.9417707534182477,0.14643294281184294,1.4507787726788082
Cdk5rap1,-0.2540362760737267,0.09528077247794009,0.23524707867516614
Cdk5rap2,0.595024915862508,0.23151998920610506,1.2994460477976029
Cdk5rap3,-0.3058296630088302,-0.1527146226697882,-0.14707004232991672
Cdk6,2.140840531705895,3.628462166897953,0.24131731882078356
Cdk7,0.07104665236226015,-0.09442246648495711,-0.20997216498035964
Cdk8,1.0316583976986369,-0.329251649543572,-0.23294374889939196
Cdk9,0.22836072481175407,-0.09917746798356841,0.6528151042598394
Cdkal1,0.07137922784055695,-0.19790102350922867,-0.3742315519474455
Cdkl1,-1.312306798837646,-0.7708409445100856,-0.3648362415189718
Cdkl2,-0.33004705146299074,-0.31789922408457727,-0.7765568778299046
Cdkl3,0.4568803232583376,0.09466619396606113,0.637659324652239
Cdkl5,-0.19435104748195364,-0.3685840240506266,-0.7731358386929461
Cdkn1a,0.9896857113873585,1.5952244274943879,-0.5372096040732837
Cdkn1b,0.87199614992607,0.3738969423611609,-0.8475741232078446
Cdkn2a,0.12304988411342066,-0.7327576119657486,0.0
Cdkn2aip,0.5714887291866888,0.11165507597687307,0.32112734307019064
Cdkn2aipnl,0.11975139653534228,0.31883150828492823,0.4987977047565959
Cdkn2b,-0.5789469178346938,-1.3293038001727746,0.0
Cdkn2c,0.8551808566234946,0.327392364802634,1.0012825058610062
Cdkn2d,0.9385384492117037,-0.18831683967213309,1.1061709382909157
Cdkn3,0.49854331281284914,-0.09891737229251518,0.8502950591640372
Cdnf,-0.017902610753894987,0.054899221175167656,0.16376698138405898
Cdon,1.0149195212605546,-0.05048237699130542,0.20205321542730337
Cdpf1,-0.0056306391741571815,-0.42180275363349073,0.1791845143816384
Cdr2,0.577595642679734,0.5443359404088959,-0.2780087509852942
Cdr2l,0.9962953935574337,0.13896882295957003,1.301358218763757
Cds1,-1.351904991292877,0.0,0.0
Cds2,0.014321211567395409,0.14772918779484367,-0.21241268653397594
Cdsn,0.3514727894332359,-0.1936928773143647,1.9977905993996177
Cdt1,1.1465794130131446,0.6247423447828764,1.2935761225987825
Cdv3,0.4519318830677195,0.3796489234607625,-0.12101912008778282
Cdv3-ps,0.30496273415514774,0.40983226791506466,-0.6821473166389629
Cdx2,-1.3444821999412344,-0.5657820665398212,-0.3492087480049384
Cdyl,0.5170474329213319,0.1286757904789031,-0.448282680609668
Cdyl2,1.1159431680390386,0.02631763641212818,1.0726668096418863
Ceacam1,-3.7778573126278436,1.2035216156351005,-1.2594572509945845
Ceacam18,-3.6111721975716398,-3.030253729685738,0.11700078200296106
Cebpa,-1.9787920421904492,-1.8955074289107792,-0.9198958999577314
Cebpb,-0.031026833102984597,-0.014759682788265671,0.9911309774610961
Cebpd,-0.9544646580727889,-0.9165859912951766,2.1313915988793304
Cebpg,-0.21269088270711034,-0.08480340159069044,0.3095055080699378
Cebpz,0.32952806081021446,0.5845812395199284,0.10499240120322906
Cebpzos,0.22298668655477116,-0.525712307721133,0.6319165798198725
Cela1,2.4118817785370106,0.40970247890668077,0.3994143278601361
Celf1,0.8101773068554428,1.0819476997708106,-0.8456762364808839
Celf2,-1.6714919718799894,0.3400979052557638,0.6231320927552177
Celf4,-0.6521834664911337,-1.3273709301880485,-2.222395594613704
Celf5,0.189852792183644,0.27197751376339957,-0.46399560264794504
Celsr1,-1.7361387454526431,-0.336708442777768,-1.8890173887745583
Celsr2,0.1928025303308824,-2.541840994875561,-0.17023438494713217
Cemip,-1.6049171007773508,2.6960576065764768,-1.3337099942080206
Cemip2,-0.04475850624929123,0.44725372447312317,-0.4073729876838774
Cenatac,0.03807503913771715,-0.0398596086667955,0.8197792419064127
Cenpa,0.690090943285349,-0.2979980623806595,1.2138313377411478
Cenpb,0.38027113717093286,0.29368451521097594,0.4891979142243503
Cenpc1,0.1818059676948467,-0.4850548090180178,0.420652419413563
Cenpe,0.6372009865161123,-0.18206197965327586,1.5169442896561591
Cenpf,1.0137756527891115,-0.3194070602353154,1.1680641229799242
Cenph,0.9952399590771583,-0.022246981596292237,0.8198537630706428
Cenpi,0.9986770684889845,-0.020919592015831157,1.2765788883389435
Cenpj,0.6765468681298938,0.41712234983617247,0.07521505137802897
Cenpk,1.0463018634998251,-0.7008807759305005,1.4714829972958103
Cenpl,0.4400661704462112,-0.31669509655728145,0.6986934558917928
Cenpm,0.929919282983271,-0.9263953291700195,1.9040394798130222
Cenpn,1.106035927803779,0.4589074764444643,1.8942821725955028
Cenpo,0.14521695914811117,0.269250580901808,-0.2855290806743538
Cenpp,0.5793296563214831,-0.4457573480264405,0.5412035036539191
Cenpq,0.570910729242609,0.0992550197740103,1.1557664421896106
Cenps,0.6490925747222254,0.44195537254520234,1.519844757914796
Cenpt,0.26859499418577926,-0.053390716473568745,0.9462004377621245
Cenpu,0.8623885538216718,0.289293184674726,1.1077813045943754
Cenpv,-0.3411556688480566,-0.3513283427458642,0.5461700613844584
Cenpw,0.417041836100279,-0.33865324736070335,1.2080829147773682
Cenpx,-0.5043353814646814,-0.1410669892761396,0.6257986709368315
Cep104,0.7698642339537756,0.6368536335130415,0.2701563412520116
Cep112,0.8096309917075779,-1.3306042966572424,1.551369877099956
Cep120,0.12473896627178327,-0.04308779581030375,-0.5927205990675537
Cep126,1.4145196457532014,-0.008820582294348872,0.4357691859787848
Cep128,0.4161475515456807,0.2197424004931845,0.5752821177981091
Cep131,0.4654625034831197,-0.678271796301801,0.9053547426471198
Cep135,0.2563059994329624,0.08725875908293901,0.9968441300309134
Cep15,-0.533800909825263,-1.2455179960688687,0.8631731501592754
Cep152,0.6460146902459414,0.569512017509811,0.9113933029869075
Cep162,0.4050885812101108,0.001357817579881626,1.4793903475768113
Cep164,-0.17637626733681522,-0.23571923730608724,0.17507151034217205
Cep170,1.146938797025431,0.28789778990058235,0.04650396809446633
Cep170b,-0.27411314386956853,0.5549223789699811,-1.379572105876126
Cep19,-0.8562913356055115,-0.4799292820789658,-0.39018401918563494
Cep192,0.5145652899370603,0.10228758122407644,-0.172559258671801
Cep20,-0.8982660265702869,-0.41547722111195107,0.048682703249736115
Cep250,0.5818191501913166,-0.1513953770353753,1.3745556718057603
Cep290,0.2602541270709291,0.048505722815121555,-0.5048512347220502
Cep295,0.8295998798387125,0.3007858799907477,0.9146956033448768
Cep295nl,-0.5186981226059881,-0.4605691427240405,0.18362481652492446
Cep350,-0.6576541116065613,-0.2125522957042918,-0.7303846958484588
Cep41,0.7630282348468063,0.2760445009288923,0.23725887305162452
Cep43,-0.28082571917099663,-0.27916728484633424,-0.1386875141235917
Cep44,-0.08455762773238718,-0.29191052948966023,0.43741540581832883
Cep55,0.31930761609506497,0.416024648615684,0.40827419099532314
Cep57,0.39138720223128587,0.08636624908224988,0.1098345391887694
Cep57l1,0.19726416730546426,-0.6138427970135507,0.5982581001059066
Cep63,0.48198209434209494,-0.05994644783712699,0.7298572001566086
Cep68,0.18554548509203883,-0.11017368293653629,0.12427837472434344
Cep70,-0.20473028202486354,-0.6038932793132545,1.020516392859184
Cep72,0.5831282685196941,-0.4490064027125562,0.4477538348617105
Cep76,0.11430853986464928,0.10984168468549704,-0.696313951362995
Cep78,0.5959057547047699,-0.4894343061380102,0.08889369450597906
Cep83,0.525888457477989,0.14705710742599898,0.2791893200700457
Cep83os,0.3732993891019756,-0.2821919537803448,0.7674684370267704
Cep85,-0.46967014126863305,0.22941841758841441,1.0312527878996374
Cep85l,0.7331910167441864,-0.6075067118804596,0.855007866512705
Cep89,0.24686467065644901,0.27147584493746724,1.111591740269036
Cep95,0.08419299031496941,-0.2587680712199889,0.7885691890190607
Cep97,-0.4072775175485752,-0.2531720772954593,0.8092830380506926
Cept1,-1.0263377201640909,-0.6351140001724547,-0.8012121777826424
Cercam,0.7295789310474325,-0.4123564314500733,0.1343161763385181
Cerk,-0.501691002904594,0.24166531309231676,1.3860120710010473
Cers2,-0.18902126175542744,-0.21282337086330827,-0.23769084087661696
Cers4,-0.2184707463020299,-0.773367995255339,0.09140594220728616
Cers5,0.4256963671371947,-0.22521450221877615,-0.31239598774003596
Cers6,-0.3549101905671188,-0.26116328405640576,0.06173175088744781
Cert1,-0.25657641253092933,0.4462575110527496,-1.0275017786480376
Ces1g,-0.5147421289866921,0.8999786006908551,2.4003605040817027
Ces2a,-1.1461760400926952,0.2521834834352254,-4.024790577611316
Ces2c,-3.7399760390348655,1.2696265417616315,-4.374951498707724
Ces2g,-2.0900676429374085,5.356283821105653,-3.9307868562294543
Cetn2,0.27270394696514,-1.0357835191237683,-0.09018621771398383
Cetn3,0.22729792818977046,-0.35566818621407226,0.24760794400089559
Cetn4,0.5636612288789971,-0.4454750185753397,1.8523862815490282
Cfap119,0.021603823201207017,-0.08623178463795877,0.12445899249285741
Cfap126,-0.607114456518399,-0.3749968745288671,0.6019267445801832
Cfap157,-0.48211654479821053,0.5344077525795965,-0.06732162799620811
Cfap20,0.2227058570486431,-0.375554915828638,0.5201078593270472
Cfap20dc,-0.5191008813277554,-0.8714770130170026,-0.7138733140506464
Cfap210,0.2837986562129314,-0.1265050527096626,0.3726822049658616
Cfap298,-0.5063447727420529,0.17039333856601413,0.22065977286212224
Cfap300,1.125948669015561,-0.43039545645662136,0.2924357795221446
Cfap36,0.22830409332706925,-0.41033289603085255,1.0862908510452298
Cfap410,-1.1682171322885773,-1.0973582344803003,0.27946973997483804
Cfap418,0.5701291159453987,-0.6631217507779978,0.17872283055747928
Cfap43,-0.04060646801598944,-0.4149749191888863,0.2787396100772641
Cfap45,0.28874006657076845,0.6361759143422645,2.672334667780078
Cfap68,-0.3209662666526596,-0.338542147754306,-0.18552824162881265
Cfap69,1.273304103824508,1.1430626276152607,-0.6375675577598741
Cfap97,0.17959601206914932,-0.16411398419135104,-0.10560347101209899
Cfb,-1.4942104743360543,-0.07756172690938767,-1.4489775020392928
Cfdp1,0.18913338903775934,-0.20507567464599674,0.7775782146587096
Cfh,0.17366571169088266,1.2739783884051339,1.8678426283479697
Cfi,-0.3256529455573536,-0.5149701834562516,-2.7333116820859757
Cfl1,0.17412712192661672,-0.11841883966352107,0.4993258301549357
Cfl2,-0.2643427004320502,-0.5630709473781579,-0.5368261940763341
Cflar,-0.14297660774245458,0.6087374875623617,0.2678474286828427
Cfp,0.14448325275348162,-0.7443610860216078,1.3250826980716617
Cftr,-2.189630244306788,0.3839426348014727,0.10410305643220241
Cgas,1.1823704140743432,0.2101367454034312,-0.03314155278139719
Cggbp1,-0.3788059654667233,-0.036204242974022804,-0.1663612095218232
Cgn,-1.3975623326307645,-0.3848843130712787,-1.2639990606333198
Cgnl1,-1.105100244287864,-0.14608676041145952,-0.8913806307117058
Cgref1,-1.8574880851029416,0.021545285385665913,-0.7829072349597643
Cgrrf1,0.35492123856924174,-0.018068248982022972,-0.054130649246749485
Chac1,-0.018302446801855332,-0.883604286835252,0.2485815303113741
Chac2,-0.9189410560604387,-0.21229691483623014,0.11661716468639494
Chadl,-0.17808973258788097,-0.6639711752957259,-0.8375709562808664
Chaf1a,0.9687499605915697,0.45979597219629476,0.5384723635279078
Chaf1b,-0.13735908816532127,0.06055499688512267,1.2739507649469548
Champ1,0.17770217641298292,0.3906516592551359,0.2645352055202306
Chaserr,-0.09931645029806457,-0.44728351394750554,1.0084843951725317
Chchd1,0.37470582035383426,0.2893313886973896,-0.1362631123227933
Chchd10,-1.7552450095698977,-0.2945916107481893,-0.7273317084345592
Chchd2,-0.450676584027077,-0.5017725044831458,0.07355645585954385
Chchd2-ps,-0.3133376161311674,-0.2930593252217205,0.11772695462033322
Chchd3,0.4994273315955349,0.07088075280142281,-0.24922572995594727
Chchd4,0.26694512302590034,0.7639077811399995,-0.08305345366841621
Chchd5,-0.569417121206591,-0.5676441210956846,0.19131556889862722
Chchd6,0.5725552930775315,-0.8209842438425357,0.6686062160285058
Chchd7,-0.025792926360388435,-0.4140136236466292,0.7745831271243926
Chd1,0.7961554455997586,0.7106394038171553,-0.269936190001685
Chd1l,-0.34307633379683544,-0.21252482334736378,0.20846641563608959
Chd2,0.059529128580425805,-0.35673272339729056,0.1061424068654242
Chd3,0.4436016689823665,-0.09686425710570923,-0.18423499210465888
Chd4,0.39579194716926835,0.21263821808339856,-0.3927959529161118
Chd5,1.513154330569202,0.8376171166581681,0.4897491423955622
Chd6,0.13765120728849034,-0.5370901135676358,0.3525271130291916
Chd7,0.4915722445123185,0.562478833963989,0.3311505870780027
Chd8,0.20326538727327215,0.43281604003932816,-0.38700741582193743
Chd9,0.36972890576095896,-0.3442512109401519,-0.5500312529342728
Chek1,0.8802324596088571,0.31887709392928354,0.6680549026768738
Chek2,-0.6942481962069689,-0.6719217591727267,0.27789749388074725
Cherp,0.2803969931476207,0.5519507380023487,-0.2853411571948632
Chfr,-0.8359269326894583,-0.45224481756016033,-0.08876557342707159
Chic1,-0.20208043810652665,-1.2441286579003257,1.2752542518673398
Chic2,-0.046969599212483004,0.4507393705591589,0.24686239926032982
Chid1,-0.4793740906580908,0.013683140977907016,0.414266624285343
Chka,-1.5023965793853966,-0.5710830409795093,-0.5717254921992598
Chm,-0.2549184189549214,-0.3966453884518857,-0.3344309803088299
Chml,0.7367728492966203,-0.573217383369919,-0.36859457182820776
Chmp1a,-0.30919531322277294,-0.22948547727587076,-0.16152455546504552
Chmp1b,-1.0756279668379274,-0.7529869359284165,-0.9638838907560352
Chmp1b2,0.07296619869771259,-0.5760864501873386,0.08876592477698697
Chmp2a,-0.6856220760034804,-0.24430760102288485,0.3087900965411956
Chmp2b,-1.4269538855128063,-0.7278524793513066,-0.837044497885671
Chmp3,0.11388003462112994,-0.005636922468454486,-0.6767465248118194
Chmp4b,-0.25295861771923533,-0.32969170448897334,0.43515651143417156
Chmp4c,-1.0445245397634109,-0.4169133155389968,-2.326702279876101
Chmp5,-0.3948292172562198,-0.1714400024986409,-0.4549349843069619
Chmp6,-0.31207337528560775,-0.2096008874715416,0.4018415761659666
Chmp7,0.12589030849347882,0.12421150374654033,-0.6309169496223133
Chn1,-1.1245467198795969,-0.4389496371966607,0.11681582173936095
Chn2,-1.0383590994801182,-0.34022446403040174,-1.6416466469708997
Chordc1,0.3097130788635907,0.32987038214061215,-0.3867647601289086
Chp1,-1.7618196081896151,0.15540573153443304,-1.4851419254772553
Chp2,-1.9033665527564303,0.0,0.0
Chpf,0.7315330248687886,0.06752360955945846,0.4275522718453644
Chpf2,-0.19858590762384187,-0.38441981805277736,-0.9203657298856505
Chpt1,1.392378067378956,-0.38044010586568255,-1.2419433670469817
Chrac1,0.2950925009319736,-0.386138404017653,0.38507344424266865
Chrd,-0.05035184863816844,-0.7511342969241315,-1.5552972635706814
Chrm4,1.1685123402778124,0.1115717107278694,0.1403032029208216
Chrna1,0.37977369777543324,-0.2904745628649093,-0.09703151072880134
Chrna1os,-0.11152809268514297,-0.42285586973997275,0.443484295842696
Chrna2,-0.008549345661742314,0.7673902508526096,-0.8458016472428366
Chrnb1,-0.005901829125598113,0.26326812014358847,0.2614491741762812
Chrnb2,0.8025112411542351,0.17268000056688065,-0.25944713788530094
Chst1,4.862824696839693,-0.6849531825199054,5.286030373740597
Chst11,4.023901202196105,0.07248506440678495,2.8436662550276792
Chst12,0.5654132650882175,-0.7721511155214804,0.6387769503906178
Chst14,0.5093889385297397,-0.4614916409498666,1.344632019155307
Chst15,2.7754047106578805,0.05126943773831016,3.348081737802083
Chst2,1.6704275658268053,-0.5567414183274835,0.6254885459063303
Chst3,0.0378563170467255,2.287860894973526,0.7981976825918639
Chst4,0.09822068020238306,1.387136359152708,-0.07690000188372136
Chst7,2.2861775072024466,-0.3340905767954263,2.445418735489077
Chst8,-1.9632775667707294,-0.09968720315665282,0.1544889748200079
Chsy1,0.6720306736320447,0.300668824382857,0.2147243970588768
Chtf18,0.7437712848734037,0.29347785450528807,1.1734875418263084
Chtop,0.09594938905635164,-0.18210896436952417,0.2845844087407148
Chuk,-0.20895108055690947,0.20193772239914853,-1.2968922421243558
Churc1,0.03696662392651251,-0.35107786673576835,0.43757224201479916
Ciao1,-0.24043175147153661,-0.19395963489813006,-0.015248304943540347
Ciao2a,-0.1955866574383167,-0.2812008298586113,-0.35526403800334894
Ciao2b,0.3513505514952895,0.03776585634858076,0.7150577071018702
Ciao3,-0.5274356250220151,0.11562463514229648,-0.01596024584300526
Ciapin1,0.3038602788336471,0.2105947770911154,0.20301994282716862
Ciart,0.6173113546441655,-0.8461560579838725,0.47135987689470316
Cib1,-0.8070093601775028,-0.25248872489828234,-0.3373021877237905
Cibar1,0.2979033410954086,-0.4005110762299857,0.5880368531072833
Cic,-0.21907284487365875,-0.4802570711607759,-0.45193207362276855
Cidec,-1.8288337607482759,-1.1926135092230181,-2.431693826291966
Cilk1,-1.033521551720554,-0.27272747244362794,-0.5382402873607521
Cinp,0.4447837464909492,0.04864160588106259,-0.20717384507502246
Cip2a,0.5847386782226831,0.1443580241705149,0.5006717804725573
Cipc,-0.012259193632567111,-0.007722945040243623,-0.25392715795832554
Cir1,-0.5252983271498639,-0.39594252219166526,-0.06966570896881752
Cirbp,0.32927671926458446,-0.29240634020343315,0.7089387955176294
Cisd1,0.21363031516768416,-0.24768018989974294,0.17741025880288408
Cisd2,-0.2753652126818764,-0.42128478284899895,0.01844768258406848
Cisd3,-0.43993794355277327,-0.38979137963747856,0.7118615599835376
Cish,-0.6228940506611873,0.10940608313841693,0.38176934445056254
Cit,0.7326611204224189,-0.5569320903287718,1.8792698734226683
Cited2,0.31751212359181746,-0.6312657152300751,-0.5905963026471035
Ciz1,0.14202481842724968,-0.059929668188384966,0.40413234209069593
Ckap2,0.9333763669120838,0.21645000524111957,1.0931110552914518
Ckap2l,0.3406034864862866,-0.12688240240915594,0.6707979399951336
Ckap4,1.2821794729829064,-0.9576994721446095,0.7665311255793021
Ckap5,0.8840662112619118,0.19244990852874366,0.4575171354289491
Ckb,1.9053925021908396,0.371163694249407,0.9762827486288195
Cklf,0.29675117017486796,0.5662837140932164,0.3952212692999897
Ckmt1,-2.154517294024244,4.36649412490996,-1.7966847217114914
Cks1b,0.32768686832241656,-0.3768539964619064,0.7657702447246209
Cks2,0.46486782484588396,-0.28353465582645576,0.5619867556503833
Clasp1,0.008509380430822944,-0.18989785367231438,0.14384002925881934
Clasp2,1.3970152693703808,0.2210582875128706,-0.057097660428923724
Clasrp,0.00237960262988679,-0.05478940575760838,0.5993053166967801
Clba1,0.2050788893044766,0.26656757379355067,-0.05625755820012346
Clca1,-3.51300920392608,-2.817603720785311,0.6986001743018581
Clca3a1,3.5006802797142478,-0.2626843429911283,0.21223601402780098
Clca3b,-1.5132150274188163,-2.0212468422322103,1.4523246027601182
Clcc1,-0.13720497652028563,-0.7590519955660744,0.21028721061665223
Clcn1,-0.4846965853885208,-0.11030276059066801,-0.16106861603141698
Clcn2,-1.9708919153946547,-0.37148074463673897,-1.135160984440918
Clcn3,-0.19915619497673287,0.14802156829946078,-0.4596853191703767
Clcn4,0.03527982011216846,-0.024280223048287475,-0.7357301408039318
Clcn5,-0.5217083241932334,-0.1112804729676613,-0.5497664793223382
Clcn6,0.3079324065887148,-0.39264462621852747,-0.2679973797148989
Clcn7,-0.41313301044068407,0.09807947096427672,0.22545464068272913
Cldn12,2.229434970197784,1.5946140774408901,-0.446512558207278
Cldn15,3.100943490410579,-0.12678815859827985,0.1636775988818259
Cldn18,0.04224680881849696,0.5315957671685876,-0.6681691291238591
Cldn2,-0.030394632723991677,-0.7101632461195968,-1.336423551565673
Cldn23,-0.7492186185239447,-0.29398269128300714,-0.03356579858652131
Cldn3,-1.87953869334414,-3.962681885478861,0.8899020368549267
Cldn34c1,0.6718112139810419,0.0,0.8737721099960034
Cldn6,-2.5166914497430253,-0.02566107275556817,-0.801680014608824
Cldn7,-1.5288934654721515,-1.672870272478768,-0.5740581701726089
Cldnd1,-0.5790578354348357,0.023098801316907114,-0.42135600729644906
Clec16a,-0.42117710112775786,0.24654105675744464,-0.9185114970897219
Clec2d,-1.8406647877601825,-1.7619457429714689,0.3052002472209616
Clec2h,-3.08006776193333,-0.07017387462123799,0.0
Clic1,-0.053037948097147236,-0.05926692242111642,0.08848875744961404
Clic3,-1.57410052803481,0.18309089004455092,-1.141346465738116
Clic4,0.6372661148219425,0.9147049775182099,0.017349903676931788
Clic5,-0.9355128149167427,0.4426450653892291,-2.4761846966890664
Clic6,-0.5978421662181208,-0.47226899621590146,-3.517552034999791
Clint1,-0.33455070777073814,0.16534637188003298,-0.9037794632853702
Clip1,0.0450356826342686,-0.024936251669888776,-0.25189358530768224
Clip2,0.9716909803031015,-0.5370789555807685,1.4379488103675095
Clip3,4.515489310012155,0.0,0.02559483979567489
Clk1,-0.3114681415165865,-0.723535401124006,0.38359635004542714
Clk2,-0.14605121519577846,-0.3996534837603516,0.6423107050115116
Clk3,0.5440936708857738,-0.14417042538231417,-0.32275976091073666
Clk4,0.09854781556542846,0.12073406697543554,0.4460235204344638
Clmn,-1.002328731261768,-0.8510773685508783,0.5651196740577191
Clmp,-1.1289388774765072,-0.05124393042827746,0.6776951925379484
Cln3,-0.8576393288496469,-0.4345724443765726,0.3482460063527304
Cln5,-0.07269851035707386,0.3155587164542317,-0.6689808015964402
Cln6,-0.32966601925109273,-0.9862890759039278,0.1944062629275427
Cln8,0.2914290662632055,0.12196872050709828,0.31117705779048244
Clns1a,0.12036625502292964,0.2452709457585911,0.29874205403290954
Clock,-0.38931443006564326,0.09548917152130532,-0.3393250078022305
Clp1,-0.11731918122472695,0.029845693167368736,-0.33641048602007295
Clpb,0.14409009877624612,0.11768754327234454,0.06457151141692563
Clpp,-0.13158409783024538,0.11021262400675802,0.8048283391838931
Clptm1,-0.35544377597419974,-0.08732635353810903,-0.20720777891101605
Clptm1l,-0.05328246829024241,0.36973241249614475,-0.9940634179421375
Clpx,0.01228653981875727,-0.0906160244045644,-0.06919815114734806
Clrn3,-2.9280816910009717,-2.5456309599008695,0.019765776718019885
Clspn,0.9947147884959477,0.6374647104788229,0.9290874439545012
Clstn1,1.1035232422883325,-1.8168738118797028,1.2600543278265715
Clta,-0.2796654833041812,-0.17284033272495058,-0.2756577818041457
Cltb,-0.7035390689273298,0.4408371045956576,-0.9465130259785619
Cltc,0.10153813090913388,0.2709468647034008,-0.6154376854391366
Clu,-2.2915705245131743,-1.0509376163972632,-2.4800367366056104
Cluap1,-0.5265696666030295,-0.12391091232677676,1.2094726391200998
Cluh,-0.5713123020346851,0.4487434793805427,-0.6258295778839562
Clybl,0.5364814732444008,-0.47984560497248574,-0.2376779271970344
Cmas,-0.3482379212943032,0.5221265483905064,-0.643298983118588
Cmbl,-3.823457847306165,-1.6142723155926024,-2.4509757431942294
Cmc1,0.293909092325908,-0.8108907554483227,-0.06363656676511198
Cmc2,0.15588884537364311,0.09438529790634576,1.4949182904969631
Cmc4,-0.010659696956608178,-0.11057647858485165,0.8409021888810757
Cmip,-0.24358244458919298,0.25864271860854604,-0.6219460096660283
Cmpk1,-0.78414858651879,-0.25378234327464444,-0.6514037232100245
Cmss1,0.06791817837070369,-0.11119665890447017,0.753073913940633
Cmtm3,1.4954187949077546,-0.6083336351738664,2.8782921011389075
Cmtm4,-0.6319063007307433,-0.060259907389576206,-0.6911376443772674
Cmtm6,-0.892962947389182,-0.30029065036834623,-1.0611115928785777
Cmtm7,0.004480872778495737,-0.3433858814320576,0.6000168524250213
Cmtm8,-1.5149704133050426,-1.5656693100791181,-1.5761131250524563
Cmtr1,-0.18676899293965282,0.0938529984505117,0.6178843442474804
Cmtr2,0.112381143562863,0.5194067307820811,-0.7694020721796511
Cnbp,0.5112079030523446,0.3394817046882892,-0.08311216692150225
Cndp2,-0.10013684532882117,-0.09275482822219949,-0.7715213529259346
Cnep1r1,-0.9832168266884329,-0.42968174456922803,0.05008341271671313
Cnih1,0.11436756766807044,0.09799635778434901,-0.3176925128491064
Cnih2,0.7462039054737798,0.23409607621086015,0.37069555937718696
Cnih4,-0.08978715727853359,-0.2970283415122674,-0.11786850336285681
Cnksr1,-1.325246807676943,0.4929750931223875,0.14576550691411505
Cnksr2,0.2856434458636612,-0.14269425459655483,-1.2332709240292963
Cnksr3,0.4375180003336516,0.09498137933805895,-0.1918029458761481
Cnn2,-0.07460745383875889,0.3229729506174639,1.3230291118499213
Cnn3,0.6912812935823931,-0.7485255114585367,2.4028925489533366
Cnnm1,-2.0140277829621827,0.07058656458632628,-0.12207534890573574
Cnnm2,-0.0593622123302433,0.25320708024202254,-0.159683107967175
Cnnm3,0.0072409923595246894,-0.16278613602469694,-0.21773732898298093
Cnnm4,-1.0082040119061029,0.3381316520835327,0.5391525896423657
Cnot1,0.3589200702829016,0.220272056780642,-0.41556958169844016
Cnot10,0.40777393301442366,-0.004005434225851978,0.45348486263898025
Cnot11,0.09932835596823786,0.020567931533571837,0.40482877746878554
Cnot2,-0.09821414933958827,-0.10074242841505576,-0.005258667423667873
Cnot3,0.10051155679352153,-0.04683988847760556,0.04979783698532536
Cnot4,0.36054255597509766,0.42422715638489805,-0.1663838752839828
Cnot6,0.3570572900565807,0.2059528734634153,-0.07797974769164284
Cnot6l,-1.084453531082337,-0.8571023700104003,-0.7826183248466769
Cnot7,0.26409266005925147,-0.14178455376630783,-0.22366593330046047
Cnot8,-0.03262501450454902,-0.005933925272463725,-0.13651593417560104
Cnot9,0.49067495134123806,-0.1320877016734876,0.5461215999971456
Cnp,0.07901505954910526,-0.346123035140975,-0.15704151928625265
Cnppd1,-0.36051045355746947,-0.025175001495869154,-0.11492261005144311
Cnpy2,-0.42323776366974375,-0.6202829711519673,0.6419281388461986
Cnpy3,0.4326501370730833,-0.2214322267555655,0.6287480899936781
Cnpy4,1.760079683154153,-0.7078634602184595,0.6496531560858525
Cnst,-0.10730195586608193,0.10386445092071428,0.49266577446692716
Cntnap1,0.7486717230747204,0.20590409983805547,0.2867495237582114
Cntnap4,0.5503536256655399,0.0,2.369720750803776
Cntnap5a,-2.0517050873255083,-1.881965448969248,0.024531148932021535
Cntrl,0.5081772448058359,-0.2118852679716383,0.8088462244007442
Cntrob,0.494124734172102,-0.3421572588789439,1.1362152518093898
Coa3,-0.6997070381922654,-0.35463307734769245,-0.6098289853415038
Coa4,-0.8795638240651318,-0.10704105329745683,0.1763982497308536
Coa5,-0.24128008169919823,0.046588668024111435,-0.7330631783277468
Coa6,-0.7110194129070022,0.010852113199796065,-0.07744927645695743
Coa7,0.19038658673408015,0.17963037992638275,0.9290843629348329
Coa8,0.23354909072866503,0.052991059094676274,-0.4005888823068009
Coasy,-0.2247633457005378,-0.35461091223728136,-0.21523930132719382
Cobl,-2.0410499582458335,1.1338472659867032,-2.7890390423417215
Cobll1,-0.10720731310471177,0.24514088220305297,0.35944184393473577
Cog1,-0.05042421214339221,0.218238906134248,-0.5481248956182068
Cog2,-0.11473565040007383,-0.07406543275756228,-0.012729144859483732
Cog3,0.2742680058485485,0.28760179209130143,-0.5280950661984605
Cog4,0.013399892020652615,-0.07729137954144694,0.556833676842996
Cog5,-0.08961453828130495,-0.09643796667034366,-1.000666414627179
Cog6,-0.6018924345846068,-0.364580171049397,-0.34279441565941315
Cog7,-0.39935075848481016,-0.1370562735518126,-0.7970654777657442
Cog8,0.006842638476475926,0.25713385787562704,0.3587849063323194
Coil,0.10216480346551737,0.22363754820794046,-0.3940124874320947
Col11a1,4.514554918364368,-0.2460284758110616,0.3950570407584139
Col12a1,1.5081685086878518,0.05812199833034208,3.570911510362591
Col15a1,0.27624801291964163,0.15955773793549466,2.4470744191984086
Col16a1,4.586477704499442,0.05306091783946399,5.730671731358867
Col18a1,-0.3072619660415823,0.01618155191944126,0.13824134058075366
Col1a1,8.199006411596047,-0.7593649660330819,1.2699489080909196
Col1a2,0.6312470303657409,0.027261911315927635,2.181120849891966
Col20a1,0.08757111576815277,0.11555341940806182,0.03236501395571545
Col27a1,-0.09909101295284728,0.1546960683457872,-0.7317874453344717
Col3a1,6.439422139121671,0.07937855425159217,6.178106984343913
Col4a1,0.2750156206850036,0.6173929158465814,0.5997362306245932
Col4a2,0.11375362814386314,0.8186993197473251,0.8339687023026112
Col4a5,1.1529477914618877,-1.0707518408977614,1.3751069083980791
Col4a6,3.1696199931756888,0.0,0.02559483979567489
Col5a1,6.20735515823697,-1.6385561482770192,6.364702394424362
Col5a3,0.7064427214135417,0.0,4.858797176519282
Col6a1,4.046826545538603,-0.8980641756936251,3.014857455997493
Col6a2,3.9278389097633024,-0.29682954061944405,3.8500698366291153
Col6a3,2.2849161725807856,-0.153009806071439,2.9456521713319024
Col7a1,3.0998590618635555,1.0535725402384857,2.362877253258389
Col8a1,2.434207425561958,-0.34320217401034525,4.949955303659164
Colgalt1,-0.25448594694730353,0.21620046651585412,-1.0935420800329947
Commd1,0.0770431198760102,-0.2837371140355862,0.34168394513543854
Commd10,0.07746221831865441,-0.1733702785822686,-0.6930364684109689
Commd2,-0.4223971573829184,-0.6476414973085518,-0.2633976271071141
Commd3,0.06798323756291147,-0.4131268255790941,0.029381743120924675
Commd4,-0.663416935389245,-0.6936761909192874,0.09757652876307699
Commd6,-0.3523816499983887,-0.06938386905648386,-0.5179963122858942
Commd7,0.45304240987032784,-0.8412348976820421,0.25481517286511846
Commd8,-0.0704700637560558,-0.2324798965545547,0.3459027205307805
Commd9,-0.15957246075717357,-0.5083053058329696,0.5973049262919403
Comt,-0.5153201491331272,-0.14109336426890096,0.04742949454311063
Comtd1,-0.6724752328091927,0.11724517751109986,0.3912647263651261
Cop1,-0.14466605478213435,-0.14218026325276778,-0.09966541571118981
Copa,0.20492783133386894,-0.019363318797323892,-0.13518648956102375
Copb1,-0.005158254129497664,0.21156103553383776,-0.5770076237504389
Copb2,0.45787532814681153,-0.14598494704506315,-0.5924629434049882
Cope,-0.3029572571652839,-0.35820032682985925,0.11141915188549145
Copg1,0.5569093136704293,0.4386831202496424,-0.7405366281448442
Copg2,0.365545619989339,-0.06685887145583091,-0.6583867857609178
Coprs,-0.27148678786871905,-0.5376202250947735,0.4145468204572973
Cops2,0.44014309413892416,-0.1949161010463909,0.5001428374288679
Cops3,0.22334049269638978,0.1572672845822627,-0.048937717446992934
Cops4,0.15049664830332432,-0.5244046549930594,0.32147359920849716
Cops5,0.14247787389040223,-0.3235609004993618,0.13084553615397176
Cops6,1.2707201578331953,-0.5985501085564309,0.34461616553145014
Cops7a,0.3060662029029233,0.16526707627980386,-0.3479832627420887
Cops7b,0.0434975873609309,0.031473033431043795,0.4853784189788146
Cops8,0.023016562071987323,0.07072617668272496,0.16393289734108496
Cops9,-0.1470294919852435,-0.3618330610694436,0.03659924277438176
Copz1,-0.3045652675914381,-0.3385708773962737,-0.31984031444346783
Copz2,2.2787324119854646,-0.3331017397244276,1.8889105758048368
Coq10a,-0.4090812053729227,-0.6805839018876849,0.13129505978610334
Coq10b,-0.14851670579518395,0.5918697454504551,0.04947249612993421
Coq2,0.09929635849272245,-0.7585624201102625,-0.2857473803285764
Coq3,0.22136331242944962,-0.2836419442355331,1.1547892490324463
Coq4,-0.10123346710656245,-0.17044506993270225,0.5815576235666629
Coq5,-0.4400225341940862,-0.002018110057527167,-0.20490591123414603
Coq6,-0.03815730969611497,0.10130789022387088,-0.3750435009722901
Coq7,-0.44845423976994425,-0.1941301326458822,0.676351745460372
Coq8a,-1.257637752771025,-0.42364953144268225,-1.165914201535799
Coq8b,-0.9465542680432821,-0.4865748222655948,-0.8194275814123362
Coq9,-0.633780585517739,-0.3786103199458486,-0.13337488115628204
Coro1b,-0.5093777828635035,-0.5259910554076299,-0.6516878580705612
Coro1c,-0.018352153329889376,-0.06354497909594414,-0.29931699503373554
Coro2a,-0.664992419381389,0.5643638091724537,-1.1601640131822224
Coro2b,3.105735984131778,0.02631763641212818,1.8236035264846455
Coro6,1.0719860073771803,-0.06773111659295078,2.6374733565430333
Coro7,-0.7818704244134711,-0.6589655943536985,-0.4164110316520935
Cotl1,-1.9752304790280997,1.0253062001581243,-0.8893769509882627
Cox10,-0.1180941124724626,0.7495709546740938,0.19213486244914169
Cox11,-0.2987881456450947,0.000377835103059887,0.2666539681235438
Cox14,-0.4877546382201148,-0.6593306196534261,0.45075849285676206
Cox15,-0.5895822020303356,-0.27595290075766954,-0.8129959242553682
Cox16,-0.6373663066440401,-0.526409083698931,-0.22210524574688462
Cox17,-0.5739661811319052,0.2874001318168288,0.48487656721879124
Cox18,0.07481261491199787,-0.46890353916703864,0.38222878715926445
Cox19,0.4798852002799592,-0.9258627235839105,0.2885928112260956
Cox4i1,-0.13087234902883083,-0.3505507257497751,0.47512839928436357
Cox5a,0.1565592660713433,-0.10425813599684997,-0.25955430472308993
Cox5b,-0.17185082342255065,-0.3698550680628392,0.8327611689508299
Cox5b-ps,-0.4150496571503006,-0.4310323150198745,0.35213637576055046
Cox6a1,-0.48060728046742973,-0.9118963625735059,0.52065506825556
Cox6b1,-0.507169107862615,-0.06907616541177397,0.022219261581789773
Cox6c,-0.1692761534729197,-0.6481836723420722,0.5684640829364094
Cox6c2,-0.38802121425576996,-0.3344456253464326,0.21452767024215463
Cox7a1,-0.19287292850885152,-0.2184437604363496,0.4164839629492745
Cox7a2,0.06242620038818103,-0.34776068664022386,0.4131200912490973
Cox7a2l,-0.5048006296570993,-0.6609940905272396,-0.12945639055450187
Cox7b,-0.27321924485908156,-0.710836022747392,0.7532701941380715
Cox7c,-0.7775295169176424,-0.6573619853708905,-0.00745000123860784
Cox7c-ps1,-0.4900270084736267,-0.4513709328299233,-0.010302687672776978
Cox8a,-0.29887596262462246,-0.2536766191123263,0.4373828275679825
Cp,-0.04159016944568883,-0.7246333461646574,-0.10459017262899373
Cpd,-1.1848471457882157,0.7299752335801397,-1.8361927046121256
Cpe,-0.5037787390874735,-1.1167344777657817,0.7926171447944181
Cpeb2,0.18256903072976538,1.0167398286910991,-0.5067876379996634
Cpeb3,-1.359638407350126,-0.21376699424385248,-0.8178666583532233
Cpeb4,-0.4294704050215281,0.4526436752536873,-1.3804896720727968
Cped1,1.8008042243706324,-0.12529775212814784,0.08852027229106073
Cplane1,0.7268219496772659,-0.6201007975255193,1.2571029314557025
Cplane2,0.06243971420807792,0.29055172929064965,0.30302042506548194
Cplx2,0.36380055551361207,0.027261911315927635,2.6676361525363306
Cpm,-4.568667821038647,0.6569523770465204,-0.3004043573597131
Cpn1,-1.5118102545787508,-0.04017543948544622,-3.1817430128679742
Cpne2,-0.6826154039330454,-0.30307619993894264,1.0013034878386762
Cpne3,-1.042151131556925,0.29931190629288196,-0.6054540242427038
Cpne8,-0.23120975491022833,0.13513778459260983,-1.4546735417856596
Cpne9,0.26976980543316026,0.23242059560049538,0.12515611249105973
Cpox,-0.5454624469268641,0.4816625697221477,-0.5112648531410215
Cpped1,-1.1703266699143526,0.11306279273941922,-0.531659329775235
Cpq,1.3471692726293671,0.42855733198972873,2.5487928356348513
Cpsf1,-0.016582299378931964,-0.17533571651722024,-0.20291794194332002
Cpsf2,0.17813652398936686,0.22897712023187822,-0.1448781457443351
Cpsf3,-0.15999151025458946,-0.21029101487079682,-0.26577353330188735
Cpsf4,1.5210408205124928,-0.4887887947355658,0.8490593713768861
Cpsf6,0.39168811603950004,0.10727839152471841,-0.12494541623319044
Cpsf7,0.20397550037413215,0.09847789676326713,0.11464966112826236
Cpt1a,-0.7780497611572539,-1.052880014823515,-1.3424100244802188
Cpt1c,0.22196078302583055,-1.0241088427223093,0.14194641843820008
Cpt2,-0.40264434964634077,-0.5120705187553964,-0.13499435930000736
Cptp,-0.056058782306660504,0.2537863673636931,0.1143172704424642
Cpvl,-0.7491755292193738,0.006239904875381619,-0.49250724563184656
Cpxm1,0.32603639106951926,0.020778960264524304,0.6849628782260506
Cr1l,-0.26076604921200897,-0.07719605868089197,0.06451685063131052
Cracdl,-2.7972416448471145,-1.3197033073197444,-2.883476922553238
Cracr2a,-0.6290678626665942,0.9892247130253548,-0.02040913454853588
Cracr2b,0.44671297034505664,0.310971661708779,-0.28936765503469264
Cradd,-0.14433983860608546,-0.12756031320644556,-0.7092867172477697
Cramp1,0.2806357577006997,0.38735243741037984,-0.28411735837750385
Crat,-0.0957494178224998,-0.3186333028627244,0.02803176109591554
Crb2,0.03930682658346152,0.6224083062780763,-0.30809495697150546
Crb3,-1.8163901960768674,-0.17436713702155515,-1.31786869435811
Crbn,0.11177266889669557,-0.08585844278297738,-0.9832094919816194
Crcp,-0.010081110939637483,0.07462382576925997,1.0425623409214788
Crct1,0.2763544695329685,-0.18159166820798736,0.4478587252787474
Creb1,0.4173638300443514,0.05597799489013067,0.013047849481470308
Creb3,-0.6490151776478292,-0.015623403280923043,-0.3579688901090696
Creb3l1,0.955400655944393,-0.36212917049408566,0.6196835996631744
Creb3l2,-0.2852995719543374,0.05999584282569703,-0.06180627665426908
Creb3l3,-0.1994856010015129,-0.030317464929489724,-1.3077429756925971
Creb3l4,0.18994603058961412,-0.760942527597366,0.12550442979444143
Creb5,1.2247638031936083,-0.7872926674304903,-0.24704531484853298
Crebbp,-0.5798046856760806,0.0006115068880836461,0.2761144545272227
Crebl2,-1.755710384102823,-0.26604850919639844,-2.049007971069168
Crebrf,-1.5470600669151113,-1.1728476532405336,-0.5565606561016292
Crebzf,0.2864903866409563,0.41419935322276746,0.21989418617046042
Creg1,-1.3866272485792752,-0.6242596573003389,-1.642826401595773
Creld1,0.6032056144803448,-0.23695160145470862,-0.6817467334440162
Creld2,0.2584194768740371,0.28290624260536035,0.8641034698530028
Crem,-0.038933037249862856,0.8282093757888069,-0.5548115948045917
Crim1,-0.4053324104114413,0.9903459167144435,-0.31563181991596867
Crip1,-1.4691301832875938,0.7693179149417242,-1.404528073264804
Crip2,0.17453037334852795,2.324645270219462,0.1709692066478281
Cript,-0.34220767339089075,-0.13954818957558945,-0.46845183747341146
Crisp1,-1.0549968675508758,3.168429156558396,-1.486521432824383
Crk,-0.09699731349931362,0.42106526529202615,-0.6826885423821825
Crkl,-0.43312891637380524,0.23549009122696685,-0.42871023421029086
Crlf1,3.1518047772509536,0.19242283191224058,1.929103085758098
Crlf2,-0.5320022398824527,-0.9528170723304921,0.2183544826705175
Crlf3,0.14125205025329812,0.11587360334237307,0.4642100257146575
Crls1,-0.20427132091156786,-0.09635002177243557,0.28661272504364277
Crnde,0.24951852526826057,0.13984533332964322,1.435954885108387
Crnkl1,0.12053258521443233,-0.05329036464565107,0.47299357396080577
Crocc,0.6792585267440421,-0.7504260964614748,2.087304925611831
Crot,1.6262257198183958,2.018593875426326,-1.4639841633918573
Crppa,-0.10125626356953155,-0.8045752663242537,0.9113127262325894
Crtam,0.729159836179178,0.028748778873072926,0.07346627837545237
Crtap,0.21974284444038172,-1.0307246265975074,0.47951951872318244
Crtc1,0.1334368911008168,0.08456117090855031,0.9320864958223112
Crtc2,0.37050572697517126,-0.3234157168312235,0.29865858908405674
Crtc3,0.7642444742422017,0.38837217755856646,0.47417552325064083
Cry1,0.22064244395292576,0.4076991502685461,-0.5506013477200735
Cry2,-0.16126077277158268,-0.24034022990199855,-0.1767525267652763
Cryab,1.0183847775582775,0.927935854328967,-0.5655796451845834
Crybg1,-0.23663116541158313,0.5660363244057365,-0.6457339791272121
Crybg2,-0.1309917362424724,0.5602549053015415,-0.20049153423246474
Crybg3,0.4329983833195401,0.5635339538963127,0.7908496659870083
Cryl1,-2.6980203411715356,-1.4878619422153232,-1.259377696531145
Cryz,0.09684106317003494,-1.0667541430994767,-0.7089653124354109
Cryzl1,-0.8355567730704889,-0.6289961867237546,0.5171496226753582
Cs,-0.2611063233836486,-0.13575670465260892,-0.4877290736775004
Csad,-0.1554218061339263,-1.0804171114405556,-0.20757737366921614
Csde1,-0.19735232840173467,-0.19819290324436523,-0.14361015972168545
Cse1l,0.7261965734733309,0.13411628180324442,0.3322186471726969
Csf1,0.7263947482154309,-1.2726574535517772,5.539332675436411
Csf2,0.38437957682930435,0.6581830356312931,0.8062315270356585
Csf2ra,-0.4464299077427227,-1.2362279404303422,0.07004295327670773
Csf3,-0.08857920774530936,0.24474520016279788,0.12497667844635375
Csgalnact1,1.5340723626526653,-0.26836958243899595,2.848856973294522
Csgalnact2,-0.4150431483625656,0.16783689288848525,-1.0301852995347769
Csk,0.1606806019708289,-0.10430324522501877,-0.12243666603186032
Csn3,-2.6950000263582843,-0.6885035405312627,0.15006676721530754
Csnk1a1,0.21435094835354995,-0.0969822269613676,-0.737756167506296
Csnk1d,0.08901763494496873,0.1372738460515155,0.03570961286987018
Csnk1e,1.0774479732975237,-0.2538688731094014,0.44754490936154845
Csnk1g1,0.3636735497447505,-0.15274187503912628,0.27065560241788766
Csnk1g2,-0.3751298507622174,-0.576729577816991,0.2110705399675057
Csnk1g3,-0.2669555787145139,-0.13843955409530384,-0.9265061040241722
Csnk2a1,0.02446692587831123,-0.06127673803739242,0.13980820572908748
Csnk2a1-ps3,0.4213410372483979,0.08360816527029158,-0.18631039072125155
Csnk2a2,0.25730585786801985,0.18152072300206168,0.39813700095323945
Csnk2b,0.005853535788092223,0.033655885040444034,0.294779428985092
Cspg4,1.28192703910253,0.781073331867645,0.9472728633464031
Cspp1,-0.1576232769583532,-0.39663284228174867,0.029099326000050496
Csrnp1,1.5369419307375929,1.0603486945208846,0.38050197869170477
Csrnp2,0.9782240468187315,0.033532383773972274,0.027461987335191562
Csrp1,-0.3495354997151576,0.3256221317685899,-0.14586297132920745
Csrp2,-2.0401842400047876,-0.35220564738317783,-0.9956176064244557
Cst3,-0.7177843547646674,-1.1111000397133557,0.4175807495268167
Cst6,1.5204144142978828,0.10295086881645335,0.5880404437987335
Cst9,-3.7299804247715915,-1.9775473926088847,-0.15514309697748896
Cstb,-0.2577250259360788,-0.1582843173121633,0.3918028660084163
Cstdc2,-1.1730893618394795,-1.677129470546039,-0.02552865363763451
Cstf1,0.1825022716076985,0.11171731865671397,0.5456269643902916
Cstf2,0.7220604997250302,0.18422057329153407,0.4428724999082423
Cstf2t,-0.4512588145744205,-0.12489367021300168,-0.14767545668525628
Cstf3,0.28790431038466213,0.3578470324998051,0.10957780896036162
Cstpp1,-0.06771069978642652,-0.7612840580330391,0.015105109061170574
Ctbp1,0.043681125978729085,-0.12183550754239114,0.12726190474795462
Ctbp2,0.2156477339454952,0.43619588875931825,-0.42564232023008586
Ctbs,0.11864444713999456,-0.6268037938318489,0.024846424405917666
Ctc1,0.6454432137800037,0.03714623349254609,0.2470790684879942
Ctcf,0.42399415880171354,0.2653586705950799,0.0022076814427691716
Ctdnep1,0.0006929377603528408,-0.051564664387700354,0.5738521251484281
Ctdp1,0.01748873923517813,0.22657812433662805,-0.2526456980410883
Ctdsp1,-0.1976298600798998,-0.24099429696344643,0.08452196700460046
Ctdsp2,-0.3237772317236107,-0.839604704942297,-0.2769472160883337
Ctdspl,-0.7258107194178045,-0.28924018366564574,-0.692407428160803
Ctdspl2,0.5423779592103974,0.7063480778739311,-0.35573459861242984
Ctf1,1.019837376391802,0.3641236261060157,0.4639397037511199
Cth,-0.9891176698305459,-0.128742197784403,0.24512474481646418
Ctif,0.3607783897305472,-0.2088273707323154,0.3654511250346477
Ctla2a,2.04123977289754,0.08219306892619453,0.35213696485326823
Ctnna1,-0.5957984029804582,-0.07681277475625237,-0.9606286324853386
Ctnnal1,-0.6062101802279951,-0.645126586981779,0.7557222630030336
Ctnnb1,-0.43644601394774085,-0.4691167092608506,-0.6680374204125119
Ctnnbip1,-0.06574524795400194,0.6392818333834374,1.3170462211140577
Ctnnbl1,-0.18764283908301937,-0.1015905094523788,0.4606932954348899
Ctnnd1,-0.5445938453954469,-0.206279417989645,0.7114038783816667
Ctns,-1.35204868463167,-0.4587996291567822,-0.14939639101927948
Ctps,0.2142758923944621,0.48745068267125014,0.352018898121254
Ctps2,0.8613774933603109,-0.590592632024578,1.2966785173366624
Ctr9,0.1620394971775294,0.30462298912147734,-0.062123122349276194
Ctsa,-0.8892615134220545,-0.49403975562772917,0.1062439523303711
Ctsb,0.11168576674969799,0.059394988358302925,-0.4658404214523131
Ctsc,0.5025333814978623,-0.3506505037665457,-0.5987331034937364
Ctsd,-1.1811853374927415,-0.22285783696900818,-0.4398345250654119
Ctse,-2.5292080100569048,-0.28912930980048124,-2.1630207159679413
Ctsf,0.14234518380390992,-0.9599137831265949,-0.788407836753241
Ctsh,-2.860038803587865,0.9267279754443738,-1.8525256366130884
Ctsl,0.5654482541622601,0.061170476962766784,0.1873300142409935
Ctso,-1.2333981392390667,-0.6008425301246987,-0.8280016484343729
Ctsz,0.3189156179597683,0.012442384599363976,1.18115488447678
Cttn,0.14438053719591792,-0.1757765664360864,-0.2869251209175152
Cttnbp2,-0.7327532621829991,0.09905390702937311,0.09394424598878082
Cttnbp2nl,0.2516051077154593,0.07205070875005148,0.15374786366722137
Ctu1,-0.0875814723205286,0.1371588531361163,0.1421089552566155
Ctu2,0.020003969153358447,-0.060517706769724455,0.30503461539265775
Ctxn1,0.535038984698434,-1.9181013315510107,1.4006953803289122
Ctxnd1,0.09671373413663897,-0.03168686258229505,1.9880415525734483
Cubn,-0.8040570338006328,0.23208888886070378,-1.0370654833421804
Cuedc1,-0.11625343066839022,0.3597880544120491,0.2799473384180491
Cuedc2,-0.12104976804837708,-0.2652751514436833,0.7020267004363401
Cul1,0.6485507576034415,0.4147595497041259,-0.1017716420622854
Cul2,0.004083939944328208,-0.07716911143212624,-0.6897416770500664
Cul3,0.464426468411709,-0.3455594876893695,0.08159096404985178
Cul4a,0.3897966510187594,-0.01023464106281402,0.30215825343648106
Cul4b,0.4848506901670575,-0.28846834028602597,0.25443046263190894
Cul5,0.3536225551568126,0.2631649258882245,0.012516592990586162
Cul7,0.2582101043899243,-0.5518335371737768,0.19152857000651302
Cul9,1.0387316481439517,0.08972437993871929,0.22287205894651943
Cuta,-0.11081955762707096,-0.41742465886827773,0.21956425894104115
Cutal,-0.606705260670851,-0.874599252356789,-2.2661692055382776
Cutc,-0.45573013747558067,0.013220664914923574,-0.8858220097109193
Cux1,0.5212135561889966,-1.0348035839884409,-0.39166055000479716
Cwc15,0.30840285556646574,-0.24086743273734257,0.4335599953433622
Cwc22,-0.016226365232494544,0.07480233097763822,0.1965841895676963
Cwc25,0.1246505554896915,0.1843275315428139,-0.2059689086570633
Cwc27,0.12194383768154227,-0.041816142747392426,0.0905529787868593
Cwf19l1,0.10489918760101258,-0.08089579559354831,-0.10899210063667564
Cwf19l2,0.15804401321173778,-0.09804088764832564,-0.6560063533594804
Cx3cl1,-3.009641895014284,0.38839341789845694,0.6698738493155476
Cxadr,-1.0427833089651992,-0.07725009972533581,-0.7210640610849488
Cxcl1,-0.9593695505591713,-0.10840878600864594,0.14935573059129936
Cxcl10,1.556174353533509,-0.5592583974820841,1.4329122708191862
Cxcl15,0.8154985545697709,0.0,-0.39861549692683235
Cxcl16,-1.6897186193380653,0.30353006522685444,-0.4793909983305573
Cxcl17,-1.5800699528976865,0.628386495004946,-2.5804361150944968
Cxcl3,-0.5369765485035898,-1.8563440064355716,0.0638962597941859
Cxcl5,-2.6762666040643257,-3.3664044162654667,-1.2068135493180892
Cxxc1,0.09768079497172,0.02150826437373965,-0.500210727529117
Cxxc4,3.3808958716376623,-1.111267289857688,-1.2998557312537082
Cxxc5,4.841738928534992,0.40037599998163137,2.563544501835309
Cyb561,0.3929130146297286,-0.0528070418254849,0.0028973590014906847
Cyb561a3,-0.5484901396745006,-0.6642739313649084,0.2353818315532381
Cyb561d1,-0.5603081725080141,-0.3177296283353872,-0.2959131800987147
Cyb561d2,-0.2978121766809281,0.08458727609673566,-0.26102337274359044
Cyb5a,-1.6761883673019975,-0.8643904118709962,-1.8150372210064818
Cyb5b,-0.4279753325797593,-0.1944128904149789,-0.7851908574526174
Cyb5d1,-0.022235794606624282,0.3772459117868938,-0.40720087058655263
Cyb5d2,-0.3104683722013304,0.7119171619795082,-0.5853263945014653
Cyb5r1,0.11922933757594478,0.2146075194965853,0.9110649747154618
Cyb5r3,-0.24524418336493703,-0.7078301985322657,0.48837722617520285
Cyb5r4,0.21523719957706344,0.0042986519259446965,-0.6544622427024267
Cyb5rl,-0.3707714566553255,0.18861439813625047,0.323504429879214
Cyba,0.22860330182447353,-1.3944205538854657,0.3541187112214743
Cybb,-0.803806838824442,-0.5022251152166105,-2.4662701699466467
Cybc1,-0.0693069117698153,0.19517382900433322,-0.06708936816563149
Cyc1,0.18267975178675044,-0.1870542257803791,0.32526158961816876
Cycs,0.5464609480135207,0.5079439825648295,-0.006318343528424641
Cyfip1,0.19538741220154687,0.4727996000637882,-0.5277153105945613
Cyld,-0.0041891209228239745,0.04338873734128512,0.42695724310550176
Cyp1a1,0.8500790629288368,1.3152815951510557,-0.38867401302421445
Cyp1b1,-0.5348750465041929,0.8242895476868384,-0.12570268918029637
Cyp20a1,-0.22266438363618946,-0.4248571579493561,-0.5176862136311371
Cyp21a1,-0.5065706504472642,-0.052423860705074196,-0.7296338004378843
Cyp26b1,4.437171223949323,0.21909205478368898,2.690801504021464
Cyp27a1,-0.6165563152799407,-0.7337702903444622,-0.07102388901702472
Cyp2c55,-4.143512617381639,-1.0824766586494987,-0.5825746037475745
Cyp2c65,-4.004877104916373,-1.344604910587334,-4.346832132595578
Cyp2c68,-1.9403118806081405,-0.4852528919812324,-0.9456791820238332
Cyp2c70,-0.9845887205707937,-0.02046260926108936,-1.3837340300584118
Cyp2d26,-1.9647907500902964,1.8854529893833494,-1.621910307535429
Cyp2j6,1.2361626700931114,-0.5512959958162389,0.9414533276931506
Cyp2s1,-2.185871963428344,0.7878002229834236,-3.658917776031676
Cyp2u1,0.44027707367180346,-0.2475053859741646,1.3233861178481447
Cyp39a1,1.3179780432583423,-0.6264797017709802,-0.2393277781819041
Cyp3a13,-3.3937193780681545,-0.7381896286735428,-3.255633915562107
Cyp4b1,-1.1154262504934709,-1.8529524139473827,-2.3033664901230795
Cyp4f13,-1.37147606775792,-0.5681612641898841,-0.7862832343252499
Cyp4f14,-4.023148940880757,-1.391640474006418,-0.9541474360417257
Cyp4f16,0.31404379769591895,0.07914755801538398,-0.41094864710392764
Cyp4f17,-0.1520486074845293,-0.36984743775137496,0.3943225914596641
Cyp4f41-ps,-0.24687001619904514,0.38533564365348283,0.36266538547640237
Cyp4v3,-0.8546250126692814,-1.366862526060185,-0.7701550105208803
Cyp51,1.3642787588885774,1.9034710387226763,-2.223217147670722
Cyren,0.2704627405580262,-0.08298388585990857,0.5741432402843012
Cyrib,0.7727964456716903,0.039834899717202,0.17024111625173077
Cys1,-1.3085996456474738,-1.587198902853046,-2.7967181736495546
Cysrt1,0.21254489013976244,0.6706528081714538,-0.3241185780855118
Cystm1,-1.4081035728274953,-0.6201829615119809,-1.8837015337826184
Cyth1,-0.7902651876522424,-0.4946780419553489,0.2029869758740812
Cyth2,0.2601617874655666,0.27084529051655704,0.6567327947471666
Cyth3,0.4899680424565407,-0.12371078950584291,0.20873040376300445
Cyth4,1.2827169493147146,0.17757856761102297,3.347252401342211
Czib,0.12127476738903153,-0.0439914871055338,0.8817049698492645
D030028A08Rik,-0.3914546317615619,0.1322036466480192,-0.17033533633362374
D030056L22Rik,0.2326985133118491,0.15917134532170962,0.7423440865727322
D11Wsu47e,0.3448745657992607,0.2707850169659203,0.3458247609527638
D130017N08Rik,0.4622574783948732,-0.822995875367787,0.05584223982499864
D130020L05Rik,-0.08146829730124411,-0.06361618993126034,0.21050508386430555
D16Ertd472e,0.7303297522896197,0.9077022184773202,1.1409460488978183
D17H6S53E,-0.44505556020124537,-0.021237106840443776,0.3382312911547709
D2hgdh,-0.1103770365228054,-0.712460684943673,-0.40058943550514314
D330023K18Rik,-0.0031944926714193578,-0.3226896214807199,1.0161575295760554
D330041H03Rik,0.1839996981753883,-0.07056571102561404,0.8554128370442085
D330050I16Rik,-0.23615334694008638,-0.19847090965601843,0.5833147196631964
D3Ertd751e,-0.8649292946513434,-1.080701430026803,0.24931178091775963
D430020J02Rik,0.5220974012054893,0.06923836052862065,0.31839583751388933
D5Ertd579e,-0.28809323612959936,0.8071442981974464,0.2270214855948689
D5Ertd615e,0.6382141436842433,0.7559973035089905,1.1041827290958874
D630003M21Rik,1.2486702048515363,-0.39055200038757687,-2.4794761063530144
D630039A03Rik,2.1050154183388647,-0.08028787101788534,-0.007546047675200063
D630045J12Rik,2.1420888442263846,0.34025281865109136,1.2844512178689569
D6Ertd527e,-1.0561717897940759,-0.0247415259292737,-1.5423432843024771
D6Wsu163e,-0.08617410550379034,0.18649270190529066,-0.9964440608215859
D730003I15Rik,0.22517903933970052,-0.14266607131194242,0.21383208445587254
D730005E14Rik,-0.9861900817595619,0.19700330804614752,0.3765501630811636
D830044D21Rik,0.45695144013734745,0.08910153672827004,0.16262158990916165
D8Ertd738e,-0.1699866974844646,-0.29703211906264393,1.1219306077611364
D930028M14Rik,0.01412073361235,0.4646673245684343,-0.7275893131023498
D930036K23Rik,-0.5982479622222706,-0.26479039098683355,0.07262465653929229
D930048N14Rik,-0.5385486180671,0.2987992317378554,0.7491079887250113
Daam1,-0.8308954112454656,0.14278937727420882,-0.6047991593819049
Daam2,3.5882509930189355,0.02992550173256825,-0.09465086984021859
Dab2,-0.7510912569445791,0.4313401295065755,4.848899295586495
Dab2ip,-0.102109445388197,-0.2924976647626494,-0.02176161710277391
Dact3,0.8506602169994197,0.23620690461908683,0.018826520699472826
Dad1,-0.429722365168244,-0.15658907979557846,-0.5124639544744127
Dag1,0.009680944818741821,-0.1748565172376635,-1.028402955355368
Dagla,0.2681436045279755,-0.09869808052957829,0.3796134245599223
Daglb,1.036679405209878,-0.3845787302435135,-0.8573431229195556
Dalrd3,-0.5179742862971017,-0.4322647989048356,0.08030181526855795
Dancr,-0.4681794797832748,-0.5757265823182949,0.8670121218656976
Dand5,0.12441142338842925,-0.3415916076974701,0.8879036465581516
Dap,-0.10892124531597958,-0.9081052989273042,-0.19065797908363713
Dap3,-0.03791220751557134,-0.3137273295502476,0.4389595132415627
Dapk2,-0.9630117547615853,0.3422845825896763,-0.3828914819186564
Dapk3,-0.444002965909692,-0.12803064407193698,0.6742346474038667
Dapp1,-1.0949874874383059,-0.8891054710674862,-0.37539382826587797
Dars,0.6576168237492919,-0.19728318691945645,0.15259131652907953
Dars2,-0.1865841287182084,-0.3871669522271617,-0.16002146195170397
Daxx,0.13605898697615082,0.10043155298630779,0.035898585646333636
Dazap1,0.23162771463864829,-0.1256499980637873,0.9038391108582395
Dazap2,-0.5405501515635391,-0.4087675605901451,-0.8033703911940266
Dbf4,2.6914314020442394,3.2344332290601523,0.8336340823042967
Dbi,-0.59253729547991,-1.3105948282229436,-0.3405285482876428
Dbn1,1.5743575881928682,-2.44866298645083,0.7877938632369501
Dbndd1,0.7313512302774221,-0.1675096817022972,0.6638407926818026
Dbndd2,0.31023908695762925,-0.06375861220583756,0.5138238988539983
Dbnl,0.3309385216891707,0.24817234036226932,-0.12052900902612151
Dbp,-1.376309639929528,-1.800438136902296,-0.31348567962848684
Dbr1,0.5017953070579182,0.21276978751618358,0.10614268607288047
Dbt,-1.4827240916025124,0.010746817123870045,-0.382283091241419
Dcaf1,0.27250988928200126,0.41868025190359415,-0.7097455616833921
Dcaf10,0.1089070382305053,0.32381900628986493,0.19436108695203558
Dcaf11,-0.701356094790305,-0.28077704872512044,-1.2657325527322598
Dcaf12,0.07536442433544366,0.02477829883872218,-0.14123604687661473
Dcaf13,0.2175281896499328,0.11369034716015403,0.6568720989741932
Dcaf15,0.4938987587843595,0.30807585590703024,1.065838108970346
Dcaf17,-0.8423319961987752,-0.4113049881182902,-0.5050888967864329
Dcaf4,-0.5268800639669555,-0.2533374272516955,-0.3730673101763564
Dcaf5,0.1942420494772623,-0.08958980595430788,-0.3156960163582898
Dcaf6,-0.5840290395620915,-0.6732938060503155,-0.4861979367742286
Dcaf7,0.05168712933057584,0.26364560154940087,-0.2418515288706402
Dcaf8,-0.05468247121300962,-0.6289995499573839,-0.02552705422635615
Dcakd,0.4543566003107715,-0.3013621006434235,1.2968395632848733
Dcbld1,-1.1920056037406495,-0.7118239897508634,-1.0074340750632493
Dcbld2,-0.00944908797864663,-0.08727729620868185,0.15877015392669502
Dcdc2b,0.13065743766713145,-0.3707509790211196,0.39240559613087356
Dck,0.3991568884756189,0.15604367946390152,-0.0003426263365087223
Dclk1,3.9823640696779266,-0.016104368889593764,4.135863955575339
Dclk2,2.3307574078920044,-0.3179978050213096,-0.004024830917686004
Dclre1a,-0.13888846272286415,0.4063275791042287,-0.019767929532349182
Dclre1b,0.004697191405865997,-0.06825036473922674,-0.014664497809179
Dclre1c,0.6246814898193753,-0.14146635160911147,-0.09122318116234762
Dcp1a,0.30516152860874346,0.3957258529873009,-0.29027502350758727
Dcp1b,1.3351525934676514,-1.6264525028608001,-0.1997165999328021
Dcp2,-0.4715230036628739,0.09941984878320742,-0.6384550830579103
Dcps,0.14033055707430808,-0.3183207875601495,0.1436966659671315
Dcst2,-0.6419321346737443,-0.05629725830545182,-0.04910228505983161
Dctd,0.16706785030939564,-0.10760510412187241,0.6606328546103155
Dctn1,0.322375865639005,0.12110099002970287,-0.09663654023537394
Dctn2,-0.392023735590711,-0.5881173214317803,0.2499242034865894
Dctn3,-0.43640576083210725,-0.16240346908635495,0.23844298081173232
Dctn4,0.011776941090317017,-0.08381548005403872,-0.7998543132087317
Dctn5,-0.3450489101019558,0.11922226261539937,-0.04641897047564214
Dctn6,-0.034178875361867256,-0.26722805423645735,0.06960853221975061
Dctpp1,0.41047288152051475,-0.021181035524793224,0.60009848062563
Dcun1d1,-0.126816568829077,-0.25045543538829484,-0.19075160269644353
Dcun1d2,0.31280685006784203,0.5621971306957203,-0.38625759295077033
Dcun1d3,0.04345901734449997,0.3868031723985994,-0.07407675000464753
Dcun1d4,-0.5542441355029686,-0.3249060500677512,-1.1301110349900418
Dcun1d5,0.8188200328424005,-0.005690141700546825,0.30667448284947874
Dcxr,-1.183221468733418,-0.11421262058757975,0.15160951918424947
Dda1,0.3132716294228297,0.3114985907552352,0.44356804502153047
Ddah1,-0.11310625325548163,0.3267548065969086,1.2879813889831446
Ddah2,0.8693485017233433,-0.8312335983331938,2.5670551695566743
Ddb1,-0.016261783805104457,0.004872669644463201,-0.9396067283624809
Ddb2,0.35082476391174855,-0.25364140341847685,-0.8462187735002964
Ddc,-2.852367609729348,-1.218141952182819,-3.0435498049581784
Ddhd1,0.6304512377073679,0.4843493249061974,-0.6042093030973255
Ddhd2,0.16531984342738681,-0.14191279629921638,0.6982077802260642
Ddi2,-0.15616906703205213,0.5357104857858745,0.06656415860766174
Ddias,0.36316338745666155,0.4028539778756546,0.9716405614369712
Ddit3,-0.6250968742690928,0.2954572412733696,1.3017714093157347
Ddit4,0.5204224412733911,-2.0273363974970637,0.23744686000004478
Ddit4l,-4.155640676889494,0.10473891734142624,-1.384372404764557
Ddost,0.4193428294353012,-0.0320588873703187,0.7623370508743674
Ddr1,0.41884169295253226,0.42855734059028183,-0.5499787280200747
Ddr2,3.418434229811713,0.05633132873204426,6.381994909757973
Ddrgk1,-0.4557853645734635,-0.3701148254712061,0.22321035240944465
Ddt,-1.2889214030778327,-0.4443720690225458,-0.17324246093947143
Ddx1,0.32273103311741114,-0.04121484485291482,-0.3248924566479934
Ddx10,0.5336442414314506,0.010137364691553685,-0.279465179555646
Ddx11,0.38161231245236493,0.16693684084824056,0.5464584177428473
Ddx17,0.10497888026059687,-0.32849731584013586,0.0930328493952608
Ddx18,0.5128433671854067,0.22973608478025387,0.04421113987798364
Ddx19a,0.21783236600499123,0.1397987613177447,-0.534749461956042
Ddx19b,0.3580982620448445,0.3533610959155862,0.28879170820656075
Ddx20,0.3635700120946659,0.3091032289078077,0.32298264018844236
Ddx21,0.20441334883815276,0.6680127733522347,-0.017530148635060527
Ddx23,0.3585475055981391,0.07593395663273039,0.05715114828459189
Ddx24,0.12597691103238873,0.07972401780348015,-0.35901456766118045
Ddx27,0.3408149205476185,0.23628897818347117,0.43995597444649537
Ddx28,0.03944875207516585,0.13238040444429,0.4778011584669377
Ddx31,0.12947190511505546,0.5442458653764737,0.27429913098725933
Ddx39a,0.12894479557820926,0.08786918452415904,0.33129852514605496
Ddx39b,0.7252822575730358,0.06300753770602174,0.4753046146316491
Ddx3x,0.2877109957551536,0.1183056001734002,-0.49574132550466743
Ddx41,0.12877428501289412,-0.3791585414069578,0.06383880540719122
Ddx42,0.10127787511516928,0.09310438217590278,0.23205978962264062
Ddx46,0.07376707427872464,0.03885256202305776,0.02308123033166254
Ddx47,0.5579755594943148,0.5359471076176359,0.17206556358328395
Ddx49,-0.033629791158066524,0.2557491551650699,-0.16725726067042324
Ddx5,0.057259932863958696,-0.014197905656505583,-0.28066403349234115
Ddx50,0.19352864112739265,0.05100201724857545,-0.2721538971870334
Ddx51,-0.3757614114841026,-0.4796397711076539,-0.025673194077897143
Ddx52,0.12158340766613662,0.35630931571584856,0.041467629371299
Ddx54,0.07081615716407264,-0.07928631609900627,-0.5216933238862609
Ddx55,-0.34367867558054677,-0.1457849727207856,0.1987081293745936
Ddx56,0.08566189678672753,0.3560881177769355,0.006897082152306666
Ddx59,0.9643861457567056,-0.10278083366015034,0.8187121899840024
Ddx6,0.4050440015291521,0.282971682227652,-0.48444497840981704
Ddx60,-0.6944691434187714,-0.24668307048212507,0.1664412338307652
Deaf1,-0.07269076078921177,-0.04146165885700448,0.7915631071866711
Decr1,-0.28752463279948515,-0.36376497741321767,0.33763296725604874
Decr2,-0.6550304168596162,-0.6246137870380348,-0.09891602745786532
Dedd,0.030742898671591856,-0.001209621076527334,0.058597785042006745
Dedd2,-1.0986361803143403,0.3359895112302249,-0.8447359513675341
Def6,0.834808725132095,-0.2783757601946828,0.7724940506292333
Def8,0.2794738620488548,-0.09085932816198028,0.14576250661646384
Degs1,-0.08717316511803652,-0.36325661938108667,-0.5664242807469284
Degs2,-3.2446920317082633,0.13812975533437477,-0.2120185807816154
Dek,0.734479382066219,0.02183265041200766,0.00863205526824018
Dele1,0.05135128389920496,-0.4109598761597537,-0.04998637878808143
Dennd10,-0.31281832081101335,-0.40406135054019376,-0.13578097900055042
Dennd11,0.1442412831701283,-0.1556380534391817,-2.4844613970464753
Dennd1a,-0.4949109085428076,-0.2818807424339078,0.946019418313587
Dennd1b,-0.16373014762777593,0.3371632009737695,-0.878156349572186
Dennd1c,-1.0879667557620534,-0.18062223153701695,-1.654817241963001
Dennd2a,4.06973886731023,0.055875432514066355,3.3667970047871005
Dennd2b,1.1666784187570896,-1.6767986441159441,1.7328349064985933
Dennd2c,-0.21277115175967776,0.2881785896023761,-1.2880234954791547
Dennd2d,-1.1966439174537284,-0.4698143682421596,-1.6329084566827063
Dennd3,1.1580693223434246,-0.05938366973265019,-0.5622185327732083
Dennd4a,0.6257497944337378,-0.00508235266257584,0.3852935198886591
Dennd4b,1.3396092350194306,-0.020396778648106295,0.8708137650860488
Dennd4c,-0.21055586830661177,0.2989574011901892,-0.9459421021984911
Dennd5a,0.6667867908652045,0.11875662485771432,0.15466545725172853
Dennd5b,-0.4635912591395166,0.28361004031992465,-1.3296962073153682
Dennd6a,-0.29713850874958503,-0.007496430676469323,-1.4198909486166529
Dennd6b,0.16987793144380214,-0.5572804613195717,1.2834412192082554
Denr,0.21800092776735092,-0.5526572931193563,0.761463504089833
Depdc1a,0.5709888314753018,-0.24942821799127746,0.7315221532973637
Depdc1b,0.6770063766365721,-0.3457922169447669,0.2667504193679209
Depdc5,0.33060743904683054,0.26796709780973504,0.08724753375825856
Depdc7,-1.4153198728492016,-1.0292479495383837,-0.4092904120417922
Depp1,-0.5679684615819509,-2.242276779345624,-2.521553137909446
Deptor,-0.2689169405356573,-1.1131335788871781,-1.4584318752633685
Dera,-0.04383861298058811,-0.02268392441849887,-0.21648139942745193
Derl1,-0.2641398483949331,-0.13182097059807507,0.01041477663917778
Derl2,-0.26991135437686253,0.011521271205707784,0.03136127071060191
Des,1.4061759207304694,0.05306091783946399,0.4117450121349195
Desi1,0.22241656319559766,0.0018217181215156586,0.19219152673628237
Desi2,0.6541880612814377,0.08489397257090259,-1.1737004058131952
Det1,-0.09610609933686298,0.07005754642061834,0.4019635166267812
Dexi,-0.2888517259982386,-0.32034428046953156,0.7407456154060346
Dffa,-0.5681586980143072,0.17183352504501626,-0.31097104325192815
Dffb,0.18334960369584596,0.2618760892908081,0.2069940021089285
Dgat1,-0.3888131282351015,-0.5233777578727778,-0.016856023318464253
Dgat2,-0.5526108762578188,-0.42275682836394335,-1.358079161566399
Dgcr2,-1.1784388209978554,-0.2248284756049772,-0.186635811223419
Dgcr6,0.06368871270144982,-0.27160074783532195,0.3451491172781136
Dgcr8,0.036262730274276844,0.20814123919402983,-0.3779741122505942
Dgka,-1.64207606183709,0.469945488145898,-1.2573844444698836
Dgkd,0.1502630752913836,0.36820486251873064,0.21185960173653928
Dgke,0.36227916199166943,0.44143572315246127,0.245340045118708
Dgkh,0.9961223545983863,-0.3370159027507265,2.07718576835999
Dgkq,-0.7986788234737059,-0.6802984270539829,-0.508526581263288
Dgkz,-0.42727304316768766,-0.07058769839683343,-0.22669019951599
Dglucy,-2.1414751706032833,-1.1323978381583395,-0.004032638870124394
Dguok,0.19637976261799306,-1.0295458421313843,0.18574001499071535
Dhcr24,-0.7344772197041705,-0.012418598215413468,-2.258243066892076
Dhcr7,-1.3867389828671737,-1.2364997561086746,-1.6327371284898993
Dhdds,-0.060805070672327766,0.01241284435073542,0.059546466062156966
Dhfr,0.6521733403195373,-0.0036481753024055763,0.9510777086236613
Dhh,0.26623607680426886,0.3670067748124808,-1.3787944693197725
Dhodh,0.37574476803384727,0.17756517284031048,0.16695449792551642
Dhps,-0.165925009267073,0.2383404516197709,-0.007991120179168476
Dhrs1,-1.148050362604434,0.23107186268253166,-0.6957572117656188
Dhrs11,-1.1344524651434988,-0.3038210114463551,-0.11887668978127586
Dhrs13,0.11789321138748221,0.36157105471884865,-0.09541674360674257
Dhrs3,-4.329769129019681,-0.547957228201164,-1.8701657410470203
Dhrs4,-0.5458807636994907,-0.3832858079213617,-0.7803154865869986
Dhrs7,-0.2737460539031171,-0.5677336484888666,-0.30629241736540624
Dhrs7b,-0.3863321812347058,0.06765494844075803,-0.21496670244389016
Dhrs9,1.0237443142255933,-0.1392234675024695,0.2694364610865789
Dhtkd1,0.6646286125818074,0.09293227339069776,0.0662718954178918
Dhx15,0.42824538259264866,-0.002668095569458906,-0.31077094886525103
Dhx16,0.007695427179957193,0.1279085376929121,0.0026801666221025755
Dhx29,0.7810879746900952,0.7764194065704428,-0.12238706080066653
Dhx30,0.4707649317800362,0.34082086873380657,0.046404330467042954
Dhx32,-0.8028577441922797,-0.460908917397016,-0.9472755661569146
Dhx33,0.5619109327318119,0.6651284973903211,-0.24918506026720255
Dhx34,-0.05835156311808909,0.1071007015908636,0.5742119515280866
Dhx35,0.081345199449534,-0.1309493820682741,0.4771048483303426
Dhx36,0.009992817133747778,-0.16795880933393548,0.3600784513010744
Dhx37,0.06089500521077529,-0.05583546701843467,-0.023928809726591282
Dhx38,-0.03850355523598736,0.2173216848278532,0.014211645882294732
Dhx40,-0.12340724167500472,-0.8390059898336775,-0.7124782251837658
Dhx57,0.19735927852997648,-0.20058443971328632,0.09406712930246286
Dhx58,-0.8437561388773078,-0.431015602468407,0.1600422085442589
Dhx8,0.16377028589273301,0.27503923992588586,-0.008970143185128343
Dhx9,0.3237353038181716,0.33256691566322605,-0.5068814010959226
Diablo,0.17943830059123478,-0.41954309174125226,0.13654105615630108
Diaph1,0.10188308459748718,0.520146203309003,-0.7490232401446448
Diaph2,0.4043616420460352,0.5000584415286342,-0.5773689198813483
Diaph3,0.9964213496206193,0.5681409898219503,0.5585322452671626
Dicer1,0.3475665984143639,0.3816252850315136,-0.28104396370136886
Dido1,0.08762303076648958,0.3672828400610406,-0.17810941866884278
Dimt1,0.7748200503120901,0.4108641455612192,0.11285006338716741
Dio1,-2.3109811550496944,-0.21750001073458966,-1.490758611257457
Dio3,-0.8405745947572315,-0.016104368889593764,-2.5609627615660226
Dio3os,-0.30929933003866467,0.0,-2.3042524944760387
Dip2a,0.40473916643039676,-0.5092181928681185,0.3526709359757687
Dip2b,0.0710965691920018,0.340384365647604,-0.13855418488921334
Dip2c,0.4894414490946697,-0.7775923720081197,0.7537479183460531
Dipk1a,0.08597528832360268,-0.5942152375139229,0.3175061469729821
Dipk1b,0.749234919019236,-0.8112365840240217,0.5837042645928445
Dipk2a,0.8149489239082977,-0.06548551033294991,0.15440034885615805
Diras2,0.5845180294627403,0.027261911315927635,2.4781840104641906
Dis3,0.8983423629239224,0.469939086079215,0.373353398423907
Dis3l,0.3502087026412397,0.01249186603695307,-0.13540947449809249
Dis3l2,0.20530471660791783,-0.9256731487520526,0.24806966405230568
Disp1,-0.5455258585355534,-0.374789225572254,-0.11365187896471518
Disp2,-0.5593157779695472,0.8715262651828897,-0.292049242113507
Dixdc1,2.58507599464692,-0.20684857539240492,0.2918972171069867
Dkc1,0.5396252380945583,0.15700434622746684,0.5918603934386395
Dkk2,3.9702275484836314,-0.032297746658869655,0.27874215106653805
Dlat,0.5536803360755318,0.1180857961546371,-0.051453420898101676
Dlc1,4.578978780551439,-0.016104368889593764,0.4630390477037813
Dld,0.057392387429189284,-0.15794871494842333,-0.23414331216597883
Dleu2,0.20267576705446122,0.4712752805255649,1.0771264348398986
Dlg1,-0.33615940438076297,0.3507918885634984,0.04660961871409075
Dlg3,-0.3183855309279773,-0.897774052657486,2.9048296513868337
Dlg4,3.2913692194222204,0.5420816256955194,1.840587406001327
Dlg5,0.6009869715113156,0.33835705552117634,0.3374346981965495
Dlgap1,-0.06559207039327952,0.047007846357910665,0.44475571826407756
Dlgap4,0.567619153002008,-0.02515406395527542,0.634776218303867
Dlgap5,0.8839370969334013,0.25771444761833706,0.51643936589275
Dlk2,-2.331736061913755,-0.010017596629274372,0.2123953609883249
Dll1,-0.16668873039057064,1.560177404936622,-0.25926657607146986
Dlst,-0.0488129435290503,0.1581577855868117,-0.518559020017892
Dlx1,2.5260132433044515,0.07932403358143603,1.2735557665223607
Dlx2,1.8915064927294547,0.47594402978933026,0.0983771815113211
Dlx3,-1.122116045268953,-0.14519388396938218,0.6896890282693007
Dlx4,-0.10598724364433476,0.12274730234777254,0.041580258109727986
Dlx4os,-0.498678423525742,-0.03751148240192087,-0.02700399268426288
Dmac1,-0.47314018463066,-0.3812403093660137,0.5010164418537935
Dmac2,-0.636846358614434,-0.0913607932803937,-0.407369163493402
Dmac2l,-0.09748782338294415,-0.8443144638768585,0.0759612364521729
Dmap1,-0.0680930716744621,-0.07637640254223044,0.8636913384857392
Dmbt1,-4.19805780385205,-1.0333902338441243,-2.2583864974831793
Dmd,-0.44877966327267194,0.3051203318533853,0.23482876709540396
Dmkn,-2.0805488328346686,-0.1785888240112543,-2.3894915517604867
Dmpk,1.2502788470368826,0.1587069540729351,1.1568006639844735
Dmtf1,1.0620765042602276,1.525772063671889,0.10645918322449432
Dmtn,0.9031833286833844,0.5889770323967445,0.30897107399730633
Dmwd,0.37799163103235767,0.23989109767494465,0.4977828192201166
Dmxl1,-0.20300914141898563,0.11202092470761116,-1.1097616479513173
Dmxl2,2.0490197859046226,0.7192595020347297,0.29977913017638613
Dna2,0.13740339520469558,0.18806949438184084,0.526289779438228
Dnaaf10,-0.30805314962665964,-0.06375707810236175,-0.4501870761731839
Dnaaf2,0.40995599139152694,0.005923958269498986,0.3470697341236999
Dnaaf3,0.019144875591925348,-0.09641238587460277,-0.2575043892031619
Dnaaf5,1.1380333564397374,-0.21275616679814746,0.046074946837340924
Dnaaf8,-0.24933531022979244,-0.17948063646850115,0.11163276881642137
Dnaaf9,-1.096774758671624,-0.6986858355186163,0.18256333553063797
Dnah14,-1.2573456606687414,-0.569085501132339,0.22107160873164317
Dnah17,0.3563668351458732,0.23000043729969832,0.455915584291786
Dnai4,0.23389998452043104,-0.15454690142821365,0.7094471766192543
Dnaja1,0.031712444703474674,0.22752569958012447,-0.06806635894593249
Dnaja2,0.2843160905734159,0.11323528563436991,-0.09497321674924475
Dnaja3,-0.9850647494147902,-0.0007801786627439355,-0.16713884030861959
Dnaja4,1.5969663219945438,0.3169884655013173,-0.29042331357582446
Dnajb1,0.24148515564121809,0.35324220109894444,-0.025844069926185043
Dnajb11,-0.48379170629504564,0.11533364212803399,0.016969507500661507
Dnajb12,-0.3605803410639865,-0.18134435894975542,0.009992167523179774
Dnajb13,-1.3848636058370936,0.04874134077726511,-0.6821029472266423
Dnajb14,-1.1970324990913843,-0.5424476698682899,-0.3254071191546597
Dnajb2,0.19068823949276315,-0.420776255934884,0.16289690812363133
Dnajb4,0.08748484462150063,-0.7373166565278737,0.14641908959847427
Dnajb5,0.19495986083347372,-0.6917611224813118,0.3043659496795623
Dnajb6,-0.23456403701646433,-0.4554306374410224,-0.11022104011405975
Dnajb9,-0.6995665513218525,-0.39047869418786085,-0.3071861278807999
Dnajc1,0.1671819833411492,0.09134965469742973,0.22774021489076013
Dnajc10,-0.4985625782199792,0.2149594938270578,0.30148604433326653
Dnajc11,0.13378796826120887,0.4844917780703355,0.3694172097378168
Dnajc12,0.11757845699646241,-0.7137554869506655,0.2379950955855893
Dnajc13,-0.06861935425836307,-0.10470349120460298,-0.5544511399614445
Dnajc14,-0.3143866767946788,-0.11986188011474663,-0.23756093296107572
Dnajc15,0.7790908031567954,-0.7386722649588129,0.8089912082981074
Dnajc16,-0.07855183119353004,0.13345771143519203,-0.4558591131448826
Dnajc17,0.032798396798945806,-0.29350257921033496,0.9242987050725477
Dnajc18,-0.8153910042973074,-0.4944524543238038,-0.40962713833665987
Dnajc19,-0.24940161072200517,-0.6351650444124175,0.7624614979624385
Dnajc19-ps,-0.337157506184667,-0.3091836010684226,0.309463085364908
Dnajc2,0.24772914369586907,-0.31011427134153724,0.46259197275186015
Dnajc21,0.5190927967786791,0.33566482523454777,0.7042820606189535
Dnajc22,-0.736318398626727,-0.1669336716636689,-1.274623793527283
Dnajc24,-0.042885934817733506,-0.4034035073240445,0.6783211104390974
Dnajc25,0.33910551634580655,0.373711857311847,0.2706988136999984
Dnajc27,0.6050703068275125,-0.21271037296646744,-0.13407238356803575
Dnajc28,-1.5751975543840817,-1.3510499553175905,-0.7179871333119401
Dnajc3,0.2945942523839591,0.5052143461412149,-0.6187287549092018
Dnajc30,-0.6239693827820414,-0.3797775166208246,0.43338625006265596
Dnajc4,-0.3882903844817944,-0.5444502603696848,0.581098954050197
Dnajc5,-0.07250891285050898,0.07547756855134402,-0.5335770879361013
Dnajc7,0.009703590504877013,0.24018458447226543,0.47445007214086043
Dnajc8,0.3585206520970736,-0.04084289716865541,0.5315143806310374
Dnajc9,1.0999225651959863,0.17483515856439613,0.7773809295004055
Dnal1,-0.3149828254999507,-0.29000805602336044,0.18250954564252986
Dnal4,0.12290871868219266,-0.42738388437836194,1.151798768304447
Dnase1,-1.8341426533708287,-0.2416692947872804,-0.26681657798653413
Dnase1l1,-0.610392626773367,-0.3630196242810739,0.19680621193858805
Dnase2a,0.16482448725422127,0.007203624709892331,0.13581435935534358
Dnd1,-0.06521976640212024,0.324445555720284,0.15250037209086026
Dner,-0.05746579464574729,0.0,3.0757629684298244
Dnlz,0.14462713584589082,-0.12363359658907402,0.9098533613532158
Dnm1,-0.09209238383836293,-0.08704244867341449,3.4006326434869516
Dnm1l,-0.48424452761779424,-0.05475249161375917,0.3800201682831128
Dnm2,-0.06053682539625527,-0.060283991277580995,-0.409971558288305
Dnmbp,0.09709773560905166,-0.3994345917646154,-0.7663207519189363
Dnmt1,1.1097348238076634,0.10869857242383851,0.69664968203951
Dnmt3a,0.6237609181914667,-0.21260609889412585,-0.03572006092596425
Dnmt3b,0.5003318447486012,-0.7130379467285,0.9512583324672153
Dnpep,-0.3462247622481689,-0.7548440627769688,-0.45809701853702123
Dnph1,0.3039979908607666,0.237886040999836,0.512978083176594
Dnttip1,0.48180680419414923,-0.2093334007112797,0.4695585943605938
Dnttip2,-0.18737673063222182,0.17952200664055606,0.14917604495990222
Doc2g,-0.022257782769540047,-0.005575223614601166,0.6863855802982632
Dock1,-0.5785143625284066,-0.18636680525015237,-0.9551831790877747
Dock11,0.06594579318745453,-0.436829406395554,-0.08977023846000431
Dock4,-1.9596640072009142,0.33798214972764873,-1.6426019142409838
Dock5,-0.3646045091781689,0.6325050367187899,-1.0458396297059736
Dock6,-0.23787677875698643,0.21881372364073703,-0.6734162506980912
Dock7,0.26409372882258886,-0.12488545113896254,0.3492401874809117
Dock8,1.358245414557421,0.9404212088856423,3.9530244439557185
Dock9,-0.3881381639785655,0.3167722492959335,-1.0904557455907522
Dohh,-0.2218302410317161,-0.004311159947860688,0.5436246468818924
Dok1,0.01845516101339939,0.9640676438000426,1.4921487346794367
Dok2,-2.4402487420393353,1.6837187377413132,0.5950913326228922
Dok4,-1.2001449817353897,-0.10587999174824603,-0.9612780208804756
Dok6,0.7310649159185106,-1.0379459129188573,-0.22097311880138445
Dok7,0.7186679390286015,1.136095553099802,0.5958745996391934
Dolk,-0.35705024149714326,0.04610984066482082,-0.5814180323709137
Dolpp1,-0.5490884327451733,-0.1362156899788225,0.15771422073541252
Donson,0.3474902953489103,-0.014820069109553913,0.7266911222947106
Dop1a,0.504516476320243,0.3237784553680365,-0.1546191054976389
Dop1b,-1.9805682271715832,-1.0496121803532574,-2.0816074422309176
Dot1l,-0.1620766460268923,0.05383323192421763,0.6159338363998721
Dpagt1,0.35589369442931584,0.3978237367807367,-0.038428946110945716
Dpcd,-0.14153161928053049,-0.347624137012414,-0.0996013884828244
Dpf1,1.6634629664766447,0.5584040224830913,0.8476869622012595
Dpf2,0.16923552884479598,0.1976927410686855,0.16281242585509048
Dph1,-0.024598664794817093,0.4586169327158842,-0.2974343951463294
Dph2,0.16777025963427938,0.678562443832023,0.24682806724557693
Dph3,0.41583990372958013,0.15567156204849475,0.3702098473631592
Dph5,-0.15023721101122245,0.1500892347697267,0.27183439318333313
Dph6,0.20479417574692604,-0.013719604180463918,0.6726956091166327
Dph7,0.21515966330685643,-0.16444014694440545,0.40163702577990446
Dpm1,-0.26591020411234134,-0.5029313848055803,0.5111348005460068
Dpm2,-0.45386726183954185,-0.2640568959338747,0.29701818247272094
Dpm3,-0.7136484101855496,-0.6576085839148895,0.7510460375330954
Dpp3,-0.25519512991297777,-0.28823840802415024,-0.5909092933404132
Dpp7,-1.691586621886087,-0.90141447528748,-0.20580968685026324
Dpp8,0.17673879928532443,0.015149715718689727,-0.51019332669871
Dpp9,0.6516926223253732,0.36925612890423043,-0.672099809045255
Dpy19l1,1.0997849230937868,-0.5566349208825301,1.4029831369923524
Dpy19l3,0.04218680375638284,-0.5374704234529264,0.8752631779096696
Dpy19l4,0.0997935569324424,0.18293386455374439,-0.14567470499731172
Dpy30,0.12734921027019386,-0.1831326531533355,0.31356064766742797
Dpys,0.0,0.0,3.0679309143777833
Dpysl2,0.6474911504807039,-0.7036598106148757,-0.31718443499458004
Dpysl3,1.1613261071103578,-0.7910381017579091,3.224035723080232
Dqx1,-1.905113125053096,-0.9141457864700717,-1.5189250908463747
Dr1,-0.17278713875105023,-0.25992550656803726,-0.12395595916830704
Dram1,1.4395597430022977,-0.7132853304693769,0.8798827956554566
Dram2,-1.368396073590871,-0.9227649448703517,-0.6407573537522957
Drap1,0.2738650578611832,-0.41389080399850986,0.5914220876484464
Drc1,-0.34155392334591916,-0.35716359382667295,-0.8837328644111573
Drc3,0.21158531628178567,0.19587592608429455,0.35705238584560206
Drg1,0.5079142343080854,0.03501573469023089,0.5387074840430026
Drg2,0.1701850064034014,0.1614912240803159,0.3016123044149097
Drosha,0.4953276134323179,-0.0005092450558077388,0.3220721301173848
Dsc2,-2.4760450436511054,0.584434784219352,-0.07698587253028595
Dscc1,1.0605065762570107,-0.16473960953598876,1.3700007956980884
Dse,0.11542006854469733,0.08843703304826,-0.00965484799740235
Dsel,1.9355038204744488,-0.12031852432376255,2.485203998500552
Dsg2,-1.0102936032939223,0.04288710825593878,-2.284315336399002
Dsn1,0.8917522566850762,0.1626718901504205,0.5028090575060551
Dsp,-1.5845964346355146,0.4615745031432654,-4.237083565375781
Dst,0.5026822572535448,-0.274253954842278,0.6842483354170508
Dstn,-1.0362395353166622,0.1916600693527304,-1.005835402292961
Dstyk,0.4632950129660278,-0.0616817280878843,-0.03174791105432284
Dtd1,-0.39872232900602445,-0.2508875731081037,0.3882085235681876
Dtd2,0.40946913798041695,-0.3873805376354129,0.25048815929663615
Dtl,1.0666902168632646,0.38977549465036176,0.615351593248092
Dtna,-0.6161671791180243,-2.238977999455321,2.478533222061007
Dtnb,1.2405522784167822,-0.3271298479516247,0.2325666552794159
Dtnbp1,0.274226730752682,-0.18443775577829413,0.5612992654856814
Dtwd1,0.4645927172380482,-0.2395660836843354,0.7785720697150276
Dtwd2,0.10700641765645402,0.37586236814689444,-0.2894922367142405
Dtx2,0.1420463962772489,-0.27414646639916196,0.5888538097936933
Dtx3,0.8379021182349544,-0.4985463958208838,1.170552712153225
Dtx3l,-1.298546970495532,-0.39478755914008445,-0.4824535737091127
Dtx4,0.4584953637556781,-1.2284326753354566,0.13163658507348241
Dtymk,0.353786269250417,-0.5624121699043982,0.8884627204421145
Dubr,-0.002594522921886888,-0.33263593058836727,1.5757156535910926
Dus1l,-0.1399527890099881,0.2656169054081632,0.028202673565844272
Dus2,0.36281638560398166,0.08952232271678628,1.242302949311493
Dus3l,-0.19380640107963298,0.204470913241237,0.12207748483905245
Dus4l,0.6616767745517085,0.06109237944994206,0.9283939685515685
Dusp1,0.4990437611598857,0.32769863089457685,-0.42352679532791626
Dusp10,0.07450918450041266,-0.41581337872244895,0.002566513245340296
Dusp11,0.7028052823186091,0.5357312447171996,-0.3323939133352667
Dusp12,-1.0814578559116645,-0.3851167781611098,0.6648635327225079
Dusp13,0.1999452967355486,0.05894967007209381,-1.4403111562371378
Dusp14,0.301659368383171,0.15663011144878336,1.6792889863828697
Dusp16,0.19779887980560584,0.478261694922935,-1.283734534443422
Dusp18,-0.5858405940480234,0.30739965775800027,-0.07800798014859822
Dusp19,-0.1086592498593526,-0.42264959100826616,0.3181299043876309
Dusp2,-0.031118841763631708,-0.04017543948544622,2.789707317710457
Dusp22,1.8688275694035377,-0.7154953492325697,0.5267406351484761
Dusp23,-0.08835069946037777,0.5966670987517093,0.5241865791761189
Dusp28,-0.31760785605652897,-0.5273333901284638,0.13633485451526717
Dusp3,-0.11176172066029189,0.9755757928869393,-1.3035797083440928
Dusp4,1.4166608724688423,1.606709125369517,-0.57759452337136
Dusp5,1.120885800708784,1.1629367421661563,0.5764395402338458
Dusp6,-0.3422567377407679,0.48412520196484543,-0.09909379476350821
Dusp7,1.0077061190190193,0.5753957258767315,0.6935532692864532
Dusp8,0.4675280339015875,0.365557650370965,0.22702244185541298
Dusp9,1.0309849863710774,-0.06939863271095437,0.3642967952850973
Dut,0.7545122129449462,-0.4418993315725901,2.060613386094208
Dvl1,0.3393915073788847,0.0769792931963309,0.884353201782802
Dvl2,0.297578023241603,-0.2872962070790628,0.21889673338748494
Dvl3,-0.6433149690506852,-0.019025079086664398,0.300589923337232
Dxo,-0.18783827312207624,-0.22520275579815063,0.7544860447382371
Dym,0.08570789284924096,-0.3578864280110752,-0.2988219617942729
Dynap,0.3057582608768019,1.925011236733186,1.9492268516927962
Dync1h1,-0.024542346734842013,-0.2178968636152261,-0.46252098606783676
Dync1i2,-0.03605427658699245,-0.2041353786313902,-0.029679460956890225
Dync1li1,0.5512731556072463,0.1823037828992211,-0.2765896331503592
Dync1li2,-0.08114949804553451,-0.06469158360099136,-0.04493520084283453
Dync2h1,1.3888281308669925,-0.13798655725653441,0.02691928580761882
Dync2i1,-0.2009312741445779,-0.730033599556736,0.4362161097025834
Dync2i2,-0.04916596632326353,-0.3518273757955961,0.38131977813413265
Dync2li1,-0.3424416363182239,-1.2258210949188015,2.099141947613019
Dynll1,0.03782441435602557,-0.2948846828014853,0.4018433261853813
Dynll2,0.07223125341879211,0.30049100873282164,0.08376857312342612
Dynlrb1,-0.16924707670593353,-0.3697882574830125,0.6175153411203382
Dynlt1-ps1,-0.42293699282598085,-0.22629652327751404,0.20911842396458458
Dynlt1a,0.15255806858377374,-0.35092064162741377,0.5941044364712393
Dynlt1b,-0.6503680070977595,-0.6433107412527006,1.015757670604006
Dynlt1c,-0.37293705613840444,-0.16726187479051458,0.5716935034364794
Dynlt1f,0.13421781251801068,-0.27603644349756795,0.6526471000388616
Dynlt2b,-0.5731905746448871,-0.6977902182402023,0.10030907305598324
Dynlt3,0.28566559340442943,-0.40172392761525355,-0.08430554401366841
Dyrk1a,-0.31500326399764234,0.17471946437796415,-0.14188989228509907
Dyrk1b,-1.0233050577444422,-1.9250811338723994,-0.6543944365490808
Dyrk2,-0.8954255707623373,-0.8153077307069072,-0.800488864976737
Dyrk3,1.0991134697484095,0.34677878455654954,0.618529025132764
Dysf,3.700059038854081,0.40081784692393607,1.4053826582811284
Dzip1,2.0764271524678275,0.4918263285477737,0.7168764710343474
Dzip1l,0.8956396488011373,0.21284587405089184,0.312902594693905
Dzip3,1.1385928195905048,-0.47533922834875053,0.7357134675216641
E030030I06Rik,0.29769830958917454,0.18441155375170548,-0.08148759127722593
E030042O20Rik,0.13637336770000796,0.19022856935522248,0.5135621576429169
E130008D07Rik,-0.29924920313139614,-0.8117318129033895,-0.28834600910586244
E130201H02Rik,0.09385755961230002,0.1531845724759362,-0.2064814548556151
E130307A14Rik,0.7810319935002026,-0.25185914628642236,0.16488957069682986
E130308A19Rik,0.3091698325847503,0.3839453957340848,-0.35216614811174374
E130311K13Rik,-0.49401344984186,-1.137313085004302,0.4785101775828413
E130317F20Rik,0.08061073163466892,-0.4124206182487786,0.1610906153938088
E230001N04Rik,-0.41019671824417236,-0.09975326524611128,0.5710812980760556
E230016M11Rik,0.0355909653841901,0.03783271242604491,1.3480264407669211
E230025N22Rik,-0.6847357287929321,-1.1823550135609087,-0.10516431641859292
E2f1,1.2423994305952606,0.37813807191923043,1.4076710154426406
E2f2,0.18876262518630238,0.6530815431575796,1.1665579908936023
E2f3,0.2504731888564171,0.3793700420995414,-0.2447034526731402
E2f4,0.45064953433820065,-0.04857057770919848,0.3107881300012467
E2f5,-0.054621244188699514,-0.22033694605982568,0.25398048455325384
E2f6,0.11334532891349891,-1.120198583209302,-0.9200061202900525
E2f7,1.2101077960774456,0.44013438892157275,0.8896061661178987
E2f8,1.0926545565404853,0.8564664028572251,1.5950930861680255
E430018J23Rik,-0.5718436910529077,-0.33392491473213637,-0.24798098545778124
E430024I08Rik,-0.160372648245666,-0.2641948249462476,-0.41280604807156385
E4f1,0.0053254420287656146,-0.13543454380116948,0.4960382087437303
Eaf1,0.5803016838068213,1.249652079673507,-0.4916196252756597
Eapp,-0.07581569530636578,-0.24882993092297667,-0.5758841995809663
Ears2,-0.0026290420027321737,-0.18665369518195885,-0.22810859002519734
Ebag9,-0.13210964459411834,-0.5354165342047787,-0.10566176281865758
Ebf4,1.026656548399973,-0.1674036620057167,2.1950297523004716
Ebna1bp2,0.17309227744327504,0.4338899321108558,0.5326865436988708
Ebp,-1.0466619615913002,-1.2662313321418175,-0.5873456933039938
Ebpl,-0.8271974786104019,-1.1867900181792659,1.5269961536596388
Ecd,0.3237230515183125,0.36394014229644345,-0.2130705088096594
Ece1,-1.063327931866672,-0.4909100476029149,0.5301595967873016
Ech1,-1.266761798266013,-0.8894367954824363,-0.6967811923354175
Echdc1,-0.5916676695106913,-0.30547647446136095,-0.9702571516258178
Echdc2,-1.1549369044825264,-2.3766284350089344,0.31151563116908143
Echdc3,-0.3472519768034821,-0.6317082187271454,0.4674536543991934
Echs1,-0.6259196828171589,-0.14651050590614645,-0.2573742556523264
Eci1,-0.524003752076573,-0.26351541560920033,-0.1077191315922752
Eci2,-0.6321290335665619,-1.0485018263737587,0.9664295870372808
Ecm1,0.34346911634697364,-0.7575547188495779,0.9526436803066289
Ecpas,-0.21137282663394874,0.16896220567997133,0.5428881876804494
Ecscr,-2.2702741558973094,-0.2286386373221756,-0.19103203157980886
Ecsit,-0.04237590566900984,0.27824476449506275,0.42668850558727955
Ect2,-0.2013105246668232,-0.0622871035710828,0.07511525130761232
Eda,-0.8365609517622405,-1.0810858565684367,0.01576882542307846
Edc3,0.46707311312121025,0.0885055483884738,-0.15426613107172216
Edc4,0.33023841871001647,0.3089604743163079,-0.023555023633866412
Edem1,0.7384069923488825,0.4824159063970992,-0.5906147919644349
Edem2,-0.4435788148865276,-0.35371326859148144,-0.5286805276200592
Edem3,-0.33845127477605885,0.25465126740295574,-0.6629952532890826
Edf1,-0.2443286944131513,-0.25231566391060145,0.5401750427743872
Edil3,3.7760961317043304,-0.7078564972688915,0.48246473246407584
Edn1,-0.4650523040355926,0.5927652779710295,0.21577410677805497
Edn2,-2.2579664043972048,1.102044779702866,-0.16322866969146618
Edrf1,0.017452542542664595,0.1284558780038738,-0.4417326596900333
Eea1,-0.17806384425785104,0.019405911775492335,-1.0691920477454389
Eed,0.2542660195050308,0.433687041102516,-0.1240296402941885
Eef1a1,0.18062786739832504,-0.27306425239549803,-0.9859050408290351
Eef1a1-ps1,-0.09356963337336488,-0.1848227701083296,-1.167857541138531
Eef1akmt1,-0.27473560169032485,-0.42026368402951686,-0.11861643801098953
Eef1akmt2,-0.11989530161977546,-0.2621640957195135,0.21083507688200198
Eef1akmt3,0.6479699461528855,0.2623634937968946,-0.5444385426462842
Eef1akmt4,-0.45932014895260664,0.28830076851733333,0.43843520685516024
Eef1b2,-0.10478593020465432,-0.4271621482535952,-0.2664101329455004
Eef1d,0.16330968401612722,-0.16019977417699494,0.16440268982722728
Eef1e1,0.30185162662578513,0.4273202633304818,-0.42567848335760416
Eef1g,0.04847009066038588,-0.1209444250580205,-0.3467294189087724
Eef2,-0.1599745678570681,-0.17743724726736687,-0.586811298717258
Eef2k,-0.9881272204383977,-0.3042266109864107,-0.04168784476493048
Eef2kmt,-0.9567931617536409,-0.4260902981728951,-0.027604851925748797
Eefsec,0.6508327688405986,0.00427128133444743,0.5133746355633324
Eeig1,-1.3835840072322458,-0.8932841691868987,-1.421022938119731
Eeig2,0.5433845721782369,0.04452356678467506,0.294297678911164
Eepd1,-0.771986121961973,-0.35100217092535946,-0.4853510942702526
Efcab11,0.47257822022585816,-0.6595240898768946,1.35839774681444
Efcab14,0.051516691233302936,0.38924247519150335,-0.6634895465700588
Efcab2,0.5214375087830097,-0.16806783283192317,0.04271048572433389
Efcab5,-0.3326434361547339,-0.1862898087749444,-0.2578291725798192
Efcab7,0.49371445259967717,0.14593231758704828,0.6622457159336879
Efemp1,-0.6078175760841376,-1.2063591298043281,0.38952939355587635
Efemp2,2.230972863757084,-0.5323058075832092,0.5582554087548273
Efhc1,0.21558590217912355,-0.05941281923649344,-1.0939751690415602
Efhd2,0.7698492997947666,0.6371716460528374,0.36030573143291367
Efl1,-0.3033988382560917,0.384282217210572,0.3118754123133014
Efna1,-0.8060159281025383,-0.9553131219657427,-0.6200697276421465
Efna2,0.5384908118899715,0.19939081976077455,0.03629814690596156
Efna3,1.2221032909926963,0.1777915335249235,0.1468798530590979
Efna4,0.2390138253816163,-1.261589056217368,0.8375215394126889
Efna5,0.590058571946539,0.6460560420415478,-0.2666708280113177
Efnb1,-0.36633915851247156,0.03183114669802567,-0.15737207386441998
Efnb2,-0.11478601940447941,0.40242577957099535,0.5847103437051402
Efnb3,0.6341017929367907,0.7302215480147708,0.2620106604533431
Efr3a,-0.029606664430789742,-0.1760547407598514,-0.11390923696755184
Eftud2,0.4994718929421458,0.35269974003247384,0.31590089861710346
Egf,-0.20043459112891804,0.04626612481986814,0.2514905023290257
Egfl7,-0.4079634460188446,-0.6044033187203888,-0.6276309865941565
Egflam,0.4426538564873909,0.47303832454854927,-1.6301744760078825
Egfr,-0.4902211719011742,0.2278663147772111,1.0108731520238994
Egln1,0.937169176819677,-0.10259241905938854,0.6130633928628564
Egln2,-0.37361139996892767,-0.055356373034622486,-0.3423112630814087
Egln3,0.9918464363093378,-0.19457377391656472,-0.8547293444512318
Egr1,1.4273784838737296,-0.28550310492098063,0.6579030624329505
Egr3,0.8016904561615475,0.5320579512420541,1.8909891908048693
Ehbp1,-0.983843727351617,-0.3313730435036919,-0.12727640556780706
Ehbp1l1,-0.5075992442260491,0.258258142633232,0.0060225214487426015
Ehd1,0.1667682780243629,0.47055093472526455,-0.21104477766627117
Ehd2,0.03570055284249385,0.3409452889073563,0.23477888977311245
Ehd3,-2.8725750972387516,-0.3660345724958267,-0.6055702367359846
Ehd4,0.17756964340386538,0.3119095241174552,0.22121261358812472
Ehf,-2.6458077335071257,-0.8080607276675762,-1.0271224538471122
Ehhadh,-1.5617947548016677,-1.436646806792853,-0.7967991076497484
Ehmt1,0.10447504592620582,0.03535746597716383,0.06338499133013542
Ehmt2,0.299889395146808,-0.19770186893609676,0.30757042284575853
Ei24,-0.07172505614286795,-0.35510610143998544,-0.5046285335588525
Eid1,0.9016324278358043,-1.5400576656814318,1.4434105467523741
Eid2,-2.9854086720192323,-1.6471982583003821,0.33281354346151604
Eid2b,0.23675166631401812,-0.23517682203491241,0.5739702611802349
Eif1,-0.01717934632700313,0.04384163574394506,0.5603002331422147
Eif1-ps1,-0.1606933867791212,0.20262987171835156,0.21163734034968684
Eif1a,-0.13877193461871418,0.02297552572585637,-0.34730000038017295
Eif1ad,0.19461191817497436,0.3603696832663372,0.4358328070928206
Eif1ax,0.5580495946769757,-0.42038945269139916,0.763696737129619
Eif1b,0.3315920209537957,-0.8121815520916393,0.4708549961598827
Eif2a,-0.48738804942808844,-0.40002675815717037,-0.43973622989443584
Eif2ak1,0.6925229572548064,-0.5092017842663665,-0.4119362193110163
Eif2ak2,0.049501458765700335,0.02303744223213311,-0.417237827336721
Eif2ak3,0.09069013768376522,0.1584798963092222,-1.0732167319418284
Eif2ak4,-0.28123318611778814,-0.5384256941429633,0.08181636360877764
Eif2b1,-0.39377412755100405,-0.31190401425208947,0.2880394251725047
Eif2b2,-0.05557861636923356,-0.0035255688840445387,0.02548840197019331
Eif2b3,0.6139120594554806,0.6993409356498015,0.6830758858900188
Eif2b4,-0.1500287065332051,0.16532139402092305,0.13107520315530952
Eif2b5,-0.39488812120285743,0.42066453796808645,-0.14296708963477567
Eif2d,-0.07212966559982537,-0.41126353275145444,0.4130381668536556
Eif2s1,0.4064631953000397,0.12768480945886207,-0.07174335139365251
Eif2s2,0.32803860479277347,0.007902519319275214,0.1377395356365998
Eif2s3x,0.2698461138282786,0.2560404985193916,-1.0314996755476917
Eif3a,0.13749504208207952,0.15416980165338323,-0.19822319070598127
Eif3b,1.611700428999093,0.13081031107932617,0.094055844717996
Eif3c,0.11677863968306923,0.2987128618503352,-0.011075607852610858
Eif3d,0.27180162005694175,0.08572612521946521,0.596381953081309
Eif3e,0.24948763373239213,-0.18322749680325057,-0.06664515999336729
Eif3f,-0.4478515014770945,-0.05347084059237339,-1.032449722327959
Eif3g,0.3424673874736941,0.29521985684900454,0.20340116427359423
Eif3h,-0.04336305480582858,-0.4135184872369937,0.10377614280646874
Eif3i,0.05453795953099849,-0.09260696565974946,0.21793057240820346
Eif3j1,0.32954564723619395,0.3926386648380529,0.2585448319631629
Eif3j2,0.4593748526015815,0.47428164526501804,-0.05228631657663829
Eif3k,-0.3180232453101217,-0.06995633770204002,-0.024089806170034755
Eif3l,0.25935955375359043,-0.05646180269743617,-0.34054543506250123
Eif3m,-0.027093540596556664,0.1024820872212473,-0.33884061696736456
Eif3s6-ps2,-0.045077624472748434,-0.12614650304787467,-0.31061074727624594
Eif4a-ps4,-0.19345627117460662,0.12688258033549538,0.2397086430155282
Eif4a1,0.1689503129993124,0.23568765920492574,0.19474921601310413
Eif4a2,-0.8161889529052999,-0.46182288344385825,-0.8328893265498136
Eif4a3,0.20319431456885795,0.16583674154525152,0.10489371119697033
Eif4a3l2,0.03507772380514007,0.12231815506779842,-0.13491139411647363
Eif4b,-0.20040845438999177,-0.21697955743437092,-0.4837908273700524
Eif4e,0.02739177194530118,-0.2620596286049093,0.4705586993248225
Eif4e2,0.004331512040922192,-0.15019889884177395,0.43132976081765584
Eif4e3,1.350209287796326,-0.2126779792397134,1.0118014190516667
Eif4ebp1,0.19387183875613712,-0.13655596052421703,1.005634820694496
Eif4ebp2,-0.4951110025772403,0.05738968127162902,-0.6330142237428964
Eif4enif1,0.2911958079965613,0.11929426287587575,0.32540314353595967
Eif4g1,-0.15670492888974508,0.22611870864107786,-0.09927359326880314
Eif4g2,0.5812483033728402,0.2775360134876834,-0.2421129961992996
Eif4g3,0.3655122822140413,0.08587652439856885,1.2830653248046273
Eif4h,0.14626664091183272,-0.1676368511422872,0.17037031502393596
Eif5,0.1706815808397355,0.2729418369305332,-0.9751453793371994
Eif5a,0.23204917824367222,0.11641609387719498,0.3067702972411066
Eif5a2,1.0682538489956745,-1.0753426267841266,-0.330345943502679
Eif5al3-ps,0.0229015155160468,0.4918106018356574,0.18897984731491424
Eif5b,0.21550434900630044,0.15012294557941264,0.403767129520304
Eif6,-0.15731271670155245,0.4177262960040613,-0.08507037106514304
Eipr1,-0.43701857906101305,-0.24842259018704027,-0.4745940428796134
Elac1,-0.3455868220420939,-0.07019296517648765,-0.27491207859994793
Elac2,0.09851138375094415,0.9370489195525558,-0.32304224961809336
Elapor1,-3.265705808209556,-2.799695240286283,-0.22132721991307053
Elapor2,2.024687110130175,0.5417919462120274,0.09024114178192964
Elavl1,0.4373576147729956,0.173669432516939,0.502400859600602
Eldr,0.19572590334004492,-0.45648559171923453,2.1147330709111136
Elf1,-0.5331381092270213,-0.07143362627419769,-1.510852809729026
Elf2,0.17618890410857446,-0.14159939572704605,0.15845230042639535
Elf3,-2.610458551776026,-0.21956742164180287,-2.3675890665560457
Elf4,0.06057246809517203,0.11771118219384835,-0.024398963860578604
Elfn1,3.5911339723428988,-0.019384218489351065,0.3650991353047263
Elfn2,0.11547500675244875,0.0,3.1596001874021855
Elk1,0.36715242128016135,-0.611806365124894,1.075086359428688
Elk3,0.35817430194470923,-0.5859955614372616,0.5859959785187776
Elk4,0.02079116589319696,-0.3927570967874452,0.7240963287852047
Ell,0.0998405171196266,-0.07726651866788092,0.5595450612361965
Ell2,0.013691336939013254,-0.20321132362029815,-1.475238775145117
Elmo1,1.5311514116515266,-0.47914892989611824,-1.285968600474868
Elmo2,0.36568689452399905,0.10819225349383021,0.34340599234598823
Elmo3,-1.7021251904454582,-0.4674859717359605,-1.2457080391580768
Elmod2,-0.339210447211153,0.27643793748103107,-0.4469574478123084
Elmod3,-0.047308603866152765,-0.09576189473699159,-0.3035718728474439
Eloa,0.12579855702298737,0.3015480009166174,0.07888621881945301
Elob,0.3367151913700219,-0.424364150800983,0.8964642681116421
Eloc,0.1359028180562074,-0.4397737784699629,0.942560050079905
Elof1,0.21724715564949193,-0.19626911034270123,0.5467713745655542
Elovl1,-0.3229290371679472,0.09229929119564062,0.09072011094498933
Elovl5,-0.3083395390797179,-0.657774955404947,-0.8017467513317662
Elovl6,-0.7352239751630254,-0.950120928714079,-0.6156869265427662
Elovl7,-0.6256063780269594,-0.38959798060738215,-1.7568064314510545
Elp1,0.10523739128216203,0.4536150287880778,0.24909110867133766
Elp2,-0.0956683820218629,-0.3020470140511806,-0.4776931444243324
Elp3,-0.034056976423618046,0.3173811830605189,-0.27877524546266574
Elp4,0.3468432090045983,-0.08139696926236972,0.5532452094449307
Elp5,-0.34143835721816096,0.08793697872433981,-0.1666393224719851
Elp6,0.5184102716718377,-0.40439547548093646,0.6716220951620917
Emb,0.05494162635702948,2.2950223819318483,0.30415203816045955
Emc1,0.47948306328488854,0.2676384780576706,0.6883188949273098
Emc10,0.6794485067563549,0.3400483053971204,-0.11024362140716182
Emc2,-0.08835718661519554,-0.3392241621488452,0.12376503281216689
Emc3,0.09858763175123819,0.27224016469938306,-0.4905590492291312
Emc4,-0.131641861424602,0.02604706396368872,0.2155210961186942
Emc6,-0.14255591943392787,0.1610402332990457,0.3174809913825536
Emc7,-0.11212109446454477,-0.04950730255016911,0.21046780669136478
Emc8,0.2747704306208263,-0.10775494354527648,1.3011114757719078
Emc9,-0.5287494372244801,-0.6016251357541837,-0.12382202774281481
Emd,0.8350080345833462,-0.030139226563836274,0.49948386540567213
Eme1,0.29504832970649764,0.30598349155588256,0.822525165604002
Eme2,-0.813149036303523,-0.05472986946056713,0.32983681842367174
Emg1,0.520850240785256,0.15122953413489437,0.2545638020566674
Emilin1,1.615965290746744,-0.08439133803429999,4.277552041195628
Emilin2,3.8353394610020093,0.12552970038846972,1.91785916304514
Eml1,-0.18761237812286424,0.7709648797984094,0.07917450271097248
Eml2,-0.14553973205842397,0.27021983483809286,-0.7935819354172686
Eml3,-0.1003638333613397,-0.04086362272299393,-0.05078824633136314
Eml4,0.07173350035655979,-0.2606915805649459,-0.393154092791395
Eml5,1.1166413133838056,-0.2907696716840573,0.394555088203441
Eml6,-0.2893246512512,0.34232252921737794,-0.13356813744178098
Emp1,0.4857041660739121,0.8070019907532799,-0.019289131062462772
Emp2,0.6458842813758316,-1.024930755759149,1.4239820586415872
Emp3,-0.5336699055335519,0.12474788640182499,0.23084116869044458
Emsy,0.46495936663216586,0.6619709851258726,0.6262009487042759
En1,-2.2728609102816195,-0.4375155823547807,-1.000269203661623
Enah,1.641771751557311,-1.4974545437393232,2.84027610579995
Enc1,0.7144240077676853,1.2512615932346405,0.04073471082330471
Endod1,-1.4321482717636629,0.8964190359022703,-1.0815125507260586
Endog,0.4635430030385468,-0.3819599955818318,-0.19889223634880127
Endov,0.328304348302054,0.09463796969068561,0.9108104937195591
Eng,0.17078534591176386,0.08250868053877958,1.3299484175873046
Engase,-0.46383030575551554,0.05187941735627044,-0.27082275158197744
Enkd1,0.6080749017918281,-0.07424857944892693,1.8816923276308968
Enkur,-0.09383328076541098,0.30180010147058367,1.2421242485913166
Eno1,0.5483727488285588,-0.0117025795777419,0.3489933575783599
Eno1b,0.26607583466191276,0.026343032981126946,0.1551444440852836
Eno2,2.2957891190959896,0.031004147788530514,1.9592624961762322
Eno3,0.7593576676259906,0.29955355347166357,0.5475847234826263
Eno4,0.28778188545599237,0.003028725353254047,0.20851934010228573
Enoph1,-0.13359851251650934,-0.2728108880675606,0.26854581114367093
Enox2,-0.10590844819398271,-0.7196858520965992,-0.35262628159385967
Enpp1,-0.5065404910894848,-0.014226738936398142,-0.5494012881267096
Enpp2,-2.840363692841677,-2.4322413545092623,1.3483422724907421
Enpp3,-5.323680888116661,0.79385700993023,-1.6504751239467297
Enpp4,-0.25252134935133697,0.7793421149795519,-1.8610948898130828
Enpp5,-1.0670810429182982,-0.2622548530681521,0.18547032192748425
Ensa,-0.5840141162702732,-0.939270174042619,0.44670575798328827
Entpd2,-0.4627386928002143,-1.3091732434467644,-2.929634973791578
Entpd5,-1.1477204370598377,-0.025911005288230093,-2.46870259348714
Entpd6,-0.3985410837703727,-0.6315248415731451,-0.4116707203526291
Entpd7,-0.572204897434557,0.24759100057724126,-0.44400257590351044
Entpd8,-0.6263160242954576,-1.2666590107487166,-0.7725454459455
Entr1,0.4293643926976607,0.3574390227573687,0.7101708030253686
Entrep1,-4.064703642696696,-0.2887801512075583,-1.8048520677522082
Entrep3,0.040719867496105344,-0.3345851875251462,-0.15571408906652362
Eny2,-0.23699657407220442,-0.5367494588299735,0.7861204026488968
Eogt,0.30907244650406973,0.18724659131416388,0.007649409167086674
Eola1,0.0502737723350144,-0.7232182356805485,0.6126950867220224
Eomes,1.1880238541110395,0.4875985157732114,-1.5798306893848602
Ep300,0.24445459172971518,0.10714901690889889,-0.6229259937885923
Ep400,-0.012044050081984281,-0.3409193942706654,-7.302054217017684e-05
Epas1,-2.015139577090248,2.5847207535241457,-0.3875065891883538
Epb41,-0.19172378573810267,0.1549426243000127,-0.22900198535734617
Epb41l1,1.2176113189605013,-0.2706672071048466,0.39645268155043656
Epb41l2,0.15290929374676399,0.30868558853215244,-0.463415710591188
Epb41l4a,-1.4011158364156655,0.05588819671197598,1.6234661521264537
Epb41l4aos,-0.6988847708104151,-0.42669120997917176,-0.5906253303836033
Epb41l4b,-2.7209443529539223,0.3143012597934174,-1.6927504744538564
Epb41l5,-1.1263599076487196,-0.6462071252959589,-1.0287974842068688
Epc1,-0.07204198268568796,0.06961513802180264,-0.34178261115457653
Epc2,-0.012179715870111352,-0.04923003979740592,-0.039982394815954336
Epcam,-4.017021988805809,-0.07061630529641505,1.4615757033536483
Epdr1,-0.8971235609170733,-0.5868866058127766,-0.07777389688168057
Epg5,0.0789424432772301,0.6496162986279082,-0.8951030394849608
Epha2,-0.023306520377458284,1.1680834457453493,0.35456192765274075
Epha4,-1.0903190483628586,0.6124068044244275,-1.3429529951004353
Epha7,1.3950534008533948,-0.23555783064260893,-1.9905974231993615
Epha8,-0.0072785097844235945,0.23171033251902326,-1.6542834985107837
Ephb2,0.36977957855483234,-0.6555912850615297,5.2614781277228815
Ephb3,-0.9382148221471596,1.6855876740158644,0.8538943870267812
Ephb4,0.44013011102395083,-0.32490604255807476,-0.5577984473650579
Ephb6,2.4089608014612987,-1.0073125202600088,0.9482622652593684
Ephx1,-1.5925854051315227,-0.5131509795032443,-1.7396181166393019
Ephx2,-1.8522367639729111,-1.9673976122519377,-1.9140088725324422
Epm2a,0.5785378517548017,0.03420205801469528,0.5222138918232712
Epm2aip1,0.1445232339410083,-0.7251502150625755,-0.1953003322161413
Epn1,-0.2466525577716201,-0.16210904558037065,-0.12720659650758748
Epn2,-0.0953613564657374,-0.41279900330602093,0.8480209198319031
Epn3,-2.0700950520067822,-0.3272997873889212,-1.512343119429544
Epop,0.5965654200692514,2.2839365767364264,-0.4590705859454616
Epor,3.26084799775297,0.9372230816383533,0.49395482167856386
Eprn,0.503080445852318,1.1691891953424964,0.6184747379191332
Eprs,0.19033650281351377,-0.02091910893863247,0.48559195644912556
Eps15,0.06363665885621206,0.0488469865551906,-0.04443046305054921
Eps15l1,0.047117098886323205,0.05041550090488656,0.6355094659874707
Eps8,0.07890407509671782,0.8449125180652546,0.011717009844982584
Eps8l1,0.104672260538183,0.07745106579849725,0.6041065435099708
Eps8l2,-0.9515440975996121,0.6464338251957908,-1.3902245930691848
Eps8l3,-3.9548389252026834,-0.13286481951089169,-3.477365180813948
Eral1,-0.2964789997237869,0.3942326723402232,-0.04860415341542712
Erap1,0.008499158924616168,0.05102557505466265,-0.7612369501468672
Erbb2,-0.9027568578812346,-0.14369727673949662,-0.7699414429749512
Erbb3,-1.9905433556771635,-0.2678215359502989,-3.168934208612015
Erbin,-0.1720575947494849,-0.342963238284141,-0.8215844314733616
Erc1,0.7728665932301579,0.6527940877390765,-0.5537797809209741
Erc2,-0.23282417498775954,-0.8629671808572998,1.3220110845092483
Ercc1,0.5494591686438639,0.7200995977548725,1.412922596773901
Ercc2,-0.019460881326467838,0.17645395050961277,-0.24916742731388686
Ercc3,0.03940980097746394,0.011476672304561397,-1.015028497006707
Ercc4,-0.5370981744129715,0.26929600552730903,-0.4306394075162103
Ercc5,0.14293044012399614,-0.28350277257944256,0.3994364241350943
Ercc6,0.4694442213152792,0.30861448591479856,-0.7848012123226669
Ercc6l,1.0224173836936634,0.24569668384162213,0.6206323957322604
Ercc6l2,0.6572167078889635,0.00808174639185033,-0.41679188579479476
Ercc8,0.21975514273036545,0.2143214986187778,0.05249792059063818
Erdr1x,-0.20924036448113423,-0.004254177902089262,1.102018780138034
Erdr1y,0.5455549911557815,-0.6809687834958149,2.612643261091729
Ereg,0.386278679859962,1.3440808832584805,0.37760573805482434
Erf,0.465814770015303,0.18357327783864363,-0.28410546692871375
Erfe,0.37718998103972634,-0.5662393713422116,1.1679439693300164
Erg28,-1.07784976860109,-1.0723392104414806,-0.7187154474613608
Ergic1,-0.01866984036113628,-0.16082721731862115,0.06910121968891847
Ergic2,0.1243289394028162,0.5856233379045097,-0.2993806003592816
Ergic3,-0.40518027361552544,-0.5532318043338567,-0.2179586027414704
Erh,0.19455930013338385,-0.43420351843466154,0.38041443093952854
Erhrt-ps,0.005986750853178124,-0.25034197858637497,-0.006491322513560993
Eri1,0.7759794405023079,0.1751686215234214,0.28050790833560946
Eri2,0.27051669413931734,0.4529137641845158,0.21619913591871232
Eri3,-0.13527619649369882,-0.6111633296236176,0.5589021688967026
Erich1,0.009790237890615394,-0.011263171335070155,-0.4302377306630851
Erlec1,-0.6754766016590272,-0.2767355100827018,-0.23072360898419575
Erlin1,0.09383478465921868,0.17141478270143828,-0.08387693027872523
Erlin2,-0.7155565875010597,-0.3589618497257936,-0.8563224075458598
Ermard,0.28997681546433984,-0.2984043394155891,0.5638660865886189
Ermardl2,-0.2670855335958926,-0.24284710138774468,0.9256575628493399
Ermp1,-1.1231531224348208,-0.06878650399553976,-2.57664315402673
Ern1,0.10530571579471104,0.4810626741293449,0.7725446147508572
Ern2,-0.5199767115750359,1.112224202526686,-0.7727692069193636
Ero1a,0.3390890457728055,0.646817314636662,-1.6689345782508358
Ero1b,-0.270203873446365,0.40083371680747204,0.12090736135356117
Erp29,-0.22685892609821057,-0.934999377456049,0.5653245208698454
Erp44,-0.3233567315099046,0.06557354080251976,0.028992774622635054
Errfi1,0.14685962572300593,0.2869836273712547,1.564978741755442
Esam,0.014183511242263691,1.7913433336114721,-0.13937530233599627
Esco1,-0.07926857160076217,-0.09604112605043458,-1.1269967776491527
Esco2,0.23840036345977955,0.1987742445085745,-0.12676894863545307
Esd,-0.37337177910128894,0.5043809442745175,-1.0659027049123733
Esd-ps,0.015317328528636542,0.310772929446208,-0.5148886143000333
Esf1,0.28670505443893735,0.07353889492775778,0.347013511213337
Espl1,1.0016928172150799,0.21090438882400697,1.3056168911869417
Espn,1.680762617729575,-0.20996723938820838,0.1715765121895979
Esr1,-1.403324812069591,-0.29215051049347385,1.3643103636435256
Esrp2,-0.8319064340320068,0.45796515690707906,-1.9308318788525343
Esrra,-0.6552600447988928,0.11049429723737525,-0.6882870170557815
Ess2,-0.531543263424572,0.02982888329177058,-0.18658717176620954
Esx1,2.1029873907645897,0.9749673418236675,-0.14125833731541398
Esyt1,0.4574709684722267,-0.3254892032214167,-0.4566193902886617
Esyt2,-0.35517949684512384,0.10655096992238544,-0.6349255912076295
Etaa1,0.3760026407820485,0.2077133584167683,0.08765883789160034
Etf1,0.3447337885738566,0.42697576709111296,-0.6747708045894223
Etfa,-0.032708358946859306,-0.47775592042735493,-0.31837860374562155
Etfb,-0.5215208164504896,0.14023054755314912,0.5974657963568292
Etfbkmt,-1.5400362979884437,-1.1637438179582653,1.6491292396954753
Etfdh,-0.41557985685973886,-0.8895008644809606,-0.5342350122209334
Etfrf1,-0.9231703400551852,-0.5687682787224801,-0.051342149348286625
Ethe1,-0.5891317550514605,-0.38323358961996234,-1.0799634820263249
Etl4,-1.0649121604449743,-0.5474932875946781,-0.4601010142304238
Etnk1,-0.20922281124637632,0.4545611512949499,-1.2310901951487834
Etnk2,-0.0032913741106759264,0.7041951681181002,-1.1555392988133182
Ets1,1.8039181548044443,0.8484345596346783,0.32040705747425324
Ets2,-1.0563078442549392,-0.3167980874674923,-0.5158651949515969
Etv1,2.0562001609813083,0.10881519045012204,3.4123460782357755
Etv3,-0.7972300972854738,-0.20412900706337922,-1.1167399978493195
Etv4,2.2261671793890248,0.2513788023389658,1.4354663748548822
Etv5,0.24313006712552365,-0.0679623249048511,0.9395500924168001
Etv6,1.054760646831948,0.33389421837923816,0.541548176218348
Eva1a,0.7902291710145029,-0.03168686258229505,-0.02552865363763451
Eva1b,0.3957019512756652,-1.1185149802427174,1.1493323368074373
Eva1c,-1.5473727434353997,0.3883982210741399,0.8709542428055457
Evc,0.39454376398041724,-3.441160724685215,-0.7064853936772644
Evc2,1.1583644571215288,-2.831529517270356,-0.051991680940187024
Evi5,-0.284358594184301,-0.5393497119758237,-0.8010554585223923
Evi5l,-0.4374485629961966,-0.12484353356115685,0.8578115766874794
Evl,1.2200979634135196,-0.12726477627963106,-0.14404632575128407
Evpl,-0.6309474956627321,1.2493994509869322,-1.6366454610533654
Ewsr1,0.0887639513803622,-0.058775730867367315,0.671497979278878
Exd1,-0.6897149458018011,0.10611700023747073,-0.12103479651494709
Exd2,0.4199250811073485,-0.07804069280245862,-0.3945315248627148
Exo1,0.954450222678318,0.41418593683943694,0.9168722909615759
Exo5,0.0681660706342484,-0.480241171993705,0.5466995318303574
Exoc1,-0.09381566495228544,-0.1193947731649887,-0.22813462643472615
Exoc2,-0.01836826253188306,0.15672273689827954,-0.5685615665259984
Exoc3,-0.4736883476176166,-0.06571276127113457,-0.46935456359396
Exoc3l,0.0024565690181450606,-0.5432630171798444,0.18234127178339032
Exoc3l4,0.5743084836461283,-0.17965795117628314,-1.037392982412283
Exoc4,0.5711052934743996,0.33135339493131966,-0.1357860685877892
Exoc5,-0.2647177813426831,0.35773263293129975,-0.47780282293835796
Exoc6,-0.7390660748068258,-0.17199782630081284,-0.5648905086999356
Exoc6b,0.8271203243974696,0.38792551640098694,0.368930829241922
Exoc7,0.006954033019461292,0.004970185022033391,0.05335655851435206
Exoc8,0.012609695817655364,0.1697650254557077,0.2329184830385591
Exog,0.47766388607057575,0.4099850393361133,0.01357292970673063
Exosc1,-0.0541852736639763,0.2311977122472273,0.2906594886891485
Exosc10,0.4271625491791049,0.5039566095025432,0.49747603728310974
Exosc2,0.1689261664678403,0.34522635078324004,0.9464084624173346
Exosc3,-3.0003336072503828e-05,0.15293117174357018,0.6549972688845775
Exosc4,0.005150527129014648,-0.30851966931296104,0.6470551887358917
Exosc5,-0.6204591437882501,0.12009226519546168,-0.067598711028932
Exosc7,0.10535805886922667,-0.2903910141321484,-0.12030412904636645
Exosc8,0.7473636973658966,-0.3228837342975668,0.9371135308787801
Exosc9,0.07330753435313309,0.029139609783410236,-0.14050131397875543
Exph5,-1.3000733180282638,-0.4263258899119906,-1.7542835931689893
Ext1,0.0773344904113511,-0.5469521421405723,0.0692896747541818
Ext2,0.20915593818851352,-0.20252848474662777,0.2551975783414484
Extl1,0.2399454049895589,0.04046720337754832,-0.6253251758223244
Extl2,-0.048987213825831155,-0.20771889781421304,-0.07912267053207778
Extl3,0.008332065945542588,0.26400558132198704,0.15612500032357168
Eya1,1.84777874578758,0.28955582735146335,0.06471248814429513
Eya2,-0.8503666128100775,-0.5232555771012022,0.3393023722469337
Eya3,0.14919901560132232,0.3340086477123956,0.25724819354601447
Ezh1,-1.078726576918056,0.06826904217333851,-0.4456188268435568
Ezh2,0.785640647562305,0.5875794364736908,-0.2082669778267645
Ezr,-0.28389651859012766,0.40093585087796413,-0.551159455403532
F11r,-1.023031845053608,-0.21771201664312745,-0.5889295758744444
F2r,1.4306030846107864,0.8576847894990172,-0.6996359971810806
F2rl1,-0.1594395793765342,0.7026154597735008,-1.6023117145721786
F3,-1.2368808510538498,-0.24514163527344834,0.6895609578976547
F630040K05Rik,-0.08298784843583495,0.19332159320973208,-0.32238843684912233
F730043M19Rik,0.9941259707040631,-0.8088908497100307,1.5323826788368013
F8,-0.12874187042273022,-0.24238069257210038,0.5745793179085272
F8a,-0.8634374764591621,-0.6594841819132768,0.19579843725067514
Fa2h,0.12747576354367363,-0.6812119316946434,-0.47971544692425305
Faah,-1.3124160234763516,1.4058472768309578,-1.869159991957197
Faap100,0.32817077176922727,0.1230820381110398,0.34093555721073443
Faap20,0.466728885593338,0.01300717282348618,0.7021850071076949
Faap24,-0.051280163869869,0.5444762591935914,0.5799892130525741
Fabp1,-0.1673999003055431,-1.7883289426188935,-0.2310720638980246
Fabp2,-2.718266736275986,-1.0734547071251237,-0.2311718629030978
Fabp4,3.9973897973392027,0.18530781663021786,2.054142946830535
Fabp5,2.8830176472131708,-2.4246785048502346,0.4534254105459308
Fadd,0.03505183513827603,0.2767617517316969,0.22372028035232105
Fads1,0.05429643440978538,-1.4388535137822824,-0.9795852967107246
Fads2,-0.2804643542396308,-1.7352738457988357,-1.3577773553452293
Fads3,-0.24239969032220543,-0.5980384557876359,-0.7074487338399695
Fads6,-0.42675635427562186,0.30676248115363736,-2.010573060419377
Faf1,0.16663351983922237,0.4073085826895264,0.2242178145558631
Faf2,-0.17685986334481196,0.02887108826809026,-0.5073244479037706
Fah,-1.5736358466713432,-0.10877548483538746,-0.4697331185221856
Fahd1,-0.606491414408326,-0.522845186846622,-0.4050046556609881
Fahd2a,-1.0817499926536647,-1.4820873968088724,-0.15578672320840514
Faim,-0.09468943484499537,-0.4066109210095292,0.7011232138666341
Fam104a,0.056618083936032626,-0.02377901410949157,0.4903346911084263
Fam107b,-0.9192764160246281,0.26543902075841963,-0.4723952213923637
Fam110a,0.10538332814173135,0.24175184359191526,0.39195358037632566
Fam110c,-0.3119482729018137,0.1956751065432769,-0.09488444615196201
Fam111a,0.5976305615476232,0.3635866765213862,0.6113057766376677
Fam114a1,-0.17067263323652693,-0.20315790712746473,-0.1610497708929124
Fam114a2,-0.3730122570556027,-0.001538653397177292,-0.3459579793306027
Fam117a,-0.07448191775243851,-0.9242523966272937,-0.12389219415919639
Fam117b,0.39848463333321504,-0.2690890045986789,0.02719312144888164
Fam118a,0.24415549589448915,0.020484390965537003,1.2231844727605679
Fam118b,-0.19074996112676068,0.12168527145494412,0.02355172947793971
Fam120a,-0.42453646018568314,-0.0502959143932582,-0.7393424859340723
Fam120b,-0.1056181176352009,-0.1901806105749353,-0.4832783162870369
Fam120c,1.076061621948457,-0.012260310024613474,0.19757759461931812
Fam131b,2.1475397279607806,0.18649433038355076,0.7183412067782201
Fam131c,-0.13486102368638675,-0.2998467944615807,-0.8575995087294763
Fam133b,2.3620284207091986,2.2478059478777928,-0.08239934413787164
Fam135a,-1.4289816281376488e-05,-0.3042754168910653,-0.8925965927664459
Fam136a,-0.037909521069828145,0.2923971159987353,-0.6660019519028131
Fam13a,-3.4197600197787357,-1.861454582999925,-0.8246363391475324
Fam13b,-0.3378902519735183,0.38062627548361316,-0.5440781704239996
Fam149a,-0.9528880099403727,-1.4163846461809788,-1.5962500852521657
Fam149b,0.4886128078581753,-0.38757019275528437,-0.03932878803124584
Fam151b,-0.46051524073028993,-0.5487176825256246,0.07081439088542374
Fam161b,-0.35704552278370294,0.1128742074187884,-0.356618519014012
Fam162a,-0.411303417908667,-0.9394692670919866,0.6037377019927694
Fam168a,-0.06998503043618243,-0.2667406761420965,-0.40389658458555733
Fam168b,0.2259069238251339,-0.08254322258504665,-0.10213462107270299
Fam169a,-0.14518918544116233,0.07172835146893353,-0.08898127341220541
Fam171a1,0.8385714621467235,-0.41856718202433596,0.8551356578193747
Fam171a2,1.051417958198834,-1.9700119559803722,1.3348815830944405
Fam171b,2.5321375607405656,-0.26518589712954643,1.1566792869745717
Fam172a,0.5162206318594844,0.023305555052237636,-0.7321842945648438
Fam174a,-0.433154037776986,-0.5908867628506238,-0.2559029952632583
Fam174c,-0.7413947441811035,-0.4639748237602803,0.7073053771716524
Fam185a,-0.4898253354380664,-0.20641034914980239,-0.6960122252609975
Fam187b,-0.9109072092174728,-0.2552654374645027,-0.7533581149747723
Fam193a,-0.15904607178041896,-0.760680666538776,0.6040523068791881
Fam193b,0.26399711668925185,-0.6350120882023615,1.4456771577449308
Fam199x,-0.22927667966780207,-0.08525961606954979,0.19202143998723553
Fam204a,0.3847584242123179,0.20502558807792193,0.20625765730817136
Fam20a,0.43003873693385475,-0.1991623153968336,1.1007520455333157
Fam20b,-0.3080321635101555,-0.029917744160879778,-0.47711457768253407
Fam20c,0.5119503608736178,-2.484963478357786,-0.053073487411100295
Fam210a,-0.06645443405108775,0.27573711487127106,-0.5786560020306508
Fam210b,0.6637289572881042,-0.7974309378634361,0.27247274541012256
Fam216a,0.3531198783666798,-0.8984181528175035,0.499069857438446
Fam219a,0.9087271733917923,-0.12125510988728472,1.3503187573004158
Fam219b,-0.01216838914149454,-0.18523992813150691,0.23092335114220042
Fam221a,-0.20714665968058177,0.023456600079207413,-0.22317948989518993
Fam222b,-0.09248807094637002,0.27990339495574545,0.17457487428470575
Fam229b,-0.018519733322911902,-0.7199566987547968,0.349029232302811
Fam234a,-1.8023210410644408,-0.5225056597030759,-1.0451571350944349
Fam234b,1.473478715861951,0.10401873828827712,0.5576694134664328
Fam237b,2.8761458455156843,0.03167278633718065,0.06464630198625475
Fam241a,-1.1255539298271628,-0.3521150643016595,-0.4519869454954142
Fam241b,-1.1942405547496122,-0.854762292976115,-0.13773403733513345
Fam32a,-0.5100967048223906,-0.23761393339996761,-0.5864250007312837
Fam3a,-0.2422259503568709,-0.15386945815231412,0.35819202794141347
Fam3c,0.03535237533913804,0.21040866384317525,-0.3256670502768415
Fam43a,-2.5903364793788297,-0.5935339723092836,-0.9169487301941928
Fam50a,0.07278950247015992,-0.39131143919229494,0.36885750616300683
Fam53a,0.0062396629455809816,0.0971412906245206,0.18632260195526928
Fam53b,-0.20224725654533549,0.3003534822679228,-0.05742871142074146
Fam53c,0.13413697597629692,-0.07754795973242068,-0.8885321233692558
Fam72a,0.24504084231796774,0.02252309631391558,0.3774070035537831
Fam76a,0.14969004573687528,-0.06559905367273355,0.1550518376388128
Fam76b,0.1207786098469068,-0.40054405624325273,-0.1398813115725286
Fam78b,-0.05307483507558845,0.0,3.7888757218516886
Fam81a,0.31963178913798684,0.007359062937984745,-1.03849095454354
Fam83b,-0.056957621008986936,0.8511845934092661,-0.767161358851024
Fam83d,0.5317232189325463,0.09004433838049675,0.6339305480792041
Fam83e,-3.014626786902033,-0.6576189586135954,-3.1473999789018547
Fam83f,-1.0635483260652554,-0.21376619687420828,-0.9376238892180299
Fam83g,-0.2463578506360653,0.44842461453258053,-1.0951439326703682
Fam83h,-0.7223810624525839,0.3281153447459788,-1.0076736778650321
Fam89a,0.5407345286529387,0.17154183685019614,0.7368406627217746
Fam8a1,-0.1998033540186963,-0.3173841370402064,-0.637531252907805
Fam91a1,-0.08582962534358884,0.8594335472428147,-2.0006242541307144
Fam98a,0.37223589343145846,0.3134772318776413,-0.0427859339312926
Fam98b,0.3956508902657596,0.011897740023129266,0.4747408800915984
Fam98c,-0.05156422019751372,-0.27830481833972576,-0.2524307751002126
Fan1,-0.30021967188489196,-0.02627461268564102,-0.3473526158013589
Fanca,0.5751062598441061,0.30438963541714426,0.7760401965782311
Fancb,0.5424666267948597,0.46577736403626346,0.36743417045237337
Fancc,-0.22024762734217695,-0.1576188154726923,0.0749595293790204
Fancd2,0.873273129045435,0.4942064175255778,0.32661936486439425
Fance,0.3728599772424852,-0.273890110205417,0.02544241815047421
Fancf,0.2366917629425953,-0.017029153531295638,0.47467665397920733
Fancg,0.1328717286946346,0.36580101983805946,-0.18382560394402558
Fanci,0.3829268153608445,0.41976089416586637,0.20353146035489544
Fancl,0.3830061838680945,0.6008093686050167,0.5259077373654573
Fancm,0.7231260948056124,0.5023228202559267,0.1976828220242104
Far1,-0.8081006161527373,-0.020053206017712988,-1.0993390718754474
Farp1,0.6572496699771184,0.2525991850015492,-0.18798183016422065
Farp2,0.0349278030283835,0.297053333526089,-0.41650906775165986
Fars2,-1.1766391362154276,-0.1517176998496268,-0.5980760210771932
Farsa,0.29129476854215497,0.13567149247722643,0.3487850543111657
Farsb,0.3146799457150431,0.1353709436630277,0.2944256075794236
Fasn,0.06771424866345122,0.23879438643117545,-1.5919271628778153
Fastk,-0.00509950583687413,-0.5884754709583246,0.7240264628627653
Fastkd1,0.05633765783781053,0.49594288503624817,-0.16197613699999058
Fastkd2,-0.05116423245124402,0.25093109362011834,-0.03246771107690094
Fastkd3,0.14516821907241395,0.1836625741646971,-0.3379463090181716
Fastkd5,-0.33187872444542865,-0.2254658882193019,0.08751161024889953
Fat1,-0.04170255501012221,0.21199227475223026,-1.0595764064142577
Fat2,2.230236407611196,1.6244598871129545,-0.805057309716799
Fau,-0.20237336336903589,-0.14512350573790833,-0.2612877689991002
Faxc,0.8446369332094106,-0.3098050539341215,0.024531148932021535
Fbf1,0.6196497932658804,-0.049767773952330785,0.8581866515209873
Fbh1,-0.08675751559404787,-0.47166337017283233,0.12782256706670125
Fbl,0.27091491191632233,0.10758239893723598,0.38686689497886206
Fblim1,0.8309604707876739,-0.4794424751178674,0.44558400940905507
Fbln1,-1.7011106584616797,-2.0704059911299746,-0.26567331747844136
Fbln2,1.8540249305951182,-0.2953229790104004,0.02225149607276755
Fbln5,2.292971447144662,1.515821804753636,-0.25648309360339305
Fbp2,-2.7669903005653715,-0.9161105617493925,-1.7547151321338634
Fbrs,0.12329125141783681,0.1879599364928941,0.07610897291751684
Fbrsl1,-0.34199206275591987,-0.42678396081412284,0.19702741398653423
Fbxl12,0.37785039391912445,-0.5395835180324093,0.6208029620259179
Fbxl12os,-0.09408702316978979,-0.5329766575573581,0.6651299330177964
Fbxl14,0.9103741428877852,0.5153655113304643,0.10313901697699723
Fbxl15,-0.38009180689143873,-0.4379049353029627,0.30036656786554516
Fbxl16,0.233601583941899,1.021720641292521,0.16503742065199134
Fbxl17,0.7471939296888328,-0.14425119721336532,0.10169805668826726
Fbxl18,0.9441636100655897,-0.2486588838628876,-0.06246482582293433
Fbxl19,0.17721888428701327,0.25974875532564123,-0.2574749939821501
Fbxl2,-0.2557705918482549,0.03072038378700448,0.4797102185082962
Fbxl20,-2.1739256769652955,-1.351209931894425,-0.46499259384252767
Fbxl21,0.4386119606595028,-0.44368907650380246,0.8208676403831313
Fbxl22,-0.30503607332580096,-0.8670165589017924,-0.8386232259216478
Fbxl3,0.006686343270651207,0.044628140607419375,-1.0060606078097907
Fbxl4,-0.2276742126589104,-0.24994754619709703,-0.2039614949910975
Fbxl5,-0.5958860887370756,0.5167306697873686,-0.31709513276285506
Fbxl6,0.019577931466236542,-0.2191114564045087,0.31684226323562736
Fbxl8,-0.06292656829358467,0.07284945959113331,0.29949725817731654
Fbxl9,0.05794496030167573,-0.07278099069885391,-0.06898763952940001
Fbxo10,0.3108182809489808,-0.41996766198494884,0.4304971254727552
Fbxo11,0.15196715566766983,-0.07969624989496982,0.041014937008977626
Fbxo17,0.6910929070163951,0.19593083213467777,1.156717358740008
Fbxo2,1.9408487753158075,1.0408961241899521,0.9960368328843625
Fbxo21,0.43563952266084094,-0.5002649481133208,-0.12634256056465087
Fbxo22,-0.17126764219072044,0.050017653471066126,-0.14969203981238355
Fbxo25,-1.2526195283189558,-0.7898677874946367,-0.0014744576553162858
Fbxo28,0.04026927638839961,0.18866160805799126,-0.1663168689058434
Fbxo3,-0.243063529193976,-0.43808305792569513,-0.30538385337861307
Fbxo30,0.4709719177272955,0.048154707162607835,-0.11872718411518823
Fbxo31,-0.24791276236166926,-0.022149026124656856,1.3677682282420047
Fbxo32,-0.14068413587771988,-0.15525146545575286,-0.21551199887274342
Fbxo33,-0.6452718856772925,-0.030176457970505943,-1.1677958504178374
Fbxo34,-0.2533059256011745,0.3242357677797596,-0.15484867344397824
Fbxo36,0.39359869957640115,-0.05299724252088289,-0.07899759289367125
Fbxo38,0.013256253340418134,-0.10973589205192802,-1.0238667206922125
Fbxo4,0.39784531649797694,-0.05481758880857779,-0.185971957616891
Fbxo42,0.325985933288087,0.23101315214562756,0.4759370881012277
Fbxo44,0.8561906281567802,0.3620557381827636,0.9210376725034846
Fbxo45,-0.1834405074397285,0.3845683452304325,0.1931306919663749
Fbxo46,-0.3873862592246917,0.19400195389321961,-0.10128379425141887
Fbxo47,0.07221938970648623,-0.19487589409839945,0.01740598202044974
Fbxo48,0.5053305002412345,0.6067362685417201,0.47118171410654397
Fbxo5,0.7527852232914167,0.18993510553596415,1.4377387797502759
Fbxo6,0.14049378392542167,-0.266441219783081,0.2110942771319282
Fbxo7,0.059015128741432665,0.36458821219505566,-0.05908079193372018
Fbxo8,-0.7025859953913587,-0.2441598087229453,-0.2914526342199064
Fbxo9,-0.1368398302063003,-0.0229088725835922,-0.24035537804972895
Fbxw11,0.08686808970473159,0.461515041567119,-0.3695605473079917
Fbxw17,0.3600328583980321,-0.358676441821693,0.3125226257338385
Fbxw2,0.25254066087655147,0.13608786504585435,0.0694942576889721
Fbxw4,0.43638816462592844,-0.1880323812603355,-0.5802651896990882
Fbxw5,0.018060930887830118,-0.23036847374871083,0.09962531228479765
Fbxw7,-0.6191866485683337,0.03193237697026241,-0.12732356689319424
Fbxw8,-0.2959079107408691,0.19369122301807362,-0.8063338849909298
Fbxw9,-1.2082712576528416,-0.6779514395308688,-0.5485735785035066
Fcf1,-0.20970465592040632,-0.08439256045027665,-0.05276483978170443
Fcgbpl1,-0.45592567858997946,0.4449475926980586,-0.11869930133833595
Fcgr3,-1.1298495802741435,-0.9652043852512598,-2.5359736705167
Fcgrt,0.13877357071200125,-1.482778448031198,-0.2864652029888637
Fcho1,-0.5065949837848032,0.7713986438397287,-1.0425746567326009
Fcho2,-0.6756850792804832,-0.38482669831969396,-0.9048790646773668
Fchsd1,-0.0548902447433357,-0.4680194495475434,-0.3910115581863045
Fchsd2,-0.5663936542629031,0.752655552856941,-0.3283290281882043
Fcna,0.08012327404583623,0.19784823670289323,-0.7782466845156897
Fcor,-0.03377907622198406,-0.04306683590831151,0.2946506467495107
Fcsk,-0.5721677223645854,0.16206113498861452,-0.6432507475081692
Fdft1,-0.9710665621410826,-1.2233041889851295,-1.395940406196054
Fdps,-1.7759940069245175,-1.7609872144123984,-2.165534277872929
Fdx1,0.9763081487854208,-0.18586200394588026,0.3869992485161564
Fdxacb1,0.09246009745338157,-0.4333490417760337,0.05783488729224895
Fdxr,-0.43306998333563484,0.02888674766274235,0.4099303773429037
Fech,-0.11890933458521058,-0.18579318563535008,-1.0758917096832743
Fem1a,-0.18116738746315963,0.6572437619105118,-0.4457563810143421
Fem1b,-0.16467635655528046,-0.14694558076137554,-1.0832540852083232
Fem1c,-0.12336878779456661,-0.014126901325751895,-0.7548476749677189
Fen1,0.2562633136363466,0.46820253335675,0.004171287955621467
Fendrr,0.3830020310731915,-0.024071070595852454,3.0550119157266775
Fer,0.8470041950209284,0.4303488950104555,0.4483856336689156
Fer1l4,-0.2119320817853577,0.29047445528087995,-1.6364831929466797
Fer1l5,0.05602695843309835,-0.532526644527548,0.26190340329134276
Fer1l6,0.9269384966837935,-0.5339953892297693,-0.4752361021358382
Fermt1,-2.2703799518794323,0.053663434562971624,-2.661800194890831
Fermt2,1.5904629479965333,1.583100764822091,3.4667790757001766
Fes,-0.43670772731981666,0.20522766057189656,0.41411630926038445
Fetub,0.1830173026499622,-0.5568623511793275,1.3760314212213356
Fez2,0.34459665709843357,0.23065547414602605,0.5525993257655717
Ffar4,-2.109940712046787,-0.7451909500439342,-0.24348720349785236
Fgd1,0.17943477238840183,-0.6113773940059049,1.3033776275616402
Fgd3,-0.9116127490819985,0.008488423833469483,-0.5881663545951641
Fgd4,-2.4715218746116157,-0.36482291314611004,-2.477805052393717
Fgd6,-0.42529706632541675,0.3555036299526364,-0.0012043483975574532
Fgf1,-2.3256645731087926,-1.9468853760293299,-4.169230953932066
Fgf11,0.9621260477439754,-0.28441431525281735,0.9547595950092354
Fgf13,0.31354563499981847,-0.9871126268678139,0.0
Fgf18,-0.576596338339938,1.2168793621077438,-0.2132650180995359
Fgf2,-1.2589015936321117,-0.01898917453260779,0.8435267641406567
Fgf21,0.2244986307839114,0.0,0.803880700961398
Fgfbp1,-1.5531930559603837,-0.2672068109248398,-2.0804453518149986
Fgfbp3,0.19328997704076567,-0.07048600368071734,0.8288960364537419
Fgfr1,2.2603140116046787,0.027875808790289714,6.626255042855304
Fgfr1op2,0.15042724622940096,0.1537640072447397,-0.13711586122518948
Fgfr2,2.594312879116538,-0.023393628948020443,0.5049672125866822
Fgfr3,0.7391874451108988,0.23508715023735538,-2.408568115389714
Fgfr4,-0.7103480053213231,0.17740830697665766,-2.799484959523011
Fgfrl1,1.7044338363174782,-0.9993176142961535,1.663327734495264
Fggy,1.1094590576797474,0.08232832660112875,0.8285479358555161
Fh1,0.06294925673310292,-0.48101840273360974,0.38007486281774394
Fhad1,0.5350671208412733,0.010213267522534417,-0.6367177218171058
Fhdc1,0.6577668008970718,-0.2239389610929603,-0.7930894447475865
Fhip1a,-1.2453275494917357,-0.7600890712399098,1.0393311094468696
Fhip1b,-0.23575395238972874,0.19403893760132362,-0.255803719722584
Fhip2a,0.21994995818845364,0.4516052011931846,-0.5736005109248259
Fhip2b,0.43781623895682475,-0.052818470415481045,0.02641244770402018
Fhl1,0.3260367655890697,1.7132394733841845,-2.0791918110099386
Fhl2,0.010887682302350044,-0.1520489952385553,0.13600436814264683
Fhl3,0.17980937896284566,0.257147422164425,0.6581509823764504
Fhod1,0.6611772142362122,-0.5793426156050003,0.6085523620803786
Fhod3,1.1371295985660586,-0.32588700052179687,-0.2750150655017296
Fibp,-0.7713169491544054,-0.5395243931946396,-0.58309062486597
Ficd,-0.6330965108447644,-0.25287660851615135,0.0245662892299241
Fig4,-0.6110730721915543,-0.28125175564892935,-0.41703988991782737
Fignl1,0.8560591324082347,0.513002547114418,1.1256296838072672
Fignl2,0.32574830244767516,-0.30755936887347535,-0.8680561638291271
Filip1l,-1.08842844484571,0.388647282410294,1.5206584244244254
Fip1l1,0.11624946796529922,-0.24671931646422074,0.6783812157856683
Firre,-0.1943770452414446,-1.0048009607059076,1.1909217848919171
Firrm,0.7757300305044446,0.09370791397413836,0.695683708297727
Fis1,1.0475526687450474,-0.5181364060751878,0.588606150309233
Fitm2,0.4231017892989435,0.5684651552058968,-0.19492376660722766
Fiz1,-0.18944597351790726,0.554418451586983,-0.0817139419165267
Fjx1,-0.1865338567231721,-0.5507110730800049,0.3389207334725475
Fkbp10,0.7656952815765052,0.25735242663714875,0.6247478902264714
Fkbp11,0.2083797514057082,0.337505166927917,1.868474059042616
Fkbp14,0.3400248450115857,-0.32365873157884195,-0.18795438358381755
Fkbp15,-0.08552562489520632,0.06464146061477472,-0.01815998870589297
Fkbp1a,-0.4911039561465387,-0.3031505238752388,0.16634540541679677
Fkbp1a-ps1,-0.3344007045591152,-0.0032133865708279252,0.11809992652006962
Fkbp1b,0.9040605269262458,-0.27159370722677867,0.18272088156386035
Fkbp2,-0.1354296158006001,-0.12553403579214262,0.8078900620124738
Fkbp3,0.9943494624418783,-0.4170681815220201,-0.1469251973391721
Fkbp4,0.5143999628922327,0.24596852727273522,-0.5733328176425694
Fkbp5,-0.29273339956103506,0.44610870897675436,-0.03591152579584733
Fkbp7,0.806596142846578,-0.6592214646175549,1.5133490805808387
Fkbp8,-0.19176701257701545,-0.29562121903457683,0.4294892508391044
Fkbp9,0.7079838292178007,0.33662924010005746,-0.8119257271961509
Fkbpl,-0.38904214908627566,-0.06386281060133037,0.3026363648122503
Fkrp,-0.14914522993263368,0.4376551703834295,-0.31757101806256927
Fktn,-0.46756520938502133,-0.5131289118539506,0.24585168339885577
Flacc1,0.02227884197543406,0.4763798556483019,0.5180087259415025
Flad1,-0.9105893117813264,-0.36790682211612946,0.13528809344110204
Flcn,-0.5390165940842548,0.24435882058438452,0.19478644794032363
Fli1,-1.1858011410442522,0.3015841296052327,0.26899877778108633
Flii,-0.2731237250654823,-0.06653510807122487,-0.272773316612974
Flna,0.20057927746654514,0.45410764971430595,0.21464374446303225
Flnb,-0.3475920686267244,1.1853865285040754,-1.2827455272551962
Flnc,5.388274396788383,1.2375916595663758,1.1949105834947513
Flot1,-0.0381741830798239,-0.7912633061226844,0.7382873527225682
Flot2,0.3281299823542163,-0.0297046892182955,-0.13883646138596895
Flrt2,4.209490057483532,0.0815532791341944,-0.47413612565962354
Flrt3,-0.7707200336294395,0.22555428492809693,-0.4260241154604554
Flt1,0.9101362857380548,-0.04017543948544622,0.15228115621313876
Flt3l,-0.01687562785783181,-0.0022032382078642776,1.0962121333156905
Flt4,1.474701617597241,-0.6725537581586556,0.2055275880058117
Flvcr1,0.24279804391632265,-0.0057241887566110705,-0.3685104991865358
Flywch1,1.4773655396463505,-0.030724097623821223,-0.037386255747238195
Flywch2,-0.020282825322744502,-0.7018623253589134,0.4528879035302369
Fmc1,0.49729274674307167,-0.15984848087811176,0.9965137197934717
Fmn1,-0.4390007423337483,-0.1622818060631266,-0.41065948915064965
Fmnl1,0.42551659127641916,-2.1898853211934948,0.949039098006935
Fmnl2,-0.2716040500503931,-0.2883780860169347,-1.0452948306441598
Fmnl3,0.9395199035926183,0.26275737146013345,1.0568912571716957
Fmo2,-1.6357837617684727,-0.024071070595852454,0.0
Fmo4,-1.7687395390741427,-0.08854027318417745,-0.07284808544297075
Fmo5,-2.9774585391149744,-1.6306168718881073,-1.5129307710826245
Fmr1,0.31330290091317714,0.026392543190714157,-0.21076223557188367
Fn1,3.5526052508538646,-1.701223482167749,3.192652203094587
Fn3krp,-0.18438876483720756,-0.32432891653627527,0.0025988970628820773
Fnbp1,0.977422451533049,-0.49414546915788193,1.9237288549726332
Fnbp1l,-0.21660579116989886,-0.1251043458670269,-0.2873835434753964
Fnbp4,0.24149520203882524,0.36442369289895193,0.11055258470445573
Fndc10,-0.6796725266794021,0.35544715057216214,-0.6354443571360366
Fndc3a,0.2640049364888277,0.020058560268874537,0.37762865483677377
Fndc3b,-0.20516826292868373,0.39731093537553885,-0.0022903376093674765
Fndc4,2.449363208734326,0.38241184758547564,1.612365921186672
Fnip1,-0.21081784809424953,0.4582578004418596,-0.026403098561548433
Fnip2,-0.7511425241167373,-0.010687347697963645,-0.2667044467515671
Fnta,0.018113181354424412,0.04562515325884409,0.1558471118312701
Fntb,0.051821576795337165,0.0996691551145199,-0.025927828771049377
Focad,-0.30353008380157487,0.12341124888731336,-0.6901215536173173
Fos,-0.4813397799337178,0.6596759235373248,-1.5086065695678412
Fosb,0.9608810348296974,1.5083609221607515,0.5720956325303037
Fosl1,0.9203337099339444,0.7385088108584066,0.6305703794134718
Fosl2,-0.43254988994619836,0.46790392764429356,-0.02029291925719079
Foxa1,0.2634039665954435,-0.8737126482934654,-0.20142826633205047
Foxa2,-0.15551091070222256,0.07246781767720023,-1.3327602054529217
Foxa3,-0.16389706989079555,0.3663357180451512,-1.2729091392633909
Foxc1,-0.07004794445977813,0.331548210525499,3.045829261018241
Foxc2,0.0,0.0,2.308325154957806
Foxd1,2.495553248687396,0.03611914584309606,0.06647150131854396
Foxd2,1.1510336588158268,-0.09682814147223673,0.513245928074858
Foxd2os,1.6337930336756523,0.3389157253507378,2.0047967673900318
Foxf1,3.0522719605026323,0.0,4.950154211392984
Foxf2,-0.7425703183749821,0.13837509164023754,-0.3085546329804467
Foxg1,1.4067422029684078,0.26493178012388263,1.1434199146455066
Foxj1,1.307109028639529,-0.035206962578309575,-0.6509951598158574
Foxj2,0.37154839971261033,0.07120209375429454,0.3621321420811645
Foxj3,0.29994529983981444,0.6220897180501668,0.22685945008063868
Foxk1,0.9113554772200612,0.04131689430116392,-0.2902932528055544
Foxk2,0.5035410887804863,0.2519392161301637,-0.23836563700285485
Foxl1,0.019104964419089477,0.0,2.688527231100504
Foxm1,1.7247006946366712,0.6685031410608069,0.617001310688563
Foxn1,-0.3358063622654458,0.8661032774265514,1.457133401234123
Foxn2,0.22485669476308345,0.6714915103412373,-0.17911089847348816
Foxn3,-1.0069734098359788,-0.9737041440277325,-0.29300635795811125
Foxo1,-0.6932769755410133,-0.1545046406122781,-0.4264624836372768
Foxo3,-0.8661951282094469,-0.12479117451323418,-0.4986171000990751
Foxo4,-0.24857199908329974,-0.31679736911290934,0.3151608473913834
Foxo6,-0.6711790255996619,0.21807031252037,-1.1017563332757576
Foxp1,0.09771920933187861,0.7312780656710514,-0.004873900051773461
Foxp4,0.5740214435208211,0.035792158070318436,0.611552691352335
Foxq1,-1.9083718583850109,-0.696540020505811,-1.5077020453262833
Foxred1,0.616757053113564,-0.36765651364918117,-0.31716632214465834
Foxred2,-0.4886687365979481,-1.2361049994747737,-0.35935948333179035
Foxs1,0.3378506188493453,0.0,3.330262442792594
Fpgs,0.01713670522737054,0.12354452985574405,0.12753618678560663
Fpgt,-0.6261512978990793,-0.28533540555386505,-0.6755154114824058
Fra10ac1,-0.1543980491104575,-0.33956496280941684,0.27179026927674865
Frat1,-2.3123777606967524,-1.3741313981083034,-1.8712196389824793
Frat2,-1.7030950276727608,-0.7975968279276655,-1.0484173302194657
Frg1,-0.09676459040557539,-0.09865390838894328,0.25462210689089204
Frg2f1,0.26171343566723937,0.17332037133563838,0.11241302643580597
Frk,-1.6265235311163977,-0.8892448916960349,-1.2536976959041701
Frmd4a,1.3163202598974149,0.6199432746193629,1.8868889070388448
Frmd4b,-0.7469435975407999,0.9276375027262214,-1.5454868512191702
Frmd5,-1.3354228044720249,-0.6164977213122889,-0.25498540251612356
Frmd6,1.9628635706961446,0.07488682502795108,0.6120322508176068
Frmd8,-0.055098978431998624,-0.5211722405674628,-0.21074592611049336
Frmpd1,1.0348616959681576,-0.9442543473089053,-0.6871468128023701
Frrs1,-0.9766789941154377,0.5014816472538719,-0.41301942364253286
Frs2,-0.3358010506552773,-0.14114770448091463,-0.002009112885667186
Frs3,0.49118160615743256,-0.15983960314493917,0.27293423084735036
Fry,1.0466233172945032,0.6402152931841784,0.27955783859847716
Fryl,-0.7046892838061503,-0.26855599599101154,-0.7079152134939921
Fscn1,3.4829240461318616,-4.231536026406825,6.356423521507841
Fsd1l,0.025847805418486747,0.2199390692225509,0.9803897053695969
Fst,2.634397782183755,4.206944837357733,0.5197359963309611
Fstl1,3.1426095871840785,0.0,0.8442824392552322
Fstl3,1.6263303270828176,0.8834174540675324,-0.13025329488183957
Fth1,-0.27879305323966364,0.06734573663694832,0.14601232698078448
Fth1-ps,-0.46736872419532227,0.0939806807877257,0.11876940859416707
Ftl1,-1.0339578070609008,-0.04131939740838142,-0.9528870573451176
Ftl1-ps1,-1.1542796781688818,0.2596951665028393,-0.8150840263403585
Ftl1-ps2,-0.8076339564473936,0.24673542944362703,-0.6419090038040419
Ftl2-ps,-0.8859590589837263,-0.11119646599079247,-0.8148764766784032
Fto,0.07291220005313104,-0.14844663817939985,-0.09145096213625425
Ftsj1,0.26749174491271077,-0.2352383132296234,0.5071920317639327
Ftsj3,0.27384112869510613,0.4428043901540235,-0.1891553694892254
Ftx,0.26123488963825836,-0.054454370153843135,1.101533424904876
Fubp1,0.3131583435249832,-0.08475661648742161,0.30800997844496436
Fubp3,0.12550195057071178,0.17478433798313642,-0.39973685874063314
Fuca1,-0.2754374831981625,-0.5777342185413108,0.009488415246143411
Fuca2,-1.472331018504145,-2.605405836096974,0.7140846985268692
Fundc1,0.31319540878137353,-0.4563974071632746,-0.07704715328353817
Fundc2,0.31194920939624815,-0.7474411973721047,0.6713234131657853
Fuom,-1.0297413675613027,0.20333336892259446,0.8099857297768374
Furin,-0.0985881385038807,0.42537226274047857,-0.29673141260386693
Fus,0.5071361883939272,-0.060785595057591735,1.1367790354984324
Fut10,0.8044586824724735,-0.05185449275714049,1.5469971636405417
Fut11,0.46856320018346853,-0.07678707218569603,-0.425016574006694
Fut2,-3.828493951937646,-0.5463887136599164,-2.263249469785432
Fut4,-2.16329085961151,-1.948270664893092,-0.9149497543761933
Fut8,-1.263487287512298,0.24295309258974207,-0.5240225572631028
Fuz,-0.6055105757418002,-0.7622351317885632,0.09756208594017535
Fv1,-0.10746442635397457,-0.2960360619676299,-0.6000385643203296
Fxn,0.004162764529528573,-0.1852586081719254,0.312819002648812
Fxr1,-0.16734006684315617,-0.2819482457755562,-0.1267027285131661
Fxr2,0.38983563356996953,0.5529480828224722,0.22296106449262787
Fxyd3,-1.8764839214737439,1.7912582170304736,-1.773488760444757
Fxyd5,0.6931937396349301,1.6974492281176454,1.903792093252446
Fyco1,-0.2554676213500606,-0.08719787041635385,-0.42045384590168666
Fyn,1.3767625350352515,-0.8646631717689188,0.5771612559116298
Fyttd1,-0.6035703951548568,0.07420581655784542,-0.46049591471955686
Fzd1,2.1134700904454675,0.8259432715792858,0.9318050758894945
Fzd2,2.410546700132596,-1.1703523745510949,1.4510563058631982
Fzd4,0.35915534344183575,1.8910078960573715,-0.783728334326641
Fzd5,-0.6865168826272443,-0.35128081070061157,-1.6406695186774742
Fzd6,1.4620447434043,0.14380701385444628,0.3347581707790175
Fzd7,0.09616111275855044,-0.6513263227184121,-0.523830678581187
Fzd8,0.34446372137334025,-0.06887474511635754,2.068255274624943
Fzd9,0.57434200204213,0.034702417839647004,-0.018935232568512594
Fzr1,0.10686695706547678,-0.3724362308239142,0.15093354646016355
G2e3,0.6000325699248381,-0.12840609888953747,-0.2135678678467663
G3bp1,0.08960731033987734,0.13099518648873953,0.10855112857900373
G3bp2,0.06979393353161711,-0.03418626265862468,-0.6875216676268927
G6pc3,0.16478293918621567,0.06686170103064626,0.09220107856152726
G6pdx,0.2154808882742696,-0.2984242484952899,1.3379455598566121
G930009F23Rik,0.9580608867751531,-0.3106877850983152,0.8496885401204244
Gaa,0.32984012504125726,-0.33126988865426377,-0.15024142605228175
Gab1,1.5438911157544108,-1.4670508643336941,0.7841821027999822
Gab2,-0.5115181147902916,0.2515276483211002,0.3028299007988067
Gab3,-1.4265672840524077,0.061670650590864406,-0.06295542179141973
Gabarap,-0.6048766584142227,-0.38173274726341333,-0.15185586267567253
Gabarapl1,-0.5174390917318572,-0.7289084488005599,0.15631563997785491
Gabarapl2,-0.3794907194280448,-0.16889766833980602,-0.34253232804741884
Gabbr1,0.4803234646502732,0.12501977969303146,0.6021660648442184
Gabpa,-0.6164989479794762,-0.12750885694107517,-0.19898898189924719
Gabpb1,0.6506360583978656,0.27586955045637396,0.36098760195478174
Gabpb2,-0.05245878645959223,-0.002684234951500386,0.04932143513025444
Gabre,-0.761921029203501,-1.30505171739876,1.8133166281321105
Gadd45a,0.4627832579691864,-0.6096108939900966,1.248564694702453
Gadd45b,0.3449466379554469,-0.5232788546831375,1.0236559885171332
Gadd45g,1.2231703366660942,0.6248744864940083,1.465494457691566
Gadd45gip1,0.06132892362646025,0.022693270342945437,0.44748962211987275
Gak,-0.47436358785510446,-0.49577477309809836,-0.41441510078900645
Gal3st1,-3.014278050166388,-0.18921701934888002,-3.10900155006923
Galc,-0.9124718065284432,-0.21459372897310613,-0.31645575081950916
Gale,-0.647799872375943,-0.7844855312626322,-0.27776825940665706
Galk1,0.5240043023909093,-0.27614228377159034,0.396581859258478
Galk2,-0.5383283402995209,-0.4906354302571643,0.6054897720407686
Galm,-0.8503385838899362,-0.4559420676412955,-1.3632434096164565
Galns,0.11525576574125118,-0.5643085970009025,-0.6019248601355782
Galnt1,0.6062575582147716,0.06448683478433193,-0.6286822899967222
Galnt10,-0.7533599898718943,0.17280765095259998,-0.4983757879943571
Galnt11,0.2630739545394385,-0.8035919504876574,0.5206070421615849
Galnt12,1.6253853961480527,0.5600315557675324,0.5212168012382778
Galnt15,1.6666921466007365,0.20531796384421558,4.077111064003003
Galnt18,2.5644775945021006,-0.22523282214404117,1.3176740369557571
Galnt3,0.19179218570860712,0.22683043497275435,-0.8340117124483983
Galnt4,-1.0750627037030442,-0.1847300169064532,-0.22302667093992046
Galnt7,-0.44092237158356884,0.08114606244431233,-1.0776279588319548
Galt,-0.23222654887009186,0.11223169212068118,0.29383402050493856
Gamt,-0.6120547381340273,-1.5477181300946006,1.0183892064902809
Gan,0.20209491972967264,0.4863271077029996,0.31536844378498063
Ganab,0.05432883479966044,0.06064851828018192,-0.3648008448548401
Ganc,-0.4372883708107729,-0.2882329395728682,-0.9567982286202472
Gap43,2.564740260039075,-0.24685808798774983,0.5281802533954626
Gapdh,0.7660071141528988,-0.11125716328481161,0.041964643792830714
Gapdh-ps16,0.16353258924278813,0.08050886679604341,0.17764981323972273
Gapdhrt,0.35629885453109666,0.1682831111376053,0.11578208721246308
Gapvd1,0.40992538912406484,0.4694927363156616,-0.1149203570970716
Gar1,0.023764281310967306,-0.2897921407149937,0.803444186748532
Garem1,-0.5707340140032207,0.21694675601878188,-2.392660668865939
Garem2,2.1265404498994047,0.3230755572727272,-0.027129849856025914
Garin1a,0.723020971232777,-0.09815322240624214,0.11876022091103278
Garin1b,0.4610448155867933,0.037712104997051465,0.5181560883469516
Garnl3,1.0400416693424188,-0.831723283979074,0.5770042937786941
Garre1,-0.0519818205388356,0.8960297224106819,-0.7799471740735378
Gars,0.5693435667166344,0.12139368230231895,-0.10365698090877729
Gart,-0.19489500108618074,0.25858896742469994,-0.11452473002826036
Gas1,-0.024568407707036232,-3.662539555483765,4.526795438971715
Gas2,0.15393191861948763,-0.863435012617026,0.4040295182041973
Gas2l1,0.4824556510521463,0.2901738795615678,0.6129550845154776
Gas2l3,0.40295309749873276,-0.007886078574166788,-0.5157383907229041
Gas5,-0.6120339561085535,-0.6341982464767728,0.39641432358203854
Gas8,0.6066890346451972,0.101860261134612,1.4331682340438139
Gask1b,3.5757078376454086,0.789990838120802,0.1588253778061862
Gata2,3.769218814481975,-0.06790996054486922,2.448735395985561
Gata3,1.4636088298115228,-0.345647225787173,2.5716875208570027
Gata4,-0.1789293918556476,1.2282863957089818,-1.2675614547222125
Gata5,-2.5250177096873205,0.103567102965755,-2.0122844369373687
Gata6,-0.5437042418376432,0.399991943330698,-2.3446211246630133
Gata6os,-0.7820242328926422,0.592593777869431,-1.0307140760225508
Gatad1,3.408406701958606,3.6954532928416644,-0.13050240787985068
Gatad2a,0.2881735004639081,0.49170804806840884,0.2950312372578434
Gatad2b,0.14945109024638903,-0.10445773258573876,0.084122995340425
Gatb,-0.55620684571553,-0.5889696533120512,0.4086460832775298
Gatc,-0.09814468699953949,-0.3601144105158802,-0.24362470053173269
Gatd1,-0.6510917256871203,-0.8463741614682112,0.08946752712089356
Gatd3a,-0.9749385637305146,-0.7135268737946729,-0.08936151913580304
Gatm,-0.7048703767803932,0.0,-0.3660237775922397
Gba,-0.548025512197091,-0.5745474115290561,0.11594054726006586
Gba2,0.7115163752685154,-0.4571511199906184,0.8940389126060753
Gbe1,0.2855279493929084,0.21281448183916885,-0.1491863712153485
Gbf1,-0.19399193290973393,0.1241913301358295,-0.49849851786555543
Gbp9,-2.473824993204958,-1.6458955452665078,0.4966637018407019
Gca,-0.4330679025230104,-0.10009472159228139,0.45652345260532456
Gcat,-0.5490071515843482,0.0324216413260876,0.46788090962275364
Gcc1,0.3237298461878457,0.35052103477932395,-0.37922082726558415
Gcc2,-0.10707375462477753,-0.164359606897853,-1.6464887189806037
Gcdh,-0.46069182271835274,-0.38826594340705345,0.5199329267117982
Gcfc2,1.0885124545202118,0.10707143222611748,0.06852857399855639
Gch1,-1.2979482425549387,1.21213580093261,-2.0713079167309205
Gchfr,0.005278094159809399,-0.5364080097389428,1.6528112803299129
Gclc,-0.9349664401831195,-0.03465901597154897,-2.8852925982750586
Gclm,-0.39137985922085683,-0.2197051242640633,-1.2372566367802618
Gcn1,0.1765932544290818,-0.35096035302645134,-0.026061703910337464
Gcnt1,-0.5248232639480577,0.07048861722460664,-1.2547846839708896
Gcnt2,-0.02154641789438294,1.0058726339285649,-1.3492005216946188
Gcnt3,-2.4160140145072324,-0.5340034205840931,-2.3939210893918474
Gcnt4,1.2741196348683546,-0.8210345355141069,-0.20109679770293987
Gcsh,0.33820524479447744,-0.04063140568103574,0.4439150662863032
Gda,-3.150163996798259,-2.741186363914155,-2.2545650952267686
Gdap2,-0.3496569145880395,0.007304026026960564,-0.38371894344207913
Gde1,-0.9467777288547756,-0.006484656458289884,1.5897615981423887
Gdf11,1.8537521479709922,0.42889646970582507,0.8714987706199826
Gdf15,0.25100997759737,-0.13425606256439337,0.7858606364568299
Gdi1,0.20357088876335805,-0.5659892665082609,0.5454532119109494
Gdi2,0.2256213011942858,-0.1440761899775982,-0.5133006789966377
Gdpd1,0.0645779894835048,0.0864845947711057,0.007899101308629142
Gdpd3,0.409989078432495,0.9461387800018576,0.5028288686252438
Gdpd5,-1.5264233496476822,0.5175792111640254,2.781678480717882
Gdpgp1,-0.6128753359799064,0.37652548907901684,-0.6015554537206689
Gem,0.8591652206633196,0.7759568922044453,2.3342173993535633
Gemin2,0.5389345207692564,0.03161330379209781,0.3132340172851924
Gemin5,0.5313874610731064,0.7391331838940944,-0.3146196926428857
Gemin6,0.7173737272683054,-0.11690694325827788,0.6831148113113579
Gemin7,0.0020023560476216673,0.18154557801136306,0.3589256475155995
Gemin8,-0.2198181422832306,-0.8597415175689109,-0.04026104205602099
Gen1,0.7422564104977192,0.10502745430159877,0.8549299646752506
Get1,-0.7091709974970897,-0.06495725328696089,-0.2187091934989489
Get3,0.13606845418323132,-0.12249470782532512,0.4320737278340765
Get4,1.3799924384592437,-0.42423867015992744,0.6182464425090828
Gfer,0.4328027943969852,0.1039788816640339,0.33754778875794056
Gfm1,0.000622934329294722,-0.0673505633688265,-0.17839043261091714
Gfm2,-0.21353732166065242,0.11870901333623252,-0.6742775451772332
Gfod1,0.4852322918408172,1.181442018901405,0.7870889472437739
Gfod2,0.30902520749547424,-0.047925691647678015,0.4556677968022438
Gfpt1,-0.22933353871649853,0.5522584652118008,-2.081507623314101
Gfpt2,1.7941583647869153,-0.03168686258229505,0.0695695595228475
Gfra1,-0.28527338099931476,-1.7952949336757382,1.4060771215212606
Gfra2,1.0500165685212979,0.0,2.616314817009024
Gfus,-0.3236641674042229,0.01677752823919576,-0.46153923067666813
Gga1,-0.03714951605303085,0.059288601822366616,0.36151323620262055
Gga2,-0.11775115555850757,0.3823097008491958,-0.47226658414314926
Gga3,0.3788057529263158,0.37731909414418396,-0.03480332748080883
Ggact,-0.581019266537536,-0.331745240697511,-0.2109485188446265
Ggct,0.2646725313547016,0.18644655072163285,0.6655623989344126
Ggcx,0.19097546465794224,0.29486217010021054,-1.5179825125569137
Ggh,-0.3410600499095091,0.3507192497185372,-1.3788825896581685
Ggn,-0.05483231065119676,-0.5708969521427298,0.40194042059083257
Ggnbp1,-0.14888054861166222,-0.41331194859988724,0.08194894806499287
Ggnbp2,-0.15332947099541183,-0.176380374522501,-0.22799450850784453
Ggps1,0.3673666133366229,0.2260824545868001,-0.5299507923669395
Ggt1,-0.78555581334227,0.03737061865282,0.5168122302873621
Ggt6,-2.6366252634630536,-0.06276748240744778,-2.471798099086638
Ggt7,2.006515284634804,0.6553195471742045,-1.3881807877336612
Ggta1,-1.1905808162067721,-0.13155844104435666,-0.34078519868672164
Ghdc,-0.6939942932924019,-0.5516643791128475,-0.3759825719523162
Ghitm,-0.08661721678673118,-0.1301331479908594,-0.6679709119986583
Ghr,0.4319607836055548,-0.2166460616123529,1.7555253704158087
Gid4,0.16082798864585257,0.1197849199583425,-0.14922820610439747
Gid8,0.05835411464365947,-0.18403773681653668,0.17941836935515276
Gigyf1,0.9419271957131556,-0.7437123466433428,0.5276069053904422
Gigyf2,-0.042521724897774504,-0.13656163902176388,-0.3676644772829416
Gimap9,0.3348947236266724,0.012646966133470272,0.1362299733534751
Gimd1,-1.2075761263499758,-0.6255549190315852,-0.5955371987293914
Gin1,0.1672668995208788,-0.6496182840177038,0.12638739651529374
Ginm1,-0.9680837542650136,-0.6671592810109543,-0.1304451590235205
Gins1,0.9131814872463613,0.20071682957739334,0.7893595601410652
Gins2,1.0004818396130668,-0.15586352569162898,1.356682270426469
Gins3,0.886189264567034,0.1721796870701029,0.8889410445404624
Gins4,0.06051010231869913,-0.12033739548446132,0.6506376729204
Gipc1,0.3773998942714707,-0.30839655744494454,0.31818113989635144
Gipc2,-2.37422519679457,-0.9177176269322089,-1.735754907327598
Git1,0.2815306483179407,0.1458852047179251,0.5694016468418299
Git2,-0.16114590362566616,-0.4614157994791581,0.4907562462831274
Gja1,0.542488593146194,-0.537463073966225,3.7130509314211206
Gjb1,-2.202818781274961,-1.2175252215280365,-3.6834153740303894
Gjb2,-3.383149548831061,-1.5782646454086025,1.3024347582422915
Gjb3,-0.383532580027965,0.13920805275899095,0.036811172030116524
Gjb4,-0.1504045337546014,0.6837157960554334,-0.05900485302283531
Gjb5,-0.027104437721199304,-0.7121214545767907,-0.5499666033484516
Gjc1,4.545762796343679,-0.10609085938677082,2.19815212313161
Gk,-1.2277919133128776,-0.030987888415819675,-1.1161025399707611
Gk5,-0.45796616233040055,-0.0933089678437824,-1.049931625823708
Gkap1,1.9034709135614167,-0.3510595572991666,0.22243579502241229
Gkn1,0.32734930022840825,3.202677079814784,-0.11028635371723598
Gkn2,0.3674298797426516,4.285377822754414,-1.2408337410281656
Gkn3,-3.2135453889656804,-0.020202788227945263,0.0
Gla,-0.22782655657699014,-0.6997343942961014,0.49062692591292567
Glb1,0.5348717508205123,-0.3356554983046429,-0.5845110733291135
Glb1l,-0.3182071803294295,-0.33524461627651403,-0.04413197369262334
Glce,0.42554291478075346,0.06834031698527543,0.7606470011156556
Gldc,-0.9651973626810344,-0.9095834034646408,-2.019074797206521
Gle1,0.10478666036346418,0.28854408770283335,-0.1789730762756978
Glg1,0.6308963366143034,0.27570558424100966,-0.1250997429313898
Gli3,3.823655210674461,-0.27338452970270066,-0.04100745877945794
Glipr1,-0.9199488180494506,-0.48040513654544315,-0.5253733013049402
Glipr2,4.027585678579504,0.05126943773831016,3.100321405552563
Glis1,0.9928767660958997,0.09376778005823486,0.9552089739127317
Glis2,-0.6748693829159649,0.08950610539686821,0.3649722722545823
Glis3,-0.2030104558907544,-1.2005171387084932,-1.0020552614245526
Glmn,0.37353081093941887,-0.36967462855872846,-0.0017210705589554287
Glmp,-0.8591076138541878,-0.7603049530949928,0.1801520722342529
Glo1,-0.6151019326200675,-0.5064617277080785,-0.15827585463727534
Glo1-ps,-0.28229413690968685,-0.16471335300254908,-0.3876631716649354
Glod4,-0.03836477365059299,-0.26701964052197535,-0.8809177710060778
Glod5,1.2052182447775843,0.1256925440634158,-0.5879524907168346
Glrb,-0.31376312958161745,-0.581191439486225,0.13084019209401587
Glrp1,1.0217437421112703,0.5657564930791492,0.9854378430033321
Glrx,-0.6189826703994838,-0.20379893934734605,-1.0292390501183144
Glrx2,-0.3508442515578256,-0.718868222517457,0.19640150925600341
Glrx3,0.25602968777665414,-0.045016414502891955,0.14564122988382788
Glrx5,0.08003105186454462,-0.4106948638533803,-0.054652354698403904
Gls,0.2316590955784381,0.650750316528736,-0.2739736657186489
Gls2,-1.526854493191811,-0.648317673707087,-0.6019784424887025
Glt1d1,0.0,-1.440411620089854,0.10163489598785098
Glt28d2,-1.3852227610816212,-1.0285690029112284,-0.035536678907729824
Glt8d1,0.3631463062665303,-0.4325305893509892,0.6906795064704268
Gltp,-0.3988258440308545,-0.41572936011489947,-0.20838693602263536
Glud-ps,-0.13512057089597163,0.19777865179338816,-0.5689493986203479
Glud1,-0.3079524875814741,0.08828556331803838,-1.2904775031184137
Glul,-2.287862111489665,-1.7123206406603844,-2.1202120599627206
Glyat,-1.5349189621516184,0.7316775561836528,-0.43023926309838084
Glyr1,-0.7991301265224449,0.08461535191239022,-0.7734057885304848
Gm10033,-0.1419679520802637,-0.16684786864390855,-0.23627024685676679
Gm10036,-0.419060625476678,-0.076498130877523,0.532735138728841
Gm10039,-0.5427543346661665,-0.2909815912376359,0.41315830788326646
Gm10044,-0.40387481732422115,0.11550260965953973,-0.0930000401721296
Gm10051,-0.2542623740366958,0.22941264285195895,0.4273083959406543
Gm10052,0.5250487868807818,-0.22112991621483324,0.330170759238257
Gm10053,0.33561253012604175,0.6051301862257243,-0.022199233151275477
Gm10054,-0.39601196299224584,0.027360274589304456,-0.029831594690169938
Gm10059,-0.11924792439603227,-0.05100882842042298,-0.022229843236064584
Gm10069,0.3507310327125184,0.28961176660991966,-0.27772883732919157
Gm10073,-0.1733000615430642,-0.41681805728649834,0.3365608074197004
Gm10074,0.2076945852419474,0.20985505083838174,0.05187485014799198
Gm10076,-0.04716787023989166,-0.4046509812346022,0.3451031520476846
Gm10080,-0.709309389895914,0.06684437480494898,-0.1670251623606317
Gm10095,0.7766226591923804,-0.5915913474312751,0.22526955305302998
Gm10110,-0.14849983861996696,0.7741238451101919,0.07810513748976167
Gm10120,-0.24416275145755706,-0.032134810354364274,0.32857940071562863
Gm10123,0.01920015568753719,-0.2950874912307775,0.25570430795751253
Gm10132,-0.39245794100880627,-0.07558864196473425,-0.0455642262231315
Gm10136,-0.35583578618970746,0.14178427981860997,0.1679712308042487
Gm10138,-0.6151327536051433,-0.46108514474048434,0.0049794470889887865
Gm10145,-0.35110224324873407,0.16329793609438492,0.23395038890598774
Gm10146,-0.044694300632607264,0.1277143860590476,0.15325443652602572
Gm10154,-0.8455752457032621,-0.17548257205591455,0.4328442648257529
Gm10156,0.5259898593580237,-0.15471364650502517,-0.08653017397394591
Gm10157,-0.029610471198055377,-0.03786339872753963,0.0919285310825253
Gm10167,0.18581961101380395,-0.055752726429149746,0.5499037248904296
Gm10175,-0.5489339965834032,-0.21623623773774647,0.07121369275390221
Gm10177,0.02517761401092966,0.20746307109363404,0.3232802170253537
Gm10180,-0.13502657018184738,-0.38317515585841,0.4899048974301319
Gm10221,0.10426100244363412,-0.14255219668059094,-0.0997655716649748
Gm10222,-0.7244712596092637,0.5426941500462075,1.3204065362109974
Gm10224,-0.012367132978472473,0.22297361620578515,-0.29246896094933605
Gm10231,-0.20582170671862954,-0.04817422328272186,0.03910893798416015
Gm10232,0.09355077255982813,-0.25267435686805695,0.25299316920039594
Gm10241,0.3274169796176497,-0.19094646538123294,-0.086187075786613
Gm10243,-0.5598791655332529,-0.34108322873554153,0.2871017705844945
Gm10247,-0.435713407173522,-0.04259993270940998,-0.014775002503524926
Gm10250,-0.30672481776728033,0.1610542275104454,0.14643984241616725
Gm10254,-0.10810578632596157,0.07570696245873876,-0.2791464419517369
Gm10263,-0.05031840310606017,-0.39561438257779,0.45000228444485746
Gm10268,-0.25407292958412947,-0.045696239119486726,-0.1929776863640601
Gm10269,-0.49962734962984223,-0.20451769017959842,0.7989182427930195
Gm10275,0.04127194056104688,-0.042643365036872716,0.3316370756228135
Gm10284,0.14003248187266515,-0.1305023961683215,-0.1276911185857117
Gm10288,-0.04094236938171125,-0.18376930105692812,0.5951561449346374
Gm10290,0.3150245408325406,-0.13770832375991926,0.19455782877270267
Gm10291,0.08736487360658574,-0.17474017296550126,-0.09867057438368221
Gm10293,0.3124943540133469,0.23377335949424327,0.21802217619647368
Gm10297,0.6549001004064011,-0.16135461203264956,0.09316186733858434
Gm10320,0.2442516942085866,-0.24764094122481228,0.5779331186302964
Gm10327,0.20834422881985226,-0.1689812133861166,0.009983663993064162
Gm10335,-0.3006227333229008,-0.01179568766335759,-0.07323456483007096
Gm10357,0.7857496319926778,-0.15009271976369498,0.8650035302427388
Gm10358,0.20342292157864816,-0.34592437485780075,0.27932941148883117
Gm10359,0.6522277221462627,-0.041391880611604925,-0.18275531459093153
Gm10362,-0.3318847801309497,0.06153468480313529,-0.29312112178851635
Gm10382,-1.178756101917746,-0.8234984188802731,0.1515273409778517
Gm10419,0.07230625301580816,-0.011145514888123063,2.7381629004549417
Gm10420,0.1307540853036253,-0.13864456188405694,0.3574008726154062
Gm10425,0.2579120044137533,-0.2502041180753799,0.015273565211277762
Gm10443,-0.14365520829931322,-0.3744753632604274,0.2856530572897822
Gm10461,-0.3434047438893068,-0.2753460070081597,0.3792792687230452
Gm10481,0.2877523879409477,-0.21861549519769657,-0.1590741786570139
Gm10509,0.02626290064828607,0.4455940318404198,-0.1297685403849842
Gm10516,-0.5870137485597113,0.1466891875355223,0.12426754215249836
Gm10522,-1.3049367314161622,0.2242239605867612,-0.21561823437816208
Gm10524,0.7285741151275574,-0.017969785985719966,-0.6398240869291985
Gm10557,0.40993633457129475,0.02230522455349071,-0.0890631778422617
Gm10561,-0.6563429437628991,-0.5694855032679431,-0.027129849856025914
Gm10566,0.31254557875582645,-0.10501202253858077,0.0804267700601966
Gm10603,-0.6105020751709194,-0.22386774236781504,0.10358506207635243
Gm10643,-0.1399308822250459,-0.26941720655507473,0.5895651180332037
Gm10689,0.06106412808077577,-0.0908437497828507,-0.3856581195777391
Gm10709,0.08874785404700547,-0.3003736197096045,0.49893471315507665
Gm10736,-0.16831560922777555,-0.3316940965305957,0.20445768533152808
Gm10762,0.35699831479448885,-0.4718711350825342,0.5241341506719145
Gm10819,-0.0033231033592406867,-0.6822263886257108,-0.16283913766569125
Gm10925,-1.1096441632770135,0.38147252075251803,1.465137918909213
Gm11110,0.5272907376424523,-0.3631647622854346,0.02978529421847753
Gm11185,0.3500478260332212,-0.03219241226342384,0.09222150570776644
Gm11221,-0.09372218769289153,0.11648060254348636,0.13947140013498438
Gm11223,0.39342864508834463,-0.4081953650533956,0.7341179746581294
Gm11224,-0.2483997392386631,0.19085365667040566,0.43152886927577283
Gm11249,0.3002176591981398,-0.08171141992358755,0.5133368742260769
Gm11263,-0.15846775192884888,0.23381106813784402,0.1890628905498546
Gm11353,-0.16587987680214344,0.3182217396504714,0.25437097263434727
Gm11400,-0.33394035302120484,0.14363251312488445,-0.09456242843977258
Gm11407,-0.6344665258576428,0.09879082673820505,0.5268094611894536
Gm11408,-0.5347417061631827,0.0835626222732595,0.47262979385684845
Gm11410,-0.4174513971238455,0.4000900312121468,0.8265080399394628
Gm11423,0.11433886156765649,0.4317683198088099,0.4771808550162884
Gm11425,0.211433278291695,0.06767614259446303,0.12375243316822293
Gm11451,-0.2933286533722601,0.032630239636093794,0.047887849955328576
Gm11478,-0.8273118425869672,0.16375085599571904,0.003256868552168335
Gm11496,-0.23767424270840531,-0.35638899465117335,-0.9351965894808834
Gm11512,-0.6420341004439717,1.0766293293724924,0.5581234602338419
Gm11517,-0.3426208241458165,-0.1251212065096048,0.571542362048243
Gm11518,-0.46758364747645875,0.21564005812059972,0.2879085126973948
Gm11520,-0.22752055506526236,0.40778561235016797,0.01329113582403646
Gm11539,-0.5955757374967736,0.34457716022801566,0.20963418784486798
Gm11560,-0.18846423958434588,-0.0901561208603332,0.00024118550295781915
Gm11585,0.19637765329943946,0.19009964834597204,0.410932587728972
Gm11598,-0.016399515714943913,0.07266168180453447,0.13987123431553516
Gm11605,-0.06671763094768379,-0.38959677015151706,0.07261626138220478
Gm11613,0.29471546688681505,-0.2149881784086689,0.06523184642758251
Gm11652,0.053108685836060765,0.14335260618850942,-0.32499191330390564
Gm11675,-0.4013391258679109,0.014982668428525026,-0.006279216765811668
Gm11694,-0.24735963144185413,-0.15104024429470286,0.2785848054810416
Gm11696,-0.32120186834136255,0.09614163518341423,0.4524437660283767
Gm11703,0.5276086879984352,-0.2233561092956161,0.5582727222395144
Gm11714,-0.1772915769461381,0.42615729254976764,-0.9608535058011709
Gm11793,-0.08060243016807878,0.3504662707109112,-0.20444372081710127
Gm11814,0.05855782373579799,0.016502563370391465,0.0660142421019323
Gm11824,0.2210085026916364,-0.07408724718511706,0.14950351622497382
Gm11826,0.08382558876963753,0.22015190158765963,0.09871592703858578
Gm11836,-0.5134479135897954,0.10384102195725486,-0.13398207294480913
Gm11847,-0.25138213755397665,-0.0215803066802982,-0.23253835108610588
Gm11868,0.025295873623996434,-0.09208317019949774,-0.3175314225358922
Gm11878,0.0270307340331426,0.21476505881969588,-0.018229446789337134
Gm11914,0.3798566323562298,-0.10112018152325364,-0.08450222164053989
Gm11942,-0.3880325918243326,-0.0853811897309722,0.3537432893338104
Gm11964,-0.5305360051767135,-0.007614616783252592,0.20411292447760965
Gm11993,0.03557034035504292,0.06406256194688642,0.3165415195720289
Gm12005,-0.11353432958897702,-0.029270632424302723,0.1779777521483108
Gm12009,-0.1285490706098501,-0.03829718013733863,-0.2853294095955997
Gm12020,0.2677701804111111,-0.230998156591183,-0.059236956437209276
Gm12033,-1.0531900558183103,-0.33255230469462393,0.45082860166377814
Gm12034,-0.3902175784955746,0.15093577570365901,0.2566738806817763
Gm12070,0.5487379369198635,0.21681561284645423,-0.27605816938141414
Gm12164,-0.8766463237131377,0.30810079068689356,-0.7227795609778098
Gm12165,-0.34701423449964225,-0.3001782508809945,-0.19728350522169624
Gm12174,-0.32333753091175055,-0.3612299988475929,-0.25072386757257226
Gm12183,-0.2711418113273787,-0.03661301678257445,-0.45652279005211915
Gm12191,-0.34684680836612847,-0.2455890920060697,-0.0075107522401083315
Gm12216,-0.6643639517982411,-0.06439337294914893,0.27413943910058186
Gm12242,-0.043273804519358805,-0.0011589647574844486,0.2711997428931927
Gm12251,-0.4687577403193519,-0.141564187581117,0.37122440217226693
Gm12254,-0.9323188393793562,0.18902847472585727,0.32307493643445806
Gm12258,-0.036441178451268263,-0.12160175824150832,1.038037430410901
Gm12279,-0.5682814941824895,0.32671285323731714,-0.3097784133022232
Gm12286,0.19093636153870008,0.03839929880248871,0.03565866168874088
Gm12312,0.2822472607398836,0.27899171843433024,-0.03689470302707952
Gm12319,0.1585491638221469,0.13773933846121178,-0.2372392256293171
Gm12338,-0.8083119838669439,-0.134369110456368,-0.05995428944670422
Gm12341,-0.31157217080908706,0.2003712395934406,0.4293251810618761
Gm12346,0.13247168281364585,0.3771318241246506,-0.8747670745986715
Gm12350,-0.8962251767771332,-0.40464430187843203,0.0012754732167241656
Gm12366,0.5105665269566044,-0.012494796809634279,0.1215633011268018
Gm12411,0.006691165823612399,-0.28253152556034866,0.21047020912595538
Gm12416,0.17973002512250558,0.12920884428739954,0.01917115664682356
Gm12428,-0.3208757712457524,0.19603893759128194,-0.24211211412737715
Gm12435,-0.24887131558246134,0.08408205916947997,-0.46132011059820055
Gm12454,0.09847290892476313,0.1223166515463775,-0.050156843216892844
Gm12482,0.032618274950786064,0.05969910573279713,-0.11012692475117714
Gm12537,0.2315687412029127,-0.19388014896391947,-0.26268627698685476
Gm12565,-0.13999139013118866,-0.5386099638811334,-0.1968419301238723
Gm12576,-0.4308133306209336,-0.26063510716933125,-0.48377468350698083
Gm12583,-0.02821295935344259,0.11636832149322662,-0.12398613568471467
Gm12602,-0.0016984020294410485,-0.06379789384913037,1.0980195349595006
Gm12657,-0.1085433527091717,-0.20590996436397957,-0.08534267054692046
Gm12669,-0.03355113470339477,0.06659141217193199,0.15000746348812433
Gm12671,0.6518832825598215,-0.22854704092626632,0.11191270891375238
Gm12693,-0.3334499860476484,-0.23692351751361418,0.2358658094928518
Gm12696,0.37338640728022243,0.08174549626719219,-0.13052723110211373
Gm12715,-0.999425967654409,0.9660534231746905,-1.2429208338922306
Gm12732,-0.14501904584105896,0.25473958599281765,-0.0926342983558639
Gm12751,0.23160423562557475,0.11931824796917279,-0.02441743003002239
Gm12778,-0.5345752775948184,0.23263444588787863,0.12052842961011057
Gm12816,-0.152115910403279,-0.32045887098547077,0.014100144969186656
Gm12844,0.055135355476740866,0.041512726455122495,-0.4129315815489887
Gm12854,-0.44316150141537536,-0.3603430085699686,0.4394943821251691
Gm12918,-0.07377678355087092,-0.11600622378279857,0.6290576659517417
Gm12919,0.18458613937083046,0.5150422249531663,0.06686596584575838
Gm12922,0.24942211022650862,0.07245530626451124,0.19172475455894178
Gm12933,0.41506994415978615,-0.1256100214759147,0.3017739813813875
Gm12940,0.25616844721031873,-0.37407273559611887,1.5106688662093941
Gm12943,-0.12342865281938664,0.020163640789620185,0.30189797720542455
Gm12960,0.05800916495320274,0.11272132757064024,-0.1155685447703394
Gm12966,-0.21886127901646646,0.07268170382991768,-0.21345733136058986
Gm12989,-0.4159564868586483,-0.221637902466419,-0.09516836409875928
Gm13033,0.31621997835478455,-0.262607084338907,0.691501385062218
Gm13056,-0.14761168745335373,-0.38993928580591897,1.1205508932934083
Gm13073,0.16162759686040093,0.209281631506497,0.5229404446486661
Gm13092,-0.03209511063106185,-0.2847930773845381,0.4838425742960958
Gm13127,-0.0753452594867956,-0.3125812457998922,0.38032919057712955
Gm13136,0.48081374101126156,0.12199970962711504,-0.06831657007785424
Gm13160,-0.03510337212984227,-0.2516564674782594,0.4409465240684819
Gm13192,-0.324254624208109,-0.14025892462624867,0.4445021668817022
Gm13196,0.29235612863517435,0.09176964411868327,0.13310409261672806
Gm13205,0.6212715094817374,0.6277702470315089,0.4953624917266295
Gm13215,-0.12511780457616917,-0.12641923122179222,-0.06120966675324202
Gm13226,-0.32459462523126614,0.34997242816871243,0.39152729471565806
Gm13230,1.9484794071482108,0.46436218806134294,3.1903927252777753
Gm13237,0.05843834225885147,-0.30544692459085027,0.31492469607123064
Gm13268,-0.458726299858063,-0.10047854449989391,0.29327962807679864
Gm13292,0.4643032257805402,0.06187608980179382,0.24878777574418254
Gm13328,0.19941964412963287,0.23010270108047437,0.284811879833231
Gm13337,-0.05845479385496344,0.2519553670049858,-0.006399185697783527
Gm13339,-0.5076833363456568,0.39716192097440195,1.3190925543306393
Gm13340,-1.008109223290515,0.7398431493517377,1.1590024878894294
Gm13341,-0.9936607482890523,0.6465993969851889,1.5153829587329959
Gm13342,-0.3237541428369646,-0.13077847504429335,0.3520384947281875
Gm13365,-0.040391031845167236,-0.2821280982759614,0.035117182893183996
Gm13375,0.1574811973658976,-0.8816408155089002,0.3381154226275189
Gm13387,0.2641063438314819,0.2837249839547922,0.01576106143123246
Gm13394,0.08135821312784652,-0.40012085946228804,0.1447924299358181
Gm13408,-0.2070821201984887,-0.22670114887472947,-0.15527450106755936
Gm13415,-0.6916920173425021,0.21444026499714486,-1.1033274794728414
Gm13420,0.06469825770637683,-0.7980708950355193,-0.37458279716455667
Gm13421,0.4125101562910789,0.3746502336781161,-0.17676353682832036
Gm13422,-0.025357417995655496,0.1452870412379058,0.08182752465037996
Gm13436,-0.4920948363735902,0.22017278254348538,-0.11925019220825384
Gm13453,-0.1441673801495451,-0.17263687283076157,0.3971661645455382
Gm13456,-0.0888959900082611,-0.17260933819221336,-1.0361930636580636
Gm13461,0.08860497485974239,-0.43215949628367056,0.19068848720149223
Gm13470,0.049777423566765955,-0.12486338962756316,0.9410116372290678
Gm13493,-0.3303235860781655,-0.1596563713649819,0.6183428288340651
Gm13498,0.022703529031756098,0.05545721021594385,0.22792383997454957
Gm13532,-0.4939427043594058,0.39295757305195367,0.20166005275742105
Gm13549,-0.2011805586880293,-0.01116717890791108,-0.2785991969048831
Gm13577,1.8968178794349058,-0.7265272394520497,0.7235950019584925
Gm13578,-0.1194184227193168,0.10969926850892925,-0.2653092705670294
Gm13611,0.02804883140556169,0.16468536855760219,0.4032926119242175
Gm13623,-0.14846363961810133,-0.004542775518554254,0.6794825935618742
Gm13657,-0.24297799190049407,-0.0763591275473583,-1.3195654890707527
Gm13669,-0.12499939838213225,0.14065533596851532,0.19739770296925852
Gm13680,-0.21809908018560709,-0.3131790775235417,0.18328606224020838
Gm13736,-0.3656958713478585,0.09062813395881708,0.2368309513768475
Gm13772,0.07918395661240818,0.373515170415352,-0.008634666018959125
Gm13816,-0.012457324062499109,0.35544038854264015,-0.1606089222815974
Gm13835,-0.1681191810021867,-0.09278134057252974,0.0144810604928578
Gm13841,-0.3623228329905188,-0.24931303378881076,0.0715063052295557
Gm13864,0.03341743336016256,-0.02699370915401006,-0.12026837776271504
Gm13882,-0.0021599770470048796,0.3216821019978555,-0.026883191867854705
Gm13889,0.5412084262817066,-0.04662628531718883,4.82361702561263
Gm13904,-0.24537210099551088,0.07803166824037311,-0.19387085969681464
Gm14017,-0.16369942564264905,0.09174448738270224,0.1527577900271319
Gm14018,-0.16164629282933995,-0.04429517120392146,0.17009225953779983
Gm14026,-0.3529555410192946,-0.16160184576659464,-0.24799637656687135
Gm14044,-0.4333665232083118,-0.19804448271347652,0.18611991758871094
Gm14046,-0.2365261361489296,0.14227035345603667,-0.031393597588979194
Gm14057,-0.21872446087383046,-0.6170283402414807,0.34999399421709465
Gm14122,-0.2523898450688037,-0.47281157725572787,0.2361913997034949
Gm14137,-1.8076308274382216,-0.3788098587228852,0.3803306109738407
Gm14148,-0.029159146115230072,-0.03665855375208904,-0.16985827731320013
Gm14150,0.5593938932816198,0.041254812013925335,0.45729553723879346
Gm14165,-0.190490399908799,-0.42109015650795834,0.5819095670131826
Gm14167,-0.2532956321684602,0.19337481330653405,0.3889862388777724
Gm14176,0.546238996626655,-0.1184398116887393,0.13387347494085233
Gm14221,-1.0186118346827002,-0.28568460496832054,0.19204536123012111
Gm14253,-0.010868177650478317,-0.3542718135314329,-0.290294199026487
Gm14270,-0.7547162077192923,-0.2797508026452996,0.18006463729383104
Gm14276,0.350735131920652,0.04446098703961887,0.8919129386796836
Gm14277,0.06714703952133139,-0.0900462998891326,0.13839625508655412
Gm14279,-0.8066959045001187,-0.30172466898062167,0.3030518004018461
Gm14286,0.35301271014436897,0.11790975023561745,0.48946752372048874
Gm14295,-0.21118217325318867,-0.35984882366659265,0.14011958317526663
Gm14303,-0.7321123507173977,-0.08287330740188459,-0.12940825546047385
Gm14305,-0.26704232542741435,-0.41196170346578875,0.15891179072102268
Gm14317,-0.5161061430463569,0.4208742739359219,-1.6957597256318693
Gm14325,-0.4255125778037607,-0.5662142042582918,-0.4534614318496195
Gm14326,-0.33060921278276156,-0.4949916739595128,-0.5668344504255494
Gm14399,-0.022139059625163826,-0.2139627567292861,-0.10343298573690429
Gm14410,0.10599806492412434,-0.6292311543969596,0.028651628218215652
Gm14480,-0.5354744340533343,-0.14928396045434067,-0.3957739358544857
Gm14494,-0.10391784358698963,0.15303313257161522,0.2247121955934026
Gm14539,-0.5350837310749976,0.1320312952043241,0.13278917773157206
Gm14549,0.29753547848811274,-0.12269917426043142,0.513426181214589
Gm14586,-0.27802393307880324,0.049560154603506934,0.21141354767795795
Gm14681,-0.0655663708677574,0.0951265665151686,-0.14668719575172684
Gm14760,0.1984001505962948,-0.13198741895463828,0.13010598330639267
Gm14857,0.4340322552665064,0.4932787654208457,-0.09651175214767732
Gm15013,-0.04419169923651922,0.030031119200362444,0.013627883285797004
Gm15163,0.3436838554626984,0.028615519640874165,-0.3594511851634744
Gm15191,0.17215175297830915,-0.08132227529676522,0.08044505058362372
Gm15222,-0.16329150927438596,-0.023940902888696408,0.9426990730452575
Gm15318,0.5057417355397135,0.38034631637996136,-1.8143749149428585
Gm15361,-0.1953011814634258,0.022525922193745718,-0.36017073821238643
Gm15387,1.425941181060681,-0.37876320211889314,0.19837513721289035
Gm15417,-0.2494784022411407,-0.9248508352958735,0.2364162574156965
Gm15421,-0.7121182944268171,-0.6126162183463602,-0.5591965044410356
Gm15427,-0.4125091631558764,0.02943890209928579,0.36287273589197877
Gm15429,-0.05259337279710441,-0.07602897314554347,-0.2890957737023262
Gm15432,-0.18953094623972455,-0.1848183509215795,0.2652392681386514
Gm15441,-0.18820903483612172,-0.06312014644223435,-0.21857046084408116
Gm15446,-0.5381104746165777,-0.5232886110468655,0.5063301285013742
Gm15459,0.04885794197343429,0.30597047602651095,-0.33683119399530614
Gm15483,-0.34169955482721037,-0.1906467910883448,-0.06758989910272051
Gm15484,-0.02564542255087565,0.32208272610859334,-0.3737492483781789
Gm15500,-0.2844388222518912,-0.5170799725765676,-0.28521016908547736
Gm15501,-0.1066386856961512,0.04994529168379369,0.27067369849303047
Gm15502,-0.6473954956143728,-0.10295908943922599,-0.0936808384948975
Gm15526,0.09086290515140416,0.13564184751328068,0.1427078536148365
Gm15536,-0.534372283152624,0.2130570432993093,0.4382820108639709
Gm15542,-0.15118861498673097,0.24183687499812168,-0.15979866487084426
Gm15545,-0.012402696303950744,0.010412201808743582,-0.46560143380873664
Gm15564,-0.21918173078712955,-0.6989418177205045,0.26208099533688745
Gm15590,-1.2483933607444828,0.011915049745827133,-0.9708778197730794
Gm15610,0.10158897091721042,-0.4561395331093634,0.4542193519511484
Gm15616,-0.2194459799906323,-0.11723372164955959,-0.09310917752842962
Gm15663,-0.8540910690073724,-0.35942177663023833,0.4654333220077029
Gm15682,0.41181359673527007,-0.549258421958188,-0.019020179968077366
Gm15706,-0.3400191001304891,-0.03184948728062831,1.1733578682601016
Gm15708,0.7869204938961798,-0.20436493253227705,0.13903910902301758
Gm15710,-0.2128100505715116,0.09516385017659612,0.508204771362716
Gm15720,0.06792281457391769,0.1140971471839407,-0.0631329612813305
Gm15731,2.2315928389732997,1.9978151091463892,0.5176595086632504
Gm15760,-0.9979246639108506,-0.0810895895821564,-0.31363942606331197
Gm15770,-0.4965468574738575,0.14619282812755752,0.0992390658693531
Gm15772,-0.23035671989944673,0.06846859809190509,0.21745240710281655
Gm15793,0.036461423577999086,-0.009600229832542273,0.47071173732507643
Gm15796,-0.35378212518126484,-0.07203414919321494,0.133327001055217
Gm15889,-0.5195709988429227,-0.46882881932084935,-0.5533350819472179
Gm16001,-0.0900290653640739,-0.1421687093476851,-0.22800959190672648
Gm16046,-0.4262179599770437,-0.4025719184108978,-0.617839804002428
Gm16178,-0.09914985493654005,-0.42690523751307996,-0.23902759864654932
Gm16185,0.08305302432708628,-0.29361377916157677,0.47283977602559046
Gm16201,0.11686604523819044,-0.1466963669682717,0.21237537463455658
Gm16216,0.027312220313116087,0.15762637684793512,0.18495520710273627
Gm16238,-0.6130783152118462,0.09537756548976084,0.2261854319765959
Gm16374,0.06834339700741177,-0.09761240552893913,0.2638613418864737
Gm16378,-0.03203208084226139,0.13560021358900842,0.36641687885177765
Gm16385,-0.6649240924041335,0.9986694371991145,-0.4430525071975959
Gm16409,-0.15280662797559974,0.2935767829798499,-0.00990629151050948
Gm16418,-0.359400515794865,0.1248583785210351,0.06739026825295502
Gm16433,0.11497486590860762,0.24686115468291814,-0.052426784818088046
Gm16470,0.3844882071707394,-0.19716674407771823,-0.07545894830308819
Gm16477,-0.20883552367549685,0.1419713088568222,0.13366900062529452
Gm16505,-0.7627571628259875,-0.3407576850283458,-0.8273633244282794
Gm16536,0.009332570396517914,-0.5181840663364699,0.1272719663701758
Gm16576,0.20103966036620136,-0.06795260951770432,0.5425572519544412
Gm16580,0.15266150032309422,-0.27551349502033906,-0.03979292409066293
Gm16675,0.1267680689860472,-0.19349397512043842,-0.13324599006908533
Gm1673,0.2168090156390683,-2.0983423586973644,0.0
Gm16754,0.24817625089000578,0.08900761881963193,0.34362909168820444
Gm16845,-0.1229738239045034,-0.046443738813419566,0.008538226166785123
Gm16973,0.41515538525784845,-0.16580709403037242,0.10848706203178282
Gm17055,0.5393444182778887,0.18003362607312057,0.14751998854391213
Gm17060,-0.2956698274147991,-0.03368430151243418,0.040292049882996395
Gm17066,0.11227287002152586,0.26406411012465547,1.1703042910748924
Gm17092,-0.23160040925922232,-0.09069010873173688,0.5441470998732196
Gm17112,0.3627384704420967,0.1113483467050781,0.32544558831732207
Gm17201,-0.4921145987471882,-0.7598075294784783,1.6286972704801794
Gm17241,-0.28059191450224485,-0.09316922958378049,-0.16550456971261385
Gm17251,0.11338980618584282,-0.4581841678741234,-0.07352308486016412
Gm17354,-0.5238302874897821,-0.0001622565271330867,0.15495105463743786
Gm17435,0.07955965847935964,0.4193323313849874,0.6246020608755602
Gm17491,0.08336182493035871,0.1705560895758964,1.1282709057102234
Gm17494,-0.04959699321481925,-0.08991938781930964,0.4181520750747546
Gm17501,0.22042210257480366,0.16225797380197937,1.0787141349206155
Gm17511,-0.18694912556180143,0.08634697842054029,0.18518326814390806
Gm17541,-0.31611914951547937,0.1369086711129167,0.15306608283137746
Gm17655,-0.5927648806037445,-0.5675815969432699,-0.0051052944288649815
Gm17669,-0.06242009154701039,0.297521117874098,0.04698801205348635
Gm17690,-0.030717056200748494,-0.06019854866840446,0.45388544891620514
Gm17709,0.11094551209057357,0.7827942781512854,0.23466388985487507
Gm17802,0.021421051479761033,0.3162248309654746,-0.09621442743000486
Gm17819,-0.11903160811346514,0.39258684147151013,-0.35024066409500254
Gm17823,-0.5575039724914691,0.1713435421156424,-0.35654589728078645
Gm18588,0.2778521779709632,-0.022637161916532478,-0.09247812258096655
Gm18649,-0.06432671014335722,-0.19947327628793166,-0.15921344337792737
Gm18860,-0.07063042567925915,-0.13064927299128015,-0.046453795782490426
Gm19243,-0.564594004169794,-0.11175805912161463,-0.03303966762775712
Gm19276,-0.20047396656830474,0.6159451364318401,0.14793085262086436
Gm19366,0.007337053541765393,0.3034816031042963,0.36247265023095565
Gm19391,-0.18917254182615723,-0.03831148434657261,0.4348821631954314
Gm19426,0.6138596616269638,0.4323099302920269,1.0969114498711192
Gm19439,-1.3712781497324897,-0.13458660228772498,-0.28320753480346694
Gm19557,0.1414365818715515,0.6601927208164666,0.2861891127155676
Gm19569,0.24049987470557566,-0.2012857863400095,0.09781053109994842
Gm19587,-0.19670402331974468,0.16125927841690568,-0.3526988290984069
Gm19589,0.9403212403529037,-0.03496933521048651,2.239257261545165
Gm19605,0.00846909217990377,-0.2860756772074352,-0.017543458067076134
Gm19610,0.3935568483208325,0.28938046698081177,0.35544370606861264
Gm19680,0.048515732677225976,0.23635436681313915,-0.22292042832035286
Gm19696,-0.8849480887365168,-0.6839867959808861,-0.7211002406776525
Gm19705,0.695165294194027,0.14123122647385886,0.7275289641908378
Gm19744,0.5671816776753298,0.4267098093526648,0.06183774144152568
Gm1976,0.08868141539596941,-0.4524073908134145,0.5851135705319086
Gm19774,-0.25171168254659215,-0.4615956235323785,0.15948689702440455
Gm19810,-0.4716102268880433,0.014325254683473343,0.25038597356647774
Gm19815,-0.1095137376923665,-0.14636335861811556,-0.029257361475066745
Gm2000,-0.15310790388067375,-0.13486437813890095,0.8359978722959802
Gm20008,-0.286099644633629,-0.4973444257438566,-0.4820244442682602
Gm20163,0.4696739619762057,-0.2769113389622996,0.19129717646961553
Gm20186,-0.36669172584918,1.1187346475553501,-0.2504960933683822
Gm20257,-0.1554731447440414,0.058333103189989854,0.48811783886893834
Gm20300,-1.5384381514122203,-1.1352238002520987,0.04485307783371795
Gm20324,0.16724444487310852,-0.16459495503552013,-0.012188549080287103
Gm20430,0.02711637892853136,-0.1159388673587512,0.28565561694780717
Gm20457,-0.4764403604252393,-0.21791697738182791,0.09277792639587301
Gm20467,0.31658859687055196,0.1281802696263048,-0.2972883621324911
Gm20544,0.730201569192755,0.039597086945674986,-0.9344420895651353
Gm20559,-1.4641048030698967,3.123569033931962,0.48404920275782004
Gm20568,-0.3101313107603403,-0.22971135327565007,0.15888454384334816
Gm20570,-0.19249569362234886,0.14464550042568192,-0.01440790558672278
Gm20604,0.167732387304518,0.05930581463952245,0.3460714456958005
Gm20632,-0.8432440932120367,-0.5300518928872027,-0.10964158824303727
Gm20667,0.7798668164926511,0.04427314536654148,1.122786209706524
Gm20684,-0.6797896945000023,-0.04493728270828734,-1.8631107147633723
Gm20712,0.2385350620426594,-0.49339752166103157,0.878245119505557
Gm20735,-0.13194656366128665,-0.2205516750658718,-0.5389827600866164
Gm20744,-0.6264018842373524,0.39420720266576925,0.8462863515932681
Gm20762,-0.08290426525599037,0.08291293134499222,0.2690002221611716
Gm20900,-0.4796147116183329,0.29329345561535236,-0.02313995653319534
Gm20939,-0.36158705220807885,-0.48216722614689456,0.2716761013871969
Gm21092,0.49170352513842785,-0.10122351796801166,0.30590040334612034
Gm21399,-0.5662837586133875,-0.03299695933746527,-0.856975616914261
Gm21596,1.2973890550497302,-0.5856170119378981,0.551840535387962
Gm21769,0.05750100319763951,0.06548377428785596,0.009201107159261923
Gm21781,-0.06832937075804946,-0.06104048423891528,0.7009796366661448
Gm21811,0.6555818212353866,0.2520499796438038,0.706774082231258
Gm21926,0.2567725778195178,-0.117507320618496,0.5811131615824392
Gm2199,-0.6137002096429145,0.02185768165785129,0.03545091505065079
Gm2223,0.20556363759377771,0.32312180044664596,-0.8093447157012179
Gm2225,-0.1808515087214151,-0.13305629049020862,0.08155306456723865
Gm22270,-0.016534171432934675,-0.26077734650916534,0.5536900243084528
Gm2296,0.20889366287336975,0.4985480819785444,0.8657853913297755
Gm23201,-0.25689371042973586,-0.0011251494137554108,0.1677617636696385
Gm2387,-0.14785120016035092,-0.28012399639554597,0.2375336931941583
Gm2415,-0.07112114990784701,-0.43582287751549875,0.7684344401464704
Gm2423,0.3992613464635627,-0.18870083534519433,-0.4449870907762761
Gm2445,-0.09736141179620694,-0.14686061063939826,0.5162271111734249
Gm24494,0.29681242663703344,0.2236906098792486,0.1699323222151665
Gm2451,0.5080059775778731,-0.4861093740887108,0.11806649173400796
Gm25432,0.31614761432964034,0.3032640335221837,0.38311463628109743
Gm2546,0.4462503874805024,0.1724421549599302,0.11374473483011482
Gm2573,-0.3200118136089296,0.16674148441606768,-0.0786006266170679
Gm2574,0.430721444305723,-0.28475879799537324,-0.25145849091474193
Gm2606,0.5907589938308688,0.30945309370963026,0.0011356532015607268
Gm2614,-0.1988196612078541,-0.16818951307340813,0.07304354277610559
Gm26532,0.36352643677936347,0.24984875866502887,1.319461816190444
Gm26559,0.235002780697657,-0.3056485091889536,0.6515119729922518
Gm26569,0.4352187106705169,-0.15148663249146,0.25016384505472344
Gm26717,0.12400153668711572,-0.2264358987170223,0.09017210857403257
Gm26737,0.11045847166608525,0.09706386205416395,0.6448391601932236
Gm26770,0.638971473216737,-0.1889046815825095,0.534737715732858
Gm26782,0.22594581269993452,0.21021443941696405,0.08284462814216464
Gm26801,-0.6064011107740732,0.25355090565841076,-0.2684982956251478
Gm26813,-0.04067414140560088,-0.778620512983891,-0.03583116177598411
Gm2682,0.1117607403657348,-0.016104368889593764,-0.4713755857185372
Gm26873,0.3652632919034178,-0.004774124742791153,0.21873782568388708
Gm26982,0.07598471566894949,-0.28149486322091644,0.1849317170500253
Gm27033,-0.19933468307634117,-0.6757278891842329,0.532656722159246
Gm27042,-0.3070205303652431,-0.11947082776226425,-0.5589530425554605
Gm27219,0.10192883764573657,0.32417689766891566,1.124937767527826
Gm2788,0.37377674357164326,0.2782774016276788,0.5369589322172917
Gm28229,-0.22917204180443662,-0.8560120035275698,0.1941545278986958
Gm2830,0.267752150290969,0.09809650849770146,1.2621372939995554
Gm28370,-1.1520484903365196,-0.7606353487924243,0.12619734201381771
Gm28437,-0.9859423947620893,0.7033873579061147,0.8663388827806604
Gm28438,-0.7778963159206955,0.2519223100441219,1.3659977268628825
Gm28439,-1.0640691228652441,0.47859560227055686,2.0396972180969843
Gm28530,0.03529620584443305,-0.1449956448248444,-0.15988947706095002
Gm28557,-0.28351890916402905,-0.1429481501879497,-0.6795740480446917
Gm28661,-0.9856340839800808,0.4241990359162644,1.8880290674781008
Gm28809,1.2009913333795774,0.6495252882318969,0.6008937714247209
Gm28875,1.4841760880429526,0.08201308796057982,2.1229295113123765
Gm28911,-0.2609092851747006,0.1615035343799569,0.8341856405146697
Gm2895,0.09430404649388685,0.4415457311649761,0.08433451168611739
Gm29093,0.10778801312626718,0.047364478624771,-0.15159640117491152
Gm29100,0.8220618838831043,-0.17542973341083534,1.09535071227769
Gm29170,0.5432603510874552,-0.09394338716182216,0.8861004094290093
Gm29216,-0.5903437932707511,0.5645785516060009,1.0282505819433663
Gm29240,-0.39637438448937057,-0.26486779646109704,0.26852506638913276
Gm29257,-0.41227563956717106,-0.22966639929097465,0.4122441851670908
Gm2962,-0.24771982368260848,-0.14988530027384317,-0.15762289688974795
Gm29739,0.2795351713991979,-0.20902396060693418,-0.2004999362305564
Gm29770,0.021762763761237647,-0.1023827512708072,0.19324776737199761
Gm2991,0.2869316355015403,0.2419287263229708,0.6661546582832691
Gm2a,-0.7718777132701646,0.350956774057372,-0.8657194229463663
Gm30025,0.35808009644919214,-0.4917385879390479,0.5545462635571861
Gm30042,-0.19719064070102055,0.25612311829883516,1.2727238824406126
Gm30074,0.4963524488807216,0.0,1.7667262542233615
Gm30177,0.2827745009335264,-0.13205910088613548,0.20174050916399153
Gm30262,-0.4706265047598003,0.21784061149724954,-0.4722547394857802
Gm30414,-0.14361922113499637,3.334309501106668,0.0
Gm3052,-0.509357157890859,-1.0433027818966059,0.42778136412451534
Gm3055,-0.47273863590184584,-0.26658151706127814,0.20561834609212093
Gm30794,-0.5750666528216517,0.019275301189729532,-0.12348445287516618
Gm30938,-0.42557976259385744,0.5589086657065625,-0.6248898201962778
Gm3150,-0.06578612142056461,-0.01879851936298449,0.22749603367794957
Gm31718,-0.7007860407775329,-0.12307850111447727,-0.0029484222126496817
Gm31814,-0.8503205909779934,-0.0798850023295464,-0.3901127519918747
Gm3200,0.4809100870415104,-0.398813467966957,0.3232060044667894
Gm32051,-0.7342020078096415,0.3785509390099746,-0.6314957008269395
Gm3222,0.47862496366321206,-0.13742759417235284,-0.15416306222223009
Gm32256,-0.22726229661392905,0.27899492932258896,-0.17611770117093883
Gm3226,0.43516809350801644,0.38587738472813915,0.576326480742608
Gm32687,-0.0839820201708611,-0.2325036330332535,0.031258249799950066
Gm32856,0.14572238617328104,0.27479526072498994,-0.20446519868153867
Gm32899,0.048417815419937726,0.09479417555510788,0.31167215578132235
Gm3325,0.2785006800302259,0.044812003317576954,-0.6430670700960824
Gm3336,-0.7717310311935901,0.40287328330507477,-1.6929296802592984
Gm3362,-0.11154661149702338,0.10229687733737447,0.17959796941315953
Gm3365,0.19838434393929394,0.07772528566338455,0.1365837150475402
Gm3379,-0.09493391018907404,-0.32818547634975037,0.4049397058637205
Gm33989,-0.6161105945634962,-0.13222534263001418,-0.0896345399423577
Gm34220,-0.05397469537624944,-0.22125134126014878,1.4199233203672696
Gm34256,-0.0829655078969862,0.45654755278553094,-0.33253222482855205
Gm34432,-0.10275162135397331,-0.19112975340561816,-0.4196060093952376
Gm34636,0.03967332560771486,-0.2776722624439909,-0.08264076809090733
Gm34719,0.32626904258108974,-0.03603057435567805,-1.0990197101154264
Gm34934,-0.23441411806986545,-0.08743515517453626,0.16170006103708423
Gm35019,-0.7486390634195861,-2.023905712613002,0.510527276713885
Gm35048,-0.10936619838274297,0.37804034414395904,0.003933737771003587
Gm35066,-0.5233312135580777,-0.7926497001567951,-0.29067609480484524
Gm3511,-0.28745726942172567,-0.3632217058219238,0.25359878326636043
Gm35315,-0.6958352865315198,-0.8794141790008796,-0.6557992446348888
Gm3534,-0.0297502797896656,-0.17972821879598627,0.17147089302471397
Gm35507,-0.8627716243009799,0.6096005513098636,-0.5502235489218525
Gm35533,-0.24895549498670844,-0.3455824996002501,-0.22871447074881243
Gm3555,-0.037018843793510114,0.42559251627832284,-0.32321222010129735
Gm35551,0.091456234394516,0.024606656691518625,1.2042166909937986
Gm35696,-0.8223156467011048,-0.0492201830477208,-0.37162896663293854
Gm3571,-1.674639232695641,-1.1584910776223325,-1.3579990216982463
Gm35853,-0.3364064862577335,0.015249073551004688,0.3279354471146718
Gm36026,-0.8898644756633679,0.15269285189987114,-0.8846270755043226
Gm36033,0.09676223692865094,-0.22643518029782161,1.2216832068888217
Gm3604,-0.4197165179476827,-0.3770292271895552,0.07962201132470992
Gm36189,0.4118401244748886,0.3993170535509618,-0.07222256882373138
Gm36283,-0.9358917300629227,-0.4159993858718679,0.48089616111334305
Gm36298,-0.3041959920825886,-0.17384293788714006,-0.22526852578137946
Gm36401,-0.10656542179562756,0.025071758916498377,0.625944584474927
Gm36445,0.546234778082316,-0.16330832349783508,-0.1370745134334761
Gm36551,0.2920196951708378,-0.03858480859082403,-0.06017092167490601
Gm36582,0.49988361089803846,1.1838726023287611,-1.256929083112741
Gm36640,0.1495957968477707,-0.3509318362407834,0.21347390141659872
Gm36738,0.11989642796232211,-0.024071070595852454,-0.19366375182031081
Gm36964,-0.5535180377044012,-0.11193037998980815,0.19257788064904924
Gm3699,-0.32452419859607984,0.11676839711820852,0.18458671599358945
Gm37070,0.5128746062100464,0.042874190637552156,0.2545933633174332
Gm37090,-0.05270211930088686,-0.24267414347347743,0.47692683389620605
Gm37108,0.12772154407006325,0.09791791820968804,0.4048363403277756
Gm37123,-0.17585007931680502,-0.08379535056594567,0.7749361834049026
Gm37144,-0.24844679521456053,0.36070324371504436,0.7516202751441166
Gm37145,-0.1887822915474744,0.967720886163105,-0.44466973606684856
Gm3716,-0.7821102727826719,-1.1822094277340178,0.5822482728825242
Gm37233,-0.6829165976657698,-0.458628400253981,0.28871309665985445
Gm3724,-0.43114662177512086,0.3351929204276727,-0.26224532731068095
Gm37254,0.037321241943603534,0.15219832827101953,-0.5493506766211071
Gm37261,-0.46605203805386564,-0.3850807460038498,0.38740671247970093
Gm37305,-0.5581160768950444,-0.6954692172990857,0.6614519372462051
Gm37352,0.039362636409683516,0.1268474659877209,0.23532833747270698
Gm37422,0.4598690460612408,-0.21746356979304793,0.7277337103680165
Gm37499,-0.4682093515220831,0.04173755535854751,-0.3740758991685189
Gm3756,0.43940576501432926,-0.16145150422151322,0.24164475405465086
Gm37607,-0.3813426725675266,-0.5329948319232127,0.857727522248932
Gm37711,-1.5624595073499639,-0.23939274207699457,0.037321308719944116
Gm3776,-3.823736704933122,-0.3854767524521163,-3.839561013059326
Gm37768,-0.49728360844543307,-0.2626770020047855,-0.1305739235780674
Gm37800,-0.7425889025880821,-1.4574046809690153,-1.0245899202100095
Gm3787,0.23729180943700734,0.22227157852351287,-0.0395268066889054
Gm3788,0.6214170965065522,-0.25213498252427247,0.08673772607287233
Gm379,-0.8847676342424293,-1.0451465394951853,-0.542827697846784
Gm38157,-0.04453710471191602,-0.11692769562235428,1.4544208509891845
Gm38158,0.8293403949680678,-0.05545150733776261,0.5978044796032016
Gm38197,-0.7908604110620883,0.9179875744719689,0.8589165001797937
Gm38563,-1.1896970421469284,-0.2378755018562777,0.009659309218232437
Gm38910,-0.5147868069101613,-0.4042358956718465,-0.2861813912616443
Gm39157,-0.7404632946686558,-0.13733629016484983,-1.0516532072232994
Gm39197,0.14648456457662207,-0.10788796811342916,0.017554929846459788
Gm39469,-0.44405257835120615,0.2026639215704371,0.1660208756248709
Gm4013,-0.4742767244882214,0.020085350045256356,-0.2919264819012346
Gm4045,0.014285175885850876,-0.5314223625854799,0.09154951738539707
Gm40466,0.08321715562165599,-0.17520265597572465,-0.3929912477786217
Gm4076,-0.8245528803611761,0.512116128215373,0.8393036159157721
Gm4117,0.39477607344061205,-0.007195834979661364,1.7368090719385507
Gm4130,0.02990539375346235,0.3224895791247523,-0.01660761847672354
Gm41442,-1.203547465594773,0.14472064849466548,-0.12022381450756203
Gm4149,-0.3421128599190102,0.1061087096409089,0.2028894618413255
Gm41724,0.40644171219746417,0.0,3.2838835677752
Gm4202,0.16800201170497342,0.1470428852307779,-0.39240087378223865
Gm4204,0.3841981824650764,0.015268349772046719,-0.3506845497338569
Gm42047,0.3017421455063108,0.10891661489971771,2.0261672548671656
Gm4221,0.17479099569752932,-0.06570581510594026,0.4341077674990019
Gm42427,-0.43389616405794385,-0.4309552276908758,-0.03638939241208233
Gm42517,0.1154813315816224,-0.09226837406437799,3.7016417884525072
Gm42528,-0.8711687714296972,-0.7571518305036424,-0.5650506835362803
Gm42547,0.8572047569037391,0.5715260345720155,-0.4780829870787291
Gm42595,-0.2974184361815009,-0.6339098799772469,0.5727000997493699
Gm42600,0.30139206304784216,0.08775130122294961,0.6523021478966481
Gm42636,-0.03576039897022942,0.0739903815195625,0.24976327232082057
Gm42715,-0.505120910960558,-0.409857049691868,-0.062309036071607427
Gm42732,-0.10274193343524701,-0.3104280305890049,-0.3001381071834859
Gm42793,0.15128717820306192,-0.431202889375063,1.627154293110555
Gm4285,-0.17390212547366612,0.14148221761696078,0.11545463521429045
Gm4294,-0.301006197026106,0.008705531042489056,-0.4385957953442756
Gm42984,0.15357555919863142,0.14142077978584322,0.03351610341989075
Gm43031,0.5060500288397982,1.6244129262083364,-0.2315733775682558
Gm43034,0.304939250013124,-0.042726213678015545,0.13584198576741674
Gm43071,-0.35933146476112093,-0.13330403127508694,0.4470756258598442
Gm43254,-0.05152374410697025,-0.3947666777300123,0.5817041240824289
Gm43268,-0.5453961797576721,-0.5432870328718975,-0.17717958953253238
Gm43303,0.014367738766835503,0.37199371814829396,0.08313276959944149
Gm43305,-0.34071935805598086,-0.2710574495742796,-0.48000921170584787
Gm43311,-0.910025870200895,-0.29254076060042045,-0.4838899503516549
Gm4332,-0.17626536616183497,-0.32078243185001476,0.6174213424646702
Gm4335,0.07788274841235232,0.1546262013684443,-0.07988552915281844
Gm4342,-0.0016183466103650845,-0.012588109564335204,0.39813205926658246
Gm43437,-1.639134395604755,-1.1838525322412718,-0.46536099537251574
Gm43517,0.22706093165859775,0.7171862727645302,0.4019369804109149
Gm43566,0.019417528332638545,-0.49570443850259704,0.8781253586292106
Gm43597,0.7305952504220932,-0.7108445399952629,0.01814277373574702
Gm4366,-0.2532657621459542,-0.015868146266384997,-0.2751623713275313
Gm43660,-0.12454752233552613,-0.38728576776659046,0.25203465660464514
Gm43661,-0.14761936699255018,-0.3851399497270118,0.09928297701906519
Gm43667,-0.21843512876539506,-0.6676627438072573,0.3732623329144702
Gm43668,-0.4281360919756585,-0.11381437088714419,-0.2598249984453216
Gm43672,0.778197272188996,-0.9671890961656288,0.6315054160118869
Gm43679,1.2334387453594062,1.5948176335056181,-0.02552865363763451
Gm43681,-0.06743086508089657,-0.20426484429594471,0.6301006793232753
Gm43682,-0.13780190766358114,0.2703753368720954,-0.35742523258088255
Gm43703,1.5111908251025796,-0.0367078175843641,0.3213140422017802
Gm43712,-0.3314805199059301,-0.2480911357445854,0.029420728186867695
Gm43719,2.159035286024192,0.7972987410660053,1.0308302969099097
Gm43737,-0.9418834685473993,-0.35237243676767527,-0.7865164713411237
Gm43823,-0.1790034685661528,-0.19345072063331425,-0.07896382240850652
Gm43860,-0.0436349747586543,-0.0483857898583524,0.19096378582173057
Gm43965,-0.07727975189085434,-0.3958504411947633,1.0233096917056206
Gm43980,0.341453943465983,-0.19764026415731617,0.14641122945907903
Gm44066,0.632034874872292,-0.3834412735161026,0.7241952332783382
Gm44067,0.6714724252692352,1.1037544008547333,0.39931985154208266
Gm44103,-0.1782169957407812,-0.19751989492480154,0.4321390735326724
Gm44220,0.7722578000621014,0.0,1.5518208413518284
Gm44250,-0.1595274870116823,-1.846292701977201,-0.47135978480196083
Gm44274,0.22899466498262577,0.6731866623120442,-0.869861506398137
Gm44509,-0.2891610307620195,-0.5004094366018615,-0.10383309440547306
Gm4459,-0.1428430450634789,0.027596939332988124,0.2110750163804882
Gm44609,-0.38128659602684867,-0.18735170020005631,-0.02469889226867672
Gm4462,-0.18782820781942244,0.016217527806572374,-0.07953238274657393
Gm44705,0.23956147751797552,0.16635390837964814,0.4242300127041101
Gm44751,-0.22542307797760308,-0.08487465009432948,-0.4389872852612746
Gm44950,-0.37837054812173854,-0.3329903496050237,0.04657272584504346
Gm44956,0.14729531008967722,0.2684530066002546,-0.3847640118570027
Gm45133,0.0738487633653353,-0.11928318336570687,-0.1289483325472749
Gm45137,0.3329539238732264,0.04611957305981784,-0.05669558112248563
Gm4518,0.3823150206936191,0.16040718616450123,0.13766831507447552
Gm45330,-1.5520631261021067,-0.052555021352182596,-1.8209450671442735
Gm45338,0.26423014714404564,-0.010749218964541282,2.1923555283495832
Gm45353,-1.6689060697206537,-0.1066868089880939,-0.8623425909184501
Gm45380,-0.187552672828318,0.056595920643404574,0.055331983105899596
Gm4540,-0.4230607592574881,-0.4142144602075566,0.30560973629617205
Gm45453,-0.34592867571428887,-0.3807721256312807,0.0999145207930694
Gm45495,-0.3087336906745357,-0.6826626873536533,0.8465844468231056
Gm45629,0.041172607062880395,0.42110146043570457,-0.2114214248868913
Gm45660,-0.515471024181865,0.20010111030376787,0.22828812983652613
Gm4575,0.29321499771845294,0.3019758604737267,0.11066644966973715
Gm45769,-0.42094062160780976,-0.3878615328881063,-0.5468173152238699
Gm45855,0.5931416515119539,0.07597899797221697,0.19572939651812904
Gm45871,-0.24169168381220563,-0.6261383309243265,-0.6183974805671313
Gm4596,-0.14984238759123536,-0.2193846753280661,-0.5521804263264167
Gm4600,-0.010918119379081492,-0.05298547623490191,0.008236100944480684
Gm4609,0.07678600093529919,0.1795212902741582,-0.06303066579558747
Gm4610,0.13001135403958086,0.584053306765618,0.41101031488782536
Gm4613,-0.29719782948986373,0.03207884210585232,0.17874024410970846
Gm4617,0.3358043305669116,-0.48670442159082716,-0.22673604256590174
Gm46404,0.4024877635744848,-0.1775445227623238,0.15503026200719905
Gm46430,-0.07926396580769568,-0.3922401494657777,-0.03771567641821871
Gm4654,0.3898813997331724,-0.04109709142927975,0.08883005304834501
Gm46546,-0.29467735532572603,-0.3654288967949317,0.28570141063733134
Gm46611,-0.07797371726536972,0.03181451958065795,0.3516619256831258
Gm46620,0.6823136168891637,-0.6764475262340355,-0.6831104171845679
Gm4673,0.1512294611165501,-0.0447232987377304,-0.050113530896480185
Gm4691,0.4325690404792082,-0.13700964068184018,-0.046380396686845904
Gm4705,-0.4571358382770736,0.1635591552780966,0.7637580108177913
Gm4707,-0.19156807760186612,0.056005665740407884,0.08895604113247518
Gm4708,0.13650768057773766,-0.2267220936893275,0.46001527739178605
Gm47163,-0.01046257778991043,-0.05749389763367274,-1.845282914585748
Gm4734,-0.312804637784434,0.04033563949716257,0.1903358804814146
Gm4735,0.44571469444176204,-0.08003120182378343,0.18838587783848304
Gm47381,0.006533912386478602,0.17244147457949222,-0.1912684663582509
Gm4739,0.21826260171572454,-0.21623293743693361,0.561103043622174
Gm47469,0.01085769314149343,-0.40517807295136465,-0.5669756019531883
Gm47483,-0.8575194383744097,-0.7728121058941846,-0.24498577561352325
Gm4750,0.061892745133922844,0.26266625233656704,0.0213197085466581
Gm47507,-0.1600606736270137,0.34727811770736294,0.20527067192902748
Gm4754,0.13532071862880823,0.0899185160231688,-0.2930201376541097
Gm47547,1.1221172216744202,-1.1573365998298333,-0.008685132381896665
Gm47640,0.8641270014529583,0.1385191092735658,0.015767017062256028
Gm47692,-0.30989219973709903,0.35423464894570955,-0.3469046583975183
Gm47694,0.20262400505474515,0.37101010181754857,-0.2644718374832773
Gm47705,-0.31295315785265754,0.09197121310972367,-1.2233482802341173
Gm47813,0.15136947302739312,-0.38720247602414926,0.6622769967817669
Gm47814,-0.0923127661313009,0.2809932493525864,0.402870567519971
Gm4786,-0.2810762926332432,-0.004811355079046842,0.15700622796867458
Gm47863,0.474299531887082,-0.10353927901431036,0.05060164467082218
Gm4799,-0.1604954330730476,0.15701038327001315,0.36469513601179926
Gm4813,-0.14763045131353247,-0.5178271065312234,0.0019116331411592746
Gm48226,0.6683544312302999,-0.19066770489096196,1.0680358520393762
Gm4824,-0.2809448994766264,-0.08803482473642776,0.17026106115366524
Gm4828,-0.19880767702935165,-0.04065024858028066,0.4847281519020874
Gm4833,0.09158323527163592,-0.13437444829609957,0.10950856429734812
Gm48557,0.029772154381718985,-0.21695333680311757,-0.3423793120417633
Gm48583,0.3560770802111649,-0.12863517426321325,0.0801425616539117
Gm48604,0.43590206920949404,-0.6199417397113722,0.20943315664999895
Gm48690,-0.2049133841307469,0.20873218840014474,0.5143448284972026
Gm48768,-0.1860703151852669,-0.2740205695651077,0.2295298123486587
Gm4887,-0.049803741839608895,0.10448078059290844,-0.6207378632660262
Gm4890,0.3000616618395989,-0.23949184612916619,0.47411275152489274
Gm48909,-0.25324831641277035,0.14758143269726198,0.6136423647106682
Gm4900,0.012509028820921309,0.23676390804751968,-0.25503035451016354
Gm49172,-1.3284245148287077,-0.5663568172866116,-0.16447582397745908
Gm4924,-0.9458077537053036,-0.5427373809099907,0.24612979525157774
Gm4928,0.24543526933116244,-0.16413862942591817,0.10266607747689938
Gm49284,-0.10756534256942119,-0.3456908263547582,0.4046188791485683
Gm49326,-0.12144546811946855,0.2003294014559791,-0.24711791847529385
Gm49327,-0.31438316920837694,0.0514783819473843,-0.5734057216338608
Gm49328,-0.4023783004292137,-0.045167074489058545,-0.7328400449867898
Gm49329,-0.7069880981985415,-0.8498758879977464,-0.23719914651173113
Gm49331,0.1279186334479192,-0.34127251384785273,0.6234077932193447
Gm49336,0.16046021459523985,0.26191530975953015,-0.39675181252241387
Gm49338,0.13320467068943564,-0.12754586450566707,-0.06592556841688124
Gm49376,0.08986453804457212,-0.14342416412607095,-0.1966215632515237
Gm49417,0.1348344990937765,-0.016104368889593764,-1.6318842106846765
Gm4948,0.014630936774588266,-0.5124539706513441,-0.04298519739287521
Gm49499,0.06623230420054232,0.04996703127978486,-0.18775296896059052
Gm4950,-0.16397841725239637,0.1772509530722839,0.15159842895728526
Gm49539,-0.05210708221568877,0.5019966246464601,0.8520908683667643
Gm49594,-0.24958171683753616,0.2724794747503052,0.17559870561289737
Gm49602,0.17092256489847868,0.10372272045132802,0.06609570632683259
Gm49654,-0.3888876143766251,-0.3532849138372907,-0.35066812462458774
Gm4968,0.1069038787141614,0.16826537558271126,0.02333340938495243
Gm49700,-0.9593736560865305,-0.7414860398446843,0.5286161507923359
Gm49708,1.210159981204562,-0.6768106273671539,0.216097715088427
Gm49759,0.977342392662155,-0.18516282852911958,0.3724533475198091
Gm49760,-0.743189555722892,-1.1954347132334482,-0.24198665191682037
Gm49768,-0.09749094187395102,-0.20521888646671926,0.2162013361424887
Gm4977,0.04325175980136242,-0.13638889106591157,-0.6302528435036531
Gm49774,1.3710876207977698,0.5107215106398186,1.7022709380295606
Gm49797,0.385583327024714,-0.018077189696986462,0.8022826535632523
Gm49863,-0.2283693314688724,0.11541603377984844,-0.31483324514647526
Gm4987,0.27027378401518176,0.07504414003208137,-0.0012413021065467156
Gm49883,0.21839168145647558,0.006637437527410528,1.2260977861756492
Gm49890,-0.176076268495597,-0.6156301329851223,2.1338692258418983
Gm49891,-1.1371090737875034,-0.19126304673707573,0.3275240764303414
Gm49937,0.3896208485930074,0.2323800257291072,0.23674804175373887
Gm4997,-0.40742484923479516,0.2900068747725455,0.5946445019882833
Gm49980,-0.5670340809435679,0.1432067212679814,-1.3032095812896198
Gm50010,-0.04986052325487722,-0.3461439730248712,0.6656934799304288
Gm50174,-0.6600251122807467,0.41824470529260277,0.3904871040565909
Gm50240,0.17747273907740713,0.15629830648956933,0.6864010981127784
Gm50295,0.33268152850159965,-0.09897159927956117,0.45513085696854383
Gm50321,0.24841624787476468,-1.139113285155713,0.5370644573700847
Gm50322,0.08930882945159802,0.08320015285602311,0.0672171042805434
Gm50340,0.26075903651919796,-0.41027187368375284,-0.014601729781085204
Gm50387,-0.05838553600223184,0.3002912753114202,-0.19003129991635648
Gm50397,1.737923877049012,0.7162668699934225,-0.10689333963448422
Gm50431,-0.38512572042589754,-0.17883232046271358,0.44597639392346244
Gm50432,-0.8082499028298229,-0.13822023764116276,0.22966752353753606
Gm50433,0.23917250222494502,-0.20863894873035083,0.2950096235076843
Gm5055,-0.2947399582909098,-0.42568244252298293,0.08248890531273112
Gm5064,-0.15995324302944647,0.41188794112634397,-0.20383051865112767
Gm5075,-0.42919465027155634,0.29681038607425103,0.09202485005792937
Gm5093,-0.28915378900276,0.2499041685810066,0.5740191074686991
Gm5112,0.3790215790673627,0.1157984846466622,-0.06667084264196244
Gm5113,-0.41042928108920984,-0.004893658265213041,-0.26826763285858957
Gm5138,0.5006020230846122,-0.35750696390370706,0.12037350804217284
Gm5141,0.03250875755622784,-0.26294371177576714,0.313571411554045
Gm5148,-0.9858575022170865,-1.3890838311068587,-0.8581627254026363
Gm5165,-0.03548239166174705,0.03942098276271411,0.01616790943780755
Gm5171,0.10939696062477622,0.034794212572617056,0.07421650786834721
Gm5182,-0.03361059861046234,0.14303616494202243,-0.3363222380671919
Gm5200,-0.518564684908275,0.27619739883832684,0.2610038040996052
Gm5216,-0.21521920861411425,0.19284588863553265,-0.8094077828601793
Gm5237,0.1898223647509596,0.36305377413446926,-0.23860424449470008
Gm5239,-0.26257663765123995,-0.1300946758772864,0.6608031512919885
Gm5265,0.15050466283292074,-0.019901153182829145,-0.006215923005098101
Gm527,0.4382414206326083,-0.37777423570716606,-0.24483002722490466
Gm5276,-0.1067213188412044,-0.36434146540974766,-0.16032030201456626
Gm5292,-0.2127824254685633,0.03723916691380369,-0.3019559144364782
Gm52948,-0.2807128090646613,0.05502948617600173,-0.5711198281021785
Gm5297,-0.05650334459899309,0.10415012936950097,0.021984222838483114
Gm53012,0.12161495880737871,-0.4563739952227529,-0.12939237745488746
Gm53023,0.22083581428362686,-0.13768561942276336,1.5100095830106435
Gm53028,0.17114317313324456,0.18681400885318605,1.1218432312720583
Gm53055,-0.19995788873750586,-0.4362864408719723,0.07852045819138831
Gm5312,-0.3178172889172607,0.4328527138160527,0.16104681425599876
Gm5345,2.2701289238652413,0.027261911315927635,-0.6899302889587233
Gm5421,-0.22138446794768574,0.08785622087150824,-0.1956108461626168
Gm5422,-0.455406170604997,0.19590791014798614,0.06534038212753157
Gm5425,0.07396996857506899,-0.039986257641908995,0.5114447994812112
Gm5436,-0.5471518175969905,-0.058593841232900123,0.4099887885147665
Gm5451,-0.4790935871197357,0.059787996335675775,0.15743893093728278
Gm5452,-0.10366433195295022,-0.16760341151541658,-0.2721566373415729
Gm54639,0.020953890828313226,0.30024174894553535,0.5287538347838171
Gm5487,1.131032558021507,-0.007558278531430984,0.16293265484208397
Gm5499,-0.2161584385483768,0.16641419160735393,-0.30681568198505005
Gm5500,-0.4645958321428947,0.06427213238464274,-0.35610299878665025
Gm5513,-0.16364839218083804,0.3107775632255272,-0.2670680291068357
Gm5518,0.7243658862302925,-0.3055038712420519,0.18009887787108508
Gm5521,-0.19845775415380706,0.11294729331199826,-0.4104472359660435
Gm5525,-0.23580513306602757,-0.030495625943981697,-0.1815479263250399
Gm5526,-0.8005602628832129,-0.3991441344146991,-0.42549073985654506
Gm5529,-0.05950957841199189,-0.2326616511453674,-0.2481866231952723
Gm5530,-0.4626779853559515,0.14009423810813004,-0.7534704873341307
Gm55330,0.1243660995399497,0.3222480771192076,0.09396562896353622
Gm5537,0.06997727781929075,0.05011366303400677,-0.5595168600577384
Gm5540,-0.5543116475893657,0.182117753865481,-0.2660122525432367
Gm5555,-0.2089343325869627,-0.007244282487708142,-0.0041708356175403916
Gm5558,-0.14215398673234247,-0.12377956624500064,-0.2145334593081235
Gm5559,0.3882781124719288,0.1785243236801901,0.1769219728909448
Gm5560,-0.3833863638726469,-0.37334366534289276,-0.21082190479415297
Gm5561,-0.32959422788149095,0.13892129254462926,0.380215789613606
Gm5566,-0.11777736929609461,-0.2460367526245737,0.7479068767965751
Gm5576,-0.14772784047878018,0.042074735677314345,-0.011894075808720428
Gm5586,-0.030059470632947338,-0.2219590533807725,-0.18812533330602843
Gm5611,-0.036073930733268034,-0.0012398432972835494,-0.09264261559497822
Gm5617,0.024943550182325636,-0.29821403542496205,0.5422628056521814
Gm5619,-0.1397133577923777,-0.06683476467147154,0.1758183735457015
Gm5620,0.13365439390223388,0.1309168906671745,0.4494676843599217
Gm5621,-0.41594750992997964,0.030706409715305583,0.26045483465146013
Gm56350,-0.08844516635020061,-0.1124558858382474,0.911559657435923
Gm5637,0.5181991816206235,-0.5266796451257993,0.2546610206099402
Gm5643,0.03252939711169334,-0.2031205382506791,0.18113205003142846
Gm5644,0.0843990542961297,-0.014369203862140911,-0.12899161131901793
Gm5648,0.46667524241876435,0.6511420163268037,0.07327828740092962
Gm5735,-0.32245426398538934,0.1585276131953226,-0.15097042365450375
Gm5776,-0.10984725095951375,-0.16323155852075477,-0.040392420517876726
Gm5778,-0.003812720716553475,0.4029849100435233,-0.08286762178789059
Gm5781,-0.5224789460029773,0.0652993677183984,0.4708114039325997
Gm5786,0.4554326991199704,-0.07414268920943634,0.1507027558308649
Gm5791,0.17854274696715,-0.10428273897417095,0.19241233265318775
Gm5801,0.05092817705423691,0.3846836543896612,0.022568609563134445
Gm5805,-0.38331483188055593,-0.12141311625824258,-0.3161877525268282
Gm5822,-0.4051172580030764,-0.1424188406839737,-0.4345050096134244
Gm5823,0.13863434087861415,0.3439747667424642,-0.6167164987508669
Gm5826,-0.17263533837411127,0.11759870463332778,0.2763017550352397
Gm5835,-0.2224035241291844,-0.015262429214827122,-0.3157616271760251
Gm5837,0.24631851860443743,0.0030345535223561537,0.275069135250225
Gm5844,0.04208110013506383,0.18911697978323572,-0.8899319800133925
Gm5846,-0.13656148420218317,0.15174570225231387,0.41693292936276605
Gm5847,-0.2899390332743146,0.07411118529889188,0.016455836895491904
Gm5854,0.2808470860028711,0.02913723026045545,0.10716639845316622
Gm5855,0.09633643381793133,0.04545135098084008,0.003924369879387157
Gm5864,-1.0016166493061336,-0.0457305721466339,-0.2380803675985983
Gm5869,-0.20323880973611352,0.07390344508464608,-1.0270473830107378
Gm5873,-1.0944061619829553,-0.7027020760290564,-1.3099329090359508
Gm5879,0.015605745494577494,-0.045017797310364926,-0.06144484520069815
Gm5884,0.2220478597427059,0.08850675876376513,-0.21920953863358644
Gm5886,-2.9414682471663225,-0.03168686258229505,0.0
Gm5898,0.013118519284475383,0.23378180479186872,-0.23255501780792331
Gm5900,-0.4649449002787138,-0.25145285714506677,-0.189965691131591
Gm5905,-0.4158960304054502,-0.2848914299529146,0.08028876910769478
Gm5909,0.24940317616620455,0.049854211970135065,-0.025438324148420843
Gm5910,-0.08569619879110757,0.39976209379341476,-0.18007853654581762
Gm5913,0.03537119739868544,0.25898900105274025,-0.34226961662349886
Gm5915,-0.45538002606850225,0.08786109548638332,0.1071351912700591
Gm5921,-0.02903322779343709,-0.40628969738027765,0.29658078780342234
Gm5963,-0.28918316995220383,-0.08312094065408115,0.5793224053844197
Gm6020,0.12473613205394807,-0.32173531045947956,-0.38533879874239485
Gm6023,-0.4507423310340192,0.04056267564870497,-0.2655909139278554
Gm6030,-0.11222158039115993,0.24046882055574637,-0.18466565587620543
Gm6035,-0.018877934029764676,0.051894475027355114,-0.4535591963508321
Gm6043,-0.03657784257144048,-0.1615444668481616,-0.04976096479102193
Gm6055,-0.3883765365716929,-0.4004446234091342,0.0136600226792154
Gm6063,-0.1370161873459741,0.02985633389096165,0.20761745500715345
Gm6085,-0.2446071456632719,0.17253030023767235,-0.2659942022826419
Gm6109,-0.09716067133272355,0.19032210144074968,0.13785333906920427
Gm6133,0.6934400396342293,-0.013366762534377907,0.19942414016997595
Gm6136,-0.4299338423029151,-0.5346478228770866,-0.04759591831992527
Gm6139,0.4802558027412155,-0.18402931670952694,0.3082566178499849
Gm6142,-0.17039601834610663,-0.2592209925170573,0.16777196846382303
Gm6158,-0.000406658756049616,-0.13154015647727302,-0.11719647865415395
Gm6169,0.025820748140386707,0.158436826337504,0.5504529262699513
Gm6170,-0.24477269801729307,-0.1319731540909772,-0.8366043090003052
Gm6177,-0.11941204267297822,-0.0365977849318585,-0.08709525133964724
Gm6180,-0.00616238090074317,0.019725260074527906,0.12302405180741971
Gm6192,0.09591090189410156,0.01017758163862248,-0.7436313505662209
Gm6204,-0.2354337358504761,-0.08336390157100215,-0.7396745601319257
Gm6206,-0.2396144275397969,0.015123881952002094,-0.1965928866094866
Gm6210,-0.19829822468455482,0.19678257483354855,-0.22996578881555285
Gm6218,-0.3034078541896301,-0.24001938764091202,0.13911819063480735
Gm6252,-0.25752696007274256,-0.031086125828331923,-0.3313663758681433
Gm6254,0.17287922768234076,0.021999974901307562,-0.11642158480394937
Gm6278,-0.2938547624239338,-0.28857558085914103,0.7300189560634487
Gm6285,-0.16737048610135408,0.04907986663044306,0.26255073321483646
Gm6286,-0.4262952140699373,-0.19309406281297958,-0.04422912353313979
Gm6296,-0.08713422617349142,-0.012698083334363064,0.17936348367101335
Gm6311,0.33953035195338965,-0.431221051141218,0.02869696005804423
Gm6316,0.049942271205148714,-0.0849787685120269,0.28662720307722944
Gm6341,-0.3280270115107826,0.09369562683844279,0.23301519109248758
Gm6352,-0.26970266933237497,-0.3505064099518283,-0.46079095002155906
Gm6363,-0.0045883491090308315,-0.1898424524675313,-0.07708078119077078
Gm6368,0.02268526606951049,0.26277013091252677,0.30379282460895807
Gm6375,-0.6938087860779087,0.9071706032502665,-0.6260227076688123
Gm6382,0.068840870606237,-0.4063237789652719,0.10240119693142669
Gm6392,-0.2990898445553054,-0.059211364590105564,-0.3465176293958534
Gm6394,-0.6389864170848747,0.12188234812083776,0.1733641432038624
Gm6402,-0.3902972795715516,0.5282381341147362,0.26909777809449187
Gm6421,-0.35705240042089104,-0.11175474542054031,0.013345148988519906
Gm6430,-0.31594666896769785,0.5206820777979316,-0.34287007031610583
Gm6433,-0.24262525011079727,0.36485634798039485,-0.34807698393814523
Gm6440,0.01444152684330069,0.005334265318515663,0.31373225700695007
Gm6444,-0.009554130174215802,-0.09960442675626002,0.4452061778697476
Gm6450,-0.36731785248438253,0.30867649299235267,-0.1992052150576431
Gm6451,0.04469158632656911,-0.33818632268685334,-0.8407908905921986
Gm6457,-0.06427934208643638,0.26767919724485023,-0.26763871306426634
Gm6474,-0.3955526981511732,-0.0650966625956435,-0.09848178193430979
Gm6475,-0.25549698241297425,0.24288172778775508,-0.32634518663143497
Gm6477,0.28376163509089736,0.14108761948116566,-0.23537247712890608
Gm6483,0.3775472471192918,0.23259472309890739,0.3016565983239454
Gm6485,0.2015484118837374,0.1717888636538314,-0.14203764185967105
Gm6493,0.07117565766410905,0.3805806300589699,-0.1599619711892885
Gm6501,0.18849028058788675,0.16019752177836966,0.008190014458493544
Gm6520,-0.04543839596752619,-0.05575537652491547,0.011065352331251166
Gm6525,0.27838084806419233,-0.12147729692968579,0.4517339704831208
Gm6533,-0.7363980127703709,0.19073918696918124,-0.14121533264692854
Gm6540,-0.300942771223485,0.07182146936146339,0.2162077780395849
Gm6542,0.11481986888867968,-0.02613122537607082,-0.2102937864359008
Gm6548,-0.30931555846841263,-0.5612819372339635,0.06746867639887366
Gm6552,-0.3536348248969359,-0.38682715092013975,0.04410818433038344
Gm6560,0.2252091936832059,-0.13622076504527314,-0.7929368481503936
Gm6563,0.21160964428838192,-0.5063867280150043,0.4208748689549169
Gm6576,0.186662365472691,0.05231968261961284,-0.05809266363384202
Gm6581,0.44344118911487285,-0.020209768492432167,0.4064148188806312
Gm6627,0.11503882153323408,0.016472969135363114,0.3352875916195923
Gm6652,-0.22871736076820837,-0.12199006870102863,-0.5666320558250528
Gm6658,-0.034493206084952654,-0.18910720496527567,0.022601431875656885
Gm6663,-0.10071897436513377,0.30969604299565845,-0.2417469113001095
Gm6682,0.6553495703676437,0.08776351548356898,0.4567877672464378
Gm6712,-0.18883158923179244,0.18033181743686555,0.19193254114470915
Gm6722,-0.8068359785358672,-0.1590123751113186,-0.01000734403742376
Gm6733,0.05333937275209022,0.09448898229502456,-0.4975412600405265
Gm6745,0.16544593205539204,0.08765763448340558,-0.06659457121927836
Gm6767,-0.11303371169393639,-0.23022132654357863,-1.2986568040513493
Gm6781,-0.3270694141118674,-0.29558972764892955,-1.1367921756981456
Gm6788,-0.5102173439064005,-0.15200482408406824,0.10747374931422504
Gm6789,-0.28875916006866653,-0.04328225493213367,-0.908214814006925
Gm6793,0.06977403449559016,-0.3101657186735848,0.5949763759210125
Gm6794,-0.34434285893505223,0.14397577263684402,0.21746174404017682
Gm6807,-0.42167678882197857,-0.5240786671565525,0.4556796498295177
Gm6813,0.4303627367538654,0.009647820818564412,0.32197541194887924
Gm6863,-0.24660150389101032,-0.13458500146108854,0.05512051880602442
Gm6867,-0.3697422582722494,-0.3550192086861145,0.11561404565890643
Gm6877,1.178673822822299,0.5891696267660758,0.007877096928343708
Gm6883,-0.581086028691937,-0.0351487945753286,-0.11222349612907756
Gm6900,0.4839167528527888,0.12680920209402302,0.03346930478078036
Gm6937,-0.3163354588580991,-0.13848262849836912,0.29147356535426083
Gm6969,-0.25697388474874805,0.010442849392298892,-0.7157205487497148
Gm6975,-0.05487281661771748,0.0750524952051077,0.05593856448649004
Gm6988,-0.027800885321917823,-0.08694611698062693,0.15648608025082678
Gm6992,-0.07737130261716718,-0.1174446471170052,-0.5947405516183992
Gm7027,-0.2872953838981773,-0.2719263653298265,-0.23293711371531867
Gm7043,-0.2918055242263732,0.0630479283171369,0.329102063653122
Gm7049,-0.5379608608326787,-0.15225559081854845,-1.395714440969025
Gm7059,-0.2450884422870594,-0.3047004090121217,-0.23120480543258815
Gm7072,-0.2600439161147259,-0.1690292428170097,-0.022882613815301767
Gm7079,-0.42199742739112933,0.011942567585060404,-0.3595742857823778
Gm7105,-0.04026653914927403,0.13440998277978444,-0.8813133618404251
Gm7143,0.37763527902037763,0.2677312506266727,0.45068865944674386
Gm7160,0.0606947008099501,0.023761360975792734,0.2232623840578576
Gm7192,0.089670697115945,-0.031902684747145194,0.4400724215981414
Gm7198,0.22397887967656416,0.14227132151513733,-0.07045429743259779
Gm7204,-0.5042377228341475,-0.24916759679377987,-0.6768696185103364
Gm7206,-0.4948482477014482,0.12072147041839809,-0.2480326501395973
Gm7232,-0.34763899386931163,0.14374144869918926,-0.43191577438746664
Gm7240,0.26977434201128037,-0.5397619555945699,0.21631126173988735
Gm7253,-0.25575855696820277,-0.0711360689374827,0.4467005854318953
Gm7266,0.258222960573687,0.2379889382253242,-0.1501831084313201
Gm7285,-0.28620664594325107,-0.11973792991971233,-0.05640833042078364
Gm7287,-0.12685658522647114,0.18006211202477174,0.2520731685218287
Gm7289,-0.2557989702410647,-0.03806144865511102,-0.2519644070599996
Gm7290,-0.40078015199332717,0.06978925425578542,0.5266849324040874
Gm7308,-0.2741127013430458,0.12875790385187535,-0.24496285591657696
Gm7324,0.25668887949224084,-0.3213945189283265,0.7069831161633346
Gm7327,0.08570779618839719,-0.22547296360314684,-0.12265053974450979
Gm7331,-0.49598142012785695,-0.19253785379820254,0.5148161216327929
Gm7332,0.0970636946350516,-0.23564961484445268,0.4851928281535276
Gm7334,-0.08637720700802998,-0.07596000128105329,0.231156838780897
Gm7336,0.36946305412311653,-0.05274421065110324,0.10805316790953667
Gm7353,0.005424415550463801,0.04911187644592174,-0.3077280728962778
Gm7363,-0.2839016405314958,0.12022312883160136,0.035030211946701195
Gm7367,0.19745644069843027,-0.23543326571695988,0.3830778317351323
Gm7380,-0.7691840547996661,-0.18236063008875947,0.7261744629396666
Gm7384,-0.07434347061886326,0.03228909678991787,0.20497849968330062
Gm7389,0.04146339892303319,0.22925580462386386,-0.1448192115844935
Gm7390,0.31179654618098274,0.1068151883298647,0.13516491107000644
Gm7392,-0.6845973163121513,-0.054144285739486264,0.12441383755322488
Gm7424,-0.5101487845573957,-0.3129101752926705,-0.01284699543915968
Gm7429,-0.30529103414037806,0.06158341780184995,0.2912450186464606
Gm7432,0.18605691371085697,-0.11061615654295576,0.03481258800828485
Gm7434,0.14605356404985792,-0.01973320953809443,0.13409654497004153
Gm7451,-0.032420094699693425,0.6833940710260216,-0.15568645539736653
Gm7466,-0.12465439187219474,-0.3869141602484726,-0.43419203918986304
Gm7476,-0.3389659256534088,-0.30326561175947364,0.3021477936444157
Gm7488,0.016773476045193192,-0.14748193838289514,0.5127523782199865
Gm7507,0.08580891655743628,0.15642072783896327,0.11078613321162534
Gm7535,0.08502773374074368,-0.04213528074709105,0.1969060610199983
Gm7536,-0.1472810760768941,-0.2572532497959492,0.18490210829877896
Gm7556,-0.07681148421146933,-0.19656102191885122,0.06694263114714782
Gm7575,-1.1750745882387017,-0.9774438992429932,-1.334435084151242
Gm7589,-0.29857030332786616,0.16629052815609735,0.3186052132403472
Gm7591,-0.1383417550016417,0.13704444950996575,0.196235107361031
Gm7600,-0.3647079940527649,-0.1784872049441446,0.04893701899011882
Gm7618,-0.357190985032781,0.04913055069130379,-0.2337832687678465
Gm7658,-0.3323738091314492,0.2824766105685206,0.05596587030917988
Gm7665,-0.6957795337771691,-0.4262069971564202,0.4090930237362653
Gm7691,-0.25656537909261423,0.08824582855149643,0.19951283795278585
Gm7694,-1.8458072544873003,-0.5411252501709929,-2.243364673479719
Gm7695,-0.11405467381573575,-0.38944970368789555,-0.11529704323554169
Gm7729,0.32385552440880194,-0.30484666183516507,0.4182233254928076
Gm7730,-0.2281417555985059,0.09222761779445499,0.5326713959340261
Gm7803,0.18139458176951018,0.37247567628057277,-0.12254642102328528
Gm7809,0.5140818999968724,0.4591388559009175,-0.2334912208720239
Gm7816,-0.13908488536447772,-0.08699262184425383,0.08436827667368363
Gm7832,-0.17404785507849874,0.14915877269460398,-0.4282902653447871
Gm7846,0.7252594325647348,0.1848350160210681,0.39607107467181946
Gm7862,-0.025336464502787592,0.08004640232282645,0.12943197367815884
Gm7867,-0.2025294739434249,0.06303458446646582,0.007997079853932831
Gm7895,0.08914746705655063,0.0006165255657250013,-0.3686849193026763
Gm7901,-0.04182413535844587,0.427542626975296,-0.029838411309174973
Gm7908,-0.7333095046319527,0.07091595604094658,0.28098504671557795
Gm7926,-0.13255517181346188,0.20141001984354734,0.38618507937951674
Gm7935,0.13901716292513133,0.06247336968415684,0.19606933231329093
Gm7962,-0.34819141051685965,0.2552044428320622,0.2518009490757098
Gm7964,0.35079994394930836,-0.17411969482548706,0.03924479464791997
Gm7990,-0.22928509041449308,-0.01791062687771583,0.42484290237320566
Gm7993,0.051607177782484914,1.2761080731059613,-0.3161551932733977
Gm8034,-0.3973269486108917,0.010575599035909544,-0.09967984796951745
Gm8066,0.6985281574653989,-0.1476904329031834,-0.29296007898289333
Gm8116,-0.018151436527658604,0.11477151413429565,-0.33690400858680836
Gm8126,-0.19049568059593028,0.08001821661138309,0.20581861537900448
Gm8129,-0.2748942181504228,0.17389511279464465,0.5631281978741203
Gm8130,-0.33260503239876105,0.08178807439116609,-0.22439848042552768
Gm8141,0.16691397064939162,0.3442499631592313,-0.16840264541498506
Gm8172,0.19479152854073556,0.16698214906446718,0.2141108087342709
Gm8186,0.7341630881660803,-0.11669665687077924,0.12112949966031206
Gm8210,0.1969017772384874,-0.05603660199976135,-0.10792095102897015
Gm8242,0.12777300053104018,-0.28928780521238706,0.12381863025592899
Gm8253,-0.3309659206646106,0.05392858575680837,0.5297379751819
Gm8276,0.09537755019909877,0.0027339614756434205,-0.1951192396888577
Gm8292,0.21634576851449167,0.2965081557875383,0.7497847577666809
Gm8325,0.24301802564531472,-0.0781676172159591,-0.4868812802537637
Gm8326,-0.3554209254602465,0.2037816465184905,-0.09214507332314859
Gm8337,-0.11131027062530574,0.36039968558117863,-0.3811096413896795
Gm8349,0.22752400733888684,-0.27504977866228114,0.49636819724200254
Gm8355,-0.13852098583571992,0.28152834090485257,-0.16687366744821297
Gm8399,-1.082484565013361,0.9357820927688745,-1.1489277646636493
Gm8437,-0.5346097062284948,0.10367951222859162,-0.1910567501078389
Gm8451,-0.40676297203975365,0.20590392298297955,0.25352348651006595
Gm8483,0.01675063035566149,0.3059789938055465,-0.2912823702925941
Gm8494,0.14123832573910988,-0.1260211502127575,0.517680482573687
Gm8503,0.09103911467252268,-0.11913821716005246,0.5284916036455508
Gm8518,-0.04226208083226879,-0.01803054689476269,0.1491858138260277
Gm8520,0.13474867719317207,-0.08470095115483889,0.21195945768618163
Gm8543,-0.17432790012035726,0.6619936797463504,-0.14230783111557982
Gm8566,-0.9367445314053344,0.135525534717865,-0.4743138173073085
Gm8606,-0.10528013128719893,-0.2635947390916229,0.46894379865300273
Gm8623,-0.433965670165934,0.09911418105382408,0.10498789985565082
Gm8652,0.25255931729369074,-0.12879725359101868,0.3376605365406946
Gm8659,0.08164458628950477,0.089355769404035,-0.20506202846290122
Gm8666,-0.42725248284669437,-0.23357521233650602,0.0472793563246503
Gm8692,-0.5473711654326561,-0.024545855611270095,0.2791509330676242
Gm8717,0.04978965300353322,0.0063061492302083355,-0.20042948109383174
Gm8730,-0.48353791616020914,-0.5044378443910222,0.32086644639280415
Gm8741,0.06486545539052146,0.24941059412100886,-0.04484709311169022
Gm8767,-0.015019879639298184,0.1521971387578568,0.028520608967576022
Gm8797,-0.11543552702091742,-0.12000285645447817,0.11752721168088998
Gm8806,0.2605794829898447,-0.22447481807865732,0.07043095654938392
Gm8885,-0.10250459193708372,-0.11953697671319685,-0.0853758991003799
Gm8894,-0.47923363014197984,-0.1550175237349375,-0.03418769694845969
Gm8925,-0.37163555224445843,0.2957797413212956,0.11524459118561148
Gm8934,-0.5039204088445421,-0.29115604551556595,-0.15273017567349
Gm8942,-0.17870658223392788,-0.09867061267969968,-0.35140978559910985
Gm8960,-0.5550446446858137,-0.4361877746216519,0.11716631733322136
Gm8971,-0.04919612797642281,0.041499568584039914,0.13905138945066503
Gm8983,0.2531571950048396,-0.5204169112727783,-0.27283008075475773
Gm8990,-0.5285193542846014,0.11921151182673118,-0.23585546635844656
Gm8991,0.15877870541691785,-0.05245633185617693,0.02019988015917995
Gm9009,-0.013587731008372628,0.12069885059404223,0.0985481228442654
Gm9027,0.2580948577944644,0.20107046294828979,-0.21507012310131624
Gm9083,-0.04110041683946308,-0.014291793939604336,0.18655554278601727
Gm9115,-0.11367095922038611,0.9015144057076057,-0.06232256396271457
Gm9118,-0.03731234602212474,-0.009433354059272592,-0.22241379535747763
Gm9134,0.17931297281488845,0.158317824318275,-0.1358509393138102
Gm9207,-0.10998222596280927,-0.3631442762205191,0.1845970874443017
Gm9234,-0.4038065522163923,-0.19216982505374536,0.03576157888403653
Gm9247,-0.01890945363232399,-0.07735559325374664,-0.64106424385065
Gm9260,0.006165216845710586,0.8948271326156366,-0.12851706073216226
Gm9276,-0.21508271369328447,0.02062872734209442,-0.35595341209360587
Gm9294,-0.32384142083693446,-0.20168449078133066,0.41117943279308045
Gm9320,0.03013533435802107,-0.11765476073799641,0.3078747571128613
Gm9333,-0.25507584948764994,0.17102480479148308,-0.25289172107348906
Gm9347,-0.10439569773576096,0.4462477165464267,0.30857458969000096
Gm9349,0.03284333236968773,0.031568443207208585,-0.2274166919519076
Gm9354,-0.2347714646344654,-0.12369975088916463,0.08118575547928275
Gm9385,-0.8144232173644625,-0.07452914384107157,0.40215080325791464
Gm9392,0.017863804754044144,0.00515628109100863,0.22718535224661318
Gm9396,-0.24437327596757008,0.244394148069774,0.4524155751164045
Gm9416,0.18815117010492405,-0.06074339191087097,0.4950283448537566
Gm9432,-0.15513831685947332,0.18145839752615966,0.324396735722685
Gm9457,-0.28809082212135173,0.1050258681466748,0.3050654106789572
Gm9493,-0.32397713165391373,-0.03659820447289519,-0.4245029238635132
Gm9512,-0.31858114729489406,-0.3682326416076289,-0.6387776659287447
Gm9531,0.47978971808937576,0.3043294364639486,0.22892845049103627
Gm9575,-0.18201665798955247,0.10236927273771357,-0.15513403405913717
Gm9616,0.04723940246910896,-0.41390524134020845,0.21296455713272477
Gm9625,-0.21044473886195236,-0.5141313843073947,0.13145529178841286
Gm9701,-0.10891297027237268,0.24264945365254548,-0.24448421435616086
Gm9755,-0.30264634741565244,0.1457179025876798,-0.29333335141289796
Gm9761,0.07321473204717543,0.2374724216893962,-0.015085200313579072
Gm9762,0.1978227100793939,-0.02004631129756973,-0.784363109340346
Gm9776,-0.3534553429845577,-0.6282160971215042,0.2722085167981585
Gm9790,0.006967731020824708,-0.009285705407173217,0.46900165055347576
Gm9794,-0.366485591321144,-0.0581935238386162,0.1483929887757549
Gm9797,0.3357323440756207,-0.11007680077383719,0.3943883872578207
Gm9800,0.2834559868861062,-0.2660260395381364,-0.04933746243861359
Gm9816,0.09636423010597328,0.30584331779496465,-0.13161641353924902
Gm9824,-0.45208241607339694,-0.8757048590271814,-0.1347832828609583
Gm9826,0.2204002642017744,0.15933057984594923,-0.05616255041742535
Gm9836,-0.3127649214867626,0.05727119642126843,0.3667758373105049
Gm9843,-0.571443672784187,0.022032500976742142,-0.1657242280507738
Gm9887,-0.34712831170153446,0.4549224464031454,-0.3332734479047512
Gm9892,0.14642678782881324,-0.1374365042741963,-0.07834022982180056
Gm9899,0.7530024551893463,0.9028169735595961,-0.7129677839866503
Gm9902,-0.6206803080172518,-0.26309978500316733,-0.09911022583384406
Gm9908,-0.45967346264519016,0.07003244788984864,0.746492261076107
Gm9926,-2.510308992361002,-1.3788022439213785,-2.2817251921655277
Gmcl1,0.23675655085824143,0.11049117310422574,-0.48445559851509046
Gmds,-0.8274804537024689,-0.10584336107348147,0.44068047175390035
Gmeb1,0.4607734488001114,0.12388782034499446,0.8603994066594907
Gmeb2,-0.0546056986043002,-0.09747479608476795,0.5154400009684021
Gmfb,0.15341057755219722,0.4395310283823788,-0.6277575558297448
Gmfg,-1.174905571320247,0.2269649724461691,0.18786996805189826
Gmip,-0.3625389990183052,0.04233463082140965,-0.09741124054201844
Gmnn,0.4538282740403998,-0.1506522629433089,0.36775138428139087
Gmppa,-0.09498928941800244,-0.18595250789293605,-0.03060692659350739
Gmppb,-0.2141474368003311,0.0502588156252024,-0.5421715403853788
Gmpr,1.9618916261143595,-0.8283833874557782,2.487494492683264
Gmpr2,0.1590826161413923,0.20566141385749992,-0.898911401129384
Gmps,0.34841424468405613,-0.1413870267386148,0.5573817129214085
Gna11,-0.7819305226879729,0.006362639666321002,-0.3945694631707326
Gna12,1.8155182182405074,-0.37714228182258225,1.2494480677452469
Gna13,0.0815951582763148,0.18735150629251507,-0.411188910769015
Gna14,-1.6723723544739093,-0.5290197703096571,0.08286320961435516
Gnai1,-0.7127046174235963,-2.478211152560714,-1.8448843536232054
Gnai2,0.6254196411992563,-0.3669490481933586,0.04633849278726743
Gnai3,-0.08068475963731103,-0.2087681282891234,-0.5050195208110413
Gnal,-0.4509019744131502,-0.22172159112278983,-0.6256184249870875
Gnaq,-0.8077030323654828,-0.17511311648480898,-0.5662242600608245
Gnas,0.7518097637934531,-0.12739968903316035,-0.11025061776096212
Gnat2,0.46645761976490663,0.36442930935644524,0.29506958839447517
Gnb1,0.6015338275774393,0.07976413825635831,0.3105427316310436
Gnb1l,0.07543367560458769,0.14318131849160132,0.8394656257199418
Gnb2,1.232092933972197,-0.5348135029269372,0.6573321165121957
Gnb4,0.23031356238704692,-1.755454173196034,2.596032611887833
Gnb5,0.2797626319060793,-0.20661265411784102,-0.39670987802997093
Gne,-0.8534244146772263,0.09211441119972363,-0.44090409148759413
Gng12,-0.47100821951008953,-0.15952975132948755,-1.0156491699111978
Gng2,2.0333494421474954,0.0,0.024531148932021535
Gng5,-0.4214736594839792,-0.6918410862284441,0.3678407155604342
Gng5-ps,-0.3964101573575334,-0.558327766144986,0.2944001490220661
Gng7,-1.36491519533458,0.10412169948607541,-0.8349659983322513
Gngt2,-1.993584853939829,-1.5204686390033553,0.6082012786306812
Gnl1,1.1437763988078613,-0.04809669843582931,0.5492892242177989
Gnl2,0.1681490178207543,0.5372816403443696,0.38497719608948877
Gnl3,0.4124427623471094,0.39132386936903973,-0.11970792663076857
Gnl3l,0.3813436607288292,-0.047092398045714745,-0.20759595910335893
Gnpat,0.06549960363806573,0.1329195168136703,-0.3127604281874907
Gnpda1,0.35613487404185573,-0.3525222370357577,0.5736187917906923
Gnpda2,-0.5843630575832022,-0.4950537683055618,-0.13891328875008346
Gnptab,-0.34094976640992236,0.20384340584162342,-1.0600760165347216
Gnptg,-0.25485797487352624,-0.16220182670513505,-0.33142101487332987
Gns,-0.3599300011642743,-0.01202843931344244,-0.19804094853360166
Golga1,-0.31282435857499546,-0.06751194968125329,0.14658990564768626
Golga2,-0.14727810983692358,-0.12464970929238106,-0.15529151533627417
Golga3,-0.03616324226595857,-0.3429847897886722,0.1254354837218541
Golga4,-0.19837356891987135,-0.14935480836213166,-0.5639867837141548
Golga5,-0.3885409513098095,-0.2556384601498447,-0.6141122490406765
Golga7,-0.14104905323305772,-0.06508131187973465,-0.11202690562956263
Golgb1,-0.8277145671246577,-0.3558021862142562,-0.24696431657493179
Golim4,-0.6892588601219023,-0.09026612211850438,-0.7493163577624546
Golm1,-1.5800641397462538,-0.19632085087793172,-2.7272142005293727
Golm2,0.7228030129458598,0.5545169014818652,0.6394331008186995
Golph3,-0.3513534981183515,0.269236485338447,-0.6082258365517887
Golph3l,-1.7818918855474397,-1.0303976620634288,-0.6439279853839706
Golt1a,-1.0646514039554913,-1.1386023001481118,-0.6699576475185343
Golt1b,0.3867531287760331,0.5044293175370438,-0.3418380550430271
Gon4l,-0.15883622154962307,-0.3048264099187108,-0.0956405928343993
Gon7,-0.5076204996843536,-0.5352208295306631,-0.15863080893502213
Gopc,-0.31787043538515825,-0.4335669423441537,-0.43292657861914297
Gorab,0.595523024229414,0.061448992381022194,0.3585555863806791
Gorasp1,0.20830291716734273,-0.2651823186994857,-0.14751262515400576
Gorasp2,0.056214641756478834,-0.002160289076387656,0.14806635433488857
Gosr1,-0.44353586646347765,0.1825977632887259,-0.1886566801065035
Gosr2,-0.026189013849760023,0.18999912506869698,0.19990629563353934
Got1,0.009884037191248751,0.318578029401996,-0.5023441906078396
Got2,0.6457698798743126,-0.12174524303084944,0.037968573514032045
Gpa33,-3.5522924876007114,-1.316435871525632,-0.4533900420446728
Gpaa1,-0.1440188894711092,-0.37286506952794163,0.05179277245786729
Gpalpp1,-0.17963124344089643,0.20894967148507515,-1.2251409611051853
Gpam,0.03562537147273925,0.1320194627322948,-0.5027276112452652
Gpank1,0.045826161538507826,0.16439583224009535,0.4603618182102416
Gpat3,0.11861140454011965,-0.5752357543353397,0.8827113016788215
Gpat4,-0.05747350277067387,0.2736525091545392,0.22956308409795056
Gpatch1,-0.5727126565700411,0.09843597959846573,-0.4337057550078689
Gpatch11,-0.16312199237861513,-0.21365841696679855,0.557786626432974
Gpatch2,-0.2585657009484672,-0.04980841584369067,-0.11218187020769621
Gpatch2l,0.32629232613672565,-0.0024667756046183875,-0.39404579920274063
Gpatch3,-0.07464159785260893,0.20065581743031524,0.34026431705449056
Gpatch4,-0.4250030769905351,-0.10148915152686744,0.6756138270591201
Gpatch8,0.13187204079677883,0.0854817031500561,-0.2614061283305613
Gpbp1,0.2786922801764611,0.1795518080607854,-0.16918946337714136
Gpbp1l1,-0.3977269222729154,-0.2244125277497977,-0.1848082548331691
Gpc1,2.2697291552912553,-0.4836833953926032,1.8792415765584431
Gpc4,3.3878260809544565,0.0,0.02559483979567489
Gpcpd1,0.03026743098942397,-0.2605900844355311,0.17068440008458463
Gpd1,-0.7607778308275769,-1.2250710597344932,-2.8147457236186524
Gpd1l,-0.29459611190287127,-0.05806400821124491,-1.8373747874273452
Gpd2,-0.22257339853309954,0.09388456390237909,-0.4421155150179654
Gper1,1.2371086775173974,0.029667288891443547,2.0647406996615185
Gphn,0.5776457380782913,-0.31724828836959507,-0.008491526971197594
Gpi-ps,-0.43601390189043165,-0.1736049676462894,-0.22785137130544442
Gpi1,-0.04355942630648002,-0.24711711614170007,-0.40658737121547794
Gpkow,0.23854416640959109,0.008552637805909313,-0.30229384891995004
Gpm6a,-0.652894831157735,3.599943137093802,-0.05408463348734205
Gpm6b,-0.12989415081775846,-1.4823376489442426,-1.744843059878486
Gpn1,-0.08464993180292524,-0.0724567899616897,0.7187680533851672
Gpn2,0.12467733169039619,0.515134489937684,0.29384872362578474
Gpn3,0.00207187361542438,-0.3235074510734659,-0.0323659102713485
Gpnmb,2.5878868071634678,0.055875432514066355,0.38259513135563955
Gpr107,-0.2264239310444065,-0.1338605270100679,0.1915163756043139
Gpr108,-0.8474168728980684,-0.4248924718539815,-0.5149223751812908
Gpr137,0.19700903851964569,-0.3539406128929832,-0.43548609016248907
Gpr137b,-0.09472761673254304,0.7656634198481171,0.5734260929694086
Gpr137b-ps,-0.04337867676092699,0.585481496817831,0.30210823945571086
Gpr141,0.18134983941798152,0.05598492530357173,1.614669200403575
Gpr146,0.943116425407664,-0.9558080998824692,0.5086565706678132
Gpr153,2.1186202041779487,0.02584805482746111,0.7144471671108921
Gpr155,-1.258086056124726,0.12150568823578389,-0.5608411498789843
Gpr157,0.14442165298360393,-0.011426660612373293,-0.0709216426612409
Gpr15lg,-1.5226274939731277,-4.001435837416951,2.4121879765029606
Gpr160,-3.8610057677577863,-2.037966992837233,0.1518808357760021
Gpr161,2.271303897503987,-0.25816254901133107,1.866157200185674
Gpr176,-0.36460047557041664,0.022144108517679437,0.11707625214076826
Gpr180,0.27131430075656837,0.1812277124944437,-0.9107674985447352
Gpr19,0.6869613722958352,0.40004528849164345,0.3228056441730458
Gpr39,-0.9837053144138532,0.1361024973311613,-1.0978464030389419
Gpr4,0.03747984552347973,-0.01529519738830172,-0.805098102745381
Gpr85,-0.22502663388501443,-1.866407120287944,-0.890134693116847
Gpr89,-0.5050813636326019,-0.3715187642759883,-0.5485118962292335
Gprasp1,0.17656891890355997,-0.3512951241921849,0.8464086041483334
Gprc5a,-0.5987685824611653,0.7891445406880724,-0.5906776588885219
Gprc5b,2.194525599640289,-0.35671139438291277,-0.2824303938436348
Gprin1,-0.44815974213170656,-0.25606464031574994,-0.3343851930884564
Gprin3,-1.1802800553744435,-0.10753378650099821,0.18084611999618036
Gps1,0.09594475877676611,0.27235487084553256,0.24951821180466194
Gps2,-0.10377432679357579,0.13576571437380025,0.7291086886280542
Gpsm1,1.694083512744951,-0.7555201387514479,1.1128943741282424
Gpsm2,-0.15137148088387864,-0.25590254978399773,0.05717530284889616
Gpsm3,1.08667920488674,0.058009888600717596,0.41830636313067515
Gpt,-0.8377125404727104,-0.06264405348019864,-0.656945711285283
Gpt2,-0.6190562461240399,0.026730912155910502,0.18613832219682003
Gpx1,-0.05468379599322937,-0.22568455250622677,0.46791185896824405
Gpx2,-1.0086130736123602,2.8176625249097054,-0.13168635457872188
Gpx3,-0.6651346496732122,0.27132603079487905,0.18399153310043204
Gpx4,-0.628717187655468,-0.6944149536212709,0.3002075897182266
Gpx4-ps2,-0.6961525441900136,-0.697271595745506,0.2606799705098286
Gpx8,3.585469715617446,-1.3652963193520877,4.016579027423447
Gramd1a,1.0319720858603518,-0.5475939669870975,1.6569193748045592
Gramd1b,-1.8182179550232336,0.09078196996875221,-1.0270040256293882
Gramd1c,-1.5507127499336288,0.07440741492110514,-1.0997879201226257
Gramd2a,-1.0165800715266096,-1.0859014636904365,-0.6288067020155474
Gramd2b,-1.2711309663851251,-0.08666362278993978,-2.504652669974761
Gramd4,-0.6810643088608499,0.28886139238522546,-0.36655780776678704
Grb14,0.46562005535880546,-0.43433488176857726,-0.7248480408390159
Grb2,0.030216909352640542,0.11967020574266929,0.20846224875102948
Grb7,-2.1913204641482427,-0.8812621456255672,-2.455967601969676
Grcc10,-0.14426940714193603,0.4221491939835823,0.11606992662931448
Greb1l,-0.7318529442429913,0.3892733593674118,-1.59826944472756
Grem1,1.5213788812981548,-1.5007121031294937,6.495579505469808
Grhl1,-0.252179297294181,0.7989640272466065,-0.5992455644487154
Grhl3,-2.3036772991336156,1.0557350301663444,0.16710017705829366
Grhpr,-0.011986649249574377,-0.359084295414287,0.16637907269306496
Grik5,1.945698435002218,-1.3071463695566754,2.2060117650128555
Grin1,0.13300267982259462,-0.5627148596037745,-1.4054900356158377
Grin2d,0.07031327357170869,0.42445441948091467,0.2933238539702804
Grina,-0.5846238619956976,-0.5867487707533199,0.7602668390047889
Gripap1,-0.06090482364029359,-0.2958344177291714,0.8690143965668131
Grk2,0.2272918284667389,0.17572759346597788,0.17514503716892182
Grk4,-0.23526326572528666,3.4442230792394675,0.2996266940324068
Grk5,-0.44474989963433353,0.941258213661111,-0.48860076786906026
Grk6,0.5620952735356584,0.34986072473960395,-0.03380449275960551
Grm1,0.02918036347681352,-0.3360106420214532,0.7540215439682032
Grn,-0.4896806189732361,-0.6341745281281002,0.5903748732685878
Grpel1,-0.18975518079945175,-0.3564688543389858,0.23425824489436575
Grpel2,-0.5402551920266205,0.03951818177418076,-0.8175684044128779
Grsf1,0.3052363392648392,0.025491122846112546,0.03402396092664706
Grtp1,-0.6902991862456078,0.12714908683272297,-0.697041562973475
Grwd1,0.31513508226034137,0.732349811476702,0.17673667277957072
Gsap,-0.7359743650218604,-0.6741882921520652,-0.48143356709527163
Gsc2,-2.521888457003497,-0.11312817083433657,-0.10545598173342889
Gsdmd,-1.4873751066951426,-0.2921378034816762,-0.6729572998575328
Gsdme,-0.20597664479196265,-0.10175983491722818,1.6814721454544905
Gse1,0.23778087139500848,0.5460809674350848,-0.701150071589248
Gsg1,-0.0026968149297005306,1.1320951125677718,0.642855991898967
Gsk3a,0.12154354114110877,0.14762932963592146,-0.30690821122070844
Gsk3b,-0.7262355263599067,-0.01009546690265406,-0.14708337966510054
Gskip,-0.005652605697779478,-0.38323138922385613,-0.3268202125891273
Gsn,-0.1947092498463654,-0.03174103391469174,1.1181036718780089
Gspt1,-0.12443026959353976,0.3700479605496714,-0.21465815988608306
Gspt2,0.0,-0.600950360871134,0.0
Gsr,-0.4800950071396777,-0.08497409677988621,-1.4007374611960968
Gss,-2.0846291345681127,-0.25401572750451074,-0.8975526695072062
Gsta1,-3.8523768266223515,-0.706496217406757,-3.5526569421185292
Gsta2,-1.9000367560947462,0.9092287612702832,-5.353838689460671
Gsta3,-2.8619839416906356,0.12729506561255288,-4.921118068375615
Gsta4,-3.808391615981173,-1.2611696488749153,-2.767244040615606
Gsta5,-1.1939715403750253,0.9605888108031542,-3.201746959642565
Gstcd,0.11786924767841711,-0.27008017683159835,0.042728912736027524
Gstk1,-0.07453894439708936,1.9272752854388748,-0.6518780928047883
Gstm1,-2.5996680232733915,0.2599699650499465,-1.9592565100546775
Gstm2,-1.1310047537270194,1.6248664708248137,0.4459792674158347
Gstm2-ps1,-1.4160662203823744,0.13064528927044933,-1.692800439158142
Gstm3,-1.6491144538638651,2.88402326030165,-3.0203224957673327
Gstm4,-0.1971411262217302,-0.3944436232540074,-0.7501231210285839
Gstm5,-0.7032967300494786,-0.9739265078658756,0.04922118727250524
Gstm7,-3.146589948788866,-0.9808888690157291,-0.09076176418186854
Gsto1,-1.265323812986102,0.12087100589386246,-1.4422111501531738
Gsto2,0.8937950289487584,0.13976721071130527,-0.9607450361648202
Gstp1,-0.38145049105010287,-0.22805599396549958,-1.5118061488580512
Gstp2,0.28613664087060153,0.10403410335555419,-1.3169668691243515
Gstt1,-3.5415864259266105,-3.2566954589679717,-1.9015064621213984
Gstt2,-1.204798609227636,-2.515173273468068,0.275442454537082
Gstt3,-1.8491275496849169,-1.8363916751173597,-1.2249197649287746
Gstz1,-0.22996053703913688,-0.9117016309279795,-0.2523461831234419
Gt(ROSA)26Sor,0.3274043459439562,0.06829335938346048,0.2577658526080806
Gtdc1,0.737305822223937,-0.2691630752857037,0.5346412184528782
Gtf2a1,0.36230481087290567,-0.14923142765003483,0.1828797200627026
Gtf2a2,0.2962549096199041,-0.26638150849616693,0.09643737899391436
Gtf2b,-0.4510685009721662,-0.27321221776293303,0.2889325041361781
Gtf2e1,-0.2446697291784492,0.2888977827945052,-0.3392360773123362
Gtf2e2,0.823434100787308,-0.031585522177650205,0.48605136063588983
Gtf2f1,0.09242006269020298,0.2790385277432046,0.8097526255992404
Gtf2f2,0.4933599797817365,0.38750186141026255,-0.04229802079186218
Gtf2h1,-0.3667458857411461,0.4957225307346995,-0.13981051897405017
Gtf2h2,-0.2686272858432899,-0.2613614642224693,-0.1564769939696138
Gtf2h3,-0.27047335521447735,-0.5024627950180571,0.5260270352987497
Gtf2h4,-0.09215784863491105,0.047918648415340215,-0.09371298033151731
Gtf2h5,0.021811556142585786,-0.13697731350576525,0.5492872925576204
Gtf2i,-0.019977847872224785,-0.47710136265502445,-0.43868156188041674
Gtf2ird1,-0.06331382217999248,-0.5224089561600298,0.06029635297125768
Gtf2ird2,-0.33785911836012694,-0.23605598737895406,0.23794649531381484
Gtf3a,1.5180138058416661,-0.8444525161674248,-0.30550567188628985
Gtf3c1,0.09710280033042373,0.37274044560432973,-0.5105130315091602
Gtf3c2,-0.1596801804035728,-0.6609570397654654,0.7753140604217776
Gtf3c3,0.3985218599016118,-0.303654389239683,-0.017636131834054325
Gtf3c4,0.2227067170567807,0.21577926257200097,0.01681722213448822
Gtf3c5,0.15502781600063464,0.13600420150629144,0.6836379121190586
Gtf3c6,0.033642074244614406,-0.1629158810578879,0.29661071118618976
Gtpbp1,0.5016444283199544,0.07726182485436262,0.09042687236616409
Gtpbp10,2.8486400394052414,1.83961046982379,0.292648696709505
Gtpbp2,-0.15871197590953923,-0.560373904844158,0.38414603124965296
Gtpbp3,-0.09779580082869277,0.16729250833354925,0.8178268926059342
Gtpbp4,0.49738450763840447,0.5761477310706615,-0.32035745597508125
Gtpbp6,-0.7644828835771795,-0.849305532017139,-0.15122716266227698
Gtpbp8,-0.5957505927726618,-0.14484292409567123,0.45583712020249356
Gtse1,0.6166567972938246,0.04862731962828626,1.1215297101326227
Gtsf1,-0.7658680974216321,-0.878223004133339,-0.08165812718327253
Gucd1,-0.821233412534899,-0.8004298725845738,-0.49266039227084146
Gucy1a2,0.0302473623821351,-0.2392579234394605,0.0
Gucy2c,-2.3554541991706057,0.043290129045832654,0.04705941994424337
Gucy2g,-1.4492772989796319,-0.444261203052414,-0.5355419800031364
Guf1,0.032212309556598484,-0.24418977499861194,0.37705151683505855
Guk1,-0.34666359624142373,-0.057298874642474296,-0.1919882216155493
Gulp1,0.11436176417934751,-0.6370761319144527,0.09572599554183737
Gusb,-0.18842062126157622,-0.5841118686793862,-0.0799415799226404
Gxylt1,0.6712447513912769,0.481802519375532,0.10130199255678285
Gyg,0.49743520482897985,-0.48084512739016105,0.4875489924359009
Gys1,0.33563184523312906,-0.27263489788222284,0.22080312968829485
Gzf1,0.1063324176072209,-0.28814499517629955,0.21391248639614524
Gzme,2.80330640287931,0.3677572556436264,1.2836359251573293
H13,-0.33156110405194905,-0.4999047868086599,0.4235868529349789
H1f0,0.9105715709789477,-1.3729756948863345,0.8343032393655747
H1f10,2.7420141414629784,-4.915386612099107,4.871322271207373
H1f2,-1.1474236424940711,-1.6174864516414527,-2.145539447259373
H1f3,-0.4662742397068216,0.03295404072733987,0.26060583469818055
H1f4,0.3472659262689958,-0.4068221714062512,0.733648161128123
H2-D1,-0.6932803428509287,0.11108211137774227,-0.781028203980382
H2-DMa,0.3038695135973607,0.49023351480387767,0.8547723506049802
H2-K1,-0.9274564838397721,0.014441737008128896,-1.469701582337053
H2-K2,-0.5386420011247559,-0.6203925423884687,-0.5647201777493986
H2-M3,0.6753467294325612,0.4866322930880085,1.3174564396374553
H2-Q10,0.11002152934408113,-0.24168998903128264,-2.5633081702381015
H2-Q4,-0.025830058392084965,-0.00023739324740718049,-0.014702608587656929
H2-T22,-0.26800145780297857,-0.37456618354995186,-0.36994366948881385
H2-T23,-1.3110206472407366,-0.9825344131619005,-1.0696805517843586
H2-T24,0.21139561999232104,0.42618687786598597,-0.48008442633426185
H2ac25,-0.40874558761095686,-0.07355407958925547,0.10228680930708434
H2aj,-0.10060390085524373,0.06664060449718612,0.9979702107972277
H2ax,0.18354697640095807,-0.23853193446790755,0.9700000221456957
H2az1,-0.3781532976158921,-0.3596744352710779,-0.01725511540372615
H2az2,-0.45397048057285705,-1.154012873590311,1.1463536476284801
H2bc11,0.35108059114679885,-0.09019138099576574,0.8967403176432256
H2bc21,-0.18165070183180632,-1.0486705411968926,-0.3518771978323194
H2bc27,-0.11671624933881897,-0.2906007604438119,0.707991181811408
H2bc4,-1.0796120601646484,-1.2281675177548035,-1.6399850211211398
H2bc6,-0.8248649724864019,-0.2951791376581216,0.0721128880388085
H2bc8,-0.226880048971011,-0.6372975031476884,-0.40785316282077466
H2bc9,0.07989764134475386,-0.481976044581605,-0.2453360354234937
H3c3,0.05006176417133057,-0.18814253547208126,1.1600385315495931
H3c6,-0.23905717644434116,-0.38596887353113774,0.5853763093488609
H3c8,-0.018075167275706905,-0.0810350270068434,0.6034005588310409
H3f3a,-0.029828747497633756,-0.6610557723812516,0.044889755843511736
H3f3a-ps1,-0.022915225115895055,-0.48263027727876406,0.1847065117759401
H3f3a-ps2,-0.6120053819587348,0.20960391878193574,-0.43328846981302993
H3f3b,0.46012974432117026,-0.11940710332777194,0.702948769698132
H3f3c,0.027079331150862473,-0.3549054422503952,0.0993753052799583
H4c8,-0.2595951356387931,0.04850807847682442,-0.3755159560875765
H4c9,0.8257563670506465,0.1122318681542005,0.7664369428042659
H6pd,-0.7071585479699216,-1.0171887078033794,-0.360457837426571
Habp2,-0.05181700610727913,0.027261911315927635,-2.7727436489804567
Habp4,-0.11203250674143206,-0.23180696840349402,0.49064364276540573
Hacd1,-0.24772911904471062,0.12433520320092839,0.44558457478097946
Hacd2,-0.8714605780059959,-0.2326895562805369,0.5698748127504443
Hacd3,0.41142621810473745,-0.0139957961685786,-0.23978874449034304
Hace1,-0.16000561438496863,0.09870837378036601,0.009683275269275704
Hadh,-1.0421347698997225,-1.2551512614253468,-0.366353353172733
Hadha,-0.5764242083477775,2.1065230737050706,-0.2967412230873281
Hadhb,-0.9155756739688385,1.8469820258006537,-0.8014187777850292
Hadhb-ps,-0.5845115780452793,0.8611805320034099,-0.19090624878335516
Hagh,-0.43504530883896564,-0.29566909864716173,-0.22813459118886215
Haghl,-0.24534368245612592,-0.5575037786193606,-0.03097929464183613
Hal,-0.9350177886820883,-0.19696989101837764,-2.7459162759593734
Hao1,-2.5815416555767703,-0.40777682737312126,-0.9661898629080671
Hap1,1.7911721082812593,0.649993187256396,0.2882774212869168
Hapln4,0.7975295811156116,2.617256173163537,0.03465358867454427
Hapstr1,-0.6178814704493387,0.04965491895892793,0.1174938399766372
Harbi1,-0.2750538778664864,-0.6679119141623295,-0.21111098774516002
Hars1,0.16022834422741017,0.03245143103058634,-0.17855233107146695
Hars2,-0.12400371314118441,-0.1151237952229005,-0.41433116907915046
Has2,3.1817707981726495,-0.045701854901479246,2.271509681927938
Has3,1.0506213530858324,-0.1344728720953794,0.6608935738330133
Haspin,0.5312948736063223,0.49494344993091577,0.6931977271982053
Hat1,0.967086800617202,-0.048744529940718095,0.8909670082529706
Haus1,0.5730323621702773,-0.24658388231312944,0.3010144435728197
Haus2,0.30762163714438184,0.2964148023484521,0.17419273412019898
Haus3,0.6048572088242872,-0.26258999502767555,1.0856787172850653
Haus4,0.4754756177697308,0.05952417316765324,0.03822193425158904
Haus5,-0.05680469070345051,0.1268331208232405,0.7076870579009155
Haus6,0.5802294704921582,0.8628222602282101,0.2557900698774951
Haus7,0.15840123217826374,-0.9576473178044953,1.6419506872013345
Haus8,0.9495519442113896,0.29241768893747544,0.7034029899104928
Havcr2,0.316089350278435,0.47340161959929217,-0.5575141013581695
Hax1,-0.31334578383263967,-0.34579041427030077,0.22555028558581114
Hba-a1,-0.04597381671328771,0.38957116577068396,0.08312685207345005
Hbegf,0.5476170550330455,0.566426526932136,0.37996984818432367
Hbp1,-1.0263114461324445,-1.1032143275677964,-1.3087844494082348
Hbs1l,-0.005706856196587395,0.26008716072448745,-0.025246128994020012
Hccs,0.37141888080018237,0.047531389696737314,0.2099651737989685
Hcfc1,0.31343484621498696,0.07168571093874831,-0.024715423273049986
Hcfc1r1,0.2640971614389249,-1.5890178822277408,1.0599707204070459
Hcfc2,0.11871936455190735,0.22797288396096338,0.040352742401436714
Hcn1,-1.9947609326319702,0.009047941172281249,0.8831381733114249
Hcn2,0.007622025326621262,-0.8332078245062453,0.015753798504968497
Hcn3,-0.3398282757783151,0.5722498001755685,-0.34258019420133845
Hdac1,0.5248614988398606,0.2788691021037204,0.47651383220369325
Hdac1-ps,0.14098166968836034,0.371786221617427,-0.02427873152779292
Hdac10,-0.24523871847376233,0.016848813267104745,-0.08201969637146611
Hdac11,-1.1002193968748404,-0.9968380147164841,-1.0751795332711414
Hdac2,0.2996168489833355,-0.21185286586362917,0.2754143422950346
Hdac3,0.15489892025875918,-0.49561274838764824,-0.06820263961941819
Hdac4,-0.25682217930538087,-0.45791092024578717,1.0079932600486865
Hdac5,-0.6763745366850911,-0.6222309571131506,-0.004994098011879444
Hdac6,0.5107400201933903,-0.24489973043386737,1.0277185141780887
Hdac7,0.029599198720558384,-0.1527175679108126,1.1320219508045772
Hdac8,-0.5776731993753259,-0.5226327953960248,0.7458509263240134
Hdac9,-1.444408596135246,-1.3236939203017553,0.057511893902452246
Hddc2,0.2903768446446371,-0.7431435788766265,1.0538900411927328
Hdgf,-0.009251640593952004,-0.23830363286457157,-0.10714370366802584
Hdgfl2,0.33616792601125134,-0.40058488423063654,0.8045953827086976
Hdhd2,0.06415734772142678,0.20645758070502795,0.00932437190795632
Hdhd3,-0.3067857559817224,-0.2543993216912428,0.4244768591771415
Hdhd5,0.828444704582219,0.323254344083999,-0.17299385944139667
Hdlbp,0.2650932497515228,-0.1506881524223047,0.010701185152115045
Heatr1,0.43435828652291697,0.665645211723791,-0.3825073731001929
Heatr3,0.47258828265161057,0.354043025260232,0.4539354694706619
Heatr5a,-0.22126729653339083,0.5190427408830702,-1.0291355315112378
Heatr5b,0.3269696919924945,0.3734834589901874,-0.3185406432766609
Heatr6,0.2667286358734495,0.2656246346066462,-0.0456210452933794
Hebp1,0.7558597697257099,-0.8411161058542316,-0.10375651698474098
Hebp2,0.16361602746469495,-1.0812106127298229,0.0756627975785068
Heca,-0.4761874295405448,-0.5896319063195308,-1.033076243769028
Hectd1,0.21745451972254237,0.4042410885259473,-0.9790639718283067
Hectd3,-0.4896458306472238,-0.07442250770014214,-0.18011964712813056
Hectd4,-0.3635915510693648,-0.44858956714261833,0.0048454485296325345
Hecw2,0.402557159963123,2.0498753674900057,0.3406854856449635
Heg1,-0.39553020378457404,-0.2711483097820029,0.6553662437223409
Helb,0.07579084941584568,-0.03975540729200233,-0.016720516501279814
Hells,0.8013982602552678,0.47237305617208936,0.2452806729527044
Helq,0.19307794923983135,0.09253474580027365,0.4307788735254441
Helz,0.030809880499814923,0.22613026046530305,-0.11509255805308527
Helz2,-0.6710730010423669,0.3117088768003282,-0.2836778692567501
Hemk1,-0.15069869210328912,-0.009151512793024619,0.6865241145361716
Herc1,0.29289392238251644,-0.22295183396734863,-0.4959093351888626
Herc2,-0.6425087843085793,0.24574837837259178,-1.0643266475677189
Herc3,-0.19168203721604105,-0.4077642498150271,-1.0615246212701974
Herc4,0.1888196952147112,0.09664916213504426,-0.2603787075598669
Herc6,0.8428137587808331,-0.016902828109278567,0.1732289611073157
Herpud1,-1.1530689746901013,-0.4832161961881045,-0.5276581562369289
Herpud2,-0.031218610294744487,0.005602453860681145,-0.6004980988976536
Hes1,-0.4161370154430246,-0.09607722372794303,-0.49494999956213714
Hes6,-0.6542635507381958,-1.1677291833249939,-0.30636679819552537
Hexa,-0.02301018011376943,-0.15903659176536955,1.2038519468050373
Hexb,-0.2110370656402445,-0.10560135979026652,-0.5259910977125708
Hexdc,-0.5415025634168185,-0.5221710237341202,1.146103546755286
Hexim1,-0.4668291372370552,-0.28914245679437656,-0.49697825231961
Hexim2,-0.054430240539169006,-0.22222625081715175,0.2945902829948346
Hey1,1.1692545957164173,-0.10892102002242088,0.267046069033933
Hfe,-0.4574079308169834,-0.5614203694809068,-0.8171481227603321
Hgf,0.2508971786460979,0.0,1.998537429414836
Hgfac,-2.48075724202501,-1.5093299872270265,-1.7214671147134313
Hgh1,0.25954003672993764,0.4289291237263493,0.40123323668257616
Hgs,-0.10603369535115892,0.1487509803535616,-0.01624599528724424
Hgsnat,0.0700783373065903,-0.0702930319034003,-0.3435429501697129
Hhex,-0.4772722083515577,-0.9653959793022211,-1.424274949787152
Hhip,0.0,0.0,1.9908957910538936
Hhipl1,0.720650595989286,0.0038682823679071915,1.1825856901399905
Hibadh,-0.19445638650960362,-0.06794564756959787,-0.6095907837593852
Hibch,-0.3733763979218665,-0.24158180355594938,0.36242354155466483
Hic1,1.9519386600734845,0.4550938868431002,1.6599973063876101
Hic2,-0.6008811899428124,-0.06449792881798055,-0.18514876926102142
Hid1,-0.5623725574830054,0.26731496508500996,-0.27795066629830956
Hif1a,1.3854900840021287,0.3999882452103485,0.3106422725822062
Hif1an,-0.4636110092676775,0.22783029155102152,-0.6008117578304724
Hif3a,0.3505806809246685,0.05126943773831016,-1.2106167498088503
Higd1a,0.5933838978850545,-0.39647963832557753,0.5616770677625036
Higd2a,-0.581711791174043,-0.5447281665341785,-0.53194226502678
Hikeshi,-0.12551112933437825,0.04812586019089515,0.6052378590885112
Hilpda,1.229795552461308,0.3744263193695119,-0.4875347005623514
Hinfp,0.18149838635423166,-0.06641710420222147,-0.18444469726031043
Hint1,-0.23180164399239622,-0.14719068424588677,0.36328603865520925
Hint2,-0.37296613614035135,-0.026975203160088945,0.42905635760980987
Hint3,-0.3739131278686263,-0.6803170750094187,-0.289575169980262
Hip1,2.0594078460033707,0.06736997149687962,1.3304618414587495
Hip1r,-1.1798955853656006,-0.9070609931703881,-1.1772070453192152
Hipk1,-0.1305181383645042,-0.21495933971447378,0.11012386415157582
Hipk2,0.794545802161057,0.38745666650873467,-0.735509745818729
Hipk3,-0.4812829415691615,0.481275779735725,-0.6508478664286841
Hipk4,0.13288795955762112,-0.1949761746833124,1.2932920640338001
Hira,-0.5970879070360064,-0.44019838158500946,1.0350840185982624
Hirip3,0.4558032794343134,0.36218578809017377,1.2097947056533518
Hivep1,-0.1780787751797126,0.19194553479152177,0.13305184594667008
Hivep2,-0.15774999683818214,0.18172603306373958,-0.3207285495370278
Hjurp,0.8217843175636013,0.1752377819093205,0.8592406192222093
Hk1,-0.2683597992818836,-0.09442672275900854,-0.3629358968894092
Hk1os,0.03723991931874426,-0.10028202720663881,0.48672710164749644
Hk2,0.4167564395490597,1.337575747396044,-1.0595950481057272
Hkdc1,-0.7743884613008354,-1.1651509357740655,-2.9787152635408978
Hlcs,-1.4531563271210146,-0.16703952698274538,-1.8278862612178495
Hltf,-0.4116153126283679,-0.20499059210253723,-0.33834744635213454
Hlx,1.2763878613317194,-0.3681689805207604,1.496840841867019
Hmbox1,-0.034850208093466506,-0.24977253182087367,-0.41190368683567335
Hmbs,0.11135923870191355,-0.3372637364274871,-0.07637664565753788
Hmces,1.0350701044115898,0.05424096898378128,0.44859111840810684
Hmg20a,0.2159323349875244,-0.12997325061277287,0.008499260027189592
Hmg20b,-0.12962207227931444,-0.5997962536742314,-0.1399061835720028
Hmga1,0.9895387922707837,0.3008446094357513,1.2365018198586952
Hmga1b,0.4926481993545737,0.2938981930103375,0.9613025944420941
Hmga2,1.1770975834890356,1.1277119844032661,1.2889578741181236
Hmgb1,1.887456014098813,-0.6297455009636348,0.627956905189385
Hmgb1-ps7,0.9472913795905001,-0.022305442910700468,0.17419928563670956
Hmgb2,0.6697645500396838,-0.1551336084106545,1.331689575386906
Hmgb3,0.77412767277655,-0.7172694346481752,0.48182801171180856
Hmgcl,-0.3521538844457659,-0.6291923449914254,0.4084070034741343
Hmgcll1,-0.10581071143420306,-0.27759286984663234,-1.1548570186090616
Hmgcr,-0.8826398107770306,-0.7896409308563648,-2.3524230600133347
Hmgcs1,-1.5608258844662046,-1.5380703916755314,-2.5320799912717593
Hmgcs2,-1.6440470918464192,-1.309764705577186,-0.1554888535338781
Hmgn1,-0.10565036763736835,-0.45650426538048094,0.2646667333377213
Hmgn2,1.1370670658144943,-0.32920852255214683,1.7493299489043546
Hmgn2-ps,1.125861403505641,-0.32141833985934287,1.1926186587947694
Hmgn2-ps1,0.5917083805122605,-0.3227463632094075,0.5203718281357923
Hmgn3,0.28648268415059686,-0.29706974696085453,2.961084483289027
Hmgn5,0.23148264819149222,-0.750108034947254,0.020397312699834913
Hmgxb3,0.4601145914039453,0.35808482857319746,-1.0453241745070567
Hmgxb4,0.4707799169151823,0.0989225990596152,0.5112253382814922
Hmmr,0.6478359867711321,0.2510142201144836,0.7154236854352858
Hmox1,0.9387219675888971,0.916029901087323,-0.10609624606368584
Hmox2,-0.714135242492187,-0.2549057644910562,-0.35114434677040407
Hmx2,2.3476363995525333,1.2628325073565962,1.3601786265845737
Hnf1a,-1.3919306055196263,-0.40561827462837385,-2.172740737242244
Hnf1aos1,-1.7581736235770058,-0.8795906591492295,-1.4462614841537584
Hnf1b,-0.7357379976721639,0.1475819433040293,-1.6647040820890942
Hnf4a,-1.7476288890016738,-0.02522472451381841,-2.319137634620656
Hnf4g,-2.363795444065013,-1.1820083862686905,0.05682028301716455
Hnrnpa0,0.4687612945730475,-0.16762803700110673,0.061625124222027594
Hnrnpa1,0.619408989082201,-0.4641757901114669,0.7222266700955657
Hnrnpa1l2-ps2,0.07877122853752783,-0.08701398985508713,0.14923601986782198
Hnrnpa2b1,0.3768423994126415,-0.0662505459908278,0.3006129947088425
Hnrnpa3,0.3306159917136977,-0.2525803352149971,0.45161231340402885
Hnrnpab,0.3096589262148708,0.13119165721447246,-0.16588867420213038
Hnrnpc,0.259140216913595,0.06517668359526496,-0.06933728971769959
Hnrnpd,0.5767635630240333,-0.4890704559497978,1.042299643153564
Hnrnpdl,0.39818017524506644,-0.3238826731077671,0.41188575320126564
Hnrnpf,0.38123138175959603,0.17698784967308612,-0.016717093197049948
Hnrnph1,0.2625530485537775,-0.3787375191662701,0.8142005886473003
Hnrnph2,0.16401302321104794,-0.43033877283328614,0.4720366510236742
Hnrnph3,-0.12166322506186988,-0.6524808616256701,0.38337495300979096
Hnrnpk,0.4108569628946679,-0.17414327361353088,0.014916611846532035
Hnrnpl,0.3144116521239031,0.03338532410785966,0.5731004193041116
Hnrnpll,0.7522796424578058,0.09536779776258975,0.04020554928478948
Hnrnpm,0.35240430467306005,0.005941161735339762,0.2953245648813665
Hnrnpr,0.3646720198407145,-0.008692204060456454,0.8252283955583781
Hnrnpu,0.4315717698925816,0.03706352767978771,0.3242271474421514
Hnrnpul1,0.20896345473535938,-0.03505129700378706,-0.28249889994167887
Hnrnpul2,-0.1463166634267834,-0.06349720264951575,-0.6169882748990343
Hoga1,-0.13775065583154666,-0.02876332214545918,-0.3268158610259859
Homer1,0.3886555724690246,0.28462986632207876,-0.4103564881815891
Homer2,-2.508031985114084,0.048908813421963515,-0.17548340032236576
Homer3,0.6083575041799669,0.4566654941615411,-0.14358295402599275
Homez,0.3518665851824152,-0.2927809886125874,-0.7748486105174126
Hook1,-1.9510106302391848,0.6161027606007057,0.0
Hook2,-0.6419033530939622,-0.31349724694277725,-0.9016733564100328
Hook3,0.6462988123330762,0.18674838878016864,0.4409753855968246
Hoxa10,0.22910474891306176,2.0128200438404806,0.6506036441800431
Hoxa13,-1.9679280737084737,-0.9364187223628646,0.6820609254189991
Hoxa3,3.051065631582206,0.27590628298510467,0.6290638887756211
Hoxa5,2.328921214880366,0.7839823286659771,1.0179103452540892
Hoxb5,0.12228023387162534,0.6373370336047335,0.050125988727696434
Hoxb6,-0.549116950192428,1.7271465678722684,0.34302893749569013
Hoxb7,0.2715938200291443,0.7638158472542983,0.18947456528466733
Hoxb8,1.1892097688829393,-0.3744121666839252,0.48506548912567105
Hoxb9,1.8777050124192958,-0.045701854901479246,0.022528271012221834
Hoxc6,1.8098231213638334,0.08422064977422225,0.09572599554183737
Hoxc9,3.4004970459487684,0.0,0.04787143857977747
Hp1bp3,0.4134445520839769,0.10710086609104152,0.20254857655328617
Hpcal1,-0.15515557051897133,-0.4549555894360706,-0.5865260562345656
Hpcal4,0.2537364562699219,0.7910922729753183,0.8248944863509803
Hpdl,-0.8268638665758918,0.9035969997295172,0.006815594022708371
Hpf1,0.6586458317069805,0.18596966400599424,0.9725407663494812
Hpgd,-0.9786405624358199,-1.2599298491615747,0.09277332362640793
Hprt,-0.2065866806111858,-0.4389183877806824,-0.6182592156170115
Hps1,-0.5762045135600591,-0.6993895754111152,-0.4220764404110904
Hps3,-0.070876112217503,0.028291549485366385,-0.3262104634531675
Hps4,-0.20773609708577778,-0.39594001924537503,0.29932153340608636
Hps5,-0.06328599771250154,-0.09117466341628289,-0.09763437881810955
Hps6,-0.2342768083255029,0.07759620928513122,-0.2915374438873801
Hpse,-0.8579178621675116,-0.5742834676807815,-0.7941669608268866
Hpx,-0.23377222458387603,-0.0010041190135433586,-2.16164143944752
Hr,2.1897500075918463,1.5503044536889425,-2.6063111070520133
Hras,0.032824795442621735,0.34515587150196225,0.1185893666263782
Hrct1,-0.274220819749742,-1.313841791759023,-0.5404088245073697
Hrh1,-0.402598746140566,0.20376446173133345,-1.0589819734659187
Hrob,1.216677686593874,0.693642830958245,1.5341004719658118
Hs1bp3,-0.24310465269839732,-0.6209611776718531,-0.34541086964163004
Hs2st1,0.5088357636451075,-0.48026396773358826,0.02221829704501932
Hs3st1,-1.175995772356143,-0.11923820729271561,-0.6882667752386666
Hs3st3b1,0.05023656358497397,0.0,-0.918447978287812
Hs3st5,-0.1999333406880186,-0.33778546598534703,0.7390285164084485
Hs6st1,0.9365172225059766,0.7792964324727816,-0.33032271566692817
Hs6st2,1.5157491081075678,-3.6120210022344197,0.022528271012221834
Hsbp1,-0.22741326378755922,-0.3841047750101918,0.37605231169440856
Hscb,-1.1692677188384342,-0.9853137786524928,0.014049898337330724
Hsd11b2,-1.0229878875588476,-0.3047898100188433,-1.9092637855192187
Hsd17b10,-0.13950660783017632,-0.9540678968079082,0.44051836063592553
Hsd17b11,-1.5882100319322392,-0.22103803630573715,-0.42388978796010157
Hsd17b12,-0.20954217050674373,-0.3467443845104654,-0.19157465896063286
Hsd17b14,-3.594181335822958,-1.8691722510118476,-1.7140053083499605
Hsd17b4,-0.3599503128308612,-0.360355078507947,-0.9953866220426031
Hsd17b7,-1.0533794087604624,-0.7230685637930954,-1.8228200009116633
Hsdl1,0.3697596395254621,-0.11900987577685118,0.19845001538527907
Hsdl2,-0.2270566719763938,-0.10733557805555805,-0.5030986325984736
Hsf1,0.1317622085246617,-0.033424133025184766,0.7459106719792432
Hsf2,0.28259035936034316,0.5830023664414039,-0.5540442981776632
Hsf2bp,-0.10111017271410838,-1.1417224512647326,-0.14434561451949857
Hsf4,0.737912771107561,0.247254534369588,0.8788762004733521
Hsp90aa1,0.41289493101804453,0.18193741015879183,-0.5954272296317402
Hsp90ab1,0.5870104363548023,0.2160867168634848,-0.09846169167127883
Hsp90b1,0.2557102508060556,-0.06839346035930305,0.3094201119550384
Hspa12b,0.37622191435981867,0.355371113266266,1.567554410962276
Hspa13,-0.4416259766181083,0.09259446770496993,-0.20113277239494387
Hspa14,0.42319582702072633,0.12204534341037299,0.5651110724767188
Hspa1a,-1.8261055363272578,-1.4507572133878797,-1.0216199962575743
Hspa1b,-1.5295642884186993,-0.9471631580742805,-2.066527262690232
Hspa2,0.11454971431226646,-0.24640279844345603,-0.6263928620379806
Hspa4,0.1399112985122919,0.3974303595083395,0.06855319975683472
Hspa4l,-0.14925630424914083,-0.12219764715519332,-0.8930913031201042
Hspa5,0.16464937376183464,0.48374368625570163,0.4984089161172509
Hspa8,0.08925455612891042,0.12131248646756809,-0.13957714592364212
Hspa9,-0.0142302351114445,0.1325437286436575,-0.4413103629254387
Hspb1,1.4452838162892316,1.2887006600873958,-2.582513521745213
Hspb6,0.05155129929988611,-0.6074531081684622,0.6503391220780843
Hspb8,1.3423187994145038,0.0,3.49020506477221
Hspbap1,-0.10938923902801445,0.3937496603846169,0.5902227040061101
Hspbp1,-0.04208791490546915,0.28975344217762444,0.37441082573213436
Hspd1,0.0461545042047149,-0.09195773720728617,0.07750795916886943
Hspd1-ps3,-0.2594339055203072,0.1966461250703606,-0.30162149121722703
Hspe1,-0.06769140883163338,-0.2320290920119401,0.6676927383157336
Hspe1-rs1,-0.058876270767402206,0.16599154341508227,0.38642434686709204
Hspg2,0.6760328338587875,0.32556682566808526,1.0120564606036453
Hsph1,1.4415494570735463,0.44381055207692555,-0.5072578320282659
Htatip2,-1.230856238485384,-0.21254244206384687,-1.493389766775036
Htatsf1,0.8355522583641823,-0.18363687501322978,0.5083691237521464
Htr1b,1.358499217984574,-1.4965055429207172,0.0
Htr1d,0.14204264418342671,-0.3811722900111676,-0.11207275313703913
Htr2a,1.8014294737550745,0.4239883009391219,0.01956713095818918
Htra1,-1.173788021520254,-0.36522848926443174,2.8188923126813066
Htra2,0.08515711983207108,0.3307190340505848,0.27458523509087485
Htra3,2.0632349872903086,0.21397755067015028,3.0372055824039332
Htt,-0.17838194044934763,-0.16285870469318908,0.07831009222230456
Hus1,0.023931467189409972,0.574650211391388,-0.10557388543510093
Huwe1,0.49668219733638086,-0.10530734531036146,-0.05645306534193395
Hyal1,-0.09204306670883422,-0.1507234840573628,-0.9080667096203845
Hyal2,-0.05661775834682459,-0.2223331806209714,-0.2680595536847692
Hyal5,-2.3578673627681015,-0.667571647673258,0.0
Hycc1,-0.8639853336171113,-0.4458207090256634,0.30322801947713973
Hycc2,-0.614012800766111,0.07662911076487555,-1.1088192386799314
Hyi,-0.44188519744489696,-0.9714757637658482,-0.021429531798928814
Hykk,-0.4749108623993309,-0.40993956045139945,-0.059954529427360306
Hyls1,0.8018088170160085,-0.25999438442900136,1.1804325001212836
Hyou1,0.7395808634645409,0.6738267082301563,-0.09886208342917957
Iah1,-0.3835344922171582,-0.8646411388122242,-0.4258438482296567
Iars,0.2832113486479306,0.22687184293638296,-0.6938807837313696
Iars2,-0.023069581337622935,-0.6517490353380282,-0.43749304101503306
Iba57,-0.2501300909677555,-0.12348570167026685,-0.7761806844596357
Ibtk,0.0004511058531155854,-0.29553180757650477,-0.6965912921484474
Ica1,-0.4041413967876455,1.1974375852391166,-0.1298780521973688
Icam1,1.9157148043142445,-0.31959888870475694,-1.5488280745782919
Ice1,0.10834416867407182,0.03128052226077571,-0.5258113037121319
Ice2,0.39592631447909143,-0.0472993736559717,-0.09274748215469408
Icmt,0.47649925595578235,0.55992438291333,-0.35548980671355057
Icosl,-1.884208055271111,-0.558700343513714,-1.13764282884806
Id1,-0.5904185383903018,0.0446943198497145,-1.216081986269697
Id2,-0.2094582828828786,0.006358666840603711,-2.440119441505728
Id3,0.38470704664895816,-0.32240730163826115,-1.2756833523382247
Ide,0.16801740076865812,0.1837717267356318,-1.1282368175814117
Idh1,-1.3283298345608658,-1.9000621978785057,-1.8559946749386986
Idh2,0.4581800684200825,-0.5947169857391419,-0.07313391730364138
Idh3a,0.532904076796763,0.04625819781967966,0.20678717910998312
Idh3b,-0.31738794856418906,-0.23341989301776067,0.0377665048915139
Idh3g,-0.014347278954776499,-0.5130431971295168,0.6605625653516647
Idi1,-1.2005055654371493,-0.9429630855976825,-3.75079432903785
Idi1-ps1,-0.5214294721012362,-0.18081551977060278,-1.1268474240154893
Idnk,-0.21230320471265163,-0.43191572441426374,-0.1726201981270532
Ido1,0.030609987108517995,-0.3721171855430485,0.17989417647887662
Ido2,0.17905781939470433,-0.050132534923062716,0.2915808800398606
Ids,-0.15193399667141794,-0.5513415920838938,-0.19352576808405342
Idua,0.005881939255463653,-0.912083227479644,0.5729785414289283
Ier2,-0.20103899480346143,-0.4016705434553858,0.9570731607928762
Ier3,0.8044273092038612,0.5992333944843384,0.3813732290699603
Ier3ip1,0.17114736705980516,-0.34377055635103115,-0.04154937637468947
Ier5,-0.3762749518359447,-1.0642727925115603,0.10144779465626375
Ier5l,3.4716058155256806,1.466114969486176,2.251689868021886
Iffo1,-0.026822749256813605,-0.38422232403228174,0.19818421390314483
Iffo2,-0.36329072704345844,0.9822855299243516,1.1615777875646618
Ifi203,-0.9666693666140256,-0.2020853796392391,0.31812010620307196
Ifi204,-0.6289835089694975,-1.4257282073582205,2.1121891483804998
Ifi205,0.4557294007040223,-0.6552431360996976,1.2995546837797758
Ifi207,0.3879153001797145,-0.08183338783438021,2.613911947715711
Ifi211,-0.1426807885227559,-1.192671981797432,1.7123535831517147
Ifi27,-0.427385158602303,0.2884442069278381,-0.1032185374533583
Ifi27l2b,-1.8211202913415665,-1.2046881052165892,-2.418716064870044
Ifi30,-0.29261388141034317,-0.07218013599212547,0.29809581614840663
Ifi35,-0.9552797776224611,-0.004851819265003332,0.7050286302624307
Ifih1,-0.2590565597712122,-0.7657958660836675,0.5517208179498695
Ifit1,1.0788699556976196,0.027261911315927635,1.483856642042491
Ifit2,1.1681913047948878,-0.3424448684481407,1.7376614246652573
Ifit3,0.1245469601285113,0.0460691856542417,0.0842259292033758
Ifitm1,0.9637946523689169,0.1895818623737856,6.25402849836525
Ifitm10,0.06150362968074208,0.2439797094494225,1.6868198838212798
Ifitm2,-0.20480179776730356,0.5440344188309822,0.669446221159947
Ifitm3,3.9987588601063666,0.6305967589453516,6.352799015226533
Ifnar1,-0.4744386712670732,-0.31759898017002186,0.5058511892312314
Ifnar2,-0.6483626093621844,-0.0878252601378291,-0.26644192832562474
Ifngr1,-1.6248858364071816,-1.7766893967712942,-0.9009748449048507
Ifngr2,-2.1809001689969705,-1.0865882875442674,-0.5765707714212356
Ifnlr1,-0.7342084281156116,-0.050519757575929525,-0.6559531934649541
Ifrd1,0.2755397420200021,0.8847727897908539,-0.11656152526119712
Ifrd2,-0.14493716240144305,0.3577771192459318,-0.3230968365001594
Ift122,0.06888861775167587,-0.1152936887413416,0.34313693247845123
Ift140,-0.04590247483688081,0.013303099903345661,-0.03923391072717841
Ift172,-0.2580174453780302,-0.47560755444243696,0.39662589128459835
Ift20,-0.4525302464839287,-0.2212661200003634,-0.14525937036895264
Ift22,1.385572185071008,-0.6180131092236949,1.1516959901981312
Ift25,0.0671777688275288,-0.4364726074646583,0.6891574629256865
Ift27,-0.4008672420803743,-0.330403365978567,0.7972316421842494
Ift43,-0.38093977313563965,-0.5461522463964608,0.22938589866152004
Ift46,-0.2574485176020067,-0.7367955924250307,0.5840726878372777
Ift52,-0.2482384571466003,-0.5676133965539147,0.016713418373979216
Ift56,0.6669489654289347,0.18893185572795312,0.03169418645006994
Ift57,-0.008180093879042616,-0.6134070109986047,1.074190731239856
Ift70a1,0.17072762176468537,0.2582466513324242,0.04553274229484239
Ift70b,-0.9776206921263468,-0.7922671642026438,-0.31062236408405663
Ift74,0.61448775405804,-0.46608236198442565,2.273753065075262
Ift80,0.03530398594336326,-0.6178341220702874,0.5874268975596078
Ift81,0.20449258754818977,-0.6904074118032146,0.8452555055491286
Ift88,0.6173142950459019,-0.4696859811075613,0.1282812057562488
Iftap,-0.5184300001960742,-0.4334845400493412,0.2682772518978309
Igbp1,-0.0064558561472773945,-0.5701685087279751,-0.3258117580941917
Igdcc4,-0.49848349338671927,-0.16473311032359705,-3.647142334046248
Igf1,3.7826055509793086,-0.0474646995438729,0.050125988727696434
Igf1r,0.5570781231989486,0.0841866081329874,0.3978747682947592
Igf2bp1,1.6110267684424637,0.8623346717283056,-0.11376426112526516
Igf2bp2,-0.7636035432096451,-0.29020280333369897,0.7500064495176959
Igf2bp3,0.13672335185601003,-1.787099018239132,0.36430106396278283
Igf2r,0.3415562563846892,-2.873006616844464,-0.9016107166814828
Igfals,-1.3092037490370614,0.029667288891443547,-0.049770152027695434
Igfbp3,2.5602508161405,0.6509066980338183,1.33560463053397
Igfbp4,0.05663457128284044,-0.04763920930738408,0.631126569733496
Igfbp5,2.636456974461983,0.0,-4.619205420198571
Igfbp6,0.09183457159230735,0.0785313490542378,2.1303649456017455
Igfbp7,-0.6787591793144205,-0.8697560038072956,0.6962162459613062
Ighmbp2,0.06013758483428466,0.0842658882131424,-0.36126398757619427
Igip,-0.49252977593909897,-0.9813540174519022,-0.7658364605232935
Igsf11,2.288868836410071,0.40375480054374835,-0.8377401639206812
Igsf23,-1.5092265765238413,1.311281717943091,-0.5232335727191747
Igsf3,-0.6456403543913964,-0.5049325073849538,-0.23083270974971803
Igsf5,0.14444361330884947,-0.5142241800091925,-0.6797886207152108
Igsf8,0.3810058782788275,-0.5515366938453301,0.1918253253423785
Igsf9,-2.688144320112019,-0.7239002010068285,-1.0679535870753512
Igsf9b,1.1523892019046917,-0.16209424738920086,0.13977423233115974
Igtp,-1.5857981320231935,-0.1441712025709173,-0.29943923589279886
Ihh,-3.784220245755094,-2.7054031152305016,-0.3782012578060829
Ik,-0.21861680851243648,-0.21910295078750774,-0.2669068800677241
Ikbip,0.5174995706612835,-0.8095504889538487,0.466089395932876
Ikbkb,-0.6360142383239218,-0.06055014725824748,-0.41274715445270793
Ikbke,-1.3005533979890478,-0.6035543811192969,-0.12182633337875437
Ikbkg,-0.5151077522930789,-0.398170764470934,-1.421732393361209
Ikzf2,0.8529039804290492,-0.7337632171069586,1.4583885932853593
Ikzf4,-0.7448421998402638,0.3383642601899677,-0.09762343023861625
Ikzf5,-0.3340817930619855,0.05812857224455614,0.6288262845202999
Il10rb,-1.4121178842127233,-0.46852087464997094,0.05242710524834493
Il11ra1,-0.8506153646442693,0.3884304399292544,1.070207399808584
Il12rb1,0.5751590687440306,0.013059667690007604,2.4934560720965764
Il13ra1,1.9521506992141409,0.0809855247874931,1.7305476851095796
Il15,-1.0266622821898717,-0.8051824283730574,-1.6616942201897071
Il15ra,0.4450921652229344,-0.15160886948170302,0.2252486748115884
Il17d,-0.23998757253807812,-1.0614120139173124,0.25128029860586265
Il17ra,1.210540695509625,0.5385320702846501,1.037322251182501
Il17rc,-0.0900499908096748,-0.38632390018127616,-0.23472428253948507
Il17rd,1.5369422241032396,-0.18156899247385253,-0.46554240856305695
Il17re,-1.5991483072928205,-1.1203027719120922,-0.8050531161823028
Il18,-1.9022523642935465,-1.961691918450619,-0.03879051246501142
Il18bp,0.0846153956006761,-0.03753659671841225,0.41375314437111405
Il18r1,0.16242512423247657,0.03292527026681451,-1.306596362303436
Il18rap,1.1754751663085359,-0.6166215438105507,1.9395332909650564
Il1a,-1.4717972859984265,0.3678021115565423,-0.5276402168514222
Il1r1,0.8419106806066345,0.0031908407200751804,0.10399154335494476
Il1rap,0.27471569006702845,0.4772132280422061,1.3514457532973847
Il1rl1,2.704838162643619,0.0,1.615297236486193
Il1rn,-2.8360295608670336,-0.7424520607559799,1.0768432722954113
Il20rb,0.24412779330684398,-0.26863339030157096,0.24511247871290942
Il22ra1,-1.746693811644167,0.1815701369835745,-2.916554725186642
Il24,1.6691235715416466,0.0,0.25602599542905913
Il27ra,1.8570694618192785,0.08615396959716448,0.4594425987087921
Il33,-0.5910404002440952,1.4352644172522906,-1.7132007341591535
Il34,0.022489079385593413,0.07283764659101166,1.1455343122264798
Il3ra,-1.0300496428196873,-1.769079183778135,-0.5089350309665832
Il4,-0.09281804623484424,-0.6616559248506969,-0.04057056681477422
Il4ra,0.6558142357794772,0.29634471659475103,0.16815491107017433
Il5ra,-0.3167605389464079,1.9774729270089138,1.5122139421122944
Il6ra,-0.24186952452743382,0.045861994387430105,1.508805464570506
Il6st,0.42697460257682884,0.17675760167038135,0.23026657136862383
Il7,-1.0915451759969717,-1.0003894411218952,0.23294616536121857
Ildr1,-2.55847132932975,-0.7533785417015617,0.08625062449575482
Ildr2,0.28962366386861227,0.11059804789490757,-0.6124047793585404
Ilf2,0.4079234145552162,-0.18631625636530558,0.36926913444628795
Ilf3,0.70020411864152,-0.11178772769950207,0.05196392863183874
Ilkap,0.2328992344288512,-0.38701597732485116,0.7907707062396412
Ilrun,0.18558972210514835,0.1601376591580781,-0.18672758271715661
Ilvbl,-1.2569637003892904,-0.3179352492442904,-0.733289454878971
Immp1l,-0.0011788329348147997,-0.5096600500414601,0.037597741909612736
Immp2l,-1.0118819328976478,-0.9877082489856885,-1.1528325495551148
Immt,0.4755599016966885,0.16660068064190003,-0.609399944929649
Imp3,-0.2803611762303735,0.06913560752825365,-0.0140405480356387
Imp4,-0.11181521236546565,0.4155554234942116,-0.1364095049420122
Impa1,-0.43719521600201183,-0.4797372106182145,-0.09766272168288737
Impa2,0.09568248607093555,-0.37883235131792325,-0.7071286775403482
Impact,-0.1897673743340551,-0.723938985601944,0.5026377259431749
Impdh1,0.4502147908286318,0.7907330544177054,-0.5469654406437341
Impdh2,0.38951025461479905,-0.10972089629836113,-0.076034265061109
Impdh2-ps,0.03858791545628959,-0.0824198388024091,0.06699720929055175
Inafm1,-0.005295573118182517,-0.3024894678909775,0.5467472171849477
Inafm2,0.5709943235049364,0.28755758927023845,0.08983890028732944
Inava,-1.0468939176752157,-0.5412490560457295,-0.7368610165808445
Inca1,0.21853662518331596,0.13157228854683478,-0.13993467365937784
Incenp,0.4386140270803933,-0.017860838357203868,0.7007420072871264
Inf2,0.5208504949598334,-0.099405512343818,0.05752038223761158
Ing1,0.41182414277903145,-0.07394034943445771,0.10024557382161348
Ing2,0.5182267308134216,-0.28029334928580685,0.4248503565825832
Ing3,0.6768214273919879,0.3664183049261931,0.1444946729309704
Ing5,0.2568363286649946,0.15643224153084212,0.2322964231845388
Inhba,3.2714336928434156,1.003763368397496,3.2677588541727425
Inip,0.20086782545429216,0.43579537621714337,0.37403934141084205
Ino80,0.12306578893527043,0.07124243388129425,0.5371095249330295
Ino80b,0.5603644429788766,0.4599504557911196,0.6119561272896359
Ino80c,0.29260575686238166,0.049139442242436715,-0.10685729779668662
Ino80d,-0.18709218878592537,-0.13179101177046704,-0.8014431979325636
Ino80e,0.2838156954158624,0.5651818398162849,0.2937902571089577
Inpp1,-0.2950152088656295,-0.3173183714428589,1.1897391308867213
Inpp4a,-0.11562303094491799,-0.18210303186136612,0.2681180176173954
Inpp4b,-0.9065473508929189,0.47194858308629506,-0.5395084548021796
Inpp5a,-0.39883359257576423,0.2070381738607887,-0.6641493692008957
Inpp5b,-0.13298297820503624,0.07322791368735526,0.2025454815380341
Inpp5e,-0.11890561840174829,-0.3808919051769126,0.14139182649565285
Inpp5f,-0.3338175894023676,-0.3328218499195996,-0.251589838407245
Inpp5j,-2.746525905895499,-2.2171595546128087,-1.5062280090453402
Inpp5k,-0.5595801341252367,-0.4360553162085914,-0.47950059792868593
Inppl1,0.24659624171585648,0.14894874913801015,-0.09966310564807124
Insig1,-1.9623325787362758,-2.181720364871574,-3.1296699195924527
Insig2,-0.18232800885329148,-0.8890549051968204,-0.4615764558283262
Insl6,-0.3045550941016142,-0.42658361418090696,0.2381043929048574
Insr,-0.39015745622838693,-0.38183682112684014,-0.4752631070378639
Insyn1,-0.5989586910548288,0.552962997599156,2.28760451352748
Ints1,1.124985571057457,-0.46254105932879064,0.43046769029030063
Ints10,0.1952293359313444,-0.19976970505905634,0.4164103590442725
Ints11,0.3639216806558183,0.208363758544591,0.05489549167565588
Ints12,-0.07186249933400912,-0.35895237306036964,0.21233150248505872
Ints13,0.4476898017351951,0.48425898990817906,0.4100841086626996
Ints14,-0.06682278625300508,-0.1158992559230505,-0.028084185629691838
Ints15,1.0909396915286607,-0.2720258643370981,0.12486428416465145
Ints2,0.060142633522290545,0.15012342183948757,-0.26711219249415485
Ints3,-0.3922112805784579,-0.22693848095560032,0.028308310078286603
Ints4,-0.4079707645502513,0.3752067936531214,-0.15736903676542457
Ints5,-0.029977058873618567,0.285543757344902,-0.1913780682894135
Ints6,0.27932658523872345,0.18401324060587498,-0.22075392127745275
Ints6l,0.4386616683657236,-0.6078944833731599,1.1688000791668849
Ints7,0.655632546265462,0.2228234808876266,0.3545622641242785
Ints8,0.3656299500494491,0.32690695515752033,-0.049736589876610005
Ints9,0.22866335106500912,0.08920681345194836,-0.033015590551624285
Intu,0.3073250233178553,-0.2050315156051179,-0.14902864308498853
Invs,-0.08975091991893125,-0.01825766941795015,-0.0008056053589644563
Ip6k1,-0.14390344064812588,-0.5888474194388271,0.3010063455158427
Ip6k2,-0.4570710902247699,-1.0046181009357196,-0.22595493824305368
Ipmk,0.08088719695475888,0.16288244408407593,-0.17468790960585245
Ipo11,0.5343584710634399,0.12151033703569158,-0.026536845571296652
Ipo13,0.1312233113771546,0.5733713525655837,0.44232659653133055
Ipo4,0.4010052499682235,0.02815758496543186,0.3689796977412563
Ipo5,0.9171321099878034,0.38172365788185836,-0.4350608283711068
Ipo7,-0.022975788052674417,0.706286453564628,-0.62806431522898
Ipo8,0.33030047096881177,0.38745269641260904,-0.6678695736779847
Ipo9,0.7097758547874511,-0.00969262900898471,0.07628703460512476
Ipp,0.245223098745452,-0.032584617448310205,-0.03226482943026188
Ippk,-0.8605788091560393,0.28673687135026693,-0.5231594958163339
Iqank1,-0.4205890176478124,-0.24771115893839468,-0.4716415209717393
Iqcb1,0.4345100292069577,-0.5317492129271848,1.0691642543952007
Iqcc,0.010891378938281626,0.043174553286254636,0.5737739859831548
Iqce,1.2852153672546178,-0.5353775557540335,0.44446142256302634
Iqcg,-0.15811365336898076,-0.21161758794580426,0.25133471687190656
Iqck,0.54301126111405,0.10015114643192435,-0.17809126899770455
Iqgap1,-0.033918008588459614,0.30277527390265213,-0.5836979420727157
Iqgap2,-2.5321798475381225,-0.5271748893634651,-2.3595442573249747
Iqgap3,-0.17024453157120334,0.12132718324907454,1.2956690185129318
Iqsec1,0.9150628703156265,-0.10287357015486265,-0.48190646585944563
Iqsec2,2.3085801533170573,-0.6712806385454728,1.213391343529898
Irag1,0.03659028962651811,0.07582135919246069,-0.4526664808221676
Irag2,-3.275990434631531,-0.042874555231585454,1.5349331240523207
Irak1,0.41919719201355576,-0.39298841670345297,0.1614020776273346
Irak1bp1,1.8597045902298297,-0.4849531782182106,2.527790461641691
Irak2,-0.8721769653407216,0.3566436929614394,-0.2592924622965427
Irak3,-0.35012566302114934,-0.3371282552916915,-1.1591729984012753
Irak4,-0.05582417130140893,-0.4075068578671175,-0.44472565718903034
Ireb2,0.07803010862712423,-0.1167869774638346,-0.3638549736779355
Irf1,-0.21578582028787263,-1.1523399227124487,0.6350648670190546
Irf2,-0.6349165990074708,-0.2260971195762309,0.0931309918674943
Irf2bp1,0.04152267788171571,0.2779661738376129,0.0031690901859953158
Irf2bp2,-0.14444802493284747,-0.2884476730393919,0.21396840290253216
Irf2bpl,0.34258021887958545,-0.3159489073151551,-0.6106498892009782
Irf3,-0.18682911580592876,-0.09605945170377339,0.25450611125992406
Irf6,-2.8133874238884307,-0.6743304339699905,-1.7600308090176817
Irf7,-3.0123234008038553,-0.5841694276143305,-0.11303347635787375
Irf8,1.5491332005607605,0.0,1.8233714814380837
Irf9,-1.0479036999984852,-0.09723801593913528,-0.37713932702201847
Irgm1,-1.085616162331851,-1.237633765627454,-0.45600996671645433
Irgm2,-1.6062581643932192,-0.3733061353803103,-0.6035417288148486
Irgq,-0.19941161221139225,-0.13906784930641436,-0.30148485702522443
Irs1,0.22014508656240972,0.13303758920935493,-1.4789295171419345
Irs2,-0.3613797538119208,0.5356048073811355,-0.5571504718858318
Irx2,0.0,0.0,1.8024217881632725
Irx3,0.6111919642861934,-0.7855355237195134,-0.2979268631673193
Irx3os,0.2141143627368374,-0.660107101364795,0.33182589050434164
Irx5,0.35621575847618026,0.15911539810613196,-0.15456043231803474
Isca1,-0.3140463147663608,-0.0586105156925667,-0.3643160241947285
Isca2,-0.40002285534533977,-0.31010502199369405,-0.4405815884470181
Iscu,-0.647665759004787,-0.48107562184923314,-0.3261787684247244
Isg15,1.498332221035825,0.26628080348085087,2.224108699754344
Isg20,0.01840100487265861,0.10453266604827682,0.15050262213162302
Isg20l2,-0.01637809563436665,-0.19322431094611758,0.6498925400994704
Isl2,1.6937205952051142,0.4793561460134897,0.9401815509126425
Islr2,-1.252896444263715,-0.7496931684519487,0.35915638319191523
Ism1,2.4339409114994686,1.1322958894976551,1.3635347940102047
Isoc1,0.9549015079851948,-0.14272538804841428,-0.7845331174131909
Isoc2a,-1.207055458288659,-0.647311213483734,-0.7672787590337333
Isoc2b,-0.24017475413297795,-0.30309531291919,-0.03322333557113488
Ist1,-0.10456838765737686,0.27102610944546335,-0.09926008642369322
Isx,-5.914577106964487,-2.7483791224303786,0.024531148932021535
Isy1,0.40534251380308284,-0.1371615893293967,0.16017354762974545
Isyna1,-0.6332959111274219,-0.3025360185373325,-0.0567627900137877
Itch,0.001189953577354963,0.2131711915985397,-0.14679339882790643
Itfg1,0.15509807929353325,-0.33324052871481946,-0.04103355436265055
Itfg2,0.47423354135437545,0.46977949456861623,0.7977104659222958
Itga1,-1.8533911259082352,-1.7782338578440529,-3.1050280518689872
Itga10,0.09443166200393072,-0.48504212398671415,1.0588133372044288
Itga2,-1.5636901907609753,0.16863552514569413,-2.4308109919233365
Itga2b,0.6863714759310705,-0.20136146559347712,1.5534194914689055
Itga3,-0.3802188612713664,0.6591770616153596,0.12663851575365115
Itga5,0.6322115730393127,-0.27953998948267955,2.1058932152070984
Itga6,0.13626527179141767,0.6467268586955708,-0.5142948784169388
Itga7,-1.7767380043239238,-0.5293630817544758,-2.4519961495041103
Itgae,-0.09829503933688177,0.19729257473761275,0.21614690791682273
Itgav,0.30978389027718745,-0.14057436500059328,-0.0009102938619367507
Itgb1,0.3875344454605578,0.6119391920478616,0.10493373864826872
Itgb1bp1,-0.009377694370798828,-0.2652425568926686,-0.1818295915735204
Itgb2,0.10695475890117892,0.06083537387439841,0.5759015433328507
Itgb3,-0.1856578317231108,0.5336291880701207,-2.3191545472097963
Itgb3bp,0.050554156770244774,-0.517962641461226,1.3896007037833107
Itgb4,-1.0228134122798638,0.8149364741611898,-1.5622056951078571
Itgb5,-0.8307979230508584,-0.4528269147485071,0.5483761888133669
Itgb6,-2.416125936982124,0.011327560431038108,-1.0397562607365745
Itgb7,1.189516977600946,2.2210530554918044,-2.2075836480082973
Itgb8,0.7307778468607373,-0.08312531629178317,2.2574883780599113
Itih2,-0.2022171456599624,-1.0490808128146225,-2.621450715740827
Itih5,-1.5320721904860084,-1.2779855199576131,-1.0746381552457358
Itm2b,-0.9529019342201899,0.07685170398612406,-1.1742804466308971
Itm2c,0.6556299096453548,-0.5384394612908112,0.44404704407343676
Itpa,0.19721488610848859,0.05315734636355618,0.6308603796026935
Itpa-ps1,0.07280847242487543,0.029664577090852795,0.21573433762177952
Itpk1,-0.5522113700355753,-0.6667643364111528,-0.1155526685216639
Itpka,-0.5689407127840023,0.10605893063938937,-0.4602494668911267
Itpkb,0.6338775160467436,-0.09890343033316318,1.9059940923916112
Itpkc,-0.20039704479330922,0.6945139200555208,-0.6856992921779674
Itpr1,1.377104979640169,0.6129249355579582,-0.5768209610659123
Itpr2,1.2097151137625515,-0.42195251836562386,1.7195195733536113
Itpr3,0.18270128870920033,0.10638855277057324,-0.3592992346666417
Itprid1,0.0,2.1839478350730674,0.04787143857977747
Itprid2,-0.05567425575902707,0.43676129229453586,-0.7703046522965975
Itprip,0.5989711890311487,0.4046830410262796,0.7342042617566094
Itpripl1,0.25169525005111737,0.6603048294089993,-0.3492057010845979
Itpripl2,-0.5493029499731357,0.3796961841270958,-0.4840478342347092
Itsn1,-0.5662581125415862,-0.26572604903027575,0.2996906136441311
Itsn2,-0.32256584392854837,0.28567796086062636,-0.6467588024749054
Ivd,-0.9423939704177782,-0.14536376480669855,0.29997339170863135
Ivl,-1.1571324641507545,1.7082639994916282,-1.8889062025676022
Ivns1abp,0.28147687914558794,-0.3123100290997476,0.2289621829839419
Iws1,0.2689661688523488,0.14655496618586472,-0.41385063109562026
Izumo4,-0.8004514023729148,-0.7303897643695674,0.6361828949281314
Jade1,0.2885870383525688,0.22208464502999448,0.2591521991737107
Jade2,0.5227570401569066,1.7639134060650128,0.01288719447032527
Jade3,0.65442310430126,0.17865991738566533,0.17235733378423568
Jag1,-0.1547821443151518,0.44496166477179155,-0.30281559648358325
Jag2,0.4703821351085393,0.5480632918341444,-1.663590433136621
Jagn1,0.029588740179525175,0.1675456688000878,-0.43840216207960836
Jak1,-0.07255383906355917,-0.010347086880460488,-0.237557608549829
Jak2,-1.221424638389749,-0.6686345057556338,-0.9519654886799476
Jak3,0.28103075611446293,-0.7056155119435195,0.3190595939680483
Jam2,-0.4320682449590185,0.9562005422330966,0.5809281294033095
Jaml,-0.3543499093097534,1.6115677578533307,-0.027129849856025914
Jarid2,-0.9501450312654245,-0.2693310704172447,-0.5138106173052472
Jcad,0.3328061882714941,-0.12985491172538666,-0.27877515138673825
Jdp2,0.9670231177677477,-1.1941540976571987,-0.2162147849388445
Jkamp,0.045182159734470595,-0.43152197866572095,-0.8030766555190176
Jmjd1c,0.03510203244501664,0.29607664772271924,-0.5980490356372599
Jmjd4,0.29360399275616444,0.38155010922113775,0.047097180189936694
Jmjd6,0.4558626543561779,0.4139921564724425,0.23196015874706433
Jmjd8,-0.9211271943800772,0.5744069875421567,-0.7079871353262206
Jmy,-0.2658336062283375,-0.30342040420134886,-0.6374155712714815
Josd1,0.17056929192004855,-0.12251085003683837,0.6006488876372726
Josd2,0.02371033085415508,0.009111126924515212,0.4009125657001267
Jph1,-0.02563403641393365,0.62845895896642,0.4054777284601041
Jpt1,-0.18802407332368887,-0.07570028809025686,0.17884401475624845
Jpt2,0.5537291908936384,0.18837126427157003,-0.10637024874568546
Jpx,-0.1675581175913734,-0.37974196773997415,0.611543188917991
Jrk,-0.1402064784689614,-0.4982663175759008,0.337599709848571
Jrkl,0.012705594711065249,-0.19463150092981962,0.15040251180246855
Jtb,-0.8772236712456198,-0.5026430030598998,-0.12804649196933227
Jun,1.340777285223397,0.034316933897359014,2.264362663072693
Junb,0.3546565167932254,0.3265727923942858,-0.17438544640370957
Jup,-0.9295312236839921,0.42534391466108623,-1.1228568649785684
K230015D01Rik,-0.5190983038621575,-0.1282299819357705,-0.24458018353679156
Kalrn,-2.20524017135106,0.6330587116245852,1.466198331277797
Kank1,-0.4572130816382538,-0.06516592394769205,0.20105096664724575
Kank2,0.054491034750725476,0.079676758203024,-0.4637054939019425
Kank3,0.5629069128072628,0.033633668029027675,-0.3954531844122071
Kansl1,-0.08914457850012525,0.3236702144606953,-0.36625707748992387
Kansl1l,-0.08421505520606898,-0.6168315646261868,0.2202940490742611
Kansl2,0.3187734215971041,-0.018259351392848622,0.04624941706464991
Kansl2-ps,-0.13856769933266255,-0.018888665676068728,-0.31217052905081477
Kansl3,0.5006500105195713,-0.14892559033683916,0.9754130197336899
Kantr,-0.3151802672400561,-0.8068618112201471,1.2055515735446036
Kars,0.4707739200781962,0.1660200765811659,0.5234209850182818
Kat14,-0.022513602430282553,0.10523546441838594,0.07806334670611648
Kat2a,0.3508423809002226,0.3412155485629009,0.6976147900534295
Kat2b,-0.3589977662377519,0.07929444994858859,-0.5851675910346712
Kat5,0.19826926179765003,-0.023324903081729964,-0.07568936366822054
Kat6a,0.5268856625734131,0.5600593435008285,-0.19851916151905336
Kat6b,-0.3320626494810561,-0.32106584171473873,-0.26194629774622014
Kat7,0.2185977558051615,0.355615975244266,-0.07383498603259575
Kat8,0.09038124788412194,0.21741285674744848,-0.39135977191674964
Katna1,0.11861839561705789,-0.2441039166307135,0.11157024511494296
Katnal1,1.4561501058730206,-0.7617009465740989,0.374225986587688
Katnal2,0.619464934388382,-0.7349493977080204,1.1514032174521058
Katnb1,0.3110992312654348,-0.0939447156955513,1.2796349953972106
Katnbl1,0.10265113051647745,0.06796477705167536,0.3151882383504718
Katnip,-0.2538059977149083,0.03199955514972119,-0.08682709096261032
Kazald1,0.9349870456355283,0.39400934073919514,0.7950886252350089
Kbtbd11,1.8428301434868262,-0.7944181753725111,-1.4743813135713513
Kbtbd2,0.5071229179396868,0.4206378875856105,-0.25551616089828055
Kbtbd3,-0.8792657909857493,-0.8036083785591097,-0.1494322062005362
Kbtbd4,0.05202918190922112,-0.04585754843856571,-0.6336874875740935
Kbtbd6,0.21995597358487617,0.11555496029927625,0.4960069898894762
Kbtbd7,-0.4536004546304242,-0.1519301314281991,-0.7600560829693568
Kbtbd8,0.33417218708233243,0.8606982688259728,-0.39432779492952164
Kcmf1,0.7605395183089838,0.4132710227370531,-0.06628904471323516
Kcnab1,-1.7764501972000968,-1.0545034019520096,0.13379770871385288
Kcnab3,1.524113196101203,1.817151477012945,-0.09167291204910777
Kcnd1,-0.5058802734343768,-0.807064081659695,-0.38423065409859625
Kcne3,-0.045015852471268936,-0.5311402653614075,0.11017210917243989
Kcnf1,-0.36831456776011057,-0.5626339833714936,0.8264888914644002
Kcnh2,2.9564383383575783,-0.0002947331968986555,3.848559952455188
Kcnh7,-0.44830110768093834,-0.3739531358646956,0.08680436336348207
Kcnj11,-2.117450935325839,-0.10711614577812412,-2.4837748348674134
Kcnk1,-0.023158740497028707,0.9610381983263272,0.35151221485617334
Kcnk13,0.1828220170062001,2.2002060912272383,0.09519788435940957
Kcnk2,1.7919006062513192,-0.6579584734338564,3.4752721521714314
Kcnk3,1.0965632764409112,0.9752595198530248,-0.0468164445166315
Kcnk5,-0.45233639738609455,0.5158251031606955,-1.3859651532628763
Kcnk6,-1.2479857761225104,0.23439185028799592,-2.319869954952119
Kcnn1,0.20367776419785066,-0.015520908960449664,-1.2573183744676042
Kcnn3,-1.3517064228970805,-0.589161158927504,-0.7190365328328823
Kcnn4,-1.0748935932602564,0.6226568893260662,-0.0036168586048201945
Kcnq1ot1,-0.4845496794835893,0.24998335700112762,0.9238889395945336
Kcnu1,-1.2772919418626354,-0.6227575498743301,-1.9003980833938463
Kctd1,-0.5376132510759262,0.685001001519757,-0.4927965344014602
Kctd10,-0.47993241449485335,0.24768755048289037,-0.49325555022663004
Kctd11,1.3171114870553877,0.6369248197790798,1.0045994628807975
Kctd13,0.07491551835476074,0.3683487536302743,0.2539266053156437
Kctd14,-0.009936766529793029,0.46640279384058814,-0.4921223594984927
Kctd15,-0.35452093856082945,-0.03168686258229505,1.7317413843245473
Kctd17,4.079010185408051,-0.6047487017947436,3.2396014386608876
Kctd18,0.36099684289669653,-0.08136484310152481,0.729307497787449
Kctd2,0.0792108491421386,-0.22151936182328402,0.07880912216229863
Kctd20,0.22366639972751567,-0.06392467785495448,-0.022328708905656747
Kctd21,-1.205161839130703,-0.9213383318608981,-1.0710189465093607
Kctd3,0.27657390315696695,0.012562764969733742,-0.3451482815524276
Kctd5,0.5078879498262046,0.15523058380266175,0.46584513224356794
Kctd6,0.7471669072109388,0.49402018965310335,0.018929321638044172
Kctd7,-0.761609920325911,-0.38277141518208824,-0.6429061760522887
Kctd9,0.428301499039363,0.5628784254854553,-0.26054154405011865
Kdelr1,-0.4379101977832178,-0.09477179199825336,-0.5980969216018703
Kdelr2,1.653134413224496,-0.537205671474811,0.4201377628378191
Kdelr3,2.130879113636101,0.8581757218955879,-0.014438533892320748
Kdm1a,0.42163907044947546,-0.027116029506375483,0.35085074267824723
Kdm1b,-0.31823034097937297,-0.0596650776133707,-1.161907138609425
Kdm2a,-0.40322231816425447,0.04256149893929173,-0.897493687347322
Kdm2b,0.8309182972698763,-0.15826154553642535,-0.16097356830413245
Kdm3a,0.48801518060400184,-0.0006914645830997657,-1.024030106729815
Kdm3b,-0.267574112648191,-0.10822484670791788,-1.1051364860687665
Kdm4a,-0.0957948782233986,-0.26425821695344,0.5228115092577044
Kdm4b,-0.2771968372891678,-0.5978437977861955,-0.09714122802269376
Kdm4c,0.06862288879866174,0.2669298665075268,0.03764063452401878
Kdm5a,0.15797465298298086,0.31971599341180834,-0.8695966780134112
Kdm5b,-0.5988451858321175,-1.3353331141624891,-0.20042294387770365
Kdm5c,0.2416454209618708,-0.04490157640459991,-0.03549861130821075
Kdm6a,-0.06321304883388912,0.11402142457271491,-0.3171399680710625
Kdm6b,0.31760122943578484,0.28698984103250247,0.4553184675591657
Kdm7a,-0.42442456936520356,-0.11314085061809642,-1.2929563693579134
Kdm8,0.142911061040079,0.5150374199427259,0.26548459489383935
Kdsr,-0.4541676307392226,-0.29005254521517365,-0.5857686962695148
Keap1,0.266047458298754,-0.29389733688555353,-0.3994091963394846
Khdc4,-0.23624726260828322,-0.12541755680924904,0.2778696294244476
Khdrbs1,0.5231947054588657,-0.06608636458119133,0.385916029857591
Khdrbs3,-0.5808312153511234,0.0,3.3219480158271697
Khk,-0.9282651158488893,-0.8793540577451591,-0.48278287451958146
Khnyn,-0.6218083167150867,-0.04070433249920047,-1.357965204907547
Khsrp,0.5056745695218972,0.23093969398453673,0.01430558825385031
Kics2,0.21430400331367672,0.5536661857049148,-0.521142748022767
Kidins220,-0.6226473315595307,-0.6060347978750311,-0.8826570965390914
Kif11,0.5919270035623612,0.28806697077839605,-0.12373804590336146
Kif13a,1.0030356116906183,0.39186305966182466,-0.34307917863880455
Kif13b,-0.8255661520771196,0.4006905811040493,-1.511650180276174
Kif14,0.6503695748341398,0.3284060305748966,1.1484594785394235
Kif15,1.437930616958703,-0.06621555541929602,1.1471580932121426
Kif16b,-0.14519851094116998,-0.07265954204949487,-0.12193915024543145
Kif18a,0.6826674115503106,0.14277736558239518,1.204753217833813
Kif18b,0.9268966191343013,0.3819103666613799,1.0130028913265248
Kif1b,-0.22940639993649814,0.11223197721369615,-0.25322495400038214
Kif1c,-0.5010451735210051,0.03525153206175524,-0.48948134722760184
Kif20a,0.8955535799380909,0.4134979418849163,-0.24174480416241373
Kif20b,0.491592359708271,0.08853632099859254,0.504057171009201
Kif21a,0.947854666574073,-0.7819185135986496,-1.0328725094178406
Kif21b,-0.0332623521918789,-1.4686001354662164,0.9898537966800598
Kif22,0.3694560590723803,-0.06903527116686359,1.1501129475103795
Kif23,0.1754119171830375,0.31690425931969113,0.5860064862982108
Kif24,0.29432369575148654,0.31553842866149306,-0.33538824450812954
Kif26b,-0.12895179001245488,-0.22267247080269562,2.5010267306473017
Kif2a,0.03009252264815654,0.29865391316181,-0.23291681396498998
Kif2c,0.755769475104433,0.2167935908013714,1.2037932861325231
Kif3a,-0.19196605084340845,-0.2768730954252643,0.2706299097988394
Kif3b,-0.2833240484227044,-0.05614727467964098,-0.21337824664914695
Kif3c,1.2509565518065209,-0.20428750936821505,-0.5736200195202894
Kif4,1.0266845309783843,0.13869834534067849,1.3128370263591522
Kif5b,-0.1343687861146634,0.43407159806977624,-1.4268019352741543
Kif5c,0.8152752662297218,0.39923341755010744,-0.22877185918203935
Kif7,2.1676441990234925,0.24199640744978113,0.570988778551651
Kif9,0.05062360518821413,0.2143831309155004,-0.8984120033325382
Kifap3,0.6072456890116342,-0.29103913105753065,0.5043205997428846
Kifbp,-0.3249402189529693,-0.4495622813788458,0.6503058131751409
Kifc1,0.9249744874890062,-0.026762851023096168,1.0785028109201038
Kifc2,-0.17892668246328863,-0.2698706842278735,0.6377913192369185
Kifc3,-0.4777674381244985,-0.7143208118747779,-0.8815468901482735
Kifc5b,1.0516462281391514,0.0726355191907988,1.2415861406893414
Kin,-0.055969270669528726,-0.05163547212857367,0.55201212338471
Kirrel,0.3645528844402657,-0.2728529190962403,0.46494170755773556
Kirrel3,0.711667006431628,-0.9078294667098703,0.12497096678592845
Kitl,-0.16573890344125175,-0.1166729556547006,-1.569938334992718
Kiz,0.24030352179770498,-0.898361543917964,0.9471337070949533
Klb,-0.7798630565985173,-0.31061770558156754,-1.026238808804218
Klc1,0.3550890015835453,0.3754495515611085,0.20846381412009052
Klc2,1.3689657301399132,0.47469306809296796,0.2706888702882786
Klc3,0.28797450145425874,-0.4742447931169276,-0.4555037173440717
Klc4,-1.8912586161583338,-0.5575031452634178,-1.0640253003866214
Klf10,0.7380968142597357,-0.06655892422897658,0.3730609409198635
Klf11,-0.24313331882340705,-0.40909016712020074,-1.4767475805887393
Klf13,-0.3193685605813332,0.30288857141803405,-0.2674966678358821
Klf16,0.09168727653099129,0.37103972801463314,-0.10323828190353979
Klf2,-0.3334841191859952,1.5736527305152066,1.707382813988985
Klf3,-0.9716031395254134,-0.1679053898868581,-0.9407776281361242
Klf4,-1.619159882938007,0.8888485190970004,-1.5466131276276354
Klf5,-1.1789741970524803,0.30549266029530386,-0.8481896380872298
Klf6,-0.129317701848791,0.14710533692080396,-0.7449183175522789
Klf7,0.6235999505790861,0.060260185379307885,0.47771754315594084
Klf9,-0.5169298313633117,0.061596169215614616,-1.0404731448993898
Klhdc1,0.09326528076126073,-0.2453688334055304,-0.2183446118550454
Klhdc10,0.22153846086342366,0.04937567850736535,-0.6323205376050218
Klhdc2,0.5960744331228236,-0.4253188600962572,0.16045411207162008
Klhdc3,-0.3545249146461833,-0.08006597577323671,0.12625303756054151
Klhdc4,0.4381036388472568,0.14740833462182312,0.40839776694403884
Klhdc8a,1.5593823714348214,0.2393372859713696,3.1197111562154576
Klhdc8b,0.1518843424369044,-0.06721892062638934,-0.08268526771919471
Klhl1,3.7652189233808304,-0.27078944618640755,3.047103920340951
Klhl11,0.4413239800933222,1.0803215719826653,-0.08855305131430735
Klhl12,0.1877023070435193,-0.04499796886877139,-0.15264530526188302
Klhl13,-1.8792080518183605,-0.5153527842360864,-3.44709635329371
Klhl15,0.21374332222137626,0.16395465526160402,0.3975320964973057
Klhl18,0.2644222196521433,-0.13434802088311626,-0.36352343751564176
Klhl2,-0.5612596970111792,0.4038560813090033,-0.07115274238574099
Klhl20,0.31302478358407093,-0.01674720516313677,0.2187974630112146
Klhl21,0.46016177092391164,1.2138553067526137,0.08553248243983269
Klhl22,-0.044723763651980164,-0.629561853963672,0.0399970274936603
Klhl24,-2.3554434356881946,-2.3829934927027248,-0.8233246830657102
Klhl25,0.3104721623478479,-0.2795623158661531,0.48259652247375806
Klhl26,0.31285997031760093,-0.29388910915650523,0.42275210170640953
Klhl28,-0.10581905974759431,-0.0004360160679777181,-0.5153427498841974
Klhl30,-1.4286629402490862,0.6577837968251918,2.0275903891605367
Klhl36,-1.1627876455067852,-0.5116108098937584,-0.5719668820942623
Klhl42,-0.5613450564128737,-0.14509190775646896,-0.05299356412421119
Klhl5,-0.007025519214535869,-0.7583929428926588,0.4015562417603462
Klhl7,-0.2255541389053679,-0.3928859031159564,0.13927775156513977
Klhl8,0.4104013284146808,-0.5842882585992866,0.9423090061007389
Klhl9,-0.09157339580470314,-0.18334120441775426,0.23943834490366545
Klra2,0.509288581437339,0.7809710460098082,-0.6452467049626485
Klra4,1.3665749129748561,-0.35861966545547563,2.5348006323473524
Klrg2,0.27676893255811397,0.8986974685157048,-0.43217352830976674
Kmt2a,0.5183027403886369,-0.13652776810299727,0.155751601263872
Kmt2b,0.05415664632632833,0.13343192349235444,-0.16937466715424687
Kmt2c,-1.0451613092380958,-0.21972047425077168,-0.8116579286990975
Kmt2d,0.2121959665922235,-0.15985895151530016,0.09007584476069042
Kmt2e,-0.05404979234628726,-0.8274864796664554,-0.282432581429255
Kmt5a,-0.4144677596369055,-0.3048478567242485,0.04931671258697978
Kmt5b,-0.35824423518654935,-0.04443616038654419,-0.5581095922516397
Kmt5c,-0.38671405717332386,-0.648420124019109,-0.01164655536989656
Knl1,0.8353802901388905,0.1397753044906036,1.1992017760853533
Knop1,0.0837126409726121,0.603739198330584,-0.5678703592637229
Knstrn,0.08721150973476277,-0.015081268505584333,0.5374399732330266
Kntc1,0.5811106301343028,0.025009715415265532,0.5949133962199049
Kpna1,-0.5081364379144402,0.5508613747061153,-0.8532697454720033
Kpna2,0.46624922812789205,0.04848551882771268,0.26455473061785995
Kpna2rt,-0.024091571321519067,0.2237800340145396,0.047703762625613266
Kpna3,0.6493465106186731,0.3604312738926385,-0.09435138872658655
Kpna4,0.25928701348388117,0.26344986537174453,0.15241177048865584
Kpna6,0.23887089454571075,0.3423599417104368,0.17576277283838593
Kpnb1,0.43923693115160667,0.5486203567443759,0.2191573284979853
Kptn,-0.6687683463757734,-0.16926501050812703,-0.29436989468768804
Kras,0.3230843439521687,0.559324328527965,-0.20637425278032762
Krba1,-0.6477448700122286,-0.160795688207408,0.899055136344329
Krcc1,0.27553767983113975,-0.16269754002125936,-0.5934233547550729
Kremen1,0.09743393181795312,-0.5818260836752596,0.169716881686524
Kri1,0.28212947761600526,0.37260623741744014,-0.13985867492157933
Krit1,2.616751913214279,3.375639363143642,-0.04626475525213625
Krr1,-0.11953493682913674,0.1784539777216354,-0.5529522327970922
Krt10,0.006948070692866182,0.037746851832993755,0.6338854290915805
Krt13,1.8000904798687127,1.699913275669089,2.1729358047776772
Krt14,0.10131950789842481,2.166991894231003,0.26104978256106204
Krt18,-0.5303006805150989,-0.09963040015246172,0.18571850464765305
Krt19,-1.0738613645288204,-0.4832473850514134,-0.4309323086268204
Krt20,-1.878002727397858,-0.46616536281920506,-1.5998727542016287
Krt23,-0.7672713460021825,1.5274422522290987,-0.6456152095686027
Krt27,0.23473239175098012,1.1220172744886208,0.07302801535144592
Krt36,0.7249480603033895,1.0113143811156706,-0.3842950379597143
Krt39,0.36867195335303765,0.41823629015070996,-0.7538803494460766
Krt4,-1.954098472654167,-0.4640716010342937,-0.08421433780329599
Krt6a,0.0021495861629451385,2.0228120914095804,0.13545417899660853
Krt7,-3.75979850127751,-1.103281564983936,2.3705767873838433
Krt78,-0.4017661886600743,0.1356759645429052,0.46874752763480954
Krt79,-1.2259261414199116,-0.8961331682695062,0.8621282363502423
Krt8,-1.5571740112766772,-0.3291025652319508,-0.27935586437261684
Krt8-ps,-1.9227242147009682,-0.1660749765147358,-0.9505680238667242
Krt80,-0.9416771962713355,0.29267941915929896,0.15738384395817562
Krt87,-0.9902206811952613,-0.8732179260987207,0.21572268011809181
Krtap1-5,-0.8096605267628296,-0.45455574163708906,0.9912302323160234
Krtcap2,-0.14647028253078176,-0.36406500815587695,0.4050285868614738
Krtcap3,-2.2318460867236687,-0.580626890412975,0.9269852569487664
Ksr1,0.044322309679130534,0.3939172244886686,0.2657538563534434
Kti12,-0.0910524875020613,0.521267095626242,0.3370357448631349
Ktn1,1.3273200563237753,0.3437128131659124,0.46273493921431363
Kxd1,-0.0357663337679881,-0.4228246351652585,0.09429988868459382
Kyat1,-1.0465300096487993,0.03659035072534422,-0.28314898237518715
Kyat3,-0.9655391932580146,0.375968960903462,0.3668842663968892
L1cam,-0.45540819584743164,0.7576358431076422,-0.04726786564171015
L2hgdh,-0.37228302205063635,0.0066346834957142775,-0.8286058338793634
L3hypdh,-0.4613032779929971,-0.8347461538953076,-1.0962923961590298
L3mbtl2,0.22572138156153,0.22297249388204232,-0.14924101844200965
L3mbtl3,0.710628569299641,0.4366715610530747,-0.6478000908440151
LTO1,-0.44132187591175853,-0.034399936984045976,0.16387853812864828
Lacc1,0.8247408315326097,0.0600796119528173,0.5578084449348886
Lactb,-0.07572386420494004,-0.22405205304343978,-0.44879685031501637
Lactb2,-0.35237901308696973,-0.9310452087035559,-0.32843613788983106
Lad1,-1.6230803462316725,0.49128934232568255,-0.9058143496689315
Lage3,0.25768420654536417,-0.8076975033877902,0.8598589546656701
Lama3,-0.8669752693060786,-0.06727847479356841,1.9250929972484294
Lama4,2.7718488082154478,0.0,0.09535022826172834
Lama5,0.4052288144108349,-0.5515367122067003,0.060660964469434475
Lamb1,1.841851065582719,0.4941708750639515,1.3207497651299374
Lamb2,-0.9571737670559806,-1.2726715450908745,-1.0875867756471527
Lamb3,-0.6112438397732225,0.1535205962281987,-0.9785641400839662
Lamc1,-0.06751670802279186,-0.259803364499108,-0.8624146111387878
Lamc2,-0.35947009743392133,1.0046721438279302,-1.4852661501189468
Lamp1,-0.37631449941838646,-0.39718446418926767,-0.15275842519940497
Lamp2,0.3736450574924266,-0.22832315107896672,0.4597926286443137
Lamtor1,-0.2732748972391654,-0.14211839188885111,0.04840983814401412
Lamtor2,-0.6459978084212814,-0.6927551066102327,0.2062875656157086
Lamtor3,-0.8033393863949971,-0.22245045749728032,-0.10988483393363868
Lamtor4,0.09451644411100446,-1.0918410835848231,0.29791223537436995
Lamtor5,-0.5194715975143636,-0.6721578091111988,0.13027069601225172
Lancl1,-0.3748099427126501,-0.5005641859150689,0.12711059635764244
Lancl2,1.2506351354071343,0.3752166361912339,-0.09611128330530327
Lancl3,0.670355229482126,0.14316530786688997,0.15777037225635004
Lap3,0.04805847535354513,-0.17591566014787308,0.06622627239591328
Laptm4a,-0.41147976345801673,-0.710958851730342,-0.4522387455455412
Laptm4b,-0.6454014486377906,-0.31848654436109225,-0.09827680967129737
Laptm5,-2.2214894434296015,0.23327928307837864,0.06713077312074982
Large1,-0.6935222944278863,-0.21360979144207004,-0.6811573027419131
Large2,1.4210196891398215,0.5095314951184337,-0.07663104541919874
Larp1,0.13969026133834106,0.5879290639619308,-0.1090930017713525
Larp1b,-0.27398332317898255,0.09982142122991622,-0.4505069833415343
Larp4,0.16798050794978803,0.3533908209543979,-0.5236606439422351
Larp4b,-0.31549122617448955,0.44666154183964846,-0.3927336909654153
Larp7,-0.008396822407081395,-0.5016138589001864,0.8457198939693171
Lars,-0.21808462685697094,0.015741946590533296,-0.05975362210828017
Lars2,-0.027607767468253996,-0.7594462906667694,0.37819275908987215
Las1l,0.1632686935922667,-0.09651713659920524,-0.14520475225156204
Lasp1,-0.5657719291880099,0.20362779653281748,-0.7411724305640739
Lats1,0.19611525532140384,0.9808472300337501,-1.1614915404884882
Lats2,0.24176299056051498,0.18807974024682927,0.1527373245175907
Layn,2.008759222918251,-0.2637052525550639,2.967251181063751
Lbh,-0.42665688923609313,-0.4015833638109827,0.7343215469345106
Lbhd1,-0.5225793110307078,0.23966632940522636,-0.5280217149539705
Lbp,-2.9536657424372756,-0.6490537853450536,-4.746038143854249
Lbr,0.259938883434101,-0.22280193326490405,-1.0875244682289686
Lca5,0.6147281293892437,-0.4673917843001387,0.6470692437174921
Lcat,0.4384502495769719,0.08393124195389112,0.8740302734670453
Lck,0.9641782218595882,0.7242872278136271,-0.07064935218171531
Lclat1,0.8011715301094227,0.10340305947290318,0.4626825684871454
Lcmt1,-0.31943289264743324,-0.1940510543552758,-0.3390950013283218
Lcmt2,-0.06488421053718696,0.06053561766793347,-0.2532589845919553
Lcor,-0.3089544826996855,0.7051210203785487,-1.1705283435377676
Lcorl,-0.44363353716521736,0.2241126690789499,-0.2783884929171787
Lcp1,-0.5594945149972208,0.3656323684456345,-1.7305416477206519
Ldaf1,-0.3835717118971189,-0.98888809238685,-0.38141463020525973
Ldah,-1.2400333440884106,-0.4933622372361661,-0.6267257434528695
Ldb1,0.3533917423024171,-0.6636285731092819,0.5451729802677852
Ldha,0.40613452999311583,-0.3998709210988167,-0.18243353247800975
Ldha-ps2,-0.07743165303763977,0.2358220406176592,-0.38306333952364424
Ldhb,3.429590652985587,0.02631763641212818,0.9567214698508041
Ldhd,-2.406544514606439,-1.0661158559771322,-1.808473007875257
Ldlr,-0.22606080699752873,-0.08694733171642888,-1.2880328593823736
Ldlrad3,2.3681593870568127,-0.8174130084833819,1.9401633242326635
Ldlrad4,0.09317227555376872,-0.44368626875729045,1.5432354407886397
Ldlrap1,-0.4181235448244287,0.6694723644230116,-0.0759084597155697
Lefty1,-0.9971822218580768,-0.8795735513822924,-0.3379174792978459
Lekr1,0.008913516675058686,-0.010125927949360403,1.1042741247235712
Lemd2,0.7725420427715743,0.13142962736184316,0.5747581541997278
Lemd3,-0.054182903014708295,0.1260149650758171,-0.36326434079916714
Leng1,-0.11705022801945653,-0.17119647341702482,0.25042889317200734
Leng8,-0.15932606042885578,-0.15742872749727788,1.2035645433316455
Leng9,-1.63560716503566,-0.10574802601575506,-0.05053769078681736
Leo1,0.24142810603410592,0.15871662477027382,0.604191312541575
Lepr,-0.1538140607019981,0.379259430535841,-0.031222038311828404
Leprot,-0.10104362370201514,-0.5269845814225338,-0.09033939069155394
Leprotl1,0.38649882566600713,0.3658025403949292,1.3920921541147528
Letm1,-0.5305879904062403,-0.096200690574749,-0.32196100248240267
Letm2,-0.08317551460701345,-0.2725910832741092,1.2924743250649893
Letmd1,-0.1512036513042716,0.35795063832642615,-0.4819302049279539
Lfng,2.3166390074105876,0.27941487965706613,2.060143204287974
Lgals1,1.7613914505166903,-0.2737154676741955,2.029282318254916
Lgals2,-2.5877202427261716,-0.5387864861015963,-1.702308789275417
Lgals3,-0.5731151593579629,-0.0013141508091525367,0.14882409997058055
Lgals3bp,-2.225823799411235,-0.343893314873684,-1.9812007166254544
Lgals4,-3.029698574261526,-0.6133510061956322,-1.1442988866426163
Lgals7,-0.10357900947015197,0.738517048287336,0.04873348863643401
Lgals8,-0.4074769202200361,-0.24527649021550513,-0.4347536648089685
Lgals9,-1.3537453721249548,-0.4529112025181652,-2.349406246562155
Lgalsl,-0.5758718582276892,-0.235068345519176,-0.5193564057201572
Lgmn,0.20778220375532097,-0.6791977242764036,-0.08524356715270986
Lgr4,-1.8739855673460406,-1.0390051104144362,-1.772092094726926
Lgr6,1.5667512837006008,-1.2025069910802513,4.426301475769823
Lhfpl2,1.1909738039765947,-2.409064058529692,2.0912936670048192
Lhfpl6,3.507771766430274,0.0,5.097568533635962
Lhpp,-0.08892956483507386,-0.14616434505160375,-0.33762862843847097
Lhx6,-1.7660675278708478,2.0401396673965833,1.6528655683747073
Lhx9,1.5589724050658178,0.1291674103820042,0.04219952363742652
Lias,-0.252783876763492,-0.086650970896196,0.150363229689372
Liat1,-1.8143372534698237,-0.09518191529424525,-0.1755690584911338
Lif,1.6507769075994636,-0.38409113841205933,2.092752205238795
Lifr,3.2263171519482077,0.37976414418294024,-0.23602878634830216
Lig1,0.7474828467000574,0.19261699858180137,0.6053193477028813
Lig3,0.32807318769568017,0.8779027547242331,-0.8237068824255909
Lig4,0.15321212051443567,0.4210008475038438,-0.4461062208247286
Lilrb4b,-0.9334056184400397,-0.0019682570071802574,0.40012460050619847
Lima1,-1.138115897062085,-0.1814550267073729,-1.2292928568958654
Limd1,-0.4808925258276213,-0.1467868874089877,-0.4968529455390698
Limd2,1.3595684888729158,-1.015802170299847,1.4432657091531444
Limk1,-0.2730334508734664,0.1476003341398009,-0.2841611237874666
Limk2,-1.5141912985417818,-0.458931276186342,0.0500398257483452
Lims1,-0.3346365759397454,-0.0864139798195227,-0.6209184457154002
Lims2,-0.7444726199262428,0.7063909979848346,-1.276026830807767
Lin37,-0.39451194409136336,-0.3172788068047927,0.2658383131790316
Lin52,-0.07363896865874064,0.05644478355664617,0.1126338362510868
Lin7c,-0.3514611550976765,0.07149336400057837,-0.3782102839027264
Lin9,0.6801218305677352,0.2759555511099734,0.09432559201892277
Lins1,-0.1753625351703918,0.3950083136493725,0.1500481829809126
Lipa,-1.564840720956628,-1.0501912980354673,-1.9252148072598203
Lipe,-0.6716366423991271,-0.535936168868901,0.2391874491078676
Lipg,-1.146597855124269,-0.8366956579899478,0.756452332339361
Liph,-3.115384861137854,-1.856007965017934,-0.7665851317345264
Lipt1,0.07595108987570232,-0.40876503600570313,0.4184062521818914
Lipt2,0.5426263827741873,-0.141730468384754,0.9853109161241143
Litaf,-0.8206309736325483,0.640869575788547,-0.015800178847236168
Lix1l,0.5566119668508298,-1.303824480963642,1.0709398620420911
Llgl1,0.47556705047241987,-0.10563332068831954,0.020754093842563215
Llgl2,-1.2002422397600325,0.6932554373202287,-1.7541721219535935
Llph,-0.2387796893780294,-0.05669687288671188,0.4558960856805223
Llph-ps2,-0.2502733274673381,0.08060188804420187,0.35435563456404257
Lman1,0.1880263361278729,0.37767473516716255,-0.6550805027381674
Lman1l,0.7470312179562725,0.6626483656637934,-0.7287630021062379
Lman2,-0.14124223818072235,0.16553187658633206,-0.19222858834714618
Lman2l,0.37667059665568736,-0.1399469804437672,0.23860740622272214
Lmbr1,-0.8018839214875912,-0.6297708104385666,-0.23155147606888837
Lmbr1l,-0.2256110049224831,-0.7795734883522294,0.6166782275218692
Lmbrd1,-0.3813967828593334,-0.1909591287485961,-0.5507601413055587
Lmbrd2,0.059253891452557106,0.686081667206619,-1.467800590286187
Lmcd1,3.3621150979899497,0.0,1.5169367124730333
Lmf1,-0.00795975461826437,-0.3334594286428594,-0.4211897319993936
Lmf2,0.77198976177338,0.03296652193699945,0.6880370142140757
Lmln,0.333572566347732,0.3398638542554697,-0.2778703588935467
Lmna,0.1567553615733761,0.14207679685815044,0.9322778557972029
Lmnb1,0.7270358420489949,0.14178207321708403,0.3883289990404464
Lmnb2,0.03536349339021072,-0.045056939929813744,0.008041180641074952
Lmntd2,-0.5254517619100423,-0.6465703680105678,-0.6855369729693652
Lmo4,-0.47249591515916034,-0.02598712355961652,-0.6475055629582505
Lmo7,-0.5632000818177669,0.8311962730488087,-2.244104594537152
Lmtk2,0.47376577881201953,-0.07870438456633355,-0.2941899923222273
Lmtk3,0.16279357308237996,-0.0782675966326658,0.0852364454174841
Lncenc1,-0.13643578184369176,1.5927645023513821,0.19306146520677797
Lncpint,0.9302053275771425,-0.02784008894747736,0.3776055779141223
Lnpep,0.16378929718522794,0.1435000713681518,-0.299148027501988
Lnpk,0.6107935089606373,0.30574478847836595,0.5725167188997595
Lnx2,0.6602799175455036,-0.21477321661212834,-0.11105435618461179
Lockd,0.5198787198606516,-0.8004699232004009,1.236120665287566
Lonp1,0.17768023649323972,-0.27414514443981464,0.49227117021814415
Lonp2,-0.3074729435207679,-0.20915669668576964,0.25613892818751083
Lonrf1,0.048055213260104424,0.2296229314671745,-0.08002761878301978
Lonrf3,0.9267217759715249,0.685298601024313,-0.20968427424832248
Lor,0.860209252702846,6.3662672911049,0.2789212015505066
Loxl1,2.4037041597634503,-0.06887474511635754,4.769638167511276
Loxl2,3.0496467040817956,-0.5049730279880809,-0.19679187707740198
Loxl3,1.7269081129927306,0.688737068297198,4.400767985591943
Loxl4,0.09412067697169046,-0.10172534627793439,-0.1550456635267521
Lpar1,-0.050433445883792505,-1.500009705689949,1.0513496869329528
Lpar2,0.0036468182011084593,0.4889073231138825,-0.48173944901213517
Lpar4,1.1524937968226212,-0.030387690123621303,0.5673836180410938
Lpar5,-1.112093067047388,-0.14650874799108393,-0.3847020264952337
Lpar6,-0.5092670963940034,-0.4518242853794754,-0.2779363384028444
Lpcat1,1.092873473295234,0.11976740299882138,0.31690867245890697
Lpcat3,0.12244077749841509,-0.6615370412107149,-1.1929933516319995
Lpcat4,-0.21156057670763406,-0.1549960715639349,0.08561109237546294
Lpgat1,0.2733975979826111,0.26132467911207424,-0.3266755618806192
Lpin1,-1.1786613147887346,-2.3830121313884116,-1.3197824224334047
Lpin2,-0.6218031478791533,-0.6402870474170657,-0.9098745307319875
Lpin3,-0.9851205697418264,-0.4276259842311787,-1.2065026603491351
Lpl,1.9030352481098736,-0.32818831350354866,0.15497711166185513
Lpp,-0.6653573881607393,-0.18087644148549842,-0.12839772491536472
Lratd1,0.4017460019185206,0.057731380138749344,-0.7851674955618666
Lratd2,-1.7447978456439035,-1.1020045346217202,-0.7207746184807249
Lrba,-0.6558012250817322,-0.25849834433894614,-1.7312555046117946
Lrch1,0.2698797580409855,-0.35236278171857105,-0.49312749892084806
Lrch2,-1.5614564064266148,-1.769113895519435,-0.055559972533970416
Lrch3,-0.3795198509971822,0.7002564058069689,-0.7587085562725004
Lrfn1,-1.4187662186105374,-0.2983408822132327,0.3422533184721679
Lrfn3,-1.0253114712089044,-2.4130887399224816,-0.6757363583838618
Lrfn4,0.3295840413836464,0.0018733579357324004,0.20558142172129834
Lrif1,-0.2412038326078365,-0.494105326503,0.12146863064463176
Lrig1,1.4618224998978873,0.4022181910195295,0.3365950548732961
Lrig2,-0.4798742588247591,-0.48733761063302206,-0.20149492332837227
Lrig3,0.0,0.6220419105306396,-0.10265929308445854
Lrp1,0.7409472704477347,0.0714011164952959,0.46712214350159265
Lrp10,0.037419704655917485,0.06509939076541738,-0.4091330475966597
Lrp11,0.5009025259676081,0.47824847159433814,0.5014580643343269
Lrp12,1.986911758357894,-0.4525231901517368,0.7836045244931342
Lrp2,-2.8683619510756104,-0.2208558720238063,-1.6500501850679674
Lrp5,0.13839479643067065,0.4179087403559869,-0.6613029581067194
Lrp6,0.22680237605433362,0.11589471162505571,-0.6054235994006856
Lrp8,0.6989960628352261,0.15846927963370838,-0.2574450628846945
Lrpap1,-0.6380580193273753,-0.7333007881733558,-0.338705692858289
Lrpprc,0.23621078717410526,0.4086917291682717,0.11545708331229143
Lrr1,0.2525502433171556,0.10953192316157967,0.8219232579911551
Lrrc1,-0.3567439005155677,-0.2777424949276748,-0.908537090910909
Lrrc14,0.10804859397419442,-0.011214081505602103,0.39781767877040863
Lrrc20,-0.5732839249230128,0.25725767535829647,0.06069311167648195
Lrrc26,-2.65155050105316,-1.481870456128297,-2.5459263987328344
Lrrc27,0.042048421580108464,-0.09733447173863952,0.024290883923695494
Lrrc28,-0.1251915461744355,0.15956114314497905,-0.07713322366904407
Lrrc39,-1.1459513891044164,0.04265475477976677,-0.7001037521174692
Lrrc40,0.35468427548886083,-0.11086429482786198,0.169153205209561
Lrrc41,0.3068290690287734,0.3757846308904744,-0.533050900471153
Lrrc42,0.2569288350028396,-0.15462944768950138,0.26806808534857574
Lrrc45,-0.45518564531830563,-0.09176931704825364,0.8056037489558427
Lrrc46,-0.02999144570447765,-0.20561756020406868,0.2577354137232951
Lrrc47,0.36994582091743666,0.8003956365168081,-0.16523499832615318
Lrrc49,0.2625333958715643,-0.07810494807907942,1.3611270572628018
Lrrc56,0.16428419857833587,-0.49471309680372677,-0.1287554896184795
Lrrc57,-0.2975139014083692,-0.007408360212946885,0.10587314333337039
Lrrc58,-0.4494073001057348,0.3234368822299043,-0.21465884080527697
Lrrc59,0.35253163225034,0.52107504208292,-0.2923555280070449
Lrrc61,0.07476107111647923,-0.552397814889038,-0.6724406004336104
Lrrc66,-1.5681501901580122,-0.13007956853300584,-1.7560211256687204
Lrrc73,0.4131528100494084,-0.03101624819074389,0.06904349673486188
Lrrc75a,-1.0178967955484848,-0.16008196696979038,-0.5075811291389276
Lrrc75b,0.7276666080101443,-0.016104368889593764,0.262925090238352
Lrrc8a,-0.052102805697995525,-0.047747787173462175,1.4035057941526143
Lrrc8b,-0.2642955672609384,-0.24182745563248442,-0.7164900913149395
Lrrc8c,0.2875261365063979,0.22258494091715164,0.3536690885056828
Lrrc8d,-0.5961602219756372,-0.42070494978621387,-0.11384623853569664
Lrrc8e,1.6781427765114056,-0.036161208141721524,-0.3117699044829423
Lrrcc1,0.5229043384517671,-0.5389773201749568,1.1075204503961111
Lrrd1,1.5419752943440124,1.491135792506387,0.1646285994945187
Lrrfip1,-0.149935907995288,-0.028449227201023497,0.1734660382995985
Lrrfip2,-0.005652427388654679,-0.09463374127197177,0.1858521684576635
Lrrk1,-0.2704501522624172,0.13376579853730952,-0.09743121453596526
Lrrk2,1.4596779657521286,0.0,3.411902558674038
Lrsam1,-0.022176496915621513,0.08191641524922666,-0.09575477675523203
Lrtm2,0.49662707472482526,-0.22705518577649464,-1.2755033454869282
Lrwd1,0.03862179172328162,-0.2710318438042023,0.5622900559905624
Lsg1,-0.5212827471010568,0.17115504969519257,0.1694114504369848
Lsm1,0.20527786576198537,-0.05568737210446173,0.6172439312347713
Lsm10,-0.25885755911344166,-0.2956177493206469,0.458778980147895
Lsm11,0.2959860995167647,0.35834633734668664,0.06506243924561428
Lsm12,0.4552994690707557,0.21962832493149254,0.5970930037037512
Lsm14a,0.29508933267789583,0.2771481467420358,0.17090598319251704
Lsm14b,0.19905893623697946,0.21157460161712116,0.16508623249215404
Lsm2,0.13011280127725744,-0.057430856679266284,1.0937259927587935
Lsm3,0.9404557218077407,0.21924671577936827,0.5971496721414327
Lsm4,0.34039548226374894,-0.15367035096053172,0.5209235450339804
Lsm5,0.9140490044905158,0.0726398927964702,0.6452028430906429
Lsm6,0.6557746792664192,-0.3912616345477895,1.3680225734642546
Lsm7,0.06068629943681003,-0.2730577062214694,0.8979239315524419
Lsm8,0.798284714787016,0.2913943266854533,0.42147960232841
Lsp1,1.8417524700593764,-0.3791510945202377,5.09664693819859
Lsr,-1.1248806042655497,0.4092200482443973,-2.4497893750194506
Lss,-1.1701674423617074,-1.3333414955606413,-1.8915185836032657
Lta4h,-0.8623881412320058,-0.5370852248203573,-0.35438990008754256
Ltbp1,3.8056404742755348,-0.6677227119299234,2.203833285565394
Ltbp2,-0.6594844383474263,0.015083097213840213,2.9997573736071117
Ltbp3,-0.33516499828176904,-0.9436681404255243,0.0575581363210933
Ltbp4,3.127653505651701,1.157148355128308,-1.157782112420609
Ltbr,-0.5889361384258764,0.0772862627197739,-0.19250502051918783
Ltn1,-0.4336702521437985,0.47800332076950625,-0.559573538291879
Ltv1,0.1404957471656223,0.2352159785522261,-0.10771355475194344
Luc7l,-0.000397908024895699,0.02531908555736173,0.7845564692652154
Luc7l2,0.7952615302917705,0.31105260128982604,0.09092458286238791
Luc7l3,-0.008116083555355758,0.12663342660484744,0.35381971076531915
Lurap1,0.6079639982900712,0.12948305924463593,1.3044013960770258
Lurap1l,-1.2061310549167867,-0.4801523936783383,-1.4173066821032991
Luzp1,-0.17423674573490544,0.0537674376526498,-0.18660358090140594
Lvrn,-0.7682063331644312,-0.06822565506401174,0.6341863864438265
Lxn,-0.5270437032726933,-0.8538807140811877,0.37219768401473896
Ly6a,1.9656267467113544,-0.5617120843319299,0.8181328408408861
Ly6c1,4.297795082485257,-0.46176970867772305,2.5185303650257858
Ly6e,0.10714022778466692,-1.012914370309323,0.28930655925428006
Ly6f,-0.11742220184975405,0.5674130199710817,-1.1314671191239278
Ly6g,2.0358118927163344,-0.022572618673521228,0.2496275885813507
Ly6g2,-2.912518007361622,0.5684455701717911,-2.1635897563428075
Ly75,1.5380356122596268,-0.8249716173012986,2.0758801705072445
Ly9,0.1874851123096528,0.09202296423507134,1.402741243632763
Ly96,-0.8392911965642731,-0.7635311929339936,-0.3823973715501565
Lyar,0.48023527091549134,-0.17353292935678777,1.0447117550038953
Lyn,0.0594588704286787,-0.6006562228013266,-0.5528308370215091
Lynx1,-0.7166086826233369,-0.21271379773075472,-1.768381828932211
Lypd6b,-2.4004823947290608,-0.26436733594867534,0.12754059170993423
Lypd8,-2.0091603968317076,-0.3566576906583923,-0.2992771046688548
Lypd8l,-3.830417816262794,-0.521094559429958,-0.3009952683771309
Lypla1,-0.7314082325611722,-0.47330794550938915,-0.5037081324236903
Lypla2,0.02754208172958794,-0.029333763522331857,0.5028601935293988
Lyplal1,0.525878773619431,-0.1276103496101628,-0.8518641422426017
Lyrm1,-0.24056866562482537,0.00024187675353393168,-0.2790871989566023
Lyrm2,-0.21652726251065602,-0.46345894487108197,1.036720702654725
Lyrm4,-0.23163725295781834,-0.3875849961621243,0.13765807887768577
Lyrm7,-0.20012468275939366,0.10657168315297627,0.9338753181207795
Lyrm7os,-0.9813505755637367,0.11621025784327244,0.1804195997553649
Lyrm9,0.04184785113435119,-0.012040867000976174,0.24876507634392953
Lyset,-0.10568729669047006,0.20577270932823666,-0.22311785956155017
Lysmd1,-0.5839294967309447,-0.20917593086266262,0.07511426777660524
Lysmd2,-1.1803595746977336,-0.4494536948552854,-0.4854175103649516
Lysmd3,-0.1506773036785347,0.11539002580591218,-1.9562589358064253
Lysmd4,-0.3979353216070658,-0.2754927810761634,-0.2004555528553209
Lyst,0.14457698517882633,-0.2834779343095475,-0.2998042992592387
Lyve1,-1.1073537807085216,0.08219306892619453,-1.9505966844110088
Lzic,0.6447739325909216,0.17572948545052558,1.0818181273481895
Lztfl1,-0.17335030734381762,-0.259063349143303,-0.36659041735160836
Lztr1,-0.5963389349024588,-0.5092179424623202,-0.03752952174819235
Lzts2,0.38533055550129447,-0.6069341067058582,0.33293034209931527
Lzts3,0.5455021073097086,0.316091884965914,0.10085531862891006
M1ap,-0.06256529623541751,0.8798753466738529,1.636305763279529
M6pr,0.26988435378516407,0.22726602229827986,-0.9550321588633555
Mab21l3,-0.21344055724543454,0.31426778192610993,-1.326304612978935
Mab21l4,-0.39038536620087294,0.8103538048980119,0.8160345200337016
Macc1,0.7472184012053205,-0.04815117819066922,2.346369887958492
Macf1,0.6449803655121533,1.0945521839463126,0.30086053611489216
Macir,-0.5797845015265279,-0.2935613336202074,-0.6446599125078043
Maco1,-0.3221255303965185,-0.09068063332388832,-0.20148881030364674
Macrod1,0.17408813173926374,-0.7402162378200199,-0.7875665245148546
Macrod2,0.03670084231082971,0.1276946801901424,0.05076392739353741
Macroh2a1,0.15595685914006197,-0.4475131020958898,-0.8576388049949362
Mad1l1,1.3650631234865607,-0.3162851921482046,1.0116374955534777
Mad2l1,0.7812159471754834,0.24371872113984416,0.5875021010860744
Mad2l1bp,0.07535478851888477,0.01463289131057266,0.26148688397073894
Mad2l2,0.45140615941396955,-0.11183814446747764,0.2186827762479
Madd,-0.14411056854667148,0.7042026837123441,-0.6657459240837857
Maea,-0.19314558765957646,-0.1251144115741445,-0.01455959286502484
Maf,-0.8813937266673859,-0.423053705377735,1.962667473919844
Maf1,-0.5894663099390112,-0.9421187932358324,-0.11593773730795487
Mafa,0.9937427163288552,0.050439791981400695,1.3280029432290492
Maff,0.17343793044738476,0.36785620365523375,-0.4359223945313957
Mafg,0.13297234387163925,0.21893690736673577,0.1448319313520683
Mafk,0.8309161061001724,0.3449827523583542,0.09860171752317282
Maged1,0.7803312445509523,-0.5699841289510115,0.4622941292469216
Maged2,0.6865094200302124,-0.8253577949180051,0.301426834942915
Magee1,-0.8163923190884443,-0.451994834530812,-0.37173596956714505
Magef1,-0.4454318183156847,0.6074096934667548,1.0824959014643647
Mageh1,1.4472099079583918,-1.3640725350841127,0.0
Magi1,-0.5809101965576353,-0.03655264909223721,-0.8504670393961407
Magi2,0.37730623704568966,-0.14583052552148268,1.4460169366548525
Magi3,-0.8417053739209113,-0.7599339739815036,-0.5986603446861949
Magoh,0.19846164247750764,0.002980577575788068,0.7734865435015852
Magohb,0.7279787323641216,0.434465284105368,0.9845607905942582
Magt1,0.10440868762262667,-0.15154419276421383,0.7768146991342828
Maip1,-0.15815168074939656,-0.4464376045043501,0.2137073474514133
Mak16,0.39888030366979166,0.6886316626966185,0.5948664695273633
Mal,-1.510290198589547,2.0431656400657703,-2.6903558647450083
Mal2,-1.08342683956627,0.8812522062115073,-0.48295298415219046
Malat1,-0.7183135119663344,-1.2521681683092352,0.9720246489812272
Mall,-2.674608084405609,0.11469497335643997,-1.6388315933902255
Malrd1,-1.3761718664242228,-0.7778544878073631,0.0891774509182763
Malsu1,0.06964402082332288,-0.4162166592591836,0.056864172962759696
Malt1,-0.24182220377936403,-0.18675494125333714,-0.4946428268009111
Mamdc4,-0.10252891619640714,0.0575582645934285,1.393220106010089
Maml1,0.2208268420039179,-0.012480416961403229,0.3250608405574482
Maml2,-0.26536929887152194,0.13636895939399363,-0.6749960067587173
Maml3,0.4692891084623141,-1.0013454603720033,0.2086057822658538
Mamld1,-0.17526280374613978,0.4568038523788054,0.0
Mamstr,-0.008760342066071347,-0.9819425864647084,-0.0473695659861626
Man1a,-0.6181901441192101,0.3687377697124674,-1.893479690359229
Man1a2,-0.3580037382261496,0.10344858619903352,-0.37121270421576114
Man1b1,0.04348766062702225,0.09800192955793108,-0.28615665990532335
Man1c1,2.6745865288286685,-0.3566411087519661,1.9028158532630082
Man2a1,-0.05872024766288053,0.2586856748188531,-1.2238581234261066
Man2a2,0.4805168973346108,0.039128528812085506,0.19581499472680797
Man2b1,-0.8893760622111193,-0.5676114534397785,-0.2649828979486939
Man2b2,-0.711644748970798,-0.5693388599390161,-0.30459987824740153
Man2c1,0.2161694143730073,-0.4231382064535665,0.024234102450710893
Manba,-1.2313899988832473,-0.9164111849432324,-1.6164963124123437
Manbal,0.16624863113535948,0.09238062303884398,0.6363308773775875
Manea,0.6734947660303221,-0.059821012072902136,-0.1083190440621542
Manf,0.4899222974705779,0.045353567875833,0.7068529509571695
Mansc1,-0.516250127391928,-1.358947711169623,-1.0566680023871302
Maoa,-1.4271945208956343,-0.9929054595156286,-0.3219828465577059
Maob,-2.2174103282530524,-0.3519919840614416,-2.5871587338457256
Map1a,3.5586217987761817,0.4837411039934827,5.385993272060809
Map1b,0.4270128874453585,-0.0585138777344536,-0.22268652597802774
Map1lc3a,-0.4633854193711109,-1.0742636002180062,0.6524343445614864
Map1lc3b,-0.6604958257990932,-0.5205053923313283,0.058860671096631734
Map1s,0.3969446739861331,0.06418668906119418,0.4067447867300844
Map2,2.644116618009261,0.23780908246129528,2.045221365394755
Map2k1,0.4939572137942001,0.07241921363088988,-0.6596409740529987
Map2k2,-0.13737800247140441,-0.1396277401422239,-0.045665553730666275
Map2k3,0.04707134843998162,0.6899137180202386,0.6021062618934803
Map2k3os,0.3081965657573229,0.5412126453190989,0.29150903662011496
Map2k4,0.12993891282575643,0.23898584200704232,-0.01227240338381197
Map2k5,-0.04261389439754826,-0.3260694746500201,-0.1550905503459168
Map2k6,-0.1548207610625223,-1.3334193729733403,0.5292741932213181
Map2k7,-0.0602263799275784,0.11624527107171545,0.5463335677850765
Map3k1,-0.5326058049008084,-0.3284442187462835,-1.9132580563150974
Map3k10,0.49784062319140343,0.042723356403089774,0.1049895298847785
Map3k11,-0.2485636131641238,-0.12015549135026315,-0.2535697982972387
Map3k12,0.46985694776341,-0.5983834229348046,0.6741600541853963
Map3k13,-0.8642222339762197,-1.4950912913652172,-0.7379093757207911
Map3k14,0.7505677147224228,0.05086349124053546,1.256211838365434
Map3k2,0.06809937071248662,0.30629184769538487,-1.120988947841492
Map3k20,0.8373445831372193,0.03052526088460894,0.7189672878050173
Map3k3,0.3652488022746061,0.5787900809414985,-0.36040281957021403
Map3k4,0.3136369059791111,-0.4475235862105338,0.2613256761252494
Map3k5,-1.265010481730986,-0.5010090383533967,-0.27812301648526905
Map3k6,0.9654552398302108,0.9580024438332995,0.7011095783269252
Map3k7,0.2829804554577713,0.5113915844541363,0.1880224381669775
Map3k8,0.6316129675277129,0.047531427419504335,0.6151478982945008
Map3k9,-0.2020009244424963,-0.8025355053682772,-1.1181950658870174
Map4,0.8031523150318316,-0.27035313770858593,0.11657431823034159
Map4k1,0.3250088767785826,0.4708576731377532,0.3236250250769501
Map4k2,0.17113188327475015,-0.13855571383601628,0.0595733658036135
Map4k3,0.298518246710195,-0.09658983006764643,-0.33295338981983225
Map4k4,0.7614924428002308,0.20547565753214858,0.5792971066022927
Map4k5,0.0618020771099026,-0.23275863775681582,-0.40325722839805245
Map6,0.5407084327265075,0.4215290728314036,1.9791534811215752
Map7,-0.028030132061576174,0.013725204311745731,-0.12205749876714622
Map7d1,0.09492551099296431,-0.13045696545819574,0.5240646877921371
Map9,0.08419363084678677,-0.41338769175833034,0.0
Mapk1,-0.47125449603971337,0.13532616162102684,-0.4683541788146446
Mapk11,0.7195341897007954,0.5876386737096841,1.0213263945306452
Mapk12,4.288118162403132,1.0086238750082006,0.44351766167215034
Mapk13,0.15146627515499417,-0.7872643653694003,0.22330855403898275
Mapk14,0.2608491286917385,0.33677978597832325,-0.09036453838239922
Mapk15,0.1248836931513832,-0.13480313479880957,0.10974256806300309
Mapk1ip1,-0.283087595451023,-0.2585383282638609,0.29015619671365833
Mapk1ip1l,0.004873216153471915,0.2782669590634468,-0.7867366060728642
Mapk3,0.15686080739347297,0.40168411474323307,0.33892263349929674
Mapk4,-0.5020343099776846,-0.08229713914054093,-0.6295184557994834
Mapk6,0.25794082884415914,0.7134486876235764,0.008190522886027729
Mapk7,0.7029971376315824,0.052105002771903663,0.01590007528910853
Mapk8,0.528470043389893,0.23769929224466324,-0.015016261687784471
Mapk8ip1,1.1429755441807958,-0.5686171001440083,1.1568169534151975
Mapk8ip3,0.6138851674679664,-0.47095807378724697,1.8116840615941454
Mapk9,0.12364248614763884,-0.2381965263997916,-0.00017809291540871186
Mapkap1,-0.2559386098475498,-0.10843461510351204,0.291416127084009
Mapkapk2,0.3414376169192934,-0.030486502614600397,0.27803235373576296
Mapkapk3,-0.5148521383054856,-0.05515689152707992,-0.5365360134016486
Mapkapk5,0.01676177390889766,-0.07793868265508208,0.03940312697574522
Mapkbp1,0.4535260275688042,0.40608304243262183,0.5887586921539665
Mapre1,0.1610873299637614,-0.261312174471116,0.09146626804829872
Mapre2,-0.6380206876121113,-1.322670526970695,-1.7022386891567276
Mapre3,-0.6895251881060487,-0.8711958759117104,1.3874673269497029
Mapt,-0.6547440168701554,2.1273439739025957,-1.080310484672723
Marchf2,-0.24774236222075263,-0.4177741751898525,-0.31155798468291085
Marchf3,-1.817525026378666,0.1551894582388882,-0.47631697692733654
Marchf4,0.8362832268084602,0.5544039869567324,-0.4240614036254461
Marchf5,-0.22675050040427447,-0.2784323169979084,-0.518932638303629
Marchf6,-0.28524834955436695,-0.3563640531630554,-0.755514806871842
Marchf7,-0.013387129795963126,-0.20925974723505547,0.009176587969551342
Marchf8,-0.13644126044988525,-0.16950735140933304,-0.7798139188719819
Marchf9,0.46554275681827617,-0.31066706678871014,-0.23899865677115528
Marcks,0.17778244070953875,-1.0725922505572276,-0.5966479474013413
Marcksl1,1.481347934228073,-1.9165197519468453,1.9496972004581519
Marf1,-0.717488095116793,-0.26373789276874593,-0.20767249178266312
Mark2,-0.5612704408256821,-0.1591719942873473,-0.19413843210965176
Mark3,-0.02902995737041536,-0.20649361520864584,-0.48367885411396383
Mark4,0.14212307729224705,0.04550051841437064,0.26998620964643827
Mars1,0.13906981985683498,0.04790824165919716,-0.11652417013834881
Mars2,-0.1686190627428319,0.5212834981980654,0.41804965349766876
Marveld1,-0.6207777180789966,-0.10493168662972074,-0.7729932564408255
Marveld2,-1.5473071285330895,0.3450400858474727,-1.5839184758015226
Marveld3,-2.670413376125036,-1.9743629694841691,-1.2477783131236462
Masp1,3.794155665175925,0.5241824492077558,1.905605460949345
Mast1,-0.4093838303156401,-0.12213701161030599,-0.49069541030488084
Mast2,0.45439542519614484,0.3615024012128032,0.6442320349849906
Mast3,0.6039365864131447,0.11597776829891515,-0.027131166004228824
Mast4,1.060605240897078,0.4209067761973584,0.7677860835817594
Mastl,0.47925888150934615,-0.02137714727815343,0.9411253571915918
Mat2a,0.08685694501102059,0.8316633635326172,-1.3904597167886839
Mat2b,-0.0750834404353018,-0.42531985820905227,-0.6271225685025934
Matcap1,0.6171211038965412,0.2497785731503841,1.0211299954480122
Matcap2,1.0423185710495817,-0.1855079123193778,0.908304438148975
Matk,0.08115258947947102,0.30987792183637597,-0.30317626429301425
Matn2,-1.2112497452366413,-2.2089316086475934,1.5031041198514608
Matn3,-1.4340693275028493,0.17346597574027955,0.9691035009015015
Matr3,0.22331145854064438,-0.2324005120328394,-0.14182035633601586
Mau2,-0.021934688325274898,0.006391655607192348,0.26447773281954934
Mavs,-0.32051582692242775,-0.023365821415211485,-0.01924806743513674
Max,-0.43325753506654685,-0.06263465578401561,-0.14741008145886347
Maz,0.0025095621492781106,-0.019075004173330967,0.15657420795938393
Mb21d2,-1.8719712423776609,0.0,-0.8581063036431584
Mbd1,-0.23665144736318933,0.10459653155446791,-0.6510390912016284
Mbd2,-0.21687023362071045,-0.28542377587245227,-0.40620725245931855
Mbd3,0.3383514132782457,-0.3158598626307638,0.5663490100694366
Mbd4,0.86625886511978,0.23203371602318335,-0.014212533780279646
Mbd5,0.18114344485101475,-0.44419110265483885,-0.23764874729209362
Mbd6,-0.12169162232790054,-0.5461562066864145,0.8278369856368215
Mbip,-0.3137605564027184,-0.6923746259752948,-0.42740860052552243
Mblac1,0.8457536576450573,-0.5655536099146077,0.7891608487506634
Mblac2,-0.60205889669036,-1.033841279286403,-1.1463273503665228
Mbnl1,-0.45337838812350206,0.1890186968686356,0.2904065910609699
Mbnl2,0.214319280088767,0.5103615120840503,-0.7058823255074467
Mbnl3,1.350150969109038,0.47466950746678194,-0.2464493554168793
Mboat1,-1.0562263265519087,0.5567206816040882,-1.7473307840719574
Mboat2,0.13181361155541316,-2.6085562460453273,-0.45742786668641955
Mboat7,0.08004106735552696,0.12768554706254776,-0.19775435697943422
Mbp,-0.38839568874706476,-0.3013345934058371,-0.8271828028356882
Mbtd1,-0.5184747702708234,-0.009048296927153032,-0.8292459487338482
Mbtps1,0.19990293554092808,0.02486129713986074,0.3588590380895065
Mbtps2,0.7693674005170132,0.1880476944887386,-0.016241886101315828
Mcam,4.176294510266256,0.15880429821398623,1.0988396661373858
Mcat,0.4617703636825672,-0.4867893464225226,0.11574805816176692
Mcc,-0.050601833806677377,-0.41479993741691157,-0.793238223765532
Mccc1,-0.820628927713841,-0.5427823554644573,0.012407282357527194
Mccc2,-0.8481620888523764,-1.0312002803555589,0.1255862809495154
Mcee,-1.1657197796316017,-0.7209645166315775,-0.21871818146062383
Mcf2l,-0.3358356220196448,0.1267702641272785,-0.921025503052702
Mcfd2,0.2689156288174752,-0.05918082376658873,0.3763340608251724
Mcl1,-0.4239846412257311,-0.3107561069763829,0.196702891712917
Mcm10,0.6866136857083669,0.7236011455539746,0.9996971512116657
Mcm2,1.57107782643721,0.7517299140918459,0.42649085160273614
Mcm3,0.9662174912699149,0.24396016844473323,0.9086719013996669
Mcm3ap,-0.1911502750669234,-0.13545784515774706,-0.09597972989524983
Mcm4,0.35770773914760756,0.3787281608077455,0.5090314175392994
Mcm5,1.3161263956239635,0.4813650741249793,1.0252362988327546
Mcm6,0.8153194576545486,0.05587315475201393,0.1515516667050818
Mcm7,1.738097778837381,-0.2838579952731415,0.5868630144083538
Mcm8,0.39095958594186175,0.0752562426268586,0.7033862514585065
Mcm9,0.07214574770741145,-0.013807147211759574,-0.22425608433790645
Mcmbp,0.09402028940055729,0.22084913250000593,-0.21871991803581636
Mcoln1,-0.1910262059490977,-0.3431841258823347,0.2806615454977557
Mcoln2,0.2504997366919891,0.2145351165608932,-0.6492685774838385
Mcph1,0.36007039704884836,0.46483880597922234,-0.027893237905319168
Mcpt1,-1.3139624446760372,2.4618172645275584,-0.625336234922105
Mcpt2,-1.7275456891595558,2.0407906953404247,-0.45256413480058655
Mcpt4,-1.5567032649653436,-0.06942921092861187,-0.058686212331146126
Mcpt8,1.31408863330428,1.6701798474017868,1.7217719866220427
Mcrip1,1.0524971126417944,-0.1315315735148479,1.2298507459036205
Mcrip2,0.11155285005700666,0.44600536626452225,0.2646007671929764
Mcrs1,0.0504253045413634,-0.5104856955626698,0.8390024059547869
Mctp1,2.347835564750714,-0.25761067828536927,1.2617450272130653
Mcts1,0.16132843366604277,-0.40329205920608313,0.28765941927810523
Mcts2,0.10316997930527161,0.03875584570929913,0.6152516666664036
Mcu,-0.9920349849697416,-0.4729726383555981,0.07889489955682016
Mcub,0.716291682323206,-0.5930651537071525,1.3830778791330065
Mcur1,-0.5978577279960202,0.2544731632895978,-0.9165669112585428
Mdc1,0.501054786982551,0.008298829065887858,0.46959043777749
Mdfic,0.6569348899087952,-0.012397323786468739,0.11583958346891254
Mdga1,0.07832532001654331,-0.739119960484273,0.23465229392798048
Mdh1,-0.28204751385515525,-0.22740960966377166,-0.03888796651060389
Mdh2,-0.18785817987442321,-0.7125838511245366,0.5229255128504509
Mdk,-0.23832633651763996,0.5480198798353184,-0.14188351777679534
Mdm1,1.1300292473408047,-0.5333725771629094,1.5004655578619177
Mdm2,0.022187043361874714,0.5083228037988974,0.1377038839509428
Mdm4,0.19495754918691333,-0.24976733445242694,0.14457270434769942
Mdn1,0.48981349812644037,0.7644819973766293,0.06985636167859255
Mdp1,-0.07066614982583497,0.2679096607478657,-0.34442065758018625
Me1,-1.3104264460652288,-0.8058192512831095,-2.0742550267802287
Me2,0.3313557944088199,0.03489306231488065,0.004625382104689102
Me3,-0.2890256207169124,0.4150959293147355,1.0213968320436113
Mea1,-0.05179645338324246,-0.13942133821520564,0.2665926631456603
Meaf6,0.5555429216637324,0.21161752311882687,1.488305182645751
Meak7,-0.39631921246762136,-0.27450526040846546,0.013726609023630765
Mecom,-0.5760661887260259,0.4230349347702598,-0.001084768840735606
Mecp2,0.5456257157859721,-0.5081059350874861,0.6826573461321805
Mecr,0.030619783977451576,-0.23014426575313074,0.1678830981076329
Med1,0.13276884102664077,0.3030261460603594,-0.146110301545316
Med10,0.4572423411933517,0.090862799199809,0.4394929209967682
Med11,0.1656123392694493,-0.13756924716700247,0.48618257668868115
Med12,0.2575200340249939,0.18134264934660305,0.273361370299809
Med13,-0.1169731114723076,0.31949650714954725,-0.21479825462972002
Med13l,0.5887658040208406,0.6808344691422503,0.25766637595108755
Med14,0.5922331726817482,0.14121983293702378,0.3273027368358603
Med15,-0.6890850655349281,0.014996473284552003,-0.244996929385783
Med16,-0.2692758179990342,-0.20404374855802843,0.45371216456838637
Med17,0.3407204965934696,-0.1244524017056321,-0.010794580914035734
Med18,0.2693006372778859,0.48041573009537775,0.1582908596356578
Med19,-0.05493267001815383,0.07691462207358413,0.28619807396775343
Med20,0.30636639020674794,-0.17376864252466717,0.5455034859368952
Med21,0.309070981672531,-0.1917316966113205,0.3725588265909465
Med22,0.28579552072900416,0.014525465939366988,0.6632221688048165
Med23,-0.2633151386391521,-0.049861103394900574,-0.4978554164543665
Med24,-0.2831590305234144,0.0579310987357875,-0.3448822914728753
Med25,0.05395683145938612,0.02467371666178675,0.136873045635447
Med26,0.1819848410725653,0.46313625423587945,0.2759164002412984
Med27,0.18453861274009054,-0.013095943998779003,0.45923811078169674
Med28,-0.10077728471103597,-0.17791256247371834,0.21011484101975064
Med29,-0.11964338024423071,0.19298279197148416,0.4750775868682924
Med30,0.20394270186084018,-0.3532340665961309,0.48934341411588367
Med31,-0.17812922008923504,-0.2707578609028527,0.4632964967991522
Med4,0.5890951823010138,0.1513638434765081,0.16805233394910513
Med6,0.0009740366143979884,-0.1484416392414376,0.11885010180564493
Med7,0.07815888346577715,0.0464476574212318,0.6314260324740948
Med8,-0.16058830035108063,0.25727684562291664,0.5860567048390548
Med9,0.4702122201082135,0.09927180345206921,0.593729024853979
Medag,3.4128216344577456,-0.10887899042051775,3.5298505011137746
Mef2a,0.11139726728011645,0.25631737641135466,0.20881941208587662
Mef2b,-0.11551657066165316,0.12386351960925468,0.9918777680063866
Mef2c,3.20857621754897,0.5946407200173287,-0.06528125404910101
Mef2d,-1.0821508436038467,-0.1727843978331043,-0.18362234706017322
Megf10,0.9026259130849539,-3.323678281700521,3.359704593585858
Megf11,-0.004685815024672246,0.03389495092907202,-0.10265243747675945
Megf6,0.5712456467159235,0.0,-1.425122942114277
Megf8,0.06715918844624102,-0.6408178035060637,-0.06769515690886507
Megf9,-0.4138830675050329,-0.7250827176061065,-1.7558186772684425
Meis1,1.840845046359194,0.21234153996197433,0.9367044433818568
Meis2,-0.257379600559279,0.053699100935969746,0.15853043797574173
Meis3,3.073476189769621,0.5594264613698952,1.043426131397502
Melk,0.6985517847932856,0.0868130846501245,1.251039515369453
Meltf,0.5997182831820917,-0.019732583816073433,-0.1596074676740986
Memo1,0.49323203817509764,0.03486634334456973,0.8285651149657092
Men1,-0.08746683113444842,-0.2340950252204692,-0.8075936238653734
Meox1,0.07224863787255156,-0.024071070595852454,2.5467807349701634
Mep1a,-1.1776385442600845,-1.5937234432166143,0.13026013036096284
Mep1b,-1.430401448127015,0.36297275700549514,-0.5289423939163354
Mepce,1.161556597614644,-0.5110764419954528,0.04855987783847304
Mertk,1.7756663366686418,0.17011972989748092,0.6063258498249827
Mesd,-0.3902977152817675,0.5274848852115168,0.03886028892711835
Mest,1.1666540859192747,-0.5575183699316493,-1.4860649231765948
Met,0.7795894447096163,0.5809529693553399,-0.3631149919873158
Metap1,-0.22771261460408354,-0.04456523490524944,-0.4252766002875319
Metap1d,-0.6205141080567178,-0.11211225258077384,1.417968755167725
Metap2,0.05886397632599483,-0.050689867389174914,-0.4945892112960042
Metrn,1.1552068642935271,-0.08474207971477998,1.1245607251156944
Metrnl,-0.29755474274885163,0.28601136450695996,1.2772720417796166
Mettl1,0.4995588570403733,0.19170873414520884,0.6521866394034586
Mettl13,0.13458704231543184,0.15964547275949315,0.15684671335191247
Mettl14,-0.14497150567803274,-0.3676080646121447,0.6078339931452836
Mettl15,-0.07858587083899327,0.30204655974519934,1.0685481796571856
Mettl16,0.19234643121514505,0.41631838029218926,0.573487545624384
Mettl17,-0.5024996038034191,0.18580921192460753,0.32491611548941224
Mettl18,-0.23977225558220905,0.30379426253750896,-0.07519777887191337
Mettl2,0.1927745937316061,0.3410017504545175,-0.46202878818726756
Mettl21a,-0.21006292766483758,-0.9117702643768446,0.6111744638319636
Mettl22,-0.3473271562391118,0.14796306375238322,0.00677455261915938
Mettl23,0.060449430650703295,-0.762271925175432,-0.15791479354423732
Mettl25,-0.016717791247116143,-0.29379402252906783,-0.10121691160756585
Mettl25b,-0.3264673420716995,-0.5309930266424328,0.7822264058618367
Mettl26,-0.35306999569754094,-0.2462866903254195,-0.4556331976406307
Mettl27,-0.4596729704766447,-2.715286585966532,1.1654766107326848
Mettl3,0.24808658052898291,0.41988023563541343,-0.09641436328600417
Mettl4,-0.2996574844263913,0.05723771625925167,-0.2686241243697629
Mettl5,0.20028902091799594,-0.3110822171942278,0.41650812413314187
Mettl6,-0.1469667740853975,-0.014527510267546617,0.32216724256680784
Mettl8,-0.003521091906129037,-0.22651102206696594,0.3634423878750548
Mettl9,-0.005859091672288486,-0.6088131518966025,0.35368997903360544
Mex3a,1.1642512625574377,-0.831712845193358,0.047469824889085466
Mex3b,0.7567917341008057,0.701403874642136,1.5156151210825324
Mex3c,0.40384744287244345,-0.12107202869021982,-0.7935129569845669
Mex3d,0.5771151483113925,-0.3803321917588267,-0.048699083148111555
Mfap1a,-0.2980601816649333,-0.1558044240519294,-0.023475949569107257
Mfap1b,-0.34740093384164794,-0.3303574216961991,0.5802371021688257
Mfap3,-0.43633356140585633,0.21749278261845184,-0.6896625200275945
Mfap3l,0.04404984364937148,0.15355063211008946,0.10999305947038107
Mff,-0.1320304617809045,-0.37434772873032784,0.10510472352912714
Mfge8,1.2811618793213766,-0.40418766840504095,0.4944802445015961
Mfhas1,0.09329467383322765,0.1329697530710945,0.96863448772576
Mfn1,-0.30509580076417464,-0.3038473627728191,-0.1614102317130337
Mfn2,-0.11157839600870112,0.22830646188180914,0.05421833478668425
Mfsd1,-0.8036473573477556,-0.5795423576074912,-0.5414356448335056
Mfsd10,-0.1313094664456136,1.7368723149801069,0.2895023881620027
Mfsd11,-0.5679152381103094,-0.2090444623863501,-0.06009549129426528
Mfsd12,-0.6288834966407069,-0.19554128432783502,-0.22005394448868065
Mfsd13a,-0.25366506751948315,-0.5125918953315645,-0.6271920084275235
Mfsd14a,-0.5644126293141554,-0.20495598528665226,-0.5594581623429331
Mfsd14b,-0.05454182301161925,-0.15963287623326128,-0.8058151884472071
Mfsd2a,0.5112384524344824,0.7821597940460587,0.5545536506465039
Mfsd2b,0.015426700409006733,0.0312311087906868,0.82758903304091
Mfsd3,0.007438176754420045,-0.2451590204393974,-0.3407254863099247
Mfsd4a,-1.2090260848441128,-0.9240556907434225,-2.091121192909878
Mfsd4b3-ps,-1.171549760384312,-0.2589651357464452,-0.8158263456387274
Mfsd4b4,0.5116944443772196,-1.1630911503457904,0.6369326341951729
Mfsd5,0.12465361702896871,0.21414288513020718,0.114339417690001
Mfsd6,-1.0816813428186798,0.09070575974290573,-1.8077437188986103
Mfsd8,-0.6098035243935458,-0.56037518190358,-0.7768239367757375
Mfsd9,0.08199716843643867,-0.32947922718162487,-0.33047626965105176
Mga,0.02400189866318847,0.2395367102311905,0.027329888767257948
Mgarp,1.3600642530829001,-0.16970395847496306,0.22291952639631107
Mgat1,-0.18454165946149104,0.030703054399303653,-0.08841449168904258
Mgat2,0.16411674947303112,0.2739377612529159,-0.7239927474921641
Mgat3,-1.934949385025016,-1.1484916286842353,-1.1212158347999681
Mgat4a,-2.3417988300114807,-0.4219497815325792,-1.929216635687065
Mgat4b,0.28400826245556043,-0.14982403146210999,0.428922333992765
Mgat4c,-3.2945094397378956,1.2061400163504155,0.0
Mgat5,-0.5556351028743505,-0.3777683652707218,-0.7357434642406115
Mgll,0.3053349854666725,0.05126943773831016,1.9570529360773787
Mgme1,0.07797184030000981,0.27008606670673796,0.5576337441379353
Mgp,1.1502139650413108,-0.03168686258229505,3.976570238356611
Mgrn1,-0.6943622448814777,-0.23152305163300468,0.25279144072229176
Mgst1,-1.7366800246205312,0.24187608644073544,-1.7094836667599784
Mgst2,-2.336494686287143,-0.8765527337824599,0.39209531176640855
Mgst3,-0.6411793151422103,-1.0421711724127496,-0.12790785083825806
Mia2,-0.9712852278950308,-0.1970499908052279,-1.2648871044020709
Mia3,0.2546247550695311,-0.04194622797679948,-0.655830333558086
Mib1,0.2207194703494837,0.03331245087244383,-0.9776489744578702
Mib2,-0.8567944446874973,-0.23119251582508848,0.46001417613303364
Mical1,-0.07214406714546953,-0.649784213590066,-0.31468221669581187
Mical2,-0.053118429090909025,-0.2581090906741652,-0.7904016026907872
Mical3,0.5281661787955336,0.10926907535751429,0.5404040782701207
Micall1,1.0877551349502257,0.3513125879002459,0.31860878053216757
Micall2,1.6758056834709611,-0.813178150700232,0.6430184918599933
Micos10,-0.17618771524237076,-0.23109634375902477,0.7364701186379037
Micos13,-0.46512549174311424,-0.363719197924242,0.14103768632199465
Micu1,-0.5450760431600772,-0.2832898845752192,-0.3649229029813723
Micu2,-1.2941099850716213,-1.3278352832644282,-0.7483330960125603
Micu3,0.39578899481432384,-0.10123252350987144,0.0657953952570236
Mid1,0.7367015720178287,-0.27620013060225324,0.29589774292144266
Mid1-ps1,0.45778253798143,-0.07812629853451258,0.5730754309543948
Mid1ip1,-0.460730135563602,-0.3216570674167496,0.012253330224158532
Mid2,1.2420481506586796,-0.3835203124123896,-0.7987182625673199
Mideas,0.2734905266067029,0.8095082499003432,-0.5450024053724762
Midn,0.13208896448299168,-0.0035234563339043845,-0.447850351446351
Mief1,-0.024610582562946348,-0.034673280705138865,-0.13192075827320515
Mief2,-0.22555525535652832,-0.11762500335844539,-0.0641798038653536
Mien1,-0.6601704275076812,-0.2418476775885683,-0.4803698806475025
Mier1,0.08182617085764399,0.18108908602106943,0.13330588034015722
Mier2,0.2506620601625027,0.41827406233579545,0.32409541550778975
Mier3,0.8114213544782927,0.26088398578873395,-0.42040458375098755
Mif,0.10414361835217711,-0.760823531683819,0.5115039903638667
Mif-ps3,-0.3998909593599316,-0.07709561949583921,0.021377285290508308
Mif-ps6,-0.10545157978794961,-0.08883302266124093,0.23626493606429932
Mif4gd,-0.23286643043989308,-0.0026212239015634964,-0.7640571844493502
Miga1,0.4992426926050104,-0.2611932619743702,0.09705432838887562
Miga2,-0.15921717892299903,-0.1336054224832015,0.09117998832270313
Miip,-0.09411777096887342,-0.5426762167041241,1.2487654306766354
Mill2,0.026673918626486826,-0.023950916656629295,-0.7558440800856947
Mindy1,-1.1442530767888153,-0.2702005215183645,-0.6985359237596791
Mindy2,0.1451594973217638,-1.2270168074980758,-0.7393241500124432
Mindy3,0.09865098194526656,0.4172078463283606,-0.010918495151820196
Mindy4,0.6499682207505835,-0.4828392230748777,0.3657499161949471
Mink1,-0.806071869304942,0.012406842635234838,-0.4074124995286095
Minpp1,-0.20611227162399537,-0.0165704913963296,-0.3928594566413697
Mios,0.6588229926087452,0.4085143519252865,0.1956762281355635
Mipep,-0.10571602576328054,-0.044348959534318055,-0.4118304098448444
Mipol1,1.1777350278199288,0.18153730373386834,-0.12599489044209555
Mir100hg,1.361695016386816,0.31909448191172096,2.2313308387145847
Mir17hg,-0.14115426711843815,-0.02277805514245279,0.7781941369654204
Mir22hg,-0.037893787968525494,-0.022137008801560443,-0.40659797863736236
Mir5125,0.25009031714655816,-0.39475431293409335,0.8143582554439377
Mir6236,-0.2427544279705467,-0.615649289674983,0.906686446283647
Mir703,-0.6064272769483152,-0.22816214541947555,0.24549923382582595
Mir7688,0.6251149338733041,-0.08658524572264259,0.6446339487598232
Mir99ahg,0.15586849591256846,0.10904865251356788,1.4382990464360863
Mirt1,0.42877660618891467,0.9961870058674509,0.603204484005242
Mis12,0.29040248930653334,0.2469539307688544,0.3800377858522914
Mis18a,-0.1976016221408834,-0.0016469159158134516,0.6043212821748001
Mis18bp1,0.44081215129549234,-0.22772418785261817,0.8382988752621863
Misp,-1.9299445404127162,-0.02399990397529006,-2.0908963342417195
Misp3,-1.5356274889861656,1.4442765541259808,2.2587280190281143
Mitd1,-0.5469622806361545,-0.6892523211792354,0.5749014759036464
Mitf,0.9007132359070851,0.02631763641212818,1.5531326937532843
Mix23,-0.6574714904848094,-0.08048733041442002,0.33449047412093247
Mki67,0.6244209691603224,-0.21847646489242756,1.1354984821818093
Mkks,0.018975232396156283,-0.04027160124610418,0.5781563094782562
Mkln1,0.32756349355734216,0.44785823212721176,-0.42999172864640034
Mknk1,0.2863893700309714,-0.13086111080837526,0.5437651629787332
Mknk2,-0.646988903522093,-0.8316741075438348,-0.38286589817968597
Mkrn1,-0.37194064018123374,0.09474097169782958,-0.8545555173861681
Mkrn2,0.5286875491654941,0.27092389477145407,-0.17990792515073206
Mkrn2os,-1.5849287162745667,-0.7648004622860138,-1.801986282710026
Mks1,-0.08503634691776152,-1.0662366574621227,-0.2741839315532908
Mkx,2.248332293466702,0.06752541010337909,0.4719704011254169
Mlec,-0.4989107005955926,-0.5241218603166473,-0.5442094764366425
Mlf1,0.04053882827665811,-0.23107739603095168,-0.02855597984970754
Mlf2,0.5838058037469711,0.06931654971188195,-0.1578282317731734
Mlh1,0.14539871595229048,-0.3938115110333573,-0.25148200603007176
Mlh3,1.0078058091788424,-0.06724905622434996,0.1504607621531342
Mlkl,0.8438693895748663,0.48807371067984384,0.8330730989396535
Mllt1,0.3890899710945366,-0.200260914469494,0.41286186816927817
Mllt10,0.11928306061684513,-0.013803846154785582,0.23224356806100754
Mllt11,0.6875249520163096,-0.39578197149740335,0.9186547409359358
Mllt3,0.2055609299243475,-0.21887454237276494,0.021871691793585946
Mllt6,-0.19158202335041974,0.04750496011860239,-0.28451550518202584
Mlph,-1.0931382776207927,-0.12066373906122951,-1.7374996774120772
Mlst8,0.11064771152556263,0.6219381682785152,-0.523773723309827
Mlx,-0.15658563469494702,0.0980625595086817,-0.27250696475496916
Mlxip,-0.04540513152572068,-0.39304590233437775,0.04490277746750859
Mlycd,-1.037117439073493,-0.6986501913905383,-0.7503732232130966
Mmaa,-0.4229464478549452,-0.4250313238009191,0.8767783417663733
Mmab,-1.0626673960689068,-1.8197209849763154,-0.526613461865967
Mmachc,-0.49968001130840634,0.4258915483369323,0.011223939788750581
Mmadhc,0.056505897495592095,-0.18028320883811677,0.4387297117605202
Mmd,1.0198973836102034,-0.7295502907583478,2.005208035329421
Mme,-0.07110256155576122,-0.6035375477000258,-0.006836675245551704
Mmgt1,0.26695238539218114,0.001886966957222569,-0.35685012161906915
Mmgt2,-0.6244064654416706,-0.07569122927779226,-0.03205265419138037
Mmp10,4.1905295195093935,0.05306091783946399,-0.09163898892699085
Mmp11,1.9258808571575825,-1.945116985282067,1.3617199765339922
Mmp13,3.0599549593331714,0.8083590918030046,-0.7656170653239842
Mmp14,0.3683950597087584,-0.0762656314299015,0.06295706691738268
Mmp15,-2.0872541345626923,-0.605339028910227,-3.274462786235146
Mmp16,2.864922245288471,0.0,0.0
Mmp19,1.5895674176175631,0.1686703521704257,2.444949581311299
Mmp2,4.441538346201353,0.0,0.22871755857595785
Mmp23,-0.22687012559090336,-0.17011980383224912,0.5332393705893289
Mmp24,-0.32851356709336493,0.657933396998412,-0.26935203543888064
Mmp24os1,0.1544180596721505,0.12028844348036749,-0.013531749494635648
Mmp28,-1.7139313377901502,0.09822143506626091,-1.051042515574201
Mmp3,9.702768830489502,0.0,1.349871746014585
Mms19,0.15753023905748176,-0.3061862900643737,0.1296372233508789
Mms22l,0.6914777711089419,0.5356390348178062,1.0804853073748077
Mmut,-0.45513925251543075,-0.4241879396420174,-0.11044799863697019
Mnat1,0.22958082994985052,-0.415486939429762,-0.2300430770581059
Mnd1,0.10031545378748641,-0.5869214538861884,0.6863012763680771
Mndal,0.09432816697940982,-0.48981543766768154,0.4751862066077465
Mns1,0.9196727692688773,0.027053751448601115,1.8362737890731025
Mnt,-0.49362860732361113,-0.17052946915707867,-0.5402931470095256
Mob1a,0.48569096985993543,0.4088438470731246,-0.6823831268630762
Mob1b,-0.32157788070112847,-0.07812918502133925,-0.6053747094448569
Mob2,-0.6740684861584363,0.06608748745017667,0.4614710707927232
Mob3a,-0.16686590105415888,-0.24857046680276884,-0.25455455076160227
Mob3b,0.06583736742027657,-0.44768331778276416,-0.9007783139714469
Mob3c,-0.061008072508667244,0.034393351577141296,0.003778420463883325
Mob4,-0.13046220282216847,-0.04608618750616955,0.5672801490015935
Mocos,-0.5342892444818106,0.15867509370528454,-0.8680492115682341
Mocs1,-0.3862597994638639,0.04409751283742658,-0.45107908281238096
Mocs2,-0.07866727622999647,-0.19557062456121344,0.1717960722253249
Mocs3,-0.3779469306435952,-0.3217180090094365,-0.2063968736314008
Mogat2,-1.4516876838795134,0.8815802800169505,-1.9806441884407264
Mogs,0.6514260596586761,0.4308758477989292,-0.07435531541251983
Mok,0.6500599598069838,-0.35812653580982956,0.5953669928965519
Mon1a,-0.47164756656454676,-0.22729427640136413,-0.1747952162625075
Mon1b,-0.1303478843478958,0.3424430586346503,-0.4550976899840604
Mon2,-0.1988770533757629,0.1450272188531514,-0.418467002088029
Morc2a,-0.19732346752599383,0.5339911105194224,0.5565716858405017
Morc3,-0.3839940290919408,0.24636306327353363,-0.1930544705555164
Morc4,1.5283454399121092,-0.9394179180589264,1.5771920502616839
Morf4l1,0.16472751739507352,-0.15693623983894334,-0.44822684607349217
Morf4l1-ps1,-0.16969051984033667,-0.17215319828377407,-0.29646603456421383
Morf4l2,0.34819322055162605,-0.27108910738753256,0.07661246931030519
Morn1,0.1255706128819205,-0.08754305779047489,-0.8449969649344014
Morn2,0.05081100816383444,-0.10780463947670205,0.8955852837167106
Morrbid,0.4019167238293546,0.21199806912722874,1.2788930766422517
Mosmo,0.6771506298488563,0.28525190605121864,0.7850758721239619
Mospd1,-0.7034007457028824,-0.7060038920721685,-0.5131332695052753
Mospd2,-0.9219073700648792,-0.4771110962776399,-1.097617384541305
Mospd3,0.5672894866982512,-0.3284166979573362,0.04580701465874526
Mov10,-0.7504445988631128,-1.6311927261923551,0.18565055804536446
Mpc1,-0.3130264673877379,0.0709521410647378,0.3161292032928452
Mpc1-ps,-0.318883491447161,0.09488928223140869,-0.06507894910113121
Mpc2,-0.04154709508790955,-0.4644855158090557,0.46402268842536376
Mpdu1,-0.353093189885489,-0.04343635148782621,-0.04651532882870324
Mpdz,0.8772920226037506,-0.2657043758674167,0.02036100371846706
Mpg,0.1373164075584663,0.09854420758227578,0.3714351900315789
Mphosph10,0.21428734093080415,0.6133535618273873,0.43651308299072333
Mphosph6,-0.07270545552160179,0.2494763036516794,0.4805836675608788
Mphosph8,0.4932391331034891,0.230684945520637,-0.9486280748770621
Mphosph9,-0.00017865888561185983,-0.4693102214644167,0.4411923406628002
Mpi,-0.03705121016440582,-0.13251570089342657,-0.5019957742904193
Mplkip,0.05308380929469081,-0.509703013887929,0.07073544803307019
Mpnd,0.3712416642009231,-0.9309539185745734,0.46210876023237724
Mpp1,-1.21795299448506,-0.99711480447864,-0.3099482025282976
Mpp2,-0.6843546279924748,0.350704543348904,-0.46971647942818473
Mpp7,-0.7124887031609197,-0.27475541042356966,-1.8857957707922597
Mppe1,-1.0491957644115741,0.08854029624127158,-1.694012168468467
Mprip,0.3965466801010802,0.3093986448064072,0.4560336971916499
Mpst,-0.2123489416971287,-0.7759422092094024,0.2703346456402329
Mpv17,-1.1183532096691708,-0.8772940338666855,-0.05723105987078636
Mpv17l,0.41117990573581054,-0.21121470459532432,1.060750171336247
Mpv17l2,-0.5009577803429579,-0.21557897683873062,-0.21167417419601708
Mpzl1,0.6864472970480406,-0.5863328653262547,1.098160549688858
Mpzl2,-1.076549273247533,1.005526685122673,-1.725792746642571
Mpzl3,-1.0805404314170555,0.28521727268656605,-1.196417044787124
Mr1,0.10987464687889004,-0.04975940790327036,0.6913391630805594
Mras,-1.3943323259822353,-0.2898883060606292,0.8810183258516613
Mrc1,-0.26068387162295625,-0.8098349916469942,-0.37822901513275564
Mrc2,4.059491688511441,0.03747517883846205,0.23561711350018438
Mre11a,0.8020404575985891,-0.07063806253444227,0.24536475304879168
Mreg,-0.09921840726623765,0.49672809968355824,2.1957434775532123
Mrfap1,0.2384105479781482,-0.3888509657369479,0.1706709839666125
Mrgbp,-0.062195693345007186,0.18043167252256875,0.3201194550470756
Mrgpre,-0.4164246445945161,-0.12293933703300608,0.2183559305033813
Mrgprf,0.1687588956854467,0.0,2.020941238976344
Mri1,0.19303060452848086,-0.15027400231986832,-0.15389991344067866
Mrip-ps,0.34498226385826314,0.43950935449915285,-0.3100185584351042
Mrm1,0.11168338123783439,0.020584415858281968,0.04606368745949663
Mrm2,0.5841752131857705,-0.5306840829015278,0.33700220931451375
Mrm3,-0.07588430470203722,0.4002135474787134,0.5055236735106767
Mrnip,0.2369940835758757,-0.24473716574350668,0.2618340546335449
Mroh1,-0.4703083224711122,-0.49832740640865936,-0.29206465077165955
Mroh2a,0.4112798334860561,-0.032299502166776684,1.0256483550471853
Mroh3,-0.77602664057777,-0.1332517555004502,-0.4565749946829447
Mrpl1,-0.39825683110779764,-0.30329400949348795,0.557961477730955
Mrpl10,-0.0940555174200357,0.10087462350089726,-0.1815652130237968
Mrpl11,-0.0016553746168108674,-0.12268111454912756,-0.2736341651281826
Mrpl12,-0.05795267560277306,0.15128644067452424,0.2999248400613608
Mrpl13,0.11434846368754581,-0.38248982210998417,1.0249488701093048
Mrpl14,-0.027028554385810644,-0.22158702691047427,0.6563067384520824
Mrpl15,-0.21318451234559355,-0.07149152159624972,0.15476683341790576
Mrpl16,-0.3091685507230606,-0.18769099348577978,-0.3472526480576228
Mrpl17,-0.11992653633390393,0.0690278723036073,0.3539118480306831
Mrpl18,0.17081817455628823,0.11253407335824228,0.3169374396345441
Mrpl19,0.5861187333458506,0.5256576282966581,-0.0008819128222965489
Mrpl2,0.008395585264267424,-0.06478552945610438,0.45048407722780315
Mrpl20,0.07707420771623053,-0.06948564751610409,0.8204440525930812
Mrpl21,-0.4062155538862351,-0.21777588031802342,-0.008223971797524321
Mrpl22,-0.16046386709002558,0.04426730108944632,0.30058500991789217
Mrpl23,-0.2717584697251185,-0.06622832773135379,0.28031515098146453
Mrpl23-ps1,-0.20129517350509085,0.06656584200781068,0.36321491592336075
Mrpl24,-0.5839115681945986,-0.666007118628702,0.09009183600116177
Mrpl27,-0.20942143881011255,-0.24080180114263694,0.8907253227920169
Mrpl28,0.11015715148166283,-0.31660955900114907,0.40108751833094214
Mrpl3,0.27895490347635743,-0.0453751603153556,-0.0946038873343813
Mrpl30,-0.2722336077335479,-0.5008699647767729,0.21102375017264663
Mrpl32,-0.1912130525361162,-0.29159151111682124,0.36379366416221615
Mrpl33,-0.43603968637489343,-0.1965968229405224,1.07483428332315
Mrpl34,-0.40541951249658403,-0.2800561452220842,0.570831713485096
Mrpl35,0.3757037238769332,0.40994906152204447,0.061372404747571885
Mrpl36,-0.4152769366486462,-0.03806813502311179,-0.3054526299667204
Mrpl37,-0.007437885487988183,0.34688502890196027,0.49683617387175616
Mrpl38,-0.07180264027106009,0.26348746031854375,0.261663722368219
Mrpl39,-0.6615171355034448,0.15016164267093401,0.08168852590571518
Mrpl4,0.47048377216788584,-0.2913328899038623,0.2637785859602486
Mrpl40,-0.6420748025468122,-0.3627310623348947,0.45601495150768656
Mrpl41,0.011123748529846544,-0.12202332752369927,0.5087778263504239
Mrpl42,-0.15910659258406756,-0.27269319319411967,0.6019621122321341
Mrpl43,-0.4484835085638159,-0.19913940777487582,-0.0041489362616227154
Mrpl44,-0.24617441974360954,-0.05359702165644187,0.41563392568146806
Mrpl45,-0.28537054486371627,-0.18127912638461208,-0.005744252629607871
Mrpl46,-0.1924382704886245,0.3354195823645476,0.12514293958789047
Mrpl47,-0.3772654028398108,-0.0090753039289595,0.5371333558758753
Mrpl48,-0.2609596035311119,0.27945006031336206,0.034534553299873316
Mrpl49,-0.006322853955637697,-0.3002551124509596,0.1865364647998895
Mrpl50,-0.877542792505646,-0.35447077268572436,-0.2612052339236888
Mrpl51,0.3137258823661222,0.13541359999767977,0.3010639634955563
Mrpl52,0.30200419615876584,0.2712726074456473,0.3299394860327851
Mrpl54,-0.25381194937767315,-0.5346168425747786,0.8079083235333924
Mrpl55,-0.005734759817629609,-0.05533619242837773,0.2313672916395264
Mrpl57,-0.07258029748446937,-0.045045490031469626,0.49132791760149264
Mrpl58,0.002964834507942271,0.14225954634699356,0.7661910496395077
Mrpl9,-0.4012520830191191,-0.266158130848801,0.1671064555782369
Mrps10,0.007573571694185155,0.14855727156001564,0.260310599500194
Mrps11,-0.22342441099250276,0.09331190900119068,0.6173223094046132
Mrps12,-0.40876063957277964,-0.04115203011131907,-0.007528838124422066
Mrps14,-0.3096712328330753,-0.43911664892719404,0.4085563370004168
Mrps15,0.0868373610267783,0.05934206779142759,0.6076187214018107
Mrps16,0.26952724250646654,0.08232303974034849,0.32774831528908255
Mrps17,-0.36797747331832387,-0.5433151647364873,0.41960790310511964
Mrps18a,-0.050897186161544816,0.091940561449535,0.4480473167287746
Mrps18b,-0.05584399350934888,0.5522428610124628,-0.01773303636192569
Mrps18c,-0.15213021282691663,-0.6332734912118894,0.43253843995612096
Mrps2,0.12569987900895008,0.06484781511988658,0.3968938444682397
Mrps21,-0.48812933282446025,-0.6564252350926472,0.287495724185999
Mrps22,0.3365842591479318,-0.11888824056559422,0.5796754608552765
Mrps23,-0.15784336819477218,0.22881287334073086,-0.05175744877847688
Mrps24,0.07047386879395834,-0.2537647995666923,0.14689502995409143
Mrps25,0.3709908008556031,0.024502477400234035,0.44788919810626204
Mrps26,-0.26432074311711773,-0.19995741862415883,0.7167241670020772
Mrps27,-0.12046028095587058,-0.1595167644392843,-0.1702069436312863
Mrps28,-0.28420855161725456,-0.3722410660747997,0.3650854037156819
Mrps30,0.12802979772974865,0.05592941469543078,0.17828113631013487
Mrps31,-0.3206438236483953,0.10843002672693736,0.173870962517662
Mrps33,0.10227267389610528,-0.11829304137218877,0.030796158537654605
Mrps34,-0.23945844769240487,0.05127043744401849,0.06890934991094166
Mrps35,-0.4576495099890776,-0.03966840549172801,0.09328022016251314
Mrps36,-0.09029851277336753,-0.37371002400816433,0.03905717184262425
Mrps5,0.09369632716954257,0.15413433955913014,0.4230467412183758
Mrps6,-0.4305975130322217,-0.4067831076116164,0.8431772421388022
Mrps7,0.002726286507264142,0.14279471384368758,0.4188034099074436
Mrps9,0.2197819888784549,-0.26909376730249956,0.47579254905783586
Mrrf,-0.449367907786864,-0.1459123148943373,0.287342265771553
Mrs2,0.17191367303192528,0.31856384366888335,-0.2924162303535711
Mrtfa,-0.34105213304744275,0.038630661076510364,0.4085398129248903
Mrtfb,-0.4235547155955315,-0.3192551543098405,-0.3732232584162887
Mrto4,0.467211930201179,0.4030700731525574,0.9999590716051685
Mrto4-ps1,0.12702236693293967,0.31153501138970885,0.33907433616553456
Ms4a4d,0.18267374659632565,0.0,-2.6954025215617317
Ms4a8a,-2.535752474770232,-0.2539655154545488,-1.9674910865279411
Msantd2,0.6403728942315694,0.12616055693991068,1.0386857019356417
Msantd3,2.0465650464906244,-0.5439870090826968,1.460961364770386
Msantd4,-0.4116093388161417,-0.3865374675364599,-0.5107300594164421
Msantd7,-0.1342453247668951,-0.002257369912070928,0.8814310575402032
Msh2,0.3058502062976167,-0.09884792012150889,0.12335349240207183
Msh3,0.3339588890517562,0.15205843032124022,0.3962859997163646
Msh5,-0.12513710039210157,0.17775505962481608,-0.24311417151111536
Msh6,0.5103691793944654,0.25615505950317985,0.0865812364279348
Msi1,-0.3956397705967219,0.2566847613186696,0.743853069045936
Msi2,-0.26379437075073486,0.268760522410993,-0.5757695793580062
Msl1,0.1286092961049281,0.09431448764017958,-0.19626705256015953
Msl2,0.17501024535076937,0.14240924480137274,-0.13777715754218978
Msl3,0.7527444237908814,-0.3389484306535273,0.2655295821150965
Msln,-2.341076853035763,-1.1520247941596313,-0.8876690523086204
Msmo1,-1.4220539474557876,-1.2762674171226918,-1.6728897548122585
Msn,0.9894063847815566,0.17059008084499006,0.641677845042727
Msra,0.005068237015762644,-0.2826255834746969,-1.6927389003028206
Msrb1,-0.26353970386403436,-0.31057702756938177,-0.2178370940751222
Msrb2,-1.1499587918684209,-1.6482438579852707,0.7480296994385408
Msrb3,1.8141397030194963,1.620063320250018,1.1794157362272186
Mss51,0.30477609309677856,-0.08006138981765243,0.37600797722433543
Mst1r,-1.0539674535151407,1.0262282472363253,-1.8360290529939638
Msto1,-0.28411899923154227,-0.6489917634478459,0.30254050457293413
Mt1,0.40403407499590394,-0.06373252473032398,1.3100499516090913
Mt3,0.31470392355090837,-0.2769257012771913,0.04920942945876393
Mta1,0.41008683415060077,-0.5910914391337405,0.3977451036303208
Mta2,-0.023119634219368912,0.07345623729278916,-0.17569910218804097
Mta3,0.0851321317170175,-1.7655185052232096,0.6985176363806787
Mtap,0.1428009146287259,-0.09319697288131223,0.3981929739458252
Mtarc2,-0.8162558630760062,-0.5457894475377589,-0.1865969818844384
Mtbp,0.5275426435936659,0.2541145601042709,0.8367345670070963
Mtch1,0.3500101845291681,-0.6800898656448036,0.20593504081917224
Mtch2,-0.8770094781523596,-0.022192439908403472,0.19705851029060018
Mtcl1,0.2492200630883401,0.2057705105147063,-0.764016716736017
Mtcp1,0.0076111154067738385,-0.18668057862768928,0.2890305144083779
Mtdh,0.2733724705454543,0.026709607788811596,0.1961113819434832
Mterf1a,2.4472622190170226,2.323937601163814,0.2893818656061582
Mterf1b,1.8678803378323015,0.7306335918030342,0.9024208327290515
Mterf2,-0.9913605101872467,-0.6351634613302208,0.2665209367860799
Mterf3,0.26494889038795755,-0.3396521003795523,-0.07537172372420375
Mterf4,-0.3287976630981855,-0.38995275860240364,0.30139155324650124
Mtf1,-0.11109516282022547,0.4585094193475099,0.5122653626304063
Mtf2,-0.03713185097896243,-0.41145611470581134,0.3216282424380399
Mtfmt,0.24838883795280609,-0.176118538903987,0.17487434801215684
Mtfp1,0.9126588145726044,0.5053504464846759,-0.01878132833028756
Mtfr1,-0.30404154944155604,-0.3875630342557237,-0.08723976903325514
Mtfr1l,0.17167710087319143,-0.10933430380865872,0.2853848299481614
Mtfr2,0.6241945568280043,0.061878352952239535,0.839397338603058
Mtg1,-0.17760983203252767,-0.12266439467035184,-0.06901253315597078
Mtg2,0.004350428200172729,-0.1606078764610488,0.4687860328255695
Mthfd1,0.060042955461473646,0.15221689736471955,-0.172385201704504
Mthfd1l,0.773923616028906,0.32722657370704056,0.010217829840241777
Mthfd2,0.8162382681785294,0.5714627597734863,0.32711509887811197
Mthfd2l,0.40349835949997326,-0.7266609158428201,0.719995902685814
Mthfr,-0.31197626437469506,-0.3197642363243389,0.5163660410349387
Mthfs,-0.10809373078141415,-0.8520393531792714,0.23411759082931183
Mthfsd,0.19594818230322364,-0.1530534428457675,1.0610800131231475
Mthfsl,-0.10365123203028492,-0.6380010385009496,0.34563736776269494
Mtif2,-0.09737937227455884,-0.047205910315564203,0.12478602148422269
Mtif3,0.6018486146725981,-0.40249937962211035,-0.18298117180290951
Mtln,-0.28145689156034237,-0.6906920950713817,0.5183861795999256
Mtm1,-1.313489138676902,-0.6528107142171988,-0.7977314780439966
Mtmr1,0.19522266805930366,0.032468770113232015,-0.1229281714412136
Mtmr10,0.2818837797340592,0.6688477808507072,-0.47869659910600326
Mtmr11,-1.0722782248743417,-1.5181319796048895,-0.7936079039501456
Mtmr12,0.2615653607698345,-0.0358037186586877,-0.18847399316591584
Mtmr14,0.35318889594295033,-0.005871988401239037,-0.12056694661508871
Mtmr2,0.3789320482471341,0.19947581699558192,-0.29110631330145065
Mtmr3,-0.22227332083811557,-0.2845017408587944,-0.054387380791386164
Mtmr4,0.24038595142429653,0.1845084719475505,-0.13346039041293523
Mtmr6,0.02075900975668432,-0.02027566566290151,-1.2392669841312678
Mtmr7,-0.11375881469786187,0.3228381526288304,-1.3279642116408636
Mtmr9,0.42260426813399743,0.3846378886369921,-0.5770818259417556
Mto1,0.2557181609579722,-0.13958345386875326,-0.1038452213243648
Mtor,0.036791436596866234,0.21193828368349443,-0.5513154297461753
Mtpap,-0.08872426648953446,-0.048642561511874405,-0.26327612944217904
Mtpn,0.5491012055913327,0.2952970884761168,-0.6435474282089295
Mtr,0.2621131397255332,0.6242435971656954,0.06220209851639247
Mtres1,-0.42245079016764375,-0.44503123854387194,0.5384354401010945
Mtrex,0.4330876538099293,0.41593258969671965,-0.5869332814411319
Mtrf1,-0.09904027879586375,0.07710415807906079,-0.26713865912296253
Mtrf1l,-0.03288588739979881,-0.0999267806035844,0.2465101931318241
Mtrfr,-0.28102462775248593,-0.5999143393141613,0.09997565301702327
Mtrr,-0.3761093974770633,0.13633692613434434,-0.09978631033039331
Mtss1,-0.5031142323404758,-1.0279150295727257,-1.1202705606315773
Mtss2,2.7131477615715998,-0.38512277450372556,3.096523881532108
Mttp,0.6359353713169695,-0.2502526332243873,0.356560548002951
Mturn,-1.9316754602584865,-1.6785838323333222,-0.18210475753176114
Mtus1,-1.8268460042998074,0.05080314957462928,-1.3327378380007784
Mtus2,0.03747984552347973,-1.2900364304325285,0.5159067491658416
Mtx1,-0.3559646232112472,-0.29958791252597905,0.5802097574930558
Mtx2,0.2786108195264365,-0.08671551513452513,0.2540604061706322
Mtx3,-0.41187136270285185,0.08378720631307246,0.5591146467622532
Muc1,-3.4167728407892053,-0.16459804738928696,-2.54729763730444
Muc13,-3.2867237992550633,-0.91199094138504,0.0684155923511463
Muc3a,-3.111340807182003,0.5801054764147202,0.0
Muc5ac,3.7774829132851493,5.887432430241622,-3.6471172346676384
Muc5b,3.0778995106478,2.048184869696679,-3.84013523776562
Mucl3,0.6048335776651972,2.6851729717123565,-2.131429295824047
Mul1,0.022155936033342982,0.24392952900227005,0.33634216242668735
Mus81,0.12365763600121316,-0.09594581851878337,0.6494049325679883
Mustn1,0.23799787159251062,0.10444785491369299,1.9797399010038828
Mutyh,0.5849031305591919,-0.2938115378669304,1.5552711959531096
Mvb12a,0.14814957822185715,0.2274264716690899,-0.05467900126827363
Mvb12b,3.750754287068778,-1.2429669788610904,2.712498613181556
Mvd,-1.7883893152826777,-1.9165177292615008,-2.023085230330384
Mvk,-1.1298393779432514,-1.6552257472325307,-0.5538409205491295
Mvp,-1.1595406778388755,-0.006384099709762836,-0.39255011528354267
Mx1,-1.0091924563103014,0.7204295961199546,-0.7301299311377194
Mxd1,-0.7878128712571315,-0.14915545647224437,-1.0057352641346404
Mxd3,1.2842448124609307,-0.1742772895683622,2.048635298111226
Mxd4,-1.5610103946783083,-2.470611804838781,-1.1316815362259183
Mxi1,-0.004296634369731933,-0.8640882141855535,-0.6917253799830547
Mxra7,2.409544719191196,-0.1421141344776372,1.5813148446873937
Mxra8,-0.1890389079768635,0.6560204460417371,4.926468057264184
Mybbp1a,0.37259749123409236,0.7308479207367125,0.4242547705082309
Mybl1,1.18662245583757,0.02313028540194839,0.8871097528965224
Mybl2,1.1142613679549278,0.2536570230530062,1.4335588894451323
Myc,-0.5719779247301275,0.15942568882074593,0.13058461632386198
Mycbp,-0.031268769031309596,-0.042203022918851474,0.1463789271716962
Mycbp2,0.3307086097518157,0.7137428729404052,-1.01142384756524
Mycbpap,-0.5120550195947352,0.23171602990938034,-0.05542587329927895
Mycl,0.4905584625324395,0.31808372069716206,1.0783687112106866
Mycn,-1.6224675202443146,0.4800428482339063,-1.7455619964299467
Myd88,-0.08632394087790107,-0.1759804303391581,0.4257772226180512
Mydgf,0.24716876050552372,0.045690904046860936,-0.021730327360791613
Myef2,0.5978635441609823,0.18284482567732852,0.4431762741915337
Myef2l,0.6092236278953669,0.4455538487763482,-0.2513954065665125
Myg1,0.08109137868837912,-0.10554928088909321,0.7067786060366847
Myh10,3.0906448761338368,-0.6379719492985361,0.40684768679920924
Myh14,-4.064144448814689,-0.894085976479218,-2.9375586677396317
Myh9,0.189078101765233,-0.13096887723948214,0.45975868554327626
Myl12a,0.6388234370091519,-0.11556935962379455,0.9781425778723261
Myl12b,-0.8752411879005269,-0.4818245780784767,0.37318107951578816
Myl6,-0.5532782323963392,-0.2899374883002146,0.05349776436204223
Myl6b,0.489499569795643,-0.31382416424066983,0.3969183356191843
Myl7,-0.7585176883514475,0.6836157343125757,1.2845527711960818
Mylk,-3.222870560759341,0.8225293786289891,0.2925005566010066
Mylk3,-1.1882446166429212,-0.6410976972386296,0.13694555187891738
Mylpf,-0.03686946521809453,-0.30641950019285913,-0.7697780937167666
Mynn,-0.4190835500574934,-0.1810547758458192,-0.05631731766883519
Myo10,0.7626724121311392,0.0924223425047348,0.5515772633752958
Myo15b,-1.577398108408814,-0.08557714213027179,-2.150370432933938
Myo16,-0.13180318297813054,-0.1175602453676417,0.11274888761452612
Myo18a,-0.2800986233414511,-0.07236035226292703,-0.17225406828788792
Myo19,-0.13645248664196252,0.42563802737254797,0.02869210372827391
Myo1a,-1.5662093122787983,-0.036987568736190246,-1.685887589570184
Myo1b,1.9101286727726827,-1.3972575101054643,0.905526993395422
Myo1c,-0.07734154191360787,0.18923403774199166,-0.3121831733899496
Myo1d,-2.2228953750225706,0.11535030022470405,-2.3593800743124564
Myo1e,-0.5337928241126431,-0.2240684431470159,-0.6849548251842315
Myo1h,-0.1143504480727342,-0.6950282441946694,0.8542336636676007
Myo5a,0.5819452080122218,0.09079611416416355,-0.26136714847353026
Myo5b,-0.5039282744076017,0.9038595276275867,-2.6938528602327367
Myo5c,-0.982899558447528,0.05383559779826452,-2.1548824840139775
Myo6,-1.5741933222721691,-0.9575872432888666,-2.126656863297103
Myo7a,-0.1255709703406085,0.11077331620337905,0.13624894823804024
Myo7b,-2.371858907724085,-0.27134308416716113,-0.4616571931262623
Myo9a,0.6498842806995877,-0.3435020531882014,-0.5574116203566684
Myo9b,0.47215964708732194,0.25363549711545197,0.49743143951711044
Myof,-0.5890570848723122,-0.3323531110170279,-0.49491738795111395
Myom3,-1.3302857432968551,-0.7003795981516138,-1.4693778430471365
Myorg,-0.43307838230115614,-0.43982999801016964,-0.30385849680784016
Mypop,0.3295458139212375,0.10171975855046345,0.2180912316821324
Myrf,-1.8371876990766234,0.0811828050668435,-2.443630525692476
Mysm1,0.2538917828186391,0.1077701801254114,0.0857578508434278
Myzap,-1.2944171916615304,-0.04667782475966664,-1.1435075252074007
Mzf1,0.07624276809139996,-0.30266737228885077,0.39493383423944495
Mzt1,0.3312350806345181,0.10685297334321309,-0.4378523824272005
Mzt2,-0.782320613255548,-0.52618540166067,0.4134312009746628
N4bp1,-0.23427325898392581,0.15368054684171906,0.6702733813441561
N4bp2,-0.2711549012057568,-0.11000071575830761,-0.6606200751446631
N4bp2l1,1.403321129344104,-0.5561270181294145,2.2091112653944203
N4bp2l2,1.0568968274293677,-0.34063261261023925,0.2928574103294759
N4bp2os,0.657470393941059,-0.6235193326988718,0.9030674724405882
N4bp3,0.5147064971754944,1.2765989199178898,0.8830202062600239
N6amt1,-0.6320829934385417,-0.55610069581236,0.29340187827414876
Naa10,0.08282454628148539,-0.5361126155432077,1.3120874811393315
Naa12,-0.11924347216767206,-0.20515611220602725,-0.35316784253475575
Naa15,0.2511467044318261,0.09701600727286763,0.07309861449879396
Naa16,0.8246320957083002,0.5167142622450127,-0.8553893384201356
Naa20,0.44107787501645035,0.018445961022348634,0.9582161360168078
Naa25,0.286601623362877,0.1996908938945392,0.0293627922411126
Naa30,0.35524777573214106,0.37284992820116436,-0.6447216941890517
Naa35,0.08617751276770758,-0.14951012555387155,0.2177892125234564
Naa38,-0.30086080951927796,-0.07671636592108566,0.016496911879940512
Naa40,0.03281270298779493,0.3457180694572086,-0.10430383544692923
Naa50,-0.06573030859060225,0.3010083797988914,-0.0027471334343687204
Naa60,-0.7483871231986736,0.07352873764740053,-0.2930043277831884
Naa80,-0.22960990008838467,-0.7747942907087566,0.07158652417339617
Naaa,-1.703159678689608,-0.3106533104346898,0.4921321913396417
Naaladl1,-0.2857720947075978,0.07827218793855195,0.996982596756931
Nab1,-0.16819121412152338,0.44938322764679217,-0.011910649049103661
Nab2,1.0872819879992477,-0.0783794680402905,2.009332074384939
Nabp1,0.09578616998921063,0.2634223988924269,-0.4858689009052988
Nabp2,-0.4379415947502636,-0.39445716798345565,0.20541745994718497
Naca,0.02101653860593089,-0.35565493250446245,0.10355501427466329
Nacad,0.5281391744556828,0.38877953134990684,0.10985723340546727
Nacc1,0.6493184405836105,-0.025870980783401443,0.6133734454465385
Nacc2,0.42592417272624505,-0.8048999693700485,-0.16580909254865173
Nadk,-0.21364221422312646,0.5003220554588941,-0.5435212629732762
Nadk2,0.5125474169525344,-0.38258575844070997,-1.0875502022328982
Nadsyn1,-0.4466904492468826,0.1168403406437557,0.2552358281199538
Nae1,0.4780133592223752,0.10901158302316993,0.16629637524105068
Naf1,1.2071415439548243,0.6638989964006257,0.6201759916957972
Naga,-0.5111055820782999,-0.4445260882556141,-0.098617607360862
Nagk,-0.18948334430649538,-0.16803314197421715,-0.4881619786248379
Naglu,0.4828367315440083,-0.36981623983040013,-0.1829270352979604
Nagpa,-1.1434317762702095,0.16753427838966584,-0.5877468120032181
Naif1,0.42394309304691413,-0.37745857260826643,0.2610987113446628
Naip1,-1.0516090475274544,-1.179080615854604,-0.049770152027695434
Naip2,-1.5061767253561977,1.2676274370672864,-3.3778316320515462
Naip6,-0.6026184182678626,0.6555974790308412,-1.1867038711156594
Nalcn,-0.43414977949351496,-0.1277521396941692,-1.079202146625561
Nampt,0.1205388771671485,-0.28317408186217374,-1.0316048565046074
Nanos1,0.6949691490084584,-0.2827533099617989,-0.38374451691136713
Nans,0.29569412918682225,0.14206467957698976,0.4220302008433263
Nap1l1,0.24481146629500294,-0.10999339482267878,-0.24139841263343875
Nap1l2,0.047675795776061625,-2.2432970670823558,0.0
Nap1l3,-1.48214288622551,-0.9603275455724868,0.17914650716630354
Nap1l4,0.47023643536916815,0.2959211760583882,0.31507415326366495
Napa,-0.1428557740807035,-0.027648860552101695,0.1133869600108639
Napb,0.457703002118385,-0.6340075195025354,1.103306515072542
Napepld,-0.7791465856601008,-1.106835536093532,-0.8397564851415138
Napg,-0.17677494847063802,0.43716223570881496,-0.8412504204596623
Naprt,-0.882027158766471,-0.32422176391517965,-1.0064745149958498
Narf,-0.9219133435989524,-1.2574483987807663,-0.7403646707370601
Nars,-0.16964143232809015,0.2921561054627073,-0.5010101577393726
Nars2,-0.10691124359962689,0.09238245445313709,-0.11828519994441011
Nasp,0.7849258227944693,0.083299946061417,1.28582679135108
Nat10,0.15494777136551274,0.39275377367607067,0.15035078693817727
Nat14,0.8501292625894993,-0.1531937390143575,0.04667244156023176
Nat2,-0.355303854103207,-0.16222090232475628,0.06615099678884673
Nat8f1,-0.15292979431860565,-0.36057510115479896,-0.36663848980940483
Nat8f4,-0.6636819930508442,0.35168152203562797,-0.577717226141907
Nat8l,-1.0194365872692042,-2.2882981536204103,-0.08272663873747195
Nat9,-0.42814418477506866,-0.3586914096424314,0.3362755960333095
Natd1,-0.06035479038549241,-0.5352724996720619,-0.07719636468518365
Nav1,0.627933223459638,0.9696635523682842,1.5767157940300578
Nav2,1.1268045446535964,-0.29247587738468095,0.5842467945535215
Nav3,-0.72573367274566,0.1748027523708784,0.8438222404192663
Naxd,-0.6822356438443391,-0.27822364119460463,0.02993875507846333
Naxe,-1.0468300669693766,-1.246124946058167,0.07298422251766112
Nbas,0.09281165906640076,0.10275137991569405,-1.1507719567066248
Nbdy,0.3720195408254967,-0.804429215441469,1.3714421947507365
Nbea,-0.28301068661405093,-0.13525329970797628,0.5549830527015418
Nbeal1,-0.43885602237896837,-0.2975445365953515,-0.9181609757624507
Nbeal2,-2.0014040701635745,-0.7886796312777333,-0.7240728114437172
Nbl1,-2.241864935731248,0.0651115528394044,0.264351640782607
Nbn,0.4937381854019529,0.4672075479646649,0.5489254812512172
Nbr1,-0.8325994115245461,-0.21188996230860369,-0.5725802744866968
Ncald,-2.3611271575490544,-2.6124041137681453,-0.9299223032948207
Ncam1,1.3443734899814808,-1.8360628583890457,1.8645522804712211
Ncapd2,0.9820188510393697,-0.023239097898045458,0.6634290748703799
Ncapd3,0.8021623308804546,0.19292473418621015,0.5870059295365255
Ncapg,0.7635053426185632,0.24487975021962072,1.1949547016639954
Ncapg2,0.8944590551689053,0.48910049456176097,-0.04572400776461194
Ncaph,0.30704511524248534,-0.2067175823834848,0.617205344940496
Ncaph2,0.5061205122190273,-0.46375896659012295,0.1927076336159006
Ncbp1,0.4149458794104479,0.5122150990448819,0.25930502164766267
Ncbp2,-0.44447051114034597,-0.26336073346705735,0.9201864302114693
Ncbp2as2,-0.7135809922624015,-0.3220228331850361,0.4284699570238626
Ncbp3,0.3532174942565227,0.4382194130497261,-0.07079893120055303
Ncdn,-0.02231674008780793,0.5250645870395907,0.1753242462147817
Nceh1,-1.471852442608074,-0.3661406637498681,-0.9361815927850969
Nck1,0.3337987026488074,-0.29218930523371656,-0.08768621235320673
Nck2,-0.4048696423423257,0.05256984133247311,0.13553905178066206
Nckap1,-0.004256160097805051,0.06347110518535715,-0.17898107212287506
Nckap1l,-0.5825852585888137,0.3499802873472462,0.022250127717511267
Nckap5l,1.2179098592427748,0.18915008685578072,1.3123691692812742
Nckipsd,0.4321373400831079,0.1791840804526168,-0.11165070474146654
Ncl,0.49897642688311805,0.17545620940521545,0.34801313316284066
Ncln,-0.133215362659576,-0.133129986875427,-0.3757021479272229
Ncmap,-1.4187553981820256,0.5658944164499791,-1.815432817530319
Ncoa1,-0.7814740727972223,-0.3311218399418201,-0.7029681735536761
Ncoa2,-0.1467570795496318,-0.28123113528402843,-0.43058242114453193
Ncoa3,-0.38863648319453326,0.31926752860488694,-0.30398921744893315
Ncoa4,-0.9736397582064651,0.003915930511940502,-1.819140359058701
Ncoa4-ps,-0.75006068426921,0.24899022900350554,-0.6233368858197109
Ncoa5,0.3249193107754449,0.1055906079919895,0.21393440963592258
Ncoa6,0.10744945242570392,0.001538771873637934,-0.00733643028981934
Ncoa7,-0.6403286107674857,0.3218794775401923,-1.1252882273589475
Ncor1,-0.05866589473285444,0.049841109921159976,-0.2948985102611985
Ncor2,0.2875648812926537,-0.05583842413936946,0.6104300821406117
Ncs1,0.9776319144475139,-0.34997382327595083,1.5279353875577097
Ncstn,-0.02286779715383247,-0.23393026907846348,0.11938349490168765
Ndc1,0.35504351039860005,0.5087994106627907,0.5498786197218068
Ndc80,0.7611568529906485,0.029136636682128625,2.1678164437371006
Nde1,0.21554405097283613,-0.16461476205515968,0.6952999781710156
Ndel1,0.37351737138174457,0.4872668132238278,-0.058686705626065816
Ndfip1,0.7379484611101681,-0.36557804580378317,-0.15281244065642774
Ndfip2,-0.7528322371208329,-0.08067187455444014,-1.6596172212113753
Ndnf,-1.9216798225302987,0.07044883804655988,-0.7345126964405961
Ndor1,-0.37489696646587745,0.07050685837781456,0.43849427659973594
Ndp,0.08873365981410584,-1.450406721374661,0.0
Ndrg1,-1.0145566814570266,0.004395304972660163,-0.6348336578323721
Ndrg2,0.03066651863706671,-1.3321628806113748,-0.5052110852351808
Ndrg3,-0.3906393051293886,-0.06542196500844888,-0.29101466584482694
Ndrg4,0.2985201856409585,-0.5758854890722043,-0.8951201862610612
Ndst1,-0.1074800258731603,-0.13858775252385858,-0.9181539784443489
Ndst2,0.575172072180937,-0.2752031233641623,-0.19278449875522163
Ndst3,1.8538830214464639,-0.017813869930454973,4.368425527682907
Ndufa1,0.056276528947005744,-0.5155133878216365,0.8846920866439882
Ndufa10,0.06639490735495457,-0.5236786276246637,0.2575846723619293
Ndufa11,-0.18936453123784602,-0.15382770702808024,0.4979489756687685
Ndufa12,-0.15850876462341645,-0.05276552569189974,0.5607919737133304
Ndufa12-ps,0.0009052106041727015,-0.07643765636281885,0.33475921295977235
Ndufa13,-0.3550133498233192,-0.3459484320566686,0.8650938211120733
Ndufa2,-0.5134888308879715,-0.44683591638160447,0.1796062988910574
Ndufa3,-0.26429089742036904,-0.06098545210015072,0.31037285209919574
Ndufa4,0.36239833261101495,-0.16381006960719446,0.3006094884935875
Ndufa5,0.07782897263030542,0.18481651239789887,0.8099397243413105
Ndufa6,-0.11837620261949233,-0.7325872702161815,-0.03130999915503807
Ndufa7,-0.21991302927850498,-0.3833477128854179,0.14777562650587495
Ndufa8,-0.33722457411038587,-0.41689537127713105,0.689630233131501
Ndufa9,0.01361282451385204,0.251524998461397,-0.8016536627178361
Ndufab1,-0.2945012051282694,-0.21683902788366538,0.590067363913116
Ndufab1-ps,-0.15600160473824143,0.11693794868379537,0.2246126018657827
Ndufaf1,-0.49008464399144547,-0.3892748508076762,0.3533668599377888
Ndufaf2,0.35568672318697425,-0.4454133169506509,0.7586883582847848
Ndufaf3,-0.1667047489806217,-0.11794410746307804,0.1472422952295087
Ndufaf4,0.1870823121057077,0.5898724982570096,0.6272936751351454
Ndufaf5,-0.19678037399585246,0.04320511159598173,0.7916665063278585
Ndufaf6,0.09998586163646417,-0.12774529646903954,0.29874794442876507
Ndufaf7,-0.37725330006096414,-0.11767622348569073,0.40086826080838733
Ndufaf8,-0.5294956034354188,-0.03333492548880468,0.2916268261406696
Ndufb1,-0.5125947485109839,-0.34752809430702136,0.037183656798871034
Ndufb10,-0.0018076053660012192,-0.18452959060293317,0.6111745739151244
Ndufb11,0.1383367992587523,-0.5734640580899679,0.5677286470080052
Ndufb2,-0.07246506391467555,0.030597512036705687,0.2861322953438854
Ndufb3,-0.5880403623994539,-0.6366089627334475,0.1732310598611324
Ndufb4,-0.7688913155376218,-0.3432645314814602,0.2627347318517881
Ndufb5,-0.32567647405477906,-0.6142259887614667,0.16387185471349497
Ndufb6,-0.03935955670579272,0.10446801386129678,0.45773970151700283
Ndufb7,-0.051738100393404096,-0.1290084635185451,0.8338444811793391
Ndufb8,-0.14389895726373503,-0.30104408062442545,-0.23934266823425254
Ndufb9,-0.35053016690179106,-0.35857160494138896,0.8621500094667511
Ndufc1,-0.3351506184746018,-0.7888335777244917,0.765721775253855
Ndufc2,-0.2682708393802784,-0.13437608837984083,0.22809405572364128
Ndufs1,-0.1410702631235523,-0.21693504266501673,0.11514136553272536
Ndufs2,-0.11314953674544448,-0.4358830921441399,0.0129223798556799
Ndufs3,-0.34023456805233643,-0.38395336072512887,0.2713185948070578
Ndufs4,0.06442057437049531,-0.03035919059101122,0.2863495883993288
Ndufs5,-0.20425694639740044,0.09753410214508929,0.9111279328940878
Ndufs5-ps,0.06432098951847431,-0.029094403593235563,0.5414431081993557
Ndufs6,-0.25051992219160013,-0.3410563672944811,-0.08650251060438485
Ndufs7,-0.48309950155435644,-0.247615353103539,0.3846654554168243
Ndufs8,-0.5700389093745732,-0.5035767241033806,0.26147088528288975
Ndufv1,-0.4283625934379254,-0.25236812308694834,-0.2360273301109288
Ndufv2,0.27151868141051505,-0.32113230600029574,0.7139706986141405
Ndufv3,-0.25067169653489074,-0.7821529861101242,0.3603935092280288
Neat1,-0.8868180216228696,-0.6715463521936904,3.136104069989917
Nebl,0.22554082482140836,1.781192257774268,-0.6484864999449294
Necab3,0.9135690571956258,0.013749917473768136,1.0527913747898971
Necap1,0.32312529677459434,0.4345375799696676,-0.35721554863014227
Necap2,0.076010033200963,-0.06652930004699087,0.004188252305906914
Nectin1,2.422098644694476,0.0,-0.506704456162451
Nectin2,0.2390285079755694,-0.12264041411825222,-0.8708117608154522
Nectin3,-0.05657614157155155,0.4844066007498071,0.1658256609382711
Nedd1,-0.14700369944797753,-0.08414966207021735,-0.2197348200662681
Nedd4,0.016483988077684586,-0.38980675186595093,-0.6518340832710532
Nedd4l,-0.739090150483082,-0.1796890983866879,-0.8135673245690267
Nedd8,0.2819916158411422,-0.053030340729991465,0.09401875046408392
Nedd9,-0.17898214711892546,0.3991265617479707,-0.5744270695094631
Neil1,-0.1834587423003029,-0.24196697566500225,-0.2897022594309089
Neil3,0.5000281407479199,0.1277469613678055,2.750699804191118
Nek1,0.47974345367563576,-0.11289961627126921,0.06003881201112726
Nek2,1.130113892495999,0.3569048907232446,-0.3837130470863026
Nek3,-0.7398928098887496,-0.5518240557829333,-0.14521618055757113
Nek4,0.6001978336459239,0.0910287811783359,-0.20421864441023985
Nek6,-0.397052887810478,0.01002338724808105,0.3169120809720827
Nek7,-0.024718378288909548,-0.19160392928322523,-0.03557539480747973
Nek8,-1.0002174821513763,0.14285724778873465,0.2945494421951471
Nek9,-0.12297766399387733,-0.04435921602825843,-0.7283562458637993
Nelfa,0.10068996416864806,-0.394253510020671,0.5737903439947072
Nelfb,-0.08962366281221001,-0.1626204029835332,0.18039376310751098
Nelfcd,0.3705125750535627,-0.06684339332255629,-0.2072258289982445
Nelfe,0.43945911130319626,0.1444208094316366,0.03576672850732443
Nell2,-0.08963882790760591,0.6711356325820563,-0.23561358947373612
Nemf,0.47528345698293517,0.051730014668027735,-0.26552656770236016
Nemp1,0.11307126749043306,-0.1904466340258324,-0.04768318169266461
Nemp2,-0.05130487034798081,-0.26358280976289983,1.5171554811223813
Nenf,0.07287420268522471,-0.5624822576825963,0.6928721595833753
Neo1,0.6368149509741565,0.5414222742695998,0.00748873245500814
Nepn,-5.104547610802988,-6.0253010862652525,0.02559483979567489
Nepro,-0.015490606109961114,0.6611053568768437,-0.18025888863808248
Nes,2.3878051485469607,1.2531530063236471,1.806585731286103
Net1,-0.9716431454436387,-0.20329179766152183,-0.40179246297376725
Neto2,0.2831193399981009,-1.7889022649411612,0.20813489455927803
Neu1,-2.268353737472297,0.014269128716386525,-1.5538054413438083
Neu2,-1.0876794498372855,-0.16652874628383918,-1.565136980522018
Neu3,-0.16913663664536616,0.04399423685322157,0.0789694760057097
Neurl1a,0.5088730646820588,0.005567582836830912,0.9014542159689009
Neurl1b,-1.0521492847760454,-0.378578728671088,0.3025874003436435
Neurl2,0.13404286855870817,-0.12936070933651095,1.1761375275513368
Neurl3,-1.7826629856648166,-0.768562701636327,-0.45838622882048874
Neurl4,0.23775304756623772,0.27045213922253275,0.05269294612566888
Nexmif,-2.115239636527238,-1.5481441286771613,-0.05281056029826542
Nexn,1.4801335963265136,-0.27655076421523717,2.6656464157266786
Nf1,0.44162235240334713,0.14106408559390893,0.41753297885581464
Nf2,0.3036450103795021,0.14600092446525714,0.4048199568085442
Nfat5,0.12908324526569714,0.23657970796911698,0.37245063866502903
Nfatc1,0.6974649656597247,0.4693963356572688,-0.04900672355671443
Nfatc2,-0.48949221183637004,-0.37740111259053855,-2.04506910134384
Nfatc2ip,-0.24062713526375656,1.616101277794169,0.06339222880585504
Nfatc3,0.05296687655380339,0.31238680377423034,-0.2439895546221864
Nfatc4,0.3910004416874354,0.6084975406201576,1.3710488642378704
Nfe2,-0.874747274799812,-0.46206228748545236,-1.4132982218975587
Nfe2l1,-0.3006368590048174,0.11743705562824047,-0.13220858628256238
Nfe2l2,-0.8666621670771182,-0.2506909023178121,-0.788361532542055
Nfe2l3,0.7364912620844986,1.4926600130355645,-0.26496239687276196
Nfia,0.0720003181929485,-0.10802655844721354,-0.6594218714047111
Nfib,-0.06341764539992223,0.10337993821366975,0.6800655277472503
Nfic,0.7100938871546605,0.22509691100664142,0.43437767427166474
Nfil3,0.3127261687212366,0.0881306758332947,0.26052082147071154
Nfix,1.3101537637870768,-0.16628099746745928,0.814926376229649
Nfkb1,-0.1049888686895537,-0.299091287064142,0.1495897248053497
Nfkb2,0.16361166140754335,0.5270868392325214,0.7042082136131835
Nfkbia,-0.41245548264351584,-0.5163169579495319,-0.3109158170305708
Nfkbib,-0.3082553664546275,0.5712304253586922,0.5092811602031304
Nfkbie,0.9562051168072614,-0.11441552748677308,1.9819328542067862
Nfkbil1,0.09185749715726255,-0.17933557927452526,0.8644759861369322
Nfkbiz,-0.34592660251360474,-0.5162555242917017,-0.17929778895402215
Nfrkb,0.6258112869452912,-0.14298588577706273,-0.061847998307455576
Nfs1,-0.7462588117153359,-0.2508151701068302,-0.3896354389675052
Nfu1,0.43392808495016943,0.132137062277784,0.18936806927519623
Nfx1,0.10968384631156791,0.5503821963390862,0.10988820725669601
Nfxl1,0.3455966774603274,0.0907892106022885,0.5198775733242407
Nfya,0.6672852145935826,0.5137143434278455,-0.45090100526520427
Nfyb,0.5212376464806683,-0.1083108070112182,0.0013171628433248372
Nfyc,0.18708686884720027,0.24576552130293638,0.5800414190601106
Ngdn,0.2720060538368383,0.4387853426147279,0.3695516268437693
Ngef,-1.272669531139711,0.3776210461091676,0.48833143736730644
Ngf,0.978561678418162,-0.5237484579777797,-0.3344257320203008
Ngly1,-0.44605311762004796,-0.28061799408581045,-0.7255685602399939
Ngrn,-0.42770371962869413,0.11645598738592167,-0.19496925284902478
Nhej1,-0.16833740897229843,-0.713554749775926,0.44312432679625124
Nherf1,-1.0671603410889396,-0.2774225594540063,-0.37328467651928765
Nherf2,0.654137116231877,0.4405773611511714,-0.9371471135778524
Nhlrc2,-0.09054464130827444,0.5472817177660154,-0.2738970452405063
Nhlrc3,-1.0196863033853054,-0.16803036455279852,-0.4991401769247603
Nhp2,0.06291005976669695,0.1873696434840415,0.6323809235073101
Nhsl1,-0.04464097723640581,0.06566593178464686,0.9409174881838371
Niban1,-0.8880566717870195,-0.48489590665252713,-0.7820881751832092
Niban2,0.2549002386114676,0.5984734829279157,0.35657275849690784
Niban3,0.5458195887189972,0.11443444154012045,0.8199840142234331
Nicn1,-0.3723964762859371,-0.8988345023989015,-0.7267770575978147
Nid1,0.3975180896761863,0.7029774739454808,-2.7434773304796902
Nid2,-2.7122247066761207,-1.595118571506599,-1.9542143577727284
Nif3l1,-0.2088265019906954,-0.06516128689100142,0.20956123402371674
Nifk,0.039311803251533384,0.22251537155474743,0.05710237762775172
Nim1k,0.23649842736809135,-0.7792515650363647,-0.06616298363256944
Nin,1.513033097224226,-0.2860052648716085,1.4504197736436457
Ninj1,-0.4076894683289183,-0.06130554609979555,-0.7902637108597323
Ninl,-0.1545933117673144,-1.4515090153990382,0.5348645155419538
Nip7,0.34655097885385366,0.5495503477358712,0.6499948241023361
Nipa1,0.026261648125382564,0.07142404652079248,-0.374599775347761
Nipa2,-0.11712176481225978,0.3738372710459501,-0.8746112231214762
Nipal1,-2.120979511403445,-0.4325901276782824,-0.7349496820152721
Nipal2,-0.7701351149394647,-1.0272471468285336,-0.052657975328175774
Nipal3,-1.5734780261113954,0.40569188392147515,-0.44621941649199126
Nipbl,0.10808139798082284,0.05474207015626753,-0.10049945195554155
Nipsnap1,-0.8278125709330535,-1.023000502090726,-0.7424140191404707
Nipsnap2,-0.36156476799897863,-1.0911072252481295,-0.05535343656092895
Nipsnap3b,0.1295770518225492,0.07261056195413396,-0.7957564412719362
Nisch,0.07616897291694968,-0.27813408092555125,0.22751144792543698
Nit1,-0.28050837958832453,-0.8952095444321078,-0.7591932326739732
Nit2,-0.22529407614548536,-0.5936114097790388,0.5541868643597727
Nkain1,0.25930619205854555,-0.06101398500878119,0.22770748503125038
Nkain4,-1.904699372359362,-2.0131343494157745,-2.3339628966672943
Nkap,0.12824143078655403,-0.03449503720693592,0.1688305151685472
Nkapd1,0.18689897362943508,-0.029149343543249273,-0.22590356206111917
Nkiras1,0.26833169150620884,0.48895064509108277,0.07826866863656123
Nkiras2,-0.05801203485178519,-0.3654111625615277,-0.37167756021591725
Nkrf,0.5594562813285227,0.3432328469379895,0.45251742153705576
Nktr,0.46141606422828296,0.14214782996831055,0.05764463969017353
Nkx2-3,-0.12861059510402129,-0.7204732250100747,0.12760851042725663
Nle1,0.26243974267264836,0.05072397373338067,0.41777892834215713
Nlgn2,0.2689746102874331,0.11399780486599109,0.16513984627152745
Nlk,0.18478028829322124,0.18530441960547428,-0.09085739018086869
Nln,0.08518247919028354,-0.16907643663562943,-0.18389574147793564
Nlrc3,0.930094451115488,-0.06383010668211425,2.4115971350219216
Nlrc4,-3.0594086148770607,-1.4928373098600756,-2.062474521598602
Nlrp6,-2.2718798066005865,0.7593549221481939,-0.8752079890035291
Nlrx1,1.061796861311709,-0.4544318351614043,0.3625874393681525
Nmd3,-0.18783068371428158,0.36536610301291894,0.22849006559863394
Nme1,0.08979591920414265,0.08464755981589889,0.9352087994862988
Nme4,0.5507730970441629,-0.33812004497883885,0.6901135929570048
Nme5,-0.4122368970245752,-0.2127821666767794,0.3843971429932538
Nme6,0.4516712439334647,0.09553642040652299,0.5984049339869459
Nme7,-0.3086876240181029,-0.36310680497917946,-0.23735268380192087
Nmi,-0.727761090813257,-0.7758711200473294,0.13430645333016056
Nmnat1,-0.2375521604791606,-0.13314731778577382,0.23890848696345923
Nmnat2,1.7463359890596468,2.1686232940184396,1.432374608449662
Nmnat3,-0.9478373881286823,-0.8319824950678609,0.052765057738159094
Nmral1,-0.3605257009837963,-0.5469415158339057,0.8393716094484946
Nmrk1,-0.0414099046087566,0.10390085247827363,0.27263312439557064
Nmt1,0.11152839287246508,0.15465867465084138,0.3512836453713213
Nmt2,0.7875466620464957,0.33869304407235035,0.5357936425054
Nnmt,2.6184893809057934,0.13753820443776613,0.7838839072395984
Noa1,0.11982963391908452,0.7317157456795886,0.41357066313109314
Nob1,0.45761711385102366,0.48911305708474373,0.687547527153721
Noc2l,0.7204406175912981,0.5939221934247056,0.025027762013257515
Noc3l,0.17760191221466393,0.2818254402481859,0.05533816485888554
Noc4l,0.02229356672920524,-0.19679605618882157,0.03421730567031922
Noct,0.9052711040483352,0.3133134379669382,1.3070284191770996
Nod1,0.7591018062485562,-0.14747625815725496,1.0063856884042228
Nod2,0.18989510065037746,0.39195439942214927,1.2542774290863021
Nol10,0.3546219393886547,0.741454976009079,0.18259666422486376
Nol11,0.366766100404857,0.5016294139984794,-0.09113008976096992
Nol12,0.4146210656413336,0.19893465216834905,1.1195333735503779
Nol3,0.905742023020276,-0.09317260807239403,-0.1645013003489746
Nol4l,-1.118638104700481,-0.47156077389081297,-0.8588968974224507
Nol6,-0.08870009166635384,0.6079582047604726,0.042109618736156484
Nol7,-0.01572095745278368,-0.31661012219338414,0.006810219534065354
Nol8,0.039054700383402974,0.5036516403586546,-0.5847235286958856
Nol9,0.35135838354519766,0.7681931138488185,-0.03741400891192548
Nolc1,0.22940869097329575,0.3430348684079636,0.08818170033369466
Nom1,-0.18769898605313529,-0.15138678374527004,0.12940764306479835
Nomo1,0.45566798485433946,0.4751532841570354,-0.83291852271834
Nono,0.4374728392810088,-0.28473909812962006,0.47630949722676164
Nop10,-0.35386810232994215,-0.4165508416570862,0.573188905451878
Nop14,0.11156467904965695,2.9610873317092716,0.6856176243467589
Nop16,0.13982668355804861,0.34660670249941994,-0.11271882625690477
Nop2,0.8987820413107599,0.7914213389125049,0.1628535963207547
Nop53,-0.1722069883239472,0.39740643340926507,-0.2931810701507871
Nop56,0.19393027906388216,0.4550410169511441,0.9739340383809276
Nop58,0.3362701610474339,0.3498239264149543,0.7585856963289554
Nop9,0.4654294158255956,0.5874927596744124,-0.3829730297562932
Nopchap1,0.11752330674366185,0.27583387721031727,-0.13209282512420906
Norad,0.1828552757144779,-0.30756985788324975,0.05197217387245168
Nos1ap,-1.097084776695406,0.4058158138928696,-1.5459087920965051
Nosip,-0.173692451490572,-0.07175460116881549,0.48016811770735135
Nostrin,-1.7742853336944977,-0.0072456319081459775,-1.1232543813562468
Notch1,-1.1963688192882778,0.4154514442891881,-1.1660372005375694
Notch2,-0.25635671306364216,-0.2034617970539392,-0.09937088358496204
Notch3,2.245809378350761,0.06134708745144756,1.6028571233676778
Notch4,0.5105591566471499,0.038875599778861736,-0.25907554308231495
Nova1,2.961607636658981,1.1992315688104966,0.15582751492271169
Nova2,-0.4273725196258662,-0.046863495016261636,-0.7215567721057512
Noxa1,-0.6008975578879041,-0.009088174659596104,-0.616502236871743
Npas1,-0.1347361412278243,-0.11519161823530777,-0.25502991588210744
Npat,0.3565517923823762,0.23587281053652553,-0.33223516136099907
Npb,-0.693237414633211,-0.5884467008722175,-0.03903899284513934
Npc1,-0.11062453355889446,0.6652948318760341,-1.2447816614451668
Npc2,-0.6857908146136777,-0.8214632288116865,-0.563203622163968
Npdc1,-0.446848171471772,-0.6390058344365546,0.17385645382351456
Npepl1,-0.048455261999941435,-0.6139191236406134,0.21854879653953319
Npepps,0.11082050558847012,-0.4136957245975301,-0.20652643167920282
Nphp1,0.631413568285641,-0.35943096105689465,0.7628932709606389
Nphp3,1.3029265441718525,-0.31602390019140203,-0.043643953245153355
Nploc4,0.2857011353161978,0.3883297706668589,-0.3641235862130987
Npm1,0.24528726455187488,0.10146422491773777,-0.049432211220084454
Npm3,0.2460635580781858,-0.19859738520767767,0.3614893535153554
Npm3-ps1,0.0682330341463786,0.14135020228495088,0.14654574182962055
Npnt,-0.04048487871301276,-0.6328950202162451,-0.3923201504582501
Nppb,1.0649421000118977,0.49076771683932846,0.16787126962374263
Npr1,0.7310290285474181,0.4009142353651378,1.0323605138223944
Npr2,2.1692833518944705,-0.1458450213804023,0.5798160272831807
Nprl2,-0.08829269674721463,-0.44613084925822877,-0.13655731290831064
Nprl3,0.4689840701697374,0.3050090885363801,0.08368566660496768
Nptn,-0.09789741393780815,-0.4674313118271023,0.07236211720895458
Nptxr,2.8220940771821335,0.12883316760553098,1.8572216231858394
Npy1r,3.3528523257696734,0.008323471506411495,0.022528271012221834
Npy4r,0.6816718763163419,-1.4110912577372874,0.23017106135270882
Nqo1,-1.857159532926651,2.058992923938206,-2.349052613564197
Nqo2,-0.20181233102819274,-0.39838690772633356,-0.4736379618253146
Nr0b2,-2.789732254749584,-0.7213574902280526,-0.9091349212952529
Nr1d1,0.747707522679069,0.4427904250526602,0.21794292224047318
Nr1d2,0.9915644293827803,0.3423176524728424,-0.310096456570256
Nr1h2,-0.43852730611765534,-0.07091194692520109,-0.13656247559269197
Nr1h3,-1.1154909651645144,0.03768362065577335,-1.386444829021325
Nr1h4,-0.9464404116403045,-0.7918527238306603,-1.4969976109270566
Nr1i2,-3.8439338205014084,-0.45440358365248,-0.349487972199034
Nr2c1,-0.5668724717711648,-0.5995461727858591,-0.3019625243442685
Nr2c2,0.8834221102532323,0.6737695602457814,-1.0427069125196025
Nr2c2ap,-0.03696865675275651,0.5576911192563792,0.8264635260506101
Nr2f1,3.171071828035423,-1.8070863998705335,1.8586278714037476
Nr2f2,1.0097387894170664,0.2470332161199229,0.7523784619742377
Nr2f6,0.12544579923447685,-0.0897129544042139,-0.2812140791443829
Nr3c1,0.3947380974986734,0.2590411448262193,-0.6694936205482591
Nr3c2,-1.3630619122670944,-0.2595243349908074,-2.177585276743951
Nr4a1,0.9702997365027608,1.6909728303073366,1.0707581269809552
Nr4a2,0.3712300487533069,-0.2992094050459766,-0.08073797891774248
Nr6a1,-0.38007540261938066,0.6749046806655694,0.4026481146046099
Nradd,0.7990503511851235,0.39227193650908454,3.3637486377863977
Nrarp,1.0492564493152279,0.8536355990069913,0.38886937026367807
Nras,0.31129257395237175,-0.28026962083729323,-0.09169286258625498
Nrbf2,-0.0496647058050228,-0.0053779075357272,-0.6450464699025864
Nrbp1,-0.323864079404256,-0.5563362500354891,0.8348966347498799
Nrbp2,0.8073228575658875,0.3730897559357873,1.041054312929122
Nrcam,0.6689215498199811,-0.41456271690918645,0.03799027036172431
Nrdc,0.21717374109384924,0.48970284194242275,0.6356577617566623
Nrde2,-0.4872615506894489,-0.3237267440034106,-0.38985456464116464
Nrep,1.805244897431098,-1.1163425172768342,1.2314636333087239
Nrf1,0.5390815473329162,0.2110678434031854,0.4633865593816271
Nrg1,0.47349147176969586,1.9227756507326523,1.2734649539181566
Nrg2,1.1451336262306455,-0.42681035517004107,0.5694377869673319
Nrg4,-1.9464523707280659,-1.3924896572976089,-0.27409411935076977
Nrip1,-0.7643920099706278,0.40079212715642143,-0.06942659378575478
Nrip2,-0.3851268211716409,-0.3397461420739838,-1.4425080854763108
Nrk,-1.992460711726972,-0.7078975960190044,-0.6718561097507143
Nrm,0.9247985251815596,-0.15206172511986082,0.41307977622806735
Nrn1,-0.18504244494457733,-0.18108266132154505,-2.834909998270689
Nrp1,1.4020662493567722,0.6492177855054551,2.36241727528144
Nrp2,0.5946563547050365,1.2150041816435486,1.5474284293662492
Nrtn,0.9081958814023212,0.03891256765893969,-0.0068154270662477145
Nsa2,0.17388741701562171,-0.3005071009862732,-0.7774688466988957
Nsa2-ps1,-0.20781827648580897,-0.17143233658296597,-0.7383295727459667
Nsd1,-0.5331552336642886,-0.42256553312185297,-0.374064924543152
Nsd2,0.8614906989848414,0.13405664191142552,0.40955018953263167
Nsd3,0.16434253376480168,0.12044435555618094,0.20316841651306117
Nsdhl,-1.4280516073301275,-2.006653060898481,-1.6599670815494019
Nsf,0.13958372569008048,0.8768012698855427,-0.6858864068069783
Nsfl1c,-0.130537292438067,-0.15277552122061167,0.4914549268484487
Nsl1,1.1351165075508804,-0.07869361313219292,1.2210170648892706
Nsmaf,0.20097895775457086,0.21129813993450064,0.15375512606361852
Nsmce1,0.047230810626644804,-0.009274761601902881,0.5434551865783828
Nsmce2,0.17663897046776977,-0.44463276106606475,0.7646186342750738
Nsmce3,-0.015619028045606775,0.1305759011967691,0.738500199490776
Nsmce4a,0.11068230522748213,0.011996163548793959,0.0324761318294442
Nsmf,0.8720250589317593,-0.006019093375001283,0.4657303285583696
Nsrp1,0.02980532301128669,-0.004869288468784205,-0.2856726091789996
Nsun2,0.35747523847615614,0.31307088296244956,-0.39132256541952426
Nsun3,-0.7622744508868702,0.13103949092952938,-0.10753452870925972
Nsun4,-0.13139146751634456,-0.1262344005039986,-0.15885632458814136
Nsun5,0.1415572205584743,0.40819285715555687,0.27811655026288484
Nsun6,-0.1751861475862153,-0.2879487695838727,-0.04103180481807733
Nt5c,-0.5838639430262109,-0.26484485401762026,-0.12351871507565537
Nt5c1a,-0.022771939998975317,1.1724637312596544,0.0806928242450752
Nt5c2,-0.5399173715629422,0.11152659910140272,-0.1969923353308518
Nt5c3,-0.25184684115665945,0.20212597139413546,-1.1183331831099794
Nt5c3b,0.9360217335616898,-0.00046713885318983017,0.5853358327719187
Nt5dc1,-0.39728922568834957,-0.2805112203748119,-0.4950947774869121
Nt5dc2,3.3457610322937312,-0.41372873728475756,0.5342084082376743
Nt5dc3,-0.22298392856724014,0.4273299571640594,0.5124371001757364
Nt5e,-2.740221683139171,-0.339656742735877,-1.8523418480838618
Nt5m,0.03084503189941401,0.056158632989085966,0.14730898806722914
Ntan1,-0.26580758511139724,-0.6311513049249649,0.4491301664944247
Ntaq1,-0.24237345423614132,-0.3769126689215745,-0.1676706014192999
Ntf5,0.683374354807539,0.1729230927634856,-0.14651701845568987
Nthl1,0.16998565960901058,-0.02177960123159295,0.5496534045598991
Ntmt1,0.4627154249059604,-0.027797368074222284,0.7608662047480035
Ntn1,2.259220599108322,-0.25000735480053055,4.9661788639099536
Ntn4,-0.811678898727263,-1.4215140911936133,-1.6746224922814612
Ntpcr,0.10219162381051028,-0.7436668475807529,0.9894695472936403
Ntrk3,0.5162150255442278,0.0,4.869549343575672
Nuak1,0.6632236988880948,2.038916810754447,1.1816086245502593
Nuak2,0.13643003807219056,-0.1952214651130113,-0.0304057067585064
Nub1,-0.5205066369896585,-0.4986514593996896,0.055263966231983375
Nubp1,-0.28110491488019473,0.41513811986671634,-0.14343978787165534
Nubp2,-0.22068271408252826,0.29425222136263685,-0.5613469398450688
Nubpl,0.2454827554215111,-0.5129247745252599,-1.1447314041625085
Nucb1,-0.03138209847071938,-0.19927256800094728,-0.016059707546195234
Nucb2,-0.21766321017372547,-0.019011921687074107,0.4356319355815037
Nucks1,0.2726118544555085,-0.03462319062901731,0.05753921411457341
Nudc,0.22084268215003355,0.19078309932764448,0.8591562511483808
Nudc-ps1,-0.0749098211778656,0.03510957579737273,0.4738569182078013
Nudcd1,0.3680360790445265,0.009851958953265516,-0.16368657911362572
Nudcd2,0.1570514283770965,0.07815009743368151,-0.0025862302769557033
Nudcd3,0.2125817365387226,0.7017265907557482,-0.22498679954234646
Nudt1,0.7202759870308091,-0.6880656237672902,0.04805056265982843
Nudt12,-0.44084624912125747,-0.41101611149143924,-0.21374551224868288
Nudt13,-0.09915791069481772,-0.22241650535194513,0.16233382409016217
Nudt14,0.2650954865799333,-0.39177805916209074,-0.45948584055727437
Nudt15,0.5704863392832646,0.04469958602635371,-0.2516487261235467
Nudt16,-0.6882633864098351,-1.319172882889885,-0.09343394364335023
Nudt16l1,-0.6754863481019697,-0.4623020214490152,0.42897983519350946
Nudt17,-0.18598752745134206,-0.5511158822048856,-0.3583689216332875
Nudt18,0.18570263464983316,-0.2926219535233314,-0.7396874143774541
Nudt19,-0.5826543364849783,0.16974912494817307,-0.15039005167786135
Nudt2,-0.616198059203501,-0.6606384965841827,0.17507691362765687
Nudt21,0.41335914112681404,-0.1986713409755474,0.7732197439591495
Nudt22,-0.08688874641315802,-0.1853606287359586,0.32630508351202314
Nudt3,0.693236636606767,0.193457252197188,0.7969108771869093
Nudt4,-0.038527079325149316,0.05919191734270601,0.4147647957433982
Nudt5,-0.05715931913841654,0.10786605877983302,0.15197600142226086
Nudt6,0.07666364375215728,-0.7279353319039789,-0.5829550825316503
Nudt7,-0.9415257345199297,-0.2622267442697428,-0.9578140567196329
Nudt9,-0.06542154414053769,-0.5005341987776024,0.68009484882844
Nuf2,0.9726552926546308,-0.19527936163280124,1.5583179705420744
Nufip1,0.5428145669777233,0.5396825205450346,0.10840284560200164
Nufip2,-0.12006730164536261,0.5485778853133221,-0.20152622800143494
Numa1,-0.02504627596278297,0.006688150792043324,-0.41263068180730755
Numb,-0.25161704998105705,-0.2875142050731796,-0.6936595495748215
Numbl,0.49376022044197576,-0.6387434877370963,-0.05043383802882051
Nup107,0.5950390391459415,0.3230959070120978,0.1413042759706089
Nup133,0.659354553020636,0.32582942895390943,0.058076669479124376
Nup153,0.5644483973669034,0.7946970383109964,-0.7929241374865308
Nup155,0.220245683104066,0.04308073115161726,-0.11043096101486682
Nup160,0.3840038171014415,0.4265989161299215,0.3635715535795949
Nup188,0.8052347072259387,0.13004215442699962,0.6473428733407092
Nup205,1.1222427856260957,0.5546360451694907,0.020051722565787244
Nup210,-0.034722341975243154,0.35778523582820654,-0.8658005774672821
Nup210l,0.06148401653292285,0.02418798421251933,1.272070551123623
Nup214,0.25981100976502347,0.4265259914652697,-0.5488673139635614
Nup35,0.5583066232484706,0.2418917952659969,0.8765809141245517
Nup37,0.28291759611659106,-0.1733625696462644,0.49703821899924705
Nup43,0.6766193737335993,-0.11810750089946787,0.7607657965559818
Nup50,0.36248844764217036,0.13201891201242155,0.04858820650843043
Nup54,0.32448016274439073,-0.13212856055567368,0.22407526344548856
Nup62,0.38951518694819853,0.37628265284204243,0.5783635950721937
Nup85,0.3149985356754126,0.06870848251023798,0.7663175325717573
Nup88,0.28375772265039334,0.25429411787873857,0.12953724644134823
Nup93,0.4703103728986173,0.36054633682956716,0.5403253573640114
Nup98,0.15616274238804184,0.477192092193901,0.006207590380611805
Nupl2,0.421597071651977,-0.030726383033469862,0.4862890999295004
Nupr1,-1.2573314652148326,-0.6939409177541149,0.9398986819723376
Nus1,-0.2760325142177926,0.021717094187186703,-0.6960839023107432
Nusap1,0.30389049761601683,-0.7007593241867731,0.9193787228678856
Nutf2,0.445599099395551,0.006611072395610762,0.7593717805510449
Nutf2-ps1,0.11827528533806486,0.09488484097651884,0.3649035549121111
Nutm1,-0.09753302437871347,0.2889707941426616,-0.08453948153882529
Nvl,0.1780206861937499,0.030844923195589402,0.40764525303526433
Nxf1,0.3406793600826621,0.06934843472089636,0.7513043168493834
Nxn,-0.023877876994744973,0.8928069717253972,0.9220874619577222
Nxnl2,-0.846292028787107,-1.3375634265574612,-0.9720382448610074
Nxpe3,0.30672301404443614,0.0024360347776877234,1.120584262175267
Nxpe4,0.3077385657965802,-0.003349518025428544,0.8034528774870868
Nxph4,0.7019461564709388,0.28489646496534154,1.2511493149217965
Nxt1,0.577340383627452,0.014664379657784998,0.9012229380562671
Nxt2,-0.4859398444376053,-0.2234199479120309,-0.6028520763435057
Nyap1,0.6494904322706971,-0.0980946028304488,1.683324212113976
Oaf,3.306441216545164,0.028748778873072926,0.6312553282448388
Oard1,-0.2334161530558596,-0.16048043134015888,-0.3455728977521364
Oas1a,-1.5448452047413657,0.028748778873072926,-0.43245068562702166
Oas3,-1.5616166013341712,-0.016104368889593764,-0.5091944903438625
Oasl1,-1.4838971258025317,-0.1998821674697835,-0.8830016951838857
Oasl2,-1.389692274038373,-0.44904555259184514,1.140242607217204
Oat,-0.020934236889067037,-0.00555032591813287,-0.14279010639620893
Oaz1,0.02581026234815198,-0.4283368484986454,-0.29944047764977366
Oaz1-ps,-0.3048687648813502,-0.10474339127645749,-0.03092013682726913
Oaz2,0.739027169258982,-0.7148425485813661,0.7068348600238963
Obi1,0.6500663881558815,0.552598536910613,-0.2828977771460037
Obsl1,4.701185073134135,0.250198343728869,0.46479971850478186
Ocel1,-0.5099369217501799,-0.12853687719606555,0.34880722322118496
Ociad1,-0.5498173037817882,-0.44871300161864625,0.09335378384546722
Ociad2,-2.0744353029966875,-1.6555119111021774,-2.2250035971300175
Ocln,-3.125842382601183,-0.06776682846883908,-3.507599990769935
Ocrl,0.01612970500175237,-0.249408433897627,0.48519906408908176
Odad1,-0.2813237119565839,-0.5579892085178573,-0.07910709230256607
Odaph,0.23036896114626848,0.19878592423222163,-0.6506731268615993
Odc1,0.45310744851725104,1.4495662961447913,-0.023670914291750833
Odf2,0.7401092890953835,-0.08862418989297094,0.7066731289868429
Odf2l,-0.30807285705313525,-1.1739007984224141,0.33292107336226984
Odr4,-0.3750302503287717,-0.30999822599834026,0.12842240021604656
Ofd1,0.23484769967742736,-0.1459646768545615,1.2622763213368438
Oga,0.10295437651800743,0.17983056459447333,-0.19910317040747216
Ogdh,-0.15139509815111118,0.1666274139265056,-0.2494709101306114
Ogdhl,-0.6081003565674673,-0.8934193930811648,1.6850524627913879
Ogfod1,0.08246487259846003,0.46852849552261233,-0.43981271647669207
Ogfod2,-0.8024075102843036,-0.6475642348561705,0.31073844888516344
Ogfod3,-0.2864273969673241,-0.23001410967559144,0.026866562318716092
Ogfr,-0.19175543121596128,-0.26631764701804883,0.3486717928989007
Ogfrl1,1.0744244036786537,0.4276185913303907,-0.28115828562693146
Ogg1,0.8509644689191962,0.08922281800262244,0.49345764480828436
Ogt,-0.19686784833979054,-0.191464204900468,1.3909979752733932
Oip5,0.3037026320336049,-0.46406404644793176,0.8000726732137231
Oip5os1,-0.28447603866107674,-0.3829638927002126,0.007873259840414981
Oit3,-0.9293003670552531,-0.6282460399317189,-0.4395386402290127
Ola1,0.23519432317345768,0.014403712629659005,0.46806131001314366
Olfm1,0.8102303641926751,0.0,4.9136810599452545
Olfm2,0.07638710475387499,-0.09861624965582175,2.4210959899200546
Olfml2a,0.8067044791893675,0.38550265832419733,0.07203324691117186
Olfml2b,1.683438565922808,0.48283383432242966,0.07473493570030243
Olfml3,4.033940029095503,-0.004042387376197595,2.602809429356327
Olr1,0.28088215233191094,0.3282859765431544,-1.0157913760096946
Oma1,-0.5774800009543215,-0.18735318423285463,-0.004547439574105638
Omp,-0.9316355230122848,-0.3494871568480644,0.06691965036064085
Onecut2,-0.7006936700087536,0.1190345583529746,-1.8634662440335426
Onecut3,-0.7653922052677342,0.7175857731539708,-1.8069214503252296
Opa1,-0.6709332487389661,-0.016683346241862296,-0.550818039159414
Opa3,-0.5643241420168508,-0.08127492614823595,-0.5746248848744946
Opcml,2.017525999480391,-0.12621395469075478,0.011801342834392672
Ophn1,-0.21207610016754952,-0.7606181050736818,0.9680798424157753
Oplah,-0.958021198344194,-0.43635012881143953,-0.5897228136392947
Opn3,1.1719280947584236,0.4580108201902572,0.5974027530688677
Oprd1,-1.9220248276530552,-0.2487958107289312,-0.6080344653916819
Optn,-0.5411144399501673,-0.3908932304005912,-0.2890434096141732
Or2y7,0.33529558132185966,0.6588243746018523,-0.06377357397977623
Or51v14,0.08371988327638014,0.15813352449625795,0.6888605650042435
Orai1,-0.9187594556746355,-0.06883877921243098,-0.9025213129698528
Orai2,-1.07135023699297,-0.5380439858182395,0.2997396539790911
Orai3,0.22802768390700212,-0.9070721240517461,-0.4830537432447999
Orc1,0.9232481237852777,0.9912857340952161,0.46765018641994316
Orc2,0.573065207494615,0.3716559080077104,0.7549754800815425
Orc3,0.23445624319553016,0.006815532758510656,0.48687774297671815
Orc4,0.47615282009181925,0.12037841347210598,0.6479376954874763
Orc5,0.21499311006716226,-0.6532543376655835,0.5311537903910244
Orc6,0.7780311103086266,0.16710556581391067,1.4499409834985872
Ormdl1,0.14851771568883265,-0.4747018497866926,-0.13291709269837115
Ormdl2,-0.4094762231898117,-0.3876811949345038,-0.9287925433588891
Ormdl3,-0.014860218627776867,-0.14385472649182862,0.42918354500049727
Os9,-0.8635368312490419,-0.31765775456691525,-0.4990782984705149
Osbp,-0.4693908060741254,-0.08622963002293993,-0.8752204292470305
Osbp2,-0.22796621625688618,1.1694200403659814,-0.0672452606849705
Osbpl10,1.0138116313962384,-0.2521690720308758,-0.5005792429108582
Osbpl11,-0.3459498490528752,0.3555826768340662,0.21313853288200146
Osbpl1a,0.3783827835573579,-0.2948805891376023,-0.12378458639635426
Osbpl2,-0.623715336055982,-0.29796990719786454,0.3628602633252074
Osbpl3,-0.2379781492482298,0.535781076606634,-0.8648876591116235
Osbpl5,0.4703513408610256,0.16187344127808334,0.36009189710318434
Osbpl6,-0.27355084080255754,-0.6937240641718243,0.8119617635976013
Osbpl7,-0.5364410751544826,0.2488066293335156,-0.32279891492885904
Osbpl8,0.41010156870953685,0.49376969785905445,-0.415603578038914
Osbpl9,0.008513446706386318,-0.2803823045487448,0.22448362280297118
Oscp1,0.4950926002528626,-0.013695901384249698,1.1949790143311785
Oser1,0.023787251339527415,0.10867149594478454,-0.037322277904596746
Osgep,-0.17719831579570933,-0.6199199467521561,-0.05616418517033317
Osgepl1,0.1802781529804962,-0.4103485283180177,0.7421703805903295
Osgin1,-0.14013044001689945,0.3998728673169625,-0.7481585288988146
Osgin2,0.6979241120098951,0.543774645027288,0.9345196379855274
Osmr,2.6040622574588603,0.0,-0.5578479787616861
Osr1,3.664955193286085,0.0022465658162757265,0.7135216685933524
Ost4,-0.446835037014059,-0.1927771458508869,0.7149962468477984
Ostc,-0.24783472148691033,-0.5500196439034442,0.23141709107033748
Ostf1,-0.17310908210343712,-0.3656452606261338,0.4173597959035291
Ostm1,0.3300401455255524,0.3900639489145834,0.30092220535311
Otop3,-1.5484074985245542,0.4441101334238903,-2.535123344002886
Otub1,0.11436377693262134,-0.20927085037097726,0.272504658370484
Otub2,0.38472726403885305,-0.1263258330874737,0.17520295176009526
Otud1,0.6310278448276141,0.5731899818505233,0.962472555486356
Otud3,-0.34625186077545855,0.977838193393624,-0.035486375021636984
Otud4,0.4969706680032102,0.8530178303612317,0.5385019665946267
Otud5,-0.004553842828364907,-0.1901844684024665,0.5638438804236703
Otud6b,0.22291490078331577,0.5746645140050557,-0.14131521635429856
Otud7b,-0.3642422594655059,-0.17009963647648796,0.2714456685636337
Otulin,0.09090994043514122,-0.07330631219576578,0.19761643245446692
Otx1,1.8861818466414721,0.5788237348569125,0.1949071417943557
Ovca2,-0.30312521741598775,-0.11076998280806682,0.7084504616376488
Oxa1l,-0.06711503895248327,0.08378580455426743,-0.1915925797481215
Oxct1,-0.30260286471601905,-0.5913540621001676,2.304057246488444
Oxld1,-0.4409601190668919,-0.6228601025776295,0.2085296743121634
Oxnad1,0.3859583693985815,0.11444134233044956,-0.2514622646583282
Oxr1,0.19299308362861733,0.00011719180312930177,-1.231754365373976
Oxsm,-0.2074690586926673,-0.13896870339838685,-0.6167865258906531
Oxsr1,-0.09334703397953881,0.2381215716096552,-0.6818568710020037
P2rx3,0.09824298038597029,-0.06725645196560168,1.0092177319717397
P2rx4,-0.9291895926937777,-0.1720468331106959,-1.257340052503138
P2ry1,-0.659086325919281,-1.9322926339770528,-1.2342465592705036
P2ry2,-1.464298912987282,1.8653065033817993,0.356798317012357
P2ry6,-1.4048320468014204,0.5997731613344746,-0.07300750774197717
P3h1,0.6314796144362376,-0.1051871320443567,0.4311991573677698
P3h2,-0.003612116896237527,0.17129714663109397,1.8103545084621415
P3h3,2.2161589293439743,-0.2678366837699714,2.6748814646391734
P3h4,-0.845836509664113,-0.18745050173212174,-1.1546684779075393
P4ha1,1.3123612046368578,-0.5343631470298469,-9.23839707933638e-06
P4ha2,0.4780274848137953,0.1988557006655851,0.08868826177197064
P4ha3,2.0491295680889783,-1.4813821791750512,1.8074978773346473
P4hb,0.09238602629698178,-0.05380096106297394,-0.31496070018966016
Pa2g4,0.1793396745269007,0.38781418159055114,0.09104549646758464
Pabir1,-0.32171381732329785,-0.32285945310107333,-0.045660266622894685
Pabir2,0.4907535975158579,-0.36520556352210587,-0.22861381924928548
Pabpc1,0.47705474240682477,-0.14377675637934217,-0.2538040402983466
Pabpc1l,-0.5128400057782632,-0.39042304222565305,-0.6311305182121965
Pabpc4,0.29519359406944456,0.8064480759303798,-0.08616007157089633
Pabpn1,0.43025401102688043,0.1891077396087404,1.0191856187808788
Pacc1,0.5445590677858978,0.218057051425955,0.6579965011750604
Pacrg,0.1422944131392585,0.4290392011393256,-0.7493508797457409
Pacs1,0.46812024697441235,-0.12665815502902333,0.30641856798957257
Pacs2,0.4568678464650784,-0.07546795065840861,0.15089317986951034
Pacsin2,-0.3533323372843844,-0.001296733013647966,-0.36800966610704045
Pacsin3,1.0323558784169005,-0.509920678306178,0.3841573641662217
Padi2,-1.3400846034114036,-1.5180243516573446,0.14441118362210492
Padi3,2.1487777992894554,0.0,1.3343514698018242
Padi4,0.28023749421533867,0.0,1.8200403569341712
Paf1,-0.5095863882528802,0.03547038428959581,-0.0816955360078806
Pafah1b1,0.10176360697217923,0.33096140145134445,-0.2944530178749538
Pafah1b2,0.41815607696390167,-0.0578764741834048,0.03843410468253339
Pafah1b3,-0.5011927945982864,-0.35882986586851473,-0.13450982924303734
Pafah2,-1.3493404105501252,-0.004160894341828758,-0.3021437055914449
Pag1,-1.1638388768880654,0.5732328753535154,0.1885737877960189
Paics,0.13613050739549237,-0.4292909152421984,-0.46680461867877376
Paip1,0.44611160762419644,0.10066825247993894,-0.1834922731312103
Paip2,-0.07816091537650305,-0.7727607791881299,-0.2414562899101167
Paip2b,1.1513966702304952,0.1538112987759792,0.25985992605584407
Pak1,-0.4908327013024021,-0.33501587525738774,0.06148803342070153
Pak1ip1,-0.10286859055843056,0.11715744742139034,-0.3131940582498247
Pak2,-0.5133047314909334,0.2602911145743301,-0.40086749132485267
Pak3,3.3966754564201493,0.005613728784107153,1.6306825836333418
Pak4,-0.6968189828243609,0.01967021668308888,-0.6386145771511424
Pak6,0.259592330527481,0.3787060978073251,-0.49393164160162417
Palb2,0.5450960521742116,0.56372889871164,-0.07179888784628963
Pald1,2.0135048488976954,-0.5781244811315207,0.6694436474333818
Palld,-0.20510469221704408,0.8498119001189641,0.3925871372000742
Palm,0.29017526670040006,-0.3465732781266402,0.7337904026168651
Palm3,-0.6554852673728915,2.0160670111971055,3.364880663212741
Palmd,-2.2422580984337905,-1.9833002580291117,-0.8086488341451945
Pals1,-0.11364094652112655,0.028926107071291618,-0.897935346147583
Pals2,1.5435606282557144,0.4269356106467397,0.3270498464377489
Pam,0.48740848642185153,-0.3552723053451077,-0.3504246427588207
Pam16,-0.770770599012172,-0.015839183429706694,0.822787638455412
Pam16l,-0.3204488574740072,-0.30123297501974405,0.2211424549739438
Pan2,-0.2626148078756403,-0.66436642724402,0.2864052736805274
Pan3,0.7297853903916938,-0.7173646220733616,0.3097850874487582
Pank1,-0.19379375842720847,-0.31232126788870307,-0.69173163662678
Pank2,0.3493262936831796,-0.12098540799937751,0.04938553775604415
Pank3,-0.2004932472612042,0.23539585669918672,-0.8969029873563334
Pank4,0.6462133991825532,0.15224579202853583,0.9716862049251915
Panx1,-0.4602516195330697,-0.4290024019030687,-0.4713246193710332
Paox,0.187622235218603,0.023459982520688705,-0.25762923343795396
Papola,0.05818371159354019,0.0553501312804201,-0.6085334744471371
Papolg,-0.7042510948184839,0.1815446061129209,-0.6733542981942113
Papss1,-0.8342153232328853,-1.1287385106497014,0.9749167309456936
Papss2,-2.6355466856566316,-1.3925539618857616,-3.055796567407564
Paqr3,0.38357490072342637,0.1790961963227944,0.6409317562125423
Paqr4,0.13465890211072118,1.0206177454251115,-1.737512052867404
Paqr5,-2.0768392471198562,-0.43369759253237206,-1.9256886576777745
Paqr7,-1.0573996802568262,-0.13133915044062583,-0.29276607049186776
Paqr8,-0.9828933769795105,-0.518105620167197,-2.0276380258816085
Pard3,-0.6968211583497528,0.6637210234421165,-0.02352938729469134
Pard3b,-2.2420695056367803,-1.2767215487270347,-0.8587348969307753
Pard6a,0.338026973618883,-0.22072358304139073,0.7437672846499974
Pard6b,-1.0208716068024577,0.9084426202375235,-0.5372612145664091
Pard6g,2.0567134608578943,-0.07242529184072519,1.5830088464674235
Parg,0.1425474781074847,0.3879929788891996,-0.6258823070240727
Park7,0.0725093149123639,-0.4819302704866173,0.6856383680593847
Parl,-0.7743331872381347,0.057627197386985074,0.034123304085193595
Parm1,-0.9895857779407509,-0.3824017083224529,-2.8675482698604107
Parn,-0.8908313457129715,-0.27562329060039836,-0.1568321186348438
Parp1,0.714987218941296,-0.3521993010179063,0.23189786484033448
Parp10,-0.7871599247334338,-0.19762594462655025,0.6045185060567109
Parp11,0.32366206624455884,-0.11998007629859897,0.069770134937583
Parp12,0.17238232588039626,-0.8157450517617648,-0.31473450144798765
Parp14,-1.8802487508357029,-0.601937880258475,0.49912373742236227
Parp16,1.065483513837171,-0.517440547131208,1.5429453721979796
Parp2,0.5858368270520451,0.00026256929149326425,-0.07813958420067468
Parp3,-0.2318556309444597,-0.4757554479840893,0.2263806427144095
Parp4,0.1745871785370059,0.42557655543768647,-0.862846118470272
Parp6,-0.11804109443192878,-0.6247196103130168,0.013272939702511088
Parp8,-0.031090008371002398,0.5728207735812156,1.4605653398765859
Parp9,-1.2109678510194728,-0.6435017464567636,-0.14493931567173668
Parpbp,0.38268438129051496,-0.057707445891299614,0.2979417736289185
Pars2,-0.4446707575170148,0.00994850566075911,0.4106854743539521
Parva,-0.6876345750736155,-0.25668046926101873,-0.4181195078110269
Parvb,0.6736392714132933,0.6677558992888519,1.0730213891925402
Pask,0.9548046202944791,-0.5205816955618143,0.8839883556669652
Patj,-1.2420107356690346,0.0856079573569124,-1.3949629578561606
Patl1,0.14505895252603196,0.21842016734457204,-0.36611662638998066
Patz1,1.1981841522073786,0.1201897974596342,0.058811036936825545
Pawr,-1.0310435755287326,0.46821257178405773,-0.008895963443991128
Pax2,0.7124332654731353,-0.0474646995438729,-2.9913800441037655
Pax3,2.9884047199006836,0.41669392279496,2.760311110103681
Pax8,-0.6146010341667787,1.3545878488720537,-0.430245933952131
Pax9,-0.8479601944796107,0.1615548490774601,-1.948055433515572
Paxbp1,-0.12182741126901764,0.11409128350829523,0.5488510684939145
Paxip1,0.2690589674941215,-0.48346854671449524,0.16609214608221734
Paxx,-0.9820215311780092,-0.5670922675215389,0.2683671953641884
Pbdc1,0.3123347494684996,-0.46580425419903015,0.8028153575361712
Pbk,1.2933915221151429,0.4660955093563315,1.0785988316109947
Pbld2,-1.9754480536758117,-0.8356616168964862,0.1846991565950702
Pbp2,-0.22717073171154745,0.5770117090754603,-0.5397704763698528
Pbrm1,0.9651327964088008,0.3500741658575013,-0.28747838069525944
Pbx1,0.5020196765768041,-1.0395680127341853,-0.23376547950262339
Pbx2,0.43489030010395524,-0.2272349922350969,-0.04590884433245179
Pbx3,0.3041204943706193,0.2366449349752724,0.36701630034498045
Pbx4,0.09075405050234986,-0.2870732225796555,-0.6548345065519474
Pbxip1,-1.186773280888655,-1.1449771057953377,-0.6853228644109226
Pcbd1,-1.1733557030832467,-0.9615449928313877,-0.8444988470770776
Pcbd2,-0.22822162544174596,-0.5739198667114929,0.3216779593249126
Pcbp1,0.5226893065116176,0.25057954562144147,-0.4455775149406076
Pcbp2,0.5739293284152254,-0.22115181386294047,-0.10102423085949397
Pcbp3,-0.45083051123480944,0.0,1.3466307696072088
Pcbp4,1.3099217883840035,-0.16590967249211985,1.608649643494946
Pcca,-0.477848241514196,-0.45689847482460744,-0.6933003814064591
Pccb,-0.07203492296064606,-0.6622237850379991,-1.2328597979358866
Pcdh1,-1.162648861386372,0.38870898202351345,-2.0374032596954326
Pcdh18,5.130772364361064,0.02631763641212818,4.0457239210506355
Pcdh19,1.6889511295679012,0.6535711936752685,1.8834675284469646
Pcdh7,1.154853086012385,0.02631763641212818,-0.4977817738754106
Pcdh9,2.9759342153831607,0.21059918951532725,0.43944429656433837
Pcdhb17,0.41737172695346414,-0.26882958787970934,1.5738484390367562
Pcdhb22,0.019345189269923735,0.11876691159676131,0.3330177013423602
Pcdhga11,0.7221980079256527,-0.5350986886437965,-0.004601578843804081
Pcdhga5,0.03825327247102983,-0.1145766000178368,0.4098747838771202
Pcdhgb1,1.3453827318367761,-0.3636944627697641,-0.10954804927099115
Pcdhgb2,-0.38339407040699713,-1.1685254435900765,-0.9911854420512067
Pcdhgb5,-0.09770296068565254,0.0582572560052763,-1.3834113795022718
Pcdhgb6,-0.14471983188946047,-0.8597628835352353,-0.25794641887954106
Pcdhgb7,0.8154677820814217,-0.25052060402182813,0.018916239896598595
Pcdhgc3,2.116945015104758,0.5050537340993522,-0.5070269086707526
Pced1a,-0.0384600195448872,-0.08480757834280794,0.4210413206135497
Pcf11,0.13248908291540662,0.435269462332851,-0.32479341035594356
Pcgf1,0.09920114459956375,-0.13003896766206458,0.7805629824663902
Pcgf2,0.42297660596132314,-0.0965914293896386,0.6424707033305195
Pcgf3,0.04901014364351042,-0.2778399922258634,-0.45823747233684387
Pcgf5,-0.0029045074195579446,-0.16678235879044667,-0.16605769282800154
Pcgf6,-0.031234501075338983,0.158202141673625,-0.16087941916873838
Pcid2,0.40320396070593123,0.30365611418696314,0.41105621053054264
Pcif1,0.6147263144903139,-0.14407626824176312,0.6409742863566139
Pck2,-0.03209032132427403,-0.6042969814852803,-0.04378086992695884
Pclaf,1.5597853017471852,-0.030592177074999505,1.5104805848142195
Pclo,-0.29471357669404064,-0.6310986562732649,0.17755421014416728
Pcm1,0.4563420697398257,0.24610202242794177,0.17859986378298043
Pcmt1,0.7760094224087846,0.3084659048052094,0.09868836946916115
Pcmtd1,-0.4741502501076842,-0.4156714103172261,-0.01199764744848597
Pcmtd2,-0.7495326364512831,-0.761130318130061,-0.5049242231525284
Pcna,0.6881930707450659,0.09256230376274921,0.5362652085084694
Pcna-ps2,0.628342972388102,0.04701591117133175,0.3660203425190618
Pcnp,-0.07705060173240241,-0.13945525373172796,0.01593732314089813
Pcnt,0.11806755103148792,0.06613089782263426,0.29258916785605926
Pcnx,0.2824786252963074,-0.3384527583286272,-0.177506713228615
Pcnx3,-0.37284862973227906,-0.29526576756867584,-0.4223586901935086
Pcnx4,0.4489557245083464,0.029319817316003416,0.025390478170581154
Pcolce,2.9782845529216484,-1.4292775802942188,2.288162455935434
Pcolce2,-0.1484340586159627,0.21563064064094206,0.47780532056810276
Pcsk4,-0.04231944523793496,-0.04036115923589634,0.34481924743416936
Pcsk5,-2.011657776347525,-2.176599348821487,0.07442715813148001
Pcsk6,-2.3646608524518635,-0.27951754311838606,-3.0528530643157064
Pcsk7,-0.0555317008206373,-0.23359499955638974,-0.4133629175130076
Pcsk9,-1.5626355726189503,-1.733736077203818,-2.3476158480429685
Pctp,0.0,-0.2210285021050007,-1.3370758896857167
Pcx,-0.9937105218412725,0.3012203444774437,-1.875763296638179
Pcyox1,0.6240359341608688,0.11992662321825165,-1.0052526304434393
Pcyox1l,0.6024471553496111,-0.822328377699205,-0.11518416733870218
Pcyt1a,-1.9651230762718495,0.09363848220435145,-1.6615695613659014
Pcyt1b,2.4079893486373627,-0.6507618450250507,2.6975266333469805
Pcyt2,-0.8879579480255613,-0.6959250255158302,-0.8395079363166156
Pdap1,1.573328350993429,-0.5981482286620361,0.6669479421935458
Pdcd10,-0.34998484288796483,-0.4723802829074666,-0.6534195849009992
Pdcd11,-0.053017290520594784,0.18628710995628328,-0.2784636791706623
Pdcd2l,-0.0829280209569685,0.3053792342854278,0.22046249941721197
Pdcd4,-1.124606075298276,-1.9354995269656206,-0.40018379479109445
Pdcd5,0.05603975999394706,-0.007571233458680382,0.5976506942676147
Pdcd5-ps,-0.13255813325835764,0.1665086402927205,0.4492030237304243
Pdcd6,-0.24592483499910234,-0.13455408361969035,-0.48519073287133185
Pdcd6ip,-0.062374178425094406,-0.1625407538278747,-0.5042914881015381
Pdcd7,0.5949476959161824,0.0628862009850506,0.057121815769059836
Pdcl,0.00494365155031673,-0.03719661861480894,-0.7335458042778411
Pdcl3,-0.13732712079711185,-0.83433797979826,0.2343143203728406
Pde10a,1.5223848446725539,0.48920075747616854,0.0
Pde12,0.3611843882304475,0.38708733230075865,-0.2572935977267883
Pde1b,-0.32339282375688283,-0.6235079554969023,2.1202676947750603
Pde3b,-1.5421898751221792,-1.881017648424507,0.028456676972064388
Pde4a,0.567336271197926,-0.9988826114450231,0.5424884286336606
Pde4b,1.2002110820592935,0.8904225349542698,1.2102065712466599
Pde4d,-1.0096737833972704,0.12622669991265667,-1.3645544044898674
Pde4dip,-0.5376155397032596,-0.09909458701399032,-0.18131134966490503
Pde5a,-1.1586058008320053,-1.2855027662758403,-1.2536309312189495
Pde6a,-1.6445742806684287,-0.31976103545229684,-1.7528370844262626
Pde6d,0.4427366670248025,-0.8683556584854593,0.8085110858258568
Pde7a,0.3306382848939089,-0.5312557674542635,0.6408538471859453
Pde9a,-1.750392431789217,-1.4615912444424008,-1.7107541928591061
Pdgfa,2.513293257135246,-1.4322279951644101,2.035868455393773
Pdgfb,-0.5953265228219848,-0.42133808549748863,0.32825945256394906
Pdgfc,-0.5357549517708753,-1.4254951792309258,-0.15898629667776376
Pdgfd,-1.1306527719847257,-1.3672319096960077,0.049896009199458476
Pdgfra,2.0690132201788387,0.030085976668056236,2.192075287146523
Pdgfrb,3.754014542741969,0.0,5.820012754257843
Pdgfrl,-0.2400470395159644,-1.1773992431053706,-0.8658555583130434
Pdha1,0.10522424528276364,-0.20854921346571587,-0.6165378957511178
Pdhb,0.022265140489367674,0.026352371069418012,-0.04476784383128418
Pdhx,-0.008642767317464717,0.24509436582729283,0.19429556604124976
Pdia3,0.14349421108242488,-0.04873843837276226,0.20094303850887485
Pdia4,0.849419131406532,0.3210959250932337,0.2809904505866738
Pdia5,-0.7414919003247711,0.09001323813162543,-0.09879742534773506
Pdia6,0.2597060179791715,-0.25625964562640036,0.3019856150451439
Pdik1l,0.22372343388613158,0.12178437881490334,-0.058741582837440465
Pdk1,0.8282649109670803,-1.1083242932604538,-0.5353933745606785
Pdk2,-1.7450245820475523,-1.3066837120146224,-2.10441244734762
Pdk3,3.380700745842819,0.17141274027041487,3.38960998136989
Pdk4,2.7625147892278603,-0.6206640986949715,-0.2657285142479931
Pdlim1,-1.239751114998735,-0.050267508310365194,-0.32283335998397344
Pdlim2,0.24527359081244882,0.029677405753435693,0.3663961645654803
Pdlim4,-3.2186146770158004,-1.2379457916125116,0.5905683356964107
Pdlim5,-0.7378755213905359,-0.07175435653105122,-0.6873536028968985
Pdlim7,0.20783275172918714,0.11291630448358969,0.16694964905907028
Pdp1,0.08444984213892726,0.007494001731947364,0.8860705735996737
Pdp2,-0.4610556466740281,-0.37324485599828083,-1.2525267726713212
Pdpk1,0.15772179393120833,0.3404133585026363,-0.6353263884187594
Pdpn,3.964684968123653,0.0,0.019929570088217455
Pdpr,0.15543862184990287,0.29548563608003997,-1.256325212000397
Pdrg1,-0.056500036778292184,-0.2934505227191222,1.8487381008160302
Pds5a,0.11051734402475155,-0.08743619293575478,-0.14984144874207406
Pds5b,1.7904700308651433,-0.03046241966359453,0.42640573746636434
Pdss1,0.13632472271926988,0.26274849032300507,1.299664834096546
Pdss2,-0.7932461183254453,0.25730195131302747,-0.36515047264003275
Pdx1,-0.19145350408879835,-0.882234809228529,-0.10003037895582789
Pdxdc1,-1.2663610215127843,-0.026973089121574034,-0.6761211033598231
Pdxk,-0.23945816950285082,0.838662424945654,-0.4446670186976913
Pdxp,-0.027569123699062198,-0.18058605283142315,0.7770629758408106
Pdzd11,0.4326413332233132,-0.3816748081294845,1.2187713177059236
Pdzd2,-0.5268792014189166,0.43448904352922213,-0.14378181523078104
Pdzd4,2.6954803254948754,-0.014464330917254353,1.184314562137017
Pdzd7,-0.8595614954443058,-0.42978594250796853,-0.2867274959438504
Pdzd8,0.261514807482051,0.3914826123244257,-0.4175990380732264
Pdzk1ip1,-1.8475966403876924,-0.640007507519811,-1.1524840798486653
Pdzrn3,0.4866773700904705,0.253384079456318,0.0
Pea15a,0.7293306864955706,-0.31141521607779143,-0.3425906059623074
Peak1,0.8222709918517639,0.2551971111108289,0.8043172956401445
Pear1,-1.041995984163698,-0.9702612745750026,-0.8041171034920094
Pebp1,-0.27352765410164537,-1.2651595757884309,0.10909273058389957
Pecr,0.09374270313301869,-0.7503818720070452,-0.3682447122193411
Peds1,-0.6504399070655786,-0.11169341034737368,0.005544569912908415
Pef1,-0.6090152060672187,-0.35048833998399864,0.3746662572286841
Peg13,-1.8035016194645472,-1.2714148565908951,0.5235607028337941
Peg3,3.288495754269376,0.3252261666327961,-3.2566114702620093
Peli1,-0.8050250813482878,0.678018512390314,0.1860586771485475
Peli2,-0.383209236175475,-2.06896362703791,1.2357744682419276
Peli3,0.8862541207922114,-0.15018893859343158,-0.47186543191838715
Pelo,0.0122828163690758,-0.1304926547434324,-0.3007929880801713
Pelp1,0.29815089229380387,0.5333403674330794,0.42338735321641785
Pemt,-0.20440615892102443,0.14575631065554173,-0.16795424321369357
Pepd,-1.5366907077917462,-0.03952074868003397,-0.5921938763125096
Per1,0.32673210009688525,-0.05866901030223337,-0.3882424731709957
Per2,0.5568193034317783,-0.9850403626107163,-0.47258461872437385
Per3,-0.17437721865680178,-0.6226872265425218,0.5215252618468393
Perm1,0.04581124751141086,-0.044183824955010303,0.591644246960696
Perp,-1.8968073221130881,0.5768276228622389,-1.7485378554915432
Pes1,0.2975521881380203,0.36986099468858846,0.10040853066348898
Pet100,-0.5402836157242334,-0.09094888511777421,0.07593422658664739
Pex1,2.6462226839969647,3.3364845551862605,-0.4613623360709753
Pex10,-0.04387394827696767,-0.12769136833659722,0.3896883045902335
Pex11a,-0.03259204119507819,0.01413963823850839,-0.28125595576940343
Pex11b,-0.07661923790504588,-0.7506889441623552,0.5042914205730433
Pex11g,-0.5577326187596654,-0.09792247895853845,0.01254063051393417
Pex12,-0.2122192398068461,0.12013217504594964,-0.32584184558794016
Pex13,-0.47430993567505464,-0.3982135621088334,0.2236083993399447
Pex14,0.14184396728842952,-0.0421156027410472,1.0546257367937444
Pex16,-0.6228948526015206,0.03591787637562005,-0.020166927143324465
Pex19,-0.3217451957229418,-0.4447006649941585,-0.5542057701166021
Pex2,-0.38811141960469886,-0.8305776070045621,0.2300891559378906
Pex26,-0.5608749871179359,-0.2957961028930587,-1.1653930957327323
Pex3,-0.34744943994428157,-0.352492167858685,-0.03112351046447026
Pex5,0.23523357062317363,-0.1350546132817554,-0.17229878552715316
Pex6,-0.8157794544347805,-0.5701356655724332,-0.6526893158076543
Pex7,-0.743923265600146,-0.5728667162222743,-0.8623941801900665
Pfas,0.5460019395679563,0.4353451419338805,0.31378344791195545
Pfdn1,0.29246157089009106,-0.5125228989073918,0.3750149990720324
Pfdn2,0.042539547143822354,0.09877297296447729,0.5735531617997669
Pfdn4,0.42334038748611924,0.09850228521894344,0.7419378104232068
Pfdn5,0.09252496602646154,-0.2136160102551079,0.2087943932515861
Pfdn6,-0.06260269533204177,0.12708931291084902,0.6703761579082954
Pfkfb1,0.32470837333117397,-0.3660540403839758,0.6195395757791389
Pfkfb2,-0.6883895548626935,-0.17198538787844164,-0.2670802566454846
Pfkfb3,0.5642148929278896,-0.22942530734869448,-0.793829023592115
Pfkfb4,0.20412453904746286,0.05787909188466456,0.3893578761610992
Pfkl,0.14405966877444065,-0.7914065854905745,-0.5677421467447132
Pfkm,-0.7457366574536435,-1.3541531576923873,-0.40268206312028365
Pfkp,0.7433525603522693,-0.004636220988983197,0.18190522421432043
Pfn1,0.00195248103078427,0.09599262333228431,0.3674459928224181
Pfn2,-0.6941245648690417,-2.553765731449924,0.021942058394756714
Pgam1,0.2905912537124724,-0.5281101134360231,-0.8064415477695608
Pgam1-ps1,0.041682217903041496,-0.3640946214222642,0.020160562673114835
Pgam1-ps2,0.04267182455393792,-0.17191105123242822,-0.6447954938351763
Pgam2,-0.5310727822563522,0.11910352172699235,0.08112209565827888
Pgam5,0.07773587879325206,-0.15521318502754333,-0.08323952406283652
Pgap1,-1.962567201865551,-1.1866311812675585,-2.193406309526231
Pgap2,-0.37481489978699845,-0.1038896754573777,-0.025739215163343765
Pgap3,-0.8627737296249052,-0.24495532179597834,-0.7025688023968515
Pgap4,-1.5934999433783197,-1.4996006430915123,-0.3496454130199522
Pgap6,-0.9444784298452449,0.7004184852055144,-1.229486264929979
Pgbd1,0.3243873532143079,-0.09093129217004448,0.12124535273607817
Pgd,-0.5367728414196637,-0.1662906599724865,-1.0075715253377906
Pgf,1.4482317299053349,0.5044035264580751,1.6792399893386145
Pgghg,-0.30375057630719837,0.1639426014834613,0.28350233115161494
Pggt1b,-0.3714531479582668,0.07816430634116767,0.011088139129192598
Pgk1,0.25788719732098464,-0.7787955012025556,-0.5668911886571042
Pgk1-ps1,-0.5169852756195492,-0.3117111408342838,-0.41688615776632487
Pgk1-rs7,-0.18585198361123145,0.0021938675112999073,-0.3773573892948171
Pgls,0.3450205899754506,-0.45573255277888336,0.5665484759156056
Pglyrp1,-1.8024785168822688,-0.46723228060224553,-0.5610681164183333
Pgm1,0.5196903152673791,-0.06619062640861006,-0.406078302079818
Pgm2,-0.8693204400230226,-0.41342043913706306,-0.6911313210639811
Pgm2l1,0.10725090416237837,0.22318591100049368,0.7190337926597088
Pgm3,-0.08371445767970531,-0.04330599361668952,0.006734857128180227
Pgp,0.1383108225273988,0.022713420763228243,0.048065530015507285
Pgpep1,-0.3328706498192169,0.10908747426665766,0.3809709606616609
Pgrmc1,-0.48682283489218836,-0.3611092958266422,-0.18793868996140883
Pgrmc2,-0.1871194745157574,-0.5058526300130293,-0.10956024706440459
Pgs1,0.38679915459082004,0.6126741615436027,0.09691359324392135
Phactr4,0.0006066133290492104,0.18762141233329377,-0.298645976330036
Phaf1,0.03619847987220304,0.14840681675590384,-0.22153036201943088
Phax,-0.014938788991272212,-0.03527647734399064,0.12333783886777372
Phb,-0.08850647988669103,-0.07151092530656378,-0.08536307735996651
Phb2,0.5258143594850573,0.27112717723807833,-0.35009403368042946
Phc1,2.0959111480347072,0.15689612855839563,0.30722737929926325
Phc2,0.534155297055408,0.6050574673360023,0.5068190918487687
Phc3,-0.6593765610874405,-0.7438092459059096,-0.2040602154480302
Pheta1,-0.15493063562589882,-1.0308753647086442,0.21381926155480357
Pheta2,-0.6850451182781715,-0.6688304161288228,-0.6710088468214179
Phex,0.6426256266524256,-0.049853221319259955,4.369520775677688
Phf1,-0.13540099595878363,-0.3058290216333992,0.5704622635107084
Phf10,0.875181338117561,0.06033730343507493,0.24204874543680077
Phf11b,-1.898014266763156,-0.01843994358555161,0.0
Phf11c,-0.4809530350827879,-0.02588551210104284,0.02466125231659122
Phf11d,-1.657009731019441,1.040575501680627,0.004634838036904454
Phf12,0.15598139116067156,0.17088993132587493,-0.06929151149300328
Phf13,0.718038491182595,0.3118285944139121,0.08356102756304118
Phf14,0.4572990695103929,0.1222847529715958,0.11381197880919025
Phf19,2.7573575690820085,0.4087870741132642,1.5988602505063216
Phf2,0.4340591134747127,-0.32573085302402927,0.18760148655739783
Phf20,0.2890445326670097,0.0019949670905976546,-0.11387172252687172
Phf20l1,0.5152117943484562,-0.010058632724726735,0.47832905867262987
Phf21a,0.12901239021698352,-0.7980153700427062,0.5457786947074386
Phf21b,0.6078325742331294,0.6602295148739593,0.3021696054963139
Phf23,0.28978460236094694,0.07939745988345148,0.09735152848377293
Phf3,-0.1380876524686343,-0.12386951276904234,-0.29975150356778535
Phf5a,0.11117076046513041,-0.011327954855471667,0.6169851353754874
Phf6,0.25602993919312844,-0.08400258281123385,0.3906497486592526
Phf7,0.6978094256331362,0.30609092364479107,-0.7597174314992579
Phf8,0.6320848355361974,-0.10965817593518867,0.10783830983084597
Phgdh,0.06280807405881461,0.2409501593694383,0.1998117797336647
Phgr1,-3.35962178665055,0.6885460904329701,-0.9995002966611684
Phip,0.7265558034012836,0.10051752815429627,-0.1934998526827929
Phka1,0.39893864972580095,-0.17983319595334146,0.144903339477243
Phka2,-0.2785338896232563,-0.3864153262967962,1.0341195052732925
Phkb,0.008759654550152263,-0.5114632681036166,-0.04021964200533734
Phkg1,-0.286433851881955,-0.006289306462389482,1.0254359681002654
Phkg2,0.3523997995801196,-0.0903459513332967,0.06079882110028079
Phlda1,-0.5202292174821448,-0.05751903955422222,0.02065109171506574
Phlda2,-0.8445199945945081,1.5061169610606253,0.13551493126269243
Phlda3,1.2662276085635105,0.3289374950964854,0.5621991100254426
Phldb1,0.3331764689639618,0.5782222052493182,-0.18179812465068768
Phldb2,-0.7268287549246084,0.35959479393908467,-1.1094450037415742
Phldb3,-0.9967389656859935,-0.42653413447609223,-1.031314813759165
Phlpp1,0.9388460061395989,0.17332550158065807,0.25726678954943605
Phlpp2,-0.2086623277576498,-0.10766795229334125,0.6507358688355498
Phospho2,-0.2867453752958302,-0.07348662572376918,0.038163118503128146
Phrf1,0.1654196755468842,0.4318625362517272,0.06842214878721542
Phtf1,0.48632626820055247,-0.7731654663876326,1.0778487281903426
Phtf2,0.41250430780368585,0.14020860841581673,0.6809308390690667
Phyh,-1.2871499763082173,-0.787156487132191,-0.5603107323441447
Phykpl,-0.2567823293301714,-0.0411631002556474,-0.3154015359509095
Pi4k2a,0.051837892169949384,-0.20276444994976384,-0.03096393857337798
Pi4k2b,-0.24036818217542955,-0.29988747736218,-0.20162919573217852
Pi4ka,-0.8680392708785059,0.3769142849322904,-0.9865172508682463
Pi4kb,-0.4104749810169537,-0.32478015662024173,-0.005380051883517645
Pias1,0.44054940501193407,0.03080935139512242,-0.3747516267521114
Pias2,0.5665383311908867,-1.596518488821753,-0.4934886090307362
Pias3,-0.3075605784059574,-0.7072632068360054,0.023021144956206108
Pias4,-0.393629824473666,-0.3551639584051358,0.5354734602096674
Pibf1,0.3503588185604567,0.37154762756067194,0.17337064007830838
Picalm,0.09981537124170181,0.24816628168162147,-0.1995749328729044
Pick1,-0.5224324211868034,-0.4582901524514984,0.4908653708047632
Pid1,0.019104964419089477,0.055137720106217356,1.807904388211648
Pidd1,0.5892188858345868,0.10262980548360856,0.8021576295797002
Pierce2,-0.2548491348091195,-0.2053869784179787,0.35014834215539814
Piezo1,0.9924356363631865,0.9481071173983882,0.034123546850775455
Piezo2,-0.5203614499885449,-0.034544312475145375,2.128791403601653
Pif1,0.5482913265464897,-0.16582190476258774,1.3804244022736074
Piga,0.5426024479069183,0.2171753924121358,0.6481435532308377
Pigb,-0.11108005677890409,0.13239858336791865,-0.9280359823181397
Pigbos1,-0.36644613720790864,-0.4536223824853678,0.3053698526728108
Pigc,-0.3727084289225755,-0.24733263618907886,-0.07717287011131946
Pigf,0.3018141602257236,0.2476968277834306,-0.02986812476385614
Pigg,-0.46290496488226607,-0.16897549522832467,-0.5920005614331223
Pigh,-0.5132235743907503,-0.34113482617143376,-0.50356007930023
Pigk,-0.5115033237472169,-0.2455147363067054,0.28409327774005
Pigl,0.1200696959869263,0.6388252751402268,-0.021873024873330316
Pigm,-0.2268329325547569,-0.0808813555809067,-0.30789377144873953
Pign,0.1306799113501249,0.25575856164162936,0.38150802657959204
Pigo,-0.14982870600806653,0.680440527816506,-0.1773642892983398
Pigp,-0.774457367370657,-0.809757538335544,-0.2579691825156507
Pigq,0.453381818880219,0.1165097503005077,0.02072708648226307
Pigs,-0.2610074277339809,0.11476788214626854,-0.38679080167994506
Pigt,-0.22186711304247542,0.018770088900544657,-0.09346835860232616
Pigu,-0.5760637274441534,-0.3759348455851388,-0.03520781111818483
Pigv,0.16115175556155448,-0.4091315664474462,0.21901729313955576
Pigw,0.20207274651567575,0.5216088233036711,-0.017366959788113867
Pigx,-0.49667932729535647,-0.49711602516413667,-0.18691047516243042
Pigyl,-0.3461657869844821,-0.3855790224057243,-0.27674811789786524
Pih1d1,-0.13431081160223357,-0.11014789280253989,0.3684472161769836
Pih1d2,0.007126036877209696,0.2144986838178562,-0.10845170392633419
Pik3ap1,-2.6062256167622526,-0.8987310210441422,-2.806902466776821
Pik3c2a,-0.6563465171371972,0.506090325414668,-1.641780440643017
Pik3c2b,-1.3065171404191394,-0.5159045968691442,-1.5387617895838956
Pik3c2g,-1.7313119291780619,-0.18339895793250216,-3.127749016498626
Pik3c3,-0.6046147848767784,-0.6359065515620124,-1.3676036729467462
Pik3ca,-0.3226592269665556,-0.22897199377074173,0.1469758519934059
Pik3cb,0.20461060327177893,0.30951432376912713,-0.2619824298199731
Pik3cd,1.3400836828140033,-0.13639402782531082,1.917642020462685
Pik3ip1,-0.33302367010324674,-1.1663674955384806,1.454954541654757
Pik3r1,0.1893306421833234,0.018252768493446148,-0.9613545009170785
Pik3r2,0.13668927422245414,-0.5119734571820418,0.5253228364904876
Pik3r3,-0.23412645152143519,0.16143808097369883,1.2456955672319387
Pik3r4,-0.18605058425573695,-0.5058310963712884,-0.6101584537700919
Pik3r5,-0.8771726443424281,-1.242739337694199,1.6161864379977748
Pikfyve,0.0038622297371144754,0.04215387304524887,-0.5646080398414886
Pilra,-1.904156109280954,1.720305054824831,-2.637813454589061
Pilrb1,-0.3471933360051165,1.1434509510305897,-0.9596576990233378
Pilrb2,-0.7648702305191624,0.6488057161685963,-1.3023207110851382
Pim1,0.05684489437081908,0.7284533010504717,0.2703672080511996
Pim2,0.5590127941376308,-0.14084836187553895,0.1820676070467826
Pim3,0.568736473795286,0.5055451462094309,1.1183659583884538
Pimreg,0.8230262105785284,-1.0321458949254296,1.7283959018573425
Pin1,0.5845539490715552,0.026947519604650694,0.47414059177723544
Pin4,-0.2823944615645071,-0.23677839243570364,1.153417172738862
Pink1,-0.2564524880756309,-1.0722624471258015,0.5272996430312737
Pinx1,0.24145137363011848,0.19587080480317143,0.690136447030615
Pip4k2a,0.2817964701976612,0.21013775066463136,-0.9128251656322668
Pip4k2b,-0.06613564524296489,0.07410032013728785,0.1348059150308929
Pip4k2c,-0.2901993814047934,0.31561188557171516,-0.47726370462978274
Pip4p1,0.05996946686834548,-0.2834531464962673,-0.8841438202050362
Pip4p2,0.3641553856538158,0.33465946740419383,0.3919437925052538
Pip5k1a,-0.6582083481553713,0.10687751660115552,-0.042249517589863395
Pip5k1b,-1.0629404569945402,-1.1805386627582783,0.6998316921655365
Pip5k1c,-0.2449454252540324,-0.1333927206476595,-0.41209746924992796
Pir,-0.700447876441908,0.6351106965689342,-0.1586381743908838
Pisd,-0.12889853464161405,0.008830445464821146,0.14499086324745836
Pisd-ps1,-0.09007781571093676,0.04435997755607879,0.7062780862833067
Pisd-ps2,0.08242667526788727,-0.048653527718900635,0.2619589794746572
Pithd1,0.5612922118214492,0.11937513297214863,0.5417642779522831
Pitpna,-0.3114690539941529,0.027125159889436645,-0.32819902963317826
Pitpnb,0.25143615100970607,0.07050812318058419,-0.21284177284394357
Pitpnc1,-1.1545267080420982,0.5574828896571384,-0.8832924717466692
Pitpnm1,0.42957426673422905,-0.42678113844962784,0.10117151803024438
Pitpnm2,0.35203549236584664,-0.05446352041500191,0.6409063367674643
Pitrm1,0.49113089762827755,-0.049269728651829325,-0.7224161455263554
Piwil4,-0.9814430207326046,-0.08649249296961527,0.33366961238926574
Pja1,0.2842888403851873,-0.3341451713872168,0.32710171217172945
Pja2,0.5318162071548569,-0.13573830504015216,-0.6175034883169976
Pkd1,0.30445665693109714,-0.5938732251692445,0.37959571980702833
Pkd1l1,-0.7962915330486591,-0.41715978830840994,0.07572954455867786
Pkd1l3,-0.007500362841085573,0.05967765402209635,0.267781144496551
Pkd2,0.30600670599324875,-0.955765112296262,-0.1119885951396995
Pkd2l2,-0.41457072399787487,-0.1763520358286712,0.12963095265753477
Pkdcc,-0.8791283776630996,-1.6102093672014322,2.491429644909812
Pkhd1,-2.0490245828666303,-1.1041305996674153,-1.360394291234054
Pkhd1l1,-3.2590547237485814,-1.0761089385534377,-3.209831795492529
Pkia,2.7663966306243557,-1.398832264483865,0.06561824566731124
Pkig,0.8239872549353766,-0.8311978418295101,1.3215620089995448
Pklr,-2.6423307867272534,-0.308664357510283,-2.83963976581475
Pkm,0.4822452702883435,-0.3280638264987008,-0.3560513348004495
Pkmyt1,0.6582022218597405,0.11419035581916415,0.4555958261312272
Pkn1,-0.031167294061307693,-0.06641262129034953,-0.040282338707411824
Pkn2,-0.06069715863205438,-0.1731559460723986,-0.16618847242709123
Pkn3,0.24589933563132416,-0.11232693487262058,-0.13335741143468827
Pknox1,0.6101071104563358,-0.006660344311877786,0.49334590942646805
Pkp1,-0.5820942062180006,1.6109649482940127,1.3822054072005454
Pkp2,-0.6792665601905208,0.3250968781518102,-0.6631713269192216
Pkp3,-0.7499268480692516,1.6262990264679726,-0.4123534187714202
Pkp4,-0.32627080380779727,0.09273770656890612,-0.8374694501876183
Pla1a,-3.151730178974842,0.08120878014372246,-2.492827973479483
Pla2g12a,0.17959958738629123,-0.3682459545864205,0.4577680960703585
Pla2g15,0.4021187417957197,0.2403936616461575,0.46937155196731695
Pla2g4a,0.2482494104292341,-0.4875128608472048,0.7108567980582938
Pla2g6,-0.5250574467312159,-0.556655420970702,-0.08043868519042618
Pla2g7,2.75396500521942,-0.5312487620484836,4.780476371014428
Pla2r1,-1.3124403842145664,-1.4552820419812122,-0.7614816580877164
Plaa,0.22318310098603789,0.3362470522108687,0.19947547087914685
Plaat3,-0.25461061424821785,-1.9125376660256759,0.27061607762782547
Plac8,-2.52560325594043,-1.456733748624277,-0.4081809893364703
Plag1,0.6507428606613346,-0.04497452725316753,0.11500121089611381
Plagl2,-1.0175578415594737,-0.0736182521180595,0.15269992113688602
Plat,-1.6310408673940007,0.03354271807064535,-0.758797389026145
Platr25,0.39176290566758,-0.22624273428249086,0.4623245454046654
Plau,0.7621805069307825,-0.6067188686123983,1.3993875641494804
Plaur,-0.42992810370064394,0.3792981331895007,-0.47961233375755885
Plbd2,0.015365680827961192,-0.7140853411742896,-0.14786823140874183
Plcb1,-1.208873594964682,-1.080091089030455,0.04779140565689355
Plcb3,-0.21200503595760356,-0.10072998580214332,0.09313076382971364
Plcd1,1.7286660566153058,1.1741574561460206,2.510321716380747
Plcd3,-0.14136686486107486,0.4557128574243938,-0.01873977158236073
Plce1,-0.7430584617104126,-0.6180408021211252,-1.3996739424507343
Plcg1,0.7904398959945178,-0.4588606641949431,0.7869030738000831
Plcg2,2.3802231467780413,-0.2319312781510964,2.1518199623897147
Plch1,-1.2528152303267506,-0.45729009530841047,-1.5808877579317198
Plcl2,-1.3191641259398645,0.011382896256651343,0.45677493328612595
Plcxd2,-0.2801775415400858,0.5078943325205589,-0.41314503318462714
Pld1,-0.8887197757880951,0.016256837915453737,-0.6871908434859373
Pld2,-0.4015135466936206,-0.0027702301006264918,0.0625927504726258
Pld3,-0.3766076459460477,-0.036054063653740975,-0.31333012148382977
Plec,0.6384038400396292,0.6545385895321694,0.3072568139913052
Plek2,-0.7949860307101781,0.31173593421337475,-0.7447016271958935
Plekha1,0.0183750458173515,0.5002915913029007,-0.04794028089574276
Plekha2,0.8065583605335336,0.33347143301052906,-0.4479191577497481
Plekha3,-0.07855706749202973,0.002225589924699456,0.1794530025271479
Plekha4,0.6773138220574598,-0.114670557427346,0.667143235741998
Plekha5,-0.35782592715258943,-0.520119448235751,-0.2252352157383788
Plekha6,-1.4809450532749437,-0.23284059719533445,-2.1902522026008606
Plekha7,-1.734781088240752,0.14211804847110443,-1.2685930126940703
Plekha8,0.12554826007115416,0.29931244150242087,-0.5242110634565926
Plekhb1,-1.0704490426615099,-0.5105850591019132,-0.35911013247072265
Plekhb2,-0.6012029110397137,0.0995380042524161,-1.447520092243785
Plekhf1,-0.3617800393152679,0.13071439934542628,0.9710193751779732
Plekhf2,0.06869069463710442,-0.02021856378574327,-0.6259472599870888
Plekhg2,0.4835063119327332,-0.08697755548478447,0.15052876604583432
Plekhg3,-0.20897298672032605,0.6641667412248671,-0.3002000505562723
Plekhg4,0.9544210496871015,-0.05783050270742551,2.3607612519922214
Plekhg5,0.18676163638158094,0.2976237400050179,0.5915681629460954
Plekhg6,-1.2046420505556066,-0.5171756970739021,-1.2834713269760418
Plekhh1,-1.571446254545506,0.3401014608199082,-2.8995218978074146
Plekhh2,0.9765625552889787,-0.10067299039741684,3.279028173659725
Plekhh3,-0.006483029296608045,-0.4059436737096558,0.7985997958558624
Plekhj1,-0.29087893199819526,-0.24400119587950542,0.09334172730010959
Plekhm1,-0.5769102285210934,0.0629810193784035,-0.13615023531331616
Plekhm2,0.33973217197949346,-0.2465854130030456,1.198273091187252
Plekhm3,-0.34300992583961554,0.22462483271879252,0.7858825145471329
Plekhn1,0.5454333892608649,-0.1929709944561302,1.3266035510922363
Plekho1,2.6710028088753845,0.23587638780352105,2.3824695371641207
Plekho2,0.2915283586642925,0.06359493656441373,0.7287453752968949
Plekhs1,-1.2098223195251039,4.515731229607013,0.12408319026256158
Plgrkt,-0.9725871849193153,-0.8931090951892973,-0.5158283402648065
Plin2,0.0663972589538453,0.713539066297403,0.7217499124224815
Plin3,-0.8073786305725372,-0.6748912256352275,-0.7378329408552142
Plin4,-1.4739760587131088,-1.803849313675527,0.8614786040505136
Plin5,-0.20853195236477204,-0.5270536344736761,-0.8798814231756308
Plk1,0.5471420131725706,0.12806259176177548,1.3545743003425494
Plk2,-0.004386899565465896,1.516691724749161,1.2160037544637916
Plk3,0.6039605443839635,0.6876289662177228,1.1633776556878717
Plk4,1.1204459423203907,0.12586080675166578,0.7563392807829601
Pllp,-1.4037569514631445,-0.2706124961051269,-1.5601285668024882
Plod1,1.0529756397325478,0.2905562101116548,0.11106074324471216
Plod2,3.4834564275691178,0.8323244852775229,1.3069665191176991
Plod3,1.835639662547405,-0.17139675176564317,0.3359717363404595
Plp1,-0.03371622757812737,-0.2902828416720274,1.4584595206536093
Plp2,0.1467335120920934,-0.14859692131973912,0.485273939704415
Plpbp,-0.17248980775703604,0.10384384754212128,0.3878472592037907
Plpp1,-0.7373289604354434,-0.38917141721948534,0.30633761626045164
Plpp2,-0.4834105069289958,0.16432347946154735,-0.7063964005979404
Plpp3,0.17750104391247845,0.28233171582735617,0.16486667886529993
Plpp5,-0.7898914606270058,-0.5472797211992511,-0.3717021310535076
Plpp6,-0.6594250975531386,-0.3640857635352859,-0.8674126908472357
Plpp7,-1.1069930157449446,-0.4701547031604092,0.012730290810897507
Plppr2,0.5391342002261825,0.3386580616102637,-0.49649519166973155
Plppr3,0.7060911659943387,0.3309384125067911,0.23803390326724672
Plppr4,-0.042271244723303014,-0.04322794606868985,0.4039892690352204
Plrg1,0.17729333588314145,-0.22655315020570388,0.2221540378163498
Pls1,-1.3548863343263715,-0.9814443957974444,-2.446403862034579
Pls3,-0.05438548186028491,-0.27237393280630595,0.30707811389944695
Plscr1,-0.6082777462823499,-0.16932683803395587,-0.7589467349822758
Plscr2,0.4022603825985924,-0.41621952092975245,3.560657968738944
Plscr3,-0.015144684998730895,-0.5594183252135192,0.006334822674405771
Plscr4,-0.9431581680318883,-1.260919357455256,-1.0832243826566144
Pltp,1.6374801357886766,-0.38474596337486655,1.6415704890171716
Plut,-0.269702046827478,0.416823152651169,0.6980424340414673
Plvap,0.952088084600421,0.07130703469413176,3.3507728720506513
Plxna1,0.7023223305784256,0.12197932176202464,0.6976890500645414
Plxna2,-0.8171208299079362,-0.7889224474826424,-0.8353229654118435
Plxna3,1.3524655418368297,-0.33215215921882946,2.0962062864919413
Plxna4,1.6067488631014304,0.30546077698472507,-0.24388168657773246
Plxnb1,4.312198244438935,0.013441119209892216,1.3397062598205443
Plxnb2,-0.34869449924641316,-0.006351416094398488,-0.5647588378204311
Plxnd1,1.2787251165782285,-0.6753773789557056,-0.11894859513810374
Pmaip1,-1.3764629715893815,-0.0018631785688212332,-1.7543541426550862
Pmepa1,0.35192180417241925,0.1658724483562617,0.6208548034206345
Pmf1,0.2224346428421855,-0.7061433172555498,1.1103013393236019
Pml,0.2450045456726846,0.44470972331467706,0.2946375987020948
Pmm1,1.1197975251275798,-0.2425679264672338,1.8476455805841203
Pmm2,-0.7162900334472209,0.21673515105840124,0.5827254834543023
Pmp22,0.8684284342953696,0.6131324226078851,0.6908992948531916
Pmpca,0.1411907292276231,-0.008732739092743635,-0.05743025087465803
Pmpcb,-0.2859771654552574,-0.5347793126300253,0.022664183486072353
Pms1,0.44725797395899214,-0.045173473645141904,0.6824985552859935
Pms2,1.5258189004686962,-0.15718554752688974,0.3969079981694632
Pmvk,-0.7979216489207133,-1.66161576294615,-1.5157597402374607
Pnisr,0.0388299348538137,-0.29840279420565086,0.7948671281489634
Pnkd,-0.4807369696068369,-0.40878024341969077,-0.189653738997845
Pnkp,-0.16621783236344356,0.12101417352897403,0.06497442638671558
Pnliprp2,-2.8781975457028692,-1.6141299691061475,-0.02855597984970754
Pnn,0.2980090974324696,-0.026499243303938158,-0.12223562945955635
Pno1,-0.02178961898713183,0.32207631999942876,0.25187683088299284
Pnp,-0.11428068006811465,0.4786526323206548,-0.27549163972286905
Pnp2,-0.1891669080224413,1.2678163496083086,-0.03373754591940245
Pnpla2,-0.7514542103908095,-0.4540883953373367,-0.5109606588741151
Pnpla6,-0.44362762485218354,-0.25988089085875643,-0.9002383689097782
Pnpla7,-0.6252731453562181,-0.2660096198044286,-0.3838734389977887
Pnpla8,-0.7303260237524221,-0.948931862602381,-0.8643107652589181
Pnpo,-1.066601782694979,-0.2775124898777035,-1.1293316433351444
Pnpt1,-0.24240377509121203,-0.24349937231038155,0.238845014957624
Pnrc1,-1.0658875285707508,-1.618135672600661,0.27164892150374165
Pnrc2,0.04085869162844524,-0.7120250062806326,0.28855661969882007
Poc1a,0.6388854432100328,0.10603310465999716,0.7416632391782252
Poc1b,0.18335522155450512,-0.1524120799206896,0.8888928759429366
Poc5,0.031534203787052295,0.2977871691505194,-0.22011057450023586
Podnl1,1.650426319504382,-0.44838791445655213,6.1413860654295425
Podxl,1.3535387183232048,1.065254380993534,0.8837412755079894
Pof1b,0.4859395229841778,0.990676852885965,-1.325908054278142
Pofut1,-0.36043546187110653,-0.47677748956485644,0.5887510532221896
Pofut2,0.29566571752730386,0.13088987983458544,0.40655830300657314
Pogk,0.47832026296866026,-1.076237229768834,-1.1136623722149395
Poglut1,-0.39187394727565206,-0.4443023981587695,-0.16819958271936386
Poglut2,-0.08448996135197007,-0.26763489244862093,-0.3406410485306903
Poglut3,-0.24256460630238852,-0.8752587515513035,-0.5233168415833864
Pogz,-0.11981264215999854,-0.19089315649764238,0.015092052087584129
Pola1,1.3997159368791277,-0.04863695914486321,1.7667161957489492
Pola2,0.4262813064941744,-0.03713276137068888,0.21101826599756635
Polb,0.010542658194767185,0.595303864802367,-0.10351487698042483
Pold1,0.49015080624796603,0.5095292775227893,0.39737415656382424
Pold2,0.15046416174379385,0.014856921335041129,0.7840572029455188
Pold3,0.6125219954534415,0.24808353275616657,0.35048497235280607
Poldip2,0.13480043505471961,-0.30914670251626575,0.22259161610970057
Poldip3,0.2779526928050755,-0.11642765482969697,0.21793736270983022
Pole,0.7696955113800001,-0.20482081115922757,1.1366750867842557
Pole2,1.1907610731115201,0.17614786644624258,0.12526781992332658
Pole3,0.14371782594833604,0.11225964976306635,0.647962221722862
Pole4,1.0818192574570773,0.8024432580864129,-0.06513879288917934
Polg,0.4076519408348691,0.5648494933913675,-0.09214448905523653
Polg2,-0.5443612169460383,0.0038142603567168365,0.08939497204958968
Polh,0.6570171072151654,0.46550718162026605,0.0009465324763926475
Poli,0.38205759889949187,-0.2431734399713248,0.04519201764932568
Polk,0.0824183810666912,0.07745976278826205,-0.555832870726956
Poll,0.08742092681284852,-0.06636526815113264,-0.061337447354973484
Polm,-0.2670422330293025,0.1679395834240145,0.39279843560295813
Poln,0.10790409417556351,0.06336846463793316,0.8429649222997061
Polq,-0.14498687172846791,0.4515235754150875,1.231481124951181
Polr1a,0.8299196045514998,0.8532586839780407,-0.3292564336360577
Polr1b,0.13596131322342853,0.6652640817940023,0.063468668327757
Polr1c,0.012129868525002863,-0.1292980913670263,-0.37295089492342726
Polr1d,1.137189603578654,-0.5991802843822853,0.2442578572288845
Polr1e,0.35398531344649964,0.4263150696958897,0.48274942399141985
Polr1f,0.12711585217944066,0.1120635525183431,-0.07440966004631377
Polr1g,0.4904239371629693,0.6412130011790227,0.22619162263087933
Polr1h,0.082202753990269,0.20292906265268762,0.6704955239938135
Polr1has,-0.15726781913878574,-0.1544665542791699,0.5926922999468425
Polr2a,0.3105290980345794,0.23668058932252922,0.15033702180207165
Polr2b,0.15487055282814843,0.4480775845500382,-0.25397527584424395
Polr2c,0.35797974764106133,0.10599617441017894,0.6656475626648186
Polr2d,0.5177828439031025,-0.1408081245413637,0.26755448096021706
Polr2e,-0.4440774431244465,-0.3528968704648481,0.1359021926918551
Polr2f,0.09914273270393892,-0.2630655970745437,0.6535061603098251
Polr2g,0.20598265055891307,0.2451901653494728,0.021297808682736452
Polr2h,-0.6096968274107892,-0.1425450717684118,0.4444679811645047
Polr2i,0.024582026269981405,-0.19936806266130258,0.6489282324964605
Polr2j,-0.34374679737995173,-0.5162683599221367,0.4677698377922388
Polr2k,0.0594539382400634,-0.3358131065973553,0.36579484716504007
Polr2l,0.33627005476728655,0.11433509025091837,0.6359442304336618
Polr2m,0.49830989272869086,0.010519589048145761,-0.11180122984469776
Polr3a,0.44818543782089826,0.8061564573469431,-0.5548453494671284
Polr3b,-0.18523542377243007,0.23787151081196356,0.26838359220348185
Polr3c,-0.47132775626213874,-0.3588561101836145,-0.010776300979681075
Polr3d,0.6723539858420002,0.859479782546221,-0.196718243648621
Polr3e,0.14558646736980219,0.32684599222381294,-0.03954231900237648
Polr3f,0.10209300323254844,0.2735526305952556,0.07450480218525257
Polr3g,0.10344278279811903,-0.034538481547151,-0.908682086685912
Polr3gl,-0.463776154955025,-1.1123303092827759,0.15121294601902857
Polr3h,0.46415324428592264,0.0072790987871416135,0.5685755256017773
Polr3k,-0.367591138576544,-0.3014399040039315,0.06582175940298729
Polrmt,-0.31250790370640047,0.05611773709315049,0.16445647758667015
Pom121,0.3957247235409902,0.5139390735164859,-0.9257292134201434
Pomgnt1,0.3916687174814877,0.6629315086076701,0.8569716927357796
Pomgnt2,-0.3935872684316917,-0.26036149907371975,-0.10978375907180338
Pomk,-0.043631170721467605,0.32312311900465573,-0.13138656899313972
Pomp,1.386720065861451,-0.7578765412555102,0.6494388216101745
Pomt1,-0.4888146176695427,-0.32183202395639565,-0.12264415618791613
Pomt2,0.35543732905354597,-0.09316972635667753,-0.44272837822002664
Pon2,0.3854689912050908,-2.0821414936001212,0.043695635737853955
Pon3,0.4099251571939644,-0.930141460535,-0.6490730732024641
Pop1,0.1704699362053841,0.10057984635274853,0.8885322819127666
Pop4,0.24425375406933014,0.4639143829597634,0.7326824758159525
Pop5,-0.7167963021932922,-0.5534264150273138,0.4824942059883437
Pop7,1.086654131837788,0.029450642407386596,0.599642105288809
Por,-0.9109625633684564,-0.621975171390913,0.1253597736914882
Porcn,-1.473233200413246,-0.9455668794291352,-0.7931931293817982
Pot1a,0.7489416335540819,-0.03720719843154274,0.07472270177309515
Pot1b,0.23047235510157393,0.07456538820059722,-0.6175323191568822
Pou2af3,0.49137895841047907,-0.010037946182130837,-0.7113445757408718
Pou2f1,0.8009063154117331,0.37771526124076127,0.20517952534502104
Pou2f2,-0.10682900570341614,-0.16173307805278964,-0.735298550151626
Pou4f1,-0.225352540168533,-0.36824409308106365,0.859470432567468
Pou6f1,1.9315856578956732,-1.6198855487351322,0.21697497589674342
Ppa1,-0.12872836680288913,0.14005413949299683,0.19086459362589725
Ppa2,-0.14093737254798366,-1.121217925409387,0.3482625363865388
Ppan,0.3084615801440025,0.10047524118161633,0.41556266227037053
Ppard,-0.36356285584497616,0.9284597313840166,0.09853627391403563
Pparg,-0.3724329881360182,-0.04651305117360227,-0.9260120898280961
Ppargc1a,-0.26064739960580363,-0.9947011112166682,2.2037972188755046
Ppargc1b,-0.5460740772383468,0.75465612094121,-0.12829626765053992
Ppat,-0.15745656087096638,0.2626650293774748,-0.668708597561487
Ppbp,0.34399200522869844,0.07275516706298157,0.28842511192799797
Ppcdc,0.3585514069455513,-0.11547654252651895,1.1425524035184162
Ppcs,-0.36109018271508964,-0.6355660236174163,-0.3201708569597712
Ppdpf,-0.22646367072279983,-0.46913008672109413,-0.1502369975680118
Ppef1,0.9048202415857457,-0.6500025948037904,-0.04831693651094922
Ppef2,-0.13207475590704307,-0.045464014172620804,0.8949514976594386
Ppfia1,-0.1576491797852846,0.3891718339995922,0.0386287128259859
Ppfia3,-0.7843130614933784,-0.3921257305717205,-0.6054625457102214
Ppfibp1,0.8598933842764405,0.7873365137290378,0.32008627109220456
Ppfibp2,-2.0518471370728806,1.986611379585428,-2.164193276127773
Pphln1,0.47002879467152514,0.2228877826628839,0.027310615105347047
Ppia,0.13609502696362696,-0.32494639286934124,0.342568455569193
Ppib,0.5880233311556129,-0.34369308386078323,0.1638508593389858
Ppic,0.5429448453842101,-0.7485463449470551,1.6547566487550034
Ppid,0.5408377533286659,-0.05926321883250285,0.6363243451520191
Ppie,0.103104570397071,0.38636930344989917,0.46702423900454626
Ppif,0.04818933854799479,0.013084048894389966,-0.3494365297933122
Ppig,0.04929428556210613,-0.14924774153626785,0.1693139189098325
Ppih,0.2507269748262937,0.015601556529881044,0.7872535882005547
Ppil1,0.3784333033573759,-0.08327870840214491,0.8123982025825764
Ppil2,-0.7731456142521056,-0.03257983206618853,-0.174058835522529
Ppil3,0.0003048116110413446,-0.5018079139192491,0.38852120219948505
Ppil4,0.01869984872193875,0.027483686179625266,-0.10928243697486728
Ppip5k1,-0.27963123692269454,0.23491575843435353,-0.10343675417848974
Ppip5k2,-0.5509427608935509,-0.2542300965204003,-0.8673768377510349
Ppl,-0.3731406292938191,0.5473207711019468,-2.450286924600464
Ppm1a,0.027530174684846642,-0.14227485987061872,-0.5312693909060107
Ppm1b,-0.12567778984474387,-0.0954197074106986,0.03173453953826488
Ppm1d,-0.12069901846361653,0.26840694599279136,-0.05320623766287724
Ppm1e,1.7113866506679565,0.0391758475873461,2.559781634761426
Ppm1f,-0.04819738550805042,0.31237615742615343,0.2807093051058178
Ppm1g,0.11837530406888241,-0.22455922488007474,0.26751430918480956
Ppm1j,-1.5702999569746647,-0.7763389353075121,-1.5157642695362203
Ppm1k,-1.6553482815078706,-0.07649302522310264,-0.5696956663279096
Ppm1l,-0.2334787289585023,0.20801505751952476,-0.8968740594974207
Ppm1m,0.6029713581364016,-0.2988900380189605,0.489581686026888
Ppme1,-0.010497295670944595,-0.10399040512451663,0.2786337668029901
Ppox,-0.32054207217658703,-0.4331812944939135,0.8941842689538788
Ppp1ca,0.48414095778606736,-0.24524630353382548,-0.036150027978265165
Ppp1cb,-0.42140505358828495,-0.24150625499606537,-0.47145803398868136
Ppp1cc,0.17530879244200115,-0.5704578797444668,-0.3948258269473168
Ppp1ccb,-0.13036326934528408,-0.21448821871001322,-0.05351111793882435
Ppp1r10,-0.3010281162116595,0.1618380030636244,0.27955580422858617
Ppp1r11,0.3422591582083463,0.3870585482874196,0.8920496543655938
Ppp1r12a,0.06017839914334466,0.14797027572376997,-0.406267237053652
Ppp1r12b,1.3673162932145044,0.07703420231514713,2.2694689905297833
Ppp1r12c,-0.10009138190598321,0.07445910774782494,0.5614045919719359
Ppp1r13b,-1.3588073751277046,-0.4471670286704734,-1.693906092920399
Ppp1r13l,0.7051454423466339,0.42827578082219997,-0.11702531288394091
Ppp1r14a,-0.45140492651115804,0.3292658336347457,-0.37109605032886495
Ppp1r14b,0.5610447723457721,-0.21255761625478264,0.7827173040325235
Ppp1r14d,-2.0826922748401007,0.4768821277617572,-0.08103957187251593
Ppp1r15a,-0.014997982554376676,0.37239380841624303,0.9900210434771068
Ppp1r15b,-0.0737144714602529,-0.12447691897341162,-0.4489230461546443
Ppp1r16a,-0.16904873603525328,-0.2629410610762868,0.4755921790109614
Ppp1r18,1.1122956558295352,-0.04066671985299308,0.9439317549586468
Ppp1r1b,-3.068222644232722,0.10716736260252802,-1.1427473118261937
Ppp1r2,-0.5416262845215876,0.3500221559613692,-0.4005488950432623
Ppp1r2-ps2,-0.23290624228153023,0.237716067507319,-0.30619121060440124
Ppp1r2-ps4,-0.1895497711181915,0.08117534448130403,-0.21601287310526185
Ppp1r21,0.29550301490382314,-0.3412203240534968,0.26855067169277635
Ppp1r26,-0.05201751061744672,-0.05508049153031549,0.6202431294957469
Ppp1r35,1.0083030432509927,-0.4584080899626173,0.7898788318952867
Ppp1r37,-0.784613837086698,-0.36209348485155335,0.2047597902325906
Ppp1r3b,-0.9776906263119556,-1.1063838477748564,0.6875443389063345
Ppp1r3e,0.5932239579849168,0.3353086408429884,-1.0229263989471118
Ppp1r7,0.07805540089448382,-0.09998583972473796,-0.14878136515264373
Ppp1r8,0.5330708753806412,0.2408684924230755,1.0239311152590114
Ppp1r9b,0.4194803574269912,0.034904389830522575,0.16319293188189832
Ppp2ca,-0.09157588802455674,0.021384754142564688,0.04121289597449618
Ppp2cb,0.11478116884742029,-0.09366366102933199,-0.3909856674431236
Ppp2r1a,0.4577323335914105,-0.13615633071003863,0.15689727839978396
Ppp2r1b,0.8455065600872009,0.03161077055871164,-0.11624881545862387
Ppp2r2a,0.5713052391483044,0.37648903295559055,-0.6502809779149343
Ppp2r2b,-1.0958582435116762,-0.46159625268288906,-1.533280305254703
Ppp2r2c,-0.38163852128045683,2.616230543006277,0.0
Ppp2r2d,0.6325492244338919,0.12610742106608885,-0.008221609326948709
Ppp2r3a,1.0776302606598502,-0.44806069492794,0.2913356080009919
Ppp2r3c,-0.026886349567218915,-0.16809088292976382,-0.546958920940849
Ppp2r3d,-0.3687981660386459,0.2206373459491351,-0.8846677086949382
Ppp2r5a,-0.29645651733210077,-0.1696834097888189,-0.06123248217686683
Ppp2r5b,-0.9282458458432279,-0.29319064738615364,-1.903574016482981
Ppp2r5c,-0.03719270183177681,-0.33482002526257393,-0.6219284278670489
Ppp2r5d,0.29643256213279745,-0.1933177887807913,-0.03683940371094252
Ppp2r5e,-0.19396133683215222,-0.19976383354312954,-0.8329339182419613
Ppp3ca,-0.17894138011499994,0.25451750881872215,0.723916021921089
Ppp3cb,0.8721762192908304,0.2654715989187375,-0.08936212511959507
Ppp3cc,1.1847215416228087,-0.33295924781581476,1.100193618427297
Ppp3r1,0.024489324516955513,0.036009272689423,0.005121255865826235
Ppp4c,0.1390043760712727,0.1447052586132056,0.022734307605407622
Ppp4r1,0.5602093294406805,0.37616532289659244,-0.07875395351674008
Ppp4r1l-ps,0.29217370651556296,-0.6854554480026633,0.7957727835969348
Ppp4r2,0.7455266491227741,0.1697338775188202,-0.407057636032536
Ppp4r3a,0.02718521926923234,0.09571287307415677,-0.25212988977580064
Ppp4r3b,-0.024643298279730885,0.20699549672044082,-0.20899079385994224
Ppp5c,-0.06730135985543129,0.36514823161863674,0.4053525516323866
Ppp6c,-0.03559509083820345,0.06916873656053113,-0.11909944454585997
Ppp6r1,0.1642262290435781,0.13196987338520927,-0.453730883067899
Ppp6r2,0.35113738475724965,-0.6863399799783871,0.6318901259948868
Ppp6r3,-0.19125103687509792,0.07658080121303446,-0.5088630772389768
Pprc1,0.16700962932945362,0.7643373527251267,-0.4069739638010734
Ppt1,0.07442983560095406,0.01688183345398908,0.29423085403851523
Ppt2,-0.17015448529818045,0.03458433420904328,0.09597076996940146
Pptc7,-0.36857798610018655,-0.07205253135821277,-0.5497407079833079
Ppwd1,0.4787177032339369,0.038658592090417,0.09693449100270124
Pqbp1,0.1837758788365056,-0.5487264528671059,0.9964899272512548
Pradc1,0.08038197973507799,0.07006402257928279,-0.36384870004992464
Praf2,0.2143089437248742,-0.5167553786020704,0.8248118439605125
Prag1,-1.5389330709568112,-0.08233038133804182,-0.10333000626974354
Pramel12,0.12205821204278289,0.39248792051576786,-0.6954361891629095
Prap1,-0.7655453226176805,-0.419821246854864,-0.44559923468537155
Prc1,0.8642840857556733,0.34025584300538725,-0.0008030634438638273
Prcc,-0.295311401331559,-0.36831204046284327,0.24402811171082206
Prcp,-0.22533206087259483,1.109599478347297,-1.0619965499850323
Prdm10,-0.2641994792703146,-0.20881373151593774,-0.48825856547396995
Prdm11,0.0,0.0,1.539005797673481
Prdm15,-0.31494361973680896,0.022137291300631468,-0.22387350842058185
Prdm16,-0.497850618074546,0.1722470735639846,-2.3411638618661064
Prdm2,-0.023079658392752833,0.35746008436334975,-0.09929741621727572
Prdm4,0.44166541479089805,0.17535567172804978,0.1150550902224774
Prdm5,-0.5513572942283922,0.0,0.5164772881427682
Prdm8,0.3197729291646813,-0.3543930291816029,2.3344935619989355
Prdm9,0.2283106570046025,-0.09418783722455526,-0.5448542017031823
Prdx1,-0.34652490786487533,-0.3691456683225294,-0.8325065775442155
Prdx2,0.2796722217535752,-0.7043215357600738,0.5800552348980901
Prdx2-ps1,-0.1109552639089415,-0.3214643781574633,0.45166840413578413
Prdx3,-0.261804306415935,-0.07706213123889949,-0.25257335410584325
Prdx4,1.1874273396508395,-0.6472663363422333,2.949995923267859
Prdx5,0.4145203883016615,-0.3874901582092596,-0.5228970195697187
Prdx6,-0.0940712435345965,-0.10311687739226372,0.21243725270739944
Preb,-0.6047931581306774,0.26386601557700473,-0.2374978564947705
Prelid1,0.24754751327792945,-0.42485055402304894,-0.28804757148680515
Prelid2,0.5083661078649278,0.7722505338644562,2.0307941864084826
Prelid3a,0.445489718124064,-0.4145751224826375,-0.8377557912182891
Prelid3b,0.2774918205179304,0.49503753601015,0.6706711483782666
Prelp,0.5130017556529405,0.07499020525843922,2.053424331183535
Prep,0.05032313443802394,0.09561319446817418,0.13237649419572062
Prepl,-0.2566527864425252,-0.1096377326733986,-0.7696138371274701
Prex1,-2.1951818076418435,-0.33817896446492224,-1.625211048621289
Prex2,1.5521978287137133,0.15903740814007336,-0.1548773270091246
Prickle1,0.7508098637703913,-0.9250543758911087,0.3101536574814392
Prickle3,-0.010616125734642434,-0.7210818190447166,0.9357193269004198
Prim1,0.4491511184906951,0.06124052158923998,1.0165816039471451
Prim2,0.48167553298529775,-0.04566849760028191,0.4080678266979163
Primpol,-0.13792696960623463,0.14285554012065127,0.2985690231277687
Prkaa1,-0.2024341124001472,0.16780355774216993,0.2645974305436942
Prkaa2,-1.4200921657481096,0.5498489705478358,-0.9015391486515096
Prkab1,-0.5066895454913949,-0.18066788913216847,-0.084526442554826
Prkab2,0.6599493400139376,-0.11673986967110128,-0.0046671240362550215
Prkaca,0.2373889310855244,-0.44516348059256305,0.3430496687067466
Prkacb,0.021383326047848428,-0.1651525372517888,-0.17205869316477962
Prkag1,-0.15844772468100254,-0.40915832115402884,0.7142440372726413
Prkag2,-0.4484725091935804,-0.42450414918417323,0.22348710322026566
Prkar1a,0.18348567373120517,0.1818259619341145,0.13070972275497184
Prkar2a,-0.14053866902823753,0.3606180944004507,-0.6813705190858279
Prkar2b,0.9693987690631287,-1.6407008045372438,1.3015215224203205
Prkca,-1.1710997650289725,-0.37916713558684556,-0.8789520764953593
Prkcd,-0.12472654236118075,-0.1427636464380022,-0.9337131987010743
Prkce,-0.3851640945344741,0.7670476987194021,-0.14297354438115395
Prkcg,0.37402151132411626,-0.019131461478497994,0.7416823318460748
Prkci,-0.7676551217405576,-0.4547229995771733,-0.4523563253954057
Prkcsh,0.15474388383415327,-0.26293878143213956,-0.2966384151081698
Prkcz,-0.3523763021923938,0.09581856681036571,0.03350745699085668
Prkd1,-0.08092766875931356,0.0031908407200751804,2.176746978251875
Prkd2,-0.4293107005856811,-0.09684935051742016,0.019733583374289765
Prkd3,0.7251891202223106,0.177787742279083,0.06927360051587783
Prkdc,-0.5985464485343366,0.17195606085741622,0.204634358676258
Prkg2,-0.38094090656801427,-0.6165616116358681,1.0261870485346192
Prkra,-0.21996352476569214,-0.8702905972041686,0.035878273360121504
Prkrip1,0.0014722602990762113,0.1619731553149082,0.7614795140243444
Prkx,0.020791638654952926,0.3875188599753079,-0.7259125488269307
Prl2c2,1.9838388698637566,1.4703093895095538,-1.4933524892962087
Prl2c3,2.5706790687754326,2.53296779998436,-1.0723099814208719
Prmt1,0.4995849195345805,0.07894322306337109,0.3785528747576663
Prmt2,-0.03567516128147119,-0.2983540058492409,-0.5087938978023026
Prmt3,0.21200814690742842,0.3000763773030757,-0.0672186423040424
Prmt5,0.763510008890453,0.5091345730849888,-0.03674595170472017
Prmt6,0.3390103122229191,-0.4300193695980359,0.9603519155691544
Prmt7,0.4542790995517434,0.086771974809003,0.17435896244202898
Prmt9,0.0100995640308712,0.14998424095369156,0.5401647758520767
Prnp,0.3603389840493012,-0.40174477547098064,1.5760047835687354
Prob1,0.6295493264552553,-0.015630361186214747,0.7981513025473741
Proc,0.42732203466622287,-0.6899110194685127,-1.7263772154364452
Procr,0.14217866595018336,1.0474425081454406,-0.3612369778931308
Prodh,-0.41663082071107205,0.9062004036968316,-0.5058884841984703
Prokr1,1.6769801889706575,-0.10409688220802726,0.3314969824509866
Prom1,-3.7712913078756047,-1.0789845838959797,-0.8719169260538462
Prorp,-0.458597910827212,-0.006502761365122289,-1.1749580917031044
Prorsd1,-0.3259199577314629,-0.1336232458189328,0.06368920398133326
Pros1,1.3161557681818081,0.30654081732790583,0.5614212445800288
Proser1,-0.3645759748106494,-0.2831123391933783,-0.12014366089493844
Proser2,-2.252207709933925,0.3078453288963461,-1.2466026354367647
Proser3,-0.10429912816211129,-0.09729549727958808,0.25424570342871045
Prox2,0.12136107546561226,0.09155419771974227,-0.6038225794620229
Prpf18,0.059564113106212346,-0.0054597853237048355,-0.2580280115249405
Prpf19,-0.05285699912705333,-0.024937901279797003,-0.4493163833129934
Prpf3,0.37030077411503903,0.13630591975352502,0.9048788244691259
Prpf31,0.029844107119558316,0.2888505393686893,0.46570652092564835
Prpf38a,0.305804870400717,0.18528049974498106,0.013068610333775155
Prpf38b,-0.06765784562802857,-0.24758364353487394,0.19334905323176166
Prpf39,0.5768262483401045,-0.0738896434780747,0.6786541501531875
Prpf4,0.30441499713448206,0.6578452215805495,0.010580081781828454
Prpf40a,0.21202867339989773,0.21383387695720923,-0.2195289649916612
Prpf40b,0.037911107216785034,-0.3814934845128435,0.3372677588205626
Prpf4b,0.24176125496477407,0.12485508321294159,-0.14100287436040215
Prpf6,-0.04548596453747589,0.07206114984810519,0.22316314451537522
Prpf8,0.07608609538165823,0.33421240409839115,-0.28174322625919146
Prph,0.8774627017523329,-0.2634034647255566,-0.2572328201606441
Prps1,1.0421936456023255,-0.47861974377146854,-0.11764020909470307
Prps1l3,-0.2932212511190615,-0.11141009786396427,-0.806151887779567
Prps2,-0.3407367180292882,-0.8090432834062646,0.07588055061716581
Prpsap1,0.15093904913688228,0.2742563744479103,0.6116700914810966
Prpsap2,-0.39773795990984073,-0.23638666897809735,0.7777955025985674
Prr11,0.7365655958209629,0.3121211238810542,0.3721278888700388
Prr12,0.42593290880270995,-0.039373991456368884,0.35104565530808696
Prr13,-1.3793069865635932,0.016283717634804518,-1.3208002683084663
Prr14,0.10716789366977064,-0.2564545644197782,0.18694979083813923
Prr14l,-0.2411070869590759,-0.0203906952399997,0.12055517183497022
Prr15,-2.3720373266278383,-1.5783237146407894,-0.049445082947077196
Prr15l,-2.4796857683713203,-0.09928327179738483,-2.0643687529967254
Prr3,0.5257374911425443,0.15729530735577324,0.6265959128259917
Prr36,0.3474481953145082,-0.4146834075107283,-0.15072890900144276
Prr5,0.20626645702737978,0.10425633913686827,-0.033016145539837005
Prr7,1.5509010148663342,0.8081772470526771,0.6506354367342796
Prrc1,0.2003480547788179,-0.1487553234088761,-0.7868356346833307
Prrc2a,0.6280937188119697,0.2822566883620752,0.2456047623145441
Prrc2b,0.48305070425269037,0.4427936917605093,0.3849168334338824
Prrc2c,0.18602574486194534,-0.0005333015853317136,-0.2569375065500772
Prrg1,2.1305694470949876,-1.0925649105328548,0.04404823678932235
Prrg2,-0.9447558265655789,-0.16770683479497528,-0.46478505214813026
Prrg4,0.640515437848252,0.706652163051932,-1.4696161900705893
Prrx1,6.0210583818619945,-0.023393628948020443,4.616065714749047
Prrx2,-0.2767515136911758,-1.6739846267245388,2.750919568074396
Prss12,0.6118760702391768,0.9181979271443441,1.0412067451599352
Prss16,1.097795121748424,0.21783502462316923,-0.2702937296920549
Prss2,0.9755337732782108,-0.48496684135267215,0.037809669886243125
Prss22,2.854552173823527,-0.18415575513787452,2.0321079715494377
Prss23,0.46348265193206073,0.311240592991591,2.0901328835804067
Prss35,-2.8315091410423654,-1.082994928129354,-1.8262986285430827
Prss36,-0.2964525217013345,-0.01762563931151262,-0.36297638243845
Prss8,-1.068027010780221,-0.05687888632945559,-0.7784069700317846
Prtg,2.10594411349308,-0.03168686258229505,1.963163366660643
Prune1,-0.7357763235817352,-0.266647773682938,-0.8853183185701994
Prune2,2.5600428902723125,0.09715298720621474,4.485363552637733
Prx,1.3512213389192849,0.34510378960799093,1.2483471201896856
Prxl2a,-2.3960391826752003,-1.1069673745654844,-1.8254260485691391
Prxl2b,-0.552969638373441,0.0,0.02559483979567489
Prxl2c,-0.0890614830290728,-0.7185973031648607,-0.7084137387377218
Psap,-0.22995287678597265,-0.5733239021785828,0.015682800643901373
Psat1,0.26477894120438883,0.21872857558153314,-0.6192564750564014
Psca,-1.6222754832510862,-0.6875711671194339,-2.721119610458935
Psd,-0.22578259589094118,0.5916077769369603,0.6546291853842541
Psd3,-1.2014747710545777,-0.6796204675425268,-1.6599028321274103
Psd4,-2.2110954667373015,0.057869814570323364,-0.6399638850154208
Psen1,-0.7025219868131245,-0.04235534029728072,-1.042754753276566
Psen2,-0.8436309972020384,0.37818535981504775,-0.8892503894258459
Psenen,-0.38265430888703555,-0.31909287807909514,0.1362269586040119
Psenen-ps,-0.033874086268312786,-0.08817537644639128,0.10475715565865362
Psg17,0.24800994927089898,0.03804308731102807,1.5637058912550814
Psip1,0.43134805835510015,-0.15985720185484809,1.010753118385189
Pskh1,-0.06484718181204308,-0.535311020958245,0.16874565690864074
Psma1,-0.20380475222700767,-0.04464468071747074,0.1940296002139119
Psma2,-0.02032854829263897,-0.2572586587224981,-0.3104691454676818
Psma3,0.35198756130480024,-0.24370987989715331,0.22598513857313574
Psma4,0.3153430458031439,-0.30062414626145184,0.3507498363417074
Psma5,-0.08482585511942098,-0.5209924744403196,0.1895859950969081
Psma5-ps,-0.29150609065806976,-0.1473051280822837,-0.17018637651976942
Psma6,0.060552035288671036,-0.2915152150455542,-0.28565353774388313
Psma7,0.08967357792471198,-0.3128376574180951,0.5727188551062312
Psmb1,0.13876050302227227,-0.12560546491607028,0.11133081739525519
Psmb10,-0.2959112768343335,-0.11496715533925439,0.747013991210534
Psmb2,0.12127152319982315,-0.053927206407802686,0.7071267301358386
Psmb3,-0.10356815789086138,0.06748043619814936,0.5998340770977926
Psmb4,-0.32737057747611686,-0.5212659059721787,0.32765135664258693
Psmb5,0.015911736437129953,0.13402835274594427,0.09435744995030149
Psmb6,0.02936238879165387,0.0864853102973937,0.5323916118554459
Psmb7,0.1628324888528656,0.1308304570153096,0.017871947984576586
Psmc1,0.27015603209249583,-0.09870129637628633,-0.15114245050222497
Psmc2,-0.006295244227329633,-0.48433107250102925,0.7215523816592144
Psmc3,0.08390691248638849,0.011089770838309754,0.3989000382547152
Psmc3ip,0.7551490401396772,0.06874790668455688,1.3915978211990825
Psmc4,-0.0034878738292487554,0.3323490461308811,0.2599269580323167
Psmc5,0.15741024929470537,0.2512197141778847,0.48611132893083475
Psmc6,0.5160551393012254,0.22298879851211684,0.16057024254432406
Psmd1,0.3455359856694358,0.15181451180823657,-0.3670029073775227
Psmd10,0.22926654151626202,-0.33127643715582566,-0.08338063341115287
Psmd11,0.23926060078006373,0.1933573751533828,0.01376102670653534
Psmd12,0.20392524227204234,0.08073132406421735,0.2886826648317964
Psmd13,0.0835233470693808,0.11904307851665497,-0.23103962306781778
Psmd14,0.29578870145080227,-0.10773825662837311,0.36490562624049794
Psmd2,-0.31986571614338466,0.12417227055961,0.09783287734358836
Psmd3,0.17214980575717398,0.03808775495777894,0.37836869235899506
Psmd4,-0.13199153311726963,-0.15631335831714654,0.5854871968331912
Psmd5,0.18097442638580574,-0.14520744311491285,-0.17492747061833924
Psmd6,0.3288588712214304,0.033127243742216095,-0.36388956162657937
Psmd7,0.17866055062720587,0.07567850472598092,0.14188631038607014
Psmd8,0.09241678269256237,0.12238857555989924,-0.5096443858286044
Psmd9,0.09736484007706014,-0.3806451414011631,0.5299459685387831
Psme1,0.24139839297293264,-0.7774932048210355,-0.2894220813271655
Psme2,-0.022872892135608502,-0.4054102752916542,0.0792353899024274
Psme3,0.06663309229715253,0.48759546422672084,-0.09070045000382354
Psme3ip1,-0.3091597014379772,-0.028121436582110526,0.28753447528621834
Psme4,0.19774525922829156,0.26288440527787404,-0.4617263207328035
Psmf1,0.29753325773064443,0.024240753918595814,0.26897771343576693
Psmg1,-0.4252495013089046,-0.2175815288329268,0.2800108785962703
Psmg2,-0.3279074158329074,-0.3789129544365917,0.13971259695225768
Psmg3,0.5735872274835292,-0.5478900502562074,0.7838922269720334
Psmg4,0.15240949589264918,-0.25133728361199914,0.3997064300823414
Pspc1,0.08097640682282048,-0.10437421318467255,0.05690129634849583
Psph,-0.4237536260996224,-0.5657580460202114,0.6075136250879645
Pspn,-0.14804790316041505,0.6779345648958947,0.43676700038095473
Psrc1,0.681739188352771,-0.6372980493761715,0.6771138620346893
Pstk,-0.6423885125670559,0.2897136370082025,-0.1248659879164773
Pstpip1,2.106950099209689,0.07189638150180871,4.122852323736952
Ptar1,0.09801696863236842,0.3720328957388075,0.2050137314149154
Ptbp1,0.3168588861734012,0.036901777393477886,-0.43046341568989366
Ptbp2,0.7216017196327518,-0.7469898701675826,1.4570271131292793
Ptbp3,-0.11755534229099851,0.29619383883569483,-1.0867156484197764
Ptcd1,0.8475597506153543,-0.22448234145329415,-0.13153074229039108
Ptcd2,0.05963226154517365,0.09470100612791565,-0.18168297924018706
Ptcd3,0.6918665663534496,0.28201605002600516,0.07676924655066042
Ptch1,0.45307781336908803,0.12080267155159685,-0.6101745926429363
Ptchd4,0.4547413381311256,-1.1554300028536955,0.0
Ptdss1,-0.143569570186024,0.1439069333131071,-0.615520917915461
Ptdss2,-0.12434328279054352,0.0646982203640416,-0.20493029324304146
Pten,-0.25810120136757764,-0.0055821218870200084,-0.9845369706093585
Pter,-0.5563392392171318,-1.0229061303030353,2.2578969900995665
Ptgds,-1.9213760298763694,-0.3269907145816553,-1.6865314100358817
Ptger4,-0.2513675767341632,0.6702382053186686,0.3705172001924757
Ptges,-1.2193924403091145,-0.3221583909044208,0.2129548057835997
Ptges2,-0.12008764299838504,0.22697435869135774,-0.4925438262216639
Ptges3,0.1853149253127171,-0.03494555132845534,0.19986594989396522
Ptges3-ps,0.25915548801600785,-0.08908603763616885,-0.13490608940797122
Ptges3l,-0.6562392906553214,-0.34433374692542995,0.16778021636413887
Ptgfrn,-0.30379130261729514,-0.21077152673064603,-0.39041528889844823
Ptgr1,-1.479854384185101,-0.16950379307515195,1.1854753968303688
Ptgr2,-0.3117318594812786,-0.056697591252442336,-0.9949571383691991
Ptgr3,0.6053655250332675,-0.09271929948067115,-1.2466519219340393
Ptgs1,0.6776051569101638,-0.03808686925799476,1.0103718078626107
Ptgs2,0.8163862808406641,1.3999588272987946,2.281565591998276
Ptgs2os,0.4549870111258645,-0.37270591007308224,1.5053645241720959
Ptgs2os2,0.01574684468007495,0.0,1.1595918211689473
Pthlh,0.20213938306141044,0.7909352800113527,0.2821620366276029
Ptk2,0.5685967826487275,-0.021298231352989916,-0.17608235551298268
Ptk2b,-1.2615772940967025,-0.19246099864323263,-0.26563177702203156
Ptk7,3.837847623189816,-2.6177042917500297,0.9252890834603935
Ptma,0.4417093617091954,-0.4977574682814083,0.05780456880510876
Ptma-ps2,-0.009139427359715846,0.08765267044741454,-0.19730833812742843
Ptms,0.2870503150493473,-0.7616607820943386,-0.11741653786806872
Ptn,3.372990225705005,0.25804339486345357,0.1395290530151829
Ptov1,-0.04243248594779381,-0.7913989108763495,0.33204888490444784
Ptp4a2,-0.19041020000742037,0.43009338886956705,0.007518905551892274
Ptp4a3,-0.3229828689286913,-2.532516250972724,0.3121513372872693
Ptpa,0.4996949289431498,0.15135722432870047,0.6942409359494768
Ptpdc1,1.0270501881272642,0.4955676195279217,0.25402325259439884
Ptpn1,0.06471356087830227,0.07146636254927685,0.19147804874611207
Ptpn11,0.10533864175602758,-0.1694425616566564,-0.0534818487354034
Ptpn12,-0.29927084166234064,0.05302907502892751,-0.035133721064456225
Ptpn13,-1.6576295536586407,-0.6692781074700225,-0.10523353373984179
Ptpn14,0.0005110226186779698,0.013169153084452212,0.7441547967044801
Ptpn2,0.5134205424759459,0.17128828258191753,0.06511622579693732
Ptpn21,0.08655586426737649,0.4189497519436429,-0.3294063159881153
Ptpn22,-2.2607262781760546,-0.7928386157192722,1.554330504321882
Ptpn23,0.3352815886328129,-0.14471674699526726,-0.06686530703341464
Ptpn3,-1.6795570829874187,0.4888560696907138,-1.1708102596130932
Ptpn4,0.14786118335750853,0.1797345896913667,-0.09988489269473533
Ptpn5,2.289290808723952,0.5063388484607956,1.220222945473925
Ptpn6,1.72645113509237,0.6321836023882126,0.2707458285943689
Ptpn9,0.5638254241755591,0.04355209727025766,-0.18906662335954483
Ptpra,0.020649925836571548,-0.11191723269212428,-0.1922380925107241
Ptprb,-1.1743943560908061,1.1744436347685898,1.0347999023958812
Ptprd,-0.09016240254325192,0.33293317672697853,0.46533032016491094
Ptpre,-0.7273287197624247,-0.4896210068246356,-0.2874976224418688
Ptprf,-1.2241787761629865,0.043961030225408315,-1.7524567355616325
Ptprj,-1.5156325616457744,0.21493660069542564,-0.922039296272886
Ptprk,-1.0626843364297658,-0.438208326003628,-0.3214101266770468
Ptprm,3.430948377786813,-0.03168686258229505,0.15719793498213042
Ptprn,1.916730110410576,-1.468407974560475,0.39110625472433114
Ptprr,-1.8786731629933437,-0.29605882828923047,-3.3098752420897877
Ptprs,0.31926230575822867,-1.2029878248667814,0.012307955497237622
Ptprt,-1.044361642671682,-0.33202321237202326,-0.34873188118495674
Ptpru,1.6406350971400137,0.475939619607377,-1.6059673133076995
Ptrh1,-0.5199429946269918,0.42576895869096454,-0.16697615942724298
Ptrh2,-0.2576192699367681,-0.11926292855389509,0.6569913681843342
Ptrhd1,-0.19498362907348743,-0.4765504062199355,0.39137573861690855
Pts,-0.8627724281056812,-1.076585969341937,0.015316835783541372
Pttg1,0.13982415951596616,-0.13537135251812327,0.1622180777377693
Pttg1ip,-0.9168169053598918,0.608431510487109,-0.49004144101646396
Puf60,0.29873553154651233,-0.25668938270213104,0.5222807896892094
Pum1,-0.1780370461782077,0.21276170359850255,-0.06261324206549279
Pum2,0.12478421456245492,0.07929167202400667,-0.5437949345195472
Pum3,0.0026349853722082983,0.2552501257572466,0.2479533062513184
Pura,-0.05282427862364347,-0.23130869872463666,-0.7555438092887776
Purb,-0.11197679853049447,0.35971881444049014,-0.35976002205226365
Purg,0.6824215629700225,-0.40699077995482846,0.8146365504849995
Pus1,-0.09868839750426606,-0.2187187048178343,0.4275079447532377
Pus10,-0.08496491601818423,0.16197281056808688,-0.6750480692659924
Pus7,0.22676309459203026,-0.04126388595877728,0.405814092378753
Pus7l,0.43038501169287446,0.2908099029066902,0.08371823996636119
Pusl1,0.43073801234272224,0.10470194127631238,0.45272383284802054
Pvr,0.28812504054861066,1.2678232251735322,-0.20567044625885256
Pvt1,0.6420711410332054,-0.030525527324060775,1.1227898714116513
Pwp1,0.25704906956208884,0.5558101907755928,-0.1840685855407571
Pwp2,0.01882695076594132,0.6166123345886092,-0.19346646692055902
Pwwp2a,0.3244508587465753,0.030501134196933677,0.27458705776791836
Pwwp2b,-0.14905562376505133,0.2711146134071889,-0.7396489390204084
Pwwp3a,-0.06637734343864832,-0.16354608608464005,0.6935360736321083
Pwwp3b,2.2448187204061982,0.6265113495853516,1.0412014918384023
Pxdc1,0.08300160136544754,0.02738839741220289,-0.6447669698986394
Pxdn,0.8980973206398177,-4.265832338572523,1.1328804810705835
Pxk,-0.2556159067183552,-0.07738686650683846,-0.8730281969382752
Pxmp2,0.41310093573315143,-0.5713902543375462,0.05018782473511019
Pxmp4,-2.1465907277673106,-1.930926767212049,-1.153420728696518
Pxn,-0.5086804438981449,-0.34933114935751153,-0.18650130821770006
Pxylp1,0.33027048879888277,-1.9102710703359453,0.3713904336164999
Pycr1,0.030441002876462786,0.12935597856524694,0.1590162492861209
Pycr2,0.39441212453139496,-0.010240550110273361,0.33541574161627796
Pycrl,0.3174189076394507,-0.17884731658745956,0.8073080660746719
Pygb,-0.40284343357721664,-0.28610993451290234,-0.9493343362780919
Pygo2,-0.26598254217783435,-0.20529788893883616,0.266926913175598
Pym1,-0.10096355624098585,-0.19332119808817172,0.5798678546855527
Pyroxd1,-0.08515365497613026,-0.01652982348650056,-0.622159780638115
Pyroxd2,0.31666793347425726,-0.9635794422772204,0.5499054834910546
Pyurf,0.11546852510577832,-0.3153822875449599,0.04268312181051215
Qars,-0.279417802329454,-0.25123704846042116,-0.8327425697202635
Qdpr,-0.5566212089313822,-0.6322192872428447,-0.6884471656436286
Qki,0.9729234947391934,0.6772767413233556,0.22780547215571634
Qng1,-3.759051300535254,-0.7638334721175051,-1.1420433860621952
Qpctl,-0.0937377262157022,0.2905761167042966,-0.6401536987496321
Qrfp,0.12431793284719195,-0.16269129841727276,0.9358771976352034
Qrich1,0.412250539088717,-0.017178706082559003,0.07421041041491705
Qrsl1,-0.26494902296510725,0.24908179196384195,-0.033785489067231556
Qser1,0.7060801670423213,0.1480224817416973,0.022099553468976296
Qsox1,-0.9658208624861784,0.2202033687785736,-0.705338160652337
Qsox2,0.19352047681298323,0.5349799184944826,-0.38139828363530714
Qtrt1,-0.031927249551959136,0.011099089160392595,0.1248595667929262
Qtrt2,-0.2574984548711443,0.5614559798166106,-0.4205073785576863
R3hcc1,0.3628623158809541,-0.11371951004795733,0.1291728503517362
R3hcc1l,-0.2784625855116447,-0.3152285238184587,0.08976796083623917
R3hdm1,0.3138829577463298,-0.1493640702373389,0.1343787272256014
R3hdm2,0.13889854355625264,-0.14823849211380313,-0.02729922036402943
R3hdm4,-0.5036253066323164,0.06896636420554891,-0.2340511304007622
R3hdml,1.022827517981189,0.044110268539264474,-1.2157270731832814
R74862,0.44510295556543866,-0.4947745701398124,0.36157280929264424
Rab10,-0.019603145355024942,-0.027322910485630736,-0.6696531175765825
Rab10os,-0.2791048133304743,-0.24533891268578856,-0.011003662736036812
Rab11a,-0.1467613468132356,-0.35545593468401915,-0.2570220706838109
Rab11b,-0.1492129040561565,-0.07177987414737164,-0.08575762488382122
Rab11b-ps2,-0.18821629450514354,-0.0770137857778519,-0.013736638058362893
Rab11fip1,-0.5315440734098082,-0.08625254704464158,-0.30702549471168084
Rab11fip2,0.3195833252933684,-0.15995546874486521,-0.27786043375920677
Rab11fip3,0.6841129353671782,0.1716873769998397,0.16419055680624872
Rab11fip5,1.8967899099016878,-0.09250984247805105,0.2719821246620935
Rab12,0.13128479028693452,-0.3674601202175314,0.19050700894297812
Rab13,-0.4927030206302945,-1.1193671600725366,0.5972968726744385
Rab14,-0.1482414912292036,-0.18050577673752066,-0.17465827106330956
Rab17,-2.8475984774290213,-1.097341939995174,-1.400708241847218
Rab18,0.01833181873395784,-0.27394984919947873,-0.8806341789209702
Rab19,-0.8587282946109973,-0.15242648656306762,0.1765514372914071
Rab1a,-0.2852410368061946,-0.039997476423375034,-0.45798592814050476
Rab1b,0.09811664483770599,-0.08743331295860912,-0.16526056943594014
Rab20,-0.10428009503078561,0.47865249963011625,-0.07030020876359133
Rab21,-0.18449252849885056,0.548127239495285,-0.22945372401101594
Rab22a,-0.28478064972775385,-0.15122560942643126,0.09792438390258962
Rab23,0.34452344768581344,0.1552145678513046,0.8414953482738889
Rab24,-0.3458418811975843,-0.28198815543451516,0.5498753566604666
Rab26,-0.3839374384420484,-0.18305762134265602,0.08424238465824085
Rab26os,0.07828473848870054,-0.3824471770940594,0.9727173338860278
Rab27a,-1.9375742507581704,0.4593873609617134,-2.2221645892133957
Rab27b,-1.077320027871668,-0.005299167976692054,-2.15440181144138
Rab28,0.4703400401914264,-0.2373093459018527,0.8833765987192344
Rab29,-1.0007614933293851,-0.43893492942609535,-0.7151525723164402
Rab2a,-0.26641211262696185,-0.08128285865377993,0.378068446054443
Rab2b,-0.03162325880993644,-0.15299654009617625,-0.5555840866265043
Rab30,0.6757684504231245,0.22443341676088568,0.4571062267166015
Rab31,0.5427975014022808,-0.4284539959810125,0.9011727344367486
Rab32,-1.3392858385058015,-0.20098402261473503,1.1548282406943622
Rab33b,-0.4978246936728281,-0.37185768612031245,0.024742992711063394
Rab34,0.16749559122495672,-0.27150071136817466,0.39242921979972323
Rab35,-0.035963019384966266,-0.4687486916599024,0.14296461589332132
Rab36,-0.28077011737037916,-0.40948052935919943,0.92554769472757
Rab37,-0.2728354854515085,-0.143052679333419,-0.15660220586866191
Rab38,-0.7486406276121604,-0.3869536638732239,-1.0813351922303829
Rab3a,-0.04640052895599034,-0.30474866650015975,-0.24590987676670562
Rab3b,1.9355230022636167,-0.4342842478430784,1.0158188201782887
Rab3d,-0.8811370721237566,-0.6266149124633849,-1.6679294676925522
Rab3gap1,-0.20110175682177545,-0.10766154591485755,-0.3851690423518006
Rab3gap2,-0.18476393125614532,-0.1768870762151069,0.3221634281483752
Rab3il1,-0.07360609255142958,-0.200753956907189,-0.5222443660658134
Rab3ip,-0.0803545322497552,-0.32311930965606184,0.1747688098994269
Rab40c,-0.12646912482902817,-0.3171930826689149,0.34529244031404893
Rab43,0.6694618770827552,0.02631653714523363,0.34386978519841127
Rab4a,0.6509437423968043,-0.4614573678122329,-0.03207242167780677
Rab5a,0.14106584006748868,-0.04658291930237102,-0.22221902521239922
Rab5b,-0.4034509095957679,-0.5079585153283457,-0.8654808901480111
Rab5c,-0.0693804208941673,-0.022206482769838942,-0.031607724255093395
Rab5if,-0.3090112296523406,0.19777730776536284,-0.8347560897014246
Rab6a,-0.0588749682909091,0.16840331613821036,-0.5705402759449472
Rab6b,2.154307738949078,-0.4652613169024141,0.6816396266347544
Rab7,0.07925331423930793,0.02754920086468715,-0.21626983359465246
Rab7-ps1,0.1760557860228249,-0.21847378977651932,-0.4227668921206108
Rab7b,0.5496242604110213,-0.09854010424397229,1.3609175584793176
Rab8a,-0.16238703969641666,-0.03909070300244988,0.13757556102200752
Rab8b,1.593481238514899,0.009725095805289907,-0.04114800717014422
Rab9,-0.4493229612934373,-0.9964146225762702,0.37730485625210264
Rabac1,0.2730412566907834,0.17039727592518616,-0.14291894479872802
Rabep1,0.1257716929622008,0.21788910871721257,-0.09395321070449825
Rabep2,-0.17642804378020038,-0.03151568445493336,0.5689891855053855
Rabepk,0.558188326007369,-0.05528240680729635,0.8662724192473652
Rabgap1,0.03003874266467399,-0.2405363281874342,-0.07323191891697522
Rabgap1l,-0.27141983550164595,-0.50196180525408,0.5974362799342412
Rabgef1,-0.16573587803263212,-0.023880342213994155,0.38956051500280964
Rabggta,-0.10956279115169387,0.6428104832506278,-0.3281516436066454
Rabggtb,-0.0415558609038289,-0.09499950272283719,0.3065310916854349
Rabif,-0.014899570461953004,-0.06612290275586652,-0.08490931287272563
Rabl2,0.48357231644718146,-0.7957207226848673,0.6890315784602588
Rabl3,-0.6480764028429054,0.029819576795377944,-0.16686848877055738
Rabl6,0.019591662721276215,-0.21771348289143688,0.32641217281118173
Rac1,1.1020218077441868,-0.5443074521150066,-0.21053402598658622
Rac3,-1.4562004960444592,-0.15984538111792812,0.3582470872033987
Racgap1,0.9908795053941937,0.3373459323355972,1.2234938371011808
Rack1,-0.045790770280248694,-0.26640875797627217,-0.333189522355239
Rad1,-0.14231956579271365,-0.06804323989470706,0.3627213639650293
Rad17,0.25540074240658406,0.011059911237953912,-0.25918300931557425
Rad18,1.1472674801179306,0.5264000627794907,0.2898828660745254
Rad21,0.4530649651462486,-0.24309176036930857,0.23844164917981736
Rad23a,0.28695472174977077,0.11670915706128593,0.04578594230075961
Rad23b,0.10542958400025171,0.3110874287714367,0.21173451555524103
Rad50,0.39524966399881833,0.13681895377828823,-0.27817065828267484
Rad51,0.7687614197553234,0.26337257813089465,0.8689776569776093
Rad51ap1,1.1378802721873833,0.34903137392809125,1.1251204380528086
Rad51b,0.09155649600551952,-0.2133181772728887,1.4288994466785798
Rad51c,1.0756493144116663,0.07514967291056385,0.5030860160255628
Rad51d,-0.16832728805735364,-0.2492630721330693,0.5241256736681814
Rad52,-0.0192619823035165,-0.03927771473026276,-0.348741752439949
Rad54b,1.0270442523817183,0.5526936660538979,0.8709339787556978
Rad54l,0.7001140205512972,0.293630030495005,1.192423724724823
Rad54l2,0.8484972338447561,0.15014121703969519,0.1617576486045369
Rad9a,0.11230341654211617,0.0706945888161652,0.44391764000620704
Rad9b,0.21436708892448741,-0.19553595621151232,0.4788681890520493
Radil,2.12142558218919,-0.07464208482398876,0.9857672714091126
Rae1,0.3040824241197093,0.08917127188145901,0.30017062626131263
Raet1d,0.23539012546503923,0.6894516667491365,0.45031997812842767
Raet1e,0.47406109177346867,0.46925992515255444,-0.5668990709378741
Raf1,0.8424750634993625,0.6959432102474308,-0.7104658253244134
Rai1,-0.04493341612982249,-0.22410666013567138,-0.12869899786103378
Rai14,-0.03330569497182889,0.6017804684024632,0.6791026120982382
Rala,0.21188363308648483,-0.02930093862824723,-0.05215566533236249
Ralb,0.013304307212958832,-0.48522638017243835,-0.13074353179361697
Ralbp1,-0.03360264238261923,0.042140748500155034,-0.13998141668636244
Ralgapa1,0.4929505808876913,0.21310595116106157,-0.571151571996702
Ralgapa2,-0.4723242637086216,-0.5478331073187199,-1.7368182439148319
Ralgapb,-0.3029016016752051,-0.03664445258065907,-0.5523072793832258
Ralgds,-0.7239995096745284,-0.4883862195803328,0.25697525473108573
Ralgps1,-0.11514807006427752,-0.9485742317929169,-0.7282012359579251
Ralgps2,0.03424650334105728,-0.8671674642677054,-0.8006988188435882
Raly,0.2696978319260994,-0.26452597332415717,0.7993275425069619
Ramac,-0.5606154034828554,-0.34439221992105207,-0.2722205827008466
Ramp1,-0.024393078383921685,-1.2233534109977615,2.1459723167210822
Ramp3,1.5244373349095517,1.2635936556781933,3.6627202101572927
Ran,0.2972894091044953,-0.4256299186783501,0.5695804590955458
Ranbp1,-0.1490408948410602,-0.1259054624518967,1.1036952890894716
Ranbp10,0.17687855079010362,0.060730596971026785,0.2632825404491923
Ranbp17,-0.9874014973140433,-1.7205698056009708,1.0652939522962337
Ranbp2,0.024091759256609002,0.45285366982331077,-0.633566014039638
Ranbp3,0.5076984647895237,0.08532634260490202,0.599022025960398
Ranbp3l,-1.629941653564742,-0.03168686258229505,-0.3765304286588538
Ranbp6,-0.5585812798484051,-0.22278257015897518,-1.0348364787181832
Ranbp9,0.1111415476323252,0.2591976558495288,-0.48955359181623415
Rangap1,0.4010094271969624,0.16690778535177309,0.06114536928503256
Rap1a,-0.039879023183493345,-0.6276971137047198,0.6023926755266782
Rap1b,0.19026706565120843,-0.029145928472879667,-0.04490260363030796
Rap1gap,-1.6115150738044335,0.7956522073387928,0.638417329614116
Rap1gap2,-0.21468298929497553,0.514207805525309,-0.7862572483182717
Rap1gapos,-1.418520400487222,-0.22335466234533685,-1.47119490292609
Rap1gds1,0.5970526838495376,-0.08907250500227448,0.02000910534005662
Rap2a,0.5597216887733723,-0.16129067406549868,-0.32970572271773957
Rap2b,-0.712063122114353,0.34207301396888035,1.2082761576891237
Rap2c,0.18636038230053575,-0.3451432851725995,-0.48756788106282745
Rapgef1,0.46537072502314647,0.29551024743301113,0.6962312420449184
Rapgef2,-1.1934266987882927,0.6242669236303904,-0.30631283303435186
Rapgef3,2.1496006814871116,0.2427187143432794,2.7153449187465366
Rapgef4,-1.0981719125428702,-0.669634182449927,-0.8900573053528208
Rapgef5,-0.6575635671980833,0.403025762632486,-1.9064036022208526
Rapgef6,0.20964859545521364,0.2693948252413474,-0.7455682984276191
Rapgefl1,0.3288140538045843,-0.4269726256542391,0.6125386104470247
Raph1,0.028677488995342948,0.33349645670869776,-1.431864739240508
Rara,0.49016185022214387,-0.15358950185321874,1.0313039741092984
Rarg,0.8011131474198612,-0.1594189150405647,1.071038867369139
Rars,0.34741029519955635,0.041201230514339215,0.4853479298670411
Rars2,-0.3498706345254723,0.0657379485161762,0.18992137034661916
Rasa1,0.5173865682404397,0.20757164104923742,0.37060349854705343
Rasa2,-0.28573932085249876,-0.30613953473801914,-0.4632033686170578
Rasa3,0.8665946046507527,-0.022774352673406106,1.0649201770315972
Rasa4,-0.1743626413389614,-2.237373968869396,0.599494662330851
Rasal1,0.9249051976667746,-0.3444524604128128,0.22199562481567675
Rasal2,0.7138556172983619,-0.0704447484087325,0.6181785691057526
Rasef,-1.5401755258103669,0.7246894873233737,0.0
Rasgef1a,-0.14382563926308062,-0.023952715797756152,-0.8906943032642871
Rasgef1b,-1.1518481945462238,-0.35658232143232205,-0.7474409741390939
Rasgrf2,-2.1192330574880907,0.5829434014637886,-1.1078553531253053
Rasgrp3,-0.016794277140048663,-0.6782904783230794,-0.694172061335423
Rasip1,-1.5726374128092355,-0.7168917422562975,-0.19425937045202768
Rasl10a,0.5377718348469271,0.2040783591175162,1.5717333638552944
Rasl11a,-0.9074238374746733,-1.7234599975924114,0.7998084623287476
Rasl11b,-0.5433499232851244,-0.2777929142272839,-0.8085474404456661
Rassf1,0.8381162710922694,0.31696896982739986,0.5926938850436874
Rassf2,-0.048238127608488,-0.13693138369333968,-0.13969165468775024
Rassf3,-1.114505919566283,0.09057416584323441,0.05462377433921173
Rassf4,0.39434831129860415,0.026833735363397115,-0.11298895462760261
Rassf5,-0.146314408778768,-0.23490828404489494,0.3597874091861195
Rassf6,-1.2634878758520687,-0.8989825654415302,-2.164293366128847
Rassf7,-1.0763532257949233,-0.21796367284881768,-0.7350775385949406
Rassf8,1.135565430339312,-0.15758944691920362,0.5087893315879288
Rb1,-0.03244747456465147,0.23043424811289004,-1.0194479941599335
Rb1cc1,-0.16438048060751065,-0.20197058147176694,0.055139755586871786
Rbak,1.8219772025154009,-0.7217312462127567,0.5505907874283431
Rbbp4,0.6390972342293111,0.0006354012008280563,0.2762337093852043
Rbbp5,0.3078076463336856,0.043718576601412984,0.14507036479328494
Rbbp6,0.0871331268835771,-0.06743682239559945,0.19158583315561994
Rbbp7,0.5911735151084914,-0.4281504818356465,0.41575697562805214
Rbbp8,0.6345430262659013,-0.03527709652416533,0.2876350730656121
Rbbp8nl,-0.5371610998502994,0.6393558551436795,-0.01708132362646894
Rbbp9,-0.2761957755549931,-0.7098170168631435,-0.012271863603264599
Rbck1,-0.0059467692051651255,-0.3064104237884875,0.11226969166014733
Rbfa,-0.2935427777983133,-0.31954220330306526,-0.9843947206025603
Rbfox2,0.4251566701508187,-0.02574161415905518,1.0827249472010285
Rbis,-0.4290884320939039,-0.8463266821563575,0.5686874752608757
Rbks,-1.1023778640324542,0.19972315088711845,-0.04879456261151849
Rbl1,1.0312039394539,0.16641167998271644,0.9443472119805403
Rbl2,-0.819147119592631,-0.5920016506826413,-0.8198666585522663
Rbm10,0.3260262086439836,-0.10442403543171785,0.8052867212797068
Rbm12,0.15141220861624038,-0.2169220975492836,-0.030116083619259104
Rbm12b1,-0.2707925780654048,-0.5569420495970521,0.155105416638887
Rbm12b2,-0.21139114612684828,-0.3856368290845591,0.4897160773393363
Rbm14,0.3154777191263216,0.16869721434128593,-0.29089267196071233
Rbm15,-0.07103346162325508,0.1757143413702904,-0.42953624662394585
Rbm15b,0.8006529310968915,0.026399444140466244,0.1300322101280269
Rbm17,0.19237182809447262,-0.04985396177659318,0.4506491307274718
Rbm18,0.17412544957039877,0.37964486661358965,0.5803272300730704
Rbm19,-0.07331176732285805,0.1010054523800532,0.4449462817586678
Rbm22,0.08520064851085607,0.16541996961192762,-0.18510988964566621
Rbm25,0.1598524277625133,-0.09902990975209036,0.3600342924038351
Rbm26,0.5007505270769039,0.023323524860467515,-0.36534012125364246
Rbm27,0.21631839807523168,0.4411330838166361,-0.4741592007302655
Rbm28,0.6592464863304297,0.3652043874730193,-0.06071271345323215
Rbm3,0.9220809463989061,-0.5064191726159741,0.9547491229524923
Rbm3-ps,0.4865723756913882,-0.13763466758288478,0.6618935294924364
Rbm33,0.2906279388745032,-0.19679086000926382,-0.20617974734264166
Rbm34,0.1547408216589572,0.5981508296106828,-0.15200497114646705
Rbm38,0.46514792864709253,0.7446151105487573,0.3373111088318943
Rbm39,0.13767929841690574,-0.043928247623370886,0.35772755497865294
Rbm4,-0.19053461625282453,-0.1515420232126885,0.4170730362473991
Rbm41,0.058275501643283434,-0.35224842475756457,0.0033311213913833626
Rbm43,-0.587349385041323,-0.671807235936658,0.6009357392997803
Rbm45,-0.0025348279840109456,-0.1123200833132012,0.18506659674476467
Rbm47,-1.736445711359548,-0.47618838217909065,-2.0505380176443415
Rbm48,2.627266067266576,3.662970611001266,0.02603046031891232
Rbm4b,0.16562658201533909,-0.5886750940911338,0.8147712277249339
Rbm5,0.22965493804179626,-0.33551726282931593,0.35603465694964864
Rbm6,0.11004967951459754,-0.0943028038781959,0.06350988460148876
Rbm7,0.3051367667256999,-0.20008616016248482,-0.437705533119094
Rbm8a,0.18539703740153435,-0.3009014933297367,0.7161826421076389
Rbm8a2,-0.09538899876121865,-0.11348580314322154,0.5804680382042183
Rbms1,0.4698677178070332,0.580002076769067,0.8109878692915649
Rbms2,0.3890898806293288,-0.32912695132877445,0.33199934647921125
Rbms3,2.8926148640720943,0.2090110492135525,3.4148887385625373
Rbmx,-0.027230171446709583,0.10424448888262106,-0.09004917019277237
Rbmx2,0.7554557059175839,0.08402871415946755,0.7554278487887167
Rbmxl1,0.5956201161195933,0.03747706620582392,0.7598555076096769
Rbp1,1.3148012312754807,-0.17418728858631338,-0.6245307921276915
Rbp2,-2.4874270372137794,-0.7924187401841116,-0.06999836627587985
Rbp4,-0.1173499986569011,-0.834396471005693,-1.6706685152876615
Rbpj,0.8783670765377289,-0.6987933333952814,0.635813164677506
Rbpj-ps3,0.48915115034476236,-0.10644747214482897,-0.03080853698762931
Rbpms,-0.6290025362896694,-0.5140018228801182,-0.5325301070033426
Rbpms2,3.269605839765302,-0.11800849505973832,1.9859306323647847
Rbsn,0.6530082107891673,0.6655630614207171,-0.11316661417894203
Rbx1,-0.03371072234381067,-0.2914020286455923,0.4630951098891698
Rbx1-ps,0.2070071917452756,0.22107222989536346,0.14704879888382671
Rc3h1,-0.4061504054120597,-0.026603593230179357,-0.29469546125909307
Rc3h2,0.10390748905328984,0.1026610604956133,0.2881485140373554
Rcan1,-0.8857169597086925,0.2784180948203545,-0.9056361900776895
Rcan2,0.41106940562765937,-0.016104368889593764,0.47812910712547235
Rcan3,0.13919889082053505,0.03544492170815161,-0.14027882051012597
Rcbtb1,0.018827521210596387,-0.09225841585503147,-0.35553487679385043
Rcbtb2,0.04512310755544924,-0.6259060201344386,1.0618600316676523
Rcc1,0.6694024742955644,0.6898195492461676,0.7692733495476114
Rcc1l,-0.15131406511113443,-0.025021355911823306,0.7370905917701567
Rcc2,0.5330631436452986,0.3991436021213097,1.2455365398196223
Rccd1,0.25719390543605036,-0.03617232568611439,0.6930443813286808
Rce1,0.09097827525522462,0.01764052489407053,-0.6553032322229209
Rchy1,-0.5505316901579764,-0.5639209750625218,0.16963840905880367
Rcl1,0.08401708336664182,0.09396824236274792,-0.04296015088059324
Rcn1,5.680423615580784,0.0,5.906483473346564
Rcn2,0.6881304733595535,-0.41888503686156753,0.306598018104264
Rcn3,5.020500657509861,0.13319117369455333,1.4945505434698485
Rcor1,0.022376735582562368,0.08240129187498724,-0.4834654060153811
Rcor2,2.5084654580792543,-0.15823723305707293,0.20443679276672988
Rcor3,0.04868226082966087,0.033864634644865,-0.4683780306522012
Rdh10,-2.338447393635816,-0.7009040992229618,-0.6157034409944435
Rdh11,-1.187399528336563,-0.9761728661762836,-1.8933024100610076
Rdh13,-0.48325085462041084,0.6886328363346874,-0.32313019342607996
Rdh14,-0.25080317103431105,-0.745024550760903,-0.034570882758931276
Rdh5,-0.1650649107162132,0.054477501736077294,-0.20736380807595345
Rdm1,-1.000697861536635,0.8754964158733434,-1.7401240611538848
Rdx,2.2002535350154595,0.6052594400570133,0.3703380849797071
Rec114,-0.8921500634490642,-0.862184929087325,-0.4585641771998635
Recql,0.05313974992031856,0.21665219317227624,-0.12802901467452843
Recql4,0.7755830801149064,0.2808101873690916,1.1201259060438513
Recql5,-0.42429501652948565,0.12258212434439386,-0.127499413834391
Reep3,-0.1869493355719678,-0.0282884095850795,-0.31448358025240175
Reep4,0.6311089317066774,0.35552584554791533,-0.12354233752425614
Reep5,-0.33415479572546136,-0.15465186331433411,-0.207817213688557
Reep6,-1.3520525387563413,0.13610143127957297,-0.9550968778507976
Rel,0.06279301178769758,0.7100902534164919,-0.5546643655284873
Rela,0.0632364295680592,-0.0346704172229213,-0.23129454814497397
Relb,-0.2557987796203207,0.23061337460594356,0.5684535824153087
Relch,-0.2262968166154895,0.08817453982993495,-0.3712086026529806
Rell1,0.4580087440423597,-0.3781693004892608,0.1500982301122753
Rell2,0.015574784607886194,-0.3329001427205279,-0.33400056382354915
Relt,1.2075516752039233,1.1068414806998632,0.7807518503178719
Rem2,1.983155283907153,0.48174874188397165,-0.40698317679371776
Renbp,1.8300625112087467,0.9465050984355604,1.6183748079746576
Reno1,0.5281823405853042,-1.1840342337023273,0.9456849379256154
Rep15,-0.5199969594393906,-0.19387272865426014,0.3449999292877474
Repin1,-0.25822829268357034,0.05866300569893007,1.7980663170748867
Reps1,0.7122217683174457,0.32782166366926724,1.116955789258502
Rer1,0.1983630650262347,-0.044348177732641325,0.38084846665762306
Rere,-0.34596026518083534,-0.4048350695370271,0.5102763210597008
Rerg,2.168941751262396,0.0,0.08286320961435516
Resf1,-0.17694032768092693,-0.18868359038293825,0.8759383842229971
Rest,0.13681184007471536,-0.04501562408256543,0.47442621956002196
Ret,-0.24982764336419253,-0.16633329085557857,-0.10351044622004502
Retreg1,-0.9803929914732343,0.2650421395365976,-1.041111310614399
Retreg2,-0.3370502950340821,-0.29057273776801384,-0.5182743675301822
Retreg3,-0.7379599229189822,-0.28677943056265676,-0.8006451885857038
Retsat,0.02075309249169166,-0.047096485747748495,-1.2372240706685629
Rev1,0.35345333606674423,0.4771769651401381,-0.11041694552303394
Rev3l,-0.3370678862720933,-0.2395960812214346,-0.23751653078726598
Rex1bd,-0.2700978252243944,-0.19563279247197318,1.0461534661193568
Rexo1,-0.007175460819416557,0.1879737073984522,0.18853486029781052
Rexo2,0.27261067793187976,-0.16153253911367038,0.31997271688825624
Rexo4,-0.06344074447022408,0.1979715433386211,0.16031351288259987
Rexo5,0.4134887232010529,-0.11396422402468565,1.1249785594415582
Rfc1,0.22443330818834006,-0.06878803650773868,0.18274172931424104
Rfc2,0.2036150585013221,-0.28350188546015875,0.9181460327248256
Rfc3,2.015258155167147,-0.3307280055670363,1.3904203961766077
Rfc4,0.03963404833804329,-0.021064382514675906,0.6059686328432363
Rfc5,0.12179526135935248,-0.6766122873054163,1.03738680079986
Rfesd,0.2780808336228202,-0.5304086979591831,0.3328352733559439
Rffl,-0.8836972020389071,-0.5134829297350789,-1.235404643170464
Rfk,-0.715073268558978,-0.37197264653446016,-1.7462452031712488
Rflnb,-3.0814550478881433,0.17136276074127732,-1.9682338000739028
Rfng,-0.17107052786500354,0.39783420767353483,0.4973610604804306
Rft1,0.08914392203959531,-0.21684942818718422,-0.3050864457350393
Rftn2,-1.1738409921731243,-0.4590509299402088,-0.05650842294049439
Rfwd3,0.5224902203383861,0.3815533844465273,0.31335150411708224
Rfx1,0.14949859908227658,-0.06146226517927733,0.45940881585146176
Rfx2,0.8313115913855973,-0.14882673583127115,0.7798317211241623
Rfx3,0.14912780774086531,-0.24129751282943923,0.060870718040142435
Rfx5,-0.3694306544046069,-1.1904236820723428,-0.3746372127682145
Rfx7,0.14700342922362442,-0.10781962235713749,-0.6461179814803444
Rfxank,-0.2734137998521611,-0.46244463376952494,0.4479097981752247
Rfxap,-0.014984693382907643,-0.6558499258324417,0.32319492211513
Rgl1,-2.7569051405939957,-2.3485367927986274,-0.778949191982508
Rgl2,0.7058001753151544,-0.12974949500933786,0.6009190661041153
Rgl3,1.5467038506715114,0.004832975396012795,0.09148521349009187
Rgma,2.5826553361547053,-2.0440853144353857,2.6740383625048554
Rgmb,1.4813080043210753,0.2178245053222252,1.5233315799328082
Rgp1,-0.3021907284947307,0.09996848170908113,-0.08947716902118952
Rgs10,1.9335950246108848,-0.2665186929672634,1.3428076636607278
Rgs11,-0.029099238145745332,-1.1902199166100687,0.734709944755048
Rgs12,0.9225906876468342,-0.6960932770899206,1.3871036946007562
Rgs14,-0.4289548163632514,-0.023393628948020443,1.1376915944224384
Rgs16,1.0691851705976203,1.659700459232852,0.26860014213808286
Rgs17,1.250504701406785,-0.024071070595852454,3.124195208780677
Rgs19,0.9019724971925527,0.0774294247688232,0.22869023735743088
Rgs2,1.1208436663149144,0.31408282896375495,2.1258135856021294
Rgs20,0.278825729022562,0.47739006393335637,0.4176040224209209
Rgs3,1.896509753637545,0.5639388362579595,1.90158996365807
Rhbdd1,-0.6777250578983569,-0.08934995801033896,-0.5694107820788599
Rhbdd2,0.08142437785523793,-0.2735742946066244,0.1827074201783354
Rhbdd3,-0.11367061638373244,-0.4380670956076349,0.3770890152222717
Rhbdf1,0.2835179355665822,0.18049396329990408,0.13574678701998266
Rhbdf2,-0.26722570205704876,0.9741290452898905,0.10644135124610443
Rhbdl2,-0.37834829760913324,-0.3521221202597493,0.7594366828394512
Rheb,-0.339428127940125,-0.7394666621047765,0.5123023854458006
Rhebl1,0.24827124763359087,-0.2788593464817948,0.9779431512804746
Rhno1,0.8436535575560802,0.06286549050366741,-0.07234997780432284
Rhoa,0.23578305112349085,0.0052784370657015245,-0.6729182917052334
Rhob,0.7520956382732535,0.36817415232118567,-0.37859450774046266
Rhobtb1,-0.13266403412361916,-1.3701676316417684,-0.26944856474800005
Rhobtb2,0.021668227031110376,0.34477802078731656,-0.3918537931072805
Rhobtb3,1.992889241268542,-0.28120286997292965,1.036182045130837
Rhoc,-0.49978371648156017,-0.6112773725565352,0.775253347207137
Rhod,-0.00811220537096169,-0.4858686141589166,0.5799860607184222
Rhof,-1.3176069254907259,0.819458118537109,-0.2606653931819003
Rhog,-0.03653996331694209,-0.07402088695630127,-0.022724950962831336
Rhoj,2.967682978703561,0.6888188120845915,4.260876908668709
Rhoq,2.2414370448009673,-0.6401459884806169,2.0076254278430192
Rhot1,0.1534028119038453,0.0737558929333284,-0.007025686385617291
Rhot2,-0.6343658160806358,0.1102571553960221,-0.05983264749681361
Rhou,-0.36247967537348114,-0.015194989073249232,-0.9594456520455825
Rhox5,-0.7988975561557268,-0.2457404208102536,1.6981495474023434
Rhpn2,-2.181842118851609,0.18108971962101528,-1.8902622638638
Ribc1,0.04297197414561693,-0.17030834446415177,0.9543464957629346
Ric1,-0.047564712845490575,0.09894084704062678,-0.3736721303998287
Ric8a,-0.4152447632119749,0.15604634639560633,0.07965531324908781
Ric8b,-0.09586030276626101,0.022611826770908117,-0.0978634189625196
Rictor,-0.12255446181333962,0.2968277206851013,-0.7743100159915288
Rida,-1.636782391349921,-1.423752343952228,-1.0728812317499212
Rif1,0.7053203343369256,0.6020936354972966,0.1695894993664684
Rigi,-0.5170869952846058,-0.6710273962492683,0.8602478405923168
Rilp,-1.1742047888170823,-0.35460719826399667,-0.6309787293134848
Rilpl1,1.2379744137049014,-0.9493910139898567,1.0744552901146118
Rilpl2,-1.3611385540531487,-0.8869444449741266,-0.23439109772539268
Rimoc1,-0.494559938959104,-0.4935314525326864,0.027336825691531175
Rims2,0.6130882803948304,0.040329385819890484,-0.6178503038837357
Rin1,0.27937370302097975,0.38562241085619586,0.08931026724052771
Rin2,-0.6712507615317396,-1.0107191668728075,0.6331172270980527
Rin3,-0.46705710181432547,-0.08207457245373373,-1.0374664129693514
Ring1,0.007569247242507515,0.21754271428793714,0.005850231762312141
Rint1,-0.2904256608598419,-0.296896892434908,0.12045211431557235
Riok1,0.3283610642057182,0.0650600468497835,0.35871569693254024
Riok2,0.6288248189230865,0.5113911462110625,0.26781489122146684
Riok3,-0.0008085719755763776,0.1258177991709406,-0.8592706456002075
Riox1,0.1912351191706998,0.34972232446967144,0.11127289540939778
Riox2,-0.33977777923437635,0.15902894399142653,0.0740772707263404
Ripk1,0.11263156288880527,0.22530537956811436,-0.8538651737101084
Ripk2,1.2364915672049586,0.44632136417335655,1.3350425780175459
Ripk3,-0.8503913648138467,1.3926556731826532,-1.0872011221226519
Ripk4,-1.2691107576154206,0.07879310723973543,-1.799738894608029
Ripor1,-0.1550393172919522,-0.05843355505316339,0.27127795879084715
Ripor2,0.38841599697136475,-0.6604119928091245,-0.9644789492334949
Ripply1,1.8758613514005578,0.0,4.9725290354467715
Ripply3,-2.8319284589497626,-0.4251971356441686,-1.7216449425625513
Rit1,-0.6602298986486801,-0.9942930053798764,0.29545756527685274
Rita1,-0.10712981613048811,-0.7292309734317568,0.099097872731019
Rlf,0.6464903823525123,0.4018256468923447,-0.2856432445793917
Rlig1,-0.14393014137618954,-0.016044944815613693,-0.19569240781410624
Rlim,0.18044252310303133,-0.25708998683170403,0.3391424034533328
Rmc1,-0.3555480793829684,0.00262230503886407,-0.719257431435314
Rmdn1,-0.6067236785214527,-0.4620014332361515,0.23368777183932488
Rmdn2,-0.3817219141635948,0.13806543760875378,-0.6036408910261388
Rmdn3,-0.2689627285146283,0.0644056047868311,0.001108606468106288
Rmi1,0.031669780238150924,-0.24019654505855925,0.08287585683393806
Rmi2,0.07986814488767369,0.576733505707177,1.3411564506515656
Rmnd1,-0.18769487147712072,-0.5039241617467152,0.6493616857461451
Rmnd5a,-1.2650552594328213,-0.5672803576436989,-0.8121469107203065
Rmnd5b,-0.09180859462968094,0.3089545268720588,0.20210077591759035
Rnase4,-2.5212048315704534,-0.44483953602194504,-1.7777971209291508
Rnaseh1,0.31034103528105916,-0.22501025195784008,-0.40080799832029834
Rnaseh2a,0.0644553748317982,-0.26006729892932423,0.6671036391205059
Rnaseh2b,0.6205152488465657,0.13786158776707857,0.6412122764531207
Rnaseh2c,-0.2812321770293167,-0.44134669828396333,0.22534814333018804
Rnasel,-1.736054428172987,-1.3991129580814314,-2.353866538846246
Rnd1,0.7607162029815195,0.9554568695026933,1.2503598761943402
Rnd2,-0.35906196061761486,-1.0993557216228864,0.48055542799677253
Rnd3,-0.5289771565548307,-0.0423687148320937,-0.019235368265212216
Rnf10,-0.4638345079240338,-0.41837293835647316,-0.2419613539169383
Rnf103,-1.7836407564182748,-0.878160420351378,-0.7884190777523834
Rnf11,0.13193358835965174,0.5319440374876212,0.05034334503992355
Rnf111,0.16577242208151244,0.1596348698490626,-0.062050510711310736
Rnf113a1,0.5068833054432038,-0.2951959690225454,1.0627265212381034
Rnf113a2,0.07916149158359698,-0.4594548759519146,-0.44917489094158913
Rnf114,-0.21155718286711345,-0.3376690024856144,0.04734765909627203
Rnf115,-0.007408021899252049,-0.42553621781187534,-0.14352869933604762
Rnf121,-0.17675520296360947,0.1459813976956239,-0.1771415395642313
Rnf122,0.6014921261139959,-0.6582404396555048,0.9945545733028178
Rnf123,-0.42565399571370666,0.1309742616906635,-0.9250873781263182
Rnf125,-0.9952561917711826,0.021658930881025995,-0.047253245647295855
Rnf126,0.4322419065884109,0.22805913141473333,0.4805298612504352
Rnf128,-1.1278124224129478,-0.5286175343793724,-2.0663158525837773
Rnf13,-0.9337631349675579,-0.9089366609484681,-0.47410244446515826
Rnf130,-0.46272749115577994,-2.1541862871772497,-0.5812734614681123
Rnf135,-0.05885450368866563,-0.5032754921328317,-0.06480020460849412
Rnf138,0.2279101358634481,-0.018030568874493724,-0.4467482489454726
Rnf139,0.02774612802816545,-0.3655188886153118,-0.2135061603536128
Rnf14,0.2251634047488098,-0.0006525236105447974,-0.6318923818049509
Rnf141,-0.33089282963828026,0.1827280834481595,-1.3737010790547002
Rnf144b,0.9087869359820138,-1.0751816136665413,0.2458667716290989
Rnf145,0.4874596774915698,-0.002109333998018492,-0.395602289410542
Rnf146,-0.3301696409680628,0.04289190930807418,-0.7453863286908904
Rnf149,-0.28032772802907413,0.26059263005187905,-0.5147554853668455
Rnf150,-1.6082756619669847,-0.023393628948020443,0.26962463463336955
Rnf152,-2.95841938447339,-1.5960382633948156,-1.65608610812258
Rnf157,1.8580490465095656,-0.998785941769442,-0.23907659965187733
Rnf166,-0.06897617500821251,-0.5413355766576311,0.5247381561816216
Rnf167,-1.2697201110205096,-1.2714721853848325,0.1772758828908243
Rnf168,-0.029692073942709563,0.127837585605743,-0.02389314184751612
Rnf169,0.4017457473600383,0.16693115458340202,0.4657988242365154
Rnf170,-0.050079015393729165,-0.5156094495822634,0.24614378919531088
Rnf181,-0.37432995803824554,-0.009362585445008342,-1.1752411920070944
Rnf183,-1.1844095300042814,0.4888072025271337,-0.33691656780366563
Rnf185,-0.6410003884352165,0.2564365191516824,-0.021760703911006374
Rnf186,-1.6757336560221414,-0.7934797168234486,-0.26736802978417873
Rnf187,0.26385756866113486,-0.21411632411956028,-0.11383759566008411
Rnf19a,-0.004018393858486569,-0.11691512591703646,-0.4603646997224722
Rnf19b,0.6358742392922565,0.6653347892180257,1.0178880999090216
Rnf2,0.42549797511390963,-0.17774380728301775,0.2125047755827234
Rnf20,-0.16145693611736345,0.4504037524233375,-0.22516271313564928
Rnf208,0.11943686007806437,0.4248887767897096,0.15899019526156044
Rnf213,-0.26269567061397225,0.4133367290435741,0.29152257225003186
Rnf214,0.28543098364418773,-0.048408441318315454,0.4610769491190707
Rnf215,0.09214511414860649,-0.2732375598182766,0.8809200528050569
Rnf216,1.4702744012922508,-0.3832990176580253,0.2044976605358917
Rnf217,0.35578217476213947,-0.28791114613507496,-0.19610942262025866
Rnf220,0.10466962550411374,-0.1252219487255548,0.6644783912325227
Rnf225,0.6142386636059614,0.37704004811862624,0.6804926109378934
Rnf227,-0.690094133449974,-0.6811492760360485,-0.4679906045973603
Rnf24,0.2869633659245081,0.5796056067143196,-0.3569488087735557
Rnf25,-0.1305307847214099,-0.21853392705531327,0.5692832020727643
Rnf26,0.37087317633372074,-0.13481803176811225,0.41353794461367044
Rnf31,0.14957063198935128,-0.17289352501226318,-0.38654316627374197
Rnf32,-0.5740673231018374,-0.6178434478907078,-0.3869637500391456
Rnf34,-0.5479781386561369,-0.6396294143244683,0.20361563036986885
Rnf38,0.31497221688182986,-0.2256181704789686,-0.025881449704110437
Rnf39,-0.7914597901077673,0.24205987345680136,-0.7757359528942231
Rnf4,-0.3790840345586739,-0.03129618929247968,-0.2274196491403897
Rnf40,-0.10269155754453951,0.24132676070154702,0.21845548682090765
Rnf41,-0.10307242470335343,-0.1031171399373374,0.26661548234385535
Rnf43,-0.029411759040056662,1.3375184578487511,-0.8116066744670378
Rnf44,-0.7037225639329421,-0.022258746048228417,-1.1579327845708987
Rnf5,-0.640832504941633,-0.2059050565530347,-0.5171657430926366
Rnf6,1.0118159780161946,-0.4441989410054008,-0.03333601696589383
Rnf7,0.40242908691496293,-0.3247380328010854,0.30290135503940974
Rnf8,0.13141230113387792,-0.20388240063605956,0.6524670935365644
Rnft1,-0.24908777830420714,-0.4184403217486894,-0.20602653285594208
Rnft2,-0.2686989931047158,-0.19885201321658097,0.8034100446909942
Rngtt,0.3381995976588401,0.2905245309943254,0.0887827038908906
Rnh1,-0.331053867830013,0.25148045635541205,-0.18637009304765684
Rnls,-0.5227871501856902,-0.1285426051004812,0.7867600185820885
Rnmt,-0.128366319242172,-0.13185605738781891,-0.8044219095601113
Rnpc3,0.269529249359032,-0.06896949197880398,0.4210771414468204
Rnpep,-0.2558135684527967,-0.3552993023710558,0.1271358502647164
Rnpepl1,-0.17690550731532628,-0.10411099871815033,-0.38575719615915105
Rnps1,0.8063635842359815,0.25051514514077855,0.1807756020694411
Rnps1-ps,0.36195336750730545,0.45814435913738416,0.20588695102108556
Ro60,0.7169632577537737,-0.1131681505736788,-0.27428162012747936
Robo1,1.6435087360676643,-0.043119722139517036,0.11256224322196
Rock1,-0.06043721813528791,0.17631761272474655,-0.9635115537420491
Rock2,0.17537437596953165,0.09602405048455598,-0.9454756155534456
Rogdi,-1.2675027855481233,-0.2194591590471502,0.4906912474816436
Rom1,-0.7235664691000459,-0.20664389482866952,-0.7726142410870906
Romo1,-0.3257548695535437,-0.5792546960991816,0.6890183849740836
Ropn1l,0.24122835986109026,-1.063211338600344,0.400302351241256
Ror1,0.4735760725774524,-0.4666182672531276,-0.7968509900379636
Ror2,-2.3108931809712363,0.05126943773831016,0.022528271012221834
Rorb,0.30203992831784676,-0.2556688412354746,-0.927538462633257
Rorc,-0.5004952545442823,-0.483480652037224,-2.307521428571725
Rp2,-0.014946204232601623,-0.8663976264575552,-0.1667100309247953
Rp9,0.2314380564667644,-0.2779015162141478,0.44597170763372773
Rpa1,0.5760707051242129,0.0938777952575931,0.3007863979703913
Rpa2,0.8272021633087148,0.10231851145004356,0.9235669208010648
Rpa3,0.8843639631837226,-0.19351282548973625,0.2414011079184144
Rpain,-0.4764385820412347,-0.42098543303417735,0.10731089613795586
Rpap1,-0.09934971929101,-0.06684142689492134,-0.07025189783959451
Rpap2,-0.0592540455395163,-0.40492860834871536,0.544512246862932
Rpap3,0.7044944702310181,-0.05303014895368907,0.43123107709912833
Rpe,-0.08947741899445205,-0.1596740178294347,-0.5835441698062711
Rpf1,-0.29080495034067155,-0.1845429624100987,0.19672339808538108
Rpf2,0.2594557927263583,0.2146946034331041,0.46893688952161394
Rpgr,0.6086781763397096,-0.21691445364162742,0.7132649819295205
Rpgrip1l,0.17455992438586643,-0.18548462828669,0.4184491790427973
Rph3al,-1.0078147873592362,0.5491816019397131,-0.5166409103410392
Rpia,0.10671976781212233,-0.16828017476949597,-0.6528711313069167
Rpl10,0.17155932300989818,-0.38085256376303,0.5037256495322797
Rpl10-ps3,-0.06721508849679747,-0.29273054068100124,0.5432843291273624
Rpl10-ps5,-0.21552943921532175,-0.17592737484538223,0.3102988408185443
Rpl10a,-0.03579355379761928,-0.4749637931856423,-0.04252749645961629
Rpl10a-ps1,-0.3623925487806092,-0.40491264177931763,-0.10612458350234366
Rpl10a-ps4,-0.26563871974660747,-0.055199079799699735,-0.16583986345299095
Rpl11,0.1092193507185879,-0.05718040161263893,0.6024199899489915
Rpl12,0.21140174713660898,-0.16896398609662455,0.3685731486179904
Rpl12-ps1,-0.12461244805007898,0.26097151405235164,0.4306683089389536
Rpl13,0.1394386196352766,-0.2943277882176414,0.44685216424841556
Rpl13-ps3,-0.11701312157992727,0.12229351510011921,0.2509254121353237
Rpl13-ps6,-0.2201146228512898,0.05182465687043036,0.35211277744090674
Rpl13a,-0.32487797143342334,0.1116952679813501,0.1122977260382454
Rpl13a-ps1,-0.13116337584758653,0.06632945925478406,-0.06526422940628929
Rpl14,0.07318737899997885,-0.4050465764708431,0.28870999647882023
Rpl14-ps1,-0.08923828579507154,-0.18184330744495236,0.13764492727100475
Rpl15,0.25240436659699306,-0.053939523772095654,-0.3154482353564134
Rpl15-ps2,-0.16569825976569486,-0.18034315903003506,-0.14998155135541102
Rpl15-ps3,0.19942082274047612,-0.025149651962290243,-0.16110643592294172
Rpl15-ps5,-0.13986506523139275,0.44423819975193657,-0.10985437072169602
Rpl15-ps6,-0.1964886840098834,-0.024474004112844394,-0.28683592288080906
Rpl17,-0.07217309936442362,-0.3928665690625177,-0.5844607482365447
Rpl17-ps10,-0.17731823915118916,-0.08431536602180145,-0.7994228725182855
Rpl17-ps3,-0.1715183085254135,-0.41671058977192943,-0.3729954078180526
Rpl17-ps4,-0.26808507620339084,-0.04200684388380549,-0.5508203523198576
Rpl17-ps5,-0.4232245100783796,-0.0564030308067105,-0.252803432341274
Rpl17-ps8,-0.03502118937673193,0.18144899940213544,-0.2664246918610427
Rpl17-ps9,0.09511334133226956,-0.034855022193866825,-0.24032308594855567
Rpl18,-0.27963881534094703,0.06874447359767544,0.1459905236978436
Rpl18-ps1,-0.1437112195462391,0.29876439248569053,0.29378337008760413
Rpl18-ps2,-0.6565812949180176,0.16220029620407628,0.2060851779825139
Rpl18a,-0.2316108300616797,-0.13924305899952394,0.32186095820391003
Rpl18a-ps1,-0.3531875102010904,-0.13673742075136985,0.16046988632059822
Rpl19,-0.17497185633171064,-0.1416254317584862,0.3612221642836069
Rpl19-ps1,-0.34598625785497217,-0.35405684043935515,0.23067050542180567
Rpl19-ps11,-0.36765830166714597,-0.21587570874292972,0.21990607568799625
Rpl19-ps6,0.011337799466849985,0.09314090606685732,0.1774767907961241
Rpl19-ps7,-0.26420973988206287,-0.13352870629370406,0.29815157386408697
Rpl21,0.9193488593252468,-0.7297037624987617,0.4800232817757326
Rpl21-ps11,0.15987293713501416,-0.23604922531435235,0.14293316292500913
Rpl21-ps15,0.5181726160241154,-0.320523996924039,0.3658555596248796
Rpl21-ps8,0.40293924718557217,-1.172493998138645,0.5641705332992102
Rpl22,-0.027108004872461677,-0.02649990745309161,0.474779950606635
Rpl22-ps1,-0.18742682794905763,-0.18917497943234585,0.3563262148047066
Rpl22l1,-0.8810606259922062,-0.6818165957993267,-0.5400819180067771
Rpl23,-0.22710352946366896,-0.15805209882983995,0.007540151928409955
Rpl23a,-0.10082994303029391,0.028919542801719267,-0.09802262049739596
Rpl23a-ps3,-0.21316063990705247,-0.09418168696540707,-0.07171527826287027
Rpl26,0.009537958783401024,-0.09687457551627432,0.24152080765640527
Rpl27,0.23201340819783844,0.02885181114976909,0.36271658482280067
Rpl27-ps1,0.004342977998517572,0.244627789205193,0.154216951115818
Rpl27-ps3,0.16847037072350401,-0.09838067865641631,0.14738271345532628
Rpl27a,-0.07993214672096727,-0.1615908710876628,0.08955793309158722
Rpl27a-ps4,-0.34214022945997935,-0.0011585347770799448,0.12028258179302886
Rpl28,-0.1772359649760844,-0.05607973061922067,0.45597195696583803
Rpl28-ps1,-0.4511936070551532,0.1430653915379385,0.321581416060682
Rpl28-ps3,-0.5877478489161923,0.0817089024635882,0.36541933189110987
Rpl29,0.19964930684677995,-0.3113974422387997,0.3126238184225638
Rpl3,0.09792735663280894,-0.40477850966303386,-0.07442803993598446
Rpl3-ps1,-0.1983040161675298,-0.36319471321047025,-0.03501196751767921
Rpl3-ps2,0.05706368066186096,-0.0072533009032687,-0.21741486843701052
Rpl30,-0.09296825706496925,-0.3873747385287274,0.045661197687570265
Rpl30-ps1,-0.296744209125235,-0.18498474128585074,-0.1090242844379472
Rpl30-ps10,-0.3887154305756101,-0.13935229035881014,0.13493152516851548
Rpl31,0.22254155079290783,-0.514382682004003,0.5492103615955575
Rpl31-ps10,0.025625010485896382,-0.2604914066776992,0.32421734412498315
Rpl31-ps11,-0.17859712732047806,0.17111924779963394,0.13963229502588215
Rpl31-ps12,-0.07234973296452663,-0.16367419737870748,0.26883981637179044
Rpl31-ps16,-0.10658374098654733,0.05198626728994071,0.3376420958176256
Rpl31-ps8,0.03626286489839714,-0.5381568837440955,0.5086561647106032
Rpl31-ps9,-0.018261135816037388,0.18177953101535016,0.51743495289957
Rpl32,0.6762895992842548,-0.03404167283507675,-0.03813807513203038
Rpl32-ps,-0.042071512914710674,-0.00710986806956837,-0.05218593847268771
Rpl32l,0.25289285166826847,0.12319844607055819,-0.06938992058288918
Rpl34,-0.3561236977581661,-0.5155769923187989,0.3340836697991314
Rpl34-ps1,-0.380205810004278,-0.1429083430246365,0.4645428182978182
Rpl35,-0.18486115830952699,-0.12449164200355778,0.616493264331579
Rpl35a,-0.6448612249035293,-0.21745099035151938,0.2455223276057179
Rpl35a-ps2,-0.6738682523541559,-0.2929735548317913,0.5169830176965038
Rpl35a-ps3,-0.5450154004610573,-0.019758401539185177,0.18498270819173157
Rpl35a-ps4,-0.30616113587873306,-0.023357458760302596,0.08913349550314897
Rpl35a-ps6,-0.4657783373393136,-0.07704509528134329,-0.024618215811039845
Rpl36,0.17394849941630142,-0.20733429087787414,0.7230119436661102
Rpl36-ps12,-0.15871961315276284,0.03140621436563773,0.6006481875185479
Rpl36-ps2,0.07041247429258024,-0.05408938701469457,0.34104515723435647
Rpl36-ps3,-0.38840148600230906,0.028478014137178764,0.6058553981782111
Rpl36a,-0.019181153230507952,-0.5767342063448204,0.6480647698989603
Rpl36a-ps1,-0.6644541470344583,-0.22538921765559117,0.43170399128387027
Rpl36a-ps2,-0.08700140772643383,-0.27473341486884983,0.446053275687055
Rpl36a-ps3,-0.4424512662883868,0.04111134681953743,-0.45700582158854486
Rpl36al,-0.1577745215793842,0.2805753254050659,-0.14661353718726422
Rpl37,0.10136148731461248,-0.3422135936783448,0.38418923427063945
Rpl37-ps1,-0.2053857630671278,0.17574268274887767,0.3884379673787536
Rpl37a,-0.14404243825114982,-0.5423235757108777,0.27462515575538937
Rpl37rt,-0.1244113629313679,-0.19475779348494138,0.5403963770112927
Rpl38,-0.03254867207966328,0.02656192167696325,0.4185343535985737
Rpl38-ps1,0.014229877463047158,0.28533801427061967,0.27830983586576163
Rpl38-ps2,-0.38363127452152757,-0.0029080856005947453,0.22982412434854105
Rpl39,0.1386508212887554,-0.7373024123943459,0.6052223399832855
Rpl39-ps,-0.09711394424495534,-0.6283527263450299,0.3854511171265682
Rpl4,0.04128618434847553,-0.18680069947578204,-0.22560401387587703
Rpl41,-0.14172589015243453,-0.3077997397983765,0.3766703225814432
Rpl5,-0.14009198877128703,-0.4701899618125829,-0.10595481401005635
Rpl5-ps1,-0.49749142724985096,-0.054254647991320626,-0.20037475528726745
Rpl5-ps2,-0.3140350285443074,-0.30010009984213837,-0.18197704312938123
Rpl6,-0.15882555514517271,-0.6286953802137489,0.03370788936047475
Rpl6l,-0.3120900523808694,-0.2744416115607793,0.251971194674943
Rpl7,0.11405408021243701,-0.5179272374436383,-0.32716674085915365
Rpl7-ps7,-0.4840905082383302,-0.2764833056163354,0.0819782037809147
Rpl7-ps8,0.02866892039022151,-0.08483143774382973,-0.1390004270256333
Rpl7-ps9,-0.15032124515192358,-0.101326148126897,-0.44498896507124486
Rpl7a,0.06611555669436342,-0.1906970688305254,0.18669682792511466
Rpl7a-ps10,-0.07694777619726645,0.1956953894731266,-0.11828450036917515
Rpl7a-ps3,-0.3667550783287893,-0.030023265393474774,0.2369087328422479
Rpl7a-ps5,-0.11512842500085085,0.0323971757190491,0.34508456927035924
Rpl7a-ps7,-0.25584516721945716,-0.22607154243455907,0.22297409724128392
Rpl7l1,0.4372953653923757,0.08740189939431353,0.4201399397758738
Rpl8,0.2286723407621718,-0.2472127703673923,0.03884165573854581
Rpl9,-0.148094870069718,-0.26824264953338783,-0.10137502278919719
Rpl9-ps4,-0.28733512683302687,-0.2403262925866403,-0.05293588403682148
Rpl9-ps6,-0.14762358389767405,-0.11893175922886723,-0.030529077116668635
Rpl9-ps7,-0.34734589124306225,0.022450190346913868,-0.13132515036061498
Rplp0,-0.03481687410917189,-0.7058291129229275,0.24397951793624095
Rplp0-ps1,-0.15799397403350146,-0.14389146338130931,0.10036056805292493
Rplp1,-0.020414688791662527,-0.47176342349589184,0.42182672211130345
Rplp2,-0.07445937879074194,-0.04704705061665848,0.40129791926235825
Rpn1,0.30032348791339025,0.043734650202623016,-0.7475986069026881
Rpn2,0.2884276607300489,-0.08823099935803214,0.02029958112507302
Rpp14,0.1431977703024847,0.22689758346856603,-0.5684298108951893
Rpp21,0.05912032107702636,-0.30144582857924895,-0.0087353569780948
Rpp25,-1.3142636586975427,-0.36153808365236273,-2.2606912136871467
Rpp25l,0.2743412177185487,0.09436628978102757,0.8377553403114808
Rpp30,0.28414933242202345,0.18981896361461104,0.308401667704743
Rpp38,-0.46295870506363856,-0.31442342361477893,0.9780736853411738
Rpp40,0.07214715168110164,-0.3786793002822053,-0.09369469909698935
Rprd1a,0.2780735590104335,-0.5522252955755182,-0.34997604708490293
Rprd1b,0.4473797088927354,0.32451798690527234,0.16377163368499037
Rprd2,-0.18971880760283089,-0.1674126360911341,0.041370612051644606
Rps10,0.2353084760566908,0.3994692033832101,0.726308999208912
Rps10-ps1,-0.21156568852175628,-0.02544951898588721,0.4420271770350799
Rps10-ps2,-0.10176724634749368,-0.007938332285234218,0.1294183827886024
Rps11,-0.28848312501023265,0.11787492171290115,0.37103395152621665
Rps11-ps1,-0.15271171925506,0.047802507731672605,-0.20597575338880114
Rps11-ps2,-0.22114197648865308,0.3554286587088935,0.10379861584551375
Rps12,-0.3788467544257639,-0.34377993166896914,0.2253412194908666
Rps12-ps10,-0.44202978079442024,0.021385207604395662,0.15706774146323654
Rps12-ps19,-0.3997948359649153,0.016263289273442227,0.13741184568695236
Rps12-ps3,-0.4242646228061595,-0.3237275237383139,0.061187771593945506
Rps12-ps4,-0.4088547386114365,0.08549330971284119,0.1277180117126121
Rps12-ps9,-0.1479863566953059,-0.02017048922237996,0.28165798642031437
Rps13,-0.10376572007713669,-0.06316569293836238,-0.07027730642099428
Rps13-ps1,-0.2936891839418734,-0.1971679284163832,0.09974929094214291
Rps13-ps2,-0.20839590393451068,-0.2516636048860801,-0.02443412976212045
Rps13-ps4,-0.24758562723292776,0.19563726548326765,-0.03451488457924179
Rps14,-0.007702177271312394,-0.3008357171301217,-0.46755159965022663
Rps15,-0.2064956950908048,-0.23855999282725548,0.2919746954797411
Rps15-ps2,-0.7462941878820231,-0.36885503903165295,0.29900485619788064
Rps15-ps3,-0.39248517932388993,0.027728278100797255,0.2274775665845712
Rps15a,0.0077974766497774795,-0.17067703647507315,0.0305059310628657
Rps15a-ps3,-0.6390737667698496,-0.0016062099848248579,0.2952217653510436
Rps15a-ps4,-0.016517928705263585,-0.2409437944606997,-0.10000312319106419
Rps15a-ps5,-0.22971586831562774,-0.2649382241525947,0.1972513438623671
Rps15a-ps6,-0.38203393121083584,0.06873797486709754,0.2801867180431947
Rps15a-ps7,-0.10414556524478646,-0.041278629982273385,0.26476260053539535
Rps16,-0.1627033654682748,-0.018476239688347107,-0.06902994013427133
Rps16-ps2,-0.4317759184183396,-0.06369689474662632,-0.009717621763179807
Rps17,-0.05606785774334888,-0.06293061591218141,0.30304922642205234
Rps18,0.17060568686605215,-0.2689235098599738,0.23091030010348668
Rps18-ps1,-0.11828505065923633,0.26571416250026747,-0.09697889822856176
Rps18-ps3,-0.09002703113821742,0.08059924754588899,0.393334563531877
Rps18-ps5,-0.40472202944238767,-0.2160715352735174,0.3786018959415811
Rps19,-0.12883959576756965,-0.19100340288016504,0.2291768599620525
Rps19-ps3,-0.44402867399139057,-0.3303068905869231,0.9457054071478059
Rps19-ps6,-0.2280073555452824,-0.03584375729635525,0.3149392747277737
Rps19-ps7,-0.2040845185924377,-0.018858148776327743,0.11352258576307739
Rps19bp1,0.27216401127704515,0.046215841528767676,1.04862576013368
Rps2,0.7170298546409306,-0.10091937826820185,0.40374234725450897
Rps2-ps10,0.6119011441412199,-0.07143235166116968,0.2300737006034339
Rps2-ps11,0.19289906802463774,0.2514516737555832,0.13288542665632297
Rps2-ps13,0.2744032746916729,-0.07908804382949741,0.35190370337306964
Rps2-ps5,0.06862592320049965,0.09355620672638543,0.17311276581554857
Rps2-ps6,0.45174826403009005,-0.12227107992148634,0.22412454217888111
Rps2-ps7,0.017815835384473178,0.06644344917207257,-0.00975137637302903
Rps2-ps8,0.32828499476361284,-0.09296052701050206,-0.002573241421076622
Rps20,0.08158458918312306,-0.3856190594550757,0.6555253712527982
Rps21,-0.19835343902142277,-0.260397110954365,0.18337450015501133
Rps23,-0.08579574017550229,-0.23201078704604328,-0.22112941570192035
Rps24,0.12159584708758864,-0.0649634697675463,-0.049176114248774994
Rps24-ps2,0.08438630403291952,-0.24490020832023943,-0.07145095399231716
Rps24-ps3,-0.27232632469604745,-0.13847295095875323,-0.32198850133085966
Rps25,0.18371326832641444,-0.28225411669609457,0.11703731042220511
Rps25-ps1,-0.03463583180897034,-0.1281239799869991,0.4076551171636509
Rps26,-0.2183765568881313,-0.31941955467785554,0.11141874709320199
Rps26-ps1,-0.6116921465245655,-0.1106513241379452,0.3321311865790837
Rps27,-0.3229120550809448,-0.631492076081031,-0.16346412114156195
Rps27a,-0.032151636772226766,0.021649242048923156,-0.1009774041531184
Rps27a-ps2,-0.11277387914680226,0.12103671561480134,-0.22548490547399203
Rps27a-ps3,-0.2856943823517244,-0.07496220270431175,-0.08844964741366956
Rps27l,0.42799261517202236,-0.42051071998484346,0.17571237102331327
Rps27rt,-0.4715653407294673,-0.5285004602521086,-0.1270204769897565
Rps28,0.016255988563703028,-0.37124617936464865,0.4067074007130511
Rps29,-0.38897818866390477,-0.4254920811733225,-0.2116126702845893
Rps3,-0.054050188801117116,-0.04157983283802125,-0.34985602523781445
Rps3a1,0.11427290728117612,-0.5035134191095949,-0.06825598210823358
Rps3a2,-0.2391575271986932,-0.4747550731572434,0.10269774291046918
Rps3a3,-0.35483765419182944,-0.1929940115229809,-0.09669300502554945
Rps4l,-4.606466010534686,-0.0474646995438729,0.049896009199458476
Rps4x,0.15915460826073868,-0.5141580917362951,0.14594966326747105
Rps4x-ps,-0.23531980480398573,-0.5884418640402485,0.05480443935357471
Rps5,-0.1293952349052816,0.026843450414608228,-0.08391281049883403
Rps6,0.19553691463518064,0.06724288979943971,-0.1356504287669047
Rps6-ps1,-0.09455201064621588,0.2691699993451848,0.2947209841657612
Rps6-ps2,-0.15429626339626112,0.18917328664300026,0.07580064690494459
Rps6-ps3,-0.1999118675450784,0.0618826091669733,0.21195932840688148
Rps6-ps4,0.06570533550733426,0.09546414703257966,0.13453788844933712
Rps6ka1,-1.1497342557184762,-0.2660511734185711,-1.4614274502816356
Rps6ka2,2.366429891264937,-0.4594099168644057,3.1685242839801404
Rps6ka3,0.20156936943557913,-0.38409135498415825,-0.3368861467768296
Rps6ka5,-0.9471518951679414,-0.2237418452223161,0.06076298707968286
Rps6kb1,0.29875234297753916,0.17644115403378002,-0.08371075993167043
Rps6kb2,-0.2805751360562323,-0.3264747706130047,0.3333049812443569
Rps6kc1,0.10086805456319681,0.16011801809889725,0.4048275643311685
Rps6kl1,-0.9070872045438885,-0.6215666500946744,-0.6478065490135387
Rps7,0.08947299678347065,-0.3179754659803784,-0.30056030978848547
Rps7-ps3,-0.04241481638492273,-0.3102027185473015,-0.23188899699467136
Rps8,0.04890900870364412,-0.05970645067543323,0.47513378937484063
Rps8-ps1,-0.47357035890353627,0.22617848564596432,0.39411731606390865
Rps8-ps4,0.25702501470181943,0.13215828863436518,0.33693712894247174
Rps9,-0.0895935752863597,-0.32344539053987376,-0.07365344333784307
Rpsa,0.32796733154217605,-0.4408547697042522,0.22597031489426733
Rpsa-ps1,-0.13949381913766445,-0.09039334799988463,0.19795779433325267
Rpsa-ps10,0.12162854703601322,-0.41015884001660563,0.33381302123397294
Rpsa-ps12,-0.008758737976437558,-0.23368925393133733,-0.12924088385077193
Rpsa-ps2,-0.061464310354995444,-0.46281231212287355,0.44575009049460945
Rpsa-ps4,0.18359532556275093,-0.2568217365601879,-0.0005798882154475216
Rpsa-ps7,0.16116384180589494,-0.2236484299329915,0.07991259787579841
Rpsa-ps9,-0.07729042105757866,-0.04533343209738305,0.49716954218370946
Rptor,-0.47226736661955204,0.16941173366431883,-0.05748850476232903
Rpusd1,-0.10519242947893215,0.22514438491104372,0.08116564879007049
Rpusd2,-0.26833150829761454,0.4910022262248699,-0.15138452903620703
Rpusd3,0.0904133627137722,0.0021832287696441632,0.09420045426611279
Rpusd4,0.004222916328028958,-0.3273039472052277,0.02951116651581831
Rrad,2.058539057052882,1.1202387134831346,2.2546003378013624
Rraga,-0.007136443939540271,0.14261278689180568,0.12589747719505784
Rragb,0.5308647185653588,0.37555232908626524,0.024531148932021535
Rragc,-0.11099330130661933,0.014557544944704404,0.33254596213811816
Rras,-0.34792983486357176,-0.948383402535681,-0.247859873481989
Rras2,-0.6539842952692299,0.4301514186903814,-0.4612467831004947
Rrbp1,-0.185798463473283,-0.29484207271142004,0.31329027058699666
Rreb1,-0.4138684866086688,0.3086144696038744,-0.7482436094899709
Rrm1,0.9075966932984629,0.39992697217260176,0.5858812448001842
Rrm2,0.5996217884262549,0.10293255270946844,0.5925045838746552
Rrm2b,0.3852107042251882,-0.13838174565964145,0.1808580074916457
Rrn3,-0.33583664773605904,0.37225536011502935,0.23316289026855053
Rrp1,-0.04174381508497671,-0.036049468277742136,0.16738449359117258
Rrp12,0.32410883313994887,0.8563390047915691,0.07989482693060701
Rrp15,0.49051155948200975,0.16638759113839363,0.5676782106772507
Rrp1b,0.5303057494953576,0.6240605579110312,0.14171412485552715
Rrp36,0.1088348501052625,0.004865916941711568,0.432187841364577
Rrp7a,0.13646300018322055,0.1750789937138535,-0.12478721061816334
Rrp8,0.48281511277777955,0.7313546594867342,0.3073872413688843
Rrp9,0.6872459981493328,0.44129609803589087,0.36472656576499674
Rrs1,0.4621386293084848,0.41168183446961226,0.7491676497670223
Rsad1,-0.24765953741254654,0.32019775501396364,-0.2080533255261492
Rsbn1,0.2948290856956062,0.6201162599557093,-0.5106082351300123
Rsbn1l,-0.32943039465571156,-0.28458055516265546,0.005460010795179215
Rsf1,0.21616479559028878,-0.12850786566789907,0.04363410103927645
Rsl1,-0.4317281449772046,-0.18557939506574428,-0.38654936478181456
Rsl1d1,-0.4114198182993656,0.2504813056670825,0.3144859724125233
Rsl24d1,0.18977567728984912,0.19541270403328692,0.22378014768608168
Rsph10b,0.11262489024145284,-1.094119829877902,-0.04240264391660631
Rsph3a,-0.3252779903850169,-0.586762445962719,0.599165337671367
Rsph3b,-0.05004277498978471,-0.14180362560699145,0.3001335721531109
Rsph9,-0.3964304503692706,-0.5460170425870041,0.15478720140270918
Rspo1,-0.5305369471379451,0.2202347231061007,-0.6474073877703104
Rspo3,0.3607563968757812,0.012749219749972493,2.1498288534150194
Rspry1,-0.11801257977855073,-0.17194967990344523,-0.027919087205694915
Rsrc1,0.47581090186251984,-0.5495888769029671,0.29224387863549595
Rsrc2,0.2580766132559047,-0.4272007744883215,0.1536642649463804
Rsrp1,-0.736769077129825,-0.6676235946220359,1.0479160529035676
Rsu1,-0.10727804376910655,-0.21339740418582576,0.7488306075297446
Rtca,0.21375258450078594,-0.207865026287827,0.4352882310015893
Rtcb,-0.12290672932684465,-0.047662021536119425,-0.16724219047803945
Rtel1,0.6489985770193689,-0.045109235492137856,1.1022124820685213
Rtf1,0.3213054945168272,-0.19515151486965987,-0.03582828401789406
Rtf2,-0.1950711587647831,0.029009302412092097,0.1443749914786956
Rtkn,1.1117165146165173,0.3918496045688493,-0.7926163412999037
Rtkn2,1.817519003406389,0.32592407249204447,1.9296046714618365
Rtl10,0.2105053298650461,0.5611428115944305,-0.028862921504357153
Rtn2,0.22031427597057585,0.3511916255609142,0.6369189774218031
Rtn3,-0.49508203785370775,-0.5895210221184062,-0.7042478071738563
Rtn4,0.3115347153769079,-0.17555488772853778,-0.16358137342611556
Rtn4ip1,-0.9683685098710795,0.059710283250797414,-0.2440040812815072
Rtn4rl1,0.39619809088104363,-1.5071239967631211,-3.1085698705400606
Rtn4rl2,4.3215901109323225,-0.09267196127448177,0.5360352489657789
Rtp4,-1.4956201088032262,-0.12636955635540675,1.6369363055467994
Rtraf,0.16231091920504426,-0.1401139421290285,-0.32897371703174283
Rttn,0.2554165944614941,0.06905322929748214,-0.3200077254309819
Rubcn,-0.9072789501915111,0.11980928702059135,-0.24637568262880816
Rubcnl,0.6921445441258182,-0.26577108087381324,-0.34668561770178025
Rufy1,-0.1049728899963247,0.45585207102659986,-0.11423330873994608
Rufy2,-0.2592549333843377,-0.4083905689560119,0.26980995600658453
Rufy3,0.01940922733704209,0.13306839074158994,0.33131212523267184
Rufy4,1.562332762546648,0.027261911315927635,-0.07628098627379032
Rundc1,-0.8475608164979951,-0.10147250737877744,-0.7122680614054007
Rundc3a,-0.2562461844160753,0.19126005508443633,0.6422707478889946
Rundc3b,1.1440267069338823,2.2352315070573363,-1.8457458852780089
Runx1,-0.3099302840944249,0.1588252058508859,0.2919093644909081
Runx2,-0.07256277543746492,0.515163349463652,0.6165405990240798
Runx2os1,0.3444294132551886,0.22560319685405217,0.4094796905943392
Runx3,0.05517839481555423,0.0,4.512418107856563
Rusc1,-0.9031071033488836,0.41061781226512695,-0.5510501351479944
Rusc2,-0.2903226132478922,0.49258579718599105,0.27004724943492064
Rusf1,-0.6641542704297043,-0.03329618687322533,-0.18625694605123977
Ruvbl1,0.8023756925820713,0.0847698122859386,0.3573547478588086
Ruvbl2,0.3306276611367407,0.2941589953140671,0.6940464718174661
Rwdd1,0.009427280279354022,-0.4443629782174945,0.43339747066527057
Rwdd2a,0.22398269240774893,-0.1732215592588573,0.2233521253286404
Rwdd2b,-0.8492803179385802,0.15580853621567758,-0.20845227118174403
Rwdd3,0.13257036520659904,-0.24571874080836353,0.6690566728551031
Rwdd4a,0.30121694739689087,0.3396550107362044,0.12075809972834506
Rxra,-0.08321923491622485,-0.35951101011184505,0.4539963242385605
Rxrb,-0.11801259585810353,-0.10769433395469541,0.011476253817153115
Rxylt1,0.2972680684739384,-0.21740508842535444,-0.23192641278792525
Rybp,1.1886937016977095,0.5302401052972998,-1.186742435444482
Ryk,-0.16019391572857256,-0.3746066393253935,0.3838854211864504
Ryr2,0.748438080029084,0.3606420570161297,-0.3126620059219933
S100a1,-1.6167966082861955,-0.9142204366665458,-0.6776267158456282
S100a10,-0.2047196843016934,-0.42827630350550727,0.9118373471476922
S100a11,-0.26789505607497865,-0.6167258474949318,0.45762520759396885
S100a13,-2.0964275185132264,-1.0898174546058677,-0.4831423652091722
S100a14,-2.1208006754549467,-1.660533277400372,-0.014005790329622236
S100a16,-2.0473598124952117,-1.2796261675337917,-0.40528577102432717
S100a2,-0.34852428875703734,-0.43814816025585396,-0.8821620306671412
S100a3,-0.30031449444851466,-0.6067052428977738,0.6003285968834937
S100a4,-0.64447180186132,-0.2581890867607778,1.4988648327435403
S100a6,-1.30447698441942,-1.2506388834662783,0.03379074771958024
S100a7a,-2.3195598910556057,1.176648429835998,0.13115280921428862
S100b,-0.07171105153688907,-0.11515231649901914,0.7199456077572932
S100g,-5.329229785179948,-1.8597751625581784,-5.09936521302543
S100pbp,0.9111396145338571,-0.3361941528825749,0.3769940614385776
S1pr1,0.6277554836435175,2.6171412243772427,0.17660350616577677
S1pr2,1.3039514095533673,-0.3441897112392356,0.5466930026589427
Saal1,0.3528370473711231,-0.0413892307464474,0.1456090097554057
Sac3d1,0.01966257189006715,0.3001199399373089,-0.2806331535480666
Sacm1l,0.08125063182027858,-0.2622999145768956,-1.4041550830905831
Sacs,0.8198041182931153,0.4866244965965345,0.17936072841979467
Sae1,0.21439345803325605,0.1334304155835948,0.32403785431139465
Safb,0.35322037295617026,0.09611935299035324,0.2968856030554319
Safb2,-0.08293504907974025,-0.1865144872265283,0.2212333576128671
Sall1,0.013515901892133607,0.0,-0.5815624793736793
Sall2,1.4345160294719257,-1.7890083056701374,0.6449179120687947
Sall3,-2.2235435854477044,-1.6576820697955728,-1.3039017540301654
Samd1,0.715922519763442,0.04317550916029145,0.5630055175889455
Samd10,-0.2505785542705308,-0.4995975326228197,-0.7085144341224114
Samd14,1.9023945249713812,-0.2829535629690776,0.5557761962024381
Samd4,0.960928126748887,0.891891313236973,0.2280616233557602
Samd4b,0.11445427267318475,0.04922938863680759,0.12387875298655526
Samd5,-1.7068466485742242,-0.15315124924103518,-1.1038060742353792
Samd8,0.030606452001316953,0.3047432394472924,-0.9032456782563862
Samd9l,-1.6291740750635442,0.8962495179670755,-0.9929014599221055
Samhd1,0.9947661829649892,0.12352639535306764,1.0474240427792614
Samm50,-0.12345692126498875,-0.20417805724736837,-0.09172168544514925
Sanbr,0.1885344266126472,-0.15340805219148734,-0.6867015530334237
Sap130,0.29758996500936785,0.14657070735793631,-0.3955612708576126
Sap18,0.2629447266544078,-0.12369785810347356,0.1480793020878206
Sap18b,-0.021062757440318602,0.18352192722221083,0.23419275488134428
Sap30,0.3101597963458351,0.1823437491295703,0.5555271040256526
Sap30bp,0.08941282606893441,0.13458629501579367,0.35401665192590315
Sap30l,-0.1441622656456456,-0.06044837501737099,1.1934740158816126
Sapcd2,0.49187764305645576,-0.16587419120494395,1.2386912671438761
Sar1a,0.13667403873290773,0.040895035233734056,-0.0003964543572081425
Sar1b,-0.4525397403820204,-0.18774067742066336,-0.40606274688364596
Saraf,0.06284012158733443,-0.12189405222922467,0.14969536302436115
Sardh,0.503164586331402,-0.49897902230635616,0.8935328102542694
Sarm1,0.22184593315118506,0.1952688549174744,0.6629221843635225
Sarnp,-0.03799273041480333,-0.5371872332554801,0.4190643540492207
Sars,-0.26890076650095196,-0.3966193309882602,0.4393346097461972
Sars2,-0.687833559572884,0.14870413020915407,0.17604875541172493
Sart1,-0.12349705901609909,0.059332457589356125,0.35399009147477045
Sart3,0.2999378478046424,-0.23614156797565755,0.25571206800075696
Sash1,-1.7290756088739303,-0.418252442386831,-1.715158181245958
Sass6,0.37168075402958856,0.14536266544112042,0.48165635998508627
Sat1,-0.2279924199974257,-1.0514047342474875,-0.4642065792584704
Sat2,0.34587218548706233,-0.22528985929538603,0.2490097097356483
Satb1,2.24274599672999,-0.19052396911949945,0.11477229071395117
Satb2,1.351893517767457,-0.04911214439880296,0.31632143768637655
Sav1,0.6684609745039989,-0.05540629234228689,-1.0031786185949692
Saxo2,-0.38417363469624266,0.12578493822116432,0.38489423866945155
Saysd1,0.04326084120441598,0.03581674235569032,-0.6331473057342683
Sbds,-0.4667882471024214,-0.39795577295692475,0.3608197142186942
Sbf1,0.4483011339524241,-0.009343489573991448,0.35009511720753395
Sbf2,0.6969898916120876,0.5587805367148153,-0.15479522480051155
Sbk1,1.2570046575985407,0.4626789811484344,0.008227291264907954
Sbno1,-0.0032587611021526186,-0.4603834935547013,-0.0016813990961050962
Sbno2,-0.20298263957371532,-0.020797498647505464,0.37198950881206727
Sbsn,0.1733113231677439,0.6267535221248063,-0.4613092057191126
Sc5d,-0.6338488804020193,-0.8012849650634815,-1.2673764308650037
Scaf1,0.10513792951466083,0.09806330891925263,0.18606402892055307
Scaf11,0.4034656200603486,0.14287283843967113,-0.02119124107788739
Scaf4,-0.3046405895393649,0.18091739241565108,0.3504294827450698
Scaf8,0.27598790263345485,0.3540897006584851,0.11969767783697804
Scai,0.34510574067721045,-0.29668664464732153,0.4099092552130794
Scamp1,-0.4404250146429973,-0.7408420360489432,-0.8612114366052612
Scamp2,-0.5648663329827146,0.06963563877231316,-0.8532352097414924
Scamp3,-0.57750247045621,-0.15145359590383922,-0.32977058244130575
Scamp5,-0.9545843596836701,-2.0013359012546768,-1.3077501391844457
Scand1,-0.3815843724503756,-0.1201869025220823,1.1955785775570265
Scap,0.4289588178165564,-0.19032407566947285,-0.3797199943715093
Scaper,-0.20848659711692985,-0.6207720262282455,-0.5853501150245033
Scara3,0.7270037544030261,-0.5928210738679898,-0.019785954293404018
Scarb1,0.7050254065367314,-0.5806446061094412,0.09784691544320889
Scarb2,-1.1654516887719133,-0.09511672944494087,-0.7410880534353232
Scarf2,0.7578593203713515,-0.5882268360005511,2.0711599437649006
Sccpdh,2.0399234063594163,-0.3516220777146315,0.8455228505565637
Scd1,-0.7707546572182364,-1.286832315137075,-2.1273159607241725
Scd2,-0.857703354260817,-1.6856278500900235,-1.9055087933694441
Scel,-0.2547405742315241,1.1321834495423246,-1.797773210068116
Scfd1,0.09799546891686095,-0.16218484612404893,-0.21751226331435003
Scfd2,-0.4160299025039018,-0.22262948464478383,-0.19462179430069737
Scin,-3.664056380943176,-0.6133184043895563,0.4760089004754566
Sclt1,0.5674703195751789,-0.9480587606514654,0.5200972213632782
Scly,-0.7059336198885653,-0.9189820567035132,0.0044823170438519355
Scmh1,-0.6785571731274906,0.12718819790834246,1.1693083550967476
Scn2a,-0.20148306555994333,-0.8627139588463144,1.0567037229891645
Scn8a,0.06491034964547429,-0.26057393763235415,-1.0309443678627732
Scnm1,-0.7353267823309189,-0.6279153514187774,0.2299179414401884
Scnn1a,-1.6658224561428567,-1.3528634966862187,-0.016655770392415947
Sco1,-0.282102443864475,0.24845013291583484,-0.02073399387675323
Scoc,0.8513249612960241,-0.21197893385282818,0.869216781475731
Scp2,-0.4250412033983073,-0.5792448762072846,0.20547372335040137
Scpep1,-0.4603185585095746,-0.5391143815448505,-0.11831042203831466
Scrib,0.40339516294567446,-0.01448716568722741,0.061600663391369714
Scrn1,-0.14776629014043152,0.10417376223269059,0.2644652679271293
Scrn2,-0.902633321705467,-0.4403961540616983,0.21489750712939326
Scrn3,-0.65481239195769,-0.673652825420489,-0.31148439091051827
Scx,-0.4913138173222782,-0.7551841246232023,1.492965812038224
Scyl1,-0.08261307020646136,-0.15926267456553944,-0.11841084567564053
Scyl2,-0.3647569186062434,0.21185599237732067,-0.5882004714198894
Scyl3,0.1745579650711253,0.14875667661625025,0.06669967548245115
Sdad1,0.040451273783851605,0.3983772595546924,-0.012044509463529529
Sdc1,-0.8242736570451168,-0.28331360378521886,-0.9043118112923914
Sdc2,1.0595366565331807,-0.023393628948020443,0.6564194872113166
Sdc3,5.639558648924086,-0.247479095688379,4.309780847422742
Sdc4,0.003103438914932255,0.013885579066662324,-0.12329654301803927
Sdcbp,-0.42560017611408263,0.3199278592818251,-0.22002204435458417
Sdcbp2,-2.6874405577076264,0.7005502755951873,-1.675956000673109
Sdccag8,0.0787079904659036,-0.1501166510557046,0.8010191414662176
Sde2,0.20477117044411308,0.23892831197744702,-0.3760182083944894
Sdf2,-0.5896397926730366,-0.3824519392810872,-0.26689468259465965
Sdf2l1,-0.41238926595946257,-0.11512804308640945,0.21701796841334264
Sdf4,0.47526802823785097,0.27535922319285255,0.017386767109842438
Sdha,-0.005601219987292794,-0.31444676720150877,-0.7566411873560552
Sdhaf1,-0.022988540804032453,0.09287927914152216,0.11942834141993064
Sdhaf2,-0.045341049857815285,-0.00704590653932069,0.057223806250209286
Sdhaf3,0.06167927963469122,-0.045501447380330795,0.05519105808305813
Sdhaf4,-0.18368843503821042,-0.8717572254959673,0.6960854899360176
Sdhb,0.008323687027213644,-0.2260357728560205,0.8922796324985001
Sdhc,-0.3629525846256634,-0.5417128164891327,0.0364096947786825
Sdhd,-0.2680179593188967,-0.25474223470173385,-0.7502995929646437
Sdr39u1,-0.44954951392017284,1.0794831315111164,0.1170406099456156
Sdr42e1,-1.69040829967999,-0.15001906566465134,-2.001432702845646
Sdsl,-1.6828284969260725,-0.6307847279315271,-1.5190617062008647
Sec1,-0.5866723749684872,0.2165011620858701,-0.27178626951910845
Sec11a,-0.3140909516832684,-0.13152645956947762,-0.031485897016646724
Sec11c,-0.14470863487406405,-0.11473743311575912,-0.4396648508261185
Sec13,0.7727606463167334,0.24671416338767038,-0.4102378239422464
Sec14l1,-0.7334758220767359,-0.16221842195880498,-0.30318504031522764
Sec14l2,0.923979656304236,0.2707860337754382,-0.8147156764395658
Sec16a,-0.21896670693278786,0.2712281017697906,-0.27675461533403745
Sec16b,-1.915991912071997,-1.8449912805435762,0.3507725010865672
Sec22a,-0.6936720737916451,-0.4378332400715297,-0.3817304019880101
Sec22b,-0.2356110618076741,-0.31933895097516096,0.0703667208346106
Sec22c,0.5742486928847352,0.19184337777634397,-0.029350030361072754
Sec23a,-0.19438078400715586,-0.12232667139107534,-1.2755288842866008
Sec23b,0.11512337043315934,0.20810992610274326,-0.20157523590368776
Sec23ip,-0.03029875513529756,0.27302879941577984,-0.5115960733502805
Sec24a,-0.5538463862808767,0.35027381258920265,-1.0079654494615422
Sec24b,0.22266311231583824,-0.05571313789575427,0.06911258921603558
Sec24c,0.09394120468053746,0.45744413704057596,-0.46305539398819207
Sec24d,0.4337495194053931,0.007793649260143809,-0.15084708420922688
Sec31a,-0.04404058570639968,-0.050632891579673434,0.10991373674541105
Sec61a1,0.6169268749814218,0.5042967586366025,-0.5881888458993645
Sec61a2,0.648062868946405,0.09505107564000559,0.9570397346554973
Sec61b,0.1790451102979036,-0.2918110731469552,0.8405771072981043
Sec61g,0.24495016941774406,-0.19519547943412618,0.654617952564208
Sec62,-0.46773052382169844,-0.38617733275216626,-0.12866896107710968
Sec63,0.001206785871644911,-0.07277571736362098,-0.19306617818146066
Secisbp2,-0.23092374454234044,0.2200928174752974,-0.4299369974246816
Secisbp2l,0.0065776697458144184,0.3681187170426874,0.05482493372086328
Seh1l,-0.09998795006507777,-0.11536895701080851,-0.7477624973556312
Sel1l,-0.32351704214425236,0.18542492313137426,-1.1323144675756627
Sel1l3,-2.363311309295111,-2.369562672315618,-3.356120699962164
Sele,1.346035397595911,0.05306091783946399,1.3318101162157543
Selenbp1,-2.243397502306389,-2.2673722582002864,-1.9009621577099622
Selenbp2,-1.3867481933607186,-0.7391366821404037,-1.0116048730996474
Selenof,-0.026944032783342564,-0.6264126186212415,-0.07939696054718759
Selenoh,1.310930877403778,0.20176533174322753,1.1604538740496881
Selenoi,-0.5560997421233926,-0.03528774224705078,-0.8309693855497349
Selenok,-0.30100025131536157,-0.2618347956078404,-0.12484840162738209
Selenom,0.2330451403130409,-1.343439451935545,2.9730246968761285
Selenon,1.1961697006276761,-0.3108193172691234,0.7065360192655028
Selenoo,0.166543592722038,-0.16744473254131043,-1.0775891973754717
Selenop,-1.604951290364247,-2.8203101270134088,-3.799119454757286
Selenos,-0.4767099201289664,0.3661841217633892,-0.27345698266034013
Selenot,-0.1869912337260482,-0.2688340360643302,-0.26562163556892315
Selenow,0.6366088159709848,0.19052079106366637,1.3209064616742507
Selp,0.5872691406893731,0.8198236966147636,3.6040383700534995
Sem1,0.38503328616285604,-0.236603220502424,0.5035778159727684
Sema3a,3.8828580691761116,2.8951536534223576,4.020484964923565
Sema3b,-1.1454952057228036,0.07239251681238912,-0.5169012757748748
Sema3c,-0.7062930267355005,-0.0391539198234474,-0.6684928788356261
Sema3d,-0.08829810738944532,-0.17867543018426568,0.0
Sema3e,-0.21705293982667495,-0.3572798138674438,-1.7467543284708222
Sema3f,0.5835153245009996,1.3952126393817794,2.05733791337349
Sema4a,-2.9348295449566075,-1.1952651667191052,-2.1343069069420446
Sema4b,-0.7411014931148872,0.08777259562116768,-0.2640038999176699
Sema4c,1.2688606045243818,-0.5614336495588197,0.3749189015993375
Sema4d,-0.9607378864925096,-0.48572313606499185,-1.0037089109539608
Sema4f,-1.8693270499084251,1.3659189441213897,0.5378052961627879
Sema4g,-3.966772575377692,-1.9687342092890274,-3.2778945605231566
Sema5a,-1.0783911980287386,-1.1005769822470985,3.7342547044721988
Sema6a,-3.2376024097463016,0.23516039106717035,0.13670037256294054
Sema6b,0.14128113959422794,-0.16359065952268637,-0.33069824051302366
Sema6c,-0.8473101495419726,-1.0526251368997446,0.9384604416122948
Sema6d,1.489566105994626,-0.565378381420505,0.725135343883001
Sema7a,0.6134925224770964,1.122444463161254,3.7313394648135634
Senp1,0.643589077082301,0.08384980370819228,-0.16754804767652587
Senp2,-0.5539509352004055,0.07277121389333718,-0.052846528822982464
Senp3,0.47227064748720515,0.2872485126219422,-0.03423739417195293
Senp5,-0.22038102507258106,0.5018721036146463,0.09953098774415814
Senp6,-0.4521054564192726,-0.3433626239518768,-0.26811681602583803
Senp7,-0.592440631115108,-0.3253912144174613,-0.5033333809756799
Senp8,-0.13110164859825524,-0.4722814470775236,-0.09946712585689488
Sephs1,0.5440779585252553,0.09859745061457215,0.4795105871539844
Sephs2,-0.7395810348533729,0.24091388136635405,-0.5976320791018779
Sepsecs,-0.6403923376531311,-0.4060688894358293,-0.23534628729729512
Septin1,-0.12256822428560765,0.18846620850532714,-0.021671125836179694
Septin10,0.6287302453320747,-0.3241789519873972,-0.5527118821376655
Septin11,0.6873030764801973,0.1405453713428324,-0.12715487142560722
Septin2,-0.3432874765422389,-0.48736775157285306,0.41352289417920884
Septin5,0.9286053934379158,-0.400552613887763,1.934729695805292
Septin6,-0.4453552976032906,-0.7897789038313014,-0.11065136554372756
Septin7,0.8655819422770348,0.035974495465431744,0.2548452122708049
Septin8,0.5818351823572563,-0.02653607294956828,0.14681413346160266
Septin9,0.505799433663709,0.2978304479699645,0.5061320261846038
Serac1,0.49874721106330955,0.29997237349138217,-0.1928703350765244
Serbp1,0.794353859294926,0.31499458934209024,-0.05252769928119072
Serf1,-0.16513199009520285,-0.5456977138113408,-0.24739157342137474
Serf2,-0.1225890048571241,-0.6989074956958752,0.6791451140624969
Sergef,-0.09343975785490333,0.19578510016751416,0.5531539481580516
Serhl,-0.6425220014436752,-0.38031048954098634,-0.1285416907579957
Serinc1,-0.3827985678866801,-0.13622433867387063,-0.5902605709249187
Serinc2,-1.658780511007912,-2.4851518830385446,1.0197099441739281
Serinc3,-0.49829871811540105,-0.7857876099093728,-0.16424153779452855
Serinc5,0.5575339468146479,-0.8670217645668052,-0.4252271937500378
Serp1,-0.5234672782156675,-0.0486665623784841,-0.46119116661282433
Serp2,0.904559586931291,0.4784783651732969,1.5599098632586048
Serpinb1a,-1.227730520710204,-0.9641667476980205,-1.2728303157185767
Serpinb2,2.0970758043838593,0.5814961613800279,0.47820452100243355
Serpinb5,-0.5915337150557609,0.5518955515785637,-0.8159418645987977
Serpinb6a,-0.4991902679331277,-0.048845839632285504,-0.792050188242337
Serpinb6b,-1.1195542102005192,-0.6891568535180665,-1.191319947172575
Serpinb6c,-0.689649223712419,0.7893134872444023,-1.6466738914242252
Serpinb8,1.5238193974271594,0.6515493853915268,1.1243348031766138
Serpinb9,-0.11910463074044841,-0.47599870161712765,-1.5066759050634841
Serpinb9b,-1.1241805157044165,2.3436398296911434,-1.9721283752517342
Serpine1,3.2876896723566897,1.0729898775233355,-1.173182543798216
Serpinf1,1.8263974809893582,-0.019732583816073433,4.118413394897361
Serpinh1,5.139381183447544,-0.17865414793142875,3.458187815077152
Serpini1,-2.136775743789949,-0.8617791888548361,-0.9976965392924644
Sertad1,0.48085671763883653,0.2401427706953987,0.5332532181717706
Sertad2,0.29227015114406907,0.38766285632815656,0.5514186521548892
Sertad3,0.0813043045154096,-0.7423028082096397,0.19741682202316824
Sesn1,-1.7091852593061718,-0.9845185526429345,0.5221420815215105
Sesn2,0.06618371245095389,-0.5898039622813886,0.97306685979426
Sesn3,1.0917042044009415,-1.9070322203377748,-0.827863976043095
Sestd1,0.8165123584381675,0.012871265810326271,1.2045357792594649
Set,0.46634885087487987,0.17903362546975998,0.36301151810026866
Setbp1,0.3211320975323373,-1.366474011759249,-2.0329907362721147
Setd1a,0.2767577253639164,0.3034419268158146,0.2671768648383299
Setd1b,-0.5415739116243588,-0.45341553083146646,0.1404548623357451
Setd2,0.48852195742967996,-0.04793962292003773,-0.14211921906472114
Setd3,-0.2431327689448226,-0.10814830236051165,-0.690381794463292
Setd4,-0.6974061198117525,0.13814976674831603,-0.6927839005422327
Setd5,0.9997422652910206,0.3237384553783418,0.09310629794112835
Setd6,0.07323245851160731,0.16761875966720918,0.15859754843487028
Setd7,0.3472076253001699,-0.39835154583170596,-0.2141921343718396
Setdb1,-0.08759879547100624,-0.22338947781740615,0.1939108985488298
Setdb2,0.2258101899619902,0.3141853610876346,-0.2801245738053546
Setmar,0.3315715062482887,-0.40316085893899634,-0.03092752002062893
Setx,-0.06246612108620653,0.5354944303547642,-0.34553572329847704
Sf1,0.4480871434154654,0.1941809098125722,-0.2734360792649495
Sf3a1,0.2875799078947878,0.37128373811183923,0.3229168190503744
Sf3a2,0.07758436631398702,0.22777483571693313,0.8440680769642155
Sf3a3,0.19175722962498742,0.09633885219296179,0.8051622914327234
Sf3b1,0.4187163783805792,-0.021101773187601758,0.009175951808888527
Sf3b2,0.09584171804852382,-0.06107303983407064,-0.22940508532752535
Sf3b3,0.4639396863714733,0.4259474192431023,0.5489403250854377
Sf3b4,0.22408255343977235,0.10626833602878616,0.5753650097811267
Sf3b5,-0.24790860142287396,-0.2896462425792219,0.10399444612779618
Sf3b6,-0.033870672041731,-0.4414641035971867,-0.431622592149731
Sfi1,-0.5288968665186875,-0.49227730407022774,0.5618698919524765
Sfmbt1,-0.25749594455955815,0.6269704412342496,-0.19624192774876548
Sfn,-0.5606278053383451,1.7921288948677523,1.0509411192971125
Sfpq,0.3962197669856593,0.3020612300018026,-0.07108569628245665
Sfr1,0.21271990317695177,-0.22773621449040782,-0.11880160250290395
Sfswap,-0.025320515894893703,-0.39427652177067607,0.5326485001570633
Sft2d1,-0.018152230992629192,-0.10637785850691284,0.17604618148325812
Sft2d1rt,-0.1640662820345149,-0.16991660689385713,0.30068023800327204
Sft2d2,-0.9257645913295702,-0.46076697153717294,-0.8302363690083396
Sft2d3,-0.5384564761921853,-0.8273196280603416,-1.0525811264327496
Sfta2,-0.9556858033864047,-0.09340654246845825,-0.833880345068032
Sftpd,-0.024568407707036232,-0.9864490691799832,-0.29305372748883163
Sfxn1,-0.1863143978935371,-0.272949326990763,-0.9923666278365211
Sfxn2,-0.03569154486646342,-0.10586909735462413,0.6603949441067911
Sfxn3,-0.464086089764713,-0.6399109413260797,0.009061364876916222
Sfxn4,0.09281566956217313,-0.4175772406228403,1.7894469093924337
Sfxn5,0.3411069303860579,-0.47353297942636985,0.035354275475497854
Sgcb,-0.2919295727629372,-0.04261634941514281,0.05676725084979406
Sgf29,-0.2555371233261381,0.4388068100651301,0.601867203636488
Sgk1,0.9545448590435006,1.4398216502603876,1.2440127967115853
Sgk2,0.008971197186650848,-1.8092152049904144,0.22187451639312528
Sgk3,-0.49426804946125724,-0.6040173390654235,-0.012170154663208269
Sgms1,-0.7781059713078555,-0.4948504834667169,-0.8186291552906866
Sgms1os1,-0.1709040954025497,-0.2793701085317657,0.4350483219830318
Sgms2,-0.44413959659632507,-0.004894236873658642,0.4779154539999726
Sgo1,0.8173432314399856,-0.06404036987388206,0.85498985707921
Sgo2a,0.9253577128976258,-0.04688098444074029,1.3668745260859154
Sgpl1,-0.11183632195951532,-0.13776854044127873,-0.09335341184902557
Sgpp1,-0.5395097360413343,-0.04901878492803746,-0.5204949165695165
Sgpp2,-2.025288832392644,-2.2482972692033756,-2.5162573722494352
Sgsh,0.894838870847233,0.8345308976959074,-1.4872539371520346
Sgsm1,0.09052106205587435,-1.5879334241352212,0.7625451577219029
Sgsm2,-0.9160724952782351,-0.07320270280070673,-0.6964943819513367
Sgsm3,-1.2761537467842299,-0.28812735429811553,-0.5298159875430564
Sgta,-0.008196906682139904,-0.19314931014222125,0.14186733801880802
Sgtb,-0.27079141104478355,0.10008601247353788,-0.8025320023030607
Sh2b1,0.39290909615133796,0.09327050645535806,0.31347898530326557
Sh2b2,2.362213013848423,-0.11466019999405219,1.762105307112371
Sh2b3,0.3279993458895172,-0.15995115078554267,0.6027968187566835
Sh2d1b1,-0.5570846990453098,0.9785722880498049,0.6882428002835717
Sh2d3c,-0.46980754726180685,-1.3298466099987734,1.2364610691601974
Sh2d4a,-2.534025333104182,0.1711003164998015,-2.3605126307892137
Sh2d5,1.0845018165520655,0.7198129072341359,-0.08008543970181026
Sh2d6,-0.1778444812253238,2.576776367527349,0.7382806330688245
Sh3bgrl,0.02196550171985656,-0.8529701865362869,0.20143610117805988
Sh3bgrl2,-0.08208618672800672,0.47127636340908197,0.06385358305519695
Sh3bgrl3,-0.23088935134053568,-0.3368648103810594,0.45946464721098934
Sh3bp1,1.2260828934616934,-0.4981036589021297,2.555827061802424
Sh3bp2,0.7285066149871087,3.253067731644171,1.6658254331362805
Sh3bp4,-0.37586593123194056,-0.21720535100442095,0.284351267413542
Sh3bp5,-0.48188071972731095,0.35334963894212024,-0.8921296677666781
Sh3bp5l,-0.2826794236967345,0.2651247333599924,0.002036998156518699
Sh3d19,-1.0904947971416785,-0.20864087716457203,-0.9124214443282144
Sh3d21,-0.8259914992239743,0.14178387169136908,0.1738217540581804
Sh3gl1,0.23461233843554652,-0.16976342725118165,0.2834890070577831
Sh3gl3,0.3077295496389481,0.0,2.0033895090510137
Sh3glb1,0.11106624795609754,-0.5586895701315449,-0.24916022340000765
Sh3glb2,-0.40731666443793024,0.00280486106849942,-0.13551412519167005
Sh3kbp1,0.15359186850928452,-0.3289230550059319,2.70469379430852
Sh3pxd2a,-0.32615504393851236,0.08508471051498301,0.10985257599395748
Sh3pxd2b,-0.01733783052450999,-0.0353358619687949,0.029171011876428565
Sh3rf1,0.18934732243037544,-0.04215474749913284,-0.8858304250255218
Sh3rf2,-1.7438472527129019,0.10908006974441786,-2.231902099881225
Sh3tc1,-0.8182732498946512,0.08145678863923322,-0.8694614447341689
Sh3yl1,-0.4614622901474117,-0.997738066940244,-1.9003107884709913
Shank2,1.6666808806386,0.07338470127053752,0.03229708967691797
Shank3,0.04404984364937148,-0.4499857809767805,1.5960219283036683
Sharpin,-0.6008656095417022,-0.39393842334681217,-0.03056206270784756
Shb,-0.6189926002609072,0.10521272642884139,0.2039625183487841
Shc1,-1.0105519946099752,-0.34287736442665917,-0.5720673329473183
Shc2,-1.3324583638104166,0.20038842161507442,-1.3305639594896128
Shc4,1.9152940978036774,-0.838777029189863,2.0399138948320705
Shcbp1,0.7955151909160305,-0.060316827371678094,1.2892292952200157
Shf,0.6933654531855975,1.540442960025325,0.6070624278709182
Shfl,0.8024614061583704,0.0,0.4719724409134218
Shisa2,-1.7007539040314639,-0.14515211281474025,0.11393421321950799
Shisa4,2.000312236182483,-0.9897949615301886,1.6031865920116917
Shisa5,0.1938318152579157,-0.0906545315931,-0.29294546016183354
Shisa6,-3.0080657194240423,-1.9805770081965652,0.0
Shkbp1,-0.26436407229341796,0.24489972420632533,-0.16674353833819922
Shld1,-0.3580905059443822,-0.6425741868963794,0.06747991766727002
Shld2,0.6189790301827593,0.007496949078412918,-0.10771034335653207
Shld3,-0.4614927773727846,-0.01682581394312077,-0.31558292910861185
Shmt1,0.21651861963523267,0.10487372045884324,0.004042892101026041
Shmt2,0.538090953733863,0.4876163961698783,0.6859770116377222
Shoc2,-0.09374667045992613,-0.21513792757069528,-0.6359777950334315
Shox2,3.087118109442479,0.08661052360339516,2.951678566563733
Shpk,-1.4385330115738522,-0.21946041478175737,-1.0750287003340526
Shprh,-0.2646627217725799,0.22573049011707003,-0.4246728436983873
Shq1,0.4351454611060328,0.28778694440154595,-0.351868015954663
Shroom1,-0.34460622357760684,-0.13605484758092157,-0.8010081545152343
Shroom2,0.36691469287811884,0.20549487434719005,0.11393421321950799
Shroom3,-0.6955162915052755,-0.12954255970445416,-1.771104016219593
Shroom4,1.5803937091676938,-0.4168255551664317,0.598502129420639
Shtn1,-1.948826905559451,-0.022046193995024943,-0.3011567193224868
Siae,-0.8424823664909447,0.5016004194720622,-0.22272714013139083
Siah1a,0.3921239025415857,-0.17208893024832372,1.2934216398713239
Siah1b,0.6089537300628627,0.07316245518154663,1.3890408065996294
Siah2,0.1841720424436044,-0.1544862672759706,0.1457823137879899
Sidt2,-0.36607999577165007,-0.1541899458217637,-0.6070495829218885
Sigirr,-0.0179387342724745,0.4407094424858524,0.710676724270991
Siglec15,1.2563967153360711,-0.08980264569063,2.1709453324371206
Siglecg,1.8380538638491237,0.010213267522534417,-0.027129849856025914
Sigmar1,0.10519779203117707,0.04591710694858886,-0.1618638984709655
Sik1,0.7757757140806651,0.37420608797617216,0.36009021994232704
Sik2,0.2927809498867511,0.42900116198764193,-0.5502098127722093
Sik3,0.0705801275553597,0.4112392058412002,0.5589890175551142
Sike1,-0.17590444480959633,0.0930268743268945,0.5911415379265961
Sil1,-0.3738670818697818,-0.924492581278475,-0.752326787300964
Sim2,-0.14475094501669772,-0.23169811825086084,-1.2685132700997435
Simc1,0.7183660631099644,0.2318508291460164,-0.1904682003891578
Sin3a,0.726239796654685,-0.12014879052491256,-0.34298871664874575
Sin3b,0.44502480628834284,-0.12992016349117907,0.7573785851315131
Sinhcaf,0.2845651061664194,0.6330276576235256,-0.07627907439348824
Sipa1,0.9113373475610196,0.02810429473786691,0.5107976527642615
Sipa1l1,0.9315650225492282,-0.3698305688932235,0.22975381469032197
Sipa1l2,1.206755146270308,-1.8719337618690048,2.7759777456493664
Sipa1l3,-0.4502291591234968,0.6366921217105492,-0.43709094798567083
Sirt1,0.30768419972629246,0.7311542501765311,-0.2945832219671587
Sirt2,-0.42986701209979206,0.18426970807887955,-0.4180999121481541
Sirt3,0.10573941694295597,0.07959863069770945,0.055745172055547076
Sirt4,-0.7238215037425797,-0.5951082222975708,0.49010253271633886
Sirt5,-0.997468236881538,-0.8172719615058219,-0.24376246176317196
Sirt6,-0.1045849620403203,-0.506361877937866,0.5605872829479104
Sirt7,-0.41321900553250934,0.014739600223324878,-0.5123382737736657
Siva1,-0.05697750304847293,-0.5997881914313918,0.5950417798064995
Six1,2.235757228652714,-0.03949799783761421,3.8495346172896436
Six4,3.1795141162868426,0.39288669876044746,3.490525045794195
Six5,0.4343281581294707,-0.41037195200030574,-0.058622535232838224
Ska1,0.9788700035309224,-0.22172943219036867,1.5895421496269218
Ska2,0.5444968624832605,0.05766423249801722,0.9484263744401589
Ska3,0.9911233827978174,0.27443948609334345,0.6536287571359414
Skap2,0.3016210139189752,0.20778705496058336,-0.611192665742319
Ski,-0.025598229802406003,0.6153815657127257,0.1382751948345291
Skic2,-0.215540346372336,-0.17112369344363998,-0.019646497538229113
Skic3,0.3219612314782161,0.3961275679581,-0.836353294484705
Skic8,0.0534645384719985,-0.16298037313111724,-0.3045617106998364
Skida1,0.056047561219278785,-0.510183758203961,0.6243394010550058
Skil,0.0890035230463937,0.3010413306831321,-0.4017643699423017
Skp1,-0.3414820773232945,-0.18433064478638883,-0.07589305793584256
Skp2,0.8089304707271041,0.32470898683697946,0.046879021052086856
Slain1,0.0,1.66804935632507,0.16446210980701084
Slain2,-0.07987713826339782,0.2943919103068575,-0.11569748753111408
Slamf9,-2.0855214009938248,-0.5307693232068069,-0.9497164028575016
Slbp,0.550989028401494,-0.3806341932330257,0.6128481798480472
Slc10a2,-1.542330982142585,-1.2376408667498735,-0.3151217661754054
Slc10a3,0.12784674203447688,0.07444353610429033,0.29122145012480205
Slc10a7,0.055088446874703934,0.15854558365287108,-0.09416452457979485
Slc11a2,-0.2154698529159207,0.2892901508398369,-0.312253014868892
Slc12a1,0.7220865020126763,-0.1072313949012173,-0.16461708735862024
Slc12a2,-0.5164933580029958,-0.15365740957690122,-1.6451498194197196
Slc12a4,0.6606743218591768,0.6588440189732516,-0.05840738332520967
Slc12a5,0.15758699846452245,-0.5340008256499245,1.021414688973178
Slc12a6,-0.3899108053993783,-0.7973008368346477,0.24174673911297573
Slc12a7,-1.188813338126442,-0.5729802221042277,-1.502809898146789
Slc12a9,0.7043854420175348,-0.7201854449462726,0.3303292747140292
Slc14a1,2.0561709439612454,-0.035488587378944836,2.7458459051915995
Slc15a4,-0.2577084560106213,-0.558288138738428,-0.047674885407867684
Slc16a1,-0.6154813827790857,-0.12143593284106657,-0.6250666118249253
Slc16a10,-1.278151519753052,-0.6107856211827682,-2.505757008809885
Slc16a11,-1.4907269739369444,-0.8741286736696572,1.2837665890168024
Slc16a13,-0.9353412316498884,-0.0005191820049166296,-0.12314231407037202
Slc16a2,-0.5712715711732166,-0.27331692623683923,-0.9418258796927412
Slc16a3,2.7727131553838578,-1.1162844917076677,0.8892178895717437
Slc16a4,0.1337044025919336,0.013842397832188769,0.6522969015585451
Slc16a6,-0.05577574485249448,0.6236161087725862,0.20616183750951045
Slc17a1,-0.6825516119738346,-0.4620457278202006,-1.3411493164285837
Slc17a4,-2.492571387008973,-2.9979358774882527,-1.7050798112956989
Slc17a5,-0.5009612117234594,-0.3794690668753069,-0.8905835697713371
Slc17a8,-0.19694566067142838,0.42171499072833074,-0.000997504705612974
Slc17a9,-0.8814489044300795,0.3763573541284682,-1.0459707761813266
Slc18a1,-2.5036917308259983,-0.003220115827512915,-0.4497156198638601
Slc18a2,0.03810521334565298,-0.42638070315013765,-0.062285250529620306
Slc18b1,-0.75108194172731,-0.4340869123460074,-0.5730127141852912
Slc19a1,-0.07267206218567779,0.5126116112209358,-0.5140159152930872
Slc19a2,-0.07313762141338298,-0.009328392546933628,-1.0159784927628008
Slc1a3,0.2163874961428638,0.45073009859509044,0.04705941994424337
Slc1a4,-0.5560074529703618,0.22210700906036163,-1.0140517065645849
Slc1a5,-0.3264988732990721,-0.03717012133015718,-0.16522738766405975
Slc20a1,-0.733437072198015,-0.5095674014055831,0.5413212938488252
Slc20a2,-0.27026949348849705,0.2307097662557318,0.03292624902069008
Slc22a15,0.8668693124640408,-0.031163044471934853,1.3269320366748554
Slc22a18,-2.0095317890776077,0.1925289541251125,-1.7603967461184822
Slc22a21,-0.7364991648385348,-0.2785220142694831,0.3079130622788072
Slc22a23,-0.7600276599925202,0.03413833131263466,-0.8412462156982743
Slc22a4,-2.1572926763689795,-0.5223306918380066,-0.49791019952179827
Slc22a5,-0.6959755368865768,0.05194766908146997,-0.4016644018664959
Slc23a2,-0.45231400627793406,0.14911300635273328,0.23175569885726333
Slc24a3,-0.4654960775501088,-3.2195849779062216,0.06964307658499724
Slc24a5,-0.14615487209028155,-0.2642168006145106,0.3928804155150095
Slc25a1,-1.6997751579413345,-0.680942285096636,-1.0464319143273517
Slc25a10,-0.30185760606676215,-0.13170774054571144,-0.3411242330676352
Slc25a11,0.018525629729278847,-0.217653086137223,-0.05308467029193764
Slc25a12,-0.8669826055245391,-0.5119796774595038,0.12119407472100097
Slc25a13,0.1407149933820051,0.0038010831588106697,-0.6899966281109018
Slc25a14,0.29269073667851764,-0.3456066187155953,0.2497846797928509
Slc25a15,-0.0781479263207645,0.45646391520079366,-0.4075113596379234
Slc25a16,-0.7287703954720928,-0.11657847898947882,-1.0903319067719757
Slc25a17,-0.5003151787739748,-0.6471602919657347,-0.47678474703160045
Slc25a19,-0.6766377006493434,0.19389329269670874,-0.32862362716339
Slc25a20,-0.6814146518734256,-0.4180124718150431,-0.4388026715388076
Slc25a22,-0.20133175413162352,0.6204944052599544,0.49195670362297417
Slc25a23,-0.1375359940574299,-1.1655800947902657,-1.5884732129414303
Slc25a24,-0.4796829096645929,0.0292578296147461,-0.6563776204545801
Slc25a25,0.5298530617775725,0.7892547838306534,0.8356047487200726
Slc25a26,-0.11816984361384808,0.2123125218828883,-0.615850571162468
Slc25a27,0.2340972554460734,-0.43726818180522076,2.186872035573481
Slc25a28,-0.2580067105997621,-0.13196962826297387,0.32458411800386155
Slc25a29,0.1535114580914856,-0.1452520388615417,0.20369606008838703
Slc25a3,-0.37652336426812205,-0.1604011415283111,-0.05856915606024593
Slc25a30,0.383601077814669,0.15610921559475077,-0.5668908387456284
Slc25a32,-0.07515607605745522,0.5901770222136182,-0.29859394166991193
Slc25a33,0.37786779117590097,0.4628235852191587,1.1333499635754736
Slc25a34,-0.2102212572083134,0.1955060121350951,-1.5990192504945138
Slc25a35,-1.3717745407119095,0.5581692538453507,-0.3394324224289009
Slc25a36,-0.38147125851481967,-0.4161969818777247,0.2552827178133352
Slc25a37,0.5937021416565065,0.16594631206423482,0.37908702457485877
Slc25a38,-0.10209484018551462,-0.16757650945322178,1.108748791055767
Slc25a39,-0.30891998958391476,-0.15580935271036367,0.03597604222551176
Slc25a4,-0.23258445400786698,-0.22672379761923978,0.7727747755371581
Slc25a40,2.4157122032898823,2.745444745521234,1.2191457837719697
Slc25a42,-1.0825672654363216,-0.19846803942179525,-0.07263900929062261
Slc25a43,0.08724484811920585,0.15655574852861998,0.4189532651128156
Slc25a44,-1.137943819899637,-0.2948581993967272,-0.9840757579218495
Slc25a45,0.09082298939833389,-1.4377972028607713,1.1590954999570886
Slc25a46,-0.2008867701344066,-0.17886439568311197,-0.822023582085877
Slc25a47,0.4693202526085306,0.05110721850488886,0.43277086339468473
Slc25a48,0.5249224793518106,-0.5025431057889924,-0.07760258028623301
Slc25a5,0.17660722878218493,-0.3409333441817921,-0.08272007124753955
Slc25a51,-0.18210933146429298,-0.3124230389889524,0.40196490515860983
Slc25a53,-0.04700607783452426,-0.2399004217084293,0.364291731923579
Slc26a10,-0.31169784638464293,-0.9017021761492642,0.5226256107504546
Slc26a11,0.347821253896861,0.23562952237824564,-0.25342143822734764
Slc26a2,-3.216559221382121,-1.0899148886413261,-3.859829364256502
Slc26a6,-1.0985826879795404,-0.39710572822350354,-0.0670606070091051
Slc26a9,-1.627200854902021,0.1399554815258992,-0.8999234917041901
Slc27a1,1.7732497994960235,-0.4834276991326256,2.5305409538199792
Slc27a3,1.0967839778475599,-1.1843661324888202,0.6090941676698649
Slc27a4,-0.5703476888571659,-0.20051532778109316,-0.43013541988216364
Slc27a6,0.5880266276826369,0.0,-2.5077200548781513
Slc29a1,1.0785169130422467,0.6628592175009,0.42649759916251373
Slc29a2,0.2383398930102949,0.06673520513840314,0.4196957787163229
Slc29a3,-0.09884915813807771,-0.5468526330241597,-0.10774218616207598
Slc2a1,-0.1055826484219482,0.3756970486967699,0.17090961807904748
Slc2a4rg-ps,0.0315137975015467,0.25627331697804934,1.0336101219614415
Slc2a5,1.7886277287669838,-0.03823425502808987,-0.5092272604304636
Slc2a6,-1.1894187974096042,0.39448793046162045,0.26421948218411473
Slc2a8,-0.5633624276341478,-0.7608193152980443,0.05643025944184599
Slc2a9,0.18451128635631164,-0.33017101845865626,0.05439333103806221
Slc30a4,0.8989883405096801,0.7673188352384481,-1.0218723738858166
Slc30a5,-0.11478538192655563,-0.12748279486372205,-0.3808323101219857
Slc30a6,-0.16043994579502296,-0.07266197197314739,0.3501914448907364
Slc30a7,-0.5000769536754266,-0.17190625234939372,-0.1058694369952331
Slc30a9,-0.017207939732877264,-0.33278393876321566,0.3422636520517246
Slc31a1,-0.21188390423777648,-0.13193610941023248,-0.39420501464670465
Slc31a2,-0.3700682095068517,-0.3440715488864128,0.3515879471298078
Slc33a1,-0.9629446130399497,-0.5875618471886233,-0.9005895053013928
Slc35a1,-0.23186054137994372,-0.22284801924583064,-0.3195704804085162
Slc35a2,-0.3728159631127106,-0.5287300237454566,-0.1832427425663532
Slc35a3,-0.5259514320294061,-0.11404255330252244,-0.632655242860432
Slc35a4,0.02867808203194855,0.23353904119970537,-0.5388114811333367
Slc35a5,-1.0530793618829817,-0.2425231562166208,-0.23708322415839334
Slc35b1,-0.13998835781021146,0.08482449680231685,0.27931419824343173
Slc35b2,0.10778885730465682,-0.37613496169023186,-0.09622521454868149
Slc35b3,-0.305563199779741,-0.4575673588810316,-0.28268093880569367
Slc35b4,0.21954573643946151,0.368842785014766,-0.6241567830184112
Slc35c1,-0.9660986944095704,0.2915150993727398,-1.5367071257106115
Slc35c2,-0.1008644126251168,0.2593889392805595,0.08271801857178662
Slc35d1,-0.9139917824420962,0.22722283179911784,-1.0603784379266425
Slc35d2,0.012293172678904174,-0.15483771353917986,-0.28142674839622694
Slc35e1,0.2032628816140747,0.8115597916326447,-0.07823452277562648
Slc35e2,-0.31691625212790164,-0.019930157541565574,0.048939014241654366
Slc35e3,-0.9472062767265808,-0.6593862296738049,0.09138086752590047
Slc35e4,-0.1976279306036206,0.5399161275938624,0.5306693870261405
Slc35f5,-0.6853021241821091,-0.5984158226678851,-0.8910599713022229
Slc35f6,-0.13294729279824224,-0.051274282056589904,-0.04497119915706094
Slc35g1,-0.9754631121510586,0.11016778940771133,-1.4030599992012123
Slc36a1,-0.7857203469760394,-0.14736927035951775,-0.3635310934320626
Slc36a4,0.42708472826803057,0.42455106721739755,1.1876235621054487
Slc37a1,-2.828223780954548,0.7677653143798722,-2.3303438828901926
Slc37a2,0.6471637024875916,0.1268206071387349,1.1281931436101196
Slc37a3,-0.5429192946192813,-0.06814437250202587,-1.2639155414056171
Slc37a4,0.3429710953494709,-0.541122006745157,-0.33099526564256365
Slc38a1,0.8736735581413688,0.4703674261570132,0.15051631633825766
Slc38a10,0.09719524284607228,-0.05463831372059058,0.016737426294472613
Slc38a2,0.19981040003020745,-0.01830198750446055,-0.5777774957043089
Slc38a3,0.5924647275938845,-0.038430929980350914,-1.3761925726467374
Slc38a4,1.7816822480206735,0.028748778873072926,0.6158752823953462
Slc38a6,0.37853232123686453,-0.2872308282889988,0.4721761653963161
Slc38a7,-0.8542080516403461,-0.3750103840493315,0.0030067985677035836
Slc38a9,-0.9350000510786469,-0.6488691477986157,-0.6104953280795762
Slc39a1,-0.07511786845525847,-0.55092606713914,-0.263516538333727
Slc39a10,0.6104727704001114,-0.0754650567347035,-0.9043403862736428
Slc39a11,-0.5108063321315042,0.13574389201675263,-1.3208562854392696
Slc39a13,0.8215203937970266,-0.08644780445159839,0.8486288731325056
Slc39a14,0.5400405247600482,0.7404595206613882,0.9163624605265541
Slc39a3,-1.0369204302581423,-0.48141645028568814,0.01659207861692824
Slc39a4,-1.6036456420257714,0.7348254046643206,-1.7846101167063315
Slc39a5,-0.5369452834609735,-0.5670602914934533,0.78017227514134
Slc39a6,0.7734369907097278,0.4021834260528445,-0.5268290013739785
Slc39a7,0.03263343379232175,0.3697010030127339,-0.5957757931338038
Slc39a8,0.3085553106973018,0.5343803263542264,0.10131144391350766
Slc39a9,-0.7574200255459687,0.03240462166348301,-1.109794203829023
Slc3a2,-0.20131354549988245,0.6341579090206899,-0.13889444171374166
Slc40a1,-3.847792747690717,-1.5024550211902366,-2.708348649757201
Slc41a1,0.5279640835618826,-0.0679390648756053,-0.06405902599173174
Slc41a2,1.5356324655312033,-0.11613812152462248,0.7093869648328468
Slc41a3,0.35416819559798673,-0.22281945187335805,-0.33363096743931653
Slc43a1,2.0373965387021644,0.0,0.09695542914370185
Slc43a2,1.589283721362209,-0.8089166515286439,1.784583982251125
Slc43a3,-1.9665840282351756,-1.1691995536453081,-2.225086197911461
Slc44a1,-0.7925670736424086,-0.4073968468806246,-0.41123263118750675
Slc44a2,0.29793437821725277,-1.3503364323873912,-0.19057344583075686
Slc44a3,-3.5987241986348626,-2.0389666366275825,-2.183758196554285
Slc44a4,-2.8588472679209684,0.6676382915536379,-1.2914758640133222
Slc45a3,-0.3277105102993074,1.829457136396102,-2.4196814991604487
Slc45a4,0.20551731163271647,0.2174654916632024,0.9701716055704557
Slc46a1,-0.9825313500182467,-0.1574540377734639,-0.061468610184816086
Slc46a3,0.4183487707827146,-0.36643256866067986,-0.005319205897624135
Slc47a1,0.04404984364937148,0.1346141969736584,-1.904722625846206
Slc48a1,0.7311908721521512,-0.05654730774568151,1.2918730977418162
Slc49a4,-1.1065419923622262,-0.4183239367307574,0.06045208707006822
Slc4a11,1.2769018523949696,0.9767152035322342,-0.1482551023380676
Slc4a1ap,-0.14114929061363402,-0.3153607172000248,0.35758406223162353
Slc4a2,-0.5273613248748914,-0.34030211352657513,-0.03446926381246751
Slc4a3,0.19200135915000782,-0.24887119060956742,1.7458151812942782
Slc4a4,-1.5041331327337129,-1.0882946739126886,-1.8673408932687519
Slc4a7,-0.2955693748833834,0.5060350208218125,-1.2937578771819522
Slc50a1,-0.52655625956716,-0.296770019849137,0.19403642146826172
Slc51a,-3.1270949427268215,0.18012720021618733,-0.563887946888928
Slc52a2,-0.33152947699246393,0.05650668629224942,0.14692362530145697
Slc52a3,-1.0992030472672951,0.4215603541482489,-1.4376609931884228
Slc5a3,-0.48900569910144753,-0.636234693316851,-0.8036931168651549
Slc5a5,0.5397447455138095,-0.22354301791319953,0.7193045361000421
Slc5a6,-0.9232780965001277,-0.025251455785532784,-0.280577175523546
Slc66a1,-0.21985546279756685,0.25076519684097986,0.09274580420508549
Slc66a2,0.14213714355113716,0.49650616982830753,-0.46806476650763074
Slc66a3,-1.063588505147825,-0.6630474642304192,-0.6422509274438184
Slc6a15,-1.4628137814503346,-0.4325859781626509,-0.02552865363763451
Slc6a19,-0.23761800383157572,-0.005369226170166868,-1.2588059540086032
Slc6a6,-0.3196108010898513,0.2530115150897334,-1.400545439787237
Slc6a8,-0.526826117540109,0.2790338343390273,0.8532714224193709
Slc6a9,-0.9546752183725733,0.7185280056701435,-1.0960350242748804
Slc7a1,0.8459469944509443,0.1647141950916211,-0.5774665761828084
Slc7a11,-1.8227944883749796,0.5537438142086204,-2.2471349526141244
Slc7a2,3.900232460685782,0.048658492601196666,-0.4107194280396116
Slc7a3,-1.2709882209772672,-1.6116215386150228,0.3426372741579496
Slc7a4,-1.5397868022063588,-0.11896899282837725,-1.5018490497831158
Slc7a5,0.9401455087181185,0.6919590528854576,0.6243076891542518
Slc7a6,0.28951023885577776,0.6405184547322342,-0.6935971473309559
Slc7a6os,0.5035860443596922,0.520573061608852,0.36415567602947174
Slc7a7,-2.0358642592044918,-0.9309465628370104,-1.8951692727111786
Slc8b1,-0.5683856751716405,-0.9803045397581802,0.14781195446503403
Slc9a1,-0.5728814884484761,0.5233527532052618,-0.1340726323038277
Slc9a2,0.8247018731937068,-0.937716243471435,-0.8783364217711576
Slc9a5,1.3889403250840804,0.019839799938578206,0.870506023582978
Slc9a6,0.1567142114132971,-0.46365340846603376,0.12514118821379894
Slc9a8,-0.017800748024503044,0.008236247358307303,0.39961187746263516
Slc9b2,-0.308568939560971,0.0,0.33126511924810553
Slco2a1,-0.32650879306003855,1.219234603384714,-2.7560013410203856
Slco3a1,0.6587820176381562,-1.001403915836322,-1.516731517941949
Slco4a1,-1.385951912355309,0.45151831715030033,1.188673450723603
Slco5a1,1.4289037085383884,0.5459430297696939,0.017671824395073976
Slf1,0.5822968130438473,0.37645395861032194,0.21384765023320318
Slf2,-0.13708985462606105,0.24181609544542848,-0.8506945199144633
Slfn2,-1.1527980752011482,-2.152616660405255,0.22698524687746557
Slfn9,0.47983845781173606,0.032092564211251506,2.1767075797545754
Slit1,-1.9123697362642236,-0.6353916823534931,-1.3141542697448148
Slit2,1.440286853511973,0.4038277067164877,1.8397622885952831
Slk,-0.3564273817924688,0.23157715547838897,-0.5836809016195055
Slmap,-0.08191401692535205,0.07549069026440769,-1.1755990154561688
Slpi,2.909878426701257,-0.01824571625892814,4.739477843078514
Sltm,0.38396642025493755,0.15014981921246395,-0.05047799890718618
Slu7,-0.36910977410197177,-0.02055197121258967,-0.24582731431745675
Slurp1,-0.14528689844008147,0.3502545094994278,-1.7073813822925972
Slx1b,-0.49673760439332293,0.0498852825102416,0.5993652279468544
Slx4,-0.5441858791926268,0.13941336305384056,0.2414736594469833
Slx4ip,-0.1230959239515439,0.10136185884394644,0.12073616022973521
Slx9,-0.29456969292874824,0.06099987498613757,0.334975911232438
Smad1,-0.14557871526048238,-0.4111375256453549,0.4811814809908581
Smad2,0.25600823914261817,0.09685729364295526,-0.9679147366040262
Smad3,-0.3246882867459693,0.145055022319589,-0.09618704445084258
Smad4,0.28656682977498615,0.03513363458928609,-0.8714630617531478
Smad5,0.9074662372982436,-0.05458268129890875,0.5381755064001785
Smad6,0.14724790358994433,-0.11028096360955164,-0.6895940333349184
Smad7,0.24498147159293815,0.48754586436973746,-0.30458817735726385
Smad9,1.259242091342534,-1.134831022611516,0.024531148932021535
Smagp,1.391350662497132,2.156470325360294,-3.0401737624774663
Smap1,0.24121528343191212,-0.3277240635173131,-0.4301398802021188
Smap2,0.2121563305046461,0.12077671091124209,0.8697497834078209
Smarca1,-0.04743986403720735,-1.6888120786520981,0.08849764141067484
Smarca2,0.1611815564751633,-1.430420697061554,1.0085229422550186
Smarca4,0.23896177307891442,-0.12911837504239898,0.36836099241750464
Smarca5,0.5666923693160637,0.10545110318207929,0.36235640413158876
Smarcad1,0.8559008167151312,0.28352094554940077,-0.14842973766065093
Smarcal1,0.16522454117383845,-0.2712967539046254,-0.1909787110504375
Smarcb1,0.1402207418529713,-0.3648249576928624,1.0483179736158146
Smarcc1,0.6669782287193016,0.04106656724480473,-0.08633642965529198
Smarcc2,0.24170031007468218,-0.21410339803603762,0.6313414123629544
Smarcd1,0.686415266332502,0.2978773209209038,0.6950299684078756
Smarcd2,0.3437696188041679,0.2092979656698919,0.3420627673970493
Smarcd3,3.0914369517558278,-0.9520782703861048,0.3090717358891588
Smarce1,0.36622987243156047,0.047747057877182364,0.8631904136156345
Smarce1-ps1,0.14681137651958487,-0.12865738277320515,0.20287396092914745
Smc1a,0.5814623736496998,-0.27332042831568515,0.7086251226422071
Smc2,0.840036028766292,0.4631275609664627,0.987698103266367
Smc3,0.4164585328128769,-0.12155519459414599,-0.09086778700796927
Smc4,0.7054077425713299,-0.03225475103048492,0.8063941990747514
Smc5,0.7122113452592806,0.5448176973234427,0.1858932288868047
Smc6,0.5218509318651998,0.026591810428015172,0.007769611429479184
Smchd1,0.8793410871479388,0.44544002171700026,0.30980360249817096
Smco4,0.5057692158106248,-0.6949079395541515,1.0491135347860494
Smcr8,-0.24452192174979892,0.3412310736556572,-0.44596208007931004
Smdt1,-0.46792378149435265,-0.6921779192749025,0.40133135726186
Smg1,-0.23907254648154996,0.21400703695105694,-0.3464929990367258
Smg5,0.1989293206467302,0.039229386138789124,1.3121317046748384
Smg6,0.3875244147169621,-0.19843579805806755,0.574360097424341
Smg7,0.3963193893310759,0.24273830224982174,0.398978127415357
Smg8,0.15027327660405465,0.4653453219694974,-0.6402349828130038
Smg9,0.3861718612011895,0.02209646764087214,0.5846474169555149
Smim1,0.1022720309516767,-0.6891227930501684,-0.23749796385117294
Smim10l1,-0.1675766261583851,-0.22261320292785136,-0.868570549031336
Smim11,-0.884481567283042,-0.6634369869185299,0.44347743472328727
Smim12,-0.04641534563569838,-0.14793398901096122,0.3031980251050559
Smim13,0.035549468457856115,-0.41112254202133913,0.0829199968418548
Smim14,-0.9458776152076007,-0.3551664887973809,-0.5676924773960277
Smim15,-0.8765654541438073,-0.19061865613035422,-1.1193907966866332
Smim19,0.1934316250167809,-0.4374973468706287,0.9763917923518202
Smim20,-0.5163113697397783,-0.7002941488246393,0.2528623706413269
Smim22,-1.2824418848476093,-0.16551884401487438,-0.6525181156596052
Smim24,-2.5545765860601026,-0.4113596389321619,-0.11456761859692047
Smim26,-0.4731522968002295,0.12805555577890892,0.5161740146630169
Smim29,0.7046242845232129,-0.19585774371243314,2.098162626633512
Smim3,-0.1618648558961393,0.6094674234190949,-0.5812060733000655
Smim30,0.15768212483268584,-0.3328380527069088,-0.3392106677571398
Smim31,-2.224470134774543,0.1986871757863684,-2.7319062501707663
Smim33,-1.8530105368036895,-0.20023855533876445,-0.3683045025852658
Smim36,1.0257937281438216,-0.5990033164027798,1.8562004548603506
Smim6,-2.0155402435161403,-0.39596853082726735,-1.775919123748087
Smim7,-0.03163631089584751,-0.04554997263522864,0.17786711269542277
Smim8,-0.23176291586746167,-0.34958398809242697,0.5313831384327758
Smn1,0.2582677417900028,0.19515709314059304,0.07268633851485262
Smndc1,0.27315925083207393,0.27617603263881385,0.05425987599395121
Smo,4.527271593563444,-2.5884262477245725,1.571258558304593
Smoc1,-1.1789254331840953,-0.2344458350631644,-1.102313383065205
Smox,2.182801622472329,-0.5921329816862353,1.746538233102525
Smpd1,-0.5365620016596537,0.04920808924242781,-0.3098544400977241
Smpd2,-1.125509419154346,-1.016457348752672,-0.14582164465385716
Smpd3,-1.4737283799508578,0.7948641820367337,-2.813329369472296
Smpd4,-0.05057388695369802,0.20917687828620846,0.1210134997795036
Smpd5,-0.27204761750576534,-0.45804098856873143,0.45883474453783846
Smpdl3a,-2.369681989501734,-0.6402376176906424,-0.36107901415347565
Smpdl3b,-0.5095902002383195,-0.16946390251988763,-0.8595081325500211
Sms,0.43211848696357436,-0.2528429703935622,0.7963193077748514
Sms-ps,0.31862659380031577,-0.0523597455205107,0.17721784494880422
Smtn,1.6899401227493547,0.45126347335264416,2.4646779481045797
Smtnl2,-1.4239393316700388,-0.8202833726475114,-1.1615033692869052
Smu1,0.005545180748327994,0.09929179895731277,0.058461109435473446
Smug1,-0.23272406310819793,-0.09362056169714617,-0.7367999627630737
Smurf1,1.1236497921756934,0.3316197133450043,0.1931021680129419
Smurf2,0.3255337612014353,0.3525361278759638,-0.202715418663864
Smyd2,0.4551199242890869,-0.021174609392032195,0.0025831857540490333
Smyd3,-0.1699829140579574,-0.21439433870447644,0.20073386103999358
Smyd4,0.518746334513311,0.14331315299703418,0.39820813346789263
Smyd5,0.664456490696244,0.8379539664193514,-0.08179768531685117
Snai1,2.282384392548913,0.20513459485175872,4.188534286502528
Snai2,1.8352865453385871,0.551117852817519,3.0070502686706484
Snai3,-0.6735670527736979,-0.6040860768230396,0.1753043343784333
Snap23,-0.04724291170609973,0.18952152982995063,-0.627131093307586
Snap29,-1.0350633393065278,0.21666046907084358,-0.7316118357653076
Snap47,-0.0734086484282166,-0.290345269044904,-0.18976053934244508
Snapc1,0.30011783396196234,0.10550285708114782,0.45259400777810477
Snapc2,0.46391666334374193,-0.15118220657492643,0.3999735331891845
Snapc3,0.3694784422108368,-0.074086593588504,0.7384418166155662
Snapc4,0.0982408228507623,0.2604315441946401,0.8837324827255193
Snapc5,-1.0492926972363712,-0.41846908166046237,0.5908742725600169
Snapin,-0.39426869275094845,-0.8689052133009092,0.037077951785092544
Sncg,0.1087390686208064,0.3745843525633654,-2.771950640429372
Snd1,0.46351457080919367,0.1289146124610756,-0.35955442386196523
Snf8,-0.21852662141496015,0.016928877508888718,0.4389850010981755
Snhg1,-0.2212835825815711,-0.26572200440633065,1.0440325355110698
Snhg10,-0.0165871144957489,0.20103346616721685,0.9262551461114467
Snhg12,-0.5784015703953478,-0.1327256194157571,0.9556822477600919
Snhg15,0.08394660887621974,0.6411279245688069,1.930592632310551
Snhg16,-0.07761275149377234,-0.2798521293089724,1.2927243947381624
Snhg17,0.4111490672792062,0.08402214556052101,1.5427632739864023
Snhg18,0.11326166780101543,-1.525994394246362,0.02559483979567489
Snhg20,0.05242204016432783,-0.32730620899586604,2.3451846138590584
Snhg4,-0.3718032183870883,-0.509016419029908,0.9524937653212426
Snhg5,0.10293069257072673,-0.23001302818576086,1.0573978826988295
Snhg6,-0.18174250382018897,-0.4396693802156877,0.34965602867877443
Snhg7os,-0.9214883860459593,-0.10219744097790162,0.009843515316754425
Snhg8,-0.578665311598936,-0.5922525410698745,0.9061816295971319
Snip1,0.17268131033881406,0.3390181858417556,0.20326880778169798
Snn,0.416526076518569,-0.2235963581701288,-0.023355334650432713
Snora31,-0.26720490168602007,-0.4041495498754829,0.3610363147430049
Snord104,-0.5405401788828931,-0.1748864936216017,0.8373729788840928
Snord43,0.10517036443880612,0.19519728190604713,-0.06645574325044304
Snord55,0.27245244331957597,-0.044353652891668816,0.021955375312673997
Snord72,0.1900286061730856,-0.1784123497516248,0.5391394447914235
Snrk,-0.9214539729636746,-0.5814829735702878,-0.5693466372670577
Snrnp200,0.312109775610363,0.29074848165025813,-0.3185946718747843
Snrnp25,-0.2548751638521498,0.3006493453503616,-0.019831531690242876
Snrnp27,0.8671833488569582,-0.09707958959636453,0.14390918993373258
Snrnp35,-0.32384164598086773,-0.7317901281799406,0.7545373036897534
Snrnp40,0.3726722787575305,-0.0019927104022192665,0.5799973655541946
Snrnp48,-0.43673360075067524,0.6542231006961785,-0.6406081785705098
Snrnp70,0.18144430224619068,0.062054884399826093,0.47379543623499387
Snrpa,0.1138971485068776,-0.20394625451283233,1.0011741353356767
Snrpa1,0.27506254166724187,-0.09218138929051634,0.6541134657483161
Snrpb,0.38423749949274466,-0.028804601874567126,0.24716552914981094
Snrpb2,0.09324672354022834,-0.121554130194653,0.4923404889670744
Snrpc,0.4072543603106302,-0.05761168718967724,0.5689334486303208
Snrpd1,0.42451403161651413,-0.11263636195188909,0.4059588577442552
Snrpd2,-0.12101937135677954,-0.09381091724558033,0.8479898019154701
Snrpd3,-0.0012623431440825783,-0.1865105741995663,0.518803794283472
Snrpe,0.24324948951763492,-0.4133367918624664,0.6427413409039842
Snrpert,0.30420414385593464,-0.26360834532245025,0.3679482031271726
Snrpg,0.6670006012125986,-0.1294231265150234,0.18308147356580662
Snta1,-1.037925334881166,-0.5142775282170833,-0.4201306432907579
Sntb2,1.2570608963913994,0.45783807033875945,0.5278395707702996
Snu13,0.3777252592708429,-0.08984609771659269,0.3566082543759821
Snupn,0.18426549956305038,0.2850338391460525,-0.15821633430208637
Snw1,0.10985235744040356,0.24542686318612006,-1.1165782171985033
Snx1,0.18122493639682524,-0.4426374119834522,0.065198788097665
Snx10,-0.19177195281388304,0.5014391304870847,-0.90309948899161
Snx11,0.16165411100225135,0.42026635640667376,0.43295450030131466
Snx12,0.2448339560811199,-0.4303091220793194,0.7942670865974826
Snx13,-0.5262350403638116,-0.25322571898640955,-1.2093449972285555
Snx14,-0.03432952103394982,-0.6875044347000578,-0.23392516049138035
Snx15,-0.991436543325551,-0.2969734471455583,-0.3059121917217569
Snx16,0.14438044869454814,0.20366628315563418,0.32053512844994847
Snx17,-0.08217910256654015,-0.519680786650782,0.03090134208887818
Snx18,0.16894047175331472,-0.3556403402184669,-0.5450371096328013
Snx19,0.0013249778224482256,0.05619640061835707,0.06884885173976052
Snx2,0.1031921327158285,-0.3228636106199403,-0.9944223272116917
Snx21,0.3647077155464924,-0.7071035253423004,1.2257458089049091
Snx24,0.21710865467307006,-0.7890833677890292,-0.8775737675223816
Snx25,0.5909329783419244,-0.1233642751205366,0.6460439238666806
Snx27,-0.2573029791639829,-0.40089441279633675,-0.499711506975256
Snx29,0.048701983766142654,0.20540815735365103,-0.06928325919080303
Snx3,0.07804807467430042,-0.3085620156244566,0.22354304589552854
Snx30,-0.36454824880581826,0.05095640491395503,0.13849445206897348
Snx32,-0.9394006408955848,-0.08113531256463502,0.7115488210249756
Snx33,-0.03392426512860869,0.14971706513969707,-0.1913235824213224
Snx4,-0.8255388675325435,-0.28475334631730664,-0.1307237733031963
Snx5,-0.29509880848088876,0.033082920960979756,-0.22730510209720833
Snx6,-0.24005405244112854,-0.4497073400721927,-0.8135062899240157
Snx7,0.37712088728531423,-0.7902841937756406,-1.3207209911179554
Snx8,0.4300746595385503,-0.33029274609596726,0.5321972849563172
Snx9,0.48070419596138336,0.5869733249608906,1.1848172538235069
Soat1,-0.05025528530105561,0.43525555111244785,0.47257980060609306
Soat2,-2.1248775014896455,-0.3992111139852983,0.5341365945896754
Socs1,-0.26055354198533554,0.5038761896308226,1.3194107857434592
Socs2,-0.42508809303574324,1.3993268576514404,-1.3560176916786055
Socs3,0.38961606990353026,0.4849613364707128,0.7546938772275187
Socs4,-0.02432651001694186,0.29106728546754823,-0.8640084625723983
Socs5,1.065094915828924,0.38570281731829503,0.7647650458648094
Socs6,0.20856378274889043,0.22243611692668352,-0.6671163955552188
Socs7,0.3040795984340585,0.7154386870377074,-0.10099065142467012
Sod1,-0.8811042032549672,-0.3276770522011354,-0.5266507128058731
Sod2,-0.04642233661901862,0.015295275441486567,-0.6430461066261293
Sod3,3.4394155656732472,0.0022465658162757265,6.104899621885762
Soga1,1.689932021938183,0.8727075455882554,0.3601473686291907
Son,-0.3320994624378413,0.2341844320666988,-0.44636848616677227
Sorbs1,0.10156705959068812,0.4075479412786618,-1.3731506628749812
Sorbs2,-1.5500777109142279,0.1919790735255651,-1.3293574839053859
Sorbs3,-0.08486980485617135,0.5148493468881713,-0.7567042416418857
Sorcs2,0.3888880811363643,-0.6411325570358044,4.216209902576076
Sord,-0.46653064748726436,-1.4697497530806536,-1.1800825151870544
Sorl1,0.0028620964149583296,-0.06141429087664486,-1.2271516817800325
Sort1,1.4650510931539635,-0.6194086389001145,-0.19832578129808742
Sos1,0.3781409513884837,0.13084036647134312,-0.1896471923059293
Sos2,0.0011049939701335276,0.17328049320173378,-0.7953869647188698
Sowahb,-0.5917425863323141,-0.11234919797090975,0.3231784434438764
Sowahc,-0.5754279586753448,-0.02009625919409519,-0.6065370164556572
Sox13,-2.222376724482164,1.599288620408136,-0.4424108785540799
Sox17,-3.3502971886694026,1.1962110818043987,0.0
Sox21,-0.14540149875572014,0.1985490708630322,-0.5550281393873742
Sox4,0.6359066119582195,-0.47295868326630774,-0.3904834071071317
Sox5,1.9375175124126283,0.38865582705857715,0.32811550650713617
Sox6,-2.6521228275596833,-0.5483403720593905,1.063223707991702
Sox9,2.8579813661550237,0.3280442787012978,1.3639478620449488
Sp1,0.2258499217830945,0.03865029719680102,0.08901719486758086
Sp2,0.3696876601602206,0.2940928242746894,0.4492842406249684
Sp3,0.18308150487729957,0.10537929693447268,-0.08866923567514196
Sp3os,-0.08094442857646666,-0.24837416085120134,0.9969718734348506
Sp4,0.6552004710144221,-0.26253936191277694,-0.9072771361290348
Sp8,2.2902398078672332,-0.2895668737232719,-0.26295159361736564
Spa17,-0.5562377406129068,-0.1371638118447145,1.1620204442034576
Spaca6,0.8074060919907899,-0.5176919802613962,1.6452214724139904
Spaca9,0.022606172360404964,0.240971568468904,0.4002065943389681
Spacdr,0.8152658979698044,-0.421406813789023,0.10006133463841227
Spag1,-0.025803443299975415,0.2634282795075291,0.9256516095718578
Spag4,0.18733619880251795,-0.1526760914372396,-0.4644176855641995
Spag5,0.5375300018647637,0.0318109444139667,1.1319923281790158
Spag7,-0.1782274376478119,-0.18750126022868585,0.29704522596436167
Spag9,-0.21041483888555046,0.47759621298592236,-0.9565343150569916
Sparc,1.569479015408926,-2.441533194497172,0.8709350918467784
Spart,0.08687046695931588,-0.2770204797711102,0.19830022816628912
Spast,0.16304727326726987,0.07810686447190829,0.2746023214764959
Spata1,0.3019508351155148,-0.28284848806034313,0.250737763607936
Spata13,-0.07527784305073926,0.4178620476573567,-1.1335988259298517
Spata2,-0.5301421943407121,0.3104409845397349,-0.1097295962629996
Spata20,-0.5218714058865968,-0.338635512374028,-0.5415580599575536
Spata2l,-0.6550498665891917,-0.5727770562418701,-0.13452484552675292
Spata33,0.4281857589848266,-0.22471404075692258,0.4888865027735311
Spata6,0.06939724333804875,-0.6378033702658201,-0.09168402021801558
Spata7,0.6807572203001253,-0.237386835947768,0.13905963527997978
Spats2,0.793913167183482,-0.10662160981119229,0.4260692560472048
Spats2l,1.5459087777541352,0.2596047514072688,-1.9748312875199145
Spc24,1.0076884753936222,-0.1250956569550894,1.7290683449625215
Spc25,0.7624920036480578,-0.4292682241239527,1.4954665898728972
Spcs1,0.26525750721762087,-0.05715255542904174,-0.6006934270882249
Spcs2,-0.01998593016787975,-0.044979487821373176,-0.005458514734973718
Spcs3,0.3563986115735709,-0.137453353514692,0.10758752079060585
Spdl1,0.43114671746457756,0.26802348498274764,0.6751616934739988
Specc1,-0.14439930650999777,0.30169500256111803,-0.19189964816748084
Specc1l,-0.46839598551591877,-0.11941441564357724,0.3126376909035331
Spef1,0.11565135475022226,-0.1647848522380122,1.8666479923645385
Speg,4.263262264829021,-0.048354221244872736,4.590169503249016
Spen,0.36852743393353293,0.33260843966551157,-0.2178705295233705
Spg11,0.22924941881408234,0.16256560013873145,-0.36661600949152096
Spg21,0.17195572922580737,-0.4022755224451391,0.5779650216093986
Spg7,-0.3388518645496319,-0.5265738305261083,-0.13400654659084932
Sphk1,0.31636188461333115,0.5363731522313415,1.1984921672209063
Sphk2,-0.6280676932963001,0.0522627668254394,0.17323342134662933
Spice1,0.0861579854779495,-0.18908673592722014,0.36533105931273147
Spidr,0.05268060092839999,0.2438664544704623,-0.08394750417389663
Spin1,-0.10001587123796885,-0.30270887759367593,-0.7886813546393165
Spin4,0.43376770869531045,1.0814866502395484,0.969890985517509
Spindoc,0.6699090044836931,-0.18176876128135167,0.5733791651852655
Spink4,-1.7960201494203316,-0.4825104853014576,-1.4990555729970583
Spint1,-4.151207318096449,-2.4153706350339803,0.6372020437304426
Spint2,-2.1236374034973293,-0.10532228090929507,-1.347647746986679
Spire1,0.27511780734908786,0.1484406733823116,-1.589919910379347
Spire2,-0.3397243583550562,0.7072728030777737,-0.2872061701550903
Spn,3.1124229196210154,0.5394752385026192,2.5466775509338024
Spns1,-0.8382223121699983,-0.4679958342778763,0.3013483290904517
Spns2,-2.3020195145078497,1.7280557936241645,-1.1372550794850937
Spns3,-0.25072028748329106,1.365777395725206,0.7895744411728389
Spock2,-0.3302638775040981,-1.3878928774942942,0.1109827305056812
Spon1,-0.6190667878004157,0.18237320374703625,0.03492251752736175
Spon2,0.12879886854130218,-0.0489610012976508,-3.328820446547013
Spop,0.215799407826899,0.3428567313502118,0.1732453128116065
Spopl,0.1979762877534199,0.0460773289146168,-0.09613533523141804
Spout1,0.7280974034869221,0.3583806896246111,0.5116637246451878
Spp1,-0.19832560226059925,-2.052573819735052,2.3539307613919505
Spp2,-0.3492667113334274,0.0,-2.2747019571402025
Sppl2a,-0.8408440930776084,-0.39069831939218425,-0.8388159414033609
Sppl2b,-0.0751296283795515,-0.10875606794976989,0.6642308453182695
Sppl3,-0.4176450602103632,-0.296420234896388,-0.09854578814866688
Spr,0.33752506744178845,0.2211850254993193,-0.41039512495003905
Spred1,0.7773488560009492,0.0035382193585906663,0.3971562868401026
Spred2,-0.1693729243071571,0.20297947045740283,0.016187544552072275
Spred3,1.4206398668323525,-0.8038504995587472,1.4826916267027577
Spring1,-0.20563348579330487,0.2110857923639502,0.4142441537327919
Sprr1a,-1.486522199860163,-1.5473153921407166,-2.457258771299186
Sprr2a3,-1.349817693203049,-0.8161607760038674,-0.7099589463915452
Sprr2h,3.407325248483863,0.02406224062202822,0.04712560610228374
Sprtn,-0.3185049808146676,0.31286285372913536,-0.016509383172951253
Spry1,-0.6911011598036509,-0.6074986214504206,-0.9496854752118953
Spry2,1.0732805093649445,0.7784275342475606,-0.5606639420678485
Spry4,-1.2868333029990993,0.9449487068257483,-0.8018720387027636
Spryd3,-0.20080143923131466,-0.21386040604041678,0.7507216125340364
Spryd4,-0.7419546053024484,-0.029971792949478715,-0.5464153083004932
Spryd7,0.26716625915425585,0.22822560006147619,-0.4379604704733566
Spsb1,2.3289723344539865,0.6709545895229072,1.4352333293665698
Spsb2,-0.36134383289683303,-0.7729711225566995,-0.25022462585098015
Spsb3,0.018724013970704556,0.22518727404046324,-0.23389185261904122
Spsb4,1.0236882482925025,-0.018503487759021546,0.7294596768634322
Sptan1,0.11320466938562745,0.0006259308546976428,-0.2016981874066559
Sptb,0.10282667229916964,0.022632183967412955,-0.40570448277525295
Sptbn1,-0.3149318072263547,0.05331313071578947,-0.7432966105530205
Sptbn2,0.518389672367709,-0.481534181806348,-0.14811194230134384
Sptbn4,0.4819108231331244,0.2949309721077189,0.47934844895293044
Sptlc1,-0.16126483250495482,0.2484430640129478,-1.203113884910933
Sptlc2,-0.7821306025137158,-0.3082236648248138,-1.319259497801366
Sptssa,-0.2080694200883686,-0.6986320490247566,-0.4474269810388556
Sptssb,-3.2069673235585445,-3.3346747462832003,-4.810138621968908
Spty2d1,-0.24006614976148022,0.3953039809536367,-0.5866895336906044
Sqle,-1.011493019123714,-1.0774134157934254,-1.8371351393693667
Sqor,-2.5229344540938943,-0.40604734708616963,-1.8942217834508996
Sqstm1,-0.3101893280897361,-0.07536085955934269,0.49264201799550733
Sra1,0.014035533949105172,-0.17105502062372047,-0.7120598564785476
Srbd1,0.02782372110876352,-0.10046819428262932,0.2798326217954532
Src,-0.3571452943892641,0.34690472360449576,0.11598164691495239
Srcap,-0.14963063373362662,0.14052395776049809,0.36529505493818687
Srd5a1,-1.1067741119427956,-0.05936144892082584,-0.6284548082813437
Srd5a3,0.17339267900609734,-0.5010744065016883,0.41324456837865675
Srebf1,-0.08816577306794926,-0.4952552815566955,-0.0958325304205987
Srebf2,-0.6219608102634879,-0.5607264005431034,-1.0163336154382954
Srek1,0.2390065365013303,-0.04233763550455638,-0.1588543996217231
Srek1ip1,-0.33619582568294604,-0.4142090441350996,-0.2706486053737276
Srf,0.35232362744684576,0.43873457799387783,0.13038708282719114
Srfbp1,0.37155850113116795,0.4632441874352833,0.24913730296598757
Srgap1,-1.9709028876795949,-0.7927396804862497,-0.7500313211243979
Srgap2,0.47507356358386676,-0.12697751301228077,0.19415270009433439
Srgap3,-1.7354653217250373,-1.6057840603454334,4.8606482997991565
Srgn,-0.33590699745817876,1.8010265534359975,0.02559483979567489
Sri,1.5761660234900727,2.576024540498084,0.1136485310635642
Srl,0.09668377843901599,0.7069108953572398,-0.1469342340550568
Srm,0.6668768095721402,0.7406823875003052,0.6473563545041934
Srp14,-0.03814064278337259,-0.27322669247296005,0.5295399936359519
Srp19,-0.14165054730445448,-0.1806013995818878,0.048635135253779715
Srp54a,0.18941170279102204,0.3450717104234018,-0.7924943450551936
Srp54c,0.29339778919447834,-0.10442887746025642,-0.2584716645776184
Srp68,0.3973327851954389,0.28783288644911487,0.01894900636913377
Srp72,-0.10371509364800335,-0.0513775169689632,-0.22429104185489912
Srp9,0.02999251812787218,-0.4210281648912897,0.4760570194592608
Srpk1,0.5377949392298476,0.3720040175657573,0.25015028996876065
Srpk2,-0.8924504864553198,-1.100364104466574,0.577788541446731
Srpr,0.06969337735609482,0.11940809576167766,-0.5164772210804394
Srprb,0.34617960844340256,0.2643066836729915,-0.015884137617717897
Srr,-0.24189537812726414,-0.2855225056605697,0.3422865591719422
Srrd,0.0062283734024748405,-0.42943711851238575,0.34441395471105674
Srrm1,0.5558596139838157,0.3115995044030857,-0.26218468979213316
Srrm2,0.6777600078782156,0.36267507469207416,0.014738016039915536
Srrt,0.5824843716678236,0.04595674840069286,0.3831533333241639
Srsf1,0.6667955398870076,0.46339603656912143,-0.2320896871446294
Srsf10,0.3811119897184545,0.10128174109077293,0.4393037694309392
Srsf11,0.30275637034715164,-0.08752923333896856,0.31574284488933024
Srsf2,0.48271979015044764,0.04389267366719807,0.0010767143636094545
Srsf3,0.40599580694061466,0.012824157221468013,0.4048789179047283
Srsf3-ps,0.012744313246934702,0.24131896480477755,0.26390555110536884
Srsf4,0.6194019939326649,0.3394025598821817,0.31138881227607174
Srsf5,0.1179381665121273,-0.33453151326547736,-0.4636334767785213
Srsf6,0.19343689809505094,-0.10370673253456708,0.11436675460042434
Srsf7,0.5666909401177147,0.05640081040445111,0.6521642713838602
Srsf9,0.3805207022638113,-0.5793666231280312,0.8270689108812093
Srxn1,-0.15813732280963677,0.3409791708697769,-0.7664782237546737
Ss18,0.22487295518940176,0.22874161914794477,-0.7068903280674235
Ss18l1,-0.08330113461546551,-0.0854347796228021,-0.09594043660397844
Ss18l2,-0.06343399285092222,-0.3616137664169887,0.6526125072171838
Ssb,0.392247862912809,0.017038978803886273,0.5403638866185254
Ssbp1,0.47209278324368054,-0.272668072900653,0.34622289774466886
Ssbp2,1.9386095629462141,-1.969638781897096,3.018957929019214
Ssbp3,-0.6343134992607471,-0.042414951605594275,1.4807644601488503
Ssbp4,0.31868484945441367,-0.40714158044299076,1.0736916894673278
Ssc4d,-0.20629256503094417,-0.6258777796973987,0.1904415011270817
Ssc5d,2.5381879313727187,0.0031908407200751804,1.5295411319910532
Ssh1,0.39704656931486415,-0.5294236824538139,0.47290532569535326
Ssh2,-0.34203062934337325,0.21377431396008983,-0.30830401662814566
Ssh3,-0.7303519604443451,-0.23135156355235686,-0.6123549339840322
Ssna1,-0.010221371731234719,-0.4261580618633518,0.49111563252804213
Sspn,0.9408913206781317,-0.495395610113746,3.076038924064563
Ssr1,0.4079116767820752,0.2985413368900707,-0.16598459362268514
Ssr2,-0.4051416877940728,-0.5468320645468934,0.624822932782215
Ssr3,-0.21360245232014208,-0.3305731303429553,-0.06691893490893008
Ssr4,-0.18157609355400695,-0.6070882980000736,0.2731729311929545
Ssrp1,0.5369992168065689,0.058074012857993296,0.5604435998762636
Ssu72,0.10889796767226301,0.13623853228957028,0.19689650710226392
Ssx2ip,0.9236472059650449,0.0021287796996016795,0.5449875297224311
St13,-0.020007303593908787,-0.29139237104242,-0.31018390118248007
St14,-0.36074389467899104,0.5834938201416509,0.3184982920845829
St3gal1,-0.11158278222072493,0.19516082669103252,-0.5180647499407982
St3gal2,0.5683551982225197,0.2121045663777048,0.31251618640916057
St3gal3,-0.19019065705978244,-0.4465015947023505,0.9249186647093603
St3gal4,-0.5900142516450186,-0.12864601607601855,-1.112815801260398
St3gal5,-0.2034460596380816,1.1512052936628905,0.10067850643661203
St3gal6,-2.181377182166666,0.25837527885530154,-0.08523460331264499
St6gal1,-0.4807551967887145,-0.8134057444747578,-1.4747974156856003
St6galnac4,-0.1330763125473533,0.058390673649793,0.7988270967154278
St6galnac6,0.7333972970868121,-0.5557948014850798,0.32359778197826916
St7,1.0334373009128668,0.37602774583281917,0.22635769467637257
St7l,-0.06550636189300629,-0.11526826985638605,-0.3893696729728129
St8sia3os,-0.14348433837952984,0.26448516707957925,0.06053508729994633
Stab1,0.07264845838059113,-0.008507852667224092,1.2092393635671266
Stab2,-3.101027052796809,-0.33261506654129575,0.31714795948190555
Stac,2.0557669988142426,-0.575721410896803,0.2968781628189294
Stag1,1.072849843961297,0.2481947852269233,0.33236488753367244
Stag2,-0.2550684246027686,-0.10760212656429236,-0.18851265562632946
Stam,0.15274830226114844,0.2407769022615618,0.11459068763651725
Stam2,-0.18758737922761615,0.1750201635817481,-0.4282429222751851
Stambp,-0.2538749145415009,0.06096027330837828,-0.8651281749107271
Stambpl1,0.09844917265242703,0.21259035123031822,-0.3559849932828367
Stap2,-1.4353894494344699,-0.918675682432625,-0.6779968779013461
Star,-0.003946144869344526,-0.05010581103606482,0.02482656044441356
Stard10,-1.687568267827741,-0.3207360043642744,-1.540805808091414
Stard13,0.7098332466698896,-0.0353587457333111,0.3206551390495904
Stard3,-1.1110804790619095,-0.584650883350303,-0.47278670420641955
Stard3nl,-0.09380264154784701,-0.6786232586983783,0.255453785680138
Stard4,-1.0801294659798115,-0.7961628022247869,-2.507408516179436
Stard5,-2.4154265933459587,0.05917008036697258,0.38169228330430194
Stard6,-0.0916290296512563,-0.2425792470121244,0.3864439394104806
Stard7,0.06528272490617226,0.05555844402245658,-0.3085997506173488
Stard9,0.18233542809165915,0.11343579907363033,1.9079960496272277
Stat1,-0.7542841755263567,-0.21609975953117067,0.7103332104292543
Stat2,-1.2097829892877097,-0.9942965667674175,-1.06659382524832
Stat3,0.2534544074580731,0.47505236830610187,-0.5518301357894826
Stat5a,-0.8075656645594633,0.15245867583222728,-0.4296643931421542
Stat5b,-0.035087768397386476,-0.1949971482380839,0.11839157772245823
Stat6,-0.19813568473620347,-0.19473149232089781,-0.5852709953882504
Stau1,0.26004714440545484,-0.04716426637620863,0.3583443898192247
Stau2,-0.1721821027181636,-1.017007553418002,1.800090416302242
Stbd1,1.8954773533356617,0.4097371161895545,0.9192185649297269
Stc1,2.2554262138220547,0.35860836772894666,3.2940599958052306
Stc2,-3.4488285358086617,-0.491958289732791,0.8155672619774705
Steap1,2.6734297153308653,1.846211095727707,0.36166523691114616
Steap2,2.9897454000839563,1.3687068387323098,-0.1994004012462236
Steap3,2.7901254334390218,-1.4076245114388874e-05,1.6955066887956307
Steap4,2.7035885367652597,2.271942049292521,-0.036588141418239836
Steep1,0.0488816413327946,-0.2353928181847298,0.02580194381954648
Stil,0.658224700613915,0.42641229785499846,0.6830126196225912
Stim1,-0.14629669094189612,-0.008892509116567915,-0.3084432691178529
Stim2,-0.511852410970631,-0.4471297947561954,-0.5781955814410118
Stimate,0.2486168248863474,0.03232524120834768,0.15195188434015705
Sting1,2.149985191493111,-0.7786836357287568,1.387866996922428
Stip1,0.3491387746492123,-0.0328902497801522,-0.016572503757739554
Stk10,-0.5266270205666519,0.5038447608343652,-0.11723224871751725
Stk11,-0.31993714374910187,-0.3631390387791651,0.5407853316960267
Stk11ip,-0.33187744598837376,-0.45422807102639284,-0.15016676648309657
Stk16,-0.26331596053488937,-0.0985118285376263,0.17672688451854857
Stk17b,-0.07225790851361324,0.11548765768289915,0.0630132895830311
Stk19,0.02889343224121177,0.016788508942592983,0.5687593755582911
Stk24,-0.009528695350133454,0.03849085103607308,-0.9395540492433705
Stk25,-0.01732758649185051,-0.7823102285021006,-0.21867427198599643
Stk3,0.46526129951674466,-0.27446929095932315,0.3913894025845117
Stk32a,0.9689189137970478,-0.21856946176044897,0.13705696054935243
Stk35,0.4828257431371856,0.4601691116062714,0.12040563111569913
Stk36,-0.47040709432844374,-0.21313089624167825,0.58740880732798
Stk38,-0.31811738169305226,-0.40877190097842053,-0.16232029758595168
Stk38l,-0.36636221779090317,0.45722393082263313,-1.4447319581807765
Stk39,-0.3398250200986075,0.017628085225968704,-0.000997504705612974
Stk4,0.16713160150048623,0.29074744990609247,-0.16370047783275155
Stk40,-0.02860074197263618,0.3183042714204154,0.2317582041180053
Stmn1,0.7284355413730861,-0.6203223391019685,1.2503031161433213
Stmn2,-0.7748103629332842,-0.5543216749408995,0.0
Stmp1,0.15550292506181673,0.2089935115021575,0.10373023609177245
Stn1,-0.0864486900986261,-0.1022626394143833,0.09282531277763795
Stom,-0.44633193983155106,-0.039548303612659375,-0.6231257829095345
Stoml1,0.30934719047778003,-0.5974349436033273,1.2866858822211356
Stoml2,0.48355440076339207,0.2291314053442921,0.7014237134760242
Ston1,0.2227681494655247,0.8663544362273399,-1.3491002249315143
Ston2,-1.3426262385204768,-0.05400852431192238,-2.7048499217343496
Stpg1,-0.35769365060761016,0.6186052775168343,-0.3855761708992924
Stra6,-3.7160349775116406,2.1906299229138053,-3.223451864121362
Strada,0.24203614292069986,0.03149218345390281,1.1327116513239148
Stradb,-0.31058563288829566,-0.9281299345825578,-0.0066811903246120075
Strap,0.46037972368197444,0.4377153208795672,-0.11155228646931903
Strbp,0.28342656356351714,0.010324160359067136,-0.4350691123776036
Strip1,-0.08305981020796782,-0.3213530485926057,0.19867594798545962
Strn,-0.03672812052274388,0.20622836311145143,-0.027440335540170224
Strn3,0.07656417449515285,0.4026070104947257,-0.9479313965340213
Strn4,0.29148012257060696,0.24284336915199844,0.19188005034807087
Stt3a,0.2527436499600082,0.007983315921963552,-0.27211760365049287
Stt3b,0.334170514447897,-0.02864116269364292,-1.0037068770653779
Stub1,0.1693223430934978,-0.05451536594550088,-0.10539050989753651
Stx11,0.14139159980741178,-0.2788876580450439,-0.3798554601261186
Stx12,0.16229934606694663,0.019649947619273078,-0.21449414498678987
Stx16,-0.36762391812935213,-0.4625357285673779,0.20438651143703002
Stx17,0.33998018134813535,0.0874605680024989,0.2872158088923804
Stx18,-0.014146953659065709,-0.13071312084617892,0.17915527294485445
Stx1a,-0.230894587103724,-0.18372835783027863,1.4538484683389086
Stx2,-0.12816714554792252,-0.9191695081190754,0.42390061883732066
Stx3,-0.2993111716120591,0.4487645554524593,-0.16906004816881826
Stx4a,-0.02813295095751922,-0.4623973866109763,0.2810951278914917
Stx5a,-0.41722374505280957,-0.5397373393252076,-0.19698972390931768
Stx6,0.5144293695154101,-0.4941999833254176,0.2677727452459493
Stx7,-0.9451528332951362,-0.5427894248356129,-0.7387862999710899
Stx8,-0.18100997984042078,-0.03867388503953251,-0.13575530162014804
Stxbp1,0.14208639579130722,-0.2745121964781152,0.5243410227395531
Stxbp2,-0.30809913557328095,-0.06477477810209908,-0.38970894488162244
Stxbp3,-0.3263286579969096,-0.4496424632882059,-0.4627751890959937
Stxbp4,0.12055855644305646,-0.05321571608104225,0.7270019326013264
Stxbp5,0.6423993197256905,-0.010900593727529717,0.5347741009253935
Stxbp6,-0.6332887644517342,-0.616511056079764,-2.1185979276180156
Styk1,-0.3057827816016969,0.4700540875771999,-0.19987138907106328
Styx,0.08530662241090603,0.3543650374923124,-0.4475610124908198
Styx-ps,0.09024687952639598,0.08308965046199179,0.2955919301063872
Sub1,0.32171677239606744,-0.9102631864073647,0.09545473742511401
Sucla2,0.3911630809559812,0.11158342052272907,-0.4162173218640799
Suclg1,0.2360623572364231,-0.2407824031376542,-0.2167722677899313
Suclg2,0.4117339012881498,-0.42463266471346284,-0.9306183818532663
Suco,0.4108820850753325,0.3533526496700361,-0.22679328389192221
Suds3,-0.22816931614143243,-0.5329946127019118,-0.2984755370508516
Sufu,-0.17108915902357413,-0.024840715114700984,0.027895622131280717
Sugct,-0.27000264794981266,-0.36896273517673694,-0.6605073528969938
Sugp1,-0.06474274813042413,-0.19519151743707486,0.49282316326812037
Sugp2,0.4515672673421327,0.14250801215964648,1.5169352313374471
Sugt1,0.28648138989667604,0.060495968648003995,-0.02854067042216446
Sulf1,1.4082438074494155,1.6153449134765059,0.4204628344987241
Sulf2,2.215110463595578,0.10225211657436685,0.5694335740661671
Sult1a1,-1.1253471175063317,-0.03467511779949928,-1.6398587125176327
Sult1b1,-1.88139004143128,-0.795502736968407,-0.6666683600356583
Sult1c2,-4.732352828118264,-1.4389410622542558,-3.909479304624757
Sult1d1,-4.735806149010125,-2.9372190964107663,-1.209028379950453
Sult2b1,-1.0265880189486785,1.3507757369440125,-0.4397613525706219
Sumf1,-0.22816585639169507,0.09326246802882743,-1.0097584240591235
Sumf2,-0.20253344070435553,-0.4897810588116158,0.2944975493665627
Sumo1,-0.11213774169448953,-0.46362946125496585,0.2915207181520163
Sumo2,0.37761003375896074,-0.02157715221468326,-0.07301178297247013
Sumo3,-0.2656145919780295,-0.24185176836735067,-0.32189345280329995
Sun1,1.4793583595779323,-0.33946402796393205,0.33307550287765597
Sun2,0.6803939724387709,-0.2555528140284338,0.5737623668209917
Suox,-2.6103336467071774,0.13825442026782486,-1.2133385702391841
Supt16,0.7389791224941469,0.6964954336148503,-0.8563737422338598
Supt20,0.15789316312470802,-0.6017008602697276,0.10549653137752024
Supt3,-0.052149686400919215,-0.17714344112188485,0.1653682936782257
Supt4a,-0.3495486073286198,-0.20648809629744047,0.40275672251861483
Supt5,-0.03781070624846006,0.24742982163357752,-0.35234073849990644
Supt6,-0.2717569310267667,0.23314105493657777,-0.15076272108879518
Supt7l,-0.6280006270136367,-0.7116224215691904,0.10800649479596203
Supv3l1,-0.07955236701776247,-0.17261115985630848,-0.02650752057978778
Surf1,-0.7655196220219969,-0.4069066197737854,0.2912187087798568
Surf2,0.13229857569600245,0.00024356283656423727,0.6966104267367781
Surf4,0.09465325071234965,0.17342822588740248,-0.09837090034829643
Surf6,0.06542513232220948,0.4665425015827065,0.4157444843325857
Susd1,-0.26207756554114203,-0.2965776364853112,-2.2118061270619456
Susd6,-0.7044314405669345,-0.09588899857543698,-0.9393945793820286
Suv39h1,0.6698384150500312,-0.6983018556429004,0.7614370038706522
Suv39h2,1.2324985865800246,0.3341217954496658,1.5647975388959443
Suz12,0.368342467581515,0.4224698635910116,-0.40569607134085395
Sv2a,1.748131813899977,-0.17434514175681226,0.4185757268517183
Svbp,-0.2342661070013241,-0.693691669305752,0.8515649761646471
Svil,0.13678008080122162,-0.5191534773145872,-0.7739676417686354
Svip,-1.5531727803863569,-0.6686773596802835,-1.2172544127364535
Swap70,-0.0029266204987505873,1.3532444868821778,1.0642061292245537
Swi5,-0.03419496254271692,-0.5294783485003407,0.3401291001202944
Swsap1,-0.20476662786115618,-0.08767350150621844,-0.07108965858952754
Swt1,-0.7793314731470069,-0.03536049921536133,0.1662121587756893
Syap1,-0.06859024676243841,-0.5673152249738607,-0.20394762316492887
Sybu,0.15891751737749782,-0.010153773973568037,1.879174758496263
Syce2,1.2237125248068588,-0.1502030384786326,-0.4012649822709533
Syde1,0.3076921899743672,-0.017649784994503648,0.43288946253088234
Syde2,1.3894027543249132,1.277362113266166,-1.0101031814112722
Syf2,-0.5079966404937615,-0.014591187700137453,0.43231518794702595
Syk,0.24944453433248776,-0.2796989266419028,0.987348182061967
Sympk,0.11005880936736467,0.1782392144848357,0.17596183422847833
Syn1,1.146323863860491,-0.5760949466463869,2.069860667936804
Syncrip,0.5992604582764169,0.0723680644186473,0.24213164780180385
Syne1,-1.5249938421278868,-0.9560080662562362,1.8209784434247318
Syne2,-0.4646193633689215,-0.7245313814475178,-0.7188214655542939
Syne3,2.464134993451764,1.0998598485436204,0.9372468231107356
Syngap1,0.19674158092544491,-0.7717619462637606,0.5857323474272267
Syngr1,-1.1602258735235407,-0.22307380495590223,-0.21822776477061456
Syngr2,-0.44755744437685774,0.06009351298010834,-0.31476775802056256
Syngr3,2.6771611823263237,0.22291201319024834,0.32219107120734747
Syngr4,0.4706236638006485,0.2906681431703211,0.2852840451747687
Synj1,-0.47396804546081395,0.1487460069255251,-0.5189038986875167
Synj2,0.9970296851980107,0.7458557182045737,0.6311141118471637
Synj2bp,-1.8200986165875364,-0.7280514021568587,-0.9688311482694347
Synm,0.009176850267302528,-0.16657979335488238,-0.3236642382991654
Synpo,0.0343724448583842,-0.2050419905062535,0.9643847952221982
Synpr,0.622933712933221,-0.3363824081649194,0.4333656069784319
Synrg,-0.45523916451141844,-0.015435261331739447,-0.48233220122377585
Sypl,-0.15183280948401912,-0.17612830029292326,-1.0547176650285905
Sys1,-0.11673466222696316,-0.2810212694802994,0.5170628054928832
Syt11,0.3291533130360289,-1.170378626046515,0.4215075180698227
Syt12,0.669349743616467,0.8679975342397221,-0.48766316541399934
Syt13,0.9833084770422656,0.0,4.279192862586407
Syt16,-0.4964715518355627,-1.076754868744535,-2.052037549592379
Syt17,0.08724529558893535,-0.7479222612471392,-0.9710557231871482
Syt5,1.0771497826799432,-0.11348164015417532,-0.20035287904658117
Syt7,1.118868068905476,-1.9901429855125383,0.16311861503741687
Syt8,-2.450667278752664,0.37031872505764607,-0.9668307862784351
Sytl2,0.23199998594279592,-0.17965682189129684,-2.335244236928819
Sytl5,-0.02085773990927753,-0.0386791668749733,-1.1894456593681175
Syvn1,-0.6329524483729889,-0.09879326896165619,-0.2546757497270473
Szrd1,-0.12979300792519322,-0.04247954341336424,0.20120506284976347
Szt2,-0.3925159373881817,-0.3931719961093316,0.6948520279491199
Tab1,-0.13034856463662692,-0.5088012056112801,0.9606343767127381
Tab2,-0.10078993850997264,0.23686199131844266,-0.11614668599738831
Tab3,0.2871236258047283,-0.32990570985583334,0.07287222559010775
Tacc1,1.1324396293206185,-0.5475986248897562,2.1720636440561116
Tacc2,-0.6100093143634968,0.648533354728797,-0.2560385640714502
Tacc3,0.5017979536194064,-0.44595047333987736,1.153187851111773
Taco1,-0.23225226132126187,0.12648297706261324,-0.3187089388066724
Tada1,0.3092486134978887,-0.2144873206065614,-0.21292376819650816
Tada2a,0.4378140830212649,0.009179157845922603,0.908920990044348
Tada2b,0.055968792178537896,0.03786632038433346,0.22590653127187688
Tada3,0.19281451784907677,0.053934267055477214,0.4483636422884407
Taf1,0.5323872184306273,-0.5452176166626321,0.4137608787864355
Taf10,0.07046457095406122,-0.04672385068375995,0.3288317508889902
Taf11,0.33888038451897984,-0.10064905865576801,-0.13234407867111564
Taf12,0.34710492662086256,0.2703855380854785,0.9565538647388685
Taf13,-0.22266934738073285,-0.49108641617708404,0.1457371092691604
Taf15,-0.2963610216913466,-0.09747297323113813,0.6014688175608756
Taf1a,0.504411603036746,-0.12975056349717295,0.6886777822536012
Taf1b,-0.15419996053173035,-0.3505471071688313,0.12079744713719531
Taf1c,0.03452279037379524,0.5353914829861233,-0.23909755785447429
Taf1d,0.3083332885922072,0.05694308876498422,0.5456276390832686
Taf2,0.016484657768174316,-0.08380486082107019,-0.4265792252838301
Taf3,0.1032588489103432,0.15772399479332222,0.3273665396084837
Taf4,0.09104751041071335,0.11238335435606128,0.1177622370356266
Taf4b,0.41428514943314365,0.61372707178869,-1.0334003453534906
Taf5,0.26365099822945703,-0.0782363747421364,0.3042092767480944
Taf5l,0.057600565215587096,0.4155158446549754,0.18588592539318505
Taf6,1.4367551330511787,-0.4272288404939699,0.020285261785786268
Taf6l,0.1088502573799408,-0.4160334154620653,0.477233111563951
Taf7,-0.2510014750474445,-0.00541015079330931,-0.025337238007647755
Taf8,0.14306544170841562,-0.2389525944109554,0.40118566897265984
Taf9b,-0.18659984456908105,-0.9907630598381225,0.10646385443408157
Tafa5,-0.05833506533425736,-1.0843866989545394,-0.2786166566020303
Tafazzin,-0.3073897412308497,-0.3176516591285008,0.6076107867254086
Tagap1,0.2669798727945665,-0.2744436010233611,0.8389816931454788
Tagln2,-0.17587027037519043,0.13847301992303507,0.5117504445878982
Taldo1,-0.274295607582669,-0.03525987194597491,-0.3414534608585891
Tamalin,-0.8697839181917653,-0.06923651901270489,-0.12112978259260654
Tamm41,0.7265708609917985,0.13668134615992233,-0.13326629933370082
Tanc1,0.3522391958050184,0.19699352894584266,-0.3061079856070723
Tanc2,-0.5385500767400935,-0.5432873656483015,-1.1821970695970125
Tango2,-0.8175557839718826,0.05641521274953121,-1.1804574574050735
Tango6,0.521876830032137,0.16098454269670803,0.22968009467381378
Tank,0.012456034547562389,0.1350887163479184,0.2562441451720261
Taok1,0.21170406750513138,0.38198277983941065,0.07142500325957624
Taok2,0.237418592560239,0.20577017556004407,0.353945977462196
Taok3,-1.163177758566615,-0.7880136738403252,-0.6365709910594823
Tap1,-0.45068836445982186,0.11806627691203508,0.22025867627844864
Tap2,-0.5344065561845448,0.058273285101805766,1.3676698155783575
Tapbp,-0.5675687666416733,-0.828362150174013,-0.3590778446659666
Tapbpl,-0.8334570154089014,-0.3995791520317544,-0.5505904841008116
Tapt1,0.024431284489907945,0.3110189127270129,-0.14735506382430774
Tarbp1,0.33179937831065676,0.9231892922855742,-0.13960533555034527
Tarbp2,-0.13492129114271556,-0.06381378332040111,0.7290993384701263
Tardbp,0.47722851591301385,0.08865857750872586,0.4076884077402054
Tars,-0.09887988353770272,-0.0016481167764066385,0.6384751406323641
Tars2,-0.599907081367359,-0.4146512128918687,0.4205184386421408
Tarsl2,0.08387406842098377,0.13553664119221676,-0.7338911325736355
Tas1r3,0.07150232925760269,-0.1142222797208221,0.1541878843205643
Tasor,0.2434316366186895,0.5999329096802475,-0.7907962847382528
Tasor2,0.1366929938244592,0.7453409090838958,-1.1909346077058935
Tasp1,-0.18592683257342557,-0.49552270191446635,0.44028459016079236
Tatdn1,-0.02856024992140327,-0.10857575240758299,0.3125562111675322
Tatdn2,0.36073627796410435,0.6923111251428837,-0.8062030539444986
Tatdn3,-0.7016129031246141,-0.1701363985254276,0.5650135910833005
Tax1bp1,-0.38456244436023557,-0.07607291371442582,-0.289267479608859
Tax1bp3,-0.11764882233334362,-0.17531965545057115,-0.6109376229371275
Tbc1d1,0.030173106894305413,0.7367432039989161,0.352477939631763
Tbc1d10a,0.19335401021323584,0.13777784577044994,0.6592820755628175
Tbc1d10b,0.1465141600264701,0.011160530285931003,0.09580084917223708
Tbc1d12,0.06591892032666058,-0.12413092460200748,-0.16364182712458852
Tbc1d13,-0.05484498932300674,0.1545587600286753,-0.05777035179419876
Tbc1d14,-0.5193505136081749,-0.21712627244168292,-0.2662977325451248
Tbc1d15,-0.6629543266664264,0.025046955899098222,-0.9188203177125711
Tbc1d16,3.7078188555400544,-1.0791776972966738,1.8824331189868482
Tbc1d17,-0.4024700825178593,-0.3045562567169373,-0.11450933223553239
Tbc1d19,0.0519140640520952,-0.3871361921350225,0.25955333387916646
Tbc1d2,-0.8442514265476802,0.9493060755578462,-0.29701945687831355
Tbc1d20,-0.08281712834548838,-0.1128985062667951,0.14792543102836753
Tbc1d22a,-0.7921147898859981,-0.5747091472509798,-0.6133837652679688
Tbc1d22b,-0.10750976189578054,-0.09604410255938145,0.012619291408687339
Tbc1d23,-1.0353878391066162,0.15221212093718073,-0.46312926412684474
Tbc1d24,-0.3132204033810213,1.7877427579059875,-0.3753533588637068
Tbc1d25,0.12791095461636193,-0.27499742373616165,0.3151524220031039
Tbc1d2b,0.6107724305642277,0.6905631349230643,-0.3150801792381719
Tbc1d30,0.6864348427741117,0.8694539589346282,-1.7327382354846903
Tbc1d31,0.7388402015488911,-0.29603298695071345,0.9855354220364818
Tbc1d32,-0.4917116966346411,-0.5246315365344447,-0.07559264093103302
Tbc1d4,1.4285089911903597,-0.10898031993284008,0.08343579294715076
Tbc1d5,0.5951123742231346,0.017806054879213384,0.04106196442886478
Tbc1d7,0.15806510606063195,-0.24473414218526646,0.17483043055976077
Tbc1d8,0.552927920587376,-0.25566394762522104,0.33846119042471434
Tbc1d8b,0.5951403291513646,-0.051081543188826295,-0.6984961767008282
Tbc1d9b,0.057764445033839706,-0.16806781581214203,-0.19190944772182217
Tbca,0.16061780679556215,-0.6140196824690651,-0.006544241550107799
Tbcb,-0.10169867332392446,-0.06972739881471934,0.5339672327956668
Tbcc,0.3304857265181269,-0.14385549037876455,0.6834156962081881
Tbccd1,-0.9892144769500844,-0.27419223231831724,0.024259470927538107
Tbcd,-0.029495731502774625,0.0044059092500727814,-0.49748314202653887
Tbce,0.25700733302990963,-0.19155761513512948,0.27139555481980926
Tbcel,-0.39058014099631055,-0.014060037901488798,-0.2776821192339005
Tbck,-0.6217204248424508,-0.6320375435578103,0.07603064004110571
Tbk1,-0.15145166327611115,-0.020108519724990614,-0.12734724239290873
Tbkbp1,1.541608493522857,1.6310886029406275,-0.9473314935067267
Tbl1x,0.14316528613665103,-0.18643175789568556,-0.3036326619486367
Tbl1xr1,-0.012604384326358797,-0.47799197609350585,-0.4570430214781025
Tbl2,0.11480666838057463,0.3076339627819866,0.3299512097645003
Tbl3,0.33692979956192914,0.3773603115536517,-0.01575218170076731
Tbp,0.2690101437155157,0.03074038967387871,0.2041839501727356
Tbpl1,0.07899014235435775,-0.054660457430254716,0.6359250015270153
Tbrg1,0.36812519435304836,0.4329287661183585,-0.762080483114997
Tbrg4,0.08129363694774128,0.6049268514906343,0.34861374660113764
Tbx15,3.8479494411656763,-0.23274357156312953,2.9646572828239304
Tbx3,0.0,0.0,3.5227944662346693
Tc2n,-2.4707491572811215,4.480382044105864,-1.8180341550046106
Tcaf1,1.001100351247266,-1.2518943282420283,2.5507810304793592
Tcaim,0.0008750687279559521,-0.3415189913346186,0.07798251253939181
Tcam1,0.32007511053496673,0.034438767395261194,-0.23402683652165535
Tcea1,0.6015999973708981,0.000678721849758368,0.028945129715471474
Tcea1-ps1,0.15878740297101734,0.08382850798896502,-0.26270395983261574
Tcea2,0.49876031038190105,-0.5828677325636569,0.5338288156167315
Tcea3,-1.1754867096112411,-1.8234552215062685,-0.8212890736446719
Tceal1,0.29573819252452677,-0.6964220995348048,0.07804705330237593
Tceal8,0.6374311492304311,2.035868602927557,0.6436492889662787
Tceal9,0.8181491425522935,-0.7368510297574495,0.991237803915971
Tceanc,0.3143819113638555,-0.5018910196612585,0.7644907940992378
Tceanc2,0.046009627376847106,0.09639440407303468,0.3066028286628608
Tcerg1,0.3616279059359657,0.1522055113341878,-0.8189251378465459
Tcf12,1.0630966340394474,-0.25804447226198945,0.20795946733562776
Tcf19,1.0486656259020704,0.4539910487875538,1.3757777879123223
Tcf20,0.3594979663559146,0.15469884005227819,-0.06566394333350534
Tcf23,-2.6907243827611356,2.4698889030714852,-3.161566305037751
Tcf24,-1.1853100206856482,-2.0784845414096096,0.10628647340246161
Tcf25,0.4106240754911781,0.17850423237438395,0.2749031139848963
Tcf3,0.3970206836801893,-0.497586777111624,0.7660518949349333
Tcf4,0.40624123357530983,-0.08877117846120619,0.864147725683039
Tcf7,0.26722517421297365,1.0818663418156782,1.0471217701679754
Tcf7l1,3.0219199249229036,0.36327430641029435,1.7263083238167314
Tcf7l2,-0.8427621767997246,-0.19495638397084214,-0.9198459862495474
Tchh,-0.2833566326753232,-1.0641923973571468,0.17018925284656938
Tchp,-0.403258764454836,-0.6483320599344675,0.19091174924661436
Tcim,0.6744406852478559,-0.40183207347368244,1.6714275540032864
Tcirg1,-0.15520902344938037,-0.29967387509872623,1.2599577976252103
Tcn2,-1.4236964280717,-1.2092111100582592,-2.6857298143043704
Tcof1,0.5554329415144235,0.37967026564631023,0.6186217775469274
Tcp1,0.6370250509228086,0.18029796920389174,-0.5540256713079401
Tcp11l1,-0.5544266514170788,-0.9955588617780267,0.5850638275769655
Tcp11l2,-2.2108023236416074,-1.6808719723321743,-0.8882771763281041
Tcta,-0.6316467581418435,-0.6838079728275428,-0.21408608304138976
Tcte2,0.06227874181876847,0.029081636332981775,0.004977553872949514
Tctn1,-0.11628435881316967,-1.0246160512556381,0.9444885577440587
Tctn3,0.20588638758609523,-0.16903079459058246,-0.11970537539595139
Tdg,0.011922284279120454,0.13106527757999054,-0.009339505866309494
Tdp1,0.7464776795544514,-0.21871783040479187,0.5884875460384302
Tdp2,0.14586202918918456,-0.11233437727395668,0.28423806914105043
Tdrd3,0.7257002893782785,0.5201351549200157,-0.27254039379269557
Tdrd7,-0.025545815565369168,0.5695365486562993,0.019775569426309758
Tdrkh,0.2797316102369738,-0.6617524575248468,-1.193517474648527
Tdrp,-0.44633289733263526,-0.28746025495055116,-1.0734022475650198
Tead1,0.2386053304054343,0.4165946758689687,-0.1972493298193161
Tead2,4.7945690891184,-2.109024257106432,0.8173346758745055
Tead3,0.9759766354428052,0.0941807518128579,0.5777916094112334
Tead4,0.4265013768396546,1.9335643703101164,-0.2749902633835246
Tec,-1.5703244544911579,-0.28271209192186264,-1.277824778340476
Tecpr1,0.06483755185014672,-0.0974708620637319,0.2236772614485263
Tecpr2,0.2232506345116514,0.33840761204561964,-0.18377732430898286
Tecr,-0.47443013213580354,-1.179288499186768,-0.20008953496189896
Tedc1,0.44144070846169203,0.47643897431923943,-0.3133308917146782
Tedc2,0.21016110747555095,0.644983397368641,0.4042397556780326
Teddm3,-1.4445401383775147,-0.4126866180236979,0.022528271012221834
Tef,-0.24827851582927973,-0.6783770672967906,-0.3050318041567639
Tefm,-0.08155328759339353,0.07513540505747063,0.18039844987034037
Tek,-0.557299184412249,1.7357755690295054,0.31237731581802114
Telo2,-0.11695309225678852,-0.05475777251294556,-0.07625037725318773
Ten1,0.2940690195352973,-0.3245016662174125,0.19900671805343606
Tenm1,-0.4927097075402266,0.48480787553009197,-0.10042889723372747
Tenm3,1.0352778126756776,1.950522557001654,1.536968193883344
Tenm4,2.9167948342685173,-0.19270161334136085,0.5983389123526579
Tent2,0.2346760405773214,0.06545538317303823,-0.6259224478349807
Tent4a,0.5315451457973044,0.34389776745468126,0.33984165057583304
Tent4b,0.4265323422894758,0.7468335720944941,-0.5233825217785801
Tent5a,1.4337157258126652,-1.2259647244011955,-0.39220483861300726
Tent5b,-0.0014564070430074239,0.322134354126272,0.25625783737857866
Tent5c,0.16810460977667308,0.07694957644443234,0.42519873740645564
Tep1,-0.42551203269094806,-0.4287529248929003,-0.4633289330298176
Tepsin,-0.3460642155115434,0.002133011583760336,0.060228183322481144
Terf1,0.6986229082099085,-0.2096100682005151,0.7773547070747702
Terf2,0.19099476853276087,0.21090096900318223,0.816830380719769
Terf2ip,-0.1125620274614807,0.163937432164051,-0.5162288278113545
Tert,-0.5736987864961371,-0.634854341548766,-0.42875689739428324
Tes,0.9318714029192297,0.6841732573203103,-0.5261408162166967
Tesc,-0.2888226783184067,-0.08312531629178317,-0.15325814089901435
Tesk1,0.31765128403066534,0.37815094313607345,-0.35254341360752584
Tesk2,-1.7912971528590553,-0.7350604005620647,-0.10379992131507132
Tet2,0.024622851436012727,-1.4475929023639598,0.925999668094414
Tet3,0.3001174156873265,0.142807279385754,-0.058021284290539654
Tex10,0.25698651039146725,0.2849179200649683,0.1506176589327417
Tex2,-0.3871500876726355,-0.01806438131111765,-0.8387715250697045
Tex261,0.8370429266122033,0.3802113754786305,-0.36151416724618635
Tex264,-0.2265907994777061,-0.38660708740334915,-0.06919826081753477
Tex30,0.3127279700370087,-0.1929079023652145,0.4779525731452634
Tex9,0.8649737875955665,-0.2955335851716596,1.5671597155419237
Tfam,-0.09828447456420264,-0.2677351580545686,0.1423237365708907
Tfap2a,0.1806834898131373,0.0,-1.2176261044112346
Tfap4,-0.4314094925899967,0.10731274852811801,0.5968865205283933
Tfb1m,0.15017056533747475,-0.31728912076490445,0.7236622356093876
Tfb2m,-0.35000602520103996,0.011972561907446888,0.016359730302150766
Tfcp2,0.20305232939756124,-0.330199413665774,0.5516872308400944
Tfcp2l1,-1.677946476408569,0.5189171299544895,-2.411278712973522
Tfdp1,0.4978426994929812,-0.017527617844010912,0.0314551380804744
Tfdp2,-0.7309905061415556,-0.21285854693296802,-0.41632333537114263
Tfe3,0.4770808978946679,-0.3095326635616562,0.7091800273813389
Tfeb,0.18827189882576878,-0.03174395097115834,0.6119175127592174
Tfec,-3.304515714265189,0.23101720954373348,-0.05379498294538143
Tff1,0.6835867230420543,0.7307697106981712,-2.274811559801361
Tff2,-0.3718131128473019,0.531590779071504,-3.143261136088514
Tff3,0.3193132392113516,-0.20589775830228363,-3.394685926660746
Tfg,-0.6951285686834332,-0.21683431636982675,0.06332805983592493
Tfip11,-0.11859424682057895,-0.04873691578065387,-0.09978653218307443
Tfpi,3.9193233395548424,0.6363519876796322,0.765377750414015
Tfpt,-0.2087848752344339,0.4117118810863558,0.5615297021094618
Tfr2,-0.3889927048794344,-0.15948940994822136,-2.2036021273760373
Tfrc,-1.112105642268757,0.040312039381426246,-2.4970946685677964
Tgds,0.22923158614196737,0.2726433389861205,-0.40298154905489625
Tgfa,0.37196264839872395,0.4084486224432764,-0.9630974484738068
Tgfb1,1.408936028734833,0.279066397996818,0.24710068300067167
Tgfb1i1,2.2912014009843125,0.28250791869865377,-0.06630430308595402
Tgfb2,1.1482718533229979,0.2136773236963238,2.268769350695385
Tgfb3,0.38981047140836633,-0.7273644827400378,3.5596349781342305
Tgfbi,4.486885997759016,0.0,2.6779654145569
Tgfbr1,0.9802501435513902,0.17985715116250045,-0.7599339284260198
Tgfbr2,-0.6621822557126595,-0.20415538507964737,-1.1610492169307065
Tgfbr3,1.8424411695112524,0.17506440444497515,3.1531666828043075
Tgfbrap1,-0.23165389076471232,0.27052665759101036,-0.18410003318484858
Tgif1,0.34190347997386183,-0.19536349218161053,0.7107743206261778
Tgif2,0.5313611918824525,-0.13300657163603075,-0.5070399684466693
Tgm1,-0.6097855840256422,2.28630088803855,1.4492170830511861
Tgm2,1.9385477052671405,0.8428203769238802,0.5326619253605678
Tgoln1,-1.0781440752136886,0.1113970855172175,-2.062046314095787
Tgs1,0.22000020393962405,0.2785125941790234,0.20253906242777786
Tha1,-0.5604002957300551,-0.28398170744021467,0.5348704877207457
Thada,0.7339631590809894,0.7087617331002578,0.2609588125902169
Thap1,-0.07558872279278361,0.18166671523998001,0.4083586084654556
Thap11,-0.137408998969053,-0.009985354354832054,0.18951113857414992
Thap12,0.4301756623486517,0.7563840166578695,0.15359568648236888
Thap2,-0.3126033685541061,-0.10602901843945522,-0.5422171915364045
Thap3,0.07533814327146438,-0.4829171298639361,1.2383542775791874
Thap4,0.4344823851862136,-0.37121195346121727,0.5238356860835793
Thap6,-0.6866505647815688,-0.1876869929018974,-0.4018428421661491
Thap7,-0.37752336368937733,-0.09902895824865254,0.4554030816714505
Thbd,3.3091925490255623,0.0,0.015571326780536549
Thbs1,1.052145955510282,2.0730625861855314,2.5621306101729093
Thbs2,7.023409039148228,-0.024071070595852454,0.022528271012221834
Thbs3,-0.1021538906560453,0.3183707804054432,0.155223961552986
Them4,-0.3046968309130178,-0.6923486085981327,0.1832542202331986
Them6,-0.2874422499806899,-0.41804315307740136,-0.7629892415485449
Themis3,-1.3104854738260403,-0.8268863559543884,0.04787143857977747
Thg1l,0.284158926088935,0.5376918137182263,0.009380866371608398
Thnsl1,-0.16969071663744373,-0.4803379528992866,0.5386489991075005
Thnsl2,0.6653595758729267,-0.5588788573602661,-0.5799790354588559
Thoc1,0.14570483189904948,0.20466897202540313,-0.3367797851678995
Thoc2,0.09935857509903023,0.12035911437386915,0.2247272617963043
Thoc2l,0.06474711531519883,-0.250828457800794,0.018657876181300992
Thoc3,0.3623775854280771,0.0033547546944143747,-0.28102242842996183
Thoc5,0.14215965196630087,0.5142706422641172,0.05863357581548989
Thoc6,0.1292884568196353,-0.31396718648309374,0.7222319929439358
Thoc7,0.45165257626895094,-0.47913197189338375,0.14621933867451098
Thop1,-0.22859059943855353,-0.11397537420404813,-0.12359966767432962
Thpo,-0.2924384434671552,0.3030026687452586,-0.7891376234488781
Thra,-0.07838160783848025,-0.4491712655336695,0.3311441495549108
Thrap3,0.1314674755473666,0.0993922851409037,-0.1758647916276761
Thrb,-0.4228108389227123,-0.23806174011536285,-0.5434114551049052
Thsd1,0.31040071562505067,0.37219195913895553,-0.001898713447917963
Thsd4,-1.8577467440158628,-0.41337447263790406,-1.3627548630885196
Thsd7a,2.592571562308722,-1.3491044729594368,-0.07359345745094514
Thtpa,0.4543333857836802,0.4885227388691038,-1.3487593179150332
Thumpd1,0.01835973893442233,0.39809101534704894,0.04718559539872125
Thumpd2,0.01897602031457124,-0.10017326690638484,0.46833879633561404
Thumpd3,0.47914979362591126,0.0005505931487608251,-0.3471329005942012
Thyn1,0.17737749226454458,-0.4376046218596308,0.7923724461660804
Tia1,0.9791464125364406,0.06341525868626174,1.0449969566049253
Tial1,0.26996864582964974,0.2027027385392799,0.5451427036533047
Tiam1,0.0,0.6736512956118932,0.13457910072281654
Tiam2,1.1418577268978591,0.3055379776702978,1.6089986760030102
Ticam1,-0.7309445853545178,-0.49711495054767685,-0.14604976157614935
Ticrr,0.7291550399790312,0.5650419211821154,0.7898090958085415
Tifa,0.7887590963193643,-0.9842646757199174,0.5785246461089866
Tigar,0.18740711108268115,0.8618432304889856,-0.9915445513379035
Tigd2,0.02501816393471268,-0.18143997441059057,-0.24347789090046268
Tigd3,0.03201259912619969,-0.31050845900847557,0.36057071829331677
Tigd5,0.12575384921697008,-0.03923651570530007,0.25623456280840085
Tigit,-0.5597414695316276,0.6856913008360568,-0.6542727855401189
Timeless,0.7487052527586009,0.34092275393964844,0.7277050639432625
Timm10,0.21135509117263318,0.33352399140776345,0.7698575914621655
Timm10b,-0.6176879461435076,-0.2156726452679092,0.5229634095914755
Timm13,-0.18810785158122023,-0.2259928705375991,0.5755051599944521
Timm17a,0.24343292473010436,0.15989587217421342,0.31363285916929673
Timm17b,0.5934665023120207,-0.623123624957457,0.8795479357321971
Timm21,-0.47156842375463626,-0.3805691916858942,-0.6468545119423501
Timm22,0.11683361325182773,-0.09304955196316822,0.4022106834068975
Timm23,0.38011890881481225,0.461428794133,-0.4211708328852328
Timm29,-0.13226365779594484,-0.04847453451075001,-0.7106809748303746
Timm44,-0.12393926620454288,-0.023950402017369754,0.36376742093105996
Timm50,0.047052644568122304,0.31986841160378265,0.4676578865825709
Timm8a1,0.5138949278474527,0.07804276869720095,0.9849602409056524
Timm8b,-0.3738594714670267,-0.35078635430009,0.49855225128489167
Timm9,-0.21224685283097777,-0.14802749584532826,0.18224868625741752
Timmdc1,-0.36617538940477345,-0.14788902763477196,0.265828530711282
Timp1,1.7121875266448425,0.42029391573496255,2.6249593792193675
Timp2,-0.8394508415463378,-0.6065159380343061,-0.1680763926247213
Timp3,-0.038918792651686296,-0.7088101866912091,-0.24718717408295987
Tinag,-2.2559164508714127,-2.0105975501502416,-0.2990309337501915
Tinagl1,0.2307710585641587,0.5606110331249621,1.123448654097153
Tinf2,0.7065646314349241,0.5659064126368909,-0.25569762531841
Tiparp,-0.48695814103804835,0.0927771989879993,0.9318272934194134
Tipin,1.2060019074771562,0.012990485381201289,1.0514983791926662
Tiprl,0.17820068153386526,-0.2127147158297209,0.21697834583195608
Tirap,-0.025354943994583934,0.2436297200343338,-0.22758102462433616
Tjap1,0.3194073537534621,0.3747461921032089,0.9054178099718415
Tjp1,-0.33422121298231744,0.2754855366895086,-0.3242276958796193
Tjp2,-1.1492005629436077,0.2105336374470781,-1.701105113534381
Tjp3,-3.569250868812347,-0.9569502646489099,-1.573611348605216
Tk1,0.45017376566169,-0.24761165232391757,1.3020550026040825
Tk2,0.09925796703121215,0.1121591248335796,0.7271549168140963
Tkfc,-0.28719647225280287,0.20520214119959412,-0.34549034975372805
Tkt,-0.6355613244184806,-0.3389512247844024,-1.3672283596179842
Tlcd1,-1.0194413580815427,-0.13021189651747012,-0.37973767366371947
Tlcd2,0.048878737231241365,-2.431618441547309,-1.2561374226691253
Tlcd3a,-0.6445420011495244,0.32069807971418385,-0.8131837878640713
Tlcd5,-0.5560922327362658,-0.2532132673095545,-1.3577977839683242
Tle1,0.3851668940251356,0.30538325056406723,0.24484203376247038
Tle2,0.3704315841751187,-1.3268935234863757,0.710419247585611
Tle3,-0.24418167026033188,0.11220190368799798,-0.496898316185062
Tle4,-0.8655332976809884,-0.2394843904977888,0.06896894744455784
Tle5,-0.29348554020707773,-0.4619107668266089,0.34586259691266896
Tle6,0.3508219094051377,-0.9027852065489088,0.35893496434072425
Tlk1,0.2916885498030748,-0.028396028369196635,-0.02415462543795588
Tlk2,0.2845500441700253,-0.04760951849619488,0.25146179230707855
Tln1,0.4910344079432516,0.3515700643096329,0.29859700905178066
Tln2,-1.5716800478934005,0.9183812390192045,1.5512623006221626
Tlnrd1,-0.70407939202794,0.5706300169288809,-0.4621681666503754
Tlr1,-1.4450454229947063,0.04011202151475357,-0.21803811838462855
Tlr2,0.22022780033093325,1.1808723224933821,1.1710835777356676
Tlr3,-1.4409891406300295,-0.30768501318750463,-1.2023015534844865
Tlr4,-0.7258014559093575,-0.41083360532375623,-0.12906865541854629
Tlr7,0.5957525752908951,-0.061888685394348386,2.4802357997982263
Tm2d1,-0.6108667907799621,-0.0014537053077594564,-0.7249325396623778
Tm2d2,-0.3922326573208421,0.023248964727963894,0.25491900870003636
Tm2d3,-0.4082762144550127,-0.037807173190725685,0.038861831878096886
Tm4sf1,-0.10881767060930692,-0.9984537761749728,-0.2535190506317022
Tm4sf20,-3.8323598089618276,-2.9587667993240014,-1.881484392415211
Tm4sf4,-4.020278619248952,-0.9653006083444922,-2.2495968873765646
Tm4sf5,-3.8967810639334117,0.23052566813063857,-0.03315755869351163
Tm6sf2,-2.364385425452796,-0.42473522281472587,-1.137912130750371
Tm7sf2,-1.7101026818050973,-1.6892125903305395,-2.0096994762014475
Tm7sf3,0.009140825350447024,-0.5021657944373317,-0.2152436270301843
Tm9sf1,0.011337117089379234,0.35976555646182273,-1.2081657012210298
Tm9sf2,0.17422737502238483,0.09546598438632525,-0.8511217913625648
Tm9sf3,-0.5386570684584022,-0.11570736780739566,-0.98456427017799
Tm9sf4,-0.45357235233317095,0.16054819729717806,-0.2714168434581925
Tma16,0.4576499481751659,0.6301730529343015,0.6799407079351125
Tma7,0.34036294219118,-0.4113021327286104,0.77719598984834
Tma7-ps,0.40653850994080976,0.09359562512438524,0.17163541533011928
Tmbim1,-1.5144788536591545,0.8142817115084435,-1.3567388228176407
Tmbim4,-1.1717899917610932,-0.6962855030048667,-0.695888204554155
Tmbim6,-0.843215988479578,-0.670819128731269,-0.7235735135479757
Tmc6,-0.8542761515517787,-0.08870804926463194,-0.5556657694237677
Tmc8,-0.7305075147071229,-0.17870600247695734,-0.8328939746921191
Tmcc1,0.2541199701086807,0.6098771443918913,-0.17448661745292338
Tmcc2,3.650374167615001,-0.13137690282286918,3.8096362222116538
Tmcc3,2.7876483418818916,0.21007820969589508,-1.5143099000477371
Tmco1,-0.6122759835118092,-0.39779034248198286,-0.6993696473446702
Tmco3,-0.2042125149535421,-0.10804559630143107,-1.0331543800928227
Tmco4,-0.36497019587947577,-0.015244274507820954,0.6025396426920651
Tmco6,-0.3371220057337756,-1.240006489892584,-0.5084991278292845
Tmed1,0.7183977274833282,0.3027330977353211,0.26471540758961964
Tmed10,0.15807655082720196,0.08251311347995127,-0.3899600750422376
Tmed10-ps,-0.041926562327888384,0.3144873843597791,-0.40977964852917914
Tmed2,-0.09813450981022598,-0.6417629748206641,0.03161029333690113
Tmed2b,0.04379238130571994,-0.38350252850506017,-0.4544326003767606
Tmed3,0.5373067857132696,-0.5816008785994446,-0.1566335556775318
Tmed4,-0.4636587656825002,-0.05851410097115206,-0.17881581314435824
Tmed5,0.10286688924960341,-0.08474510197130325,-0.24986755739102406
Tmed7,-0.10520912722166997,0.14370376506023597,-1.0409069793907468
Tmed8,0.05598799998369208,-0.5256779205003077,0.11835909237357312
Tmed9,0.2936106013761268,0.28708341671544524,0.026886206333882612
Tmeff2,-0.4050604449538415,-0.8100782160603694,0.20669684841934394
Tmem101,-0.3853173802530767,-0.1600957642547911,0.28380671098694066
Tmem102,-2.006083497517412,-0.2536194440150128,-0.8989484764038931
Tmem104,-0.2916101061804559,0.6154662196012133,-0.39037851601583284
Tmem106a,-0.74466847125617,0.18236753519363846,-0.11334077547718024
Tmem106b,-0.24402201180024718,-0.4814252522107658,-1.1810049732487178
Tmem106c,-0.02233563812773376,-1.1856546240762396,0.049030419091209865
Tmem107,0.7609203515936396,-0.07432427805394504,0.4975861362465981
Tmem109,0.26989074209954467,0.25673945856188585,-0.16571734330911791
Tmem11,0.014193111682963888,0.13757376498935958,0.44166857392677183
Tmem115,0.15369901948180775,-0.014001501915750225,0.11604121008196078
Tmem117,-1.360601655520146,-0.3995386596602022,-1.2132348014456884
Tmem119,1.1438343529564639,-0.020676858719872886,1.3910758847311655
Tmem120a,0.30705818892131465,-0.10502578510018967,1.0051315022858205
Tmem120b,0.07258031475348936,0.12552986164249935,0.04317865597070991
Tmem121,0.3676090467030173,-0.5072756859806453,0.4227785102977224
Tmem123,1.233257433164379,0.36030399197065144,0.007661292865807745
Tmem125,-1.4395033877189698,0.7769323442959912,-1.2045300461101343
Tmem126a,0.024860193871177216,-0.07373825859676852,0.5170481405730518
Tmem126b,-0.44608361310677846,-0.6021609742544456,0.12550677226211437
Tmem127,-0.24338252938748361,-0.08059459760009968,-0.06907056917212007
Tmem128,-0.18733613023464812,-0.35528580476288063,0.18947236178442228
Tmem129,-0.4461272261723641,-0.22379553534055407,-0.07311410412530517
Tmem131,-0.16238890107357218,-0.11696777691753635,-0.4474791426755118
Tmem131l,-0.4280810437245046,-0.7425833618044049,0.319566624989041
Tmem132a,1.5864557579689,-0.32851660918673975,0.7392705076663733
Tmem132c,-0.7340952436358426,-1.9394762513289967,-0.27637965513381196
Tmem134,0.0864896666108379,-0.5369084997637827,0.15292394051345592
Tmem135,-1.10446928148089,0.047434377335268785,-1.006374908108505
Tmem138,0.23090378063008998,-0.44989649178251856,0.8589859464175187
Tmem139,0.06276447075794828,1.5750501464372555,-0.07495022114231092
Tmem140,0.4290893689327848,-0.2599475144455463,-0.26848800018556407
Tmem141,0.2951876341191748,-0.5083413067799616,-0.39942755332439184
Tmem143,-0.18893296563897355,-0.08313042528268166,-0.17906955736106012
Tmem144,-0.6993653464465042,0.06203344679827527,0.15933015934322992
Tmem147,-0.8279837289454335,-0.28368405119031337,-0.37078898544183225
Tmem14a,-0.9371231157878668,-1.1715866401980752,-0.4226198183653096
Tmem14c,-0.10400298518308215,-0.4475225223489607,-0.5659043370311538
Tmem150a,-0.35584867000499765,-0.41004161307862663,-0.5806888982692535
Tmem150c,-0.02638347420351307,-3.8150424786834987,0.039117648348620235
Tmem151a,-1.7482088251946122,0.2538573475329251,-2.250045937062067
Tmem158,-1.0022485076044152,-1.8107277707981089,2.0163788071184268
Tmem160,-0.7921061132261835,-0.35909674391851265,0.38889691247772884
Tmem161a,-0.1320745965656469,0.03256261529109672,0.7252851657762109
Tmem161b,-0.18732829096565018,0.2939108620629125,-0.7966180772164977
Tmem163,0.5817285544529277,-0.14884920100136145,-0.8414096462252245
Tmem164,-0.5223180249179462,-0.3657694923155148,-0.17746699583010006
Tmem165,-0.30485307515816107,-0.7259424667745806,-0.09950591359847039
Tmem167,-0.04642126186393902,0.042759685281806625,-0.0651626728691479
Tmem167b,-0.537071596836773,-0.2610180036069041,-0.6552203951022673
Tmem168,0.43367892441004496,0.4551933850215786,-0.6108345539162263
Tmem17,-1.70777226011116,0.1563018554544513,0.2575159301651728
Tmem170,-0.20852643032364382,-0.4790707297997958,-0.5009073036633511
Tmem170b,-0.622383594512244,-0.8010275674596223,-0.5783752594708309
Tmem171,-0.8974959050722466,1.1234423090709944,-0.4567550430830103
Tmem175,-0.6703058859051731,-0.8027938470810692,0.08417196496739932
Tmem176a,0.4230815734575559,0.14905778487306687,0.014861239919698122
Tmem176b,0.6019983415678585,0.3119374381775287,0.08043728693419183
Tmem177,-0.4953968864457843,-0.3961061525459444,0.19140370174924115
Tmem179,1.264224958220885,1.2166594002265698,0.1187211245154034
Tmem179b,-0.22837610651208262,-0.27024906075239885,-0.17833897320179304
Tmem18,-0.18113454454519662,-0.031048717273730375,-0.16588570959970417
Tmem181a,-1.2914783777935144,-1.0032240174695288,-0.5098903529320795
Tmem181b-ps,-0.2208578814829042,0.6760690134307323,0.7613671811572178
Tmem181c-ps,-0.9009727960882832,2.601396705464125,0.07302801535144592
Tmem183a,-0.020756632666218522,-0.3396718853866654,-0.3841782212415694
Tmem184a,-2.9500832552455916,0.15018855408927612,-0.5078080717872314
Tmem184b,0.40482005949296873,0.04368537266323447,0.1951520222683154
Tmem184c,-0.21621491348091748,0.10167798683858109,-0.2174301196341295
Tmem185a,0.09594239018423778,-0.2967175390376644,0.37903407116899857
Tmem185b,-0.046901017917299725,-0.5053899795046664,0.35274567567642023
Tmem186,-0.9658896527326428,-0.06668333346411348,-0.07379696661219981
Tmem19,-0.9148605078680863,-0.44889278747132444,-0.36382327419538063
Tmem190,-0.19811827099782364,0.09755523950654821,0.08154757561553727
Tmem191,-0.1691691615567984,-0.07637601442314773,0.4872059332074645
Tmem192,-0.10124486232416263,-0.4611684399839149,0.16895043719463398
Tmem198,0.28054432125705675,0.0533792275867348,0.1758742273808951
Tmem198b,0.437223530830813,-0.025078154285528953,0.05832596847488625
Tmem199,0.12628601392060546,0.5513772993215058,-0.25167225927365333
Tmem200a,1.0744773101286365,-0.18570229129969862,0.024531148932021535
Tmem201,0.6420189110954979,0.5745172505840701,0.794660659300181
Tmem203,-0.20949302912299939,-0.353053052029377,-0.2805704235914157
Tmem205,-0.8926898640982208,-0.7548585593808421,-0.5665521386787864
Tmem208,-0.4073025762759972,-0.26165020331417477,0.3844509768616522
Tmem209,0.6639516665447491,0.4922679357552395,-0.26896111744416196
Tmem212,-0.5966119107820834,1.0849019599375065,0.6096353288481939
Tmem214,0.1878083730180391,0.302688444933092,-0.13367163734077625
Tmem216,-0.32234415883302736,-0.2768734815402145,0.26963295082162375
Tmem218,0.34637793066375355,-1.0787076042229355,1.0772904799510459
Tmem219,-0.4960669007656655,-0.059865095333885954,-0.24801067634186502
Tmem220,-1.501125792249616,-0.4828440655972074,-1.0713296855127483
Tmem221,0.6945946552855897,-0.28285157797928007,0.43123246633830625
Tmem222,-0.06254056082051118,0.013849390615947144,0.919380713711277
Tmem223,-0.3902480747901871,-0.4181773755578364,0.36415441456887887
Tmem229b,-1.7041968208956086,-1.653351970120866,0.48293813998304613
Tmem230,-0.2266151216049579,-0.33362903380064424,0.6607023636395359
Tmem231,0.5719445943878059,-0.7123349561207655,0.3052959476372532
Tmem234,-0.11187223587061723,-0.3067950524973302,0.2932134867303642
Tmem236,-2.4891514147609404,-0.6003470190908882,-0.002418771015529217
Tmem237,0.516921568874686,-0.31164223049662176,0.21354261397653218
Tmem238,-0.30385905986671347,0.24730165959066142,0.3558632929259593
Tmem238l,0.15727086404509288,0.0,-2.5247463308377993
Tmem240,0.3996004605816956,-0.19995498123416278,1.453257109396228
Tmem241,-0.5915917852628816,-0.5396126282082756,-1.1935860427641938
Tmem242,0.019541458175657667,-0.10783813777786566,0.48728282830854663
Tmem243,2.2762076044150854,2.7159250980956053,-0.1243868990176411
Tmem245,-0.19466753919515867,0.8435680998579631,-0.5055908501487236
Tmem248,-0.32692018131043454,-0.16979747815032553,-0.15769642543526707
Tmem25,-1.0647867011383574,-0.5913289110396838,-0.15231100679179232
Tmem250-ps,0.12858786518764553,-0.46878834473224806,0.9366725853829774
Tmem252,0.6768372837500966,0.1427764840384393,-0.7649960129075197
Tmem253,-1.7475756792343762,-0.3374721516300485,-0.9014831612098944
Tmem256,-0.25561596412563414,-0.6969226723628541,0.554202293343506
Tmem258,-0.18234364198730724,-0.6325747896340745,0.1888891729844051
Tmem259,-0.5435618703965837,-0.2605594858002407,0.27944391934370927
Tmem260,0.041447774627898504,-0.25885248674209027,-0.8571537160013056
Tmem263,-0.23055990838312113,-0.2773023063955753,-0.016268773567452932
Tmem266,-0.9416978681094843,0.5965211180905171,-0.30020707372669775
Tmem267,0.003311796358433039,-0.32636870146057895,-0.5453370263795203
Tmem268,-0.7396705454131722,1.0087007035739877,0.24068107103157743
Tmem29,0.22622972985628964,-0.5153397650489104,0.31298861096356845
Tmem30a,0.03472807113646503,-0.005974193325047672,-0.6514176693240437
Tmem33,-0.6000662861890929,-0.24260713190138805,-0.7248090373056719
Tmem35b,-0.5179247013670396,-0.9415786985717134,0.2413681633651219
Tmem37,-1.6142269572415184,-0.13041197233601312,-0.5199827844651934
Tmem38a,0.4241312958446395,-0.4655184951584066,0.1130974066806183
Tmem38b,0.09193905144411607,-0.16077539075886804,-0.13070458701457222
Tmem39a,-0.27359345964620374,-0.12300179278157897,0.15280375613278618
Tmem39b,0.3326930413782918,0.24060385785399374,0.4880621364145674
Tmem41a,-1.8984036277150835,-0.8793937029733874,-0.9925317314155038
Tmem41b,-0.477005309410484,-0.1883756860175687,-0.6694400924074211
Tmem42,-0.07246210947642528,-0.0021041596849912247,0.10243055349008667
Tmem43,0.8021772938927372,0.6166643067198843,-0.6107285734297712
Tmem44,-0.059330139395041614,0.024666886960842294,-0.012548717122344621
Tmem45a,-1.4171530542304205,0.32667144142690213,0.11417939253548486
Tmem45b,-3.2521535117811946,-1.8535131644804772,-0.1783746278337766
Tmem50a,-0.13747560423478067,-0.24511015549797577,0.2746009332395234
Tmem50b,-0.9035953841588045,-0.21742470421353932,-0.5262456654808196
Tmem51,-1.3056596649869983,0.07214465388346758,-1.6899282678054828
Tmem53,0.15066547884378345,-0.4977470912206621,1.4500041794801508
Tmem59,-0.7795194933195644,-0.666090212564832,0.004030524088001641
Tmem60,-0.2841639020485962,-0.626236731311475,0.20638166213903908
Tmem62,-2.224131619404789,-0.24177871164961218,0.5518428946930833
Tmem63a,-0.5987744239668027,-0.2553441828968541,-0.6336099561384314
Tmem63b,-0.006649638586218032,-0.21979533537258433,0.03925737390192996
Tmem63c,0.011096371319966658,2.6321026177550566,0.0701311557461625
Tmem64,1.7706431413984487,0.04429273677397294,0.36142695432693817
Tmem65,0.5284684222212448,0.013924857609777241,0.7372029239112354
Tmem67,0.08985395917284578,-0.3078682775406385,0.6654152447663584
Tmem68,-0.1337378855683249,0.3702495050621146,-0.44366403050546666
Tmem69,-0.09536589921974992,0.15259496433597164,0.4148411909642946
Tmem70,-0.043728046526474884,-0.45215413895415857,0.6434139102962977
Tmem71,0.3727671009473963,0.3598792315716972,-0.23011593140440256
Tmem79,-0.5883945923171261,0.021037367166104826,-1.1351040652007593
Tmem80,0.04685520136564003,0.09050059724472526,0.4301545484816991
Tmem81,-0.39109214616214505,-0.22774049848302225,0.44778193934177546
Tmem86a,-1.2752526050757136,-1.0899654648816188,1.2742631841122232
Tmem86b,-0.07410521646945711,-0.22919698050036685,0.5499131563154245
Tmem87a,-0.2738979187312607,0.01107684727687186,-0.10351518295646667
Tmem87b,-0.23003438833047518,-0.08555751566071379,-0.281829592323783
Tmem88,0.06806959886024508,-1.149076799032811,0.04787143857977747
Tmem8b,0.32417887876847573,-0.21381658810179932,-0.06292728803008885
Tmem9,0.19141901768115765,-0.49355928460129217,0.22989274170922425
Tmem94,-0.24474535216731397,0.8305247657538786,-0.8067538683817244
Tmem95,0.8164150907864529,0.3772372672240387,1.2003915354834356
Tmem97,-0.08666350690025393,-0.24792566026065188,-0.6736618054267218
Tmem98,-1.1676819148154234,-0.6186385780118631,-1.3910430640287776
Tmem9b,-0.2443775406147859,0.12777999415455987,-0.28507279585502676
Tmf1,0.7104614963920612,0.35164946616439696,-0.1468705089318405
Tmie,-2.7159349994834443,-0.7922454134164951,-0.9890634837633268
Tmigd1,-4.508031388423122,-2.136660356997764,-1.9119444030829738
Tmod2,-0.012942640312641918,-0.37095467030363405,0.12348424009466297
Tmod3,-0.4208988834197651,0.19201007360662992,-0.875789975510922
Tmpo,0.38926591881421224,-0.0403708216370422,0.1932517193355885
Tmppe,-0.07979290791784566,0.45090185625001267,-0.7726919595410109
Tmprss11e,0.09123675783298682,1.7728314274829362,-0.3697589773193519
Tmprss2,-3.9944937829813547,-0.8071379043040832,-2.8141218999536446
Tmsb10,0.4898793447394425,-0.1805135589338338,-0.057330626678790964
Tmsb10b,0.4471244618309411,-0.15753876967841052,-0.06639632600944267
Tmsb4x,-0.3877485706285597,-0.6097123488883831,0.01954753898935202
Tmt1a,-2.222139331095958,-0.6232896962799686,-2.688473301284547
Tmt1b,-3.8975599057141874,-0.02484188465246362,-2.0013675073991926
Tmtc2,-1.6233221483237048,-0.08268374394590117,-1.114709584513358
Tmtc3,0.41660788158299233,0.27296084855481695,-0.40421521247250336
Tmtc4,-0.08534138074680264,-0.1618264457291243,-1.4464090930594686
Tmub1,-0.34880669509778617,-0.6095680607155551,0.21320810520521416
Tmub2,-0.5584906440778932,-0.3001675056063071,-0.06873841595872765
Tmx1,0.22089004514962252,-0.05501779734655887,-0.839705176230976
Tmx2,-0.3270148568101403,-0.08798774174864743,-0.36416880103764093
Tmx3,0.9367592467011585,0.18242500918227034,-0.13729925612789184
Tmx4,0.143183789063289,-0.4938903904567469,0.41362832929339977
Tnc,3.2225942387955255,2.5136494865175307,1.308677173626815
Tnfaip1,-0.3430865224623565,0.32591118029181665,-0.5825233182736884
Tnfaip2,1.343980421089059,-0.22417643950703336,0.10922552927452855
Tnfaip3,-0.5803249349250184,0.5065145269647129,-0.5344131938096526
Tnfaip8,0.6495149031196172,-0.3527200631302856,0.416251804509737
Tnfaip8l1,-0.7638290881334435,-0.07770162379865031,-0.20697267547999232
Tnfrsf10b,-0.6696343694354683,-0.6634331360551942,-1.0677361219971608
Tnfrsf11a,-2.2647525495574823,-0.1811354908135936,-1.8099092421200345
Tnfrsf11b,2.522999957047924,-0.32133712459783975,-0.05281056029826542
Tnfrsf12a,0.5467145557404791,0.44625633164486267,0.9779478262821124
Tnfrsf1a,-0.027261870066115357,-0.22287861407534848,0.0001669573006335412
Tnfrsf1b,0.6227987835807394,0.8654721226114939,0.7604621854887457
Tnfrsf21,-1.0589155155934993,-0.44888033619717316,-2.029759118062332
Tnfrsf22,1.098780831201224,-0.15073762611834685,0.37111550565518403
Tnfrsf23,1.2634876497377983,0.6735400717216189,0.03739163659853517
Tnfrsf26,0.10427121547706752,0.09645291502368175,0.5304400327605144
Tnfrsf4,0.3813689254915281,0.08424024064934271,0.032562282655471786
Tnfrsf9,0.18788766666109757,0.19359310954143383,3.391141097993449
Tnfsf12,1.1589829231998887,-0.6232932214612026,1.1824823397752602
Tnfsf13b,0.4846789319576319,-0.8152568585808269,0.13530902493043212
Tnfsf15,-2.888181825744485,0.2527936095150969,-0.2707298608487453
Tnfsf4,-1.361564372814749,0.08375124130435607,0.0
Tnfsf9,0.38005408855371403,0.021080224252852275,-0.7915615149957458
Tnip1,-0.9620361848167285,-0.08020362999670905,0.08471893463958402
Tnip2,0.6089139699318378,-0.3175502221856483,0.2503419440368564
Tnip3,-1.4651628694502055,2.102485205202223,-0.8217614117446956
Tnk2,-0.8903641290088915,0.4490505792936359,0.38847384168060906
Tnks,0.20121413800465238,0.36775172452776417,-0.1218653037175601
Tnks1bp1,-0.9641550296664905,0.4744653326616435,-0.3162412769034697
Tnks2,-0.13912681627002854,0.07218246665894323,-0.6998580523268982
Tnnc1,0.0121464783845881,-0.1636772599387426,0.5335909107002963
Tnni1,0.7382973936157576,0.4404849503843687,0.38050385497996275
Tnni2,-1.1223005734033742,0.8498304181023766,0.11660349122566682
Tnnt1,-1.7949155907730359,-0.8123058756336221,0.07174601397312363
Tnnt2,0.08113229220574159,0.6989443315153414,1.6189946976719805
Tnpo1,0.482635100154857,0.37300841818624164,-0.7179082266559034
Tnpo2,0.18599419606614376,0.0388679252939097,0.6312573324763617
Tnpo3,0.49372228758763015,0.6721622259493865,-0.6494929197112205
Tnr,0.762326842225249,0.3199481317508664,0.3564124662955896
Tnrc18,0.6181618695721092,-0.3987526309312903,0.16538873457607473
Tnrc6a,-0.004697007449517621,0.3432809927287126,0.21076802108207815
Tnrc6b,0.19465361603397024,-0.35707219694741,-0.26736198620619067
Tnrc6c,0.017713644913676774,0.08537783683758171,0.5197545371871817
Tns1,4.262861228601421,1.310373569711998,0.6245182581850521
Tns2,-0.19059636188146545,-0.1583259825958434,0.5429978531616664
Tns3,-0.5170700205497925,0.5153854995240934,0.23433007350532264
Tns4,-2.250851664399021,0.3242715382468262,-0.49717406369233963
Tnxb,1.1175834011722756,2.900625843250047,-3.8369407535450186
Tob1,-1.3521922987778012,-0.14742213210405808,-1.4715926034843747
Tob2,-0.17504766231981073,-0.4221214107528741,-0.21233067863882304
Toe1,0.09799215901041913,0.2180590233053672,0.817613840754416
Togaram1,0.40826067574071345,0.3388957136159112,-1.046334073973883
Tollip,-0.2529592581895548,0.516850781611323,-0.3309038848947967
Tom1,0.05079383424756312,0.2217186168850862,-0.16091188403844203
Tom1l1,-0.9445227077100826,-0.08760903349621074,-1.3778208237504446
Tom1l2,-0.41151216694469284,-0.09657664295562185,-0.5576752021999596
Tomm20,-0.09573750232776135,0.31044161764712186,0.1923763036647479
Tomm22,-0.07190294331355762,-0.16100648539397788,0.21517289194214317
Tomm34,0.13795927142112596,0.240765226613032,0.5337686760429436
Tomm40,-0.06188589900745978,0.26478012024739517,0.9515108196441773
Tomm40l,-0.08224352563089399,0.16227113496376333,-0.5974580177284885
Tomm5,-0.2579555044728572,0.01939353462108162,0.27543165578416406
Tomm7,-0.6509536093349642,-0.7217705183514678,0.2856194004061523
Tomm70a,-0.383388431159692,0.1959301322516085,0.007343251577032639
Tonsl,0.2554074853363808,0.3483963173914182,0.07973026042654219
Top1,0.15568028987309113,0.08635074454941716,-0.36464320222714175
Top1mt,0.2654483257643987,-0.0048377823874963255,-0.17050228504939202
Top2a,0.8843082948305732,0.22360373495673436,1.2403664678545203
Top2b,0.13743136082755925,-0.2500932601287822,-0.1771384427847602
Top3a,0.4372975733353095,0.494817983361191,0.2860258444923498
Top3b,-0.6232890360985737,-0.13754602012561268,0.5147701650704795
Topbp1,0.9098821847523073,0.1685220253545463,0.11523163519887802
Topors,0.4075224688970449,0.29276145655385655,0.3523153525389153
Tor1a,0.20610185967496175,-0.04362382159132139,0.3670435472254283
Tor1aip1,-0.04799372294299431,0.0921097714590795,-0.025612182222447544
Tor1aip2,-0.760741313635342,-0.18577750173772145,-0.384407106756381
Tor1b,0.5278295815121581,0.31320551652655837,1.0326044094413653
Tor2a,0.13462809640395434,-0.16326759260942758,0.653284789445804
Tor3a,-1.312589026613049,-0.7853501230055353,0.48093714580959634
Tor4a,-0.3582993268336283,-0.09516738089130872,-0.05866206052184886
Tox,-1.2009054437613935,-0.30517140584856384,-0.6689146498390969
Tox4,0.4470015917032981,0.4286739749205317,-0.5624291672848187
Tpbg,3.6513653010226013,-1.1106508654115395,3.179185650843202
Tpcn1,-1.4499763241163377,-0.545161921229429,-0.17614397704036389
Tpcn2,-0.6702131476027104,0.17529228433218558,0.7041109212516585
Tpd52,-0.7461179847828694,-0.4210604613606348,-0.9390933990375236
Tpd52-ps,-0.28696238930211704,0.11443518378543305,-0.5381381070958087
Tpd52l1,-0.9975384751682652,-1.0195196689716743,-0.5026544023271189
Tpd52l2,-0.1451214488557655,-0.2977562186923306,0.11906108036934793
Tpgs1,-0.3477620643212367,-0.430497945878372,0.6782977403892954
Tpgs2,0.4933870343234812,0.10375634665450661,0.7783351555420968
Tpi-rs10,0.3294165247433313,0.08536920596191305,-0.2461614147789003
Tpi-rs11,0.7998942224263297,-0.01933351386320803,-0.48833805675332487
Tpi1,1.0133662314630953,-0.4222746589344588,-0.5601399564363625
Tpk1,-0.9958645531163319,-0.8909462716427985,-1.6350688589669775
Tpm1,0.9720368240602006,-0.041172684035982954,0.6374693262212645
Tpm2,-0.8990599169556122,-0.08580980558757467,0.344656252734203
Tpm3,-0.20183001806529965,-0.09476496869246454,0.03654616129974997
Tpm3-rs7,-0.25419037840739334,-0.047279824810325444,0.0607918111720509
Tpm4,0.6104701223606774,0.10554542603281902,0.1684764805329415
Tpmt,-1.1273399073929409,-0.5254690833636846,-0.48587397341789007
Tpp1,-0.7246595860258012,-0.034333780901627975,-0.46045536609520443
Tpp2,0.187088226220391,-0.017411488904331307,0.06765800925368026
Tppp,-1.5091590427563282,0.3178295424120379,-0.29387268718925547
Tppp3,-0.5769785406197949,2.131679548428604,1.7336029459767939
Tpr,0.49769322558670304,0.007661060711835255,0.041605746927104725
Tpra1,-0.10227718473766778,-0.5535461218581981,0.1417128501834819
Tprg,-0.7261926504885716,-0.28745365632741615,1.0977982818444998
Tprgl,-0.32721444919596543,0.15817498180778866,-0.27390697409914555
Tprkb,0.47845987151040337,-0.07936255233719436,0.21584379447951818
Tprn,-0.5812928427814219,0.5134794647702456,-0.6808336706073455
Tpst1,1.0300540144577193,0.1233134063574779,0.4931284952155326
Tpst2,0.24696279994115944,0.5905778580181869,0.9873837061085444
Tpt1,0.08992451496797571,-0.2584336486714651,-0.21746343356286424
Tpt1-ps3,-0.09030812006646993,-0.24127746566048547,-0.20029540062638684
Tpt1-ps5,-0.21094372868208922,-0.16708062139922486,-0.11516037564607107
Tpt1-ps6,-0.12632898176908247,0.13073171444166798,-0.16883352451378375
Tpt1-ps7,-0.19612891245929598,0.020834934346693146,-0.2951701059888334
Tpx2,0.6975735373033993,0.035777673681575806,1.360866322078758
Tra2a,0.626473149701738,0.1433030368981063,0.24267771667976934
Tra2b,0.11240607352088716,-0.03154135240513778,0.4153327954902002
Trabd,-0.007894040832150395,-0.155894742803369,0.5402593475844419
Trac,-1.9241499882172932,-1.009018192328635,-0.6036027647983477
Tradd,-0.21536332123235624,-0.017942597785951975,0.26678765619560174
Traf1,2.8686987547560725,1.0498512065837202,2.7417334433171154
Traf2,0.312811139420913,0.014358790255512233,1.4999825388342067
Traf3,0.16040884183403925,0.05329439646837386,0.1840072090155953
Traf3ip1,0.2804076607095496,-0.49833534723141737,0.5052154981681718
Traf3ip2,-1.1783389833410691,-0.9228170229367612,-0.3073418654264488
Traf4,-0.8655277238244592,0.11313223874961054,-0.15673140605856517
Traf5,0.4680672032715699,-0.05723330272834615,0.2513502486428776
Traf6,0.006636811129667741,0.32649094762297803,-0.537462959162835
Traf7,0.3597045286517959,-0.02551851469656352,-0.23970538228839988
Trafd1,-0.32223091817450555,-0.9150142137898212,0.9174178320126818
Traip,0.8286261868588443,0.28168399745847683,0.9064428377458658
Trak1,0.9195034326250155,0.18792124021704382,0.5250281667542467
Trak2,-0.1012113274101587,0.25514802608361276,-0.3598258778506631
Tram1,0.07091274364341427,-0.12830145680463012,-0.4758204361851668
Tram2,0.7786164172783239,-0.021806020789661762,1.5808035767781647
Trap1,-0.6186556485503765,-0.2956988706212975,-0.009926965053331571
Trappc1,0.007976502419002607,-0.22203662920393263,0.03317376103846659
Trappc10,-0.19212193888233653,0.2278682868791888,-0.5856256874378456
Trappc11,-0.14136708695806277,0.1462054337030665,-0.3157842364108596
Trappc12,-0.35225661685324816,-0.41592160472048434,-0.6826993459133375
Trappc13,-0.037257677528429234,0.02847666514982805,-0.3308665569274378
Trappc14,0.5611646919210527,-0.7387624737623155,0.3550348210528229
Trappc2,0.2245886227385383,-0.5345227111278872,0.35655497783472256
Trappc2b,-0.24456191059913435,-0.6052846370744915,-0.09525008404191126
Trappc2l,-0.2639863039858339,-0.15818905428537455,0.06176043741921333
Trappc3,-0.23131272751118992,-0.21519482920584565,0.07346469865298477
Trappc4,0.4238272785767352,0.2013959100110725,-0.06867234662182486
Trappc5,0.10765578066923354,-0.15920035181161296,0.7623673716781134
Trappc6a,-0.15339006432103464,-0.4332824250615168,-0.16857158248455661
Trappc6b,0.12707547074336034,-0.13218031441769895,-0.06455736076269325
Trappc8,-0.3433962113263176,0.08725440270954898,-1.4746005953396928
Trappc9,-0.03866302130214816,-0.2523537451591267,-0.04422844756914035
Trdmt1,0.5024105280520432,-0.47057061429560454,1.1852945561796138
Trdv4,-0.8351399344245408,0.16838910602195978,-1.617063723743464
Trerf1,0.5668566093802556,-0.25870171859333624,0.7584017941643699
Trf,2.306299075747334,-0.585136795086883,-4.29610351351746
Triap1,-0.56973984567892,-0.3615089997920169,-0.2931821415833973
Trib1,-0.054280732500890494,1.2774166444925825,0.05518946460088525
Trib2,1.365216186934691,0.0,4.037933153286943
Trib3,-0.35299379156869115,0.24715460408104128,0.9746630589221548
Trim10,-0.30910465124654674,0.8046112030251517,0.036319479041338795
Trim11,-0.2168931639900178,0.09155541982709714,0.22122781975329353
Trim12a,-1.1836998770267757,0.13125400179553603,0.055637564835141706
Trim12c,-2.059767339750762,-0.10936114979834954,0.3992043515442848
Trim13,0.22113702880867558,0.15329832799462828,-0.3261678963883963
Trim14,-0.5611827990875027,-0.39632553513440794,-1.050748368380416
Trim15,-1.1291493312163705,0.3485811518042561,0.3779983091435851
Trim16,-0.031139627862835972,1.1119118596884237,-0.5467091317503279
Trim2,-1.5691256963772098,-0.6723028695168498,-0.4673767053383493
Trim21,-0.7957593161462566,-0.05961817978306916,-0.02559693819076969
Trim23,0.2999062994180228,-0.17272205431444831,-0.47436057039679946
Trim24,-0.10305049954132883,-0.2806587106445235,-0.4510170627648922
Trim25,-0.8165486374338915,0.2502170815263298,-0.9456850611106455
Trim26,-0.4704277235210155,0.17870307470560665,0.2212537926081879
Trim27,0.48942950100335736,0.18718562345256373,-0.12122951000633542
Trim28,0.29712604851765434,0.3519399935359484,-0.3700924939532566
Trim3,0.03305772414921293,-0.09356079609711188,0.5540391852771069
Trim30d,0.2812721049117672,0.053579547728055815,2.4573033675341
Trim31,-1.5852536409026767,-0.5180886766015644,-0.047253245647295855
Trim32,0.2474600456560383,-0.044885420500711426,0.5268022229329334
Trim33,-0.02908693412261787,-0.14748786019567373,-0.04977514398959215
Trim34a,-0.9250497019785225,-0.09870490303537541,-0.5185634728757711
Trim35,0.26921693727104756,0.4582841620215756,-0.6634789503842553
Trim36,0.17377525889293888,0.3399069653358999,-0.1940026295892197
Trim37,0.7309487719399757,0.24090922411770155,0.3796958443369105
Trim39,0.47345900815922315,-0.07507918356344101,0.5781314509035815
Trim40,-0.8851550852097105,0.0710360393394529,0.15093739640379766
Trim41,-0.0030277143554666708,0.12606480705570267,0.11711182679625143
Trim44,-1.1831685971783026,-0.27528587454013387,0.28290299286935117
Trim45,0.2139134847384887,-0.8673854676753678,1.048543829740856
Trim46,-0.07538503667490648,-0.6528146687008181,-0.4028467047615374
Trim47,0.6330668492970686,0.7149288152961297,-0.16716943107952087
Trim56,0.35196547545410617,-0.31713091708387786,0.2552863934239795
Trim59,0.6210329225544493,-0.09355791919367462,0.46947212160935337
Trim6,0.11273786821939669,0.23112491635182364,-0.6139370508446065
Trim65,-0.5826471461715026,0.40805072083540495,-0.9465453367144758
Trim68,-0.5351905663257961,-0.5241511314492713,0.03401707177798352
Trim7,0.14870357469565376,-0.22392386580212342,0.09723006941543799
Trim8,-0.21919977375965516,0.03659844883301666,0.04020135487275134
Trio,0.43696419258884767,-0.0040997344551536585,0.07645619070715348
Triobp,0.3202764590272622,-0.20931011442782577,-0.11127626192273965
Trip10,0.7182915852860079,0.05631339479989084,0.2901738877977964
Trip11,0.1952896874016492,0.40515250393385127,-1.01714442359419
Trip12,0.35436721308458186,0.10503069397332343,-0.21464535639185378
Trip13,0.9126297340168303,0.35276614138771123,0.6326585884821947
Trip4,0.35242423253128496,0.09830106904349822,0.14641424404100611
Trip6,2.132820142947553,-0.30262004331800707,0.2691391624571535
Trir,0.07226540454938757,-0.08889305319661922,0.761135655821005
Trit1,0.25037741522694157,0.5267869896683499,0.9028054354461021
Trmo,0.1983723001955786,0.6352845777668215,0.5496213062471362
Trmt1,-0.32595459860179155,0.24427285706938306,0.36065215016760277
Trmt10a,0.29657955710313644,0.3027300487808793,0.28636130326799547
Trmt10b,-0.3799660428298397,-0.047840432365097385,0.04400304847622216
Trmt10c,-0.39978164384936843,0.4729646131466563,0.1997413388470024
Trmt11,-0.008983211101638133,-0.04340784560859756,-0.06071865797296372
Trmt112,-0.1385549749407966,-0.13223758665023855,0.3311828820117313
Trmt112-ps1,-0.1688681589814457,0.18714981668717046,-0.11889962358919559
Trmt112-ps2,-0.07730950233607126,-0.12463431286677151,0.018607694429030208
Trmt12,-0.05247113602673048,-0.15404299311613912,0.5245849749389628
Trmt13,-0.39200529741709333,0.3517727593789328,0.2324875314167678
Trmt1l,-0.160375877251135,-0.4174153146041846,0.4348812124820629
Trmt2a,-0.5516067418187696,-0.08732107718218529,0.41937589652595975
Trmt2b,-0.43820309175391836,-0.5055498119559276,0.3340087408396304
Trmt44,-0.2554835836951588,-0.287625259612303,0.12028709958318284
Trmt5,0.2652916318234606,-0.12382297431262002,-0.06895532290749173
Trmt6,0.268920840027711,0.3866995524939041,0.11418778572877475
Trmt61a,0.5534567023956773,1.0290427235835047,0.5538424688731132
Trmt61b,0.4909575490285305,-0.033151156209857646,0.3119316885234793
Trmu,-0.2088524209265592,-0.5670421371130012,0.8136213477027443
Trnau1ap,0.10427847387210232,0.2961226345198682,0.5790318166842798
Trnp1,0.2672982910387549,0.8929863216606695,0.42471720109580235
Trnt1,0.25003252407512466,0.8430037934404675,-0.2664439059255246
Troap,1.1400722827533327,-0.16333036715064786,1.692381725412806
Trp53,0.20717493902860973,0.09698521326011544,0.489583766091771
Trp53-ps,0.014421057939838278,0.23031697678339652,0.34357695727890963
Trp53bp1,0.08063334643008524,-0.09906787000752271,-0.09917694046046144
Trp53bp2,-0.17914634877410496,-0.009541669428332789,0.016234269701831394
Trp53i11,0.0,0.0,-0.21905593283699298
Trp53i13,0.8161104980477059,-0.008603027036738986,0.8995727472062516
Trp53inp1,-1.635034658611565,-1.7847180516743788,-1.8243261345135289
Trp53inp2,-0.4181378816502628,-1.0310423755816225,-1.5959820678010805
Trp53rka,0.006915536269199052,-0.30555331351478454,0.5339745810741423
Trp53rkb,-0.12554487841517314,0.13080902087282853,0.9221841124601493
Trpa1,2.288252240292841,0.0029240074641077377,0.18047644653028247
Trpc1,0.4319119063676904,-0.08905870696277196,-1.1177812875203181
Trpc4ap,0.09429557702613156,-0.03527141752641949,0.2116666714846751
Trpm1,0.055733483444906584,0.42105925621570206,-0.9750441887220458
Trpm3,-0.38655606346047133,-0.07160978384321426,0.1629363023552361
Trpm4,-1.7457253631123018,-0.89815335686382,-0.9355527551461655
Trpm6,-0.36481291440340957,0.4436065445155961,2.434611601568564
Trpm7,0.1310987561087842,-0.0956469213783393,0.39676749354428154
Trps1,2.990645712382323,-0.11913240188566526,2.739250433254099
Trpt1,-0.5195051663711259,-0.435961871850314,0.25205561527475995
Trpv3,-1.3865073971690425,0.773750547744297,0.13329672416855168
Trpv4,1.9968775818916809,0.7116973360602843,0.5417167764337967
Trrap,1.4671389391678202,-0.5056254550770198,0.14274003304016336
Trub1,-0.4722814432309588,-0.2034847945209819,-0.26243532974927763
Trub2,0.03461828527969679,0.06661985294238537,0.4003634883285634
Tsc1,-0.19898801899763896,-0.03543026558796747,0.3524962456817846
Tsc2,0.46370765685664495,0.3226493643602062,0.30520154797128374
Tsc22d1,0.0224757086854126,-0.2788746122128174,-0.5346202404118792
Tsc22d2,0.084487180340723,0.7079952382581567,-0.07220332842484556
Tsc22d3,-0.8714878121601393,-0.6982124334290329,0.4721596997119928
Tsen15,0.3774333152990872,-0.45144807127572406,1.1894658667957598
Tsen2,-0.23956558946219175,0.32844394399414334,0.0939157509741726
Tsen34,0.04343720968314635,-0.1866849504842687,0.3897852297304141
Tsen54,0.0389350151118073,0.5615082158336504,0.0034028661649241343
Tsfm,-0.06938518650346204,0.13267227451301977,0.2802456064864369
Tsg101,0.10211718422658578,0.03074299014855253,-0.1270974450708513
Tsg101-ps,-0.009078754724247795,0.005787184123459799,-0.19604439617380276
Tsga10,-0.5269438662619279,-0.6182163251754764,-0.3272336423750992
Tshz1,1.0993543441754365,-0.25415040664586286,-0.5768693776362168
Tshz2,-0.6990548072593556,-1.4099959815666891,-1.1394902456475107
Tsku,0.2807016174889698,-0.03742653335536161,-1.289526571205018
Tsn,0.15196865708534535,-0.5733930947928538,-0.09881582829967339
Tsnax,-0.7267710954936097,-1.2282034305527176,0.16965643820905552
Tspan1,-2.7999139967340145,1.094000978458539,0.29397510048690756
Tspan11,0.5744549206066885,0.0,4.775656856935707
Tspan12,1.4069381964295091,-0.3324108636156921,0.03910911507083441
Tspan13,-2.1997575573561434,1.3750692712220225,-1.9698182646002698
Tspan14,-0.8244587859062626,0.19353969957089134,-0.5022866952764318
Tspan15,-2.0156291036499256,0.050169575245339715,-1.7415524643624076
Tspan17,0.7258479094330013,-0.66168654996634,-0.03543659253270004
Tspan2,-0.8494323661661936,0.3410285953794663,-1.259706208096428
Tspan3,1.1347041319004525,-0.2617436079847666,-0.32361068254281644
Tspan31,-0.21014127801103566,-0.08108236723249185,-0.6662928847667677
Tspan33,0.37384621554976294,-0.8070337053403815,-0.26445547409223746
Tspan4,0.1759556990456108,0.11535773947351124,0.12000021877135403
Tspan5,-0.2724362104712075,-0.38745563011464856,-0.43667546443723904
Tspan7,-1.2579482834466233,-1.0871555452194075,-1.543234106436648
Tspan8,-1.9789557380707246,-0.3582265259638113,-2.0439145646688246
Tspan9,-0.3178270722561889,0.2652903488204412,-0.3329879035821177
Tspo,-0.0439531921060059,-0.6807467676735719,0.332350907432188
Tspyl1,-0.6250218101109422,-0.6690339903315845,-0.2319833587464375
Tspyl2,1.181923583461281,0.12243904711036846,1.7962287047981609
Tsr1,0.26466764360959605,0.9888643693757944,-0.9658776273354137
Tsr2,0.393506555538373,-0.33640854190498537,1.6470221352646175
Tsr3,0.3852224261317172,-0.04677321783830024,0.8904383500404638
Tssc4,0.09884385008696661,0.5808134716558184,0.6868328954015803
Tssk6,-0.3578384187482871,-0.011194303021390462,-0.05270201577231837
Tst,0.28701950162193146,-0.3948111435617001,-0.2075622172594649
Tstd2,0.19645891378785407,0.393660142803689,-0.6441142550611572
Tstd3,-1.0505784983927757,-0.14858690784630246,0.7450808885828959
Ttbk1,0.7320774906886982,0.6576261990458357,0.06212431690275187
Ttbk2,0.0921119526305132,0.1245475234757838,0.39078627920485953
Ttc1,0.06861570749375279,0.00629671420395983,0.21382076809024309
Ttc12,-0.5356930375988734,-0.6350017187303025,0.6495670016976645
Ttc13,-0.04867329083212368,-0.18506930028782254,0.060800026806766994
Ttc14,0.48619178783478656,0.37367624441168257,0.6383818334294951
Ttc17,-0.4602143919462076,0.15404501312421282,-0.2906385403625382
Ttc19,-0.14996304450364217,0.05158541463497279,0.4323978199858365
Ttc21b,0.3449462081368031,-0.46154137226662684,-0.08379054780913986
Ttc23,-0.5132972682611183,-0.1886430766993592,-0.7187648064402961
Ttc27,0.014983294993689888,0.09330009256274163,-0.09398650624921867
Ttc28,0.9292120014134846,-0.9868117090231012,0.7834074851797599
Ttc3,0.41231623029336273,-0.06211251247755101,0.03632734240468238
Ttc32,-1.1825220678731854,-1.1469948529991068,-0.7475098073621682
Ttc33,-0.5525227173765166,-0.2914660145345218,-0.14143942246347452
Ttc38,-1.4042218602202619,-0.8834744050413357,-1.1699395188583481
Ttc39a,-0.6342237854775616,-0.9504410491352173,-0.8958308269474062
Ttc39b,-0.7540369977311023,0.6850081215382069,-0.11752340820520324
Ttc39c,0.8315229496938428,0.4477012095493942,4.181686810901587
Ttc4,0.089654971262914,0.1900903568286214,0.527516681982827
Ttc41,-0.11901045857096093,-0.26396676497175864,0.3351742510070114
Ttc5,-0.0970055364719089,-0.3188246230403333,-0.49594179767963276
Ttc7,0.4014219714573315,0.5985271799813594,0.1459715370438852
Ttc7b,-0.04203696852904848,0.4282395476948846,0.2114046079569576
Ttc8,0.7184749178583112,-1.074641752829471,1.2143044455529233
Ttc9,-0.9838304381349232,-0.250005102032159,0.3135880391414487
Ttc9c,0.039775280466660234,-0.17838494286620765,-0.6147281811631142
Ttf1,0.04071434174847921,-0.013998376809650104,-0.47302235527381686
Ttf2,0.11417802177503056,0.04778762649508561,0.33534472855865616
Tti1,-0.06218406273914745,0.05322166832550668,0.10102712710908612
Tti2,-0.1345888367992618,-0.07945306413377828,0.10069409860868017
Ttk,0.9152402445800973,-0.08874017799465772,0.9006910949512572
Ttl,0.4675988187935083,-0.4750883012012199,0.7056659498062521
Ttll1,-0.5425661596763378,-0.4575481840988447,0.12552890781800397
Ttll11,0.6692332063269857,0.10106392521951418,0.6401179579793695
Ttll12,0.20052309026597115,-0.21878508238758165,-0.03002805013295795
Ttll3,0.27943354006218435,0.49128588331837086,0.922609892261935
Ttll4,0.40816847153500024,0.13610915316983707,0.2496764144635435
Ttll5,-0.6749091772313465,-0.12882137735381605,0.4541081109788596
Ttll7,-0.19650554594199576,0.16146180076367056,-1.754521324462206
Ttpal,0.15684271279528073,0.32690211689813964,0.7599942238158324
Ttr,-2.7046470609358293,-0.33794361911089854,-2.4077432806091448
Ttyh2,-0.5707350032487915,-0.26490589646344276,-0.5291935682089939
Ttyh3,2.4556577003249664,-1.4173987873221785,0.44881732005148933
Tuba1a,1.5299776670826306,-1.9816574971425442,2.7422263525367185
Tuba1b,0.9536175031112837,-0.13418025274062018,1.2788117820564535
Tuba1c,0.9278078755765682,0.5152531464669696,0.8347620421314002
Tuba4a,0.004019633395035527,0.3826986259072207,-0.20476608316663203
Tubb2a,0.4773343313757321,0.10328017108612286,0.6556091203420769
Tubb2b,0.42771462162150264,-0.07252354107914805,-0.954236099930303
Tubb3,2.058559898088967,2.247111904361466,2.021657995391992
Tubb4a,0.3751889352769764,-0.7043591738486287,-0.548383765939854
Tubb4b,0.30610905540310185,0.2822175723632814,0.7813897508152907
Tubb4b-ps1,-0.2365688822629255,0.423803393993321,0.668644280810683
Tubb4b-ps2,-0.1815533464805268,0.22284033447414786,0.25131863071899485
Tubb5,0.9468300141976318,0.22511530641924615,1.2089829327654336
Tubb6,1.3440487234833087,0.2282752697100392,1.1648106293242293
Tubd1,-0.03722841015006262,-0.2186906714785124,-0.05960399948301154
Tube1,0.1532386268325605,-0.017742362197415762,0.5901400012946321
Tubg1,0.431993215918987,0.12444799712705645,0.6400588589154994
Tubg2,0.4231735983621082,0.1986290007985293,-0.10770429829002914
Tubgcp2,0.3879782475285136,0.10232521571773567,0.8878509703019697
Tubgcp3,0.4194786717146579,0.03178494821034761,0.24571288124534085
Tubgcp4,0.565471271465829,-0.01244405264803028,-0.4000185689411264
Tubgcp5,0.38410387769948695,0.25299362733068564,0.08881214140787064
Tubgcp6,0.38902049112823267,0.06084191919647708,-0.1952936392012976
Tufm,-0.11777876610816662,0.11414244656654482,-0.08918717651185037
Tuft1,-0.8890817543219427,-0.5830133606918277,-0.7042728914113878
Tug1,-0.29407899720165354,-0.08760025441252584,0.0020852283681760397
Tulp2,-1.5597719752274417,-0.292131359980055,-0.6703863209582821
Tulp3,1.2716322893832723,0.34414609875997204,0.26373179163694616
Tulp4,0.11049885652569102,0.10598093648956564,0.4497694375346777
Tusc1,0.7447859029918047,-0.8854320643251876,0.9773829924647759
Tusc2,-0.31888709647049485,-0.06827122604220293,-0.40336373144391224
Tut1,-0.26352809975626634,0.28805185242207987,-0.32612482061257086
Tut4,0.5727576655950797,0.17161127400857445,0.602359720957939
Tut7,-0.03185397074740681,0.24929252608477626,-0.9283339357958722
Tvp23b,-0.32917827278778233,0.04539937849966602,-0.8982564125073527
Twf1,-0.37054880038791094,-0.5354152792480447,-0.7688408703949934
Twf2,0.17572533169460058,-0.021057882395703942,0.9095424174091278
Twist1,2.9910632222738647,0.3584812425980095,0.022528271012221834
Twist2,2.047468032448888,-0.10203873221231656,2.6042787683818305
Twnk,-0.4736849749321408,-0.03797161520968029,-0.26248056240563766
Twsg1,0.6780193744992733,0.06362050457014501,-0.31720109632234816
Txlna,0.5695730770846961,0.5299437269231797,0.38825259709325977
Txlng,0.03862111638074328,-0.16048636494882285,0.1038045340834386
Txn-ps1,0.02772949815791559,-0.21379688293032506,-0.026218882437664237
Txn1,0.26870547993700455,-0.01379935462780324,0.6062040858552411
Txn2,-0.15952632381533505,-0.3937914295328051,0.25202775739299454
Txndc11,-0.46899644501373494,0.16854104099680445,0.17200032223020134
Txndc12,-0.11684624288774259,0.5174773687987946,0.015117484109254065
Txndc15,-0.013829327801699876,-0.35962618988532835,-0.02441903034824211
Txndc16,1.3421749924769188,-0.030476728974645706,0.3415116028300217
Txndc17,0.11403972575442634,-0.31292122406216194,0.12999798023595677
Txndc5,0.8012873411283135,0.1291164180722042,-0.17444872661184707
Txndc9,-0.10619898166035391,-0.28418421924072756,0.4624036161994489
Txnip,-0.9660150180991245,-0.380860563637234,-1.4203179380796458
Txnl1,0.31267093113882094,-0.22315212887109936,-0.4335336601940334
Txnl4a,0.4347149723655699,0.11280116930809925,0.05807479391078019
Txnl4b,-0.0995832550118414,-0.19546933615345452,0.5440287792501448
Txnrd1,-0.11989619953567399,0.3474225872474834,-0.49410848753484515
Txnrd2,-0.6242778524136168,-0.9947436533875056,0.5230457277802936
Txnrd3,0.4135326890890072,-0.004083815527192058,-0.6058295493976145
Tyk2,-0.8060080738380044,-0.22470010227577486,-0.4015387383190321
Tymp,-0.0978819724200698,-0.07119042140801102,0.4587033642001537
Tyms,0.43558916832947414,2.47061469318049,1.5574088226045721
Tyro3,1.903991974709069,-0.4571657648283258,1.5414006839445649
Tysnd1,-1.7825735436181191,-0.8144296721059092,0.026081476218475785
Tyw1,-0.5619544713541202,-0.43224517792776407,-0.03903442822759118
Tyw3,0.5753198003924547,-0.3716598823858017,0.6390535450020156
Tyw5,0.28040405222723797,-0.09157966021404063,0.5474082459638772
U2af1,0.23431794500118563,0.13339867100231206,0.4854430355601087
U2af2,0.38636853274401695,0.14291319255451107,0.7697526716377858
U2surp,0.204153101197746,0.016341685226086256,-0.5185995730840869
Uaca,-0.20821431903186927,-0.24807330367050273,0.8395739603493109
Uap1,-0.3473825810489375,-0.2375837799632361,0.022584801316467562
Uap1l1,-1.1807025200599837,-0.3399963067817895,-0.5728610067625581
Uba1,0.5972385594857297,-0.14041186298503838,0.5190896703140382
Uba2,0.4711471915626708,0.2855027038744131,0.07685303385855491
Uba3,0.6484583366102887,0.18814615581027283,-0.09556567195508325
Uba5,0.03136718815005146,-0.056735979177473084,0.10731341411957551
Uba52,-0.10169828526225322,-0.47168735851383525,0.07474242102167006
Uba52-ps,-0.27238650357153915,0.0919592669302578,0.39951606294883746
Uba52rt,-0.2322310858279466,-0.18826187427481678,0.7587657331288029
Uba6,-0.021547827385491658,0.48841857943640576,-0.3946336230865084
Uba7,-1.4258474739906781,-0.6265817319234886,-1.1494392599414003
Ubac1,0.27576614199411686,-0.18572206132944657,0.7739625520181743
Ubac2,0.444338078561314,-0.0866599876263825,-0.08841697464931819
Ubald1,-0.9860927030620248,-0.03098535662968871,0.5142571435587184
Ubald2,-0.05478720899011247,-0.5978428258347144,0.8810315037096332
Ubap1,-0.09744871350618922,0.13009734132513007,0.09778215690592695
Ubap2,0.2727207655897166,0.44053030747786703,0.32994027749412425
Ubap2l,-0.06845587540585285,-0.1734861463309727,-0.2021819563684355
Ubash3b,1.7683659540420673,0.5371635063675066,0.976404476786326
Ubb,0.08907358072239724,-0.2275267213464094,0.28210380065442564
Ubb-ps,0.055417483128060496,-0.24392982768755722,0.9377516585392272
Ubc,-0.39487834971864366,-1.2633344306309473,0.16730642082243463
Ube2a,0.35750738934807114,-0.42549758887765954,0.7060958413518534
Ube2b,-0.10971289327671396,-0.4443300613119794,0.07509075841311841
Ube2c,0.7495750529192424,-0.13737430607974943,1.1737561057635535
Ube2cbp,0.3260541289874661,0.19942914204340179,0.021566075323898204
Ube2d-ps,0.5604365145672934,0.27293768617991665,0.5048162074649971
Ube2d1,-0.03171408271283305,-0.5478600113308589,0.014211300145754002
Ube2d2a,0.03164647231649198,-0.48340541591129327,-0.4169181738129284
Ube2d3,-0.011981392322317319,-0.5229476719936983,-0.296162829621597
Ube2e1,0.4718691077054804,0.19140193725912358,-0.20828834153826126
Ube2e2,0.650233852675238,-0.24154995423878312,0.7017531085692243
Ube2e3,0.935441814947513,-0.26198217805944957,0.5465860022059452
Ube2f,-0.09502475498647733,-0.1290371431961317,0.4081556728454201
Ube2g1,-0.1852134251440214,-0.09507097044849999,-0.5100483298134026
Ube2g2,-0.2501912226500922,-0.29114787801722386,0.3100158369724051
Ube2h,-0.0031866614894981993,-0.6802093102828604,-1.0125810680183944
Ube2i,0.8481499119637617,0.028699055995691225,0.3492100257518018
Ube2j1,0.38419144915252446,0.12154414388308954,0.2849951738668963
Ube2j2,0.40237881471402037,0.30359284691261657,0.43695624477303063
Ube2k,-0.15230137601911586,-0.5689289830570603,0.306783059966218
Ube2l3,-0.7574331165032513,-0.05868493929183494,0.06408785933761507
Ube2l6,0.18450879930344222,-0.28911396854158045,1.7571096496617704
Ube2m,0.3136743805496742,0.2773780982187324,0.29123881261029094
Ube2n,0.13671541713474777,-0.1906521632354714,0.24494893699364972
Ube2n-ps1,0.16033146411143218,0.17772353689734244,-0.24477975696598409
Ube2o,0.6499124849747098,0.37695458434840745,0.15804179265966933
Ube2q1,-0.0794154990793805,-0.2599801129394228,0.24971063699619211
Ube2q2,0.15771963914108866,-0.7933053650716326,-1.0281373290619849
Ube2r2,0.11367340562256079,-0.21731028275933095,0.4229973274838885
Ube2s,0.35177835672121915,0.2316165597364801,0.7500790720203376
Ube2t,0.8178344485441218,-0.6653233480218748,1.2720189384647465
Ube2v2,-0.23982264597417924,0.2120292474384966,0.1864892890301686
Ube2w,-0.23980003472581757,-0.2907793301724624,0.47529913592713147
Ube2z,0.16587223870840617,0.16333123534924443,0.09768126423044698
Ube3a,0.2053561982023666,0.49972223605751775,-0.17011978758822632
Ube3b,-0.4320174958178029,-0.2797722508722513,0.15095397091000695
Ube3c,-0.18148886711670276,-0.1413666012978183,-0.32096733531690624
Ube4a,-0.27942539326277593,0.1485200983919377,-0.7647307459074639
Ube4b,0.015051419834302138,-0.019508685334677978,0.5001284221969247
Ubfd1,-0.10266543190275712,0.2672227519966208,-0.37678946037075
Ubiad1,0.12081754045841375,0.526914144473658,0.07318318434486937
Ubl3,0.8164795771155076,-0.36011144436336284,-0.18629178378490252
Ubl4a,0.3240869642466455,-0.06247475675498482,0.6531165641982044
Ubl5,0.03090325897636159,-0.677919353373067,0.21968686856514097
Ubl7,-0.03740388226520608,-0.30026919980399036,-0.04292906148586262
Ublcp1,-0.0020066612714808585,-0.10697775949622823,0.16761663938416138
Ubn1,-0.6051316814857239,0.17937765412449913,-0.04195858543647457
Ubn2,0.4997364535713027,0.6198403546219398,-0.4364661030743022
Ubox5,0.49664222517520473,0.379521340719839,0.5773821447709997
Ubp1,0.5604492340500249,0.0257777276426836,0.44707185397850413
Ubqln1,0.27922268733620115,0.2714655853780492,-0.5905502225154207
Ubqln2,0.8246782362562879,-0.38551909605039203,0.46580788631055015
Ubqln4,0.021789180513577477,-0.054784995360688704,-0.3259796359559015
Ubr1,-0.6642145804652664,0.13882431717090515,-0.5994969033426907
Ubr2,0.47831647701686464,0.27771134861665114,-0.07718797902729957
Ubr3,-0.34290109739990715,0.2212033948291774,-0.8358239941745005
Ubr4,0.4705472106857327,0.1916294147816746,0.008228111882192302
Ubr5,0.2337351992421981,0.1183900645759941,-0.21750666263819163
Ubr7,0.43282982463287656,-0.07977584164945206,-0.08857710524486695
Ubtd1,0.4194499640191478,-0.5558417641438398,1.0735374536266633
Ubtd2,0.7277194266523996,0.10963801632855352,-0.24467542970709788
Ubtf,0.24605941509734564,0.11516711795581713,0.43684146423755976
Ubxn1,-0.32856690675416367,-0.328810792363325,-0.08584076013919528
Ubxn11,0.5004109339341617,-0.019403829458835148,0.7647959494386648
Ubxn2a,0.1464459687260744,0.16834945686890812,-1.353329687577931
Ubxn2b,0.1571235237385764,0.022632847546436352,0.5264977968158644
Ubxn4,-0.4246406902781086,-0.29218817195505586,0.3073320988623518
Ubxn6,-0.3722540533381502,-0.2387071045723559,-0.6743609878300436
Ubxn7,-0.19220992625420408,-0.2810629692780884,-0.07355240151143594
Ubxn8,-0.5246004376811326,-0.03687254474115775,-0.235357320083164
Uchl1,2.263585146439092,-0.6161796032638847,0.5604816863197943
Uchl3,0.7219192005862514,0.23674734023671284,-0.023141866315645743
Uchl4,0.2734520792014526,0.4253903210002886,-0.0583698376720338
Uchl5,0.6761518168339196,-0.07687450279257302,0.8242952358947129
Uck1,0.03602918934308974,-0.24738383157473276,0.6935038142146093
Uck2,-0.02028409588318425,0.18853378394096154,0.22487941403444278
Uckl1,-0.39302719810767694,-0.012557018687432198,-0.5490431278923982
Ucp2,-1.7704268048502367,-0.8719289809269846,-1.5485772216718106
Uevld,-0.3734347246872636,-0.07984609650502517,-0.9081230728219962
Ufc1,-0.03822350081713566,-0.516250341654672,0.2601595261929326
Ufd1,-0.41498703983028573,0.10726490456616844,0.38698193922504576
Ufl1,0.20788617036825885,-0.1969263018522467,0.04872746604626155
Ufm1,-0.60333553347375,-0.21108978614151308,-0.09206630543270489
Ufsp1,0.4254747114625901,0.014768837220501485,0.11479448186624808
Ufsp2,0.21534776034957126,-0.28962222782338287,-0.018926376139075884
Ugcg,-0.04416837847707278,0.3331527507049925,-0.4521004730455713
Ugdh,-1.726993282133214,-0.9155929444827837,-1.8326697768498743
Uggt1,0.28649353082361007,0.17222638327612927,0.25330331861375033
Uggt2,0.22046116503662283,0.3555465272853957,0.0677398201469468
Ugp2,-0.9329166806052402,-0.09134624687423809,-0.927023034944634
Ugt1a7c,-3.2722216746691655,-0.38481762594704705,-3.493100515618709
Ugt2a3,-2.224058961399454,-1.1655999949967506,-0.8669490520978368
Ugt2b34,-3.6203560446977443,-1.4320517395373553,-6.179583609957887
Ugt2b35,-2.607555692230926,-1.9185366491304383,-4.486785119239364
Ugt2b36,-2.1511364934103914,-3.125890906791977,-2.3780447972474086
Uhmk1,-0.43054336755025435,0.17155609593597454,-1.0061407090664574
Uhrf1,1.1895486663682737,0.5323077123163138,0.6637922535818781
Uhrf2,-0.30453604399910184,-0.23563083155908693,-0.6904401146550265
Uimc1,0.32547723497052017,0.09141634970540746,-0.30398065805042407
Ulbp1,1.0020347019446982,0.21739483161500303,0.02665590632219983
Ulk1,-0.6959444811902831,-0.8226129808679765,0.09073227786490179
Ulk2,0.43988759761036134,-0.6278020410559324,-0.41907334762368187
Ulk3,0.005444578289498736,0.04156380403053861,0.2673700759611197
Ulk4,0.38501119880954215,0.0062274451908322925,0.49282537765292167
Umad1,0.22497071951268222,-0.16103519933897603,-1.0294334641228011
Umps,-0.6051541223317907,0.2718467465928116,0.3009973393585579
Unc119,0.4756756419919217,-0.9737196752311026,1.2284017514014183
Unc119b,-0.24008098047769533,-0.538126507347922,-0.3680327180682035
Unc13a,0.8986647444598432,-0.4154710256440439,0.4519687560440193
Unc13b,-2.2185164438017835,-0.06919316924900887,-1.8875846576521296
Unc13d,-0.21531551536137705,0.19647146503525814,-0.9283056803035601
Unc45a,-0.028971712387254378,0.31920468522171674,-0.3325532351813818
Unc50,-0.20751194615574775,-0.6011915532950081,-0.5572597598109388
Unc5b,-0.21582026029060053,0.7024850220143959,-0.4637848485522831
Unc5c,-3.704983251073376,-0.6176492929243063,-0.26323989302212447
Unc93b1,-0.565091610012392,-1.1899632013781596,-0.8885473108258578
Ung,0.298853260481895,-0.5306647363308246,0.5401467268672402
Unk,0.23501608554860898,-0.34752864091319946,0.5115535484706868
Unkl,0.49127446359630467,0.3395044053971845,-0.6286611938788342
Upf1,0.3508016554135098,0.27777816127463684,0.45668134504003
Upf2,0.21303072811130264,-0.1825561180807469,0.45494102280430937
Upf3a,0.17124795510078528,-0.17087458552282886,0.6368769843470137
Upf3b,0.38905462577529626,-0.705317731681177,0.7030302244422222
Upk1b,-0.4156715868964489,1.3391386245316874,0.46280514514446
Upk3b,0.6224947218889834,0.54274621541641,0.017393056338958893
Upk3bl,-0.4488282711080014,-1.32850650566799,-0.9066759954515557
Upp1,1.3491071275544462,1.8869811786981128,1.84409701553574
Upp2,-0.43634185757487387,-0.5385279360163611,0.4364058265456956
Uprt,0.4823140639456698,0.7448487262578674,-0.33368052840091655
Uqcc1,-0.13341140485697078,0.0717380215624317,0.12288314577041781
Uqcc2,0.4265276955345225,-0.2740422264671567,1.1591314132400656
Uqcc3,-0.7315932218598546,-0.4782646743691332,-0.11298713655762427
Uqcc4,-0.11532825589213047,0.07282091277526437,0.44656605622396217
Uqcc5,0.14143950176581743,-0.16854984039039245,0.40848053350150515
Uqcc6,-0.5027652655657717,-0.8899650154186998,0.3201569268354354
Uqcr10,-0.5175391021920888,-0.1809989585982006,0.5604361089041721
Uqcr11,-0.6229831205980796,-0.4653714163246896,0.34214405735679065
Uqcrb,0.005625792921424733,-0.4356191784897998,-0.201694211676835
Uqcrc1,0.1941566284004157,-0.1966689936380508,0.17818013600610705
Uqcrc2,-0.1739462017442701,0.14509309586640828,-0.5540021022418173
Uqcrfs1,-0.2362173855194225,-0.2769040475573137,-0.5903053663149054
Uqcrh,-0.2236874865601779,-0.2547332908691988,0.1597478766193987
Uqcrq,-0.2842747942019521,-0.0135976345885922,0.7014529226885884
Urah,-0.4056174971507283,-0.43965027326728856,-0.35135210723581933
Urb1,-0.11373750548428863,0.9491670305511279,0.22628326184289094
Urb2,0.33197158622594714,0.9750038089811452,-0.5439454635423981
Urgcp,-0.033190542922035604,0.5397317302243607,-0.1778845185430935
Uri1,0.4413223623249838,-0.09845216881317498,-0.08792241207666684
Urm1,0.04820469460209509,-0.09939939150996757,0.7135924701536176
Urod,-0.5570601020805483,-0.20704649202074243,0.16065892085802957
Uros,-0.14037991914730874,0.22076280741556475,0.14344231708467703
Usb1,-0.07555774151267336,0.01224481038213554,0.6470844827419127
Use1,-0.22683207554686824,-0.056336362482802826,0.1959773893706238
Usf1,-0.11062538221887586,-0.5973708083472493,0.6178709952163661
Usf2,0.1824457926487737,-0.013787553119048113,0.174635942713806
Usf3,-0.6315776568291653,-0.04544017830923419,-0.2616143050076376
Ush1g,0.04768023016551533,0.849416069657865,-2.148225515244166
Uso1,-0.16115205669473998,0.24088048872860135,0.12697217510148207
Usp1,0.7581802441966454,0.4417387359709535,0.30466806846452243
Usp10,0.15102506302810514,0.21852397019927583,-0.34967019012607636
Usp11,2.132986773918159,-0.6786571554976537,1.937159787421137
Usp12,0.3081778431530289,-0.06435361516023708,-0.6411005259193381
Usp14,0.3392243513374815,0.05364010808367681,-0.6639069993308624
Usp15,0.20099599756057263,0.234183172334685,-0.027630795331137215
Usp16,-0.3953557109676007,0.3757687510247827,-0.4871269585775435
Usp17la,0.7921925140451332,0.3216101631079164,2.9129389295480426
Usp19,0.0013658768661866105,-0.1669382003789961,-0.2050971122262002
Usp20,-0.35618063369428743,-0.5439563460878976,0.15478953093647085
Usp21,0.44989844990048145,-0.37414990936482795,0.5241988258697861
Usp22,0.12699892668520896,-0.06808262229610484,-0.26152040696600665
Usp24,0.23219853725394657,0.47812992753825423,-0.37357088201452804
Usp25,-0.6466550371844964,-0.10013025853070534,-0.8288513172763521
Usp27x,0.4064384643552219,0.21285317072432086,1.503829099682407
Usp28,0.6906895044709804,-0.33283157329621993,0.29349376283794637
Usp29,1.8759360178975744,0.0,-0.5741706208823378
Usp3,-0.5060004811805943,-0.20224245606449553,-0.6229692301660128
Usp30,-0.22147054100768315,-0.39763104768076296,0.18878495695288766
Usp31,0.4275643258138446,0.7548819186363209,-0.24869841257955017
Usp32,-0.0998870087761583,-0.03642623342856499,-0.5446370190462027
Usp33,-0.2134456203815196,-0.1154568444294295,-0.6769743670117543
Usp34,0.13606771997713896,0.3606632548588973,-0.46306288326517286
Usp35,-0.04485162110743923,-0.6848265187579532,-0.07608314309292474
Usp36,0.24248065712299383,0.7597345799409156,0.44603390201372406
Usp37,0.2932856250233016,0.252818422239816,0.29744760677870374
Usp38,-0.011403822242375128,0.4226121437023913,-0.23196945853759043
Usp39,0.9919439634204652,0.7006570837067638,-0.5424154785236404
Usp4,0.19760590179016724,-0.007385290134860334,-0.2206335310074019
Usp40,-0.09887747981395822,-0.05690810588489548,-0.3402879929215885
Usp42,1.5953492280971555,0.044891380989129814,-0.014236021918372366
Usp43,1.099241640049542,0.047839255016587146,1.116711755451726
Usp45,0.47424915268568935,-0.018121394894451193,-0.0403896446057086
Usp46,-0.6738735740759445,-0.0024160682550906643,-0.9837336495964903
Usp47,0.22269804534934323,0.23677539406360992,0.12520433707079714
Usp48,0.012146122614273835,0.05601575473368303,0.5374992033407704
Usp49,0.16338262471222675,-0.2007465281489882,0.42510065087417703
Usp5,0.7096240548376516,0.23155371123530788,-0.2866216399822532
Usp53,-0.6643910787056369,-0.06526270804189682,-0.8928848398757232
Usp54,-0.2839783019183071,0.0036785813451758465,-0.01573126587873519
Usp6nl,-0.1689912453788791,0.1805268961217008,-0.035927618894387336
Usp7,-0.29906157925082155,0.042264354938948756,-0.12473059001858733
Usp8,0.07350049520521651,-0.0851232640387245,-0.09907972280002753
Usp9x,0.49957014117271115,0.3138581001603953,-0.42805740839301354
Uspl1,0.8932037726694579,-0.09679274935827653,0.15019426858616303
Utp11,-0.18650130752988314,0.14169847786059186,0.46832770767753296
Utp14a,-0.1753344951921454,0.13076247953927211,-0.16785904378190963
Utp14b,-0.7739619376108751,-0.5396378997766904,-0.7867433413739691
Utp15,0.3298077942399731,0.4924150946669412,-0.3782643976723259
Utp18,0.419904922883088,0.7430655438366243,-0.03565699801427247
Utp20,0.23290122241160116,0.7171292200774833,0.2816077486358246
Utp23,0.30137309050753514,0.0015677693290818695,0.00034643709129067446
Utp25,0.17077500515782162,0.32327141324113384,0.44048903941564976
Utp3,-0.07722628880857041,0.22712163787552697,0.5791741672443189
Utp4,0.5091571625762317,0.9038462781049263,0.5195729766536408
Utp6,0.19425204891932868,0.5356931043528759,0.3522104898284848
Utrn,-0.4642158853994154,-0.07644733992895958,-0.5021071747484207
Uvrag,0.36338718727360053,0.3542239024454279,0.2723731715346922
Uvssa,-0.646962181268862,-0.7285663547989985,-0.7241154763270945
Uxs1,0.2587398654935926,-0.3492070414085058,0.70742135896778
Uxt,-0.04861975859649004,-0.5927602863319446,0.7209194647588162
Vac14,-0.061150170573871954,0.1792602116287556,-0.25447663893551464
Vamp1,-0.23144771993645108,0.23848249281902412,-0.6020892746101079
Vamp2,0.5371688232816276,0.11583925484824764,0.5821875537976346
Vamp3,-0.0734525589085342,0.2815242839407759,0.037766217619960685
Vamp4,0.3091578807809112,-0.8020566264310278,-0.1492479383643861
Vamp5,0.6155540998313178,-0.12143688048349777,0.2650737329336703
Vamp8,-0.7162142856820921,-0.11886919350982694,-0.8116548006521311
Vangl1,0.020426051214510466,-0.02557748428632589,0.05286831628439881
Vangl2,-0.04439970241082501,-1.1815517859251816,1.5035768106242937
Vapa,-0.024987233541295062,-0.1875718074608823,0.045564904911501
Vapb,-0.2825458539930237,-0.1928505025229743,-0.4403530775463089
Vars,0.6299587973897545,0.10749656260252571,0.48335765404839925
Vars2,-0.4865838159438587,-0.2494751043547101,-0.5432259495620748
Vash2,1.0713068923059836,-0.36053627674572697,-0.06563734066394611
Vasn,-0.5987473337538454,-1.4639150628013824,2.3717869999338435
Vasp,-0.39300322320900527,0.23454709949698493,-0.5364308163583811
Vat1,-0.19226009272053002,0.057953910745768056,-0.08759303991919243
Vav2,-0.7298143833367439,-0.34431114676481656,0.2856312385460136
Vav3,0.7850261313073714,-0.11531541011089352,0.8554543698960274
Vax2,1.8782396870115687,0.028748778873072926,0.06354131451626518
Vbp1,0.4754077885052146,-0.39254410068860945,0.6204114088786294
Vcam1,0.554542286308072,-0.3737156906773125,-1.7880566976464243
Vcan,2.0474959727727353,-0.2497817314973203,0.317710993804866
Vcl,0.35233055881059894,1.04289926263231,-1.9508935950256765
Vcp,0.08271147690818736,0.16317415536463287,0.3959202635701047
Vcp-rs,-0.1594059261378864,0.16861938589596415,0.316023306184277
Vcpip1,0.04597234487119106,-0.19773599861047852,-0.302742389744342
Vcpkmt,0.4218234140926369,-0.0014078580977541222,0.17557175244817547
Vdac1,0.1380834401157962,0.10156657682736281,-0.18624992875496282
Vdac2,-0.0839544612889398,0.08481739378941278,-0.5591874474514977
Vdac3,0.005330322604534032,-0.19362794072924938,0.7739209730639001
Vdac3-ps1,-0.10951827883136156,-0.011101331774902912,0.07694174645845808
Vdr,1.6722408159726803,0.03115268534384058,-0.035980951280685014
Vegfa,0.4687720157875548,0.5502848316059925,0.2411510445927867
Vegfb,0.17793726346256022,-0.5571824807629326,-0.12844426712366985
Vegfc,1.367649559914505,-0.04132245364118159,2.25455411372714
Vegfd,0.02139162702393138,0.38223357232181854,1.1983444834564874
Vezf1,0.3284105115630598,0.5883753088645411,-0.5070420135799774
Vezt,-0.02896018977799475,-0.5058527104905446,-0.15768148795353643
Vgf,2.4279216509089125,0.24600487720719183,1.2387655616503843
Vgll4,-0.0223402368491179,-0.09726786262580944,-0.32231344980472354
Vhl,0.4820646018849848,0.10897804357495833,0.12495924781256207
Vil1,-3.350770855429481,-2.0409539951392777,-2.216693506692729
Vill,0.10206084552540418,-0.45217326787386547,-0.7943396115005905
Vim,0.7904334716788508,0.16741127153732727,0.7723157378961822
Vip,-1.9430915107105502,-0.3804874752063905,0.09417422551701878
Vipas39,-0.32942128700016937,-0.40332989939038466,-0.8760672853698948
Vipr1,-0.6053632533545179,0.1415728039502933,0.10596822855269508
Virma,0.26970531110124707,0.3537906195154381,-0.08882257672603977
Vkorc1l1,-0.2734602318223738,-0.17892604636056042,-0.22563810912216642
Vldlr,-1.1037353172174988,-1.7451208851698836,-0.443691998193545
Vma21,0.21980328752744427,-0.2551798269662138,0.35650712299353593
Vmac,-0.2147510443683922,-1.1102775643956053,0.3014728243958178
Vmn2r78,-0.5008329520815809,0.7639241711149718,-0.005736913315087411
Vmn2r79,-0.2375383432290179,1.1124339172078535,-0.26202866079268217
Vmp1,-0.7106002457471163,-0.28255791588511503,0.6861453336121484
Vnn1,-2.342030269903268,-0.8878745892713802,-3.637383726479473
Vnn3,-0.8330140933158605,0.0022465658162757265,-2.22142607340919
Vopp1,0.28728267584978884,0.38158803625386906,-0.9236646818347367
Vps11,0.17676480246824156,-0.16768963282855953,-0.10657135833986064
Vps13a,-0.2662747531332732,0.19483147077491836,-0.9147040408863312
Vps13b,-0.15329163819729086,0.17198945636165153,-0.8657662186757218
Vps13c,0.030649708720372537,0.5504249163416031,-0.8623509083441734
Vps13d,-0.6347956677719457,-0.1406263149433098,-0.9255277576253338
Vps16,-0.10733254892494326,-0.10251129072040044,0.027028779979479722
Vps18,-0.5233217844644651,-0.25353524183897935,-0.1295057244209401
Vps26a,-0.33922872001294113,-0.18492473915512964,-0.06125630047985098
Vps26b,0.3527802889966605,0.052752865732648146,-0.37255727564530616
Vps26c,-0.6083330441510322,-0.0070180180576144835,0.06524021126796331
Vps28,-0.4744669987617778,-0.4789331568165496,-0.10270403092752378
Vps29,-0.4124023390045277,-0.6859795976225644,0.1552456626233134
Vps33a,-0.38419493780480973,-0.2209972345448552,-0.44660595879108644
Vps33b,-0.5574274434775024,0.5758704820528284,-0.4415880409292532
Vps35,0.016267882744745776,0.025006523213098042,-0.36197514914908524
Vps35l,-0.2835038730756585,-0.04256536405337208,-0.4790981522173752
Vps36,0.06377036583126561,0.31836615744719854,0.23469766104641732
Vps37a,-0.002042251774575732,0.20849729516672078,0.23968141153202183
Vps37b,-0.3365853117712687,0.21111399498971384,-0.4098392896832319
Vps37c,-0.07944873851223644,-0.11547755101068091,-0.04454223959423764
Vps37d,1.0198033968158335,-0.7669959456079806,2.4930676353955343
Vps39,-0.3932573240595101,0.026034735647933793,0.13119525223319783
Vps41,-0.46107329001183217,-0.28848357607907094,-0.7897076346000587
Vps45,-0.5351780588362844,-0.2695432805502582,0.21978283512665087
Vps4a,0.3012368837096844,0.252613973713391,0.5156439073111434
Vps4b,-0.3304898156181517,-0.17115641657159486,-0.8829476975280919
Vps50,0.05124825641375175,0.48519990622445874,-0.3666913445072906
Vps51,-0.4812345690455091,-0.4745123348689031,-0.3046373644121507
Vps52,0.12936843205073867,0.09727553666248578,-0.028059235105660107
Vps53,-0.6151438384834176,0.2838269575313168,-0.45095557946217113
Vps54,-0.329983983366005,0.2183099506378685,-0.18943662084081758
Vps72,-0.39110656626149076,-0.4424328546414209,0.7219753237409439
Vps8,-1.1318770178961017,0.23670533674367444,0.11545502646043548
Vps9d1,0.13849053684908075,-0.1846780134262791,0.5800643941799555
Vrk1,0.38929545202409255,0.11178208466452766,0.45154324382250266
Vrk2,0.6970984494496526,-0.00034220561948794526,0.44952170406072245
Vrk3,-0.6324184095043668,-0.3555538305664898,-0.5421311914832767
Vsig1,-0.36713967018168336,-0.015800109165712506,-3.2008480338029592
Vsig10,-0.3657703046141698,-0.6933086619840121,-0.1695767581259302
Vsig10l,-0.18228314550367186,-0.232780384070707,0.42271659034003123
Vstm2l,-1.4610842486749034,3.4786791946562188,0.15654429385324195
Vstm5,-1.3763535624805598,0.49836887351931924,-1.347888992331285
Vta1,0.05206048610152969,-0.07617017333938758,0.36551168592038863
Vtcn1,-0.5064919669472058,0.5717249333296242,0.27398031387362165
Vti1a,-0.4829728907366091,0.22648039093898298,-1.0365815684194457
Vti1b,-0.06462888651173415,-0.10181124973572597,-0.6173676884417478
Vwa1,0.7705557275037318,0.583868135107877,-0.7766769234888078
Vwa5a,-0.7576828503864537,-1.4275194731788519,0.2900527470898524
Vwa7,-0.7694462714193272,0.8887171541233607,-0.1706683840355926
Vwa8,-0.00045731110787272655,-0.21480503818884333,0.3148883484143523
Vwf,-1.6337133882124573,3.322003547101055,0.9461404122108794
Wac,0.052061336818003845,0.11935877309977805,-0.7944186001881866
Wapl,0.3471597977976133,0.44200824417696793,-0.7060453440693877
Wars1,-0.5746920975444096,-0.008220614805822812,-0.4780665549048919
Wars2,-0.8080710817120482,-0.7816905425524001,-0.9141561218189156
Wasf1,0.31501019548178455,-0.7284477583175306,1.1594002320159111
Wasf2,0.32091508449599804,0.5318874264017159,0.07683829088337024
Washc1,-0.1793929435487147,-0.4333642915621496,0.7528342257233431
Washc2,0.19782604654794245,0.3017553063560374,-0.8187301585274227
Washc3,-0.7751095157153491,-0.5980401247034006,0.39606840017764
Washc4,-0.11438145235189001,0.03768796081556225,-0.703514710757779
Washc5,-0.04185327109283943,-0.19419433334851277,0.22925079529884584
Wasl,-0.4101365716208827,-0.017754683711042496,-0.8676939938270625
Wbp1,0.4910225883958823,-0.41506950710170454,-0.4590237631963845
Wbp11,0.5130475646642685,0.3979819896104404,0.08176612681333939
Wbp1l,-0.7567629811991017,-0.4133474402414361,-0.9293978194446506
Wbp2,-0.5000899048558081,-0.4407091279396598,-0.43489012446393804
Wbp4,0.5439402163541223,0.1795237577754767,-0.11901393822656203
Wdcp,0.24333556049357785,-0.2983726106043574,-0.25227502132839774
Wdfy1,-0.12108567118554947,1.4230293193181727,0.7967724520879935
Wdfy2,-0.2648374138122076,-0.11168579797793887,0.045413037998811134
Wdfy3,-0.06760378582027471,-0.31563115598243474,-0.19359870606304863
Wdhd1,0.97194316794215,0.1646409618522604,0.47299616693511704
Wdpcp,0.17251101795884916,-0.26932812983873433,0.518681749262007
Wdr1,-0.6032235699344568,-0.04473930443182894,-0.18797317716180384
Wdr11,-0.49089110230097166,-0.1424419811599087,-0.44732633274548395
Wdr12,0.15690895022942186,0.0863766478346859,0.23196493280034325
Wdr13,-0.47315273874679864,-0.7455829162053376,-0.028359923892772976
Wdr18,-0.25472545086945075,0.19412210578840305,0.4483392708434133
Wdr19,-0.20527176814084447,-1.0951861738340956,0.40711717046981066
Wdr20,-0.007206968900570487,-0.15273356486736667,-0.593672035024432
Wdr24,-0.34489363416088725,-0.05390276566143104,-0.3152320218664624
Wdr25,-0.1743801514522787,-0.5755768427055947,-0.021616003737596756
Wdr26,-0.21160460934108372,-0.21433905200162062,-0.48865035596336526
Wdr27,0.028778317493941885,-0.5403186075592687,0.5008395289835965
Wdr3,0.19160374733076324,0.40203607856987755,-0.038850006935993164
Wdr31,-0.455787318420822,-0.36288854530707426,0.7705572689421902
Wdr33,0.11877349889282485,0.06749686327973148,-0.4340587839326391
Wdr35,0.05981703112214909,-0.17440588442354787,-0.2231319527658595
Wdr36,0.33288200345623853,0.22822864509041008,-0.5374106970833488
Wdr37,0.013615347553123769,-0.44737941960705196,-0.5713947843999372
Wdr4,0.5549960816669106,0.34081197841890365,0.4063175548435156
Wdr41,0.22269470126352564,0.12257451978756118,-0.4272720057071213
Wdr43,0.5990037811778182,0.543071505307716,0.43968843305565564
Wdr44,0.6907225475047132,-0.028786023591373056,-0.47829401295631824
Wdr45,-0.6028255336665325,-0.7421868022683107,1.256976238506104
Wdr45b,0.17853825919164024,-0.0009946344004170271,-0.022363054421260742
Wdr46,0.28448607624497946,0.4627926558159068,0.25033107231065443
Wdr47,0.06720703501080783,-0.4505833062847042,0.38508289299834564
Wdr48,0.06826786820618747,0.0893819550162176,-0.5531230705512549
Wdr5,0.39553395192960217,0.2504825046331822,0.4239469865036831
Wdr53,-0.8171467861929185,-0.051174780586382695,0.3056608042286433
Wdr54,0.5240557634405891,0.04007011968325225,0.4129566626492043
Wdr55,0.003283983176306293,0.3321489165665943,-0.42439596054577056
Wdr59,-0.12646106361641696,-0.12492771297179495,0.14863251951710055
Wdr5b,-0.7722630110745885,-0.3792566558124548,0.6342471532421607
Wdr6,0.8335841621923894,-0.5975771193646437,-0.6065955477269709
Wdr62,0.687559408967144,0.10985370062289856,0.01632393334048876
Wdr7,-0.6334188790639259,0.03534408450003079,-1.552767917960717
Wdr70,0.4102701779882416,-0.1048102140506586,0.5459463869432142
Wdr72,-0.3329312660668855,-0.778960974556217,0.5375152120358826
Wdr73,-0.1079262236595886,0.33782680852416647,0.019044504847840926
Wdr74,0.035412574759618565,0.3552438878541828,0.25868965133508404
Wdr75,0.32638861845350053,0.1826786862079688,0.3131938158344809
Wdr76,0.4825113797986553,0.4662058736365209,-0.38048740149218396
Wdr77,-0.2922982478798195,-0.386160699724452,0.46532083363459353
Wdr81,-0.681634429708236,-0.1910481716663872,-0.42043653089338395
Wdr82,0.48802314143617664,-0.02734626753531888,-0.013392574557566483
Wdr83,-0.5158897402681157,-0.23128561890046928,0.2358648039932083
Wdr83os,-0.02997387210014324,-0.09138872613451543,0.8075115889380786
Wdr89,-0.03911983056132584,0.05442083631387007,-0.1637661914260251
Wdr90,0.8511617419067847,0.06402805004427004,0.710491228300965
Wdr91,1.0955321746819107,0.2398264187525858,-0.08314602473297583
Wdr97,-0.08614966869643792,0.08237753022635919,0.6965119967225226
Wdsub1,-0.19751614364503034,-0.8833170875294551,0.29402411129919503
Wdtc1,-0.1112502947366174,0.4006401741652805,0.3647337972801772
Wee1,0.3710211689011196,0.45993084588848276,-0.024022532808291253
Wfdc1,-1.7854983084904354,3.728809309418448,-0.15815779229701346
Wfdc2,-1.8437379272482914,-0.5965827763758895,-0.7701606911025376
Wfikkn1,0.2268418907729003,0.10541334462902918,0.6897001942083266
Wfs1,-0.6049356018511753,0.030008671155032474,0.4423910791025518
Whamm,-0.4315155438927287,0.04076369581934847,0.2027804456317277
Whrn,1.072488368776337,0.24197429071791765,2.4118420941461363
Wincr1,0.5834699195563311,-0.07204045752568033,1.3720209516619066
Wipf1,0.9402599335822144,1.3793958955038819,3.780708873759518
Wipf2,-0.197467138450107,0.27850296348559667,-0.41352329713645375
Wipi1,0.034872322242035736,0.0577582967860204,0.6651411296198333
Wipi2,1.0213660593991039,-0.5962415119746289,0.637178874045925
Wiz,0.4080435156867974,0.19874960943824682,0.48552846166894525
Wls,0.2996282828873742,-0.36703866745972835,0.5063373085781873
Wnk1,1.1320981976938738,0.542717315944909,0.03712038158839448
Wnk2,0.0,2.75338140618433,0.16568744210983025
Wnk4,-2.250298278964415,-0.879974105627694,-2.9333893706862217
Wnt10a,1.7324829636890122,1.3302328999753579,2.678091634293635
Wnt10b,0.2447391686906025,-0.023393628948020443,1.8420617178920082
Wnt4,-0.8512828703643285,-1.6833721485305935,-1.3576203366903767
Wnt5a,1.3168643316719055,-0.21542626602176648,2.5437646520301103
Wnt7a,-0.6568844618394429,3.0752177560971607,-0.3511628209313624
Wnt7b,-0.6567228736959594,0.23069268701679568,5.525945447385988
Wrap53,0.10807828507066297,0.19825632089161083,0.6728665880128548
Wrap73,0.32417023870825457,-0.1707848925746993,0.41642066325613536
Wrn,-0.07378895736321667,-0.1497012000085265,0.06044592958684092
Wrnip1,0.34667383683927255,0.07997366413831841,0.029022908835616867
Wsb1,0.6611270147061266,0.7890843802561323,0.847228125373273
Wsb2,0.14983341640795445,-0.1954304886852487,-0.6483354670631112
Wt1,-1.5988420720329661,-0.034350085148521906,-0.061544607545097274
Wtap,0.5800002045015598,0.02331661323696288,0.20296360984370398
Wtip,1.2738381838761659,-0.9396137248622792,1.2820629030576247
Wwc1,-0.8371855065379927,0.08518567375205421,-1.3586952386931985
Wwc2,0.24178029738438678,0.49655549648364783,0.15535452442269548
Wwox,0.49368738963735836,-0.4714632462492814,0.25496283397587227
Wwp1,0.09900073169715196,0.022854940725429707,-0.1811269784112044
Wwp2,0.26000314370940014,0.18678147265883638,1.030630202229406
Wwtr1,0.0361470433975839,-0.35404643316596296,0.27272682197697407
Xab2,-0.030646150855043075,0.2587385811311407,0.3722919092339101
Xaf1,-1.9500551113453533,-0.06615554300801352,0.17233823222746225
Xbp1,-0.07746937527677744,-0.28363414428290756,-1.0274828695001128
Xdh,-2.207497437600994,-2.700568567675463,3.1717099733520526
Xiap,-0.31564993996532476,-0.08196781198612246,-0.6231160025812299
Xist,0.4352238001563835,0.01115754242633387,1.4481091815467337
Xk,-0.9327663636829691,-0.08391126397457027,-1.437894667893059
Xkr5,1.0339507677863105,-0.277415592767166,0.14893552502234142
Xkr6,-0.24064228772547147,-0.21251134354975387,0.06709261318416843
Xkr8,-0.3433937747534692,-0.21505358656916318,0.4348788417268885
Xkr9,-0.8559374738416744,0.015983161904369103,-1.1947791821235982
Xndc1,-0.23675849377222136,-0.3109720564919731,1.0124868358768295
Xpa,-0.40005813558130665,-1.0679382741278074,0.2463401758407402
Xpc,0.1953934017214083,-0.06249256070951503,-0.9012540767659001
Xpnpep1,0.1907979283738115,-0.2191970012291362,-0.35454790803399483
Xpnpep3,0.0039337732591251395,0.21930156523922717,-0.45769747720196197
Xpo1,0.6017938133522538,0.2459464186750182,0.2175993483093679
Xpo4,0.6922737395272653,0.9158844427050763,-0.5988295627755997
Xpo5,0.6315092989780116,0.5291345158663177,0.2737469619500077
Xpo6,0.3823216341774778,0.6064159787619028,0.2437959809214414
Xpo7,0.2914851027114054,0.3453050985870707,-0.11379182665447463
Xpot,-0.20804345305169036,0.23064497266040984,-0.041516666804877644
Xpr1,-0.16343376162316314,-0.38877901447645336,-0.21942978221405873
Xrcc1,0.41267448195142364,0.12710569537771832,0.6458889873051703
Xrcc2,-0.016730180861181942,-0.22922033974266265,0.1733150296902508
Xrcc3,0.38798825743539256,-0.35808515851918576,0.2503307541688016
Xrcc4,-0.2607719522837866,-0.1724477750069866,-0.6504953977709271
Xrcc5,0.0257631476394673,-0.31687809797413813,0.03660544907401153
Xrcc6,0.5916085377331166,-0.38179830120669944,0.6521723783241322
Xrn1,-0.05061519137678516,-0.3365402750446833,-0.3843906250726965
Xrn2,0.11584417286481674,0.030282016553804247,-0.11167659073241243
Xxylt1,-0.3430802139374167,0.08289831971941553,0.12147185991444776
Xylb,0.19448601893558504,0.30927278666428837,-0.03572659646553422
Xylt2,0.7694080393781157,-0.20895205448764465,0.787320982071881
Yae1d1,-0.23701929113827314,-0.00045313264393653796,-0.3247113347722319
Yaf2,0.33958849981221917,-0.3973052002918642,0.022359733495791012
Yap1,0.39628911453690296,0.01310906804354417,-0.3117541271850408
Yars,0.4029863188513758,0.1607777305328284,0.5503620076220557
Yars2,-0.43226273381542946,0.21909904762441368,0.1577319315437009
Ybey,-0.7617063855854274,0.046115987860511076,0.25509524921228444
Ybx1,0.1218911991119267,-0.05606280658278706,0.1607305201782161
Ybx1-ps2,-0.23794242025840018,0.3651202819385797,-0.254749895622312
Ybx3,1.1129746096751774,0.36631295049601675,0.16222893438203734
Ydjc,-1.4843628752047917,-0.959081159845109,-1.1141711278582358
Yeats2,-0.8711138305973316,-0.6248362067561972,0.3968776766178088
Yeats4,-0.11362360315636,-0.19779448550420753,0.1246893709649104
Yes1,-0.278334490509339,-0.09337847281539435,-0.537249817399216
Yif1a,-0.34898611841307403,-0.16404351234213888,-0.7755262268603724
Yif1b,1.62274354946087,-0.3505475216053364,1.1309093572472433
Yipf1,-0.3757354056086424,0.039688817552956834,-0.26839312249448
Yipf2,-0.741523814691003,-0.6156804851954916,-0.46580275251893033
Yipf3,-0.6519996597606275,0.05015053380747947,-0.5022835593917554
Yipf4,-0.505295690077082,-0.1620308992848445,-0.3923530893069156
Yipf5,-0.19816387813015712,-0.13165789452404297,-1.0237815597087971
Yipf6,-0.5021205761643746,-0.240497860554572,0.05387137359077787
Yjefn3,0.2701535590082196,0.08297871490419362,1.2038611310822227
Yju2,0.14677847271008249,-0.1383420104961175,0.5716979497977306
Yju2b,-0.04690905324623662,0.029852395495760575,1.1573425781735942
Ykt6,0.03584362368503857,0.2292567017677971,-0.12952576649936276
Ylpm1,0.352129504548107,0.26897323514156124,-0.16453108958222717
Yme1l1,0.10967830364140863,-0.0017216707214799953,-0.2224944888068512
Yod1,0.14572304857052565,-0.18207560677303336,-0.39730304689839935
Ypel1,-1.4221853976637466,-1.359136442354514,0.6268290293226901
Ypel2,-1.5049931536071985,-1.211640984876067,-0.7813210803172805
Ypel3,-1.3618303234175082,-1.368273028969897,0.5189248396837804
Ypel4,0.23746039292476534,-0.020265289949779636,1.5304406368827053
Ypel5,-0.8177303670173286,-0.8057420989512467,0.17170144708602209
Yrdc,0.4357708158704199,0.8899168079086728,0.5160030887539557
Ythdc1,-0.012319580039256373,0.2659842047697216,0.18773074178357607
Ythdc2,-0.04604604091193476,0.41688748587188673,-1.2359200473646377
Ythdf1,0.11826217552920504,0.2943174159156481,-0.07631060985611082
Ythdf2,0.27153965911648825,0.18951562899133645,0.4932145681343423
Ythdf3,-0.4090768139234129,-0.18109316857100222,-0.20787283273851376
Ywhab,0.18920722959208192,-0.08879791278484461,0.06194688597844333
Ywhae,0.3504397513646893,0.04081699506989622,0.004016577594097015
Ywhag,-0.2482156222662084,-0.06504433500946227,-0.30015128487840315
Ywhah,-0.3440429904493083,-0.03019333120545653,-0.4365086479607001
Ywhaq,0.4643194754676676,-0.19881694757805768,-0.5903746595364838
Ywhaz,0.23222067344849506,-0.23459681317631542,0.08312391047854284
Yy1,-0.14255296017593544,-0.18623591335451817,-0.6952027486264205
Zacn-ps,0.17088951920892614,-0.08142421063721672,0.338438108156496
Zan,0.5473922423474191,-0.913754996097724,-0.21531305667256295
Zbed3,0.7582251851854123,-0.06859714527781424,-0.06383905617720576
Zbed4,-0.2370109851820663,0.04084128897645778,-0.5162373500755102
Zbed5,-0.5022281763907506,0.014529249308722125,-0.25339042216018726
Zbed6,-0.017938710812635428,0.8433276742653901,-1.3471974983339945
Zbtb1,0.13077703631747628,0.21060433917374155,-0.6920403372667847
Zbtb10,0.21610246481625173,-1.337608684327635,0.8617214105346376
Zbtb11,-0.5555979020019093,0.5912820189398618,-0.21150291552206868
Zbtb11os1,-0.9562015047410529,-0.5648388307049956,0.13987993843444635
Zbtb12,0.4756014094131906,-0.26183777301014555,0.49471752013334935
Zbtb14,0.8061173327395763,0.061633260249008615,-0.37621053493092127
Zbtb17,-0.08561442126651997,0.27803764787465735,0.4802034670855937
Zbtb18,-0.3007084551002812,-0.056413811441426986,-0.36179413987384734
Zbtb2,0.2525478420564591,0.5069014012893334,-0.3670134958904865
Zbtb20,-1.1102347050224939,-0.374132042706965,-0.26830610874232175
Zbtb21,-0.4972718403371763,0.054981191923177075,0.05083325683885054
Zbtb22,0.008070500195950459,-0.08852061610970008,0.4023840816410482
Zbtb24,-0.5862716488328594,-0.3377835975304344,-0.4104206191095452
Zbtb25,0.9544063669871656,0.3040710896787977,0.3107381607397035
Zbtb26,0.4017633609884155,0.00990285902514021,0.32085645869549806
Zbtb3,-0.10427870116060234,-0.451136742069538,-0.025344092101660554
Zbtb32,-0.2126120357803163,0.08718680425530678,-0.6816646710492487
Zbtb33,0.42994874587457055,-0.027475218282398295,-0.5105111339023658
Zbtb34,0.25088056463746033,0.25227412938256766,0.3938164738008356
Zbtb37,0.6017268243042189,0.31689266779356373,-0.09123947259167942
Zbtb38,1.0066616009612899,0.31990436247427034,0.23184439850765237
Zbtb39,-0.318710927460649,-0.13013062062761493,-1.0202922512148627
Zbtb4,-0.5062382015559583,-0.18163407916656382,-0.5706481488331372
Zbtb40,-0.17116532852609012,0.22101097813395976,0.43214856609816144
Zbtb41,0.15401619798386523,0.34396157019727625,-0.35424492343502134
Zbtb42,-0.5469121647933672,0.05026817277508888,-0.9736632855893301
Zbtb43,-0.37334780098741405,-0.30074588607489927,-0.4074107460825789
Zbtb44,-0.4610817665560454,-0.0065124427573239885,-0.15623690703724247
Zbtb45,0.06978121537815873,0.41785672051949074,0.08009991094897417
Zbtb46,1.543798194752662,0.19563319599383755,-0.427010806433612
Zbtb48,-0.02408728961764872,-0.1316338611675234,0.8427463252070617
Zbtb49,0.15036531351312155,-0.5472609502473655,0.25086865278520065
Zbtb5,0.1745334387780404,-0.23728380677308625,0.8447765616032563
Zbtb6,-0.3242389370228369,0.15141594757658172,-0.17779898901779267
Zbtb7a,-0.630334593818425,0.3870524727503346,-0.4116038357341729
Zbtb7b,-0.6849810498614657,-0.610802583994495,0.1371507468039228
Zbtb7c,-1.6856741970765157,0.37393253046562336,-0.8314780472475887
Zbtb8a,0.16087603479721224,-0.06916069530526303,0.18506347346621843
Zbtb8b,2.4964567661910464,0.0,0.019765776718019885
Zbtb8os,-0.38383453714209637,-0.07597397063079825,0.09481225668996096
Zc2hc1a,0.09806431178048847,-0.6081717121656594,0.6733840654611383
Zc2hc1c,-0.21671989721689977,0.05017433274193328,0.5308857591713527
Zc3h10,0.09027785962767387,0.3943895371186188,-0.19458926995333004
Zc3h11a,0.04045647511953554,0.3337568548339216,-1.0310927600232602
Zc3h12a,-0.6173390622042905,-0.07281978378622345,0.5009629980864148
Zc3h12c,0.8884950668901928,-0.20052291164777647,-0.46887531079068356
Zc3h12d,-1.7725346377480289,-0.15837728942952503,0.08991941507109481
Zc3h13,0.3924604153466076,0.48911937074589584,-0.7762070534125449
Zc3h14,0.6459851915860435,-0.2091878647222032,-0.21220564166951572
Zc3h15,0.26948324511530597,0.07583582472301398,0.5622772089151988
Zc3h18,0.4063332637651307,0.16511370886771193,0.1269370506356866
Zc3h3,-0.43223578624854486,-0.06594670542854786,0.045993779920942224
Zc3h4,0.16959371531177414,0.010075534689176102,0.10561409747563744
Zc3h6,0.8416157310790912,-0.5453264509203771,0.008070501607813085
Zc3h7a,-0.4054211891384387,-0.0040996846339851345,0.7025562349646375
Zc3h7b,0.5215598961547396,-0.17811790904563463,0.246399420464547
Zc3h8,0.7637072669560423,0.2456351705984119,0.861391036281288
Zc3hav1,0.50307592148385,0.4219015638377952,-0.042647119672839295
Zc3hav1l,1.3238376340987505,0.06822558932045508,-0.34091771022131745
Zc3hc1,0.5581351858170542,0.20689204612319934,-0.023441843452481237
Zc4h2,0.46533717763662685,-0.9913813127022237,0.3335390118666557
Zcchc10,0.09108630651600702,0.6725963161293542,-0.2913765306719758
Zcchc14,0.5437999067947761,0.23286750946811985,0.6825732571183076
Zcchc17,0.14037158924155335,-0.03793684468226566,0.4195677741348378
Zcchc2,0.14646885832102985,0.45318918267205266,-0.14402230726563037
Zcchc24,4.662487243388428,0.1081273331246651,2.8350396926612174
Zcchc4,-0.23453899776340315,-0.070472539168414,0.48472164332335366
Zcchc7,0.14770029338154167,0.13472768591329842,0.5905865258738734
Zcchc8,-0.14863047506814553,-0.34264203091202194,0.3648608745407538
Zcchc9,-0.201621587269174,0.016364869337429866,-0.349342143405881
Zcrb1,0.48696695815721025,0.07458109132675528,0.7815259711961122
Zcwpw1,1.2827635849912276,0.35900369696911105,-0.6469839194219387
Zdhhc1,0.8832123870978239,-0.8129633652964834,1.3530363374564565
Zdhhc12,-0.26521342717185714,-0.38811601013291686,0.12744455710451152
Zdhhc13,0.013176725135265244,0.31710711168589967,-0.17993091306892772
Zdhhc15,0.5704712541735542,-1.4436383368236207,-0.08419268897075707
Zdhhc16,0.26298738437263225,-0.10003184841994717,-0.46309907125868044
Zdhhc17,0.31875807614975926,0.13616497674777328,0.06809784041582612
Zdhhc18,0.558825993916293,0.5375113331044545,0.9107716121924572
Zdhhc2,0.9738057614065685,0.18541706000364488,-0.4720084363666137
Zdhhc20,-0.1305983934274053,-0.275053471079298,-0.29184831222794383
Zdhhc21,-0.04989033280360289,0.3079440535417124,-0.14296700760679126
Zdhhc23,-1.1623481070981743,0.6429175822850004,0.028356473896771206
Zdhhc24,-0.7590428359291979,-0.49501779340540386,-0.24562426121434466
Zdhhc3,0.38141779544015453,0.12191556001110637,-0.9365924341640088
Zdhhc4,0.8709211728833992,-0.580852110605373,0.30112192405807514
Zdhhc5,-0.048099580333938796,0.5071134014159648,-0.7019508719401708
Zdhhc6,-0.3798504761340169,-0.12487847887686598,-0.9766330530973271
Zdhhc7,-0.20529619860562853,0.25115785538812396,-0.044625463900668016
Zdhhc8,0.3742126532378123,0.14365237146278664,-0.19511918572507092
Zdhhc9,-0.9128404472477394,-0.7194226826251784,-0.28526478505235886
Zeb1,0.3939041418441134,-0.21250812083642412,0.15966733280395307
Zeb2,3.1563396999514017,0.5058301793852698,3.27810386451303
Zer1,0.028436021337332917,-0.5404410345055934,0.6095175737368734
Zfand1,-0.5207614636954174,-0.6420978670161532,-0.06792450619017742
Zfand2a,0.9986715806828146,0.30198516292036537,0.23741685490360265
Zfand2b,-0.45340426789353927,-0.8446114502900617,0.3739387759283499
Zfand3,0.16214975235502305,-0.08569259213575364,0.24925056987628746
Zfand4,1.5136727753827681,0.025821877259571302,1.3550405339788205
Zfand5,-0.5744479409653751,-0.5103973702307991,0.008910064421559838
Zfand6,-0.9599874319349766,-0.36850050116991895,-0.2149798502324618
Zfas1,-0.7767165037234909,-0.7538368399137765,0.6326807339140732
Zfat,0.16478994008550618,-0.02536867299563994,-0.03032392321199273
Zfc3h1,-0.6870922682206477,-0.20296070015311818,-0.3078716156813588
Zfhx2,-0.1408388655253141,-0.5797588429121356,-0.29808648197888
Zfhx3,0.8236410275379198,0.3771527649162354,0.9167979278544767
Zfhx4,2.4240846620746477,-0.15316005609834704,0.6679729757810617
Zfp1,-0.34503460394066865,-0.19024866510810146,0.5369646431521984
Zfp1001,-0.041773457740260866,-0.14575433797159065,0.21089709874357898
Zfp1006,-0.14141053999042574,-0.10433659736430378,0.2076992221247722
Zfp1007,-0.047931906092287396,-0.7515447545127131,0.4062514056727945
Zfp1008,-0.09176275491937314,-0.2735980896981405,-0.12190812166525622
Zfp101,0.01547952125024965,-0.05867470409180342,0.7284077188949485
Zfp106,0.053634148916259505,0.16282144935979748,-0.24959780870982495
Zfp109,-0.8384224163948438,0.2854098990989593,-0.49923721300729373
Zfp11,-0.2928186657285674,-0.8426008148580766,0.014613124360166596
Zfp110,-0.5375627917076597,-0.058861229627405365,-0.05050295850654507
Zfp111,-0.0343665302688545,0.20479754535209382,0.46872257409008933
Zfp112,-0.11223550773392788,-0.11016840093167146,0.7329705491071763
Zfp113,0.7842227121607297,-0.6549011776529792,-0.15631879020121664
Zfp119a,-0.11029421212403867,-0.33529158972868145,-0.1141179226887874
Zfp119b,-0.06684934955127009,-0.19117566984488144,-0.14193536755493463
Zfp12,1.5945941473554543,-0.6632214861803103,0.26240007390373465
Zfp120,-0.454891479762225,-0.5102087079069668,-0.6328283504809478
Zfp125,0.21565381619803947,-0.18129742675116622,-0.06332158948413147
Zfp128,-0.04919498409257317,-0.6589638898225743,0.06988041348452279
Zfp13,0.028493912351407857,-0.155528219359375,0.791658856779712
Zfp131,0.5535103144937796,0.25241729953985637,-0.020824378450485348
Zfp14,-0.6096062152006297,-0.5602530097837788,0.3062232512201044
Zfp141,-0.1529992922717387,-0.3110702980380724,0.09359544486779114
Zfp142,0.4033037762385594,0.24810930276235377,0.48016526421002625
Zfp143,0.03658795069400522,-0.02299931789448184,-0.3331092752718807
Zfp146,-0.07392204758860732,0.2869956368975046,-0.30439052865535654
Zfp148,-0.4929290301080398,0.056404002928231556,-0.18351880808115428
Zfp157,0.9281846092171979,-1.183897642334352,0.6233112666695075
Zfp160,0.025186672724009096,-0.1702371282553865,0.46839946603442906
Zfp169,-0.19836167522402248,-0.07841056669670377,-0.5797980690741427
Zfp174,-0.7083038502854687,-0.002732127202368262,-0.07741684584403474
Zfp180,0.43962463708776767,0.523831612641827,0.16913940934286842
Zfp182,-0.12098892217474111,-0.366459695194177,0.5388961848381264
Zfp184,0.40567880335966167,0.08068644216056642,0.11019351660066246
Zfp185,0.5728605754088576,-0.8882884131749631,-0.7134756634229898
Zfp189,-0.7729047217799443,-0.8749122222025609,-0.3371870424410819
Zfp2,-0.45695326835651784,-0.4188451414338006,0.15412529883365844
Zfp202,1.1779673295080633,0.29382517666740426,1.0222663878876548
Zfp207,0.3419443078657203,-0.21528714072657706,0.6355202328107161
Zfp212,0.34559134903768296,0.17946853550003805,-0.19249538144263223
Zfp213,0.6696993388168329,0.28768846528862735,1.16351135552187
Zfp217,0.35111306700044853,-0.5503074790964826,-0.008152818187839195
Zfp219,-0.32868322943205275,-0.929230176864408,-0.30739513205954694
Zfp229,0.5996853549535115,-0.18153892882206213,0.5169708840590228
Zfp235,-0.42440614879490335,0.16434291440705273,-0.1980564581872588
Zfp236,0.16277631711524343,-0.2868424185971161,-0.49847990541468334
Zfp239,0.05770796961180347,0.048737769488578664,-1.0016836261292328
Zfp24,0.010243896609416048,0.003538565348422118,-0.800356398010603
Zfp248,0.5397682843587193,-0.06176353988018901,-0.0749398991398067
Zfp251,0.2643194603650585,0.028561009733993004,0.47147446999457276
Zfp26,0.4317992397654411,0.18747915128583204,0.015771381413061558
Zfp260,-0.2464253522772779,-0.48864529696437575,-0.4437737855761972
Zfp263,-0.5437047682648837,0.1250486757419944,0.09952846101906943
Zfp266,0.35815690744361905,-0.2040466216787964,-0.06474726934942332
Zfp267,-0.23916012145488796,-0.3973874597361964,0.09246241531368327
Zfp268,1.482088448640762,-0.09485106788648456,0.06347647063265835
Zfp27,-0.4486886720479415,-0.06565503927293248,-0.23915075871634706
Zfp273,-0.0024237047542956525,-0.7222550559811189,-0.047312220051441756
Zfp275,0.44113546612624255,0.25689614107316494,0.7374138462726458
Zfp276,-0.20635747273020932,-0.008719101809214536,-0.054421573352676944
Zfp277,-0.1192242652664417,-0.10097625059291016,-0.589554104650813
Zfp28,-0.12736254510890666,-0.4517113163361124,0.40964285664025457
Zfp280b,0.04021609826449968,0.04827220714098601,-0.00039600776795767345
Zfp280c,1.356361448078617,0.3440295779864764,0.760952033021502
Zfp280d,0.20863733760726166,0.1734482528333796,0.17736354655346487
Zfp281,0.24490394586758324,0.023540543196705066,0.428009007637673
Zfp282,0.07523132071631888,0.24227341999625995,-0.03371727912789524
Zfp287,0.06354339754875693,-0.7094090434354113,0.04404823678932235
Zfp292,-0.24555392545723365,-0.07962590029508654,-0.5620805673392582
Zfp296,0.20209256236734197,0.5238802086523675,0.3997014277277766
Zfp3,-0.04245059021433062,0.029507397332356744,0.292245513984684
Zfp30,-0.7420364963777073,-1.4352674477739966,-0.11854437683495078
Zfp316,1.3844474993029885,-0.9759374253745858,0.34897657994140374
Zfp317,-0.10866780326509584,0.030591619425837102,-0.24435629184505814
Zfp318,0.2555413648068088,-0.10394506923154179,-0.5245323521691221
Zfp319,0.2190478292707594,0.1879357626665259,0.532338676515967
Zfp322a,-0.1373631562280786,-0.23637581411316289,-0.8910493997418705
Zfp324,-0.00029500368148838163,0.11846498116329762,0.2173036057663036
Zfp326,-0.1604080734557476,-0.47935559297817143,0.7296859040529511
Zfp329,-0.1774662469106172,0.12393945220210911,0.43226011210833115
Zfp330,0.0037126364648027987,0.12973396434754303,0.32112947721631624
Zfp334,0.40172936931814895,-0.896689478908465,-0.2725705487858101
Zfp335,0.1618663007986596,0.21091038638679205,-0.4881485685923126
Zfp335os,0.2469678442260338,0.042019685810261276,0.5585041661626988
Zfp341,-0.19061296930098326,-0.13797210567877816,0.29872966807424417
Zfp346,0.12627327271273048,0.05981880568590192,0.13238083412680224
Zfp35,-0.14583535851760931,-0.009179066033718541,-0.37547865479624853
Zfp354a,-0.3968454322029418,-0.43463563115623505,-0.24735262816398418
Zfp354c,1.8810352925734704,-0.23898515827567277,1.482569009304175
Zfp358,0.15485285848964647,-1.0099424181322663,0.4953633642345938
Zfp36,-1.334699195561437,-0.7729245575912724,-0.5822690312201146
Zfp362,0.8362469002068256,-1.7000156814603917,0.970213070519546
Zfp365,2.749651134189834,0.053011060542919375,1.7590362012554681
Zfp367,0.6191789393985614,0.18597818001940247,-0.19646447053277782
Zfp369,-0.6716081434567922,-0.5942498728870231,-0.06911825190771559
Zfp36l1,-0.3027545283562949,-0.24221667894321985,-1.0224051839468382
Zfp36l2,0.8013163977808997,0.32298591863997395,0.2135059311338381
Zfp37,0.7234812762498162,-1.2099703433028366,0.7063670981240093
Zfp382,0.462826891887967,0.14952378608595218,0.03757038688511116
Zfp383,-0.2481004818173802,-0.2195561148308085,-0.28359982891708757
Zfp384,0.6385669038586288,0.40353604994936365,-0.13457072930311575
Zfp385a,0.5043287964080498,-1.1642083687415536,-0.2279284219772535
Zfp385b,0.1905842578340291,-0.023393628948020443,-1.785209613004846
Zfp386,-0.05037724141415145,-0.47967070612169493,-0.2527602545079439
Zfp39,0.23105566996250415,-0.15530904075252472,0.6378190980939975
Zfp395,0.30049172520896317,-0.410311746451689,-0.12009246493618697
Zfp397,-0.22840324877266305,-0.5766450936765288,-0.6509179904012861
Zfp398,0.3727010443087915,0.09847264517439802,-0.12440848080525013
Zfp40,0.08542904496103443,-0.09299800375419531,0.0036984344527173363
Zfp407,-0.05731374853372628,0.23086772569927172,-0.36525983332169965
Zfp408,-0.044597923917454985,-0.38275807976521214,0.33145035508775056
Zfp41,0.30060667980759215,-0.21071996546723915,0.47916247456122196
Zfp410,0.1687300945821404,0.04857457278620991,-0.17603659456702658
Zfp414,0.8177260680296627,-0.1207370113144739,0.45651386126207116
Zfp418,-0.40622330997634526,0.29009077955892326,-0.05501767270846869
Zfp420,-0.250589508662026,-0.22778959537607069,-0.05260512794947392
Zfp422,-1.326165690880007,-1.5547508532136787,0.9347407046603062
Zfp426,0.2759437492914323,-0.18019400835201438,-0.11597140497782377
Zfp428,0.14591199027998902,-0.040324028177523896,0.8613064463935869
Zfp429,-0.828968090111541,0.16149511818887907,-0.4187701111920561
Zfp433,-0.3329735103863012,-0.4108171245245375,-0.13900169228562587
Zfp438,0.004520387806212334,-0.1622987150610693,-0.1461591198367307
Zfp442,-0.5745938032173571,-0.35180572099250107,0.048281941611398205
Zfp444,-0.16822381663389052,-0.3537450207406545,0.5212529025145143
Zfp445,0.07758392169429307,-0.03061559218539589,-0.13982425252509145
Zfp446,0.23123555641919769,0.08258049633420272,0.7925035479990967
Zfp449,0.5487136556788017,-0.1434053431162372,-0.11360868886849293
Zfp451,0.6316882636683427,0.031231303107792208,0.37823529001214684
Zfp455,-0.5548288752005195,-0.3576729535725329,-0.5467180893589244
Zfp456,-0.580814478455542,-0.4507573672273101,-0.44852758682479066
Zfp458,-0.27781112198370683,0.23630020944282182,0.3413042532624325
Zfp46,-0.3417454520446297,0.06439337485370222,0.6542266501713474
Zfp462,0.829517507795476,-0.3804996606613096,1.4200651805230788
Zfp467,2.1693423710306456,0.0,1.420766216304347
Zfp469,2.5991330221734152,-0.5898328916618738,4.616550639645194
Zfp472,0.2006333198035457,0.4813404880308392,-0.19681125358920415
Zfp473,-0.1932163862999685,0.05315208673308991,0.19959775043568517
Zfp493,-0.18661134651689104,-0.01025069718114735,-0.14163902571458298
Zfp503,1.8001453968741352,-0.6600233010327582,0.6704316207608918
Zfp507,-0.10786338146082652,0.13826188713475052,-0.48568890030103695
Zfp51,-0.19743694059708705,0.08838447816797235,-0.5779946555863549
Zfp511,0.18934825267995237,0.08691190631424206,0.797537870539323
Zfp512,0.05036883918444168,-0.6620997569327343,0.535222012433028
Zfp512b,0.2891530140342802,0.13429523408749766,0.24879365413774535
Zfp513,-0.054309057664830185,-0.6568031165227874,0.6291085068690911
Zfp516,-0.22119006885685888,-0.4039684994694692,-0.5515989923850864
Zfp518a,-0.4880025482303476,-0.6138255184044921,-1.2148575504358452
Zfp518b,0.313880240035707,-0.6782289963498798,-0.02552865363763451
Zfp52,-0.10642209554126847,0.10361804559190091,-0.014720287961204725
Zfp521,3.8089150350366086,0.0,0.11763051745997391
Zfp523,0.39418885267127735,-0.5773337562363503,0.549593505187385
Zfp524,-0.6957676964445785,-0.4380537229367514,-0.14648558293461655
Zfp526,-0.08835635947553255,0.11330010566024917,-0.918604173280789
Zfp53,-0.3472491994846507,-0.5754786229998778,-0.02337013484567496
Zfp532,2.27872660076724,-0.016104368889593764,2.431071494642718
Zfp54,-0.5097412804257657,-0.10563477258990428,0.05285984111429487
Zfp551,-0.6187375437412795,-0.2738332476730863,-0.10397295982173937
Zfp553,-0.2221800182769762,-0.171842252967207,0.12806833390194505
Zfp560,0.12668754666202897,-0.716880996112899,0.39762995420041136
Zfp563,-0.19154430481005003,-0.06895081568931882,-0.021624297713982
Zfp566,0.12250129573086999,0.06984087328729816,0.47765941556490055
Zfp568,-0.4898595914251809,0.5331991198787946,-0.668694366311867
Zfp57,0.15849218117572228,0.38923950305256216,0.36564508338807133
Zfp574,-0.07330249066993577,0.13092255006533193,-0.09333765358540091
Zfp579,0.024343330148191455,-0.05658189833360172,0.6765137665834664
Zfp58,-0.3800068585652523,-0.3150489440004427,-0.009221126877120955
Zfp580,1.7848742650601876,0.0901896651052232,1.6534343150146857
Zfp59,-0.05553990689569055,0.24568587837539857,-0.09445393149847536
Zfp592,0.03726300211550715,0.3362025270554465,0.17754123124127297
Zfp595,-0.4062501656877038,-0.3343747655760241,-0.36399984352244674
Zfp597,-0.08183443883052055,0.21766499501755554,-0.2244961108639134
Zfp598,0.356431580915352,0.44946609821983774,0.21074544297445996
Zfp599,0.30518253701826525,0.17701732520348656,0.39085659341946144
Zfp60,0.00966780581422011,-0.2537349088633736,0.07656347021915488
Zfp605,0.10480420026805604,-0.45320375886914044,0.11815977355896479
Zfp606,0.2957142389452714,-0.5696174713309725,0.5968669011896939
Zfp607a,-0.10716629544792089,0.252888658926111,-0.2059817255942391
Zfp607b,0.37311805735805315,-0.0501000787727488,0.7931349545386989
Zfp608,-0.1799402331464215,-0.6663810926220908,0.2099810182389268
Zfp609,0.3814613724836091,0.3410750836639158,-0.15392486001521455
Zfp61,1.0508024932171907,0.13354901777654993,0.7663412041046112
Zfp617,-0.0824968067074856,-0.05908402103920496,-0.24777120170896882
Zfp618,-3.603050490379402,-0.9038925595465681,-1.8747306135831712
Zfp619,-0.04474717571398523,0.502979253632307,0.08459879873322296
Zfp62,-0.030659871238060354,-0.1304796829125614,0.580450136287415
Zfp622,-0.495624338042294,0.043943290786292444,-0.24020952625989356
Zfp623,-0.0698534348209714,0.09103018117472583,0.03749554088345697
Zfp626,-0.2772793180626887,-0.2191383355216172,-0.45432204268935683
Zfp628,-0.1716046804716651,0.29773001584455283,-0.05309737124802538
Zfp629,0.8637692488381229,-0.9886164988577812,-0.07848214310301227
Zfp637,0.36855205983212525,-0.3154159896848592,-0.038963961274716574
Zfp638,0.16585444729071153,0.16948794688672209,-0.10204602693733733
Zfp639,0.6124011474640936,-0.432613768783904,0.7895127997346378
Zfp64,0.10603247032056373,-0.12897142063338496,0.26760823309041815
Zfp644,0.2279884946177333,-0.2570438744147978,0.029750275691432293
Zfp646,-0.17993570546007298,0.1189152064543908,-0.33739122170428804
Zfp647,0.9246092073920795,-0.5451272608435789,0.8159748863950975
Zfp65,-0.04006879323897783,-0.21269191890325745,-0.48353330819163
Zfp651,2.860803762002125,-0.7100789067118338,1.3506062066947395
Zfp652,-0.5750355773660827,-0.22751898372921264,-0.6562912529393383
Zfp653,0.7265620589881585,0.1459626336574038,0.7728747555920137
Zfp654,-0.5348405754799299,-0.06332077122105773,-0.3981371950011856
Zfp655,1.2075752750946762,-0.2654181538716882,0.23007235948058735
Zfp658,0.13876974398153874,-0.3752421910555144,0.31763118313786354
Zfp661,-0.10058064857314308,-0.17866602110181695,-0.13536010066445625
Zfp664,0.07007122084819795,-0.5357170482824047,-0.6779781730499979
Zfp667,0.7788856033135397,0.15749784091229801,-0.7644966169151488
Zfp668,-0.144667412761879,-0.13632830470833168,-0.05224972215028201
Zfp672,-0.6710207850913892,-0.1445621256335663,0.2381705393305773
Zfp677,-0.2567337569470287,-0.22201336492658807,-0.6888964722888711
Zfp68,0.9233412975667568,-1.1096062973958127,0.33868873373435093
Zfp687,-0.1410229286316893,-0.8496541869738579,-0.19054478436901245
Zfp688,-0.014657346996637344,-0.2994261115723864,0.4660201367319101
Zfp689,0.5075625084169135,0.297544530923715,0.2771879217495514
Zfp69,0.13308487040554895,0.07346901473452216,0.42135123954840437
Zfp691,-0.5893020048278019,-0.27470388249278166,0.08348954360860761
Zfp692,-0.32318027110314596,-0.4855474932085482,0.803777191123614
Zfp697,0.02212358109305068,0.5083222487126267,-0.34320726347678043
Zfp7,-0.6390145815228268,-0.3409400697042253,0.4022831097245616
Zfp703,0.43946577756153005,-0.24690470505229722,1.129156517800256
Zfp704,-0.33697892691106457,-2.0797315850509244,-0.3897930487211134
Zfp706,-0.4737536731151337,-0.5930517775422723,-0.15301046047558753
Zfp707,-0.05438890312962785,0.11850809896432635,0.02673702100505082
Zfp709,0.02356212237511568,-0.5091312348273749,0.9249331552917799
Zfp710,-0.25439594010550604,-0.06464247499368625,-0.14377920715961245
Zfp712,0.07003764331331219,-0.3473243394725982,-0.2763656374283736
Zfp715,0.2782242298353865,0.5877735661365846,0.08597313608136581
Zfp719,-0.38955742085844713,0.08447828024667059,0.14726543255584978
Zfp72,0.13600087643278513,-0.2584195758821133,-0.8058662534319836
Zfp729a,0.10383495692303146,0.057136715440995633,-0.4708801044870139
Zfp729b,-0.4187455944862186,-0.6690764153491928,-0.7672961769177853
Zfp738,-0.07492533202078588,0.059320729665687466,-0.5426005145037536
Zfp74,-0.18081256174180638,-0.00048670010611395753,-0.19004372190384577
Zfp740,0.08722557134906239,-0.3183107582119362,0.4675975485286017
Zfp746,0.7471840159225938,0.09307433607433335,-0.11903908952695463
Zfp747,-0.40137395887232064,0.35787836507492266,-0.6060006817148111
Zfp748,-0.10054012147160885,0.030474889135808425,-0.536236613176968
Zfp758,0.05706232666695055,-0.002853176880933894,-1.1225821057028598
Zfp759,-0.3513885053770007,0.09595900032061966,-0.7252524655205905
Zfp760,-0.05563374491569295,-0.49747213619681174,0.9388605117402395
Zfp763,-0.5237040072598189,-0.45783755266973714,0.4260953557100631
Zfp764,-0.5222670597144337,0.16747034244285386,-0.252870896041804
Zfp768,0.06896810449528434,-0.12712412966763242,0.36432655965546346
Zfp770,0.046633976629781415,-0.293931471997567,-0.3499959722642658
Zfp771,-0.06878618808533865,-0.2541126956799378,1.3562817636378588
Zfp772,-0.234094957135357,-0.08721012589843546,-0.32280815141655683
Zfp775,-0.6946856981490509,-1.1994892913698028,0.775909406353446
Zfp777,0.4697090420850385,0.2558585560454363,0.5847709974814306
Zfp78,-0.3855612914973432,0.021798404185028986,0.13738948474795087
Zfp780b,-0.24160262385641795,0.16266681700479468,-0.6821908173606914
Zfp786,0.27850331398712547,0.28391049319806283,-0.3186476720224405
Zfp787,-0.13132976732766544,-0.050985265644531985,0.28512912838093474
Zfp788,-0.34867784084127873,-0.4439159792477563,-0.17844521371314626
Zfp790,-0.4646742410566822,0.27626917453437727,-0.6002948731679059
Zfp791,-0.8912582343276721,-0.25321067695243826,-0.2178644639654692
Zfp799,-0.3421510508665726,-0.14641710977690225,0.9538758109245189
Zfp800,0.2350646942999437,0.4893244777239629,-0.5737377045778835
Zfp808,0.1021165373292039,-0.7301615747878787,0.19218537629679533
Zfp809,0.03777052947978454,0.09537447911580488,-0.45415275722257764
Zfp81,0.5175301531183116,0.3076501534533289,-0.1540507469088097
Zfp810,-0.8093212144720286,-1.0373671693502111,-0.42305293302286096
Zfp820,-0.3471299524014997,-0.511991376869402,-0.6358591999916445
Zfp821,0.24398289018176555,-0.7123331062121134,0.5757841093605292
Zfp825,-0.307744356197198,-0.9389830818899205,-0.47147180267403854
Zfp827,0.077815659468083,-0.02430371201685766,0.7933025118324029
Zfp830,-0.27504221544432195,0.1692765933081608,0.3243032257056431
Zfp839,-0.3227958912388935,-0.8951252471399009,-0.8005374375512266
Zfp84,-0.4404790697744376,-0.279141547127967,-0.7614057017029383
Zfp846,-0.22865671595742398,-0.3136439645274063,0.18797350988689532
Zfp85,0.030959236964822834,-0.21877167725260493,-0.10434139401330089
Zfp850,-0.12356721098004009,0.7533919197282155,0.11221294546716365
Zfp862-ps,1.1340091828671404,-0.6702568814428265,0.9972476851978729
Zfp865,0.04944076563850164,-0.09637159319250266,0.20216788929780982
Zfp866,0.08475015769903171,-0.23239275198957365,0.6638924387379403
Zfp867,-0.1375923055746353,-0.45517132161967444,-0.45999933724042297
Zfp868,-0.4149588692785193,-0.07116882601092911,0.07629773193843903
Zfp869,-0.16741633595396088,0.03314366302078309,-0.11789845143491551
Zfp87,0.03809295582654837,-0.18114348214878806,-0.40410192941947365
Zfp870,-0.154269329015285,0.037350806189163865,-0.1484722874310651
Zfp871,0.11060499419158987,-0.02414365289763687,-0.42202430348484565
Zfp873,-0.122434920835637,-0.4639458781142811,-0.18526377689407214
Zfp874a,-0.6969243725078866,-0.15254499692864165,-0.579774415069493
Zfp874b,-0.6584500751642312,-0.3960577929811957,-0.7048816588217406
Zfp9,1.413777873194797,-0.041229655325252246,0.3508308833527005
Zfp90,0.32812483225159195,-0.057124192193633405,0.6076741946457691
Zfp91,-0.19363860083149476,0.15940685539756672,-0.285846235434267
Zfp93,-0.6611139235443271,-0.118872016910327,-0.1969852859109369
Zfp930,-0.16983423781233942,-0.2013519042720744,0.2927524757037898
Zfp931,-0.25615048878220414,-0.6329240739512713,0.19487521255959317
Zfp932,-0.7451951820239002,-0.8420568130473454,1.0123734076482473
Zfp933,-0.05323551386004155,-0.5251144513114516,0.5623280853778105
Zfp934,0.2467443817351418,-0.6047179791115838,0.17165013192377154
Zfp935,-0.5503581924080826,-0.4307719066844303,-0.3169561437420727
Zfp937,-0.652764420940722,-0.28050446577515875,0.7337727126170315
Zfp938,-0.9842382473068196,-0.3888665992876237,0.3619606461428666
Zfp939,-0.14449560754090351,-0.18124585249521274,0.28076538329393064
Zfp94,-0.2661069061446404,-0.20095350511397636,0.14255978752667509
Zfp940,0.2521361252630099,0.32126716907068054,0.18708761459537682
Zfp942,0.0013496950550671016,-0.23795261730579975,0.2157729256828551
Zfp943,-0.3467198759472847,-0.2558442572468489,-0.3021412585825929
Zfp944,0.15073994457525064,-0.5241854363070848,0.395869220037524
Zfp945,0.09838549924417572,-0.39856762571467974,0.6699245477067215
Zfp946,-0.46859797309086604,-0.7696574055376271,-0.2682182234214654
Zfp947,-0.19301192134329115,-0.6551479459285787,-0.023487645787393374
Zfp948,0.8713255830036171,0.6208314854045778,0.6918052066697769
Zfp949,-0.030014560950401448,-0.7473626898446317,-0.07365042305627512
Zfp950,-0.7244932093713323,-0.3250886365179544,0.1449535985710102
Zfp951,-0.03726332204061222,-0.24580226277901374,0.2332966720937364
Zfp952,-0.24753079771437703,0.2967967211645641,-0.14796535542510725
Zfp953,-0.34681778779896777,-0.48305926519249054,-0.7933677757499409
Zfp954,-0.6898638455680395,-0.20893647452071562,-0.8100222503810093
Zfp955a,0.15834449513860083,-0.13315158457549714,-0.11542844153819454
Zfp955b,0.1558042746918904,-0.04700575679802954,-0.03655589083378352
Zfp956,-0.08167530884869212,0.5029522496408956,0.11014542635782032
Zfp958,-0.10978419369050663,-0.2777121244723926,0.1777966445259831
Zfp959,-0.039287095276486106,-0.2695052093350774,0.17491772573314845
Zfp960,-0.22461952808729402,-0.07209791274360011,-0.19885118268363255
Zfp961,-0.030172404499366756,-0.05800838687638343,0.2077120924676672
Zfp963,-0.40790268158123866,-0.2872669700606283,0.4222164212949927
Zfp964,-0.9122758552827149,-0.35297556556412246,-0.05510955564763087
Zfp97,-0.25696298042938803,-0.2694689558256447,-0.43599363522237855
Zfp970,1.037507594352232,-0.4710964203049133,0.256465550885546
Zfp971,0.046817917831528444,-0.4091681777549968,-0.4499782369133094
Zfp974,-0.03088898259581785,0.05669820875274412,-0.6444971801626318
Zfp975,-0.4354521675472167,-0.6517082458563972,0.25100502613563047
Zfp976,-0.2537271292565586,-0.5231047740128154,0.5173186583085954
Zfp983,0.4525140403913992,0.10538157533082493,0.2523400507053457
Zfp984,-1.1172391961665613,-1.2764479730801408,-0.08263657982799533
Zfp991,0.0,-0.6255909667665004,0.5472073707487002
Zfp994,-0.3261058618437378,-0.2705010795968432,-0.38058208613341904
Zfp995,-0.39465984337455806,-0.4253518712967108,-0.5061302708036772
Zfpl1,-0.322233430285384,0.010685974377373064,-0.278077473167615
Zfpm1,-0.63420422203819,0.2971891165558116,-0.8054004155208352
Zfpm2,0.4918508356662823,-0.3021768853518545,2.3784164290623693
Zfr,0.22809617537395077,0.14253673616003404,0.0795165960318025
Zfr2,0.10091733454857699,-0.04283237747041812,-0.5060643061243106
Zfta,2.2998498959489067,-0.47057470290710546,1.1372055464523223
Zftraf1,-0.11146893931050972,-0.36900717760114166,0.27964479899831574
Zfx,0.3985648537704938,-0.017564169002413088,0.4019980084098824
Zfyve1,-0.5261028528109795,-0.7262315963119774,-0.7939134974765949
Zfyve16,-0.10070925579801582,-0.05512625542930927,-0.7268346276286186
Zfyve19,-0.45444393950580864,-0.183649205012812,0.44367593310489095
Zfyve21,-0.41707723017454734,-1.2326571245583686,-0.4018000629508425
Zfyve26,-0.8911372281813414,-0.24137304310775853,-1.178672097581928
Zfyve27,-0.13463480270026373,-0.055303620062924885,-0.3445956716765073
Zfyve9,0.9656556489145829,0.4526630233501141,0.6936795846021857
Zgpat,-0.005423383316997654,0.008057005522369654,0.26199126379425985
Zgrf1,0.4003278412332878,-0.0008642760038828357,0.8682779467862609
Zhx2,-0.33722806368769476,-0.1436318227991329,-0.3958489463722339
Zhx3,-0.430836232703248,-0.39249709831141333,0.5185048890463899
Zik1,0.6162916028495724,0.3604447362973353,0.2427796049705604
Zkscan1,0.5883676701929641,-0.7113655323847965,-0.35154148202403857
Zkscan14,-0.23757338084995272,-0.9279056340277845,-0.05245884344492291
Zkscan17,0.16288371087292308,0.23980391256642974,-0.15972855584255008
Zkscan3,-0.20813610061500354,-0.5705441264407969,-0.3818955624750977
Zkscan5,0.7046015983455427,-0.42882415991212897,0.15892066039203723
Zkscan6,-0.4828565146673305,0.12691498156037095,-0.11480643422708647
Zkscan7,-0.14555376007183363,-0.7559899623793849,0.22168113447166427
Zkscan8,-0.12118563413781125,-0.4161668797221343,-0.3240971207920116
Zmat1,0.2561527151700749,-0.5176721352856739,0.7778816003887851
Zmat2,-0.27606173975878434,-0.36147941957905516,-0.4928155695852148
Zmat3,-0.017589838117275214,-0.26352984290823667,-0.0025667247370542157
Zmat5,-0.6726809319604303,-0.17557010515433813,0.3063294064851867
Zmiz1,0.10449473016018729,-0.06404794254714474,-0.5388592655114124
Zmiz2,0.036504510643512234,0.2202462709823516,0.3752811791555626
Zmpste24,-0.16794402171648137,0.227467822364531,-0.24951379067895818
Zmym1,0.49660414989397905,0.47454206802968946,-0.10698569279029724
Zmym2,0.1394678089728858,-0.052467802721852586,-0.820667467247933
Zmym3,-0.3741005561495321,-0.9576182814333691,-0.3681383514603187
Zmym4,0.35983352222658915,0.17098454272098174,0.3804425641005551
Zmym5,0.29819598651518575,-0.09094268860663757,-0.17232783535814988
Zmym6,0.0009109895795731404,-0.05316756912705278,0.0688575127031612
Zmynd11,0.562079130294447,-0.03104147376752664,-0.3629269314901098
Zmynd15,-0.10625801234805277,0.0747617457873726,0.3762878684566624
Zmynd19,0.46663777297482767,0.3063965562946853,0.6357050858802982
Zmynd8,-0.024030778013439225,-0.39289404050062693,0.24954528651134122
Znf41-ps,0.04865939087843219,-0.23846126902594167,0.01492448788115408
Znfx1,-0.3200566763817889,0.3550626369225913,-0.04737909189920941
Zng1,0.4612321491171958,0.34777340053755523,0.2690827714059516
Znhit1,1.1190054126592273,-0.4009161097020666,0.5604648717363006
Znhit2,0.028567657180381012,-0.07711488256214949,0.27066976023866207
Znhit3,0.08595789120802744,0.32356198287520677,0.1247791590922609
Znhit6,0.3472413635809186,-0.07913452214711825,1.3992020418029174
Znrf1,0.25048518967132516,0.17414548439646804,0.9509280472011641
Znrf2,0.31476368014782974,0.2837403202332194,-0.6870909615883214
Znrf3,0.44208441030109435,0.6747805542358951,-0.07462714893883815
Zpr1,0.3172930722127294,0.40965102961431654,0.23790856944969008
Zranb1,-0.06702077920961358,0.09341608849567873,0.19395297430327219
Zranb2,0.20192917945562083,-0.3855432450100791,-0.2568924259722767
Zranb3,0.14049564667628678,-0.6377944346582889,0.3962047741781296
Zrsr2,0.8620142272031206,-0.17347891330359655,1.1577150090255603
Zrsr2-ps1,-0.6817489597600281,-0.5691744932040548,-0.4403346969091295
Zscan12,0.10707254163454616,0.1285594996111823,-0.37771384943631237
Zscan2,-1.2546404996621932,-1.1629447000312365,-0.44836520090849463
Zscan20,0.14866554187866576,0.15444508029793336,0.06197640269176219
Zscan21,0.4727120961314384,-0.9809275794809831,0.03684584255711698
Zscan22,0.12611503285030912,0.4567716678069682,0.5487969782586575
Zscan25,0.8652171794055175,-0.19010235852634016,-0.23003880698322332
Zscan26,-0.12236309710859894,-0.3605221783595458,0.06678192713333608
Zscan29,-0.08383215329463845,-0.1077588248087511,0.08693787083761606
Zscan30,-0.3986457946166065,-0.17003433601773776,-0.07612052024847249
Zswim1,0.2651033709768922,0.11310872350525258,-0.4968295311838129
Zswim3,-0.06805681066463443,0.18540584317079123,-0.046217703984948066
Zswim4,0.14685973449004042,-0.4167335247134982,0.7932213375347166
Zswim6,-0.24782338867711262,0.5036011247898111,-0.6930395195732348
Zswim7,0.0897749331567752,0.02090164432648045,0.3893712928280588
Zswim8,0.7241225715898576,0.24714940767417026,0.5772752054485668
Zswim9,0.12596479206485212,-0.20514736209489293,0.9671200441980616
Zup1,-0.3336593096338545,-0.24523726619973418,0.08818781152647137
Zw10,0.8582075858042568,0.7045452277410682,-0.44551379953685233
Zwilch,0.971190399663747,0.05793250750744772,1.1057580674753624
Zwint,0.2669391822082048,-0.5356636259878531,0.14161598062103398
Zxdb,0.668549888787491,-0.13006379839679072,0.7065522371394581
Zxdc,0.7110972930116439,0.48187022053754935,-0.20762886678918058
Zyg11b,0.1388631147049777,-0.02452552865423563,-0.013239725521088985
Zyx,1.167760863730348,1.0065457500440198,0.8099648634658481
Zzef1,-0.36387851621086664,0.4148697082297552,-0.6178927390669688
Zzz3,-0.009005265128674722,-0.05874937628832022,0.6628893311741795
mt-Atp6,-1.2233741776445468,0.5870590735589056,1.3444626660154504
mt-Atp8,-0.9642796826431554,0.3275660704212806,0.5935066027191496
mt-Co1,-0.5696940809047071,0.4837186572334691,1.2577333698921347
mt-Co2,-1.4714662207162075,0.6286461505242418,1.5385479750387292
mt-Co3,-1.1137181732850898,0.5451841161303008,0.9860691052120294
mt-Cytb,-0.653155545047861,0.19729663177718315,2.520380327810912
mt-Nd1,-0.3151760859754411,0.4624822765251899,1.7063071463572381
mt-Nd2,-0.41539504872225663,0.22733173169058318,1.5263972894025741
mt-Nd3,-0.919975454518263,0.4073503316765317,1.268807546066333
mt-Nd4,-0.7243013070674014,0.18323698164339675,2.367145665227694
mt-Nd4l,-0.841597227983836,0.07913410758883521,0.9846179997601916
mt-Nd5,-0.5874259942117881,0.33098314781045524,1.8949668340306864
mt-Nd6,-0.4724448098792262,0.250417184476893,1.721206828253993
mt-Rnr1,-0.10774626817027233,1.1399914843554182,-0.7159974046754662
mt-Rnr2,0.3300877182383477,0.625642305854953,-0.39840231318915187
mt-Tp,-0.828974030670933,0.6831076564257739,1.8372812756490204
