gene,PANC-1,Panc02.03
A1BG-AS1,0.1521895679531995,0.052458368630200834
A2ML1,0.023067364112480088,-1.0598000551531412
A4GALT,-0.17513575755361632,0.30158547925886436
AAAS,-0.05212656164675877,0.2745116524479059
AACS,-0.21128028561819168,0.06034664940886003
AADAC,0.0,-0.011837510956525632
AADACP1,0.0,0.2575331162731045
AADAT,-0.14336052031047242,0.46134443849095563
AAGAB,0.021299309251556764,-0.035239641975890024
AAK1,-0.4823627903531591,-0.5305719564503848
AAMDC,-0.24794884204147039,-0.15530469146076542
AAMP,0.13759246193131336,-0.5184376310264627
AANAT,0.15352021917890593,0.2124001141468299
AAR2,-0.07671133946835873,0.2132033489601275
AARS1,0.07007819653818181,0.12064089200864458
AARS2,0.37633341265391884,0.6209279024884768
AASDH,0.1965323374807646,0.6386626159449724
AASDHPPT,0.022357928051278897,-0.08565594431308465
AASS,0.1990791960443943,1.1454872532274505
AATF,0.39805219074492726,0.3012438034409186
AATK,-0.028536508262704263,0.10405503558055296
ABALON,-0.28898605689526446,0.1993154472095453
ABAT,0.1373729717398773,0.23700307001577592
ABCA1,-0.7653312572944588,0.3203049705220664
ABCA10,0.057672274807026636,0.7168290455121945
ABCA11P,0.2922894432260889,-0.12040544336062398
ABCA13,-1.291192951145755,0.052458368630200834
ABCA17P,0.32436791673207976,0.3002844967959506
ABCA2,-0.32568391157846754,0.23311319073387793
ABCA3,-0.31412227397507664,0.37752947749150145
ABCA4,-0.9792893663488866,-0.655478828141454
ABCA5,-0.14141416730666467,0.13276025773782463
ABCA7,0.010356846961802724,-0.0527521024468367
ABCB10,0.07573370048810535,0.41848357767952793
ABCB7,0.13151649408302202,0.391462974202903
ABCB8,0.10394596527159194,-0.16407734038643795
ABCB9,0.17936314189297065,0.4269257477812829
ABCC1,-0.16819732987117675,0.7018740571614313
ABCC10,-0.005240326482848445,0.601231150843291
ABCC2,0.9357230137889101,0.5495545839761681
ABCC3,0.8468363790547686,0.24141313134757247
ABCC4,-0.5887580925381837,1.3615257830394007
ABCC5,-0.1369401861963624,0.5078890030893026
ABCC6,-0.6491619999153007,0.3094264231329653
ABCC6P2,-0.42980188369706795,-0.06748568393543897
ABCD1,-0.06884135446796424,0.6973666603510047
ABCD3,-0.06456067843216484,0.12554264698380724
ABCD4,-0.3697177795652453,-0.010799092481586392
ABCE1,0.1932057822591018,0.0390206512124287
ABCF1,0.1706785663826933,0.6408367019048242
ABCF2,-0.019119968868684722,-0.30921120066931085
ABCF3,0.041348957500792594,0.1070058639557887
ABCG1,-0.27302713897202946,-0.5586678502038502
ABCG2,2.471959992234928,0.0016338144611780514
ABHD10,0.1194130290076103,0.1633691499030192
ABHD11,0.4802406027998538,-0.2973650073685805
ABHD12,0.3072628600028411,-0.3757489290171776
ABHD13,0.36860477332191843,0.39486718295815315
ABHD14A,-0.4250829717154754,-0.24260361969920763
ABHD14B,-0.023330248046455893,-0.3129103506908564
ABHD15,-0.0785844164487477,-0.5529828926749634
ABHD17A,0.010773629649015959,-0.006084894247302408
ABHD17B,-0.23445320965080274,-0.048898126693135424
ABHD17C,-0.2793283645886362,-0.5876629581815891
ABHD18,-0.013232046269529896,0.12977715669689482
ABHD2,-0.5929712642584413,-1.0759691319037463
ABHD3,0.04655463021700523,-0.350101218874439
ABHD4,0.04506789749302165,-0.4346567248603259
ABHD5,0.10198776216987504,-0.10677363073460056
ABHD6,0.023247603707876152,0.5840777538274171
ABHD8,-0.6151344150414837,0.18654151048029632
ABI1,0.04414399549469472,0.04948349449118794
ABI2,0.02820747980410676,-0.013712681047449493
ABI3BP,-0.24582170011909366,0.08772857257419053
ABITRAM,0.3248060819213183,-0.10811045017986887
ABL1,-0.3623437493325232,0.3906344833294151
ABL2,0.024827512615378744,0.7328595776100304
ABLIM1,-0.8190127791178448,0.3270199748571727
ABLIM2,-0.2711731768355312,0.4103244565790174
ABLIM3,-0.6875252308206132,-0.4624867705577582
ABO,0.017415320262093595,-0.6333791008795666
ABR,-4.969659475406729e-05,0.16605779399070641
ABRACL,0.4451508565587732,0.4129250064638734
ABRAXAS1,0.3104388876590227,0.22152112158896475
ABRAXAS2,-0.14181593652496538,-0.09549589264007352
ABT1,-0.04900373624640331,0.19407965937763372
ABTB1,0.2357670887667247,-0.24380957649456736
ABTB2,-0.608646606430514,-0.01993178115143568
ABTB3,0.1103730223577946,-0.2302224065357299
ACAA1,-0.2584430123001482,-0.302512676094584
ACAA2,0.10160042115610946,-0.707152661411218
ACACA,-0.25968941248463384,0.3004777559520386
ACACB,0.0708109810058617,0.06255090544628406
ACAD10,-0.030348385888287588,-0.32844066408257433
ACAD8,-0.07282701088261856,-0.3415345231392246
ACAD9,0.027646405523174877,0.2694899402353359
ACADM,0.3320566118345418,0.4500319573940752
ACADS,0.23470651071967286,-0.22302329448618607
ACADSB,-0.14122706840163257,-0.18942942967221876
ACADVL,0.5238287592360926,-0.17790132155302718
ACAP1,0.041709062580504996,0.1496296486596238
ACAP2,0.1759687760059112,0.3670288450413519
ACAP3,0.0533730082807935,0.2511242280390267
ACAT1,0.03194260992608644,0.29107051250367366
ACAT2,0.06011707449866943,0.43583935806914953
ACBD3,0.13824924225799418,0.4512083040426935
ACBD4,-0.12408823279201409,-0.3483797113052898
ACBD5,0.012659040549014122,0.16902421092436182
ACBD6,-0.05776943058237016,0.052852170871052095
ACBD7,-0.08818256101979605,0.3535354111773459
ACCS,0.0278515214276438,-0.6896570638474779
ACD,0.0851196356159738,-0.07340182946898466
ACE,0.35632040251369834,0.21227070022403094
ACER2,-0.10427264669892033,-0.9021449476758088
ACER3,0.052832139322292804,0.3063804956935523
ACHE,-1.3277359651574383,-0.3141359022354233
ACIN1,-0.10926114306320756,-0.12696249664444537
ACLY,-0.09325433502425362,0.39383888560413816
ACO1,-0.03647103476853708,-0.03499312881967853
ACO2,-0.09215053299182419,-0.03338426519541926
ACOT1,-0.022548826106909114,0.2701362257936939
ACOT11,0.3666453954751592,-0.99035916357031
ACOT12,0.47871048506309943,0.0
ACOT13,0.18383438597115553,0.4711816263453219
ACOT2,-0.1931310457650044,-0.01110404932457687
ACOT4,0.25235299471821726,-0.6631539261685355
ACOT7,0.08594128713317417,0.16868610902158387
ACOT8,-0.09279940072806125,-0.2244396383299181
ACOT9,0.39371943033004975,0.0536265107340288
ACOX1,0.23585252457407968,-0.48587612944918224
ACOX2,0.12321886339030907,1.061154691657542
ACOX3,0.2254761907556837,0.11634443013260487
ACOXL,-3.421084739548899,1.1744090414912063
ACP1,0.10671449978226022,-0.38103915353640616
ACP2,0.06213463004039799,0.11998455453856405
ACP3,0.0,0.6014321585625853
ACP6,-0.4776910698866792,-0.3999622351551002
ACP7,0.12581765611108597,0.22033118537668095
ACSF2,-0.16724152275409176,-0.523015910272953
ACSF3,-0.10337532762704615,-0.10472773081053699
ACSL1,-0.3036501336432007,0.10163494017581254
ACSL3,0.48055017586979076,0.10097577275510972
ACSL4,0.08253579301457137,1.2977653213497593
ACSL5,0.5373813229895755,0.002482737168199911
ACSM1,0.0,-0.2001468576680061
ACSM3,0.04464373241082215,0.13171537716434778
ACSS1,0.07308961765436894,0.42801926717644667
ACSS2,-0.3462304619953045,0.8132488402704476
ACTA2,-0.16841827762969097,0.4228368201490482
ACTB,-0.07998782546116523,0.4113335567502414
ACTBP11,0.1456965595986735,0.2014708989418431
ACTBP2,-0.24653350963228293,0.3421450913402291
ACTBP9,-0.12034886534743905,0.32378119746181505
ACTG1,-0.01887525602400686,-0.32509345078971386
ACTG1P1,0.0079945121924192,0.07654874363727526
ACTG1P11,-0.008600201348927916,-0.3332508064351153
ACTG1P14,-0.07542359080669137,0.06813607677498901
ACTG1P20,-0.21738391321397688,0.2887659789137442
ACTL6A,-0.07199715252541683,0.21906980651505048
ACTMAP,-0.15397088193967523,0.1613798090706453
ACTN1,-0.25411245431745044,0.4771979346309543
ACTN4,-0.08991964230043514,0.3968221067415758
ACTN4P1,0.1557333950314026,0.18883421215214952
ACTR10,0.2951200948453314,-0.03878444171973783
ACTR1A,-0.30669821665259445,0.05150896424275331
ACTR1B,0.25442680937392126,-0.03525469447765417
ACTR2,0.20439175294668566,0.09532493459730063
ACTR3,0.18505304890181762,0.03798350818142282
ACTR3B,0.030202538245734267,-0.7183695005965705
ACTR3C,0.07303694638112335,-0.17034814314239877
ACTR5,0.01639743174065078,-0.07694214078773953
ACTR6,0.23899448356189268,-0.1373119802340863
ACTR8,0.023527311094924563,0.19033881827976185
ACTRT3,0.1618081552945132,0.7682428518209858
ACVR1,-0.1048047061641153,0.24580217939486015
ACVR1B,-0.05468642895886955,0.31132020044887465
ACVR2A,0.176154414694067,-0.11299493578908848
ACVR2B,0.12921415884860687,0.2208260237459445
ACVR2B-AS1,0.19804757418694996,0.021408947097821596
ACVRL1,-0.1568434150525766,0.8116075424316267
ACY3,0.13247241801189505,1.0174370176054652
ACYP1,-0.10948594966113934,-0.42876056749155467
ACYP2,0.26712376748769806,0.011282400333378018
ADA,0.6231118400664819,0.8974124920839528
ADA2,0.0,-0.9261185410056532
ADAL,0.040832057140336886,0.19531937133975852
ADAM10,0.19878994903811176,0.1934863446788011
ADAM11,0.09461217687030654,-0.051699868967370666
ADAM15,0.21823339233596428,0.2335718379970304
ADAM17,0.23885707796174582,0.8010365982253616
ADAM19,-0.9312714608736687,0.8666443334227543
ADAM21,0.003559823505228127,0.6367972562148868
ADAM22,-1.1144670774173016,0.03127841005754162
ADAM23,0.2703964840402167,-1.75953054480393
ADAM28,0.023067364112480088,-0.7466305002014753
ADAM8,1.3537772266648116,0.2879271947347597
ADAM9,0.4063185853095721,0.2826544339512651
ADAMTS1,0.1852942913548934,0.0
ADAMTS10,0.05117602623784667,0.8121404534394393
ADAMTS13,-0.3365116458602186,0.21069387867670475
ADAMTS15,-0.4321713142561876,1.2815785818149168
ADAMTS16,0.3079138915426427,0.0
ADAMTS3,-0.4782970315510987,0.033926515076895786
ADAMTS6,-0.05747444662176458,1.4278288742336378
ADAMTS7,0.2628197290849649,0.484423555625213
ADAMTSL4,-0.2449098682555899,2.197266202403911
ADAMTSL5,-0.1788956173492373,0.2612285078010341
ADAP1,0.33830713746971663,0.13592553188517176
ADAP2,0.03315849877544119,0.22503119911310865
ADAR,-0.0018814732889467223,0.7641540665726945
ADARB1,-0.28385147177541015,0.6272593977372916
ADAT1,0.08923821027268364,0.24105232144247601
ADAT2,-0.1484015982172786,0.5035682114523838
ADAT3,-0.10259468881134293,0.23595382263463982
ADCK1,-0.13546427700889518,0.32463114772723367
ADCK2,-0.05875326875912101,-0.5329407582808408
ADCK5,0.3146214043341242,-0.4008799783252419
ADCY1,0.5036000680275874,0.007302627182211505
ADCY10P1,-0.16738980157288608,0.2658550472606094
ADCY3,0.040346839437488846,0.7285134710714201
ADCY5,-0.29662320540244436,0.004578696261759774
ADCY6,-0.45028801249749595,0.0028101983192208024
ADCY7,-0.12604445650871732,0.8916910548832857
ADCY9,-0.8027416969738637,0.2528949351668217
ADD1,-0.009323530177256956,0.39232240457584044
ADD3,-0.2803830801654348,-0.5744670796279179
ADGRA2,0.12002506084278242,1.728476039787421
ADGRA3,-0.07454581276625305,0.6707142480182435
ADGRB1,-0.024906153488122307,-0.08679247946427893
ADGRB2,-0.33856051812520427,1.3353013526142368
ADGRE5,0.024653306894300897,0.6480872012272307
ADGRF1,0.6386217654037566,-0.4023189543820944
ADGRF4,0.15027734440973467,0.36233138499738526
ADGRG1,1.6519138069191044,0.23169055565402452
ADGRG2,0.8344247846563331,-0.048138090844500436
ADGRG5,0.0,-0.4965696013435481
ADGRG6,0.6857868905859705,1.1508878148731343
ADGRL1,-0.25726534282724955,0.8261219941173952
ADGRL2,-0.34472366428368595,2.3271058684841215
ADGRL3,0.20642038341621682,1.6802427749921505
ADH1C,0.0,-0.3015964892623726
ADH5,-0.01205958933790452,0.08497238671697271
ADH5P4,-0.13862036515292508,0.03779954416450615
ADI1,0.11423605335936404,-0.1868584838713696
ADIPOR1,0.12542865113714807,-0.12317012250201742
ADIPOR2,0.03474095658941678,0.4908399365260401
ADIRF-AS1,0.5520502795683245,0.7417974339738429
ADISSP,0.024295906419529167,-0.28622501734923045
ADK,-0.07467510236280805,-0.22116382219913078
ADM,-0.38251949831380117,0.7863214764899613
ADM2,-0.4536013498710023,0.15045032745233566
ADM5,-0.3378982566936015,-0.5626727831318505
ADNP,-0.04683954787825417,0.1231825530559938
ADNP2,0.24355187747114826,0.3119534583109722
ADO,-0.2889274040809786,0.2979370085706199
ADORA1,0.23561759170876595,1.5029164199255027
ADORA2B,0.19570302868943568,-0.6690041793046007
ADPGK,0.1724315019011433,-0.038500814379972326
ADPRH,-0.5610449215142621,-0.20805679803893096
ADPRHL1,0.611599130146756,0.20606551252316585
ADPRM,0.2631981914956767,0.0520591885818078
ADPRS,0.1379345937226253,-0.03539801280357935
ADRA1B,-0.5877341890729859,-0.5138393090444451
ADRA1D,0.6976742101114348,0.6924933470387756
ADRA2C,-0.32886150440122686,0.7826173076260603
ADRB1,-0.43368520644439545,1.0715519467585588
ADRB2,0.05177600846938857,1.1853108179926166
ADRM1,0.044770344794127226,0.011869110992143383
ADSL,0.12938118392522036,-0.3040314518535008
ADSS1,-0.03630746815775554,0.043912878653912024
ADSS2,0.22329800923716192,0.14996251014349582
ADTRP,-0.004310612493881573,1.0171336454732072
AEBP2,0.13450371601609845,-0.02301060017990242
AEN,0.20661908420619568,0.24754399926264758
AFAP1,-0.4932206938278849,0.5587316052250397
AFAP1-AS1,-0.13639773471009597,-0.42038408891389345
AFAP1L1,-0.6068367457650199,-0.20552706229315532
AFAP1L2,-0.5922314113963507,0.3189203690851721
AFDN,0.14211506065462842,0.6937163435641924
AFF1,0.17794512222850933,0.7056376717845501
AFF3,2.167429661105081,0.0
AFF4,0.09056323111714804,0.5966235869522052
AFG1L,0.09364926457860134,0.8546809301120157
AFG2A,0.08520259343538061,-0.18016206103901977
AFG2B,-0.23272187072786377,0.1533742303290806
AFG3L1P,0.3753165956932736,-0.1359886123756957
AFG3L2,-0.014928883189574194,0.20024613785327894
AFMID,0.17215033204109353,-0.48871141532417894
AFTPH,0.08796426683224112,0.0702790220187346
AGA,0.711938609111074,0.07781445007726306
AGAP1,-0.3846365527994813,0.20341823761354583
AGAP2,0.07534821021685306,-0.40748559587176403
AGAP3,-0.12140925266583658,-0.13959812157459517
AGAP4,-0.36772588196337574,0.04358617394452646
AGAP6,-0.3226224504166919,-0.17338405470137763
AGAP7P,-0.2676055657235761,-0.027794278512683013
AGAP9,-0.2116452925029586,-0.3175559768113009
AGBL2,0.08231372888111399,-0.28447061686743713
AGBL3,0.595178896501649,0.07223800021454863
AGBL5,-0.03624968331793621,0.09312410251545344
AGER,0.08065455012952105,0.10294907093471584
AGFG1,0.07567102032448858,0.17196255369499713
AGFG2,-0.3078326009542236,0.1420186871452147
AGGF1,0.08274792809941589,0.3409054860863989
AGK,0.03527189712180334,-0.12491810698575545
AGL,0.10962816317461765,0.17098520614988466
AGMAT,0.005309998929002635,-0.4641599855989623
AGO1,-0.008812018657596177,0.22083556460294762
AGO2,0.010567545354467356,0.2861774368193828
AGO3,-0.07262490467103078,0.26857775697836583
AGO4,-0.3864740010223695,0.5646299777032047
AGPAT1,0.18845813321173122,0.545791475343691
AGPAT2,0.15005042380242983,-0.5084512366405916
AGPAT3,0.014838901816156103,-0.08868811918033614
AGPAT4,0.12485314954590176,0.7056470071065037
AGPAT5,0.16759431689939053,0.02594752501285491
AGPS,0.1524305470534557,0.07646508247255923
AGR2,-0.2857742000886123,-1.3025199147710556
AGR3,0.0,-1.6477583627995913
AGRN,0.17030775376229457,0.6084860535067325
AGT,0.04464373241082215,1.2641331926508539
AGTPBP1,0.5259866163076459,1.592803351514673
AGTRAP,0.10148160870712086,0.03678035638978816
AGXT,0.017280043738908353,0.4181651835533079
AHCTF1,0.11591177655929297,0.2732816394386335
AHCTF1P1,-0.2112797325137148,-0.012816981601146749
AHCY,-0.15525809962531412,-0.04559862028846151
AHCYL1,0.34848955085358124,0.45895978653626024
AHCYL2,-0.3578101960650315,0.46343815332523475
AHDC1,0.49887765681477436,0.3787407162759884
AHI1,0.4240671096534969,0.5165801983705931
AHNAK,-0.6921067350292329,-0.4766907817718522
AHNAK2,-0.2000142657717845,1.4371042447596682
AHR,0.44430861115760933,0.4076931523767211
AHRR,0.12884504057626867,0.807289584317573
AHSA1,-0.07332514830875247,-0.278914710985954
AHSA2P,0.25449073709274117,-0.10994289904429744
AIDA,0.28248716915857486,0.6497801044732974
AIF1L,-0.37121721318821166,-0.5734725218461847
AIFM1,0.052845351107490224,0.25240586135087195
AIFM2,-0.08771529134929779,0.21095011088806181
AIFM3,0.26620187218572433,-0.3951263747615561
AIG1,0.6171638280296516,-0.27826379664134304
AIMP1,0.1294766078540821,-0.23605500185612982
AIMP2,-0.19501709451578542,-0.056329903496106226
AIP,-0.1923761981517007,-0.4005837603016005
AIRIM,0.19435628115369497,-0.06359022144484561
AJM1,-0.08579222789830165,0.2176248700380783
AJUBA,-0.14287677675430466,0.7461857824420628
AK1,-0.10091131244469764,0.02102369459316522
AK2,0.11711656377737523,0.03237997795993852
AK3,-0.1748014894447545,0.15594325966975298
AK4,0.7234657443839092,0.24160480526267136
AK4P1,-0.07341151935218415,0.23229805680834215
AK5,0.38724537384880353,0.39403319376402113
AK6,0.24160515705833774,0.176043793751802
AK7,-0.12728755686215293,-0.37838648035237576
AK8,-0.021858721492463123,0.44320855726643904
AK9,0.4168148911322025,0.07224412122981216
AKAP1,-0.16334759112294162,-0.08217967403077342
AKAP1-DT,-0.029005812930045005,-0.4649955158062089
AKAP10,-0.066816741732028,0.12260743490718617
AKAP11,0.3123820235846386,0.7012774085898306
AKAP12,-0.5449643462748881,1.830811281295075
AKAP13,0.03050836925327438,0.04329858738623038
AKAP17A,-0.13130203461392576,0.0487629937029741
AKAP3,-0.03978104431872198,0.021161221808579267
AKAP5,-0.417092734037657,-0.23515534343629407
AKAP6,0.12392322205199047,0.4820462251198554
AKAP7,0.2559060106617772,0.4981737669096915
AKAP8,0.019842085044354363,0.059495163949991436
AKAP8L,-0.2782829574445387,0.22333629993939752
AKAP9,-0.02120309107381413,-0.3282258646022722
AKIP1,0.06481360429431948,0.15558107333554716
AKIRIN1,-0.18331054259589763,-0.1892461562331711
AKIRIN2,0.4450240093723705,0.5881209248477752
AKNA,-0.018556889245580077,0.2718738296888592
AKR1A1,-0.028675835817892015,0.18810867574701273
AKR1B1,-0.7584295836406287,0.14789857099590176
AKR1B10,0.021753653426295746,-0.5538548106289982
AKR1C1,0.0,2.2099774377510526
AKR1C2,0.0,-0.16320754697565887
AKR1C3,-0.13291592616084671,-0.29943566261177557
AKR1E2,-0.38583874318464595,-0.1293222111785326
AKR7A2,-0.12678615923604575,0.0026276934062909874
AKR7A3,-0.19526677546293092,0.12480762320544225
AKT1,-0.010791821274492186,0.23953478793283534
AKT1S1,-0.004126761092263287,-0.04093428561383927
AKT2,-0.10545397759237929,0.2432567069286522
AKT3,0.6981699998965616,0.48093037863321
AKTIP,0.02482403321518678,-0.501711830439886
ALAD,-0.07023523480074134,-0.1306257821554313
ALAS1,-0.06875136021395534,0.3056484268982729
ALCAM,-0.3307075485287756,0.8648731620638852
ALDH16A1,0.3909766681935576,-0.1303465985925687
ALDH18A1,-0.39752953868805196,0.16442194714831082
ALDH1A1,0.6737701585698962,-2.622889110759636
ALDH1A3,-1.1267078242892712,0.3852369239072715
ALDH1A3-AS1,-0.17889730940535165,0.35510468101030246
ALDH1B1,-0.057418700064811645,0.31695103023012283
ALDH1L1,0.24657675063893064,-0.05966414947752918
ALDH1L2,0.02384991708440909,0.9869325456859035
ALDH2,-1.0022067601459113,0.10093849224632079
ALDH3A1,-0.027459904029403112,2.4171786801293997
ALDH3A2,0.1406677518798629,1.1804605821021132
ALDH3B1,0.3776489459805017,-0.062034455879103945
ALDH3B2,-0.03257573227319623,0.5200493824419752
ALDH4A1,0.2950701661366928,-0.019774794205695834
ALDH5A1,-1.3928027018851314,-0.17720555985499065
ALDH6A1,0.3084720470741871,0.15516105565329852
ALDH7A1,-0.24499214618996223,-0.09621041065402025
ALDH9A1,0.1275288618519923,-0.11736404559052627
ALDOA,-0.14461146595630314,0.580993952370439
ALDOAP2,0.15465380212970048,-0.2281596348315793
ALDOC,-1.105456556278746,-0.30022233350729627
ALG1,-0.031718351984026505,-0.17660014378358468
ALG10,0.6158874895444493,-0.02042207063907364
ALG10B,0.7696446781109558,0.13692601779050495
ALG11,0.338599856458742,0.5247802566674284
ALG12,-0.08027138712315374,0.08288870548258798
ALG13,-0.04271635357357262,0.10882302018574208
ALG14,-0.15348515669842966,0.0483544551835875
ALG1L1P,0.0468888057155194,-0.4907497466728439
ALG1L2,0.025469906183799157,-0.09117893750986106
ALG1L6P,0.2837305901975091,0.24225831799746267
ALG1L9P,0.2143612368008343,-0.17091584798664206
ALG2,0.12904932708239159,-0.1870091199644328
ALG3,0.08104598273845731,-0.03672575442375159
ALG5,0.1905981198224227,0.24059299315933647
ALG6,0.3819786476135718,0.2333956784875304
ALG8,0.1174973564817785,-0.26270579822945983
ALG9,-0.06842706343538074,-0.2346443864155079
ALKBH1,0.41269780371291986,0.05591356865740682
ALKBH2,-0.08037019747692842,-0.19390465193451778
ALKBH3,-0.18560116933660975,-0.12842606066230022
ALKBH4,0.05089453470652039,-0.35329617864624296
ALKBH5,-0.1310879310762756,0.16812470393529022
ALKBH6,-0.3210801931224774,-0.15452155785834232
ALKBH7,-0.0446827751310801,-0.26141440522418957
ALKBH8,-0.026553747055825916,-0.27583508703561455
ALMS1,0.030516626750303644,0.4918761123970463
ALMS1-IT1,-0.027851089446315314,-0.21846904871877
ALOX12,-0.04029668083850413,0.08559426734928977
ALOX12-AS1,0.22570019426541776,0.05227777633937025
ALOX12P2,-0.1927703347353646,-0.039771433044544
ALOX5,0.08166826397519496,-1.6682679111274599
ALOX5AP,-0.21203698938744941,0.5689093713962579
ALOXE3,0.5622185990043895,0.11129717088901048
ALPG,-2.6563254840317416,-3.3001208428705073
ALPK1,1.2101419850158972,0.29929763144329513
ALPK3,-0.2503117933755936,-0.4772243258177644
ALPP,-0.5947741388355526,-1.3974544262475312
ALS2,-0.33270403873295784,0.1931996347847429
ALS2CL,0.17379353823273314,-0.7419268542570583
ALX4,1.4577760943117544,0.02786360824845108
ALYREF,0.15946800868071165,-0.4127321935422952
AMACR,-0.011371611242672053,0.42634046468015974
AMBRA1,-0.2926646770330912,0.11341094187086576
AMD1,0.22765762398056033,0.8799787048110694
AMDHD1,0.4604885024460808,0.18779641952817605
AMDHD2,0.056147375211735184,-0.2951618820603339
AMER1,-0.4592446332164366,1.1603215340466733
AMFR,-0.04194564540793522,0.05839480101538186
AMH,-0.2749419091751273,-0.10882157372846946
AMIGO1,-0.10947856515038867,0.5605899580579161
AMIGO2,-0.6342689200974867,-0.16923519956183153
AMMECR1,0.15590832300749646,1.158672354917658
AMMECR1L,-0.12053692777153202,0.13541700379169264
AMN,-0.15592857647752084,-0.581290971103575
AMN1,0.569546532106513,0.2948515587359948
AMOT,-1.3198268135265423,-0.9862568673193306
AMOTL1,-0.657874278539345,0.668464232257274
AMOTL2,-0.06809746297636554,0.5476188359758458
AMPD2,0.03146149822824462,0.323724773185595
AMPD3,-0.494759631881855,0.32988259977637835
AMZ1,-0.36478643971111957,1.6046888092076492
AMZ2,0.21241447088398502,-0.016969496584725796
AMZ2P1,-0.02967133882049655,-0.24145872319739548
ANAPC1,-0.1736591980661748,0.3117704621360877
ANAPC10,0.07101773438107761,0.1135053359733369
ANAPC11,-0.021856497160838373,-0.47282630321790187
ANAPC13,0.003417147614255711,0.47381891480883453
ANAPC15,-0.36094660074359264,-0.18613689713738713
ANAPC16,-0.09026400655144329,-0.09309184840547413
ANAPC2,-0.016426257255390375,-0.19688435215792133
ANAPC4,0.19569853613765442,0.15884770975083562
ANAPC5,-0.045869549417056454,0.2034190682519359
ANAPC7,0.04414673801047275,0.13556974448417947
ANG,-0.20125759912240432,0.017513023333690203
ANGEL1,-0.07441918481365573,0.34819470227023697
ANGEL2,0.0866553023872223,0.6122842311126497
ANGPT4,0.013050501015491156,-0.5583570503098972
ANGPTL2,0.0,1.7790729336147053
ANGPTL4,0.29659084890748844,1.1911846326097248
ANK1,-0.2978552209569161,0.8359439184272044
ANK2,1.5515293826268748,0.9375486695860679
ANK3,-0.024358313791638997,0.27071074578505083
ANKAR,0.12857666584560068,-0.04431931002902956
ANKDD1A,-0.1919632461607761,-0.5950229572632098
ANKEF1,0.8412072102800128,0.4105443981021626
ANKFY1,-0.023562690279256948,0.6464408321137229
ANKH,0.3881179041478804,-0.0350953775256162
ANKHD1,-0.14947703443744575,-0.10439576507187986
ANKIB1,0.036720467363783094,0.33511387962341743
ANKLE1,-0.030250580234178148,0.14860179710020255
ANKLE2,0.11246591554686702,-0.00023030091748665882
ANKMY1,0.13261809147881332,-0.03247272943060775
ANKMY2,-0.11413220728627582,-0.147418168412508
ANKRA2,0.22030207638381727,0.0022619565773460693
ANKRD1,2.9049513184008466,-1.752888563814306
ANKRD10,-0.35848088446944537,0.4441809585446661
ANKRD10-IT1,0.02323267746045299,0.4462568223745951
ANKRD11,-0.24833174709067407,0.0013043700611605757
ANKRD12,0.04029817154613102,0.33662531837029164
ANKRD13A,-0.006079826952229084,1.190666800798037
ANKRD13B,-0.26043428529937795,-0.6496910059983105
ANKRD13C,-0.06289683949060798,0.2149983817082397
ANKRD13C-DT,0.6424785703477771,0.07244911408446697
ANKRD13D,-0.13181030044458453,-0.5079862454803354
ANKRD16,-0.5516791978872062,0.08329703607336114
ANKRD17,0.0663097303845257,0.2896420091075571
ANKRD18A,-0.15921339196496742,0.20284271638930076
ANKRD18B,-0.31956658398950344,0.18562907293550812
ANKRD18EP,0.238944417062815,0.7069580284156941
ANKRD19P,-0.13870503845829277,-0.49222811790408294
ANKRD2,-0.2545202942125838,1.2058725981351235
ANKRD20A5P,-0.28191584989853014,-0.20800721358806262
ANKRD22,-0.07858654046135476,-0.34038079604527205
ANKRD24,0.3024612044036613,-0.30849871745632296
ANKRD26,0.11025181032411879,-0.05053205081244405
ANKRD27,0.1468497716320618,0.29599221926581976
ANKRD28,-0.16265716904322503,0.21297816282751292
ANKRD29,0.2712972389734264,0.45631709013725597
ANKRD33B,-0.28230914733486046,1.7035726940456617
ANKRD33BP1,0.5827050019813164,-0.012619033387791578
ANKRD34A,-0.7795164998640183,0.10380452333537105
ANKRD34B,0.039033697165204106,0.992042679686322
ANKRD36,-0.047977942691753706,-0.004217693123365729
ANKRD36B,-0.11548428939299149,-0.15071160683677765
ANKRD36C,0.016799823786161072,-0.5744700526647138
ANKRD37,-0.026656614099102693,-0.26151269710154823
ANKRD39,-0.04108550108162956,-0.17692151446763438
ANKRD40,0.014793420622406295,0.236314318393692
ANKRD42,0.11636882895805156,0.09525618793645307
ANKRD42-DT,0.3314080961517757,0.0658448360418552
ANKRD44,-0.4210859828926363,0.13292529200240422
ANKRD46,0.29901172189817116,0.05023150097220874
ANKRD49,0.04262223417225508,-0.33473433931825625
ANKRD50,0.28190059470207096,1.1356492132458929
ANKRD52,-0.24580579081215514,0.4957432262339738
ANKRD54,0.019526054806831894,0.14915355662631669
ANKRD6,-0.18309005720734922,-0.07616568610398411
ANKRD65,-0.308977425988489,-0.15055303381895424
ANKRD9,-0.22406159133976722,-0.03924638176928141
ANKS1A,-0.20747166131278139,0.6898776496988424
ANKS1B,0.27562781347377285,0.14012694432886266
ANKS3,0.08214626564232974,-0.043580250776096285
ANKS6,-0.23843569506540607,0.002511014170288206
ANKZF1,-0.05797108799420725,-0.030788865109717456
ANLN,0.05857236503024055,0.35586500666259724
ANO1,0.8901582279970417,-1.8918437467956961
ANO10,-0.09834339619738586,0.21712699452830986
ANO5,0.8674113668396484,0.0382409291028842
ANO6,-0.2833901840792734,0.4458831884102521
ANO7,-0.3925337014248269,-0.41510896274284637
ANO7L1,0.29454936063451254,0.14909947621510744
ANO8,-0.2760362787122248,-0.001173790784116946
ANO9,-0.23188841007756755,-0.5014056181458564
ANP32A,0.022044724845645902,-0.21672298746011975
ANP32AP1,-0.15222406907737884,-0.30440580512466736
ANP32B,0.18922621411121732,-0.1586629601250209
ANP32BP1,0.08066201722368516,0.04201559706083513
ANP32E,0.45351695394608615,0.4342479750469721
ANPEP,-0.14871777596044744,0.9614907479735741
ANTKMT,-0.0076021712440415,-0.5653522722949713
ANTXR1,-0.64343178480466,1.0226722422091683
ANTXR2,0.3184455021809729,0.834887772798834
ANXA1,0.6662565088673977,-1.0651982256060002
ANXA11,-0.2629986097671946,-0.6265204487301599
ANXA2,-0.2143310318685252,-0.5397547696367102
ANXA2P1,-0.26628398170110135,0.23406711830723148
ANXA2P2,-0.18658357275298965,-0.39457571166836214
ANXA2R,-0.6001309424440129,0.1275288981277487
ANXA2R-AS1,0.173552789885826,0.4154475016786942
ANXA2R-OT1,-0.20849952696501362,0.559626766608486
ANXA3,0.2898215433552024,-0.031103305456893438
ANXA4,0.011223599771565063,-0.47380572993965675
ANXA5,0.40292256314684494,0.856696594093739
ANXA6,-0.4668947892050408,1.8732547407158764
ANXA7,-0.27899868103266545,0.07526478471297082
ANXA8,0.19319453854606308,0.30332889995627
ANXA8L1,0.0459574430970065,-0.21712422132324005
ANXA9,-0.18744581599820376,-1.1850312017914213
AOC1,0.0,-3.9743906748777285
AOC2,0.2271229054144724,-0.1282869264298827
AOPEP,-0.5953733136962498,-0.6020044511584599
AOX1,0.2517963654411459,1.265386266771298
AP1AR,0.20387115903410535,0.6560995003209644
AP1AR-DT,-0.05175906211858092,-0.0771688651574447
AP1B1,0.1091174755306552,0.11975902152471463
AP1G1,0.08647060375156279,0.16403392123526395
AP1G2,0.21631781714278064,-0.33270225004405685
AP1M1,0.08026075582654357,0.4304615659022817
AP1M2,0.5170312942320892,-0.40095990707055496
AP1S1,0.29285072019391123,0.06150175461200469
AP1S2,-0.3857593915758062,-0.6486317164227251
AP1S3,0.12970759746711025,-0.2225180304460075
AP2A1,0.11125319770121589,0.152319169960915
AP2A2,0.05096822517702293,0.864947010720285
AP2B1,-0.0232198089118274,0.4039611438913866
AP2B1P1,-0.011756604968420015,0.2062802005102466
AP2M1,0.049935947684547344,0.07638128927902521
AP2S1,-0.011612687504659824,-0.22140191442278034
AP3B1,0.11030264618130925,0.40514940855288817
AP3D1,0.06654563270771874,0.001161389073250696
AP3M1,-0.10392458553153627,0.294445200876881
AP3M2,-0.02439961218894071,-0.07431588765492103
AP3S1,0.22451239316695215,0.00871274690160373
AP3S2,-0.2637829889243357,-0.2117996960203854
AP4B1,-0.0254579347377053,-0.10985252358633835
AP4E1,-0.06141435246256233,-0.007123329431321768
AP4M1,-0.0716540960358687,0.3317601271113211
AP4S1,0.1987973695054186,0.006967848161565371
AP5B1,-0.03412662428981683,0.794125681896884
AP5M1,-0.10985265128789834,0.23179020385808347
AP5S1,-0.07125441341611616,0.01724505825136191
AP5Z1,0.07603886246519487,0.23770571159477516
APAF1,0.14118558851562835,0.5111958033381607
APBA1,0.10847175666853436,-0.585357763488722
APBA2,0.02289007898452641,-0.8662232823177458
APBA3,-0.012860567996378247,0.22444256615721692
APBB1,0.18883688059171355,-0.3599172511791844
APBB1IP,2.177966856952985,0.0
APBB2,-0.18622962440229074,0.8970351625150847
APBB3,0.32746805232087994,-0.017375080801061316
APC,0.07748094946310502,0.8076261307527277
APC2,0.005002425844114811,0.356943684938253
APCDD1L,-1.1827726318802527,0.5828366169227844
APCDD1L-DT,-0.3666841029263128,0.12595454959775487
APEH,0.027721905371282496,-0.055613159089527464
APEX1,-0.08386597128521789,0.06866695107062082
APEX2,0.19244685598830458,0.24254080013505153
APH1A,0.0858434922635114,0.18413223252989397
APH1B,0.14915592676205236,0.8161725379548439
API5,-0.034922669555023766,0.21906673890334982
APIP,0.04245696476948524,-0.30444421087793927
APLF,0.23747974360377722,0.24860940071862947
APLN,-0.4347669036167854,-0.04827184164168998
APLP1,-0.07626243708500091,-0.1212495079506577
APLP2,0.2138957581826002,-0.3366556243625727
APMAP,0.16506210290452472,-0.1828521035182078
APOBEC3B,0.022421494224783345,0.38495562755562185
APOBEC3C,-0.09810858949434387,-0.12290088645463992
APOBEC3F,0.10872555689102881,-0.05678485255075305
APOBEC3G,0.5609543206656018,-0.5029906320148552
APOBR,0.0010276267244713755,-0.7852499902942514
APOC1,0.21320735305962457,0.07051532505910485
APOD,0.007102611300059888,-0.6095738576135812
APOE,-0.337025577899146,-0.9072108145797468
APOL1,-0.09438374256775761,0.6323689514197568
APOL2,0.12760176833459624,0.6087393531102636
APOL3,0.04208326335295587,0.24463464775927513
APOL6,-0.35677825325354195,1.1210097496641636
APOLD1,0.5098741808936724,0.6261816252670975
APOM,-0.06963023422374004,-0.19913209740542248
APOO,0.23361910556476229,0.013386878045720696
APOOL,0.11694757699974456,0.601424094960473
APP,0.05937187848883596,0.1349747031060211
APPBP2,-0.007437455186641628,-0.04473480780726202
APPL1,0.014641256375029776,0.5937228732539142
APPL2,0.13118438582193281,0.4675662401732321
APRT,-0.06673392465069838,-0.6199335266983281
APTR,0.1179792690030812,-0.5534981809688184
APTX,-0.04075505820387271,-0.13045846306119735
AQP11,0.18125021177966105,0.34198427255063835
AQP3,-0.6939518277962843,2.852267826337842
AQP5,-0.04667021730933835,0.17603760492648068
AQR,-0.16152632189063887,0.12419851427752615
ARAF,-0.1531591925262612,0.09863360975437452
ARAP1,-0.14735736941622335,0.03130778174609272
ARAP2,-0.20790701690963953,-0.0036440741928007725
ARAP3,0.5976513209840779,0.46052219752705437
ARC,0.425044059669449,-0.7070961293848916
ARCN1,-0.005428226771048372,-0.12988269913182027
AREG,0.9018488835600131,-0.35784965755725384
AREL1,-0.12000618754800296,0.35395587707027243
ARF1,0.013324729992330475,0.014453010310754522
ARF3,-0.13852200762296185,-0.12862467590653104
ARF4,-0.07314120902274368,0.03665605200533317
ARF5,-0.041748006869762655,-0.3170081125536415
ARF6,0.28758022309496134,0.09187265987436177
ARFGAP1,-0.01773646847033561,0.34084916532107457
ARFGAP2,0.1593520479269328,-0.1481174890836332
ARFGAP3,0.2584697225781545,0.6181688922667576
ARFGEF1,-0.010284019071191253,0.09772119649835265
ARFGEF2,-0.07147168416171024,0.44089493657368095
ARFGEF3,-0.2905509968607667,-0.43056816897335626
ARFIP1,0.09387613335284861,-0.045054595788608154
ARFIP2,-0.12270321044666588,-0.21689804003744761
ARFRP1,0.021498859220763222,0.23275664764273962
ARG2,0.07747147057016124,0.38896607820604956
ARGLU1,0.35847372212062645,0.09827301517199238
ARHGAP1,-0.19724366037698093,-0.36950677003243726
ARHGAP10,0.17172628626102426,0.3088348463772892
ARHGAP11A,-0.0747919068401357,-0.07261719570248149
ARHGAP12,0.4292184104268655,0.3345274498756945
ARHGAP17,-0.10179892247582423,0.4383942926701181
ARHGAP18,1.0648569669535375,1.16503295080667
ARHGAP19,-0.2154979037305349,-0.2753220330874706
ARHGAP21,-0.19410447967486721,0.7379410368489383
ARHGAP22,0.48397655410226387,0.8703117150048518
ARHGAP23,-0.6779603360194413,-1.0260912896720935
ARHGAP24,0.040191544567377946,-0.3569427191232273
ARHGAP25,-0.10444198078152826,0.21190046057851664
ARHGAP26,0.20069045714426892,0.5089438782815723
ARHGAP27,-0.001978383888919133,-1.0086152863286504
ARHGAP29,0.12447292487598105,0.5096811939488815
ARHGAP30,0.04839168541806309,0.45129850384704673
ARHGAP31,-0.5908684290505817,1.6961784646647768
ARHGAP32,0.01726858360324357,-0.31371237604890734
ARHGAP33,-0.38915489292784233,0.041975012308567816
ARHGAP35,-0.2238986496686719,0.5401182223980276
ARHGAP39,-0.16763970632683733,-0.15281188113689215
ARHGAP4,0.34576095973565657,0.43566099578494377
ARHGAP42,-1.5300343184732106,-0.19468748432726724
ARHGAP44,0.08812963869486445,0.13204279658601248
ARHGAP45,0.16622829151995777,0.1014852564833637
ARHGAP5,0.44897809632051455,0.9969915255566537
ARHGAP5-AS1,0.506178380155681,0.051333134326231544
ARHGDIA,-0.09107473584060877,-0.1707368039782713
ARHGDIB,0.7499854842764592,-0.43645698846336956
ARHGDIG,-0.34159526909954463,-0.01407331950971491
ARHGEF1,-0.2156791808816516,0.18781970200906528
ARHGEF10L,-0.07717396334571003,0.022771596185592102
ARHGEF11,-0.09000865416378101,0.16695088751284626
ARHGEF12,0.03790874748096584,0.43992751395808316
ARHGEF16,1.1031215747098222,0.006168791563367471
ARHGEF17,-0.15541540473035464,0.10274013104981883
ARHGEF17-AS1,-0.14069301768949338,-0.14347818472414575
ARHGEF18,-0.4568817848315945,0.1298877996326686
ARHGEF19,0.015768928761538348,-0.30383999796729366
ARHGEF2,-0.2975970141748219,0.8330711899672512
ARHGEF25,-0.3134154904976665,0.7907221192871983
ARHGEF26,0.5581003340088628,0.39729403311748
ARHGEF28,-0.5290245039547887,-0.4193928485614098
ARHGEF3,-0.2341487192043905,0.44227685106644277
ARHGEF34P,0.12463995267900119,0.4442061227022558
ARHGEF35,0.3091950889303048,0.023011449774056114
ARHGEF35-AS1,-0.1411625478455023,0.048734783456049424
ARHGEF37,-0.6148908991500941,-0.10942906726499757
ARHGEF38,-0.0358318466318886,-0.2220570951783014
ARHGEF39,-0.0989450296507215,-0.13655935695675225
ARHGEF4,0.264894006698185,-0.16190689637287736
ARHGEF4-AS1,0.10123821437940117,-0.13872001048777594
ARHGEF40,-0.39951540411953346,0.891557136475746
ARHGEF5,-0.017342301438028507,0.07821106004276857
ARHGEF6,-2.048739257931191,0.28551456016570087
ARHGEF7,0.14514869855041646,0.5547340946834023
ARHGEF9,0.3130635887695026,0.3941378785781531
ARID1A,-0.14062066376692517,0.3972634478975401
ARID1B,0.04522280351546559,0.8006648952752613
ARID2,-0.1492024221636985,0.679793017699442
ARID3A,0.20067337382089256,0.5557292064708781
ARID3B,0.2156194195827883,0.26188809446190353
ARID4A,0.2672668639731697,0.1259408861276019
ARID4B,0.018363453677354258,0.2721784572232364
ARID5A,0.13243706707350178,0.06846418647335017
ARID5B,-0.09098201168599207,0.7486821397725776
ARIH1,-0.16674060180560257,0.08739238936393168
ARIH2,-0.1561804111175107,0.13218972616338664
ARIH2OS,0.04684088901039246,-0.3411842359835906
ARK2C,0.0,0.016118338173819247
ARK2N,-0.15098705798090073,-0.05422277822959476
ARL1,0.13630392833088845,0.021834146502945018
ARL10,-0.19848356079947926,-0.24423975037151635
ARL13B,0.3801362573499141,0.5160670253959889
ARL14,-0.05264850902088947,0.12490686920624983
ARL14EP,-0.13484688923935906,-0.01614519485859134
ARL14EPL,0.0598457542159114,-0.4182598035784426
ARL15,-0.47667902223310854,0.5786534137047634
ARL16,0.17795779308676174,-0.5059550220831355
ARL17A,0.07491857606692176,-0.1460182967847189
ARL2,-0.29406507438546736,0.027935591783821323
ARL2BP,0.24972574973746098,0.30581829667561167
ARL3,-0.02241940906626283,-0.04999849572608994
ARL4A,0.1506190909582097,1.0739976036149228
ARL4C,-0.055421482086185136,-0.2089406179909581
ARL4D,-0.5946725002670483,0.018107707390979222
ARL5A,0.08077338162690317,0.23842535734410752
ARL5B,-0.12216130764544086,0.4429147998957106
ARL6,-0.045988900764203144,0.10383930512067518
ARL6IP1,0.1642684749138752,-0.3077921256001792
ARL6IP5,0.08813738594905196,0.38182312795359774
ARL6IP6,0.18399400858573145,-0.337034873235325
ARL8A,0.00035354765538109234,-0.06368856905115017
ARL8B,-0.21425211131293853,0.20980859534873453
ARMC1,0.04263235841395652,0.14042399416334028
ARMC10,-0.17868045278018485,-0.27365171340242966
ARMC2,0.3439774399037656,0.30370051249655894
ARMC3,0.24870352338809948,-0.08810184989962322
ARMC5,-0.18640132717930413,0.29003254194781647
ARMC6,-0.2917105838821863,-0.24774651814534643
ARMC7,-0.1208290041411626,-0.460574978754444
ARMC8,-0.018680167025080685,0.023374403843187785
ARMC9,-0.17323165593202283,-0.1652190585305271
ARMCX1,0.46631447197917364,0.08868667223717498
ARMCX2,0.1254384635997159,0.23152466141586636
ARMCX3,0.3284856252521493,0.6167409609711907
ARMCX4,0.5739182946986019,0.07949666735956051
ARMCX5,0.2575498368580069,-0.23976243744817705
ARMCX5-GPRASP2,0.19101889316132326,-0.300083185110422
ARMCX6,0.01946337357310668,0.40431107532096844
ARMH1,0.02318372629067318,-0.15936195071628245
ARMH3,-0.2967041459603621,0.2095713274331299
ARMT1,0.13940053895718663,0.33801366008651756
ARNT,0.06892365641269116,0.5479105273135216
ARNT2,-0.5632158266404013,0.38178619286356374
ARPC1A,0.19875545970426867,-0.5333901140135815
ARPC1B,-0.2527926050760172,0.12797701747063162
ARPC2,0.17526442360446026,-0.5154984604929114
ARPC3,0.15873470778202048,-0.2279834016181006
ARPC3P1,0.14785533865936862,-0.07736290080608832
ARPC3P3,0.03587784292063678,-0.3500740707620251
ARPC4,-0.08237992987112897,-0.22906129835568567
ARPC5,0.17628520151230553,0.3456098956458469
ARPC5L,0.17343096978235728,-0.13183494444279287
ARPIN,-0.6326900521852385,-0.30826919226361316
ARPP19,-0.1305587640420578,0.1985874722930836
ARRB1,-0.24640212267591277,0.058451378166282986
ARRB2,-0.02275928128587168,0.4196118588608915
ARRDC1,-0.05770042967761135,-0.4231806848873241
ARRDC1-AS1,0.3494162168819761,-0.31614376179522363
ARRDC2,-0.018036815856275368,0.5872660358583071
ARRDC3,0.5655744259439333,0.48757068353525845
ARRDC4,-0.011967969100130649,-0.297539420699672
ARSA,0.4097514292276152,0.29991767754305165
ARSB,0.20614305197258087,0.1807893442450692
ARSD,0.5246958782025257,-0.3569137814796446
ARSG,0.26163107861632806,0.31372826173060764
ARSI,0.5454831211792328,-0.3025869605583633
ARSJ,0.3121532055917253,0.3031188977385182
ARSK,-0.2908696300454068,0.6364015524406681
ART5,0.0641541993391197,0.3682512975509442
ARTN,0.10432166759062758,-0.2582430687497108
ARV1,-0.07793612988681353,-0.3672808713229214
ARVCF,-0.4048455069481838,0.5673804224368508
ASAH1,0.018188835425306138,-0.382106202409096
ASAH2,0.2408556985220902,0.1511980379835992
ASAH2B,-0.05356201470665001,0.3992640580917066
ASAP1,-0.016036980458021155,0.3855057942106557
ASAP2,-0.4766495594784468,0.4706109261314646
ASAP3,-0.11088219682704104,1.3523293791870623
ASB1,-0.08172038707915519,-0.0875732193209533
ASB13,-0.5127306524934259,0.18287130506635307
ASB16-AS1,0.22371613089585374,0.013876829203887109
ASB2,0.5209943504349915,0.11177334267073477
ASB4,-0.040919108065012644,0.5787965331534813
ASB6,0.1536429178394334,-0.0028780786831443805
ASB7,-0.14543044870305444,0.2445406599942972
ASB8,-0.023992028988210734,0.289029889260231
ASB9,-0.675739868550548,0.18862670981746166
ASCC1,-0.00978155020954663,-0.5272244558646184
ASCC2,0.07593130701779227,-0.060585463369750236
ASCC3,0.2381264436404571,1.0578790213200113
ASF1A,-0.04124617879071657,0.5027146522260431
ASF1B,0.3365650221137102,-0.13777426997199083
ASH1L,-0.10861332435044613,0.4632053747389735
ASH1L-AS1,-0.09336729333046623,0.17967756789974043
ASH2L,0.3110416478410327,0.032549004102866874
ASIC1,-0.43198095501622147,0.2310256852143766
ASIC2,0.08979358449333441,0.0
ASIC3,-0.33016864702875753,0.09658973023728579
ASL,0.5659794048608271,-0.4522165228920567
ASMTL,0.2951160068465768,-0.0025483295221677693
ASNS,-0.1965292670494927,0.27813533792777345
ASNSD1,0.14312400890446497,-0.018784971507732173
ASPH,-0.0289414535249648,0.05292288179974669
ASPHD1,0.08339426478239176,-0.29226136915149414
ASPHD2,-0.031432806884291675,0.5086805260187313
ASPM,0.060603579376483196,0.4206318403276619
ASPSCR1,0.011044139115505835,-0.21261184813285894
ASRGL1,-0.3633727359315624,-0.5802867652039616
ASS1,0.505482494251321,-0.9906181081291212
ASS1P12,0.23113988847506073,-0.204066838227056
ASTE1,0.149912805169512,0.09499367355132593
ASTN2,0.17222069644530746,-0.23349602005757886
ASXL1,-0.24219598139142207,0.3747228128046345
ASXL2,-0.14835141826939946,0.19243517718915104
ATAD1,-0.08436366670439455,-0.2588608756238431
ATAD2,0.18418890370691088,-0.09998721093237872
ATAD2B,-0.04897841228245037,0.237433351969353
ATAD3A,0.1694449580360633,-0.2608305485145417
ATAD3B,0.1427695787348764,-0.05942449629715085
ATAD3C,-0.4383217141931257,-0.23492087048489457
ATAD5,0.22827955593331595,0.3563593448738964
ATAT1,-0.07216677629484014,0.1925433510242205
ATE1,-0.16806195172013716,0.2828559643818034
ATF1,-0.003622910763790621,0.5128410170724864
ATF2,-0.07795890142885487,0.2562807550192545
ATF3,0.3417979692827364,0.8292492815104562
ATF4,-0.18209900160247372,-0.3165127958761893
ATF4P3,-0.019005257248523755,-0.23521216267388967
ATF4P4,0.1424501438292166,-0.2267318316072442
ATF5,0.18832565497742237,0.4677221159884697
ATF6,0.33367575730484234,0.43401070005072473
ATF6B,-0.013060703485097136,0.33126084867352557
ATF7,0.07217229915461498,0.4518612240280131
ATF7IP,0.04441274220778446,0.2976922018789976
ATF7IP2,-0.09978249177649579,0.3461302490026048
ATG10,0.3363752574238026,0.5638753005561523
ATG101,0.08606177252247704,0.05606571880733835
ATG12,0.061348223798456836,0.11611945642380572
ATG13,-0.23337228949613564,-0.2090344443949972
ATG14,0.049812968966273186,0.2616670825108356
ATG16L1,0.1460839618682499,-0.40880717003609934
ATG16L2,0.21265021804413387,-0.0946403822100308
ATG2A,0.14118613219846132,-0.16018281148549995
ATG2B,0.05565519916225714,0.32520795791386625
ATG3,0.1621964806749503,0.04455538964663308
ATG4A,0.20929500861618333,0.3538796901206709
ATG4B,-0.09070067344894461,-0.20704858326177522
ATG4C,0.17544085868327208,0.1913827490052551
ATG4D,-0.03659207392177777,-0.4285998448664037
ATG5,0.08658978357910385,0.3850991526163128
ATG7,-0.3924866508300049,0.3163817112756071
ATG9A,-0.232449462561382,0.4501746466405052
ATG9B,-0.024595853865303996,0.6080375459320915
ATIC,0.08885149416918736,-0.2713956637507726
ATL1,0.9672332441616109,0.14825810838934772
ATL2,0.21011479860777982,0.3378524551914621
ATL3,-0.0477276539517586,0.3238017984134114
ATM,0.1354201046696053,0.16747151279846406
ATMIN,0.016618079182275203,-0.14859650388789714
ATN1,0.02590506251276814,0.2855087054319707
ATOH8,1.563211674132578,0.16183909110548378
ATOSA,-0.44703614059293306,-0.3139382275823035
ATOSB,0.34202227735535207,-0.004257201016709011
ATOX1,-0.05432197322860155,0.5108633737333887
ATP10D,0.12596970792918327,0.4981635697067661
ATP11A,0.1348098245142264,0.6457518347519171
ATP11B,0.11064736653156082,0.20085691062594613
ATP11C,-0.19719269344169366,0.6678281124535821
ATP13A1,-0.2799984954959074,0.2057199098872049
ATP13A2,0.09856976398641137,-0.033777030684891685
ATP13A3,0.5623478446961601,0.5004399932282624
ATP13A3-DT,0.6454917436199227,-0.09590299067547203
ATP1A1,0.25478610376872535,0.27083856923801974
ATP1A1-AS1,0.28612971430766787,0.07948755002588626
ATP1A3,0.010212889606550868,-0.1586580053043095
ATP1B1,-0.11775399814028997,0.9514821441647205
ATP1B3,0.2479297250929262,0.5460815289957033
ATP23,-0.1000132858347258,0.040045845899850274
ATP2A1,0.19999742588812308,0.15191885001081085
ATP2A2,-0.04530036279841276,0.2914752107068139
ATP2A3,0.49994399236477705,0.11520662408853655
ATP2B1,1.2741270938044682,0.5533619792078603
ATP2B1-AS1,0.4615213525522832,0.1413363047516878
ATP2B4,0.3282578703996579,0.6291274430309368
ATP2C1,0.07113904574944652,0.3821795021565748
ATP2C2,0.23654561154773363,-0.5238305940640391
ATP5F1A,-0.003599072379993018,-0.3818953157538809
ATP5F1B,-0.03413236229929062,-0.09911859646523702
ATP5F1C,-0.3783091271883121,-0.2665894477764654
ATP5F1D,-0.04517645209248222,-0.28285056899249206
ATP5F1E,0.08760111577799456,-0.26548334134932094
ATP5F1EP2,0.3063762285029399,0.042793623958487625
ATP5IF1,-0.10348360688026759,-0.329667351557708
ATP5MC1,-0.1528637432701645,-0.32970143296692456
ATP5MC2,0.02727749864055795,-0.025034853527102996
ATP5MC3,-0.01516960675094925,-0.29279038381171496
ATP5ME,-0.10443893027565654,-0.01430722674734608
ATP5MF,-0.03231410916169697,-0.3816106989160786
ATP5MG,0.14091968866885818,-0.6222149193792443
ATP5MJ,-0.07067561964488611,-0.25234075321285054
ATP5MK,-0.18337038670581318,-0.3537841694456034
ATP5MKP1,-0.1647333938198332,-0.08861964715389814
ATP5PB,0.03497624797429033,-0.2342334620801685
ATP5PD,0.17503604523254523,-0.5548404932499933
ATP5PDP4,0.08820906581309607,-0.3720631245549736
ATP5PF,0.10323708961650713,-0.36819753128983823
ATP5PO,0.044882016831973015,-0.0222031745807576
ATP6AP1,-0.0011305542273660762,0.1718399465268705
ATP6AP1-DT,-0.05203995031956321,-0.2713258836587724
ATP6AP1L,0.46663246572173045,0.787038411482623
ATP6AP2,-0.04022256997501561,0.13370440530639982
ATP6V0A1,-0.09103579681930452,-0.15460322061732246
ATP6V0A2,-0.0645503203565232,0.2550443471203243
ATP6V0A4,-0.05016540900488703,0.07482584616480747
ATP6V0B,0.09382109248143422,-0.4715841403246337
ATP6V0D1,0.014269481478890178,-0.20523756720148612
ATP6V0D1-DT,-0.12543227741207108,-0.06016914239269433
ATP6V0E1,0.1271235147002292,-0.1370787274308647
ATP6V0E2,-0.2030859697189369,-0.13096003411087942
ATP6V0E2-AS1,0.011276101579372977,0.3934301873055108
ATP6V1A,0.03307887998795067,0.0924378954792564
ATP6V1B2,0.06613549968426025,0.19461566450343248
ATP6V1C1,-0.08641963790508722,-0.20693901520443259
ATP6V1C2,0.0859493744450448,0.3296631006127819
ATP6V1D,0.08777704545101628,0.009546941326315839
ATP6V1E1,-0.011328458767290606,-0.3180504125911714
ATP6V1E2,0.1114414807261932,0.2927517956609771
ATP6V1F,-0.08769988987891253,-0.6249800242208874
ATP6V1G1,0.18869765276772466,-0.2144041529709222
ATP6V1H,-0.09953249134205588,-0.2567647429653066
ATP7A,-0.08274551219670379,0.5176731959589231
ATP7B,-0.2323769681004162,0.6052365523895062
ATP8A1,-0.3058644605759906,0.009279587085612495
ATP8B1,-0.022171366605473253,-0.20038047844591222
ATP8B2,-0.4548074009071956,1.7016431296349763
ATP8B3,-0.2598322302323135,-0.512049781582919
ATP9A,-2.0915281107265105,0.7542375959246357
ATP9B,0.17284634526767118,-0.34968768750473966
ATPAF1,-0.017913621789838352,0.11312552203158877
ATPAF2,0.1558984929522098,-0.18103345735656617
ATPSCKMT,-0.02943541005080874,0.13443670926050766
ATR,0.045138206756101695,0.3776945353825507
ATRAID,0.07387909240004387,-0.12059513383213272
ATRIP,-0.16599917250972407,0.2779913784838066
ATRN,0.023149833529005015,0.15626079095274914
ATRNL1,-0.7103445154575256,0.09873330676940428
ATRX,0.04116272026250112,0.5772308949774514
ATXN1,-0.16600338236139045,0.8514440171695363
ATXN1-AS1,-0.0792520455953114,0.40448448968011985
ATXN10,0.09668630040282533,-0.4031783769960686
ATXN1L,0.07396774345204893,0.33047763299849553
ATXN2,0.028168815345048337,0.2572848574596218
ATXN2L,0.0013454225676010623,0.2933790287030682
ATXN3,-0.00428403180984116,0.3668944588942846
ATXN7L1,0.19494347465582162,0.21829662777206904
ATXN7L2,0.2696016940463961,0.037193825748674136
ATXN7L3,-0.053522831319218866,-0.09643478683971463
ATXN7L3-AS1,0.06545295275908347,0.23231853189772234
ATXN7L3B,-0.001388693996828394,0.29772767196485894
AUH,0.09128731469350981,-0.1421063329418728
AUNIP,0.26096172449062127,0.0432868921392795
AUP1,-0.026480534472656636,-0.5679226675743205
AURKA,-0.05047625887285445,-0.16722692779521786
AURKAIP1,-0.13768693509135055,-0.281781055735725
AURKB,-0.05888887902985385,0.019426457049262602
AURKC,0.06469223420001913,0.07923353793688159
AUTS2,0.5166378947076353,0.045199411097736876
AVEN,0.08312755546131978,0.1553872669994778
AVIL,-0.2541945629644884,-0.1790405781657336
AVL9,-0.3005167251594507,0.1474216426409125
AVPI1,-0.06190761353850238,-0.004514640766853262
AVPR2,0.6314495620738945,0.11562210891160532
AXIN1,-0.0201014216549682,0.23616464133389758
AXIN2,0.40438594795918675,2.157636952657205
AXL,-0.0029399545975081764,1.3683945441406973
AZGP1,0.023067364112480088,1.6194310414359543
AZI2,0.1268460675018792,0.6005644265042047
AZIN1,-0.0714544308450078,-0.07901003182110955
AZIN2,0.01604233914547626,0.10008669714941831
AZU1,-0.2353652770578618,-0.048001178669358824
B2M,0.010123971207708138,0.2645904690707166
B3GALNT1,-1.2922449629041388,-0.260371969980735
B3GALNT2,-0.11307244466512145,0.8700387375571768
B3GALT4,0.05747577382481728,-0.28773832119791276
B3GALT5,-0.08910922240824064,-2.9554726785364616
B3GALT5-AS1,-0.10776553594593728,-2.484048142769239
B3GALT6,-0.17260279449399274,-0.3542981462278991
B3GALT9,0.17649580567909684,0.249105593911906
B3GAT3,-0.12523944656867592,-0.4511784816961235
B3GLCT,0.42725118545982,1.247281136247501
B3GNT2,0.17475467061747274,-0.2864415350051104
B3GNT3,0.5570298387428662,0.06431044943979103
B3GNT4,-0.3280981226089077,0.15553130173749086
B3GNT5,0.5419041014808128,0.9285006860294756
B3GNT6,-1.1462859130361747,-0.017659978535701074
B3GNT7,0.23146714270895608,-0.330605420164626
B3GNT9,0.22978718597798942,0.9686825958424747
B3GNTL1,-0.001482339989085979,-0.1910581630607
B4GALNT1,-0.03661635852076017,0.39915563791700537
B4GALNT3,-0.9555763528647778,-0.20976928233196102
B4GALNT4,-0.5430238196624169,0.12801763310146708
B4GALT1,0.11734432681996321,0.6181944257293743
B4GALT2,0.08213810605497862,-0.06775922465871353
B4GALT3,0.01438180268409539,-0.4104217248751292
B4GALT4,-0.5007034365376457,-0.7956920407404908
B4GALT5,-0.022618349164214457,-0.5672362987756738
B4GALT6,0.3005953450845329,0.8125159971069085
B4GALT7,0.28832395593326154,0.22797949628627556
B4GAT1,-0.4225063770243045,0.19939660358157507
B4GAT1-DT,-0.16644800272774507,0.11669167830316451
B9D1,0.05366537104228675,0.3155141657242373
B9D2,-0.136302926909464,0.06027062761112578
BAALC-AS1,-0.02462814754620246,0.05832237724474165
BABAM1,-0.312334395538044,-0.01585434841406208
BABAM2,0.07751785439357661,-0.4596746763689703
BACE1,-0.3748112549069966,0.06349426654386736
BACE1-AS,0.061101963990999764,-0.48425135443560485
BACE2,-0.4454010444245604,0.6225770895170468
BACH1,-0.012422837722454005,-0.07679928104010436
BACH2,-1.4766599889226117,1.3526135919772162
BAD,-0.09596581489258993,-0.37364963097237425
BAG1,0.10947018732560032,-0.15844551606664314
BAG2,-0.043706989455867706,0.8854835650767887
BAG3,0.17528763231556876,0.5387335081426547
BAG4,0.16095444433315143,0.11812149906003455
BAG5,0.14766306710094756,0.33265231837609477
BAG6,-0.05307307105336001,0.3872009895281341
BAHCC1,-0.3460276232191717,0.2135450907634011
BAHD1,-0.05670599284209299,0.27792433279586426
BAIAP2,-0.13741017720920023,-0.6484440009191133
BAIAP2-DT,-0.15880840157078602,0.0615090811397101
BAIAP2L1,-0.07914726811772965,-0.3347887101796765
BAIAP2L2,-0.05774676274032687,0.6225162008742826
BAIAP3,0.5616853762564473,-0.05132405052219369
BAK1,-0.025386032264477443,0.668293701661395
BAMBI,-0.27928881499539276,1.809096151935312
BANF1,-0.16665141057993083,-0.004439829319990984
BANF1P3,-0.1845354553824583,-0.11927309061158353
BANK1,-0.13168513604853738,-1.1593474210000903
BANP,-0.18193487450293944,0.2540649224298832
BAP1,-0.3723579148001015,0.4073978550205979
BARD1,0.35177763550316055,0.18752901935904598
BARX1,-0.8800451735688215,0.007673407867508433
BARX1-DT,-0.5558712842329327,0.0011041725054829546
BARX2,1.4750833618840626,0.29983959745733496
BASP1,0.6173349515800828,0.016298692244143615
BATF,0.0,-0.3666783823704245
BATF2,0.11976409810659372,0.2903684259895827
BATF3,0.2182810805301989,0.43762567681320075
BAX,0.0363991305511,-0.1493161215244161
BAZ1A,0.2734124940106657,0.310292346595614
BAZ1A-AS1,-0.33982811335718677,0.12970658313084904
BAZ1B,0.01952989640501812,0.1699507869282808
BAZ2A,-0.06778801059830997,0.5938879654532911
BAZ2B,-0.014288881398018649,-0.06292852302527319
BAZ2B-AS1,-0.12219097951003088,-0.23732004374145577
BBC3,-0.2926793934900527,0.7218291479846073
BBIP1,0.06222482148238484,-0.2709939530547478
BBLN,-0.2671724416572747,-0.6562337696756906
BBOF1,0.1129849474280783,-0.2820511163988848
BBS10,0.09212238872222933,0.3226417986237009
BBS12,0.0037684334994478874,-0.0347803604793997
BBS2,0.06315787901364622,-0.013187699453621526
BBS4,0.40829339822880195,-0.2946493951224518
BBS5,-0.01727451576830452,-0.22204940736414924
BBS7,0.254705293056666,0.1700840887523296
BBS9,-0.05280099532980653,0.06230713336477045
BBX,0.2996595925704586,0.6620563833927502
BCAM,-2.0227113788615374,0.13194347181979182
BCAN,0.11804065512257755,0.9733113053598994
BCAN-AS1,0.1393051218559527,-0.1540880052129765
BCAN-AS2,0.23942877449658506,1.0728799586165871
BCAP29,0.284846756353768,0.20620153484790826
BCAP31,0.1316637105286116,-0.0876211823689026
BCAR1,0.21495433349466087,0.1602740463670358
BCAR3,0.3902505076007259,0.10620497607174784
BCAS1,0.5423535956017949,-2.0283737994822992
BCAS2,0.2417944025601244,-0.17835963563908752
BCAS3,-0.44764719329817115,-0.19924568243502883
BCAS4,-0.14356016354936507,-0.9483391477587158
BCAT1,-0.6238353539641399,0.5965126309424725
BCAT2,0.01848802071861666,0.3473143720976246
BCCIP,-0.09971057053566401,-0.26547793714546586
BCDIN3D,-0.006142842173138874,-0.2795518157981378
BCHE,2.39041297339685,-0.033259769188589416
BCKDHB,0.05529282875267416,0.13667450696664485
BCKDK,0.1304248406209938,0.10658926166863836
BCL10,-0.27697140424441,0.4550678026065489
BCL2,1.0654540283678404,0.5088849555735036
BCL2A1,-0.6645005223212634,0.010145183526411382
BCL2L1,-0.09682630169066009,-0.08775624514773472
BCL2L11,-0.3790178948432592,0.23856303386003397
BCL2L12,0.07764723976678045,-0.11465316230365818
BCL2L13,0.32255604760493206,0.09112126687571731
BCL2L14,-0.05261029424431257,-0.7529131591552232
BCL2L15,0.04464373241082215,0.37400909919673575
BCL2L2,0.05103769404411107,-0.5775329385542358
BCL3,-0.37523334127864416,0.8293279086993408
BCL6,0.11916916337565597,-0.5958342645516979
BCL7A,-0.15113211203174348,-0.08817015999834865
BCL7B,0.14827312867998454,-0.13412792788851746
BCL7C,0.03526894889990295,0.00505655307140751
BCL9,0.10991665801170569,0.6741495135124902
BCL9L,-0.2897306096681245,0.4909737022115257
BCLAF1,0.2006856368761749,0.351274995091865
BCLAF3,0.20608801380385255,-0.16167232968786305
BCO1,0.0,-0.5174626266560822
BCO2,-0.26108699802701096,-0.6872169144160962
BCOR,-0.3892018760492899,0.5485048536549915
BCORL1,-0.13049341759187083,0.44669615448776856
BCR,-0.19437725726850807,-0.14183696475212937
BCS1L,0.17971166983879883,-0.021284178199333148
BDH1,0.12574029755852756,-0.24976385542312318
BDH2,-0.03657317035653651,-0.20187662889370905
BDKRB1,0.0,-1.846775521817289
BDKRB2,0.0,-3.0451179232024637
BDNF,1.3068175336832275,-0.24939970203606698
BDNF-AS,0.023067364112480088,-0.3294885407535133
BDP1,0.24973699741024635,0.6424530468217218
BEAN1,0.014725405175949995,0.3213995168188005
BECN1,0.15245645039273104,0.04250320706915467
BEGAIN,0.10303487560052726,-0.12516373423693772
BEND3,-0.1876000994774536,0.5896975211887456
BEND3P1,-0.5995396553162555,0.5671991297606784
BEND6,-0.21275736803535406,0.88023144889532
BEND7,-0.5855407278976428,-0.30136714555976774
BEST1,-0.18306124909078064,0.6299421882938172
BEST4,-0.025589108296095897,-0.3629733561988271
BET1,0.3625564728151125,-0.07981493904370929
BET1L,-0.1785542415697119,0.05484008146940944
BEX2,0.2608975112086398,0.0
BEX3,-0.16258151429003664,0.4943150162712495
BFAR,0.04331548826676457,-0.02332371701898328
BFSP1,-0.38725806810559016,0.5573516554147551
BHLHA15,-0.07519289106939808,0.3256527155630824
BHLHE40,-0.48612249435627053,2.119967057668839
BHLHE41,-0.17319795688833306,-3.034672520573544
BICC1,1.3201885664401454,2.098361134518509
BICD1,0.038162884549926446,0.5543791181922515
BICD2,0.17415195461808342,0.3354013412804093
BICDL1,-0.4209530429434696,0.09330938739987271
BICDL2,0.1496370545170229,-1.150935325104431
BICDL3P,0.0891988237452691,-0.9172905466035193
BICRA,-0.19939602049040506,0.49699933066605606
BICRAL,0.13462413791774352,0.6215911113163513
BID,0.3083047522941813,-0.3673169505680143
BIK,0.05064363032007631,-0.34423273331184134
BIN1,0.0395370614817665,0.17170460158359546
BIN3,0.18170454913389733,-0.15827546293855788
BIRC2,0.14413976189103295,0.19911050423948584
BIRC3,0.10142744385559421,1.1104843606035164
BIRC5,-0.1366240128531544,-0.30125098100593206
BIRC6,-0.11433904620284707,0.44128003230137836
BIRC7,1.5083654326696236,0.054782416210413035
BISPR,-0.09923047139297543,0.0573916532040335
BIVM,0.2887136980019456,0.38562942751608453
BLACAT1,0.36780340063811356,-0.4680355205791815
BLCAP,0.009359142717538127,-0.2941722233059565
BLM,0.05661834311408942,-0.006275077819836383
BLMH,0.09252947816402823,0.07610228731151913
BLNK,0.0,0.33724249987474875
BLOC1S1,-0.062173995464415155,-0.224011600895769
BLOC1S2,0.031266748927800236,-0.1346929838356754
BLOC1S3,-0.07666665407053586,-0.20466294544515407
BLOC1S4,-0.3370474519168978,0.07250890580408509
BLOC1S5,0.22844080569198333,0.47382350367069215
BLOC1S6,-0.353075052285333,0.3715293964357489
BLTP1,-0.04934940153870482,0.19338177152612523
BLTP2,0.1622532666788672,0.32902335300598917
BLTP3A,-0.47496907448001746,1.0136136232557043
BLTP3B,0.036456865971340235,0.5445051003833563
BLVRA,-0.15823625107992445,0.5490469742054662
BLVRB,0.36218134855193274,0.09903979368598925
BLZF1,0.4998136886402653,0.34695773583077827
BMAL1,0.5257103211948126,0.04783651293888003
BMAL2,-0.4761032297280883,0.24042235336569728
BMERB1,-0.09913405464679936,0.4298961199448521
BMF,-0.7099901582440071,0.7505685395124093
BMI1,-0.01561471023364458,0.6262325597979448
BMP1,-0.03635205517964968,0.7922605101609959
BMP2,-0.36004690267854844,0.5547062106124577
BMP2K,0.22485396858258078,0.1674623738824872
BMP4,0.13441852634063478,0.8087867306870464
BMP5,2.475746775422453,0.17181303171197992
BMP6,-0.5299842948686848,1.1282394594286154
BMP7,1.408667743757864,0.0
BMP8B,-0.503152912401033,0.3377473760912597
BMPR1A,-0.08891159217482603,0.5381245872328808
BMPR1B,1.0963793231021208,0.745188769943202
BMPR2,-0.30832088562745064,0.30629419209279174
BMS1,-0.04162966078522867,0.1274402400994603
BMS1P1,-0.16276453907455357,0.12461280372053529
BMS1P20,0.23884957778601912,0.3377143625896708
BMS1P8,-0.1268334833614837,0.08833484632344123
BMT2,-0.00972227973066131,0.2999310868423928
BNAT1,-0.26801459484015666,0.05231891071564454
BNC2,0.3861717470965047,0.38223101754252536
BNIP1,0.009038390694616094,-0.11415230144688326
BNIP2,-0.09981979085558468,0.21024795147546094
BNIP3,-0.13682997455020818,0.4068496969068489
BNIP3L,-0.07934937325471125,0.024394566633983317
BNIP3P11,-0.27240114509430136,-0.3326456165901188
BNIP5,0.0,-1.106275678553901
BNIPL,-0.2579732882234531,-0.4274368438438262
BOD1,0.2849847605548277,0.12364939522182183
BOD1L1,0.026793865125750216,-0.021968642453063403
BOK,-0.08758821096257652,-0.475703054614776
BOLA1,0.0005543664208800259,-0.08224845044537599
BOLA3,0.129034279416536,0.0022501660762532794
BOLA3-DT,-0.19760864557222257,0.24108370165384274
BOP1,-0.037779457725479304,-0.3195433485999528
BORA,0.20642523485238717,0.4124040439422083
BORCS5,-0.025072069327654045,-0.19603894472371364
BORCS6,-0.24333033107365143,0.025027390337061917
BORCS7,-0.22965700803826694,-0.146321575481402
BORCS8,-0.1683547915525505,-0.2686104111256391
BPGM,-0.11223433763085833,-0.7927963842572394
BPHL,-0.1079347373074877,0.2104654515342288
BPIFB1,-0.02515039021490946,2.632913702431124
BPNT1,-0.11147192564620756,-0.29675537471009505
BPNT2,-0.026706016207399763,0.44510282258770584
BPTF,-0.08318498183122625,0.03985855130820859
BRAF,-0.03761659721798338,-0.03328064440847456
BRAP,0.09610478570224501,0.21211955408392047
BRAT1,-0.2899636661513014,0.162545879810585
BRCA1,0.45631371346214067,0.0958662200407292
BRCA2,0.5219764155508697,0.5401697803161942
BRCC3,0.4659848525447092,0.02548310464817405
BRD1,-0.17186793720188032,-0.02435819500611558
BRD2,0.05843781357178823,0.705934178562817
BRD3,-0.33940230757173406,0.41190993319423885
BRD3OS,0.08027728304899195,0.2351393005400526
BRD4,-0.2106264761282226,0.12654152919043415
BRD7,0.18310396792856487,-0.20327868684858252
BRD7P2,-0.11497825900317865,-0.08329329315811984
BRD8,-0.12323324833819704,0.12861598672173624
BRD9,0.14224973809972496,0.3988879314143263
BRF1,-0.03152912740964364,-0.05466484932598181
BRF2,0.33226914778234007,0.38748046189911456
BRI3,0.0571274862941884,-0.334549495697698
BRI3BP,-0.0959802613077958,0.11495532151671561
BRICD5,-0.676016454218028,0.1974060823874192
BRIP1,0.22693486131064944,-0.07682936944357
BRIX1,0.3303737111724985,-0.08867304699203071
BRK1,-0.4059396244591795,-0.25887730881556426
BRME1,-0.118554044506471,-0.36279945227569077
BRMS1,-0.11898852590064468,-0.09099189099983374
BRMS1L,0.31830000887467325,0.28516099227837977
BROX,0.10101529476057447,0.11377858986345579
BRPF1,-0.13892024173350137,0.23466082584313241
BRPF3,0.091365677726305,0.6459075755915622
BRSK1,-0.3245576358868343,0.07862290178824116
BRSK2,-0.5559942457895088,0.33374187560463064
BRWD1,0.14181900947804937,0.10076523087454436
BRWD3,-0.07169801514590901,0.6976985075219346
BSCL2,-0.36020349048972966,0.09590098826090931
BSDC1,0.04060718447953793,-0.034675155453488316
BSG,0.21497388471096812,0.21657558198272042
BSG-AS1,-0.04541747652692829,-0.00927180382221171
BSN,0.374882469507826,0.31400433848758413
BSPRY,0.2842711546383848,-1.1015084642191342
BST1,0.4725677426823729,0.4727574272396933
BST2,-0.6783690257465685,0.49000829634397114
BTAF1,-0.13174371053169764,0.44569040677732596
BTBD1,0.06442704627152462,0.021582915505227618
BTBD10,0.012926670089296266,-0.469145824852367
BTBD16,-0.19573479594441365,-1.7406887354454121
BTBD2,0.25662866166935316,-0.010158265805381816
BTBD3,0.28130146752984597,0.7809377975754521
BTBD6,0.0,-0.4010721337964336
BTBD7,0.04711268144947933,0.4916827746938317
BTBD8,0.48895680263962726,0.2768092293892117
BTBD9,-0.0980462717213797,0.4679570084780895
BTC,0.5006867915837829,0.516953344759846
BTD,-0.11281392908693721,0.26935898225194865
BTF3,0.025252617287993218,-0.21513943104098487
BTF3L4,-0.0005754834998832337,-0.012708126205964732
BTF3L4P2,0.10678750688040473,-0.2081678897762812
BTF3P10,0.13103615824633486,-0.05364165140299204
BTF3P16,-0.12524222778668515,0.017967905438504017
BTG1,-0.22451230218815876,0.5551097880007454
BTG2,-0.3852880967534623,0.7379702163003086
BTG3,0.49123845893422313,-0.05793745992762478
BTN2A1,0.1034814336571852,0.20373216456987997
BTN2A2,0.058741333957171626,0.9722335885432609
BTN2A3P,0.04397889406391897,0.4322756403864959
BTN3A1,-0.3272038287451504,0.9347605358265483
BTN3A2,-0.24447984787231403,0.8439334747232623
BTN3A3,-0.12272095152683948,1.036893791568604
BTNL9,-0.7256691248471814,0.505690363299462
BTRC,-0.29042578645068495,0.5225387807095263
BUB1,-0.06450311010893817,-0.07088001386796439
BUB1B,-0.1922853953257766,0.15877858057430005
BUB3,-0.16219430017852865,-0.15199054173700333
BUD13,0.06620416751325564,-0.34710283006036047
BUD23,0.2608318819062774,-0.3851002092969589
BUD31,-0.038301682874548604,-0.2135744407443676
BVES,-0.14798045652967318,0.0
BVES-AS1,-0.05780239429146117,0.0
BYSL,-0.017908116032584687,0.4072105546667668
BZW1,0.20479204270407436,-0.13526894946711554
BZW1P2,0.3336746769574561,0.22621356702272566
BZW2,-0.009272353175201253,0.39837892625322535
C10orf143,0.42841215351485995,0.1990335548868163
C10orf55,-0.027834207934552047,0.18245926352851016
C10orf88,-0.022167969533607668,-0.17827844450036778
C10orf88B,0.3267825183921631,-0.1288989938017483
C10orf95-AS1,-0.2353863978333155,-0.49151171624607404
C11orf24,0.04376583450197202,0.27293942586147946
C11orf54,-0.19611587029420097,-0.6476135742302631
C11orf58,0.11522524039583448,-0.31657742742931294
C11orf65,0.3036889661008403,-0.15952080589257744
C11orf68,-0.1625865128041477,0.12599793424941375
C11orf71,-0.173208009349047,-0.5039813824117911
C11orf80,0.11441424113561727,-0.3569152627917447
C11orf86,1.7693035523532283,0.6965270255501792
C12orf4,0.012898018813540801,0.34526358465312645
C12orf43,0.06113023657153427,0.24254830466564137
C12orf56,-0.20587434697376206,-0.13406375918437563
C12orf57,0.24424575001996018,-0.2550836184480292
C12orf60,0.0488679153388063,0.05548814719236739
C12orf75,-0.14176668785045976,1.3961540239540602
C12orf76,0.18744620202822482,0.026510864952253854
C13orf46,0.03174684399854355,0.26217661346343357
C14orf119,-0.018689891370830658,0.06128142935276948
C14orf132,0.8841650415629916,-0.16031498577609582
C14orf28,0.16994594963815723,0.20330437882525
C14orf93,0.042894423308510454,0.05202627692321471
C15orf39,-0.36322378373814157,-0.1331867439736243
C15orf40,0.33669125915118725,-0.284710056275693
C15orf48,1.7771315633671474,0.6453902839791716
C15orf61,-0.1898436279631106,-0.18623727424474312
C15orf62,-0.21772085072693298,0.048376747863107195
C16orf74,-0.3685678734008555,-0.38976057781079554
C16orf86,-0.03496527886127246,-0.43654219557614127
C16orf87,-0.07085623226798266,-0.2815561705488605
C17orf100,-0.25840394981204917,-0.13762094929970603
C17orf107,-0.3590237242668288,0.0779575254690081
C17orf113,0.04937565146413769,-0.053007438926786055
C17orf58,0.2874550174722641,-0.0322309897949804
C17orf67,0.0011084872334308216,0.22591899059094178
C17orf75,0.050003402804740915,0.3270260764118085
C17orf80,0.0059811107470073566,-0.028423472266823957
C18orf21,0.01962109570312842,-0.25263451119327573
C18orf32,-0.0039147961138095155,-0.12888447563839367
C18orf54,0.3944967854420556,0.10010503055683384
C19orf12,-0.19968739288310378,0.7074712419481513
C19orf25,0.014687810945475555,-0.24806247299266282
C19orf33,0.053505318287962345,-0.24148181257644818
C19orf38,0.090499015847195,0.35410246084769437
C19orf44,-0.08257105411995003,0.17610465052516577
C19orf47,0.011646775255704789,0.23984864247555482
C19orf48P,-0.12149399073664213,-0.020561331006360817
C19orf53,0.011947428939858007,-0.1543424033642804
C19orf73,0.004831234701613174,-0.1357440728866962
C1D,0.16962491024167914,-0.13944247662957565
C1GALT1,0.33896207908042353,0.40116198926190094
C1GALT1C1,0.05011768490440449,0.010034438355721598
C1GALT1C1L,-0.0018149059119481892,0.3450159274847874
C1QBP,-0.06343267235891936,-0.1166563351557155
C1QL1,-0.04374193828024353,0.4271373224659749
C1QL3,-0.026594419017360926,0.44347010944116316
C1QL4,-0.2413213619863157,0.3589160493207506
C1QTNF1,0.46983512430145136,0.15721285682734543
C1QTNF12,0.6445541615727803,-0.057765213201343535
C1QTNF6,-0.07641208519640408,0.9313431281858477
C1R,-0.07748355851200803,1.0619272703085896
C1RL,0.0590205019994936,0.8964295292676177
C1RL-AS1,-0.015614746676471808,0.18954932780290523
C1S,-0.037103020803024855,1.9611697784824984
C1orf115,-0.9702834205123618,0.11996101500813516
C1orf116,-0.06143934539398534,-0.5435470748896645
C1orf122,0.01839933193506127,-0.35346431062385797
C1orf131,0.18379659941435422,0.05514492619672895
C1orf159,0.5069626389085631,-0.015925791459133087
C1orf174,0.06954580776174701,0.07172256726307413
C1orf198,-0.6403559769484204,0.20179004829560565
C1orf21,-1.2192601587697014,1.540738927293607
C1orf210,0.01680843127837937,-0.42192434248307276
C1orf216,0.06407593379449228,-0.11123470774441868
C1orf220,0.03229531898988647,0.3091176853324967
C1orf226,-0.3198442407065345,1.029125474542631
C1orf35,0.09061565215748502,-0.127728259330965
C1orf43,0.02051226448151411,-0.0521801608539425
C1orf50,-0.11727378420697043,0.28273449485909596
C1orf52,-0.05964015228567199,0.07328380748506946
C1orf53,0.5355319879134606,0.09220468272332294
C1orf56,0.07658678053935208,0.05384833744758488
C1orf74,0.07485030792986191,0.5320232624386305
C20orf204,-0.35975563083303486,0.23857951177547565
C20orf96,-0.13289685782126925,-0.4110252603358071
C21orf58,-0.11197792774645787,-0.14464961724841952
C21orf62-AS1,0.27390953490435205,0.20273374936084443
C21orf91,0.4433503966821535,0.6880503635893405
C22orf23,0.08282671164168709,0.5088353754870099
C22orf39,0.24035776729455893,-0.054255785387812505
C22orf46P,0.4175096883467453,0.188571033275319
C2CD2,0.4645319251346347,0.23156846442238965
C2CD2L,-0.07564256925704349,-1.249080179146997
C2CD3,-0.19945461980919976,-0.054753153582286274
C2CD4C,-1.0340277159121767,0.46412351399469465
C2CD4D,0.07258599598800908,0.16425232861729566
C2CD5,0.0034548238892542216,0.29802155204788594
C2orf15,-0.04287510069741307,-0.7463292771622316
C2orf16,-0.8805797139744345,0.06191978983185087
C2orf42,-0.08854310518298103,0.05076656921858591
C2orf49,0.046654678539350236,0.022755863088618433
C2orf49-DT,0.29037751858128025,-0.18081614168384785
C2orf68,0.020668861173468223,-0.23273291877944668
C2orf69,0.23517812113542735,-0.19904592291109235
C2orf72,-0.4833885033913805,0.5580868467656708
C2orf74-DT,0.11700295471803646,-0.26712307975296
C2orf76,-0.04396106002185585,0.14903628634793642
C2orf92,-0.09568603136810483,-0.07023491006687432
C3,0.1315916473003026,0.42462744389750995
C3orf18,-0.12737530409809628,0.11241204412499917
C3orf33,0.04496259344374498,-0.23783158251612135
C3orf38,0.01449115062766193,0.03905147649454843
C3orf52,0.4141454228521946,0.06992396754354413
C3orf62,0.10562949047562387,0.17884397020673637
C4BPB,-0.7157678470043239,0.5731307170491904
C4orf19,-0.6904815172405471,-0.7655523769555165
C4orf3,-0.1035734923481959,-0.20639472665377934
C4orf33,0.18563193316519744,-0.31006804022559775
C4orf46,0.04143024902780912,0.342261536023007
C4orf48,-0.21207022905770767,-0.18183139522468839
C5,0.35695289550060827,-0.1424869220342746
C5AR1,0.15105908243696992,-0.3476366228374057
C5orf15,0.1413082157080785,0.6299564644393616
C5orf22,0.09749663569480305,0.6310068578473023
C5orf24,0.13962054990456263,0.5043415223047081
C5orf34,0.40852222407702454,0.02882683113330875
C5orf63,0.03769048521903251,0.002580620578021664
C6orf120,0.16319357982628535,0.8342502344900611
C6orf132,-1.1601159389892208,-0.37863965621118734
C6orf136,-0.006237935089265179,0.0740586766994209
C6orf141,1.1165133066568043,0.16084977146072443
C6orf15,0.0,-0.7132773863716224
C6orf226,-0.5514312428390389,-0.06749671790413991
C6orf47,-0.0321893372375861,0.4323577220922896
C6orf52,-0.06229088026499796,0.09810115906241956
C6orf62,0.09805177425420819,1.1541879202063638
C6orf89,0.04085432337587047,0.8038124677813228
C7orf25,-0.008857533343202828,0.11316999533635452
C7orf50,0.19292555287230773,0.11992472213408156
C7orf57,0.6726427485038081,-0.15181623657381482
C8orf33,-0.05814741832728121,-0.039200473850275586
C8orf58,0.03599059203304833,-0.037624998460797254
C8orf76,-0.25681428225898273,-0.1533169409874704
C8orf82,-0.1489749088728889,-0.3605294487887871
C8orf88,0.06658598160790419,0.6646869776704415
C9orf152,0.021753653426295746,1.153261029373422
C9orf40,-0.2799667332474911,0.11118956633109
C9orf43,0.07552138045943324,-0.7603177021691002
C9orf72,-0.04604266460062956,0.4886733361062672
C9orf78,0.17781740193438988,-0.32648125614114676
C9orf85,-0.01570937121037952,-0.29510446915662314
CA11,0.23523173250822982,0.3307544980161605
CA12,-0.6174180711946446,0.8809054187779203
CA13,0.02646676324541941,-0.8984855470908761
CA14,0.1338154068271685,0.07647140246671658
CA2,-0.5344311976530982,0.9117318172987137
CA5B,-1.0351131940235216,0.03769350188720755
CA5BP1,0.019288323667215224,-0.04651931502089868
CA8,0.2418308606695092,0.0
CAAP1,-0.03871548165812122,0.021897806505499773
CAB39,-0.04581352423379137,0.17554028953436607
CAB39L,0.17583417538780877,-0.17511413966279754
CABIN1,-0.3797977411288036,0.14218293034864615
CABLES1,-0.4342483693851129,-0.4416536608377717
CABLES2,0.2439035743508171,0.24831817850785143
CABP7,-0.4047822908032126,-0.02308221448876635
CABYR,0.15334421215091476,-0.5152903047409962
CACFD1,0.06830655949923559,-0.41634131576924105
CACHD1,0.3489670301650536,0.23764220292061644
CACNA1B,-0.33661770521652556,-0.018396305705021206
CACNA1D,-1.8636639959080852,-0.018396305705021206
CACNA1G,0.048849503453931575,0.37406165701595684
CACNA1H,-0.26896570407886244,0.11542187650473928
CACNA1I,0.0023357920225564044,0.29366047236079584
CACNA2D1,1.1704809674739725,1.6191412138933514
CACNA2D2,-0.29119366548159326,-0.021571052785682943
CACNA2D4,0.045078711557301504,0.03536333556089133
CACNB1,-0.11325752880107975,-0.35882058977745857
CACNB3,-0.6242396059838389,-0.5602861727416695
CACNG4,-1.1014312474645465,-1.7763695722489947
CACNG6,-0.5767870242793052,0.9498096215247118
CACNG7,-1.2606347730390755,0.018326782228420324
CACNG8,-1.0966947985819893,0.6575159200454064
CACTIN,0.10572243235351841,0.05512172963400097
CACUL1,-0.1085776217688057,-0.07689084350405384
CACYBP,0.2557103728667345,-0.07614072798012028
CACYBPP2,0.2710768397496781,-0.0067457649769460115
CAD,-0.1126791154747222,0.27767706385728985
CADM1,-1.2355587945361655,0.05321218565816503
CADM2,0.26185417558970514,0.2944124158291517
CADM4,-0.12486210985190693,0.6135178811850945
CADPS2,1.2598896984895576,0.5615108688693828
CALB2,0.8645311745489681,0.32365665720173986
CALCOCO1,0.14791383728369034,0.23891290013086852
CALCOCO2,-0.23636596639950191,0.14186166332357875
CALCRL,-0.13319230133397464,-0.28086894818665753
CALD1,2.5196749621415657,1.0872754912586151
CALHM2,-0.01858645877399523,0.42544257071787506
CALHM3,-0.005041437505405685,0.0006987950972994206
CALM1,-0.0441203033312787,-0.03535556995249234
CALM2,0.04552945711719225,0.22447253495966457
CALM2P2,0.14544973100273872,0.11753767123308667
CALM2P3,0.062492301989407806,0.2501848535859139
CALM3,0.0328813534351351,-0.06521950697017331
CALR,0.01126205448173323,0.23747056460870475
CALU,0.11666971343338695,0.17491810386561468
CALY,-0.5531622512625117,-0.05588628092419823
CAMK1D,-2.341234356273186,-0.7923561587258261
CAMK2A,0.882291689910299,0.008233945436607382
CAMK2D,0.3681510982920244,0.44710064835522356
CAMK2G,-0.36052777861900864,-0.18871015430570903
CAMK2N1,-0.8005752378555075,0.20138295583183208
CAMK2N2,0.17399404524487627,0.06529530268596595
CAMKK1,0.4277099320192863,0.2826798643370223
CAMKK2,-0.16372631892120282,0.6182706013663539
CAMKMT,-0.49723098923350095,-0.5706920961534339
CAMLG,0.032855404664529964,-0.0948771980030827
CAMSAP1,0.022230455592868736,0.2862472660104398
CAMSAP1-DT,0.14697418602532586,-0.0031668375810789406
CAMSAP2,0.1660169215527283,0.6821057310701955
CAMSAP3,-0.22402956089980997,0.07007406720433895
CAMTA1,0.040612449455665,-0.1679322387659754
CAMTA2,-0.05675164491664031,0.13753371236130185
CAND1,0.057653479150271636,0.5211310440423871
CANT1,0.0694100345397155,-0.2537003850839419
CANX,0.288896929291127,0.4709710768285511
CAP1,0.0734250548563633,0.3573919849712448
CAP1P1,0.2013880889781463,0.25091306369055244
CAP1P2,0.1961058106306105,-0.10398877313850291
CAP2,-0.24205281145056112,1.2897638679975236
CAPG,0.2839264911339425,-0.12016417225215292
CAPN1,-0.19261358460284939,-0.49442572848057154
CAPN1-AS1,0.1937159841184981,-0.806698684107366
CAPN10,-0.1411748888843336,-0.37099817116037137
CAPN10-DT,-0.18790723848362545,-0.11310587497129043
CAPN11,0.6426636895542271,-0.018396305705021206
CAPN12,-0.06590593070841066,0.5714520800144962
CAPN15,-0.06382944146704705,-0.10042219759635707
CAPN2,0.3757635338592884,0.3171486250235933
CAPN5,-0.2751231012119324,-0.04963369127110262
CAPN7,-0.029721675553187055,0.49715846283839804
CAPN8,0.09549825574723014,-1.1263325201969234
CAPNS1,0.07414927620283862,-0.01456987116170616
CAPRIN1,-0.1591130146428199,0.2183080380056559
CAPRIN2,0.333935985386264,0.724295246170612
CAPS,0.1665255436623766,-1.1454237650907144
CAPS2,0.6306076488603221,0.3766217478471692
CAPZA1,0.23688453390894093,0.06565312499228426
CAPZA2,0.05362431690475855,0.03860708306794791
CAPZB,-0.06366912536194391,-0.19398334555829777
CARD10,-0.4475700114171737,0.5095026008418024
CARD11,-0.05830030262389731,-1.041305589915674
CARD16,0.02289007898452641,0.4693919070101359
CARD18,0.04053633057290229,0.0
CARD19,0.009100930931865037,-0.3241001856416146
CARD6,0.44972299942042465,0.5084181445355602
CARD8,-0.06324711336849376,0.03862990110017783
CARD8-AS1,-0.1094537014195307,0.27251116527197267
CARD9,-0.09727209934912995,-0.37376805411935976
CARF,-0.11011847305860067,0.2832247299800503
CARHSP1,0.11326190618599341,0.2872562657772777
CARM1,-0.13011872380543377,0.44868883843200713
CARMIL1,1.615740869287565,0.43850237933192915
CARMIL2,-0.3288517612426187,-0.4510768393274436
CARNMT1,0.07562232621080689,0.2363366146268433
CARNS1,0.1109639019060345,-0.506440101701557
CARS1,-0.06115916663903764,-0.0661618054935964
CARS2,0.16160467036038373,-0.12136734097861179
CASC2,0.3136714560485241,0.1383078739167043
CASC3,0.03928105070916921,0.22267106100429856
CASC8,0.0,-0.8810894609865758
CASD1,0.22428813264433556,-0.11517041675869732
CASK,-0.08140712987559606,0.5736406522598112
CASKIN1,0.15542103162045673,-0.2690677337819807
CASKIN2,0.20519970347493555,-0.5257778932353689
CASP1,-0.1903952068726924,2.0693620509399233
CASP10,-0.14622094518551346,-0.11594122836921716
CASP14,-0.041004816376016925,1.4258942817782827
CASP2,0.07552312284486717,-0.32179746984178514
CASP3,0.26251418114486125,0.13630997841648096
CASP4,0.19111116476567735,-0.4590724152401391
CASP6,-0.23521273384134211,-0.21368644841919782
CASP7,0.01745588062834358,-0.12326394726641876
CASP8,0.08058455754500837,-0.2186672113946715
CASP8AP2,0.011125784268349648,1.0914163533270855
CASP9,-0.19682524529553325,-0.10791066636836621
CAST,0.18218473429338466,-0.4024856208005527
CASTOR2,0.04409437187797227,0.8332623609418086
CASTOR3P,-0.14822871964635498,0.1349473313031444
CASZ1,-0.07966288763616536,1.063294571819502
CAT,-0.11907518751406787,-0.09044360058288525
CATSPER1,-0.2154551164652614,-0.04532694277865268
CATSPER2,0.015298514254225681,-0.33293536712941474
CATSPER2P1,0.010564662092478416,-0.03135419971581421
CATSPERG,0.5922023560596009,0.025207679675968375
CAV1,0.18314975986485216,-0.6180837973114919
CAV2,0.3247320833605647,-0.5074893147216697
CAVIN1,-0.2587875079813422,1.3087931422802894
CAVIN2,2.87944901439848,1.5590326097525313
CAVIN3,-0.3168154778101706,0.41801612098881114
CAVIN4,-0.06032381937410847,0.22554326126597982
CBARP,-0.2666614754639314,0.43185912434081875
CBFA2T2,-0.20701600427674727,0.423061087770348
CBFA2T3,0.11054860699900892,0.0
CBFB,-0.047592212150921576,0.05154031439858908
CBL,-0.24089999286188313,0.08005285524121142
CBLB,0.0037538416967022314,0.12420771277304432
CBLC,0.10992593483818247,-0.07541517320484115
CBLL1,0.17439795538772973,-0.03186807472849651
CBLL1-AS1,-0.20161052432188642,-0.06730040851776597
CBLN2,0.5242807975024213,0.026759435742968126
CBLN3,-0.1524266555480771,-0.1604679232840267
CBR1,0.007768943846947707,-0.5502910686298685
CBR4,-0.27102819087095,-0.335608287326151
CBS,-0.2249369884786221,-0.0829108022361343
CBX1,0.04363819233617949,-0.2202011274280773
CBX2,-0.4120366748403681,1.374499025459788
CBX3,0.07913211630223138,0.07853229431254771
CBX3P2,-0.11137183930254074,0.17907477654182247
CBX3P9,0.03367967582246578,0.1494703003903478
CBX4,-0.24518282984008888,0.0005865990665077092
CBX5,0.18463670969177404,0.6341578777435251
CBX6,0.12189908303740005,0.034737693527279845
CBX7,0.1830405132541677,-0.6058585581894023
CBX8,-0.3656745724853181,-0.08925144360354231
CBY1,-0.13027612061030647,-0.4242630776995373
CC2D1A,-0.04485443423367208,-0.12345308455133619
CC2D1B,0.1449415236718723,0.12209279503315429
CC2D2A,0.21635200881633754,-1.3607214848214517
CCAR1,-0.08073966232538243,0.22156254997622504
CCAR2,-0.06596259356745549,0.07206989205173642
CCDC102A,-0.13470818914972238,0.269238855188072
CCDC106,-0.061345372767331874,0.2260905588093891
CCDC107,-0.10466253919261526,-0.3985552475136316
CCDC112,0.24802187715527424,-0.22748337692215204
CCDC113,0.4973440798040527,0.7348594280821548
CCDC115,0.24168680025861544,-0.4050127136683521
CCDC117,0.16333305858427138,0.5390584598744361
CCDC12,-0.02570743957836008,-0.32697190495221307
CCDC120,-0.1279362024261146,-0.4463228116654889
CCDC121,0.04495437319241846,0.225173632242623
CCDC122,0.9643549332026795,0.5735068233295582
CCDC124,-0.19808938902618856,-0.05862763932286352
CCDC125,-0.18637313663356947,0.19058017833770613
CCDC126,0.13082213319503921,0.5250541004101685
CCDC127,0.16381395157615586,0.2317822919465815
CCDC134,-0.13287221743501165,0.2715206737540765
CCDC137,0.15627427128545612,-0.5409567320289987
CCDC138,-0.03228384974882603,-0.2828038675664166
CCDC14,-0.06880757711288599,0.6109628229509503
CCDC142,-0.04019985730296538,0.44880424071612346
CCDC146,-0.016156215139411956,-0.11084097298190176
CCDC148,0.02803575717887774,-0.5211744514513389
CCDC149,0.3361598960091092,0.06515772226768446
CCDC15,0.8066744192651165,-0.09772098052097378
CCDC150,0.016376877507463306,0.1862156963736893
CCDC152,0.01718382838141904,0.5083951841885865
CCDC153,-0.07250776495689593,-1.0519080574103135
CCDC157,-0.034897863582702415,-0.24540688697149715
CCDC159,-0.14756482485894584,-0.2142914095474895
CCDC163,-0.06831017596306888,0.22589940509250628
CCDC167,-0.13246754827360885,0.3772106239524753
CCDC169,0.4914104455848832,0.0
CCDC170,0.08629159997526996,0.5907726171027428
CCDC171,0.18449367446562182,0.00764956543374351
CCDC174,0.07370191345118782,0.17393893699913887
CCDC18,0.1290289224931489,-0.15151592292045113
CCDC18-AS1,0.32845594589426663,0.048993394105471655
CCDC183,-0.1435537507051653,-0.29682256945244234
CCDC183-AS1,-0.09715074756508946,-0.033470119745811155
CCDC186,-0.15076829831855765,0.34099763821571916
CCDC187,0.044739947768311465,-0.3751590285435633
CCDC191,0.15562219185245274,0.394421841581166
CCDC22,-0.18548136439122054,0.031013193665654804
CCDC24,-0.22808946971620347,-0.3901075323568315
CCDC25,0.30246905014851144,0.2674471965244747
CCDC28A,0.4145219342098079,0.4469244683796689
CCDC28B,-0.4607431034692846,-0.11017672623565944
CCDC30,-0.0011689638091991195,0.4756096924641514
CCDC32,-0.34472285874242736,-0.2398609252544488
CCDC33,-0.02515039021490946,0.4796284274005784
CCDC34,-0.27723502849003445,-0.08826790779699456
CCDC40,0.07820287896389755,0.17839913548040132
CCDC43,0.16223178234377533,-0.34479295410452604
CCDC47,-0.038417819786790375,-0.20598118802943421
CCDC50,0.3405867149723987,0.2797131311396903
CCDC51,-0.22735060571593824,-0.06647344179827197
CCDC57,0.24742873854949154,-0.8422877332037277
CCDC59,0.17305364401164525,-0.04569649592010627
CCDC6,-0.27832802964105596,-0.07038695283781404
CCDC61,0.03834912627310283,0.008627966455962977
CCDC65,0.20546192270243213,-0.2957076418905962
CCDC66,-0.15892428478875598,0.05811521189937574
CCDC68,0.8574791134182522,0.18357051491072118
CCDC69,-0.579389754682576,-0.15504691781493873
CCDC7,0.10603784530066873,0.3584462677954916
CCDC71,-0.09341942998127895,0.15939601911064738
CCDC71L,0.3476956292794364,-0.1603044716137756
CCDC74A,-0.24421249740899942,-0.7331914424159363
CCDC74B,0.09194400327641805,-0.3537598790674702
CCDC77,-0.2824379831871031,0.005446353176169261
CCDC78,-0.18416149143316574,0.21385424524298724
CCDC8,-0.5549572934614697,0.02569893288723271
CCDC80,0.3927564407309826,1.0806390330059532
CCDC82,0.2982649744068082,-0.14383534491160654
CCDC85B,-0.0959187591728341,-0.14542118426138906
CCDC85C,-0.1503123583320356,0.589200591742479
CCDC86,-0.025951373563472657,-0.1282208878343063
CCDC87,0.0603530314738383,0.37596574982625897
CCDC88A,0.15416052670201097,1.0451319484891535
CCDC88B,-0.41161480528217265,-0.4897105766982359
CCDC88C,-1.0233134215111566,-0.5040447000114288
CCDC9,0.07124868776246807,0.24560292897417568
CCDC90B,0.3133294284765622,-0.24037035125433537
CCDC91,0.0336658859382748,0.106473427251502
CCDC92,0.03961069618223867,0.2147189289686624
CCDC93,0.2807015267771513,0.09704776398493742
CCDC96,0.39253946725562017,-0.06407019076285803
CCDC97,-0.23469560583339888,0.3146143252418412
CCDC9B,-0.1315190561141213,0.1530716219327939
CCHCR1,0.2000734595017306,0.494941162255377
CCL2,0.9597765965263259,0.0
CCL20,0.1277429519284981,0.3411781345434771
CCL22,0.021753653426295746,1.6264758777994264
CCL28,-0.05433675798511839,0.7042682883455638
CCL5,0.008495705421087907,1.9788014028538294
CCM2,0.13580535596803234,-0.07270733536376994
CCM2L,1.2958441396710052,0.042699273973607524
CCN1,-0.4382249156989655,2.2400515802696512
CCN2,0.00751531221847479,2.83264957576309
CCN3,0.09387216675704746,0.008546097210554215
CCN5,0.9695679099610928,1.8818607539053933
CCN6,-0.34151130445161193,0.16592971250165295
CCNA2,0.030743780833326184,0.3164105566196267
CCNB1,-0.07066850349887943,-0.1093690024238736
CCNB1IP1,0.027099917757096748,0.02938250298289269
CCNB2,-0.16143360556464437,-0.362540420774927
CCNB3,0.41512834451651487,0.2852866288357767
CCNC,0.03508814341960065,0.8820318023274112
CCND1,0.7526926378232632,0.2656221668849632
CCND2,-0.15635038927357603,0.3311380682063061
CCND3,-0.09133172890918217,0.2797833584711462
CCNDBP1,-0.29743829976770453,-0.25162606917564556
CCNE1,0.14409519566759865,0.10704867828529263
CCNE2,0.46809729059383676,0.3040664785256904
CCNF,0.029763265412332984,-0.03861107068448133
CCNG1,-0.001099729633923907,0.22447687620782375
CCNG2,-0.7504690710190451,-0.16718851715931393
CCNH,0.2063457257547201,0.010137186214240756
CCNI,-0.056474515621027344,0.14255986534536547
CCNI2,-0.11510621198085938,-0.641202245316532
CCNJ,-0.39967391562465515,0.7357118413595121
CCNJL,-0.6188801984493777,0.09314784289779077
CCNK,-0.026824529890429716,0.18328466383932351
CCNL1,-0.05220137615339304,0.5211457442244942
CCNL2,-0.0011134356127051603,-0.10622516215512245
CCNO,-0.795726206952506,-0.666926728565997
CCNP,0.2148942253426902,-0.06256532069081844
CCNQ,0.08356466777461158,0.04114419777631895
CCNT1,0.06136778369661133,0.48343780046097073
CCNT2,0.04248142864583393,0.23823745135192365
CCNY,0.005959782008943648,0.4757466919098805
CCNY-AS1,0.33712161873801627,0.2033907276562712
CCNYL1,0.17273551643076246,0.16037846753356977
CCNYL2,0.4095721093854672,0.0
CCP110,0.1477067181193732,0.33974929868643455
CCPG1,0.20923320880911334,-0.4500330781127433
CCR1,0.023067364112480088,-0.27174621894044293
CCR10,-0.5030606054773252,0.4282022124903272
CCRL2,-0.2220592779196418,0.10739766713631393
CCS,0.3394444610763525,-0.08111873819565663
CCSAP,0.018993845447493385,0.3165571719645386
CCSER1,0.0,0.06943692667772305
CCSER2,-0.17709078002080147,0.4433064747077333
CCT2,0.19995333616933486,-0.017734611399997213
CCT3,-0.030683613585262393,0.04444873458908205
CCT4,0.07011679185443498,0.19292665530299757
CCT5,0.07719089179833105,0.26748200933036426
CCT6A,0.14162605317499555,-0.04122406709744553
CCT6B,0.2968996563317452,-0.3349147660531311
CCT6P1,0.12170902694090047,0.0735644628532679
CCT6P2,-0.14971987721748037,-0.011101265675488525
CCT6P3,0.27810994646157094,-0.1600099551280365
CCT7,0.11878699210575583,-0.25955496912813736
CCT8,0.13716727459998346,-0.13253948875885513
CCT8L2,0.0,0.5498179876016049
CCT8P1,0.2370400279387085,0.3299397271283049
CCZ1,-0.03135290839406313,0.21566974574441256
CCZ1B,-0.07736632953450329,0.06337248912307558
CD109,-0.041502912569507444,1.201170145806696
CD109-AS1,-0.27092736887937396,-0.055274188580814065
CD14,-0.62322966289177,0.15675461087623832
CD151,-0.1723056310726232,0.133982479015204
CD163L1,-0.012734498853453124,0.8806720885474582
CD164,0.359480040915777,0.6915606093625968
CD177,0.4693981043376285,0.8300114195706616
CD22,0.6312443276798639,2.6620861489717487
CD24,-2.1876496836016734,0.8234025007342929
CD27-AS1,-0.17515184767047698,-0.1303470727482372
CD274,-0.048288573558741846,0.5778667881129653
CD276,-0.23309892686206446,0.4209198248749093
CD2AP,0.13593545397569606,0.39990702660575117
CD2BP2,0.11020899445011612,0.03086030109618143
CD2BP2-DT,-0.07764479961806048,0.12046423264216011
CD302,0.08215708714483733,-0.03792078099320717
CD320,0.07691592344755005,0.3600757417898981
CD40,0.2962382713240377,0.2817550555419377
CD44,0.22094979028855022,1.325750171361074
CD44-DT,0.1420636870131461,0.24382707817224614
CD46,0.004834358687352491,0.4860411592518199
CD47,0.06605717897422636,0.679719312435827
CD55,-0.3541065981964868,-0.5083296972169382
CD58,-0.018033876573758434,-0.1894057359281085
CD59,-0.11634625651938535,0.8308881442600695
CD63,0.4175500370755003,-0.030713230747597464
CD63-AS1,0.13924259395311234,0.26904370243368625
CD69,-1.329508872764752,-0.05980710259700193
CD7,0.14544171506797227,0.27066121051148206
CD70,-1.1529041464511094,0.3105595559810348
CD74,-0.7863321895581388,0.45507771060850644
CD79A,-0.07609237554118736,0.3315801036060978
CD81,-0.07824173252417488,0.20422382563060282
CD82,0.04764995573255826,-0.8093720785535332
CD83,-0.37219399276134446,0.45594760104503296
CD9,-0.46694520807043904,-0.51526358620489
CD99,0.08418150360356424,0.8385346105181655
CD99L2,-0.4982636714520323,1.5023004801760176
CD99P1,0.06612566466587877,-0.1085422173151287
CDA,0.1466060843660285,-0.2217640254469293
CDADC1,0.13105178189016975,0.2815100184921089
CDAN1,-0.026982884822984943,0.25647284259788616
CDC123,-0.259729116428594,-0.0917257763739503
CDC14A,0.09072975502667724,-0.06105848002192271
CDC14B,0.03943597315114644,0.20539952185966825
CDC16,0.16482377335775222,0.5721372598791286
CDC20,-0.045101981457705165,-0.16019855048338982
CDC20-DT,0.061280784717348935,-0.332854012386014
CDC20B,-0.004569825044876703,-0.5558228233461485
CDC23,-0.015853546068246516,0.1768014253721235
CDC25A,0.25643136066228056,-0.16236171601863236
CDC25B,0.6382973589049996,1.1532281597002578
CDC25C,0.2586106922711622,-0.1504812861159479
CDC26,-0.0835337332882995,-0.07321911584507612
CDC27,0.003016118746156593,0.35970109441416565
CDC34,-0.007053123910461423,-0.09330182010103805
CDC37,0.0980325926609833,0.022742982430805192
CDC37L1,0.27756269634795894,0.09589413335343089
CDC40,0.15264783420768335,0.5501751105202932
CDC42BPA,0.06367133277949044,0.4952260353622542
CDC42BPB,0.03139218169224023,0.7214953052190225
CDC42BPG,-0.42220932048169146,-0.15048263378165228
CDC42EP1,0.022603838290857325,0.3692452255722811
CDC42EP3,-0.8704392948010717,-0.6326419895320576
CDC42EP4,0.011392648623109736,-0.41453346657537793
CDC42EP5,-0.7954166282508237,-0.24606326940114442
CDC42P6,-0.05989389937487477,0.22562914651856802
CDC42SE1,-0.009278976266223538,0.20728137365886568
CDC42SE2,-0.21327000685157405,0.15196249157860997
CDC45,0.2544158714810205,0.21462661690037033
CDC5L,0.11214057660255872,0.5145292691400343
CDC6,0.41352088775973517,-0.06813980554700194
CDC7,0.12951255255918337,0.3926861878453898
CDC73,0.23630091725500701,0.3933050073712909
CDCA2,0.20473113878770377,0.27749355935825637
CDCA3,-0.15548586013731658,-0.28256967519378584
CDCA4,-0.035357669250958956,0.4479460529818642
CDCA5,0.09635288442946077,-0.15867187262101456
CDCA7,-0.31687943438495836,0.8708107266013507
CDCA7L,0.2763373551922612,0.7539589519470331
CDCA8,-0.0059684469388976424,0.05660370952409011
CDCP1,0.029066035811058377,0.2842471600472338
CDH1,0.6802827028883756,0.3926427635514127
CDH11,-1.2332501484908478,0.0
CDH15,0.08424422823834332,-0.3285069356148551
CDH18,2.6669462819452576,0.0
CDH2,-0.7683157573647836,2.0871795825634645
CDH23,0.9200287724665149,-0.4006641251564459
CDH24,0.04281239565035966,0.5771800142193966
CDH26,-0.013981977848103552,-0.13636320128832669
CDH3,3.7329541994896185,0.8202739091805942
CDH5,0.061790927478191565,3.0056006682649317
CDHR2,0.3013018744245417,0.46109257032102746
CDHR3,0.07781843472902494,0.21074128868653075
CDIN1,0.23348101318263215,-0.6184858525730461
CDIP1,-0.06808443236738349,0.1008052064132211
CDIPT,-0.09980724390613549,-0.20384648553320517
CDK1,-0.08588623506322701,-0.18779753872236693
CDK10,0.4291957027296194,-0.19365584187597928
CDK11B,0.04939260406603907,-0.108310219073525
CDK12,0.09260617081637434,0.2003282604437997
CDK13,-0.10166978418066197,0.492560499095811
CDK14,-0.10083086068933111,-0.9752613462816191
CDK15,-1.4584904648351409,-0.15495956978798575
CDK16,0.326519846701828,0.1373253775201313
CDK17,0.025541086988955186,0.5732321098234054
CDK18,1.2596229128263396,-0.2791927216991583
CDK19,-0.2030395100262501,0.9063490489082895
CDK2,0.14992860029554578,0.20775251555279617
CDK20,-0.19769675788249907,0.17407235543664346
CDK2AP1,0.14035947782860347,-0.18882544803796364
CDK2AP2,-0.21306213277240893,-0.21030441404960865
CDK4,0.09746296576762958,0.5757489483975498
CDK5,-0.27822098498840653,-0.3832041154347934
CDK5R1,0.13056754916361468,0.27160962982742
CDK5R2,-0.06364802635844091,0.3083028414093125
CDK5RAP1,0.1419191344013644,0.227676106233611
CDK5RAP2,0.0993438530109394,-0.0762004148119848
CDK5RAP3,-0.10998112070800459,-0.20846743579756266
CDK6,-0.19326640273951057,0.5251845774461632
CDK7,-0.11521554110850829,-0.06237869562064002
CDK8,-0.15920277997454324,0.5477887374659858
CDK9,0.3058571106865511,-0.06377158755848367
CDKAL1,-0.12735797230132828,0.8222900497531969
CDKL1,0.4552351210919965,-0.05044176066591555
CDKL2,0.115944349323859,0.3152656162928566
CDKL5,0.7399477846685947,0.3308210644294536
CDKN1A,-0.5930410655830309,1.1238420532508977
CDKN1B,0.0579852432306831,0.43136378872859904
CDKN1C,0.7152331817678448,0.03784901160966392
CDKN2A,0.0,-0.3718586394861756
CDKN2AIP,-0.8293701200196804,0.2590040943893799
CDKN2AIPNL,-0.00274399788861146,0.07809701112184797
CDKN2B,-0.027931516489932095,0.1899202994257898
CDKN2C,-0.08044732120686593,-0.1833232147762649
CDKN2D,0.233112635285031,-1.005968949682655
CDKN3,0.1941671055926797,-0.24633544865145707
CDNF,-0.15095428962734644,-0.01136885341948446
CDON,-0.22708008881971908,-1.093568445165805
CDPF1,0.06343238041220856,0.06515923178043881
CDPF1P1,-0.1596409672221294,0.35685268031796347
CDR2,0.02293294715295069,0.432964126974392
CDR2L,-0.687560442749751,-0.5930018662208871
CDS1,-0.5486172391054769,0.06247572524820644
CDS2,-0.101244006155083,-0.35554011085609627
CDT1,0.19182918929150183,-0.4594713149905765
CDV3,-0.3662451611016557,0.5362410596796519
CDX2,-1.6719899420417306,0.02569893288723271
CDYL,0.17860807749438656,0.7794712840446838
CDYL2,1.4992173468632815,2.118537144959959
CEACAM1,-0.05477543615946012,-0.1709407286720772
CEACAM19,-0.16126962734042188,0.5706397965684953
CEACAM5,0.0,-3.1546422785209645
CEACAM6,0.08566953473784482,-2.694393361649201
CEBPA,-0.3387399715863859,0.9009623810259324
CEBPB,0.18928427681109028,0.19725515574750396
CEBPD,0.23694315031210245,0.6732913065066466
CEBPG,0.14532022076822493,0.4514494270455005
CEBPZ,0.13875508846976814,0.058141979599250604
CEBPZOS,-0.0403791382593397,-0.4273269169844527
CECR2,0.1412834240029084,-0.05221518784839804
CECR7,0.4376588938416246,0.0
CEL,-0.24800309273050486,-0.1360413551384828
CELF1,0.06225125835131973,0.16868494460961614
CELF5,0.202944133702874,0.26600142982824854
CELSR1,0.6056052301907959,0.6003255316011611
CELSR1P1,0.42751811296361675,0.6643233462276581
CELSR2,-0.6465538747279922,0.7030819402891924
CELSR3,-0.03915485351380177,0.27219873443777853
CEMIP,0.18934070788133522,0.9796745972263496
CEMIP2,0.20278844037834265,-0.24437238155930618
CENATAC,0.6277813700362458,-0.3559991340859683
CENATAC-DT,-0.1924358476845529,-0.15231506656462657
CEND1,-0.5673617707390983,0.02983435463063451
CENPA,-0.16349452619256422,-0.0679476724779069
CENPB,0.08508402227772827,-0.01725699973929551
CENPBD1P,0.054030854205928236,0.10681196705512974
CENPBD2P,-0.11352029429679789,0.5649021826998513
CENPC,0.016274916348837376,-0.06393433683872463
CENPE,-0.05441489995250315,-0.21858829751527953
CENPF,-0.06210593718552193,0.06617123910902567
CENPH,0.06392517359178562,0.5187418032743798
CENPI,0.2934188938012916,0.14086214412552134
CENPJ,-0.0478926873943224,0.3875741615838155
CENPK,0.25786093205564153,-0.41779644746642575
CENPL,0.18123551227138446,0.28902304625826636
CENPM,-0.031593582300748935,-0.338444281644914
CENPN,0.11087798739139032,0.2230222189854505
CENPO,-0.15057683694156587,0.23502746454306722
CENPP,0.23521813968445038,-0.08470965522489315
CENPQ,0.3348736709241962,0.39435483786158976
CENPS,0.16186991085301328,-0.31654850854452665
CENPT,-0.016781241937026792,0.08412660108397141
CENPU,0.20471644377907516,-0.06630336102019463
CENPV,-0.23587003160780995,0.7021168859098679
CENPVL3,-1.674953751393579,0.0
CENPW,0.1956751640403045,0.32702479206449997
CENPX,0.1620731726592659,-0.6662650127663561
CEP104,0.1621440892998116,0.40876197326851926
CEP112,0.19973332629645002,0.30184676096738805
CEP120,0.09172176745108729,0.6646463757876817
CEP126,0.04242281782929114,-0.22050408027440094
CEP128,0.29146611724657134,0.20368923279902895
CEP131,0.25860529934609655,-0.04364036383817904
CEP135,-0.2881131041214706,0.4768653318006557
CEP15,0.30639660098817956,-0.4099929022492697
CEP152,0.009371477497115421,-0.0025332360731047388
CEP162,0.07049260414162273,0.6262540020017555
CEP164,-0.12633382217661637,-0.10839747518934395
CEP170,-0.07020101608334972,1.3814096866541128
CEP170B,0.12473636211639594,0.22680095297557568
CEP19,0.19678732157012213,0.34446776157354275
CEP192,-0.15155694357942906,0.5673737966660712
CEP20,0.05864128670466151,0.2846145511136555
CEP250,0.029170755703900042,0.23131959636064536
CEP290,0.13309506084445344,0.3377958826924088
CEP295,0.25518756428177447,0.2385001506494504
CEP350,-0.034454911353492435,0.3791002605684479
CEP41,0.10611500873792412,0.25849420076725727
CEP43,0.2520991207916534,0.6374738683211885
CEP44,-0.018677919646580055,0.09949392791650569
CEP55,-0.05696227937118703,-0.07593762292400097
CEP57,0.16311679003400492,-0.22671965980697273
CEP57L1,0.1440094618492873,0.6202546104370432
CEP63,0.08356465381699074,-0.3876811500809061
CEP68,-0.0302670328118273,0.15378881544811307
CEP70,-0.201526098767717,0.17226673390428182
CEP72,0.5143918826200569,0.10352383684461719
CEP76,-0.25265146364416813,-0.2593047344922006
CEP78,0.20433952284986212,0.4956573287263737
CEP83,0.06698136944616362,0.281498276533068
CEP85,-0.057368932991792576,0.2970054948946941
CEP85L,0.2526933129652251,0.269882856213294
CEP89,0.03835147756386714,0.4299060873952856
CEP95,0.08406990970999573,-0.4999582782812766
CEP97,-0.14797637957380871,0.5596520085859762
CEPT1,0.19461655213965168,-0.2012381621773649
CERCAM,-0.32118369937715086,0.2192977709766586
CERK,-0.09985695928466232,0.16863000810915185
CERNA1,0.04300054825957317,-0.05339463997391547
CEROX1,0.4486967795887007,0.07618708233874573
CERS1,-0.36374656894256063,-0.3095026366275539
CERS2,0.07876818489504611,0.6538566194745457
CERS4,-0.30714953644958554,1.3996167693015646
CERS5,0.10043873911759782,-0.035649139765429716
CERS6,-0.04331698105175974,-0.8199101417345744
CERT1,0.03085526285068596,0.3087989030279532
CES1,1.9137381137998926,-0.006768545770162421
CES2,0.1484234290054598,0.7247599460533571
CES3,-0.0022603112303830504,-0.5354270871533329
CETN2,0.06828184324457975,0.025606450802708736
CETN3,0.27155372392863786,-0.2402508929384206
CFAP157,0.09102653677133077,0.04612253567829483
CFAP20,-0.06783057874417509,-0.35753532643494346
CFAP20DC,0.23831622305703348,0.39593241225848175
CFAP251,-0.2796432229242636,0.2254879901463367
CFAP298,-0.24034824697416646,0.2128879064489304
CFAP300,0.5127358011100303,-0.8011909844101388
CFAP36,0.16163959451101917,-0.2093227121242771
CFAP410,0.25979210226896066,-0.038444302442070644
CFAP418,0.13681125636044422,0.12054709375825556
CFAP43,0.004213079167144335,0.025001385449961555
CFAP44,0.09529989641669336,-0.007621056109919033
CFAP45,0.47518350200994297,-0.38680077433397564
CFAP46,-0.2010955852816485,-0.18363880805148242
CFAP53,0.3302005152165255,-0.32526142229436306
CFAP54,0.1798348247809921,0.43110182331030555
CFAP57,0.2887688034888647,0.4112835437004403
CFAP68,0.4489489264154871,-1.0027100256695327
CFAP69,0.24339416351024906,0.11860720458481122
CFAP70,-0.08159563955656024,0.07760509053032338
CFAP97,0.07639693739011122,0.8021228593589127
CFD,-0.3770964778454471,0.24771536282369944
CFDP1,-0.00821577242189786,-0.292158200708621
CFH,0.03817317056008003,-0.06283998834321292
CFL1,-0.06029135011648634,-0.17380652590858858
CFL1P1,0.21064289300814176,-0.21388057420482065
CFL2,0.3499321760034233,0.887770424680765
CFLAR,-0.17667950835202628,-0.03657058340816999
CGAS,0.14012736258889635,0.6856295601859057
CGB7,-0.13443354965358234,0.04365067628355335
CGGBP1,0.009604293540718345,0.23898633574842165
CGN,0.2672952294524844,-0.1916015354960443
CGNL1,-1.9992126517414497,-0.14743895832841325
CGREF1,-0.5860553615706268,0.2217174227738341
CGRRF1,-0.021621144833694927,-0.040865956688932226
CHAC1,-0.47182492140623644,0.6208850097292187
CHAC2,-0.12168793052434346,-0.019884651430593037
CHADL,0.14993563696493659,-0.08828685325600127
CHAF1A,0.23843520237161187,0.03543816164024971
CHAF1B,0.23624440196467322,-0.0225535370896095
CHAMP1,0.4171650077841562,0.8591412936635376
CHASERR,-0.1535267751883076,-0.1655443999971804
CHCHD1,-0.34735238828179416,-0.2132551233717228
CHCHD10,-0.16515936103083462,-0.539223894189429
CHCHD2,-0.021495415382956296,0.032997867408539605
CHCHD2P2,-0.009986848239901924,0.16460853181722002
CHCHD2P6,0.060990563268285225,0.10585573306958418
CHCHD2P9,0.13924049461575194,0.050570233309632506
CHCHD3,0.06709373473500246,-0.1965475695754666
CHCHD4,-0.034506607798370226,-0.015524699972544909
CHCHD5,-0.026466472322836943,-0.7647121260575318
CHCHD6,-0.11177150280892967,-0.014442048406343666
CHCHD7,0.4483643421657657,-0.37703803046413453
CHD1,0.21838087270190165,0.3757768405714321
CHD1L,0.36778768698426934,0.3592672902768106
CHD2,-0.06482458465230323,0.12379782032789421
CHD3,-0.40495751477774977,0.019916446489791184
CHD4,-0.0173293759842732,-0.17830476536560802
CHD5,-0.15276327315035143,0.3370813416896784
CHD6,-0.2765827502830618,0.5056213715115838
CHD7,-0.3433247397750909,0.4724332717201216
CHD8,-0.14071891316217044,0.3761725984838069
CHD9,0.1051558826689778,0.34745979399729343
CHD9NB,-0.037242298420318176,-0.22243625371851183
CHDH,-0.8860925861392133,0.8166248360108654
CHEK1,0.023317077913364237,-0.19434650722054103
CHEK2,-0.017292063688173265,0.42250531765997845
CHERP,-0.12055968565512121,0.38258621315359775
CHFR,0.049485350913924364,0.17046812375172138
CHGB,0.2918210681535971,-0.020912640968998406
CHIC1,0.11218841511657551,0.33713050477354356
CHIC2,0.00892297460018554,-0.023013808511489486
CHID1,-0.07385762799945628,-0.006145822321933281
CHILL1,-0.36747493770760464,0.5804917797040401
CHKA,-0.4047474976079659,0.20938849479246802
CHKB-DT,0.08987529017003926,0.4867531093073987
CHM,0.256190635156738,0.3919526948412173
CHML,-0.2804106655718144,0.39276196427648635
CHMP1A,0.007758352607655894,-0.2149342828890406
CHMP1B,0.26032650143494074,-0.06839948485480818
CHMP1B2P,-0.02515039021490946,0.2582913374719249
CHMP2A,0.24364421786873613,-0.23862652250358263
CHMP2B,0.035582692415935036,0.12841710535317485
CHMP3,0.25207945498279294,-0.2838680061198131
CHMP4B,-0.009078023497914423,-0.6286844016005695
CHMP4C,-0.08593365227757754,-0.3570765544224299
CHMP5,0.06781709323244467,-0.2455829710169608
CHMP6,0.1582547364379412,-0.009690190077245475
CHMP7,0.07373573787796062,0.18349364347244723
CHN1,0.06649476741946714,0.1577945733526478
CHORDC1,0.15399178042522532,-0.36045347319414045
CHP1,-0.082443280734247,-0.22874613910689057
CHPF,-0.5217094082352887,-0.5000974811048398
CHPF2,0.0008506864678583526,0.5221206553960913
CHPT1,0.17612551775659568,0.9524788555839101
CHRAC1,0.10419753243558105,-0.1680618854357281
CHRFAM7A,-0.19626350088234212,0.00176604485520266
CHRM4,0.154035729823625,0.015961909014485465
CHRNA10,-0.24498570520269114,-0.08577804201472217
CHRNA4,-0.07767197589533037,-0.0031721309173650195
CHRNA5,-0.21845237589637767,-0.8784607505202064
CHRNA7,-0.03965861018780248,-0.04997103771288933
CHRNB1,-0.7251702920797749,0.26557218119503867
CHROMR,0.7394268238589301,0.6015097715183962
CHST10,0.0014017446671328315,-0.03310456555359176
CHST11,0.47264598333532115,-0.35806703346292945
CHST12,-0.08671659763677031,0.21459128063641764
CHST13,-0.3288125484900375,0.5368916398005368
CHST14,-0.266102404339847,-0.12401529523706589
CHST15,-0.09394343296493357,-0.058260707812172186
CHST3,-0.5815532023483456,0.7170697423605912
CHST4,0.05009484633164801,-1.7396473623692539
CHST6,0.0,-0.599865438250669
CHST7,-0.8355565889920804,0.26894090525921843
CHST9,-0.027459904029403112,-0.30088383307528366
CHSY1,-0.12729184222963585,0.3416338295569865
CHSY3,-0.035801862965933205,0.03955514235575741
CHTF18,0.04586754036769758,0.0615669307454354
CHTF8,0.10105220201459542,0.5880096218898556
CHTOP,0.045294993142205975,-0.09423790932940435
CHUK,-0.2491118988513623,0.2918841016872298
CHURC1,-0.12832660699551113,-0.13061981216787988
CIAO1,0.029225752447385567,-0.2721419830355689
CIAO2A,-0.048818498889070305,-0.22216768552564492
CIAO2B,0.022786660404790382,-0.1313497428919046
CIAO3,-0.04386254371689713,-0.26030440306537095
CIAPIN1,0.025531322799968947,0.10236972678567913
CIART,-0.6873294448523073,0.2486574753751538
CIB1,-0.24526642915957275,-0.08060275678221807
CIB2,-0.41196422133212796,-0.5329975052059117
CIBAR1,-0.24196123501128008,0.27231347543544837
CIC,-0.2106273878149727,0.5567942491066438
CICP14,-0.04202440486984371,-0.13904495378755366
CIDECP1,-0.08194473988454298,0.4317528670011548
CIITA,-0.024569189326871077,0.6655227572942799
CILK1,-0.17751221986254917,0.9000514809103413
CILP2,-0.28159010794350015,0.8887753253535426
CIMAP1B,-0.15584658273944552,0.7424668558286083
CIMAP1D,0.5239237987930536,0.17320957659866185
CIMAP3,0.07449826465885856,-0.14772784606628875
CINP,0.1720763510231329,-0.043647253156858135
CIP2A,0.21059924379465578,0.46073612257985497
CIPC,-0.04152810395177031,0.09904648690727047
CIR1,0.10980822519275257,-0.22392913183463925
CIRBP,0.1953010308906027,-0.365929969564025
CIRBP-AS1,-0.16626474989357298,0.08308591061544679
CISD1,-0.1327214114616524,0.12906877601383826
CISD2,0.0339347789928528,-0.2180092127069564
CISD3,0.16656009414128992,-0.3681456359960178
CISH,-0.04779712797120364,0.8756790293029548
CIT,-0.23276007936915555,0.20563822532838572
CITED2,0.19265048392913808,0.6577310673971652
CITED4,-0.937304441463648,0.03223314895794793
CIZ1,0.2021980949978044,0.16571297989892297
CKAP2,0.2508762405110243,0.5842654923426602
CKAP2L,0.00041120770942892904,0.045074726061957726
CKAP4,-0.04454096372564642,1.066919469651764
CKAP5,-0.20899679696521112,0.02448621172676191
CKB,-0.12955201610033207,0.23124107460432342
CKMT1A,0.21368312652961707,0.0758579236051391
CKMT1B,0.5381881852252607,0.30987047194183737
CKMT2,0.4600412416165175,0.24331175841796715
CKMT2-AS1,0.05919217590335357,0.3293161655842822
CKS1B,0.033613775598757556,-0.1402304543245636
CKS2,0.06141752373619269,-0.08364389713112441
CLASP1,0.003525668126020065,0.17845718730076232
CLASP2,-0.14800461419660849,0.3930220871889776
CLASRP,-0.21178793839364474,-0.17806625089149009
CLBA1,0.06304989461160382,0.24224789032232774
CLCC1,0.042993134964044444,0.38748376240832316
CLCF1,-0.1585334644610814,0.12569957260590847
CLCN1,-0.13976024658887803,-0.4823244478356641
CLCN2,0.050079828051160735,0.25918392495868714
CLCN3,0.13225477961386733,0.20462375200766303
CLCN4,-1.7685849753432439,0.9774795157354812
CLCN5,0.03565103975309025,0.056248040827683976
CLCN6,-0.23884210042882215,0.458312772129422
CLCN7,-0.09373317794578195,0.4451901049951985
CLCNKB,0.0824436862884951,-0.04536800688495912
CLDN1,0.0805237208777374,-0.0824858363405756
CLDN10,-0.18693240914111353,0.9671730228914561
CLDN11,-1.347838723889854,0.04381985793083576
CLDN12,0.06551654816371233,-0.08668508299457756
CLDN14-AS1,-0.4057558396861395,0.368399494164087
CLDN15,-0.3850224456511049,-0.8709530419762719
CLDN16,0.03209253683750728,0.402138555918508
CLDN23,-0.39374161319019585,-0.6046309945030934
CLDN3,-0.041714170974620934,-0.8993939508924855
CLDN4,0.4412430859962848,-0.4121071642363585
CLDN7,0.12513006187382025,-0.16581833225265719
CLDN9,0.1344390686879049,0.793084401198004
CLDND1,0.02979348542085436,-0.002793154688751187
CLEC16A,0.09174943237821243,0.43081581384644707
CLEC2B,0.37958357203568216,0.6282590596050497
CLEC2D,0.011284740781023594,0.09247688585002845
CLGN,-0.0704323420728965,1.8909253444632448
CLHC1,0.11658073667063651,-0.06330848937427525
CLIC1,0.17920034351556602,0.34458518979204733
CLIC1P1,0.10746088064741444,0.0037194915234810555
CLIC3,0.3730897870419274,-1.1147111186884606
CLIC4,0.0609354308525063,1.8031101122411322
CLIC5,0.0,-1.6964777197391903
CLINT1,0.15234977698298735,-0.09985267925783514
CLIP1,0.15479346112557124,0.5683782524759167
CLIP2,-0.21166758511499406,0.24882970287955608
CLIP3,0.5047611800642584,0.3654922298442381
CLIP4,0.1047550613530106,0.08797132807430064
CLK1,-0.027068402847106654,-0.293829454699277
CLK2,-0.10174862701041132,0.10045665663527714
CLK3,-0.23470448204471595,-0.22426929243436167
CLK4,0.15593672965772498,0.28815511180277786
CLMN,0.16955244665529534,-0.18099818861525563
CLMP,0.7163873451785063,2.2577438175881035
CLN5,0.3119137078927934,0.616720330159124
CLN6,0.04403489728105647,-0.13929286690890086
CLN8,0.23789400395365456,-0.25709810001281985
CLN8-AS1,0.1458470989242202,-0.17561976303604165
CLNS1A,-0.035718111908372485,-0.28457015167438016
CLOCK,0.2062315728060229,0.4030215449367738
CLP1,-0.028427846917904454,0.04404918245004197
CLPB,-0.10788512163355257,-0.0605034149906869
CLPP,0.08896338252655767,-0.31013254637035725
CLPTM1,-0.026837641971086512,-0.1462728584917441
CLPTM1L,0.027815836808164462,-0.10476079947140438
CLPX,0.07986410346478223,0.05474554505925511
CLSPN,0.24520229833029994,0.11232139242428518
CLSTN1,-0.03050180236298239,0.22561029425928503
CLSTN3,-0.8834850117714461,0.6627177196610479
CLTA,-0.008458372065923925,-0.1943375663621998
CLTB,-0.10183611802957504,0.17352847163535134
CLTC,-0.24267750879294248,0.07064822191220621
CLTCL1,-0.5703754923640947,0.06596791819634995
CLU,0.20164299798583407,0.7744899427543848
CLUAP1,0.2636978017034042,0.48697736898056565
CLUH,0.03438321754195517,0.09474444092905898
CLUHP3,-0.24689560829982793,1.3260808108064392
CLVS2,0.05552455632224196,0.0
CLYBL,0.6324602936059512,0.4887092480011357
CMAS,0.2823220342000772,0.17325696263312018
CMBL,-0.24690497114342858,-0.2768194632336014
CMC1,-0.01026149067612181,-0.25347045644115473
CMC2,0.248961815385484,-0.3753208326072661
CMIP,-0.15791496857966347,-0.22940530935150338
CMPK1,0.10845097239390888,0.2507958192938622
CMPK2,-0.03457063436263064,1.1202225231935574
CMSS1,0.06571924175865718,0.06354556834966818
CMTM1,0.19405167379550758,0.3761663360163192
CMTM3,-0.35542961845688836,0.21539517195825653
CMTM4,-0.23630969175118022,0.18177085573800422
CMTM6,-0.0946415146448869,-0.10862717045906933
CMTM7,-0.37009934513334297,-0.2582362302166228
CMTM8,-0.275848761245578,-0.39234686000087216
CMTR1,0.06668401644695265,0.7735510948976838
CMTR2,0.13702011569853312,0.4548822057416544
CMYA5,0.07883862956402055,-0.20134132302678864
CNBP,0.07002803441017313,0.08572489186631138
CNDP2,0.45384334303006924,-0.3033163621948409
CNEP1R1,0.05035684314349709,0.06560955800931279
CNFN,-0.5723102265098855,-0.015159733232862571
CNGA1,-0.0043925399169230245,-0.29173230902669545
CNIH1,0.16200343333327183,0.03546373950081261
CNIH2,0.002230181445717516,-0.39081792955182815
CNIH3,0.5725337343133989,0.09293408833789929
CNIH4,0.11163151575521724,0.00036761875234425645
CNKSR1,0.05572693323139921,-0.253483153288915
CNKSR3,0.10294207647532616,1.3463443555529826
CNN1,-0.2645541804220781,0.23841185807135662
CNN2,0.07398949922749498,-0.16472874808178162
CNN3,-0.2706814983498216,0.8713923653680418
CNN3-DT,-0.21802050452434818,0.671852441926031
CNNM1,-0.5725049149929271,0.02534094739887749
CNNM2,-0.45656741345859597,0.004509292862672432
CNNM3,-0.13883600764721926,-0.3158294033864415
CNNM4,-0.07181428794113387,-0.38650541911953784
CNOT1,-0.15977259492493268,0.4610388421654177
CNOT10,0.0166303747659855,0.0002148284423797442
CNOT11,0.1057096578356127,-0.15569137367373997
CNOT2,-0.025452074009622905,0.22733891219350522
CNOT3,-0.20187557931743516,-0.04196850001218877
CNOT4,0.10262388211470519,-0.03168632947284955
CNOT6,0.03957487511167024,0.39891923099527027
CNOT6L,0.06734161287776619,0.11937016886006369
CNOT7,0.05180053320425859,0.09374888782853397
CNOT8,-0.07650654375071753,0.10552567084262598
CNOT9,-0.05285830182517515,0.08922479678807438
CNP,-0.002838459624979528,-0.04243856965291659
CNPPD1,-0.07216098131343873,-0.3423308465148569
CNPY2,0.10994739587835212,-0.1603187108870553
CNPY3,-0.03262659212983188,0.3810974892346657
CNPY4,0.4044690033218594,0.4704839103290772
CNST,0.11370599544928872,0.5381918885934098
CNTF,-0.15973442942965033,0.25712372451453713
CNTFR,-0.3493017689038309,-0.04832787236535435
CNTLN,0.0,0.35294923526810607
CNTNAP1,-0.3717523807773686,1.7790783904838365
CNTNAP3,-0.20003763197269642,0.45026195156855997
CNTNAP3B,0.08402911154944959,-0.015554598219905041
CNTNAP3C,-0.3696454604849394,0.18240237938916037
CNTNAP3P2,-0.09785430613343826,0.003780140787327718
CNTRL,0.20993953614687078,-0.18919026201132327
CNTROB,-0.22905597574922254,0.12577121976058603
COA1,-0.16225905341613256,0.10596975820754562
COA3,-0.10385551363572176,-0.24118040276842478
COA4,-0.07949277793525056,-0.3980596183574745
COA5,0.14503951821214445,-0.43931769745956206
COA6,0.20632450290717763,0.052720812193799205
COA7,0.20662646987735123,-0.009507636451453472
COA8,-0.03755437831080988,-0.22028280399829736
COASY,0.11048468020498436,-0.11267934596280327
COBL,-0.3329052342291227,0.09102062572175829
COBLL1,3.8777328011271095,-0.23990244906452451
COCH,0.2962959309869536,-0.2582590498369126
COG1,0.15644084671933722,0.04321668028965142
COG2,0.04095091841536469,0.31523518114164073
COG3,0.5815998319988163,0.379839202907267
COG4,0.028435866434383783,-0.17106287093513117
COG5,-0.12390425439997088,0.25422722688517485
COG6,0.4183948801075599,0.6021171335163
COG7,-0.08702796974551319,-0.14984227743589162
COG8,-0.26147784043149347,-0.11614315547636211
COIL,0.08250603180037519,-0.13271270972155502
COL11A1,1.0240056542842817,0.019844623397862995
COL11A2,-0.2052585239565079,0.135990271337889
COL12A1,0.9696343518487069,1.517493515133633
COL13A1,1.5493685524508416,1.7653625058197586
COL16A1,0.27142753914259077,0.5161541914100436
COL17A1,0.23028744031911746,-0.24328427045310885
COL18A1,-0.15075644811529543,0.5362081322988965
COL1A1,-1.487544987786955,0.052866432506354144
COL21A1,-0.3075608580668152,0.22759000664708204
COL22A1,-0.4257415792340544,0.528284364928391
COL26A1,1.3067658921507306,0.4352634798709961
COL27A1,0.13519978854209058,0.09703829003073439
COL2A1,1.3931434036190133,-0.19415877213475452
COL3A1,2.384398231353041,0.0963538311740293
COL4A1,-2.134903255922016,-0.017153837073833306
COL4A2,-2.970961330293,0.0835800159294054
COL4A5,0.952371620033732,1.9722454693585734
COL5A1,-0.6754380021108846,3.516970603922783
COL5A2,1.169062155580896,0.4058809221348415
COL6A1,-0.1289494711384087,2.114854564469395
COL6A2,0.019483224639271768,1.522786819811719
COL6A3,-0.6991084545365938,0.13493910617154398
COL7A1,-0.5170594321575277,0.7212660675893094
COL8A1,-0.04905056026219304,0.8209134856131541
COL8A2,-0.11646661347245724,-0.032142959006356
COL9A2,-0.03492148299732656,0.3188106021322821
COL9A3,1.55212923545076,0.1173210136664733
COLEC11,0.059155203243107815,-0.32898336849094534
COLGALT1,0.06363739491917464,0.3921479366496259
COLGALT2,-0.4328947227759645,0.18726583203866798
COMMD1,0.2636390144052907,-0.3758234712648818
COMMD10,-0.05703473363048861,-0.007898704449790017
COMMD2,0.011594077422357074,0.37697689354026576
COMMD3,-0.009336310883889531,0.23482389419333272
COMMD4,-0.16389057925718387,-0.5363338572648901
COMMD5,-0.2777345842277672,-0.22271088285862284
COMMD6,0.20415123475035113,0.3859807644428024
COMMD7,-0.31733263602622586,0.04454226491754065
COMMD8,0.23614215173130315,0.12267720521995873
COMMD9,-0.04802946364321503,-0.3117232636238718
COMT,0.13330842705889712,-0.3044595273530746
COMTD1,-0.09922226049648142,-0.5422089854414862
COP1,0.19848904992392757,0.16466128690744863
COPA,0.029560856867083984,0.4368685984224996
COPB1,-0.15876377003375453,-0.1783867701541766
COPB2,-0.003674384683776566,0.4746299067355606
COPB2-DT,0.23985934925820207,0.2419355725028054
COPE,-0.2801400806446317,-0.043810900808562536
COPG1,-0.09333051087139843,0.1538372621731181
COPG2,0.0020076475625581125,-0.0430647746030246
COPRS,-0.02293229425439325,-0.06875543801014761
COPS2,0.017006469381120937,-0.25904042842889297
COPS3,-0.14468920341289948,-0.09093235494633767
COPS4,0.13592474386550535,0.14036100676419672
COPS5,-0.025276075279102805,-0.2373407359180737
COPS6,0.07466795558598793,-0.3017849710433502
COPS7A,0.07033432044371324,-0.28466001494069904
COPS7B,-0.23783197125693256,-0.4029328768087943
COPS8,-0.36897994248455923,-0.17795255099277885
COPS9,-0.24279164937100894,-0.4604515005664984
COPZ1,-0.0639160706352806,0.1580492743140791
COPZ2,-0.7322122993343034,-0.122553610160264
COQ10A,-0.45893922397173936,0.09623401289420919
COQ10B,0.22849464129464359,-0.5978829749568
COQ2,-0.026816698610055312,-0.18032201929271885
COQ3,-0.010006208031177799,0.33078751497067627
COQ4,0.1795220927793313,-0.5049361773495402
COQ5,0.016110665110611322,-0.0839871784253976
COQ6,0.15276991310453214,0.03961670266464523
COQ7,-0.12799526087437396,-0.12343713460822059
COQ8A,0.09985396079289988,-0.19667417974432233
COQ8B,-0.005499487001085157,0.0365415445740469
COQ9,-0.03546237429383048,-0.04358668761404072
CORO1A,-0.04113566410042324,-0.12004723748348833
CORO1B,0.12031130424616787,-0.0476318748546678
CORO1C,0.17039204973772115,0.617874137217151
CORO2A,-0.41255307414402154,-0.30126779333510356
CORO2B,1.8071478644846561,0.20723217699958552
CORO6,-2.2629814073035375,-0.10505308257104762
CORO7,0.28901569966415463,-0.49932790924401216
COTL1,0.293219818545813,-0.06366372761333317
COX10,-0.11575105988759837,0.2581327003035496
COX10-DT,0.3785455743978594,0.358901279371334
COX11,-0.033758636004085574,-0.04351179352898704
COX14,-0.41050882793438204,-0.34280700563673605
COX15,-0.14747853651530907,0.04456060984725241
COX16,-0.2571208018705984,-0.3086302331445616
COX17,0.2188269775780176,-0.47174308425553946
COX18,0.26192000020914463,0.06169409505192647
COX19,-0.02781926223841147,0.4026146960722361
COX20,0.06606624749082357,-0.1379298072681331
COX20P1,0.044627130115186486,-0.09561729455258305
COX4I1,-0.11054959128928221,-0.3221876714392433
COX5A,-0.22335922173870415,-0.4398673376151274
COX5B,0.06549204633674677,-0.42788329995897456
COX6A1,0.05664334290891171,-0.6429587035391524
COX6A1P2,-0.02813953922624557,-0.3547807021361167
COX6B1,-0.033790366512866044,-0.13861219653217738
COX6B2,-0.46221136071887914,-1.6930798617247809
COX6C,0.03374427862718221,-0.48953656200682616
COX7A2,0.14411199827031052,0.10760072350629901
COX7A2L,0.11579800143748198,-0.3265288515085363
COX7B,-0.008932939462482636,-0.13178562379406156
COX7C,0.05909717997982522,-0.15732140481951618
COX7CP1,0.04665349649453332,0.02359420210615848
COX8A,-0.3155081088103211,-0.6451083720253825
CP,0.6982604163776027,1.8214452693816807
CPA4,-0.7739690633043314,0.8106130444481199
CPAMD8,-0.010971657568386417,0.6931770247387181
CPD,-0.1140085170393057,0.4834093299589455
CPE,0.2242825823153378,0.22129775889062264
CPEB1,0.004046391362841462,0.02569893288723271
CPEB2,0.12685510084155194,0.9774665088892553
CPEB3,-0.07031830058936572,0.6307246676939149
CPEB4,0.19803423339182835,0.28638009661056696
CPED1,0.45909160287643835,-0.17822299195035107
CPLANE1,0.12244365406011593,0.8026613114255818
CPLANE2,0.1253924416974801,0.39422504602291975
CPLX1,0.5645449802236508,-0.5307526831174147
CPM,0.3119474218559639,0.45303156022646096
CPNE1,-0.07671624036057523,0.387374619759715
CPNE2,-0.038163602883313,0.28072287545878094
CPNE3,-0.03509650073581572,0.4323963425007369
CPNE7,0.33426966372730327,-0.05489638171831723
CPNE8,0.18953075590699342,0.9030230534771371
CPNE8-AS1,-0.03532090206718419,0.0499753008820904
CPOX,-0.15762888344452453,0.23071397620271572
CPPED1,1.6319237993139462,0.7779895856671821
CPQ,-0.6676052802144108,2.03254994195234
CPS1,1.030898149102889,0.1971105249618912
CPSF1,0.012890114772636352,0.023266253005167492
CPSF1P1,0.16400050191314253,0.08054218545151626
CPSF2,0.11380029363142352,0.1228915706225564
CPSF3,0.1393686599176096,-0.23398012241307686
CPSF4,0.1472653576524321,-0.2913322635039526
CPSF6,0.10850897104779289,0.14084855582338562
CPSF7,-0.10054121933101534,0.08470701433414618
CPT1A,-0.4773403834887846,0.057404435085693706
CPT1C,0.3446208126061848,0.6842572611192017
CPT2,0.011681080839267999,0.14349564029121264
CPTP,-0.05107663245109606,-0.15182348065646778
CPVL,2.6211400473045607,0.41737600840640887
CRABP2,-0.8064904127263928,-0.12542094367596768
CRACD,0.8447911581373981,0.30554815974194716
CRACDL,1.4672526598513225,-0.716445831105041
CRACR2A,-0.867513506425166,0.1947655692964776
CRACR2B,-0.6170002581708935,-0.57422852591804
CRADD,-0.03080924065355184,-0.274963595963317
CRAMP1,-0.2902599712377878,-0.02708379685304152
CRAT,0.13986341687385195,0.22256362411369413
CRB3,0.16403722211388824,0.05719737175000983
CRBN,-0.09467513792690907,-0.05388685365226564
CRCP,0.12993995903869227,-0.2233742190080399
CRCT1,0.0,-1.8471807091146641
CREB1,0.05636733095843116,0.28176671631514516
CREB3,0.07922656547572782,-0.1166433539659062
CREB3L1,0.25135249137358207,0.792102235859562
CREB3L2,-0.0722048554208996,-0.19136437658482297
CREB3L3,0.08488626142700753,1.5969529945479717
CREB3L4,-0.06425151764387182,0.018444268209051096
CREB5,0.4250532665284208,1.557274596420347
CREBBP,-0.18560227369761328,0.5375115161563029
CREBL2,-0.012472848750958221,-0.017036543723795816
CREBRF,0.3137382078775186,0.4220302438271366
CREBZF,-0.2218523305375566,-0.1053696259742063
CREG1,-0.3598626512375498,0.1711346541659724
CREG2,-0.0253476662259442,-1.6013173245718983
CRELD1,0.13635090653317672,0.21262640469425964
CRELD2,0.30528255049405395,-0.14278306064770874
CREM,0.34727099601457745,0.5057115811995407
CRIM1,-0.08937867142392086,0.9889490620035559
CRIM1-DT,-0.3475775616312369,-0.19945509556228114
CRIP1,0.008355765420167138,-0.6325287827918369
CRIP1P2,0.004995521521355184,-0.4565649109613594
CRIP2,0.130280539853751,-0.13383238820448629
CRIPT,0.24152792825675196,-0.17919483315306994
CRISP3,0.0,0.07105871835415534
CRISPLD2,1.0182957995058648,0.8720368656202793
CRK,0.013608166748804607,0.14522585697158163
CRKL,-0.11932425252185119,0.3938931049173444
CRLF1,0.6320038913334611,0.6408085033791171
CRLF2,-0.18769884318275099,0.1777735159989896
CRLF3,0.269497219062786,0.06877108179590907
CRLS1,0.10635116626934238,0.10126696484620723
CRMA,-0.3269224378018496,0.0
CRMP1,0.03702459290870741,0.11841448789172437
CRNDE,0.06206428961929156,0.2729678976443129
CRNKL1,0.09481673796732792,-0.03648238982248575
CROCC,0.12973674591334072,-0.17686549643940275
CROCCP2,0.2418345929195067,0.05823996374589768
CROCCP3,0.19239306010679214,0.06113307614630137
CROT,0.12290117588775074,0.07456582326468109
CRPPA,0.42897957644965556,-0.06495209501443489
CRTAP,-0.23245051983824805,0.2341157424207383
CRTC1,-0.14773426633993125,0.1878348304941957
CRTC2,-0.051987028622325404,0.0890013473520872
CRTC3,-0.2499609219276948,0.45964853866273714
CRY1,0.019908780880081522,0.5143447913539627
CRY2,-0.11823266943705679,-0.3883331445986187
CRYBB2P1,-0.042532648233485126,-0.6632952923631075
CRYBG1,-0.004799810812042615,0.5551747319345308
CRYBG2,-0.07554626140630927,-0.5088014486698098
CRYBG3,-0.12557672207573312,0.5282173649055424
CRYGS,0.2524848864826017,-0.03571090278487066
CRYL1,0.1914723881193212,0.35003865760503095
CRYZ,0.3401605353955768,-0.1176738635172363
CRYZL1,0.17944556468617057,0.18467353392268882
CRYZL2P,0.051461505379574835,0.029738065213790854
CS,-0.08730393642927492,0.015515708882293922
CSAD,0.09244360981140165,0.1158660965839633
CSDC2,1.5912070079600469,0.3155279811649979
CSDE1,0.18360787526201783,0.23207198387943073
CSE1L,0.18747912975761594,0.20774410670915344
CSF1,0.5701260528087175,3.2720443842656253
CSF2,0.011303688889991163,-0.41501810723823174
CSF3R,0.0,-0.15989454885971632
CSGALNACT1,-0.17947193116876647,1.9826780437994218
CSGALNACT2,0.06141289068614242,0.45914660293223086
CSK,-0.20609003528767822,-0.29131983542234074
CSKMT,-0.10040225930090152,-0.3786754294992507
CSNK1A1,-0.014244101777403984,0.8027975286214968
CSNK1D,0.04335355595720003,-0.2974482961822975
CSNK1E,-0.028371014413102635,0.02219489666727803
CSNK1G1,-0.2786276280265776,-0.046076392033475244
CSNK1G2,-0.10410541851149357,0.2147997494066587
CSNK1G3,-0.02468762309493755,0.1929303932014932
CSNK2A1,0.05646577183887658,-0.13377865216279616
CSNK2A2,0.08105255267990596,-0.24491161381675042
CSNK2A3,-0.3652247589691989,-0.01233095361887937
CSNK2B,0.15137483669867802,0.20248395175890854
CSPG4,0.35577218099920893,-0.5031707209603793
CSPG4P10,-0.3671873191828139,-0.35606104913505643
CSPG4P12,-0.26455959389877903,-0.5304156264859547
CSPG5,0.48315216963455465,0.05704104460863785
CSPP1,0.11934205035879097,-0.04057650417684755
CSRNP1,-0.05823812896833758,0.3476498590548909
CSRNP2,-0.09235667138532389,0.4802484024892948
CSRNP3,0.06683236498359725,0.0828593682523775
CSRP1,-0.09568961762231254,-0.2268704710806979
CSRP1-AS1,0.016996556145224773,-0.016943520875293994
CSRP2,-0.15622850607056282,0.6261803391924801
CST3,-0.28400106100852707,-0.5560601224878416
CST6,-0.015586845828063259,0.1945245971738485
CSTB,0.44685990041795076,-0.26871772348420464
CSTF1,0.061392091902599866,-0.002359266253339598
CSTF2,0.09997663932789447,0.33236318783477614
CSTF2T,0.559301976523245,0.41205525645109375
CSTF3,-0.04422347153934769,0.016936220775649602
CSTPP1,-0.32905554516780544,-0.233579928821535
CTBP1,0.06873747317029988,0.1831278904249105
CTBP1-DT,0.1596649567272732,0.6818366689889981
CTBP2,-0.22791868950558403,0.14579826336546553
CTBS,0.02298219595514084,-0.024353322227776975
CTC1,0.3763748545132639,-0.11411466126402825
CTCF,0.04952487893058333,0.20816910354340035
CTDNEP1,-0.0962353512679428,0.0814356266592613
CTDNEP1P1,-0.1163072969173754,-0.12003238557399731
CTDP1,-0.06670386763244629,-0.14197018353802182
CTDSP1,0.047694971382234996,-0.22606063651412
CTDSP2,-0.4370892111253797,0.4926413113526982
CTDSPL,-0.3010133731784972,-0.31519157378595963
CTDSPL2,0.019589760680063684,0.09201673880347627
CTF1,-0.22901722076798858,0.5648370270659315
CTH,0.23824540016323015,-0.01951200908824058
CTHRC1,-2.284276985560921,1.1534363468421824
CTIF,-0.0629921677709584,0.4768455250656687
CTNNA1,-0.09349342515613124,0.21071238148240568
CTNNA2,-0.932343479552775,0.0
CTNNAL1,0.02556155074820854,0.13405449222182764
CTNNB1,-0.008513772135621878,0.5883596231946271
CTNNBIP1,0.28724476614114636,-0.041869473728414874
CTNNBL1,0.19583879374707358,-0.07249252981180732
CTNND1,-0.0925843633129535,0.355409770431379
CTNS,-0.11703014487532215,0.0657802188148735
CTPS1,0.016891803443105147,0.15664529581578623
CTPS2,-0.5004859342620454,0.09676105397354684
CTR9,0.0077638464165756815,-0.1628467126890687
CTSA,0.04551824229096457,-0.016402416761973626
CTSB,-0.09181711873206488,0.17861686048882675
CTSC,0.41534498993686864,-0.096851357801647
CTSD,0.22078070346030998,-1.153878957052978
CTSF,-0.2486973902506211,-1.2530933929353418
CTSH,-1.1265845816210298,-0.8219260150088914
CTSK,-0.17424842337147795,-0.2362962216549045
CTSL,-0.20664832312716275,0.3300388695969545
CTSO,0.7874517232188412,0.8932342737919114
CTSS,-0.4359591399598751,0.41175691280089044
CTSV,1.150188776505809,-1.079817566259103
CTSZ,-0.09914888129055477,-0.3655898858084079
CTTN,-0.0015396662505757774,-0.24524617611675126
CTTN-DT,-0.08727359129665346,-0.26578292065329323
CTTNBP2NL,-0.15213145595105715,-0.18449164109527594
CTU1,-0.2976413077023574,-0.2442731476311728
CTU2,0.23842091000859078,-0.3858871792817231
CTXN1,-0.5897221241596897,0.05087353412816631
CUBN,0.04350382566937183,0.19264425743352695
CUEDC1,-0.06272100802374858,-0.7843660710670033
CUEDC2,-0.1478046166207614,0.057686391995828146
CUL1,0.019759290745313685,-0.009471367546797893
CUL2,0.059014277862534215,0.2342062416823314
CUL3,-0.013160739274137967,0.039282810286039194
CUL4A,0.43090898748389606,0.5809062902782154
CUL4B,0.04631334199143122,0.7368402394943789
CUL5,0.0264490540732929,0.29796862332112894
CUL7,0.36417968461940475,1.0561064620551122
CUL9,0.21212835249053974,0.8822804894911549
CUTA,-0.3656874095980287,0.19299771103294283
CUTALP,0.23864658497091895,0.0636486850467688
CUTC,0.0032817574221919443,0.43970777945879735
CUX1,-0.14343296994380328,-0.027877002898310188
CUX2,0.2675939571552637,0.11118949689918575
CUZD1,0.12370618034841363,0.0015567779393419467
CWC15,0.10371723443966996,-0.3595608047511467
CWC22,0.26398653606367173,-0.0688908752132873
CWC25,0.031127091573340593,0.25002671544265986
CWC27,0.21197348823870588,0.25197665304639116
CWF19L1,-0.3597532981340965,0.04205182655812756
CWF19L2,0.12588233258361292,-0.19478567529977164
CX3CL1,-1.3838265304906852,1.4255699590882749
CXADR,-0.09789339289691767,0.5385199416426154
CXCL1,0.9976394361063403,0.9415551532662549
CXCL16,-0.09884100650185879,0.5256631960465414
CXCL2,1.1080372229608904,1.6092286527259434
CXCL3,0.5010885015417406,0.2556520987256854
CXCL5,1.5918797766603092,1.3975958469600354
CXCL6,0.6645079844599235,0.6708233843555024
CXCL8,0.656853352911934,0.6601506441465004
CXXC1,0.019992083806369187,-0.1811244097922593
CXXC4,-0.2786189113004666,0.2860287817405247
CXXC5,-0.03543101832817275,0.049382796287165576
CXorf38,0.06762061048405332,-0.11565571292473109
CYB561,0.018218986463740094,-0.18598840772204106
CYB561A3,-0.1770671611989627,0.20767922667021121
CYB561D1,0.2205674362357506,0.07487588784545895
CYB561D2,-0.28136793913242863,0.24502152566667634
CYB5A,-0.1498906515713303,-0.8088013157578064
CYB5B,0.44835555513746606,0.002191665792331321
CYB5D2,-0.12691006126116644,-0.2526204692310161
CYB5R1,0.2537326546898928,0.18942104793546832
CYB5R2,-0.9732807432848221,0.6603816940512177
CYB5R3,-0.0718105968480387,0.25202694434965434
CYB5R4,0.27281405185996555,0.7568076217284609
CYB5RL,-0.03427692376465652,-0.09265673569810318
CYBA,0.08681927476691165,-0.7385354606622094
CYBC1,-0.02965499522057602,0.17559915583023944
CYBRD1,2.193778973478038,-0.2910727589679709
CYC1,-0.07645289285046886,-0.2790327523944631
CYCS,0.14313698697322863,-0.12362785804125132
CYCSP45,-0.153460578624389,0.052023269655072285
CYFIP1,-0.1837044238825296,0.004381074875993818
CYFIP2,0.040671883705930625,-0.8998012356730831
CYGB,-0.19656986739066307,0.666481366494442
CYLD,0.01929458915009663,0.4324893189189769
CYP1A1,0.3485989467608756,-0.38891035005970753
CYP1B1,0.6842668904391047,-0.18607750658302447
CYP1B1-AS1,0.04977747176783609,0.12786828711016873
CYP20A1,0.35574570175722187,-0.23118449347618686
CYP24A1,0.22518155052860583,-1.2781160734408867
CYP26A1,-0.038131329131727176,-0.2313981328946475
CYP26B1,0.23504030475668714,0.43315306957214006
CYP26C1,-0.7850840108338867,0.08303781653736932
CYP27A1,-0.5260087332217243,0.8499326968760279
CYP27B1,-0.1798613325762246,0.23273522808342528
CYP27C1,0.5090484421615482,0.46431189350838165
CYP2B7P,-0.17943485198273618,-0.3030232352697786
CYP2J2,0.06252175248971567,-0.33595639327935345
CYP2R1,-0.19679378624713095,0.1771282027919665
CYP2S1,-0.7576026753751579,-0.9291039230120832
CYP2T1P,-0.08385257492671938,-0.5142179147441033
CYP2U1,-0.4318601580966548,0.3966550594156759
CYP2W1,-0.06573597431449296,-1.3633418644401554
CYP3A5,-0.0440260411101106,-0.13857284767103129
CYP4B1,0.0,-0.9675304640005198
CYP4F12,-0.027935622447159553,-0.7557049895424948
CYP4F3,0.0,-1.6253127330231223
CYP4V2,-0.019532241106603454,0.014564263035423686
CYP51A1,0.029850132405094598,0.49961058846693074
CYREN,0.3061073454543952,0.07152712159564789
CYRIB,-0.12844940674135952,-0.09267634286949189
CYS1,-0.9149646837720775,0.9986492046319961
CYSRT1,0.22486324912485955,-0.8555181314475391
CYSTM1,0.04313298984767311,0.5083550038760878
CYTH1,-0.025898053458211834,-0.28906983523967966
CYTH2,-0.16380564669001796,-0.13530483000171234
CYTH3,-0.07184844954413805,0.5557573629077908
CYTH4,-0.40886825388066383,0.5964304803437879
CYTOR,0.09186656757287892,-0.21904373783796194
CZIB,0.12518725093109584,-0.03489715452941411
D2HGDH,-0.008408286126787345,-0.6352606436280421
DAAM1,-0.37573289593248216,-0.10841717980624654
DAB2,0.608849352550806,0.690274346878796
DAB2IP,0.32742602057842785,-1.1293090814176487
DACT2,-1.5481899845020934,-0.10312237694419173
DACT3,-0.2662878938949952,0.24012919945411443
DAD1,0.04774896654167815,-0.09652266297722001
DAG1,-0.11084167343254414,1.2505972122856566
DAGLA,0.5635024291684236,-0.64984457661454
DAGLB,0.1804175782823778,0.42587675324417607
DALRD3,-0.08666601588690259,0.01521376082402437
DANCR,-0.7016266743777413,-0.6104242779675104
DAP,-0.05064923281962308,0.0036900271257884754
DAP3,0.2769022938366401,-0.07576103500406184
DAPK1,-0.20796032838844045,-0.5520636265131765
DAPK2,-0.6581353778634874,-0.17375034410973034
DAPK3,0.03634067164104238,0.08736125165762676
DAPP1,0.0,0.14897459675191538
DARS1,0.1478200434954644,-0.12290411487549413
DARS2,0.040134861703741365,0.11285107628693591
DAW1,1.0102800302201445,0.5458341303184855
DAXX,0.023034899649173823,0.4216408913479368
DAZAP1,0.03953188080650083,0.2185626059946566
DAZAP2,-0.12629349257110434,0.2857630855796316
DBF4,0.2668991402282703,9.361575385069543e-05
DBF4B,-0.10577642048345925,-0.29717465804912635
DBI,-0.07976159126918692,-0.11470792663632956
DBN1,-0.13788114613863733,0.7226213527334941
DBNDD1,-0.3867810188133509,-0.06156323451645651
DBNDD2,-0.017069475412244572,0.06711921868498916
DBNL,0.13613610628466422,0.12945942833589985
DBP,-0.19808412604315606,-0.011369911381200914
DBR1,-0.04136140125615384,0.3160789664482637
DBT,0.14351569885739313,0.04691296593112426
DCAF1,-0.15250492587662556,0.32059802813356875
DCAF10,0.25823279711399305,0.5521785691679071
DCAF11,-0.1543875299457964,0.015938242679592207
DCAF12,-0.027436526596908983,0.21666295161003113
DCAF13,-0.0216716563428756,-0.15861386209595185
DCAF15,0.057250077778169484,-0.28096996655237927
DCAF16,0.2238163693565003,0.26580118811448283
DCAF17,0.049967771390029725,0.013057575703760538
DCAF4,0.03623835117745067,0.35954776199086425
DCAF5,0.07210344899663923,0.5163157779493899
DCAF6,-0.11462532034303496,0.2105925916677256
DCAF7,-0.3857884176372748,-0.01129246577714138
DCAF8,-0.001419567002376887,0.28424090898815546
DCAKD,0.03918748645107328,-0.16275827831770595
DCBLD1,-0.5971727720058482,0.7766323163868241
DCBLD2,1.3842082895181456,0.25381158168592677
DCHS1,-0.08095942555951652,0.2831288823049193
DCK,0.25343457677600867,0.09828545302253522
DCLK1,2.2634876704493623,-0.02299330532893372
DCLK2,-0.42312374281643983,0.5987640300876009
DCLRE1A,-0.14212521115674903,-0.03542191425995256
DCLRE1B,0.2061370274358456,0.1477201242666788
DCLRE1C,0.014005537620824349,0.3752339605680066
DCP1A,0.014553167430711333,0.2888688423514063
DCP1B,0.3642153534108439,0.08309576184856482
DCP2,0.002011659437251012,0.14970830065520868
DCPS,0.29045464054301995,-0.4968852517421971
DCTD,0.04451239375421778,-0.06835818771439506
DCTN1,0.022845060239544246,0.29847956847462775
DCTN2,0.14322080952566818,0.0888542179491223
DCTN3,0.07798060335238155,-0.09704594092763408
DCTN4,-0.05367189843237874,0.48384214936580694
DCTN5,0.07184324674040887,0.24960356108775805
DCTN6,-0.02993325048857587,-0.41826562025690484
DCTPP1,0.08485215718551853,0.07555968370625621
DCUN1D1,0.01709743325715074,0.19619776299524805
DCUN1D2,0.3080384806696639,0.4124953636676527
DCUN1D3,0.03498494336186475,0.5492161911359799
DCUN1D4,0.14307370296178767,0.36568374956416827
DCUN1D5,-0.10339971321964292,-0.06358390942918835
DCXR,0.18580302739821342,-0.7625227176679648
DDA1,-0.3626827317277872,-0.09653382584908776
DDAH1,-0.5858770383598966,0.3010914892282335
DDAH2,-0.0542831557229837,0.8360086583678346
DDB1,-0.0771886362142169,0.13272563376558377
DDB2,-0.21548993546407225,-0.05348120836693493
DDHD1,0.09917757144342243,0.7545433247322881
DDHD2,0.005327426361398935,0.09428619985185627
DDI2,-0.08115548788787397,0.12641641253846192
DDIAS,0.14895703431207874,0.4343400001566513
DDIT3,0.44199280623969495,0.16044153921854765
DDIT4,-0.1701607031193566,0.5250276277063133
DDN,-0.0022108437077112963,0.4833548376931215
DDO,-0.05440366506950278,0.644149863209659
DDOST,-0.0006406252178727811,-0.08506353735310412
DDR1,-0.13600882080388832,0.5699333535189179
DDR2,0.4805867504547384,0.37510454161021023
DDRGK1,0.06583916863384864,-0.2534420947135203
DDTL,0.23270505667122476,-0.26087728701542146
DDX1,0.0662657979531831,0.005504154925780824
DDX10,0.16960191085169463,-0.31208156655236685
DDX11,0.132495303689943,-0.00782090223254528
DDX11-AS1,0.1509021635725032,-0.19216222362506719
DDX11L2,0.05369338596035833,-0.19166863265390166
DDX12B,0.05223218153051845,0.11991914841541351
DDX12P,-0.3883103181240042,0.043688463162079305
DDX17,-0.03413435467667192,0.1834067767919576
DDX18,0.08909708102764125,-0.054217101848601956
DDX19A,0.13371013817217703,-0.1919755277394648
DDX19B,0.0650975434563108,-0.10130727385215543
DDX20,0.10653944488313893,0.3617227639950267
DDX21,-0.058932517439018284,0.3881214118299434
DDX23,-0.07255139370675767,0.11325778556593225
DDX24,0.16464024804614485,0.12498913396677391
DDX27,0.12594282698167714,-0.03656526056482967
DDX28,0.12305738517110232,-0.11575819501591589
DDX31,0.1796774116320483,-0.028564814975323927
DDX39A,-0.0820618594016258,-0.2742107959189042
DDX39B,0.0007115523959484449,0.8778573620254861
DDX3X,-0.1629492503602794,0.44239762739613475
DDX41,0.14356256495306763,0.009392532501809825
DDX42,0.00012318668754396356,-0.006510544061718804
DDX43,0.5489065399927266,0.04625991395347229
DDX46,-0.17531817265754057,0.18573468636653345
DDX47,0.0066864919354783225,-0.15027633175596822
DDX49,-0.3027833421561894,0.020296478872472434
DDX5,0.06276535034771946,-0.10598423872666096
DDX50,-0.15090166213762402,0.1085769932327656
DDX51,0.051404491297602384,0.06089325762010933
DDX52,0.3823157578286924,0.06691988631974244
DDX54,0.010387635686628371,-0.0005730937994954388
DDX55,0.09685857539608733,0.012281326094453426
DDX56,-0.04059387398996428,-0.01238893468709179
DDX59,0.3852777782476169,0.3940161487562417
DDX6,0.010652609248834821,-0.007572630908767586
DDX60,0.26421728963744195,1.1652511191846537
DDX60L,0.7594029791940629,0.4183687184320215
DEAF1,-0.20871788658405954,-0.33762555759940494
DECR1,0.01232935664920376,-0.07348484405269318
DECR2,0.08808376078682922,0.2316506491428747
DEDD,-0.10096574339356668,-0.13212034840295495
DEDD2,0.020028817256044995,-0.3476431778990312
DEF6,-0.28266662660750674,-0.0851940624304417
DEF8,-0.0095662114825803,0.04891630856675455
DEFB1,0.0,-1.3331742385233734
DEGS1,0.1911256738649456,0.38640553036708436
DEGS2,-0.6024402357577101,-1.1166626322810247
DEK,0.12475652576796392,0.5398720405887651
DELE1,-0.07299088274928334,-0.10586275685465107
DENND10,-0.4161553282230983,-0.037725817375456216
DENND10P1,-0.10800205754116077,0.033686988000984575
DENND11,-1.5030954600835034,0.021679892744607798
DENND1A,-0.01905481290043287,0.6496290565174618
DENND1B,-0.025456410475370728,0.47196025425583654
DENND1C,-0.3263390789371512,0.25466131355121835
DENND2A,0.877644756536346,1.6897264341181897
DENND2B,-0.28912078297677457,0.5944490041892543
DENND2C,0.38919820469883837,0.2602219762783955
DENND2D,0.7150729091070152,-0.12164021339808606
DENND3,0.036412439597452106,0.21618073703394725
DENND3-AS1,-0.16204201915429917,-0.2077056849154082
DENND4A,0.11386313867647635,0.07391368103939344
DENND4B,-0.009908263143162621,0.39818090384738536
DENND4C,-0.06840214901188757,0.4272890747663851
DENND5A,0.016205439610469163,0.5374612271559345
DENND5B,0.1924936211731394,2.2197694347108543
DENND6A,0.1198101032362171,0.25605468977773516
DENND6B,0.1300797676686467,-0.2734407949766613
DENR,0.14662623239772543,0.012681453541572907
DEPDC1,-0.00783957057067397,0.40380629133935386
DEPDC1B,0.067664266169988,0.14619689301501326
DEPDC4,-0.083832557919572,0.11021077832862147
DEPDC5,0.07088873205435231,-0.12833394116511787
DEPDC7,-0.08855728085028369,0.2125108342255102
DEPP1,-0.6346660940226032,0.4128502568764789
DEPTOR,-1.6944490051979824,0.6593320609752937
DERA,0.5464866708204985,-0.3222445875715678
DERL1,-0.02877863402066616,-0.2848227551228373
DERL2,0.15543164231616036,-0.15865721063339144
DESI1,0.09728987007064127,-0.01192892988119798
DESI2,0.00634402575584847,0.6839647206368742
DEXI,0.06713792382177952,0.09223941535919056
DFFA,0.1577898740805379,0.1097958917211379
DFFB,-0.30585958994264906,0.4422266558325696
DGAT1,0.12919593927128403,-0.27206717199643204
DGAT2,-0.07143884569265779,0.902630529041828
DGCR11,0.20492762365422657,-0.12441811339016462
DGCR2,0.045209464304335256,0.05434256615190414
DGCR6L,0.06831842791507015,-0.07725445347878157
DGCR8,0.2366803448019814,0.47535978053205596
DGKA,-0.17099710058472306,-0.4706849859740263
DGKD,-0.3548452220304652,0.2908152019514789
DGKE,-0.05809063036019069,-0.24913105166285066
DGKG,-0.0022603112303830504,-0.4283284903522635
DGKH,0.26383000701481496,0.8627517322288774
DGKQ,0.20996384626625986,0.15729726966315027
DGKZ,0.1987800234764867,-0.28003460198371766
DGKZP1,-0.025874951807476565,-0.04372015173879751
DGLUCY,-0.5693049213772725,0.5101400766767812
DGUOK,0.03342647977710911,-0.42976521236367926
DHCR24,-0.5214918435617406,0.31432934070621954
DHCR7,-0.4294774626062008,0.2474321548869245
DHCR7-DT,-1.0994036233134072,-0.5815673433480262
DHDDS,0.27268207208734374,0.08964102194380708
DHDH,0.12514382898110032,0.28834823064989834
DHFR,0.11409638298890545,0.11475010940248698
DHFR2,0.3284742132494167,-0.32047372985680944
DHH,-1.7009054144480724,0.04787537937958164
DHODH,0.17796933404047222,-0.3691705191458716
DHRS1,-0.1674860880086908,-0.3741891699334534
DHRS11,0.21728023299530008,-1.1740368967231105
DHRS12,0.5572084398822985,0.1757866893597153
DHRS13,0.12450133620073833,-0.16887403883865515
DHRS2,0.4625842473665148,-0.5358670960183178
DHRS3,-0.9306806998041264,-0.2521517157337225
DHRS4,0.27713223825285516,-0.2107256243986062
DHRS4-AS1,0.17658658834033325,0.4016053957245336
DHRS4L2,0.1889113126129338,-0.1969426106510519
DHRS7,-0.2581363703782076,-0.004813709185810033
DHRS7B,0.1886470841304031,-0.2785588785927393
DHRS9,0.870989194596556,-2.573438149751131
DHRSX,-0.13505372594203902,0.19039975283881816
DHTKD1,0.06159186536895689,0.24146162883592837
DHX15,0.101439252952912,-0.07896891841366127
DHX16,0.008382024333313254,0.5301642121430721
DHX29,-0.12272008264947498,0.15466992059816675
DHX30,-0.20904128502288266,0.00044102673125223646
DHX32,-0.3339641393120969,0.23680575507621526
DHX33,-0.12154016482140673,0.41863011725929944
DHX34,-0.15346905949713108,-0.049747692780935715
DHX35,0.07093803167210488,0.24495150252026132
DHX36,0.07127933717223733,0.32627114689143344
DHX37,0.09099453581643857,0.35211674251993585
DHX38,0.09266158972515903,0.1441887132736337
DHX40,-0.1339055032016807,-0.016635219945118074
DHX57,0.0950029428302086,0.26987723744553094
DHX58,-0.14548652142442609,0.34601853241049074
DHX8,0.0009847258735007358,-0.1481097174347319
DHX9,0.08579184524935535,0.28824966390301654
DIABLO,-0.029670962312363436,-0.25865521479247455
DIAPH1,0.007881372010275278,0.36597133766128565
DIAPH2,0.1560726989102479,0.24790819567296207
DIAPH3,0.0477006842712262,0.7530585956376261
DICER1,0.19780188736491944,0.6596930412273947
DICER1-AS1,0.21437311538470655,0.11572998739381424
DIDO1,-0.06561210408594764,0.25809363090836435
DIMT1,0.23607937991620265,0.16919396332415815
DIO2,0.12864082629584025,0.9649240541283826
DIO3,-1.1515790739833511,0.12384225828392897
DIO3OS,-1.0850056498846015,0.00926908369734232
DIP2A,0.09309555361010613,0.05498836167724974
DIP2B,-0.12498469308456084,0.7055752219708138
DIP2C,-0.12173469605020237,0.2681908188658224
DIPK1A,1.995983777782252,-0.214227748049439
DIPK1B,-0.36771597534885636,0.11528027401306407
DIPK2A,0.16886472752502613,0.8830425376034445
DIRAS1,-0.39432480108484125,0.25949744076280357
DIRAS3,0.06683236498359725,-0.5907511235627292
DIS3,0.2966631650769793,0.3947804785201283
DIS3L,-0.20184684977530853,-0.12863240995207903
DIS3L2,-0.02630915705505643,-0.25941753632241493
DISC1,0.01736111350937273,0.527848214225855
DISP1,0.36282889788542505,0.6136618349337866
DISP2,0.3895059441187838,-0.11271860082440632
DISP3,-0.0791862759252655,0.28152414998477493
DIXDC1,-0.6525300940351668,0.024997448228455177
DKC1,0.19421266639928625,0.12901972675935358
DKK1,0.27439591945503317,0.3570796838969814
DKK3,-0.4963630566683177,-0.01701070318490494
DLAT,-0.13272246259912723,-0.003878412164547207
DLC1,1.7606102001242638,0.03714548034883147
DLD,0.17954171883133085,0.056016300085269144
DLEU1,0.36722950311290736,-0.1822750040861345
DLEU2,0.5884595114822777,0.07643261151470182
DLG1,-0.10492683560622851,0.41885424767033896
DLG2,0.10915965773663383,-0.047739016058533146
DLG3,-1.3129589684930643,0.06523527412832131
DLG4,-0.18901855204376616,0.5774677460191668
DLG5,-0.29961761254694164,0.7576002888840563
DLG5-AS1,0.10295836527116964,0.25720535276515444
DLGAP1,0.2844517893980383,0.02805934119666434
DLGAP1-AS1,0.15201402589066682,-0.15681323396293045
DLGAP1-AS2,-0.20454843167311587,0.19008792156340837
DLGAP3,0.4879827474064192,-0.19108625608230861
DLGAP4,-0.0474704770537242,0.4729382732252567
DLGAP5,-0.0003445632821197364,0.22942538405642754
DLK2,0.04203579310447658,1.05929629012427
DLL1,-0.4942929957505233,0.4302810103823897
DLL3,-0.0012490408936622899,0.24740265852905619
DLL4,-0.04674500346427757,0.3517563286647298
DLST,-0.06109632036143253,0.09825997614066395
DLX1,0.14949134181453028,0.08612432695810415
DLX2,0.278806420799401,0.4011709609505537
DLX3,0.2265901600958582,0.20193266378423325
DLX4,0.023515353006489104,0.4984669640197419
DLX6,-0.543506339037132,0.31560122437165034
DMAC1,0.10766325663603604,-0.35083835354374227
DMAC2,-0.05076542251971805,-0.09203594094211542
DMAC2L,0.6130456748523803,-0.002084184905648989
DMAP1,0.06565312349429142,0.17592010198067065
DMBX1,-0.09519987102252922,-1.0694527149108717
DMC1,0.3508927280023044,-0.5389891425185613
DMD,-0.6900548080117971,0.045199411097736876
DMKN,0.4442962440822842,0.47878980011450434
DMPK,-0.34944455696131715,0.4112801920871547
DMRTA1,0.07770586914336497,-0.23166202858712426
DMTF1,0.050391910818107455,0.1166599248630722
DMTN,-0.19604677449023855,-0.6864332355708784
DMWD,0.12564431675526766,0.41380219704163057
DMXL1,0.01332834271248462,0.6146782900541892
DMXL2,-0.10450212901441258,0.5082169758523207
DNA2,-0.1756684280800478,0.3066944834559897
DNAAF10,0.2203748921253581,-0.3151375613694092
DNAAF11,0.05525610146101402,-0.4710195023294139
DNAAF2,-0.18483357074814233,0.2099984643325543
DNAAF3,-0.0805877392406511,0.3725580318450319
DNAAF5,-0.18658179573728795,0.34596307537765103
DNAAF8,-0.39674682207678313,-0.41117212960308813
DNAAF9,0.046382041459148926,0.14619749538841909
DNAH1,-0.05063283931829121,0.7378914448800135
DNAH10,-0.04282254803782315,-0.019074582422396347
DNAH10OS,-0.1292215052641792,0.6616357297123792
DNAH11,-0.26851904016335687,0.8352115385666863
DNAH14,0.02116220095318777,0.2170764492812034
DNAH17,0.004466377031710711,0.8492214384190748
DNAH2,0.08626893790131951,0.039612595061227385
DNAH3,0.15432780236650934,-0.0482044401232784
DNAH5,-0.2803668061656279,-0.21256943981437426
DNAI4,1.020965259150552,0.3924468736979696
DNAJA1,0.21514598860364842,0.11183307798396669
DNAJA1P3,0.20371170073927558,0.0358291063275622
DNAJA2,0.03985781610032113,-0.1769524557949005
DNAJA3,-0.053244821243567664,-0.0007284154851303626
DNAJA4,0.26623058714036807,-1.039473527943927
DNAJB1,-0.013119464963398997,-0.007511630154462878
DNAJB11,0.32582193394839365,-0.08066075096505188
DNAJB12,-0.2025920312831495,-0.03827302212000294
DNAJB14,0.23635210704266285,0.17543541854915556
DNAJB2,-0.16673700012739356,-0.4195198544112211
DNAJB4,0.4637996224080152,0.33766314609571024
DNAJB5,-0.01044144414611825,1.0180645574939138
DNAJB6,-0.2320468159729856,0.2367402078844778
DNAJB6P1,-0.0047404784242379705,0.34498595442187785
DNAJB9,0.21140162749790647,0.475220922042916
DNAJC1,0.0970069680564265,0.35156919357542016
DNAJC10,0.2715886201007871,0.12283140648614932
DNAJC11,-0.03915501609994099,0.24398248808467837
DNAJC12,-0.07573289572769587,-0.47543363545888173
DNAJC13,-0.21231615572856555,0.4035660663484384
DNAJC14,-0.0008797634571475754,0.5383738970842948
DNAJC15,0.26421686380631826,0.35586886007625207
DNAJC16,-0.04151739456229642,0.09351437611291757
DNAJC17,-0.18307674964601972,-0.33232977435018807
DNAJC18,0.24041725728098173,0.22686274926223193
DNAJC19,0.08230714521393878,-0.07379397122181075
DNAJC2,0.1698068698087667,-0.17232438197155986
DNAJC21,0.25191764052826837,0.4090947744746227
DNAJC22,-0.13026163595379459,0.41082081377639224
DNAJC24,0.1449985736269559,0.04204450611498167
DNAJC25,0.3227258240656137,0.5312270392660907
DNAJC27,-0.03729885650713172,0.4288642126163933
DNAJC27-AS1,-0.0689157004930186,0.6369579767667873
DNAJC28,-0.06040467603882038,-0.20588033269698536
DNAJC3,0.19817205638775715,0.32446947462297615
DNAJC3-DT,-0.04198315623771376,0.18138495091869178
DNAJC30,-0.010941171101285896,-0.6502423927019696
DNAJC4,-0.4235039501236946,-0.051102661421738915
DNAJC5,0.08432808424732219,0.016026167194720387
DNAJC6,-0.09095832346190091,0.09271953196117222
DNAJC7,0.3385374048815919,-0.20180259841741144
DNAJC8,0.022033989262762788,0.07716508193216765
DNAJC9,-0.21770337894060354,-0.0954118774747732
DNAL1,-0.27021135067409086,0.22371279587612092
DNAL4,0.03642925781068351,-0.1616767300076969
DNASE1,-0.10656206597964024,0.5660028658775254
DNASE1L1,0.390161709435497,0.054041261066532176
DNASE1L2,-0.1902611333758999,-0.07291873726557352
DNASE2,0.031087085423742167,0.12866437922770757
DND1P1,0.06792225674995844,-0.4046536825673892
DNHD1,-0.24799032485743044,0.3078944114927671
DNM1,-0.3084813201725476,-0.5064469704186987
DNM1L,0.04802234125666782,0.535110986959749
DNM2,-0.15869913206283126,0.11571318254313567
DNM3,0.21931973369633423,-0.1823303789134565
DNMBP,-0.36242501893253554,0.5746320749666722
DNMBP-AS1,0.0,-0.03652957132899526
DNMT1,0.014231887042120306,0.16006899988535306
DNMT3A,-0.5500028379890409,0.1596559755255651
DNMT3B,-0.23620442063131364,-0.12809529180569235
DNPEP,-0.31366106318667075,0.020485483545494176
DNPH1,-0.34354872772508216,0.34645455445845563
DNTTIP1,0.049428802169125596,0.13774459063504363
DNTTIP2,0.22935367019034114,0.07678846212154067
DOC2A,0.04906338507017893,-0.3113875662555401
DOC2B,-1.0099078740137508,0.3207521823098595
DOCK1,-0.1760600302461386,0.4591185281025645
DOCK10,2.0598899942726283,0.10376782098681606
DOCK11,0.652344824402224,1.4289293658766056
DOCK3,1.1155920815264413,0.13988266128209625
DOCK4,-0.8464851389780672,1.1387399294790082
DOCK5,-0.11995923057181912,0.0005928404707375989
DOCK6,0.42813729025976466,0.04915925601429194
DOCK7,0.12826346134679412,0.6123685715230076
DOCK8,0.18455954425251284,-1.339171914687636
DOCK9,-0.17659535452718877,-0.14042583126772445
DOCK9-DT,-0.007124463607835051,-0.5331760388121132
DOHH,0.00866379298284059,-0.41500321402534457
DOK1,-0.08579271696567492,-0.3575102867472446
DOK3,-0.8643190168485511,-0.44492188288171897
DOK4,0.45850782427364045,-0.3989031733281285
DOK7,0.5944374113445449,-0.25893331552723353
DOLK,-0.07129154087530942,-0.05293973189218093
DOLPP1,0.010796826988479502,-0.2699443678901572
DONSON,0.26154568880935525,0.4369392404589405
DOP1A,0.16301851418416646,0.7523670598864838
DOP1B,-0.6015868125300434,0.507546363547938
DOT1L,0.14931371943916538,0.04200037756344077
DPAGT1,-0.2778366268034125,-0.2953747682128318
DPCD,-0.18563516951932746,-0.038305391535710775
DPF1,0.14586986796249102,0.13885400123177094
DPF2,-0.06449490224538312,0.24958736591902664
DPH1,-0.018397318219282255,-0.0649227545892419
DPH2,0.03229906444535757,0.008491212031766615
DPH3,0.21316287445562665,0.32751670234916475
DPH5,0.23761245034517842,-0.1110225273535228
DPH5-DT,0.3446330826672923,0.27059890656559404
DPH6,0.1505774119064598,-0.24626220126268583
DPH7,-0.11877897512524793,-0.04506230787937637
DPM1,0.07600063475344498,-0.16379087597629738
DPM2,-0.06821553738525132,-0.25664817910630244
DPM3,-0.5629327538831412,-0.7141952030929559
DPP3,-0.011253421804706676,0.22298361475085393
DPP3-DT,0.20076906412204254,-0.1376016802863429
DPP4,0.2065364507153079,0.32024426621744506
DPP7,0.22088694601537462,-0.3490974778632232
DPP8,-0.3158027384265827,0.297350359609057
DPP9,-0.47299305150333737,0.06969703015138329
DPY19L1,0.009933471646856873,1.5135614145316354
DPY19L1P1,0.01448918882760486,-0.13324787949392736
DPY19L1P2,0.225511403025757,0.0054096470119052165
DPY19L2,0.08592988278275504,0.12951707561125966
DPY19L2P1,-0.05779727436372628,0.02569893288723271
DPY19L2P2,-0.0031624438917474684,-0.11045388933358558
DPY19L2P3,-0.319589638933488,0.2035717744125518
DPY19L3,0.23739024344078707,1.173556127011699
DPY19L3-DT,0.149489067420987,0.26974088304893984
DPY19L4,0.02160534728113106,0.34094032904630733
DPY30,-0.04066892068584416,-0.33670806708908785
DPYD,2.0464886542022533,0.09514967175329225
DPYSL2,-0.4602140159011814,-0.8676917601287482
DPYSL4,-0.30013482962252125,-0.006755527536320319
DR1,0.15287448435958417,0.2028565984700741
DRAM1,-0.4800809603498042,0.9050512706411133
DRAM2,0.08131427545241987,-0.05709409892117279
DRAP1,0.12702943728175597,0.04825503298692713
DRC1,0.08291311832839149,-0.8595533368901236
DRC3,-0.2892151281547257,-0.02169328625641631
DRC7,0.0,-0.39918533745500095
DRD1,-1.3685806696815201,-0.03880470872650149
DRD2,-0.5201655486556995,0.008309362442551056
DRD4,0.3664969254979862,-0.22223620000636846
DRG1,0.020241611826401495,-0.014967233996655338
DRG2,-0.12023551261388121,0.10173986402770119
DROSHA,-0.13565552853168317,0.2950993812996572
DSC2,1.411203753361654,0.6375525288785262
DSC3,0.8861278901111689,0.022018662772518682
DSCC1,0.15897801948424473,0.014229897715641204
DSE,2.9984095595111553,1.5484026844354464
DSEL,1.7362434962287137,0.33414506995401105
DSG2,0.7586824863015851,-0.4289779526579238
DSN1,0.22906299678291475,0.14319957408249806
DSP,1.5994838879720774,1.1054769871061643
DSP-AS1,0.18829059701838474,0.12809667988616447
DST,-0.201744538862334,0.20723965525578159
DSTN,-0.3154971587767932,-0.16628793029674505
DSTNP2,-0.06054010861894721,0.06328626975778873
DSTYK,-0.0068638662476878665,0.5546341837227233
DTD1,0.3255647500088532,-0.3376226285480137
DTD2,0.29005290514458215,-0.07218767844025376
DTL,0.3471870622652311,0.3989016892545383
DTNA,0.9084409721759995,0.5322362000463949
DTNB,-0.09159555817832832,0.22387677721517285
DTNBP1,0.008620984527734521,0.5309907621288512
DTWD1,-0.0027187057439457263,-0.09617172930608442
DTWD2,-0.10186750446096227,0.3472634086296522
DTX1,-0.05809655742069092,-0.5290818378305315
DTX2,0.1647008874899898,-0.6356078381296149
DTX3,-0.12425368639139878,0.21859113066824065
DTX3L,-0.4379040293515146,0.8058906494443487
DTX4,0.15663243149206743,-0.5543614269873061
DTYMK,-0.01177456683803868,-0.46891010449065984
DUBR,0.07932224558170997,0.25549545860297873
DUOX1,0.16658777718932732,-0.4160545547028164
DUS1L,0.08660565563172717,-0.48386747555238774
DUS2,-0.18520632654729274,-0.24687348010972476
DUS3L,0.0441549253134248,-0.0996757114493434
DUS4L,0.2316751904688954,-0.1231921512219758
DUSP1,-0.39170987450410255,0.7372970709360009
DUSP10,0.8627956608318513,0.6504338630827369
DUSP11,0.10504953029606767,-0.12313221954911757
DUSP12,0.046602211207687816,-0.05314118178416116
DUSP13B,0.01718382838141904,0.7040550184281335
DUSP14,0.06341577825472378,-0.3527193841229952
DUSP15,0.25753258040028526,0.137278238825953
DUSP16,-0.11321090587365212,0.5796682538557558
DUSP18,0.12870725636867508,-0.05377766472309853
DUSP19,-0.0893661973803681,-0.36938412925773045
DUSP2,-0.9814951341434988,0.502752928512185
DUSP22,-0.06487074616431965,0.738295195578162
DUSP23,-0.18928797149463694,-0.3957035448618633
DUSP28,-0.15153565454181672,-0.4079308686240397
DUSP3,0.22520870561366113,0.17602768113804057
DUSP4,0.43970867557848137,0.341345531467792
DUSP5,0.47096103628141783,-0.15976685299432347
DUSP6,-0.8674292020099053,0.2709234328399095
DUSP7,-0.20210394149335986,0.6627962824728635
DUSP8,-0.26261840178032436,0.5655097663089541
DUSP9,-0.6804641483411014,-0.11804691377999288
DUT,-0.09212671495166003,-0.35177365138094174
DUX4L50,-0.03461334705485191,-0.06813480578264675
DUXAP8,0.24468209219042647,0.2301129615025952
DUXAP9,0.09499548782071443,0.14043318537132848
DVL1,0.14085709492713594,-0.053617305451596486
DVL2,-0.07354619608987445,0.3541777526342811
DVL3,0.0481970680162922,0.17863210458609213
DXO,-0.15896097093504968,0.40652853904108976
DYM,0.1776726373984765,0.15053880234196448
DYNC1H1,-0.10910339787087864,0.37494892029913274
DYNC1I2,0.293645905719206,-0.004407157857087007
DYNC1I2P1,0.30770075266260855,-0.09199930046130667
DYNC1LI1,0.07687745442648541,0.4001688940126584
DYNC1LI2,0.08289324290934985,0.4696645644880828
DYNC2H1,0.18164649852584924,0.42837247455901917
DYNC2I1,-0.006646132227531076,0.5157795076187242
DYNC2I2,0.08417518416342507,-0.35715606943028533
DYNC2LI1,0.11540123237211608,-0.2186705582654831
DYNLL1,0.022925110334190535,0.3421111821810623
DYNLL1P1,0.06492863893208267,0.4101387697831665
DYNLL2,0.03525111090949551,-0.4187691057940359
DYNLRB1,0.0797364252673276,-0.3138475152305107
DYNLT1,-0.040431436104643836,0.17829761638026298
DYNLT2B,0.08455020937764401,-0.0036879656242569947
DYNLT3,0.5599469378298689,-0.3562437671921872
DYRK1A,0.14227305781952193,0.11761298777108031
DYRK1B,-0.4428076528082716,-0.1478301523278016
DYRK2,0.0502645487555049,-0.3080385151238261
DYRK3,0.08958046394379293,0.6095042449446058
DYRK4,0.30255207622293323,-0.12636381396968543
DYSF,-0.056704923403024576,-0.28117579329675735
DZANK1,0.004756823738244265,-0.19375666704752792
DZIP1,0.11381546133410936,0.4295985174516218
DZIP1L,-0.07047770205333626,0.19805151948712718
DZIP3,0.1484067584493758,0.33104343194819297
E2F1,-0.018263767719368218,-0.9565699392095488
E2F2,-0.08070986647398959,0.31168879375140857
E2F3,0.015802604674403753,0.8879053065991296
E2F4,0.045206876517633,0.2762776603966888
E2F5,-0.028461651601221494,0.006277646336975362
E2F6,0.1260769276758804,0.07565440485277275
E2F7,0.32577080096961186,0.8802096787803728
E2F8,0.13104854741784022,-0.4464261619433949
E4F1,-0.18007450464547592,0.0553741496318505
EAF1,-0.12701109613997286,0.3560945035093708
EAF2,0.4032413999255757,-0.18323105152612373
EAPP,0.06604128364405071,0.0633654361309457
EARS2,-0.0530469375871121,0.12388986120792644
EBAG9,-0.02370953362299577,-0.2004114723716226
EBF4,-0.030204481199815003,1.4512419599329172
EBI3,0.1722182259551115,0.5613043233511061
EBLN3P,0.09126832830321074,0.18892980856962183
EBNA1BP2,0.4446457627340221,0.010470489627830482
EBP,-0.3995150144972506,-0.08404623458759986
EBPL,0.3224778876943173,0.3730390990517005
ECD,-0.30836725734510484,-0.0707780917593519
ECE1,0.05564089732725108,0.7021830320673157
ECEL1,-0.8967600341700628,0.0
ECEL1P1,-0.5527610045944134,-1.0100644020903133
ECEL1P2,-0.22606618353299693,-0.7403293906582791
ECH1,-0.24114238833311674,0.1142486639969551
ECHDC1,0.10057293478101403,0.6296630170690056
ECHDC2,-0.1902801977591686,-0.1466959480516774
ECHDC3,-0.09758658713839008,0.10458085962098274
ECHS1,-0.22902791996319216,-0.24198874221667577
ECI1,-0.006269573519717575,-0.2947583051846774
ECI1-AS1,0.03657931229047584,0.16829155473609708
ECI2,0.13715269365350347,0.5272278551527139
ECM1,0.21468062261160126,0.7078352837550375
ECPAS,0.2225729213125609,0.5342447802935171
ECSIT,-0.39434737845328893,-0.23508047693341538
ECT2,-0.0065824088385211255,0.5636813611533356
EDARADD,-1.2779311420076018,1.4673680149437338
EDC3,-0.3346208999338911,-0.02239147650676898
EDC4,-0.2752278084518851,0.5214325846949253
EDEM1,0.06146647964790919,0.3083221820282249
EDEM2,0.053761655015660104,0.5956493020525837
EDEM3,0.28576946419193927,0.6465383878696125
EDF1,0.1322013662382977,-0.13047796620740915
EDIL3,3.3951599096718117,0.21242291246708067
EDN1,-1.4371913052898506,1.223000445743169
EDRF1,-0.2555459786833847,-0.08663407088469333
EEA1,0.4032145646607841,0.729559650476229
EED,0.3234089473831032,-0.1904710867901116
EEF1A1,0.15229011016499427,0.8944369616404781
EEF1A1P1,-0.054179108685966204,0.42234915964029096
EEF1A1P10,-0.11261633731513776,0.5065407019731162
EEF1A1P11,-0.01617546053420682,0.7844089261624783
EEF1A1P12,-0.011607999066762353,0.9346125373003553
EEF1A1P13,0.13590192369670184,1.013005411115874
EEF1A1P16,-0.18576544831187425,0.49012373130561426
EEF1A1P19,0.15853376238500694,0.9811186236113989
EEF1A1P22,0.0574518769875032,0.557268443500584
EEF1A1P24,0.25810573391208935,0.5355539087288572
EEF1A1P25,-0.14816296114038963,0.15968433609327526
EEF1A1P35,-0.01948287469912735,0.7446536737533184
EEF1A1P38,0.1727689438326221,0.7707822820489514
EEF1A1P4,0.05208931978574727,0.9410892459346331
EEF1A1P5,0.209529045148809,0.950935311377032
EEF1A1P6,0.11081626552684298,0.7551524247902188
EEF1A1P7,-0.14341107359614302,0.15778597104530367
EEF1A1P8,0.11223019834932968,0.6837894386315203
EEF1A1P9,-0.045628317864738754,0.8549130145208199
EEF1A2,-0.2432233765408327,-1.0703968612000683
EEF1AKMT1,0.0199069793472213,0.5880089874315793
EEF1AKMT2,-0.26105365856906726,-0.0016389676761863203
EEF1AKMT3,0.3192732813907724,-0.029518532787975005
EEF1AKMT4,-0.13039420632827747,-0.32429843610349307
EEF1B2,0.15138947974219086,-0.5243489640665997
EEF1B2P3,0.1573123370643672,-0.2724406969949775
EEF1B2P6,0.05981324332194449,-0.04748083717794893
EEF1D,-0.061839109506203194,-0.007405477932583615
EEF1DP1,-0.11651883566514498,-0.3149727721329143
EEF1E1,0.13365834496803686,0.010066943659211347
EEF1GP1,0.1340447420912787,0.02755047869196059
EEF1GP5,-0.13576300090640547,0.11877179939172877
EEF2,0.012695966012051585,0.03278314504619573
EEF2K,0.035213283603122925,0.5579910166858024
EEF2KMT,0.3655719017385506,-0.22667633302879775
EEFSEC,0.02866633299004473,0.21497962875029586
EEIG1,0.01402652694508788,-0.35479494293799174
EEIG2,-0.013283201604531225,0.3568362330664421
EEPD1,-0.6800050144704812,0.3598544141804414
EFCAB11,0.3942736019155473,-0.3524103646239811
EFCAB13,0.36568617034806417,0.2069114119446449
EFCAB14,-0.05187726684580962,0.35051748581143016
EFCAB2,0.2831493262020506,0.25893602383693803
EFCAB7,-0.05294837470125602,0.1172916823981267
EFEMP1,-0.6799538949211876,-0.8629383893140607
EFEMP2,1.69258403501793e-05,0.7271393769142582
EFHC1,-0.15763524389820338,0.41933785227523
EFHC2,-0.10493645672475549,-0.5095357378737495
EFHD1,0.6383983031440446,0.3087740335222456
EFHD2,-0.17157201315143045,0.017569839469691928
EFL1,-0.16369402870459737,-0.030614490375316272
EFNA1,-0.5967280519916285,0.7967573690053324
EFNA2,-0.3025523680826441,0.07602067854022909
EFNA3,-0.12378226716409868,-0.03027348322898704
EFNA4,-0.21718981827206374,-0.30274489238629565
EFNA5,0.009302357218708757,-0.12416151255163665
EFNB1,0.09217679277887969,0.02427549353699021
EFNB2,-0.20116625265260346,-0.059814927121691674
EFNB3,-0.006045689439984514,0.570952463048904
EFR3A,0.05487730991358131,0.260194172198152
EFR3B,-1.2173238767660473,-0.06640288797262975
EFTUD2,-0.027097563041130535,-0.05694303538610779
EGF,0.08166826397519496,-1.1365321211204449
EGFL7,0.6127033867688292,-0.03313985756349602
EGFLAM,0.0573107996988913,0.0
EGFR,0.06819261510067243,1.269776324052132
EGLN1,-0.08898565643061218,0.48996380581186205
EGLN2,0.08534685891402938,0.33585312664858824
EGLN3,-0.013043601481474765,1.077013775004207
EGR1,-0.410604258963847,0.803728576643012
EGR2,-0.6455806065288752,0.7498189300878688
EGR3,0.20257634404079555,1.0514103132118204
EGR4,-0.2353175847902615,-0.44755635837629115
EHBP1,0.11517707180832737,0.1747574395609055
EHBP1L1,0.1927383976255328,-0.10956803538447968
EHD1,0.11076851121815245,-0.04782688235869159
EHD2,-0.0407175884828872,0.12981425420733395
EHD3,0.00513697822451098,-0.4291464017280848
EHD4,-0.016374474189849053,-0.182413989686248
EHF,-0.06591666215234314,0.10382640045177638
EHHADH,0.16063549977385172,0.2538849059005779
EHMT1,0.023727658658024176,0.014186096182778662
EHMT2,-0.28753315165413085,0.7647928256747836
EI24,0.1118623890938828,-0.24044534466760314
EID1,-0.13488586392119473,-0.09247638428639071
EID2,-0.20423470096665675,0.09163988466092032
EID2B,-0.11978888241036278,0.14023157570110023
EID3,0.3727620152014137,0.29017181440753614
EIF1,0.12435120501564256,-0.298567973729849
EIF1AD,-0.08901619209888434,-0.16431301724938585
EIF1AX,0.08982448178514346,-0.08576825241399444
EIF1AXP1,0.03401249333151224,0.04627369470242371
EIF1B,-0.11957988168422684,0.11244034182077822
EIF1B-AS1,-0.0037162163870725906,0.03318961388921693
EIF1P3,0.0046579838155493825,-0.12289416523112418
EIF2A,-0.04824912483350552,-0.03071065164454989
EIF2AK1,-0.21187388466418255,0.16118636359805727
EIF2AK2,-0.10550543721021644,0.4483334025917616
EIF2AK3,0.16567952730310376,0.2643879002734191
EIF2AK3-DT,0.27346424494807964,-0.1604370725463209
EIF2AK4,-0.14726673055787476,0.4337322257222773
EIF2B1,-0.06329712564428824,0.14307487489943593
EIF2B2,0.2894953234758697,0.033455332644849456
EIF2B3,0.07303888124186031,0.04611750386534119
EIF2B4,-0.028338781420751857,-0.08398670387742957
EIF2B5,-0.0319745862779266,0.08043229114850003
EIF2D,-0.08049307950318774,0.17955517104305052
EIF2S1,0.25693090311193867,0.08719779962668994
EIF2S2,0.18325997756652423,0.05685591041892124
EIF2S2P3,0.04347966944966131,0.07518704827706713
EIF2S2P4,0.19814061071380706,0.042455795322980716
EIF2S3,-0.12102582993808308,0.13746438395949667
EIF2S3B,-0.1709993656737805,0.24204001045897927
EIF3A,-0.025578122926546598,0.005211033546252963
EIF3B,0.0794526184304587,0.24250982858361247
EIF3C,0.0008762230268306581,0.4446161511291371
EIF3CL,-0.12767959589424116,0.26700795526729504
EIF3D,0.05269435685937829,-0.1297050193147502
EIF3E,0.0842731034644899,-0.1568073884769845
EIF3EP1,0.32361861960105975,0.15773707223230582
EIF3F,-0.22405287945378838,-0.39832201269907586
EIF3FP3,-0.4407061265138321,-0.4014259906624691
EIF3G,0.015034111060704625,-0.1639424054349652
EIF3H,0.012057338211068469,-0.4198620543676288
EIF3I,0.12076144565917879,-0.23136905754913162
EIF3J,0.09841604134276416,-0.26804563368788337
EIF3J-DT,0.047398342236401714,-0.47986724407755643
EIF3K,0.04641722489928135,0.008032937737169732
EIF3L,0.008209216633396466,-0.023304336574950568
EIF3LP2,-0.10715917147084542,-0.2781908812686088
EIF3M,-0.009543219642874412,-0.08942628407840125
EIF4A1,0.18241601149023356,0.6215847501696955
EIF4A1P10,0.08652308935478281,0.02517270319342546
EIF4A1P2,-0.0757482861005041,-0.07852652428329598
EIF4A1P4,0.05915796389475192,-0.09929799037069387
EIF4A2,0.046402366323333055,-0.0282606095864395
EIF4A2P4,-0.09516380498784736,0.012386848995245447
EIF4A3,-0.025283654788658794,-0.15611516176233753
EIF4B,-0.09160672208622955,0.16209149341913864
EIF4BP3,-0.10915784863396572,0.16594711742898083
EIF4BP6,-0.13993610869667705,0.15543224184085602
EIF4BP7,-0.08649922451603387,0.4925111236288484
EIF4E,0.14049044638174024,-0.013487213498112105
EIF4E2,-0.017678279161097876,-0.28068625901867605
EIF4E3,0.06771109652330225,-0.1800583876641807
EIF4EBP1,-0.07169362562351189,0.24518524637924966
EIF4EBP2,-0.14791822085998874,0.07459676660061909
EIF4ENIF1,-0.053733111554358004,0.15791714568877557
EIF4EP2,-0.0429498801423176,0.1792709288904777
EIF4G1,0.04473431724098731,0.3524762069479408
EIF4G2,-0.16491493132993185,0.05956480606506176
EIF4G3,0.03517499406533453,0.45108611187632164
EIF4H,0.14915778452941453,-0.037854009527880095
EIF4HP1,0.2789997542658591,0.35368233785472736
EIF5,0.40802161577309004,0.3553791960017625
EIF5A,0.04546246355324968,-0.1539785353631622
EIF5A2,-0.06679116313488631,0.8718482394245166
EIF5AL1,-0.050719599347199384,-0.16309371649654425
EIF5AP4,-0.3516662019953616,-0.012555443610310246
EIF5B,0.2919128675128695,-0.48132052079066767
EIF6,0.24319394236798075,0.17778277604196369
EIPR1,-0.06201593106578862,-0.19999134993070466
ELAC1,0.1493209588531581,-0.24058745804261328
ELAC2,0.006806881601614911,0.02804264262420375
ELAVL1,-0.02570856481010786,0.12715655242599677
ELF1,0.023239356292652502,0.5876434432353292
ELF2,0.05506977171131755,0.14311494866363716
ELF3,1.382544489375746,-0.4025017781198237
ELF3-AS1,0.3430407185802342,-0.020283335287023085
ELF4,0.13772686242384413,0.21470387206484087
ELFN1,-0.5147972880259566,-0.16135589282203053
ELFN2,-0.8825887625012214,0.9157619690226209
ELK1,0.007548227716720923,-0.00553878078069836
ELK3,0.09649216750635947,0.5066836131793231
ELK4,0.10381016178216473,0.488703643923448
ELL,-0.25495172654721365,0.2703469459281447
ELL2,0.5889474400239543,1.3196503205068106
ELMO2,-0.08463592597305425,0.168234259358913
ELMO3,-0.06219478690943092,-0.3535074042049109
ELMOD1,-0.28676032756029457,0.4233392668560926
ELMOD2,0.16703863368403393,0.497277669433438
ELMOD3,-0.1134795188807165,-0.039566494013525855
ELOA,0.06613169973071376,0.08970920077550382
ELOB,-0.3502470403305775,0.11358389602374253
ELOC,0.03994468895688463,-0.3361274640844183
ELOCP2,-0.05939505871901929,0.19115571719537536
ELOF1,-0.08757753034425164,-0.1545197522590609
ELOVL1,0.07344405362980133,-0.30203237707001396
ELOVL2,0.17954342161932324,0.04831533072915673
ELOVL2-AS1,0.44884333763658024,0.0
ELOVL3,-0.3029104373044049,1.1626928089446515
ELOVL4,0.13490523112357722,-0.09083927631523137
ELOVL5,0.21391241784363402,1.1690149613492817
ELOVL6,-0.024886243782134,-0.20355804666131316
ELOVL7,0.6660543910656656,0.09957056801355524
ELP1,-0.007899770593816413,0.4115537863313712
ELP2,0.21447521762026778,-0.4080961878464491
ELP3,0.20460491911853484,0.20752063737634252
ELP4,-0.026723929493059906,-0.2513551706607773
ELP5,0.04440354890118936,0.07445172019212709
ELP6,0.1552213380373031,0.05153051896975391
EMB,-0.5392514156963983,-0.23707485750209578
EMBP1,0.06531749226838879,-0.1469575448246827
EMC1,0.20169369879376742,0.4042908941590966
EMC10,0.09405340477486845,-0.5174226099796524
EMC2,0.11083498052828844,-0.4370772480590288
EMC3,0.09771395902970159,-0.10855260578907888
EMC3-AS1,-0.003717804583294626,0.24042987745761385
EMC4,-0.07423368537612429,-0.21623419971129465
EMC7,0.023201580983503334,-0.37906068992495623
EMC8,-0.022532683646901752,-0.28848721338380834
EMC9,-0.06865317862146814,-0.40014613219589723
EMD,0.032855159575143844,0.2315174774612876
EME1,-0.022779726385406374,0.012305896190807575
EME2,-0.4156469279191195,-0.02120312088932863
EMG1,0.19447921831083548,-0.018670277375469446
EMID1,-0.09177603271083612,0.7992566474173686
EMILIN1,-0.4435089637339822,-0.04407893254188444
EMILIN2,-0.121293117174325,0.05658965642901137
EML1,-0.33681040136188223,0.6002981285082075
EML2,0.30684332797027913,-0.5250392854786075
EML3,-0.1370063765270535,-0.30511003599965125
EML4,0.22911777994475546,0.1071018214755668
EML6,-0.24484513494316973,-0.07152442854059082
EMP1,-1.4978300272075797,0.24025343538679422
EMP2,0.5154594485737283,-0.8791478591072694
EMP3,0.2727362918928655,1.2924387438026166
EMSLR,-0.157440361783582,0.0036471313582886467
EMSY,-0.0431807887995026,0.09993831365811001
EMSY-DT,-0.13393718258237408,-0.24683886760117346
EN2,-0.007726239584524119,0.5172789417939674
ENAH,0.0840261640539941,1.1398560307896632
ENC1,0.9880510917827783,0.7700126076642064
ENDOD1,-0.1159014798062783,0.1558015316218233
ENDOG,-0.3557188485619367,-0.851407764266205
ENDOV,0.15472899810546892,-0.46070631911588844
ENG,0.11596785973334889,1.4200049880392633
ENGASE,0.19318774260517735,-0.13442600240878377
ENHO,-0.30639928219086987,-0.05805696728580149
ENKD1,-0.17066177052420262,-0.214140732944073
ENO1,-0.027547644323371756,0.46490919690967303
ENO2,-0.3430544451814326,-0.29322958371120267
ENO3,-0.44382721717451634,0.4626166733859871
ENOPH1,0.12277532061070318,-0.14260727373713156
ENOSF1,0.29301957966425807,-0.565341358404603
ENOX1,-0.004414786574792606,0.5795224890630862
ENOX2,0.6771658053506222,0.5706458373929855
ENPP1,-0.07647315424081569,1.308134403054664
ENPP4,0.6588015302133821,0.36502173072109745
ENPP5,0.02289007898452641,0.5495337309014143
ENSA,0.055564584600265476,-0.045835302815726564
ENTPD1,-0.3490542654119242,0.06820926392118798
ENTPD1-AS1,-0.08931506304139125,0.5973482158229961
ENTPD2,1.013759412967192,-0.16198077069800165
ENTPD3-AS1,0.14915632365783682,-0.1515447498669915
ENTPD4,0.03011544123842036,-0.15922304525190434
ENTPD5,0.18045425934586934,-0.12404642960579437
ENTPD6,0.08990976402436868,-0.09508209055099393
ENTPD7,-0.3656991860480501,0.3937727266355515
ENTPD8,-0.014406715388447289,-1.1930916857991933
ENTR1,-0.015615743911894242,-0.22365550376303922
ENTREP3,-0.27305723635492374,0.001464765117314748
ENY2,0.010433125872728155,-0.1422097995842284
EOGT,0.06908642733982617,0.22159118815743284
EOLA1,0.029606345384736166,0.5317484672339718
EOLA2,-0.1220384203967324,0.45858232162508283
EOMES,-0.18730766085682982,0.08591536853333302
EP300,-0.12316485497509522,0.46318207461634664
EP400,-0.08532596802574677,0.43771863989630067
EP400P1,-0.14812216005699907,0.27426270120764773
EPAS1,0.07781270888286151,0.6417442916085907
EPB41,-0.4758650051366926,0.4260204478168541
EPB41L1,-0.7044074882243865,-0.35274614624588096
EPB41L2,-0.20809304772118775,1.3451848280199599
EPB41L4A,2.2057917597151824,-1.100685863395179
EPB41L4A-AS1,0.09241080308909,-0.23557394073353777
EPB41L4B,-1.235796796323096,1.146097702083475
EPB41L5,-0.3293328797687307,0.12048978808449995
EPC1,0.08350814770710047,0.5489228501086729
EPC2,0.14392277053312696,0.2865133667679318
EPCAM,-0.3686034270249898,-0.4844116045616964
EPCAM-DT,0.05627576005959989,0.1858144970127893
EPDR1,-0.33722787108468744,0.41788340803515656
EPG5,0.20296400196227893,0.1773447936920194
EPGN,-0.04875157832349995,1.477641495573231
EPHA1,0.0163917428587166,-0.2695655053358754
EPHA10,-0.3721677633979905,0.19615949027697388
EPHA2,0.1840449044613024,-0.9056007892269431
EPHA2-AS1,0.08236383391519275,0.0628346275018441
EPHA4,-0.2322716088230281,0.15478612838320283
EPHA5,1.809245036089782,0.026759435742968126
EPHA7,0.2268794939759493,0.8243351222169644
EPHB2,-0.8111742806729332,0.3390657342852581
EPHB3,-1.0974446115441874,-0.4054479264204782
EPHB4,-0.25087509248468187,0.24808973901305986
EPHB6,-3.038818384496097,-0.14161012151451402
EPHX1,-0.004086272238309263,-0.2608321661236843
EPHX2,0.05534503555157766,-0.3996286492717638
EPHX4,0.054681927651272055,-0.7991118334785812
EPM2A,0.7006700260690004,0.5608307513599373
EPM2A-DT,0.7308226787200122,0.830238796715697
EPM2AIP1,-0.16625954098294216,0.061528208531444584
EPN1,-0.02835838871639318,0.04140179016274459
EPN2,0.060474744654686496,0.6554269356384981
EPN3,-0.37202694506316847,-0.6440641080728229
EPOP,-0.031114491252484555,0.9228402259288901
EPOR,0.028998961685787528,0.595725729419502
EPPK1,-0.5737934012266339,0.03590444873893017
EPRS1,0.11523937836728848,0.4730919897625254
EPS15,0.15348670893583982,0.19078603678887784
EPS15L1,0.08369859020393111,0.1318027120087777
EPS8,-0.019801680641482022,0.6304485553079591
EPS8L1,0.28040971712683316,-1.062593798626593
EPS8L2,0.48352121033956763,-0.19472152254380592
EPS8L3,0.0,0.8335043722908313
EPSTI1,-0.04875157832349995,1.759714026088702
ERAL1,0.11612319000496552,-0.16362611791119797
ERAP1,-0.11344328338027765,0.9389235958055977
ERAP2,-0.16955299959899506,0.8589026891214333
ERBB2,0.3688598966987815,-0.18132460429530006
ERBB3,-0.3008306338555733,-0.10464956496105593
ERBIN,0.04428044819680821,0.5466263798426345
ERBIN-DT,-0.15970349849259635,-0.3987985506232551
ERC1,0.010865634513431033,0.8957743732372947
ERCC1,0.45368078313408233,0.17104968549066069
ERCC2,-0.062085956769207584,0.03118993862483954
ERCC3,-0.0638243865689061,-0.3299679466818466
ERCC4,0.2625257674601742,0.4894829111716814
ERCC5,-0.12389643659291938,0.5380534822459229
ERCC6,0.09498340873175737,0.4251819054118262
ERCC6L,0.19271394689741328,0.18740352750808054
ERCC6L2,0.13068520819604412,0.3693715163893363
ERCC6L2-AS1,0.03733007604377314,0.08555297712763998
ERCC8,0.12323086897603508,0.047759006599592535
EREG,1.097884329174987,0.33375187715974075
ERF,0.12060741812005205,0.3843663589004729
ERFE,-0.12948721021444598,-0.5698437645541965
ERFL,-0.20805982614483653,-0.2203481532158873
ERG28,-0.03596218217095615,-0.0058461212937288565
ERGIC1,-0.5150028263299884,0.5632987913609888
ERGIC2,0.4409854009956824,0.09853943672726295
ERGIC3,0.08324251350977896,-0.09198827505048257
ERH,0.02739890923009014,-0.17195755447299543
ERI1,0.11668977025115979,0.5427907320710514
ERI2,0.2502714827752204,0.3994286424198914
ERI3,-0.03225842990875627,-0.02927485310403455
ERICD,0.0796620198693937,0.5043856036613134
ERICH1,0.2567591114866046,-0.04845447947245152
ERICH2,0.2943218342801972,-0.15411772819173564
ERICH5,-0.4533480343428161,-0.3761818616823087
ERICH6-AS1,-0.02852310199110164,-0.1978760322390104
ERLEC1,0.01722723264823145,-0.12406915254596296
ERLIN1,-0.053518227163548815,0.31407783630132524
ERLIN2,0.09234095652142127,0.2467515445195021
ERMAP,0.3598990942000748,0.32459461479734797
ERMARD,0.42600789461377886,0.6909939515341805
ERMP1,-0.23631089933243832,0.34186545283917535
ERN1,-0.19987964694419036,0.2859726411077448
ERN2,-0.027459904029403112,-1.4892243262350595
ERO1A,0.12122080689978887,0.6799794551052214
ERO1B,-0.7178804699782448,1.2607037964204353
ERP27,0.0,-0.31645242250427597
ERP29,0.006788902565394217,-0.0626490712976624
ERP44,0.19441867053007833,-0.049305269409116725
ERRFI1,0.27251040148373384,1.0749130008209224
ERV3-1,0.26067714830983046,-0.049695217930497027
ERVK13-1,-0.11804312096445946,0.11279191104709363
ERVK3-1,0.32512143289099626,-0.20057089858485266
ERVK9-11,0.14148614471389354,0.11440229676770236
ERVMER34-1,-0.22021314414258575,0.203719999666641
ESAM,-0.23798833752813264,-0.5407457679145753
ESAM-AS1,0.06722695728609007,-0.7638930167852129
ESCO1,-0.003757722646660966,0.045055508988809834
ESCO2,0.2605731227232897,0.1886946514372294
ESD,0.49605512859548995,0.34995691249094385
ESF1,0.39583097787233523,-0.06398870058195438
ESPL1,-0.13208196002953354,0.2743166442667091
ESPN,0.7680668358795928,0.23033490643071808
ESPNL,-0.40940714680576296,0.04883288634460581
ESRP1,1.2842836036886056,-0.35460227681834944
ESRP2,0.13984957540165333,-0.34447890387014013
ESRRA,-0.03289084325785385,-0.3712076964800515
ESRRG,0.0,0.7145972957478055
ESS2,-0.10567561400110304,-0.20623647282462887
ESX1,-0.03301954444216171,0.00481719888422754
ESYT1,-0.055123574821392296,0.9262212180777336
ESYT2,-0.05936149929870105,0.11942173373178555
ESYT3,-0.6474624096359827,-0.13490924946557248
ETAA1,0.06827777133735724,-0.09932230736987258
ETF1,0.1346027041360749,0.28195273808606913
ETFA,-0.183298695740314,-0.02576923685406296
ETFB,0.4911780710855407,-0.38011271902775645
ETFBKMT,0.22332888416714103,0.32815022577308195
ETFDH,0.22415340877455847,-0.09809504830799298
ETFRF1,0.043365788602667266,0.02904217298919276
ETHE1,-0.024995307761197516,-0.20630364850987348
ETNK1,-0.04966537367660706,0.35875713154047073
ETNK2,0.37750153061375546,0.20904766321542123
ETS1,-0.020273685620235682,0.7380285667781852
ETS2,-0.5072919918626582,0.8715026371689332
ETV1,0.2028106711913198,2.6035902458221027
ETV2,-0.16191988126129586,0.009958490421420718
ETV3,-0.05385712166829126,0.16686705765582488
ETV4,-0.15922883279287658,-0.67131602524214
ETV5,0.004949183510486677,1.1721967573394227
ETV6,-0.021403075736056376,-0.2475549526442915
ETV7,-0.33398121689492,0.22747757223577114
EVA1A,1.627157941742313,0.09635073270608602
EVA1B,0.3429250181280725,-0.2003142773973554
EVA1C,-1.6653138002376515,2.7558017779166852
EVC,-0.3435041201076814,0.9026994597015372
EVI2B,0.04554804412331179,-0.5700881533806684
EVI5,-0.010349883806154647,0.3095946768750055
EVI5L,0.3190604393243661,0.31262024364026963
EVL,-0.36334648004714243,-0.16090988896921074
EVPL,-0.21456879813765184,-0.9015111092470818
EWSR1,0.061024119063379345,0.014028605137269778
EXD2,-0.16780647960666872,0.3244933643597889
EXD3,-0.06431539992910196,0.06970601753396899
EXO1,-0.06896483810101461,0.44401654137148405
EXO5,0.35424481289390997,-0.021836960745600598
EXOC1,0.04142334607283793,0.2225679676436556
EXOC2,-0.00928019640358535,0.6750518954195543
EXOC3,0.09659668663552168,0.39076592318560355
EXOC3-AS1,0.14368319166573262,0.2319991620850419
EXOC3L1,-0.45407079655062305,0.3696946319096277
EXOC3L2,-0.04905056026219304,-0.2833200144498197
EXOC3L4,-0.1504977932112373,0.3149780340880106
EXOC4,-0.06675450038150199,-0.011930498664914246
EXOC5,0.16922576648861654,0.5719355610385826
EXOC6,-0.25797335493401796,-0.1431328984810465
EXOC6B,0.045544558939274005,-0.298022430970895
EXOC7,0.03866697612779291,0.34975275365537506
EXOC8,0.14172067618140716,0.27659242998241496
EXOG,0.04109703496701167,0.05235041019611053
EXOSC1,-0.3510348323298933,-0.26703514286366836
EXOSC10,0.12017855894453167,0.2034085661261109
EXOSC2,0.3588359260115226,-0.32448267110977724
EXOSC3,0.15666713885136918,0.062188947004462314
EXOSC4,-0.2435538666112711,-0.45440566268889704
EXOSC5,0.11563222656710792,-0.2705083773161352
EXOSC6,0.10862488762168887,-0.2512596059138694
EXOSC7,-0.18265775664660566,-0.2634767435882379
EXOSC8,-0.041372363079718255,0.21578153546487133
EXOSC9,0.03470155146847986,-0.10682848773296261
EXPH5,0.6692073993159033,-0.8418620677530626
EXT1,-0.06752886850873097,0.943157580444562
EXT2,-0.006207775007620597,0.2993640249702185
EXTL2,0.25254388226342206,0.1104999023851132
EXTL3,-0.3450685711008239,0.6322263887864539
EYA1,0.578581839416775,0.2153697583757474
EYA2,-0.7557921915123991,-0.13291258753710458
EYA3,0.022784427635919258,-0.035202266990705056
EYS,0.18284838329253178,0.6546750451323391
EZH1,0.20033310902345036,0.04629943453637608
EZH2,0.04879512384248308,-0.19783364456494468
EZR,0.03996973251113545,0.007684260342903926
F10,-0.028438831556797106,0.38657142010249035
F11R,0.06231836459131834,0.10897252929295664
F12,-0.2281885665643708,-0.6614237718321458
F2R,-0.09437452926571677,0.669925323943485
F2RL1,0.21388799512941148,-0.610882246583671
F2RL2,0.5434829754141431,0.10895812854395542
F3,-0.9905757774661825,0.06474121326785465
F8,-0.2979347052785615,0.27782269730902076
F8A3,0.08126919479376948,-0.1370706130727264
FA2H,-0.04905056026219304,0.01377317636564257
FAAH,-0.2515096924766471,-0.04329834663303034
FAAH2,0.023067364112480088,0.06632458418791032
FAAHP1,-0.09358691816706854,-0.6893917757624459
FAAP100,-0.30933832690863294,-0.24651540841866204
FAAP20,-0.145148236214105,-0.15273066523844392
FAAP24,0.3818626782905614,-0.09111815951574531
FABP4,-0.004569825044876703,-2.965914530315319
FABP5,0.13430270283867696,-0.709907069105125
FADD,-0.16395197350530655,-0.11421735945204592
FADS1,-0.39668599737469457,0.7202912657123735
FADS2,-0.9905388068043095,0.7322518589906561
FADS3,0.36335621667603846,0.7040816777935444
FAF1,0.0241571034667043,-0.047585277853767316
FAF2,0.07718013469843132,0.45615528934579874
FAH,0.215953700969993,-0.25964489017052195
FAHD1,-0.131741571231192,-0.3095588716642883
FAHD2A,0.3013782918984078,0.15514036456881897
FAHD2B,0.37574035980006215,0.7018675627021731
FAHD2CP,0.16401097831600936,0.013025387589244541
FAIM,-0.12734008460525548,0.06010343515946204
FAM104A,0.1341607302888308,-0.09279840841317366
FAM104B,0.10788459987570276,-0.09531569859704225
FAM107B,-2.5678238630926753,-0.11644912603153657
FAM110A,-0.043970437712566035,-0.08685449825472702
FAM110B,2.0866561924883147,0.0382409291028842
FAM110C,0.09736645292660448,-0.7458262317515691
FAM111A,0.3442196685675025,0.2181195454842193
FAM111A-DT,0.13125658827843845,0.260814791977948
FAM111B,0.4018654904459753,-0.09449408244493096
FAM114A1,0.10469716179868627,0.17858022541472707
FAM114A2,0.2796508159239206,0.42296232517158927
FAM117A,-0.575735454546574,-0.2911422165033972
FAM117B,-0.9187389001051574,-0.14185712241897885
FAM118A,-0.019175238713105447,-0.44900174664777426
FAM118B,-0.0866429880656181,-0.00099162891537663
FAM120A,0.03583615703719545,0.1382061118491933
FAM120AOS,0.24043210759115308,-0.0277531119910428
FAM120B,0.06558801419631255,0.6438960431161043
FAM120C,-0.023955054426319844,0.4330568254869913
FAM124A,0.7311153386877557,0.1480491483791203
FAM131A,0.02818853155130263,0.10313810940888857
FAM131B,-0.1375266799482605,-0.6259763247649781
FAM131B-AS2,-0.24482254245390367,-0.041521228534613375
FAM131C,0.7864179999654679,-0.11506880211324733
FAM133B,0.0018206291263505037,-0.12897670699529717
FAM135A,0.04666556344914241,1.044679276915418
FAM136A,0.041307967005280055,-0.1058915111960097
FAM13A,-0.3730000661602251,-0.5248699592427144
FAM13B,0.10265032641597838,0.5619649520562331
FAM149A,-0.005041437505405685,-0.020739709549707053
FAM149B1,-0.15732939259722123,-0.01125874888139844
FAM151B,-0.014898994359923812,0.6139690739001172
FAM151B-DT,-0.12333559005416062,0.35823212189644993
FAM157A,-0.33907181031296263,0.14640312818709322
FAM161A,0.5349110785030162,0.10401518633692675
FAM161B,0.4165842887601603,-0.08046869782788324
FAM162A,-0.04108627754275762,-0.3003033199310261
FAM167A,0.15248172506054467,1.2697802875743043
FAM168A,-0.3033627171026483,0.16430894602970625
FAM168B,-0.023876618163588326,0.08381766448211891
FAM169A,-0.47775750122761185,-0.19091736836740747
FAM171A1,-0.18009667799770845,0.8668398507783817
FAM171A2,-0.4392694785857705,0.35632433818905973
FAM171B,-0.3204375121007548,0.10898990290628419
FAM172A,0.07656497779498306,0.2787988397111656
FAM174A,0.2534011343385334,0.12009181242895384
FAM174B,-1.3762513931092255,1.6288316330235946
FAM174C,-0.1752944419754927,-0.12316371579515994
FAM177A1,0.2580995695191177,-0.3807970548479531
FAM184A,0.8411838957353073,0.0816364009104672
FAM185A,-0.02751076546464626,-0.43286593049089883
FAM193A,-0.11431248035540964,0.2673251962938572
FAM193B,-0.31636237405722234,0.1288019295777758
FAM199X,0.09021345098794509,0.6427605936472363
FAM200A,0.05947774340414691,0.09611104030396334
FAM200B,0.15637619627218458,-0.04616413319147972
FAM200C,0.3528548258650681,0.32894142459560083
FAM201A,-0.8098151605903059,0.7460363776793484
FAM204A,-0.20130673708691038,-0.004392346219162846
FAM20B,0.1731284344763102,0.05264041664889785
FAM20C,0.29584007349795804,2.1938584559516046
FAM210A,0.12304194505300181,0.2623033923375857
FAM210B,-0.12894742785164626,-0.20790023341124986
FAM216A,0.004583499237720723,-0.15942635785236536
FAM217B,0.00041671594799552736,0.1637466959283067
FAM219A,-0.10021503634375861,0.5921864987936418
FAM219B,-0.2240823591290919,-0.2265249421599913
FAM21EP,-0.10951186744229247,0.3653691111198071
FAM21FP,-0.1538564340018876,0.08497957409101153
FAM220A,-0.08004901836054934,0.49648494336074744
FAM221A,-0.16222745278548079,-0.4456827599275668
FAM222A,-0.8313460119359672,-0.2536188984943324
FAM222B,0.11116151851497857,-0.22090399787568948
FAM225A,0.11420989277477522,-0.09394413257761358
FAM227A,-0.3789063750123752,0.1762531341535425
FAM227B,0.1306241519892799,-0.11292233876857494
FAM228B,-0.0791373638202767,0.08134971364471255
FAM229A,-0.05605499585985263,-0.24766286117039193
FAM229B,0.16392366595645402,0.6584660499578199
FAM234A,0.16600087404869157,-0.08738246087284551
FAM234B,0.47997245256446375,-0.015617258561118064
FAM241A,0.417848516506782,0.9382534761332697
FAM241B,-0.21932712534553733,-0.06289938047703503
FAM32A,-0.03283976790459597,-0.09170069264469305
FAM3A,-0.09718586367037574,0.17261212862934538
FAM3B,-0.027459904029403112,-1.6709424320133468
FAM3C,0.46376747664262297,-0.30349583061803287
FAM3C2P,0.4269049860938008,-0.1941529650741174
FAM43A,-0.5338193580428721,2.9665335497993066
FAM43B,-0.6257887169098106,0.0
FAM50A,0.1559551728177615,0.1787583379964115
FAM50B,0.044739947768311465,0.22121749588495465
FAM53A,0.14862990251151764,0.019551799179486684
FAM53B,-0.46635155766257697,0.1735470802271859
FAM53C,0.023725118692300207,0.597205923958442
FAM66B,-0.2367894770024733,0.2290375982047571
FAM66C,0.1944458194986241,-0.09640867695443944
FAM72A,0.08444339533959067,-0.027251747735256737
FAM72B,-0.06557718711111171,-0.10119145468272528
FAM72C,-0.05190944465783742,-0.18835997868201937
FAM72D,0.14824744522265032,0.20819736416544377
FAM76A,-0.15591024305718681,-0.08373299723657546
FAM76B,0.07797448928228246,-0.019748107402194126
FAM78A,0.287747761988993,0.24790746396992636
FAM81A,-0.94931203647816,-0.2716719037262645
FAM81B,-0.02515039021490946,-0.7301655817616957
FAM83A,0.21166127602834495,0.8830270577364647
FAM83B,0.10873689885032489,0.8349339720334936
FAM83D,0.005312461726894924,-0.1431105405031312
FAM83E,0.029496772789635806,0.9135002936005603
FAM83F,-0.0325013415348088,-0.41044338768580024
FAM83G,0.2028136131371845,1.1764232202317606
FAM83H,-0.34828930845021233,-0.4192201386052261
FAM86B1,0.21698484102580157,0.0069602961444328315
FAM86B3P,0.3147770672125347,0.21678360101500527
FAM86C1P,0.25776372555759197,-0.5745451449471122
FAM86C2P,0.43934523310969453,-0.636557547481968
FAM86DP,0.4198052852416869,0.32578654770736026
FAM86EP,0.4367739899990315,-0.2334750178930265
FAM86FP,0.4974021870211061,0.06885358860170743
FAM86HP,0.2974612928896651,-0.214730299154968
FAM86JP,0.5275284926946706,0.036282575859512
FAM89A,0.33372669647478626,-0.11450665063018528
FAM89B,-0.34690566623433394,-0.4556471350097877
FAM8A1,-0.17678420571695952,0.6688413783436058
FAM91A1,-0.0661587079640027,0.16874601975033254
FAM98A,0.24501324394299928,0.04906193807120918
FAM98B,0.011441446527403087,0.1811012390429827
FAM98C,0.1487200768061019,-0.47370472689459575
FAN1,-0.11293036228279929,0.18967913356624466
FANCA,0.23793373513875604,0.13387916189610127
FANCB,0.26900532139696764,0.10230987714353407
FANCC,-0.09122135690149324,0.6805655097406853
FANCD2,-0.20029582190208028,0.37603018365846186
FANCE,0.35965333002273114,-0.07341728042140083
FANCF,-0.16971971092927385,-0.1437973818546574
FANCG,0.10785248771996248,-0.03325784706863244
FANCI,-0.020922008135972447,0.3661798771726428
FANCL,0.4029246881509505,-0.45734572804497864
FANCM,-0.15391703982109606,0.36458911833155705
FANK1,-0.5185600733307862,0.0012675661759806722
FAR1,0.15565754137686927,0.13374390694909977
FAR2,-0.5013998671635234,0.804807752006087
FAR2P1,0.1993287920347968,0.0
FAR2P2,0.03673395204727603,-0.3114857348845106
FARP1,-0.30884317930724325,0.34148389435691495
FARP2,-0.060189248701772335,-0.1275895788492658
FARS2,0.03758301891861038,0.29190337964322
FARSA,-0.015260040491775761,-0.2618499615740637
FARSB,0.26005312406428516,-0.4042054889887954
FAS,-0.34810465545057845,0.653429541242768
FASN,-0.08044916775603994,0.19604415016740795
FASTK,-0.034811531122448613,-0.3045590439714898
FASTKD1,-0.46123061924241515,0.22075948505627352
FASTKD2,0.1654898930232136,-0.2062284173300899
FASTKD3,0.16750627335805435,0.4928600685549487
FASTKD5,-0.06474764599635918,-0.06267129287399875
FAT1,-0.44815862554199093,0.2943534483129451
FAT4,-0.0971115971890466,1.7091816860347333
FAU,-0.003699031906528205,-0.4276242994159203
FAUP1,-0.13579582865748896,-0.19886501819482927
FAUP4,0.3785620863591195,0.745885005835325
FAXC,-0.910088138800254,0.8780285846657194
FAXDC2,-0.11125616835994656,0.6981606892599812
FBF1,0.2636136247114498,-0.23298439453103192
FBH1,-0.41119120089094086,0.3198874247100951
FBL,0.14486748865680532,-0.006522455809179206
FBLIM1,-0.5057976078938025,0.5036416804118993
FBLL1,-0.587496195952038,0.072130460374346
FBLN1,-0.4532967881451615,0.12787709807212622
FBLN2,2.096338737011882,0.5203136107908362
FBLN7,0.27211441361784394,0.32778567492499855
FBN1,-0.034734269878356205,1.9345498839115627
FBP1,0.021753653426295746,-1.5892472473408237
FBRS,-0.049081507549409764,0.044411249797287056
FBRSL1,-0.0746959450760949,-0.16776207113726915
FBXL12,0.12496822622438142,-0.08325155988356414
FBXL13,-0.07390355952029182,-0.11056345117473049
FBXL14,0.031275186884925255,0.590052647361726
FBXL15,-0.6268160926587352,-0.25189415665329395
FBXL16,-0.11889158905987518,-0.3564002743657775
FBXL17,-0.3231913291875568,0.7609082219375196
FBXL18,-0.20211728581408916,0.8437253793316746
FBXL19,-0.011464815003642492,0.253937631351306
FBXL19-AS1,-0.24135032129960976,0.5747742556492634
FBXL2,0.0921055773833328,-0.24274348136168378
FBXL20,-0.11127164705984427,-0.2695347984716392
FBXL3,0.3086647982679338,0.3335459307540649
FBXL4,0.2745646331076701,0.7787632285250048
FBXL5,0.17842040990229435,0.020585418428856528
FBXL6,0.049109887975585576,-0.5014872555627088
FBXL8,0.09109330461900633,0.150443102589485
FBXL9P,0.5383943175400486,-0.02072740256235539
FBXO10,0.05321980254112191,0.46682217499493683
FBXO11,0.10106328311424662,0.37243527994884307
FBXO15,-0.09234420230590423,-0.2830637123354389
FBXO16,-0.5125928941497339,-0.1266265075566082
FBXO17,0.052917745151665585,0.43611061616236135
FBXO2,0.0864895749385921,0.43941177983905977
FBXO21,0.0062872400610967105,0.26613325007421906
FBXO22,0.10452025818574473,-0.029959123786760244
FBXO25,0.03761089907955828,-0.04037862406800663
FBXO27,-0.23387267992702654,-0.3472044754179202
FBXO28,0.03214555795224516,0.6171217824027684
FBXO3,0.052298216014561305,0.09543880484335077
FBXO30,0.26302305850628205,0.8324578304508736
FBXO31,-0.03579594234316996,0.2730335134145703
FBXO32,-1.0230713922170143,-0.22453769064359008
FBXO33,0.05299198055750409,0.3943321942404312
FBXO34,-0.07142881631088827,0.15099496588594974
FBXO36,0.40700778584747654,-0.1876959249275525
FBXO38,-0.15924368578459092,0.27993757445960554
FBXO4,0.3772888832602068,0.20473912927868199
FBXO41,-0.5966036059472866,-0.1283766367937691
FBXO42,0.02614971186116577,0.3977570829135324
FBXO43,0.05429708787720622,0.23974169057544875
FBXO44,-0.22278301250542487,0.01869301156481118
FBXO45,0.0669529758635532,0.3685957773541917
FBXO46,-0.06944892342390396,0.19535401211464265
FBXO48,0.4455790177197785,-0.017587946724507475
FBXO5,0.21169895812681538,0.3429950164366873
FBXO6,-0.3848689073216969,0.2738543329292602
FBXO7,0.017588663235087232,0.2041731116914578
FBXO8,0.13849034454158238,-0.055762391944585765
FBXO9,0.24952157761816363,0.07900174892371492
FBXW11,0.09413747840043563,0.5513746046602215
FBXW2,0.11116848969017923,0.09067059754544093
FBXW4,-0.22827063317145235,-0.10174165437209659
FBXW5,0.1638980705770443,0.031187310422369663
FBXW7,0.16423964365788635,0.36854538612801546
FBXW8,0.2042369138915765,0.3359859630709998
FBXW9,-0.05022258804066215,-0.11663682774394957
FCF1,0.0345907623650028,0.24290644865175626
FCGBP,0.5862634123872668,2.789321291099501
FCGRT,0.0064746577444054765,-0.045929544830762836
FCHO1,0.3039915271711878,-0.2799549720269727
FCHO2,0.055689207636630655,0.15456370660473695
FCHSD1,0.34921107603845813,0.23633854147918854
FCHSD2,-0.12959396554033198,0.5001858124772376
FCRLB,-0.3152212672187645,-0.2767403818932044
FCSK,-0.09691154931772106,-0.12146828145173671
FDFT1,-0.23295907014346273,0.03976557863265384
FDPS,-0.12044464514911546,0.30991765828442563
FDX1,0.14676775617274895,-0.6413228406889182
FDXACB1,0.06961151371403052,-0.17477990274614275
FDXR,0.4404077464758398,-0.5972988319985273
FECH,0.19732294650180915,0.03463404792569902
FEM1A,0.08715707668997863,0.14252720077553183
FEM1B,-0.09202464425121804,0.4345120330235739
FEM1C,0.21269000036198804,0.5138249504962689
FEN1,0.1319448169410542,-0.13528174106386626
FER,0.07870017206579849,0.38600889428015517
FER1L4,0.028136784180988972,-0.9968265216130754
FERMT1,-0.4903119294171465,-0.1743799068103069
FERMT2,-0.02556490488413843,1.535748268071183
FERMT3,-0.38309894735342465,-0.19919885318309616
FES,-0.23701408441323718,-0.3392307372333825
FEZ1,0.07755029775425637,0.583667212180452
FEZ2,0.27986443254274107,0.052676813417888546
FFAR4,-1.382326751294762,-0.18944803565562007
FGD1,-0.4270280641807176,0.2970327594807003
FGD2,0.014222070739284678,-0.9489507408963267
FGD3,-0.4371960656027002,-1.1521164060028566
FGD4,-0.6930875086524773,-0.06571413880450727
FGD5-AS1,-0.02744108226976838,0.1602070899669883
FGD6,-0.10289312228911474,0.8149394765051419
FGF18,-0.27571868106044917,-2.1194117164720176
FGF19,0.02289007898452641,-3.772758488933728
FGF2,0.5420063228513019,0.6497915192899337
FGF5,-1.4080105988880363,0.0
FGFBP1,2.3652741213166033,0.9043239824751144
FGFBP3,-0.17409991644224143,-0.30398201392799185
FGFR1,0.29811183745360115,1.5715244248791054
FGFR1OP2,0.228363400848826,0.07402080690664281
FGFR2,1.9974127506394368,0.0
FGFR3,1.0473049404420207,0.4951820566596645
FGFR4,0.9210714119831449,0.1936936284141071
FGFRL1,0.5649413261417822,0.14622664217208126
FGGY,0.2644451676134416,-0.15166083673993924
FH,-0.35028438535941575,0.006511518082994883
FHDC1,0.18351255342132372,0.4034799129273008
FHIP1A,0.659803035727126,0.31584254051666605
FHIP1B,-0.055922889173920964,-0.22999068312461102
FHIP2A,-0.6607258621032486,0.6102459011153609
FHIP2B,0.03809390118235356,0.14606466492167147
FHIT,0.14592087003474863,0.2617437733618786
FHL1,3.673395760799309,3.665403509115065
FHL2,-0.6103705173351432,-0.9300307566446184
FHL3,-0.3324383025305284,0.6099001203117824
FHOD1,0.29345706555421724,0.6875272605517653
FHOD3,-1.3328626851534588,0.8109758709455943
FIBCD1,-0.13390804715441007,0.4295697145688302
FIBP,0.15953167372150645,-0.30908034861200306
FICD,0.09065156833826027,0.6223711885459005
FIG4,0.1963393518781551,0.5564974217174088
FIGN,0.7844027834401421,0.8198571778611079
FIGNL1,0.24876736375628372,0.46091446871160535
FILIP1L,-0.4315691336147385,0.8994338106753013
FIP1L1,0.1239616930194245,-0.08690053858022573
FIRRM,0.07538969050584399,0.13420889957245352
FIS1,0.014107170522348333,-0.49374083266076596
FITM2,-0.042293283036360485,0.14685047103753135
FIZ1,-0.08126900137713289,0.21735922073651626
FJX1,-0.2316021958215524,0.4628953365946069
FKBP10,0.2968902394689614,0.6947570967182846
FKBP11,-0.551903882638956,0.5942690361075549
FKBP14,0.014813042126413656,0.49311311902401567
FKBP14-AS1,0.17032369125575786,0.011510248621789843
FKBP15,0.060144751022696674,0.020468858828924574
FKBP1A,0.2080209415438503,-0.36707626009024974
FKBP1B,-0.09437536945757219,-0.4639167281893691
FKBP1C,0.13001906419254805,-0.07209919498915163
FKBP2,0.13283068553628752,-0.2617577411139038
FKBP3,0.16452207794953466,-0.30456934868975694
FKBP4,0.07647091460044475,-0.06765067893836552
FKBP5,0.09647533338085701,0.6634163040907062
FKBP7,0.012849713693923404,1.1377625943288703
FKBP8,-0.11339661533290801,-0.021520052989384197
FKBP9,-0.03236178172971016,0.4235294386253754
FKBP9P1,-0.40533609088757094,0.2909626156520835
FKBPL,0.0355034309860236,0.4492408800002683
FKRP,0.061229086260967236,-0.19046592325458533
FKTN,0.11644228779873877,0.22918797877205055
FLAD1,-0.08585303981315207,0.038520080825132474
FLCN,0.08792241238081644,0.2855577745318807
FLG,-0.24162523313243933,0.33206126145594184
FLG-AS1,-0.06769835482322661,0.39137336513003473
FLI1,-0.9792139107961771,0.0
FLII,0.4411391115224923,-0.09878769963718703
FLNA,-0.1286341618353788,1.4651645541106681
FLNB,-0.29919032318236205,-0.09807394584859708
FLNB-AS1,-0.1278915457044984,0.04135692323485374
FLNC,0.23779918901827468,0.8649173545111084
FLOT1,0.14578173551929563,0.2857653476153299
FLOT2,0.07683073940644114,0.24866041548965345
FLRT1,-0.3118213191664402,0.7911649196232956
FLRT2,1.6132049064414558,0.6206626331275198
FLRT3,0.672541643633646,0.36235927678271374
FLVCR1,0.009109427908738255,-0.06539604316644843
FLVCR1-DT,-0.013847831700338764,-0.13619720190060014
FLVCR2,-1.721878856547955,-0.8342318277478418
FLYWCH1,-0.24312705220454678,0.42595129397332965
FLYWCH2,-0.3110933448001756,0.3060510441360078
FMN1,-0.06989560618605273,-0.19989037358198924
FMN2,0.8795466816913227,0.0
FMNL1,0.1342164099068608,0.6085978817171078
FMNL2,0.16418826902540307,1.583504056142194
FMNL3,-0.25136810177909474,0.7552219907417839
FMO4,-0.07046923579452276,-0.29310766652690434
FMO5,0.30127081673354716,0.455329057231344
FMR1,0.1754031482168914,0.6139174240189362
FN1,0.04185696096344904,0.7095321760808266
FN3K,-0.43791713689460554,-0.1341986857300581
FN3KRP,0.23907218678473008,-0.32861963738474653
FNBP1,-0.248068844560545,0.5284039596108245
FNBP1L,0.034527666927007594,0.38513697977870187
FNBP4,-0.23672552934693059,0.17192794454425098
FNDC10,-0.2814035931640442,0.12118863090668519
FNDC11,-0.005088814042379042,-0.008336046427097621
FNDC3A,0.394940974192461,0.7863252016282445
FNDC3B,0.26032639057246776,0.6467115934697789
FNDC4,-0.35031622251041605,0.616854435615948
FNDC5,-0.4431079342473707,-0.039617627565533386
FNIP1,0.04880848187963149,0.5885674031989572
FNIP2,-0.11703748844307693,0.35897120892482937
FNTA,0.20039576701148443,-0.09652874316495108
FNTB,-0.1501183159172066,-0.07284577684937155
FOCAD,0.15280678277449944,-0.0711477079352143
FOLR1,0.0,-0.8047855585986086
FOS,-0.39520491268055036,0.020621943650514396
FOSB,-0.0036430252309322952,0.11748042042074758
FOSL1,0.12080263512280531,0.3872356237114696
FOSL2,0.17534887114357645,0.41173053589502384
FOSL2-AS1,0.03817317056008003,-0.3142556705441377
FOXA1,-0.4829369362773639,0.0627658178339594
FOXA2,-0.37715914939385264,-0.15178929536341246
FOXA3,0.1932120188572981,-0.5492717659572914
FOXC1,-0.06574242892034832,0.6905638066117481
FOXC2,-1.3254966941988808,-0.029931566660333146
FOXD1,-0.43935773207713424,0.02040407439701042
FOXD2,0.05329261467212332,0.14956710368651271
FOXD2-AS1,0.21825623248454074,0.2871544005824671
FOXD3,0.2926344173036627,0.6155804035931012
FOXD3-AS1,-0.011531592966509185,0.43171294412968986
FOXE1,1.1551171621987382,0.8084883244314502
FOXF2,-0.6600504775913638,0.17554968945721652
FOXF2-DT,-0.25699185644166667,0.02569893288723271
FOXJ1,-0.0004544919781961365,-0.9188257427606281
FOXJ2,-0.04311374277866342,0.39431941343755117
FOXJ3,0.03754385565754692,0.4482946137799235
FOXK1,-0.24860029801021621,0.3132636075640205
FOXK2,0.02984400697220746,-0.053832486816137504
FOXL1,-1.2283694942611127,-0.6883235881448648
FOXL2,-0.6121556602103562,1.1804273144838848
FOXL2NB,-0.30408748124999896,0.9870034196924844
FOXM1,-0.08517009279356902,-0.15201572302435995
FOXN2,0.27013862865858673,0.007866561522991589
FOXN3,-0.5995233005638467,1.3340738676138728
FOXN3-AS1,-0.13506777727400443,0.3351667464467738
FOXO1,0.8816691567810928,0.656636096346821
FOXO3,0.18403026572801284,1.0133260327279476
FOXO3B,-0.10832612792994833,0.26343144630997284
FOXO4,0.07725811929438875,0.24338669416766923
FOXO6,-0.24755284124806676,-0.28063741332740655
FOXP1,0.39246948760192846,-0.5814338920080035
FOXP2,0.434927660595386,0.5981568648072692
FOXP4,-0.10548001728036205,0.5518677434634567
FOXQ1,0.16600073467927423,-0.18799302732005163
FOXRED1,-0.09095238233307779,-0.22666489463166695
FOXRED2,0.016715877655890665,-0.13406679894191953
FOXS1,0.06377283154241353,0.09281138903206247
FPGS,0.3862935053067371,0.23172679822875608
FPGT,0.37009709750744335,0.048355802029855344
FRA10AC1,-0.10487144206998611,-0.021246523147328222
FRAS1,-0.03143930671496557,0.7641203816681266
FRAT1,-1.4946929604087758,-0.1402723681168907
FRAT2,-1.0054741728312142,-0.06644741307197766
FRG1,0.20836737319726462,-0.02370898610133132
FRG1BP,0.1638234500541822,0.355651012532729
FRG1CP,0.08813991177813651,0.08855582662545114
FRG1EP,0.327959660755305,-0.11813037177262536
FRG1HP,0.1511010103484376,-0.09668667548918286
FRK,1.5161106052469524,1.131029683682684
FRMD3,-0.1288552523202422,2.128781794691931
FRMD4A,-0.21331411579027604,0.7761619520019694
FRMD4B,1.1404327081099979,-0.1327192327387703
FRMD5,0.1470251391481936,-0.1280051485471163
FRMD6,-0.4805436477599976,1.2552260947769116
FRMD8,-0.08911972757061459,0.325533680721537
FRMPD3,-0.2400123673561605,-1.627882847967126
FRRS1,1.2199990241180156,0.12071316513708563
FRRS1L,-1.0785978182211504,0.0
FRS2,0.053884494804584904,0.5729194702833751
FRS3,-0.07199956595156909,0.41160638586900156
FRY,0.00432856779308094,-0.31995403650826315
FRYL,0.13514399064091265,0.19555391062765537
FSCN1,-0.30554464335481235,2.8682180117697547
FSCN1P1,-0.2654435809510812,0.17161628831686648
FSCN2,-0.627539743723756,0.0805638063826879
FSD1,0.19942937885519463,-0.08167251819252153
FSD1L,0.39891851988018434,0.5599687108745186
FSIP1,0.2051905046113247,-0.1429749779746665
FST,0.16228236741900567,-0.5765104965539165
FSTL1,0.6464370713761309,0.4693656977745322
FSTL3,-0.061492457511888254,0.09560810746412507
FTCDNL1,0.5933538765789759,-0.29770467002429246
FTH1,0.8471859265100088,-0.09127300381738834
FTH1P11,0.17297603083158464,0.02981547717333055
FTH1P12,0.4363395185722442,0.1426304988189775
FTH1P16,0.2600767860873433,-0.11218282136882429
FTH1P2,0.4968053879621914,-0.07335070720753745
FTH1P20,0.6435345671278518,-0.27411339726632944
FTH1P23,0.48303894742408726,-0.046095326005384685
FTH1P3,0.139071636052362,0.04966044722217611
FTH1P4,0.12649895763978247,-0.14274547148754024
FTH1P7,0.5303973262457982,0.17578869309932132
FTH1P8,0.4965562524087921,-0.08908071570269183
FTL,0.7232502950461992,0.6218553142795002
FTLP2,0.1864066102942612,0.5073480987845368
FTLP3,0.8076076949410491,0.7195400043948674
FTO,0.07060815122641095,0.3844115247197859
FTSJ1,0.0665253176408056,0.1533614966566743
FTSJ3,-0.1381077713032255,-0.24584049270291697
FTX,0.20490315040003582,0.3707500966114039
FUBP1,0.18554305497305545,0.1729440579666175
FUBP3,0.13890853864589214,0.35310472105934476
FUCA1,0.16559845813340068,0.11506083095429886
FUCA2,0.17043611291039618,0.7802404648982124
FUNDC1,0.05607847766871821,-0.4997734082314862
FUNDC2,-0.09806923705744186,0.38917501603450244
FUOM,-0.037874338840549804,-0.58431224950432
FURIN,-0.6440286249086355,0.30674820059370944
FUS,-0.011914402906000987,0.17804314541224642
FUT1,-0.06930266470748525,-0.3556345537094949
FUT10,-0.024686489930075606,0.18848487548299797
FUT11,-0.23196946098157234,0.8253658106304149
FUT2,0.006397052836585149,-0.2584320480109725
FUT3,-0.027459904029403112,-0.5704568254636815
FUT4,0.21554041319707107,0.6610734754308301
FUT6,0.02289007898452641,-0.4616653686944049
FUT8,0.20632833698806508,1.1293103293173097
FUT8-AS1,-0.1846168342983756,1.059027871860081
FUT9,1.9803275647446483,-0.86263944375997
FUZ,-0.17621382462956303,-0.6235266707751559
FXN,0.1397341011489095,-0.22402008459424616
FXR1,0.0675710310128288,0.07736379045510233
FXR2,-0.024988827653033674,0.11941414990714705
FXYD5,0.4243202499040173,0.42021827762654507
FYB1,0.12231335587570917,-0.04061868927241097
FYCO1,-0.014685469996783773,-0.08201147178002355
FYN,-0.16017451070380528,1.021933927329317
FYTTD1,0.026711944514379304,0.4267786572294465
FZD1,0.22160846483688879,0.4966148786278106
FZD2,-0.01726370971883462,0.6846586571076276
FZD3,-1.1742131633072075,0.07181214806510905
FZD4,-0.0908648554497371,0.2883551171947558
FZD5,-0.4527878582933407,-0.0529433188220505
FZD6,-0.3486392177840374,0.331731800987197
FZD7,-2.2315360251746004,-0.16862359142672556
FZD8,1.2967431809748855,0.5538327355593617
FZD9,-0.37367161619204303,0.15788779750872575
FZR1,0.14005767099456534,0.11700910851427437
G0S2,0.2993364336831503,0.6364758238616517
G2E3,0.29059534790289465,-0.14045550786674266
G3BP1,0.02939078622747715,0.513974442355881
G3BP2,0.2021029225780504,0.3742077858412731
G6PC3,0.16849823708878553,-0.14507939905183864
G6PD,0.2740623224200771,0.4491640895011404
GAA,0.2010320490837918,0.16366303234630664
GAB1,0.8287749565345798,0.10321583320634176
GAB2,-0.5342856953338835,0.37747634988389756
GAB3,-0.041586060678563186,0.10667881582646266
GABARAPL1,1.0645867807431388,0.6415446601955672
GABARAPL2,-0.018368466573615905,-0.31666322528679736
GABBR1,0.5038841958003343,0.6147365913870171
GABBR2,-2.85037382859896,0.4730179023260271
GABPA,0.06235094359142934,0.44027361644245744
GABPB1,0.10553443035407106,-0.1047665791710446
GABPB1-AS1,0.019638538131350636,0.13299978134544288
GABPB1-IT1,-0.30917850801652746,-0.14011799471660868
GABPB2,0.131596422329336,0.5090311486078036
GABRB3,0.0,0.1873290894683013
GABRD,-0.20709279799622293,0.2698497947566195
GABRE,0.0,0.483928612898906
GABRP,0.0,-1.7078899175000095
GAD1,-1.1304046912030123,-0.30240543039646894
GADD45A,0.5861103009277437,0.9872075364033703
GADD45B,-0.3015574758098616,-0.12830128661484164
GADD45G,-0.2662825397111803,-0.2518391156160942
GADD45GIP1,0.02171846576585512,-0.32884079285120915
GAK,0.06458494318686459,0.0032060082579432603
GAL,0.01828854810076086,-0.019539209256539597
GAL3ST1,-0.1117322949597388,0.4481492081003533
GAL3ST4,-0.051703487682738525,-0.016427686418692855
GALC,0.1878932090107135,-0.1276664487320367
GALE,0.33675315004932393,-0.3262468866386703
GALK1,0.3477461756906459,-0.6062540049372114
GALK2,-0.32655869324489073,0.004103732329141074
GALM,-0.08427592309796506,-0.9766628183769486
GALNS,0.11094853633125368,-0.22004641169263017
GALNT1,-0.3502180069852656,-0.18983782646361824
GALNT10,-0.07047119979408834,0.7831456215426851
GALNT11,0.1448261015629262,0.3477212158055245
GALNT12,0.040403243614809625,-0.5065823774515508
GALNT14,0.7072565168171681,0.24672155609665936
GALNT18,-2.5133268307373977,0.6636298474342395
GALNT2,-0.08215211981814896,0.10468887650178793
GALNT3,-0.05308190670484155,-0.8007964434294017
GALNT5,-0.04429888528103862,0.4059267750984663
GALNT6,-0.12276050100546287,0.5469297946048037
GALNT7,0.027837508009679546,0.7511712433941042
GALNT7-DT,0.3704265812752201,0.05780126771240024
GALNT9,0.45702827831494713,0.8340280246073273
GALR2,0.09207282233265812,-0.6521946161670416
GALT,0.2992807513301341,-0.006033624979472574
GAMT,-0.12244133333714213,-0.350113877363345
GAN,0.036560227218672026,-0.5821408472289207
GANAB,-0.12161937285824465,0.45599465133647854
GANC,-0.29705427335563517,-0.13564578597214227
GAPDH,-0.08889149466635082,0.2573462282240335
GAPDHP1,-0.1759005874884707,0.2599530570759603
GAPDHP40,0.044557387820784555,0.03215618375256024
GAPDHP60,-0.11835543389701109,0.02672637216445195
GAPDHP63,-0.26839198055432156,-0.025541124803808213
GAPDHP65,-0.31739771165796316,0.25418135496369176
GAPLINC,0.47386335845657235,0.0
GAPVD1,0.05845082738285967,0.0781442342633234
GAR1,0.274922419991829,-0.24504734538157003
GAREM1,-0.15202028252528077,-0.7460300658444576
GAREM2,-0.029477378025048573,-0.04507256213023281
GARIN2,-0.6493824690650145,-0.310361160472818
GARIN5A,0.2057238707093756,-0.48920413972618615
GARNL3,0.8145495406959797,0.40000141874498024
GARRE1,0.04634333553463055,0.590236774794036
GARS1,0.06356213886042283,0.6680791399553625
GARS1-DT,0.038330203458484924,0.1965626024489353
GART,0.10360719755189596,0.2270194737158544
GAS1,2.4719241556644516,1.0244976065834215
GAS2L1,-0.11729107160458074,0.11256325071771567
GAS2L3,0.14144157079666986,0.5307653632269209
GAS5,-0.25870593375346473,-0.016074553454261675
GAS6,0.569606010102901,1.144734588885349
GAS6-DT,0.1448817036674344,0.9496368513838653
GAS8,-0.04129821828144742,0.37416292082911395
GASAL1,-0.26433396759398686,0.4080991197131254
GASK1B,2.8688098779888165,0.7535963518610607
GATA2,-0.26500469715451125,0.6207722693927149
GATA2-AS1,0.2111849212425847,1.1467593263520903
GATA3,-1.9077437395939079,0.17290839075466025
GATA4,-0.2208524578304285,0.22779141323978802
GATA5,-0.12859130622389703,0.0
GATA6,-0.4711579300838585,-0.5768250253624485
GATAD1,-0.059594724936013144,-0.10703006300086404
GATAD2A,-0.12038253354778394,0.23590615389621838
GATAD2B,-0.14423378546248955,0.35889583338440456
GATB,0.17451879685355198,-0.1274373177057999
GATC,-0.08454627496359102,0.20725030845159154
GATD1,-0.31213542884697176,-0.4909224960690457
GATD1-DT,0.08701509422951359,-0.17698551495096648
GATD3,0.10784033742066412,-0.20585457033944654
GATM,-1.1294830999222034,0.29021638977053854
GBA1,0.24247475564423482,0.4436835010710851
GBA2,-0.11163247364243745,-0.18137075096888733
GBAP1,-0.018615461264590794,-0.06555091096373644
GBE1,-0.26168647728284977,1.0398831523268712
GBF1,-0.4173361148859076,0.1354160759198857
GBGT1,-0.5533612483844503,-0.4239172339314136
GBP1,0.2324668586395723,1.0405991835422643
GBP2,1.0838597534176913,0.3335086229692168
GBP3,0.6611204631374836,0.39705328705553455
GBP4,-0.04155777087089385,0.9899767817484229
GBX2,-0.10311193434006904,0.4125191855781456
GCA,0.7889341840090518,-0.38295241265276214
GCAT,0.38144295427731834,0.13935517706256295
GCAWKR,-0.39621169778625864,0.4475513858996605
GCC1,0.042888562574334266,0.38291768095809164
GCC2,0.2112856366935505,-0.12276974623892745
GCC2-AS1,-0.32683327186925826,-0.013424836914260996
GCDH,0.1663503219177933,0.011151250492480003
GCFC2,0.42667243053942094,0.4281237618700793
GCH1,-0.4496573644145281,0.6495430785074217
GCLC,0.05438879794345297,0.2891660864042116
GCLM,0.11244284808447258,0.6497194222154796
GCN1,-0.1848534668994759,0.29885477151327944
GCNA,-0.020877543485787964,0.0623588378889805
GCNT1,0.15341106729487886,-0.075264463165992
GCNT2,-0.22667634838077788,0.5388092204133934
GCNT3,-0.12392668497188902,0.6846851225222323
GCNT4,-0.583331194589148,-0.24012725392227696
GCOM1,0.18153610528747,0.23916527646510088
GCSAM,-0.16521763427172909,0.17012716770000663
GCSH,0.05722197363699921,-0.024394300388024925
GDA,-2.37604693118286,0.5216753672876582
GDAP1,0.6032486571922924,-0.5044214582512914
GDAP2,0.2443346894641314,-0.01120657405225245
GDE1,-0.002953530152566941,0.2269763887897085
GDF10,1.6581745146385618,0.0
GDF11,-0.35767026760866205,0.3444837585939844
GDF15,0.07400947568152105,0.15959607688321498
GDI1,0.27059352114099333,-0.12244224531993897
GDI2,-0.23332842269856613,-0.03667420655614517
GDPD1,-0.00206654961406183,-0.4507202356018114
GDPD3,-0.26325821235762087,-1.005696995271161
GDPD5,-0.46437672149763176,0.1267071790463805
GDPGP1,-0.2830232983755159,-0.2908730799506367
GEM,0.3241712946538424,0.7043005731135303
GEMIN2,0.06536069491000385,0.2835663146461571
GEMIN4,0.062331719252192386,0.3127389442781059
GEMIN5,0.04866833693133188,0.38638945987958806
GEMIN6,-0.0026581020520035636,-0.4599361069491721
GEMIN7,-0.052323469116898114,-0.19638722443272805
GEMIN8,-0.3538466513879097,-0.04937339772581906
GEMIN8P4,0.29839558052419335,-0.3982493667639091
GEN1,0.08384467486959668,0.16213634438408064
GET1,0.12358470216444184,-0.701959932965615
GET3,0.08601070184399351,-0.2688217672113682
GET4,-0.19739446123540816,0.3378993896485203
GFAP,0.041366528161960514,0.04995464460322485
GFER,-0.19706787184612917,-0.4041857107600464
GFI1,0.06200271714121497,-0.03050212979841138
GFM1,0.06731924117155774,-0.05290178762375142
GFM2,-0.20243087096450108,-0.02524787317407018
GFOD1,-0.6229411909109834,0.28422745157781204
GFOD2,0.01022321365567258,-0.1511275661955338
GFPT1,0.02564420291327174,-0.012711312153917298
GFPT2,-0.33615791353779534,2.7083506527588175
GFUS,-0.1147899420729086,-0.27528341318709515
GFY,-0.11175734208680832,-0.4060395657032646
GGA1,-0.05911549285153761,-0.08136357263169103
GGA2,0.06697910779851757,0.6976898924371788
GGA3,0.00514792073274517,0.007623513137578364
GGACT,0.32443942990030616,0.19675007273619416
GGCT,-0.02266997521033698,-0.007846561852733469
GGCX,0.08819559874711391,0.08692544009244241
GGH,-0.06110275285804079,-0.0851714329552058
GGN,-0.3655816685329448,0.13733293730196405
GGNBP2,0.2528052620533474,-0.03156019414879818
GGPS1,-0.11054897658544593,0.01790193609847801
GGT1,-0.10790245280876043,-0.7171757661414304
GGT5,-0.9752041830008058,1.4152962216777367
GGT7,0.002959379883141544,-0.030961850243881983
GHDC,-0.2702246991323207,-0.174050728055831
GHET1,0.1208690653199204,0.04141144164770916
GHITM,-0.08082772400731386,0.04355866451731938
GID4,-0.10726312083845535,0.2871572888384657
GID8,-0.10451284972829544,-0.016146947520062405
GIGYF1,-0.1702247448260099,-0.15022076376886062
GIGYF2,0.07223076036805587,0.30444630550310325
GIHCG,0.13786575075703578,0.8895886873071122
GIMAP2,0.012126732082678282,-0.3507445818714645
GIN1,0.11383557139315581,0.2351034139627508
GINM1,0.46289574394878663,0.21389917942762615
GINS1,0.09358168383190346,0.18191170937375745
GINS2,0.16040531423739157,-0.6257850607953106
GINS3,0.36350250109124627,0.3099388812797561
GINS4,0.4169016460702024,0.038752429453532855
GIPC1,-0.1655147259336509,-0.3557570686872662
GIPC2,0.051349993895068335,-0.5330208179194056
GIPC3,0.34349007144822874,0.0
GIPR,0.03701039554033769,-0.16069735406394292
GIRGL,0.0,-0.5490737693264929
GIT1,0.0577779044125073,-0.3359143564778142
GIT2,0.028632803168866516,0.8097032732997809
GJA1,0.37878748095408277,1.5589320885259907
GJA3,-0.308798330867571,1.0326007893308646
GJA5,0.0,1.1828218595845066
GJB1,0.0,-2.4458129196691307
GJB2,-1.2113245645974597,0.29662490948514453
GJB3,0.10687637654597282,0.08433136826618082
GJB4,0.06251431357152785,-0.7137407634812809
GJB5,0.12659699922188994,-0.1908397276805327
GJB6,-1.302760962989245,-0.5906020436773067
GJC1,0.4713169182972603,0.48627321269365265
GJC2,1.3733475843876335,0.17500264252688813
GJD3-AS1,-0.3377878801113592,-0.04995212828513074
GK,0.4205280546095267,0.36029053977544523
GK5,-0.008323624220651027,0.08189166379632251
GKAP1,0.08652985305229866,0.049557778972603606
GLA,0.2214734389010644,0.48148216894019935
GLB1,-0.029098459773454266,0.2706534788815125
GLB1L,0.05801420430148596,0.15046632067555343
GLB1L2,-0.2722637314673735,-1.901027426230042
GLCCI1,-0.3161584107153592,0.43869305972764217
GLCE,-0.33418848731889117,0.0927057529605726
GLDC,0.0007561609451629536,0.05111602271603746
GLE1,0.09309338810165446,-0.14496949964881267
GLG1,0.13262831640138106,-0.01779616428898656
GLI1,-0.28340011936190246,0.2341469371014267
GLI2,-3.1582419163199407,1.4902269716678014
GLI4,0.38048722646986266,-0.44279027597758525
GLIPR1,0.162019575040786,1.162540515450846
GLIPR1-AS1,0.09267928521482327,0.4161335601632431
GLIPR1L2,0.13857325910853535,0.24790737530128693
GLIPR2,-0.4581153496074477,0.3772557212462402
GLIS1,-1.526066317927138,0.08611630848246583
GLIS2,-0.24614021360983518,0.14214842633278835
GLIS3,-0.2357954787884684,0.6396034653601166
GLMN,0.2521734049344424,-0.3277309317297048
GLMP,0.1955975731807671,0.6084147363198804
GLO1,0.18029698562499075,0.5000119512962717
GLOD4,0.1295900530467229,-0.22525219499208227
GLRB,1.669220365524711,-0.5496573087465051
GLRX,-1.1919431111472298,0.015830807009161063
GLRX2,0.14974883435436226,-0.34860168143883374
GLRX3,0.05423147191784672,-0.08973169525312752
GLRX5,-0.11152002447895626,-0.4667804075055404
GLS,0.023007258000230735,-0.03669052376670212
GLT8D1,-0.28401558310442354,0.12890474422584042
GLTP,0.1319883675015623,-0.19294844700578206
GLTPD2,-0.017000232427359596,0.09353099217888483
GLUD1,-0.11890873273115687,0.0667778538854975
GLUD1P3,-0.08523332883740353,0.06829797112317865
GLUD2,-0.014425364319153644,0.22457230414810625
GLUL,0.19838780386422883,-0.0656601364150049
GLYCTK,-0.3637078936369047,0.15623135224643203
GLYR1,0.13714233367455897,0.1878819456486891
GM2A,0.23145837195114005,0.3938684861554336
GMCL1,-0.048109209472024794,-0.10281139226055203
GMDS,-0.3757938976596553,0.24963688940436946
GMDS-DT,0.379497131870268,0.18600970005481665
GMEB1,0.18516963861939484,0.38077050256906375
GMEB2,0.027928237679730294,0.3095010947910888
GMFB,0.315378246649372,0.8063778792447085
GMFG,-0.07487641404909451,-0.6178394479672789
GMIP,0.2735805764379897,0.2964677601917227
GMNN,0.09611903622325357,0.36788743185359296
GMPPA,0.06908326574716916,-0.07515371146391292
GMPPB,0.010418814160837009,0.22635047806052855
GMPR,-0.4580427504230875,1.130471619189169
GMPR2,-0.030926555776914277,-0.008792070615415426
GMPS,0.11070282215823113,0.17371949329508052
GMPSP1,-0.2661315644761194,0.10665718213645792
GNA11,-0.12899589815635082,0.08765140185596998
GNA12,-0.30909576182150644,0.5789028450738032
GNA13,0.10002786510963357,0.6629923270344902
GNA14,0.042565710477003055,-0.384865928066223
GNA15,-0.4960830017344926,-0.06361196182264628
GNAI1,1.1619917649730582,0.7035231469146659
GNAI2,-0.1732260443930187,0.08385819539271644
GNAI3,0.24742553405188694,0.07122107920505716
GNAL,0.41854240635370443,1.0130546537049168
GNAO1,0.28730694130817813,1.8070145280680108
GNAQ,0.12971841688539687,0.3223181773291701
GNAS,-0.15249265168432835,0.010967576214797603
GNAZ,0.03690145791676169,0.27006727258882535
GNB1,0.07241560339848796,0.35507635996083486
GNB1L,-0.06937294821988482,-0.33445356962034367
GNB2,0.11239155976311821,-0.2692914441179308
GNB4,-0.07192153047065553,1.6238917691910393
GNB5,-0.04384282761331715,0.03978591957782118
GNE,0.06495230013137032,-1.0767487165801812
GNG10,0.11520469570040501,0.16864621006331704
GNG11,1.1561226074272155,-0.195464084086183
GNG12,0.31021764850738887,-0.0056402930996508616
GNG2,0.021753653426295746,-0.14853874461465
GNG4,-1.04891863076868,-0.08261418549212146
GNG5,-0.22102943942224496,-0.1931949349326958
GNG7,-0.07466784058090403,0.5375187300341295
GNL1,0.1354492006064758,0.41945970097512486
GNL2,0.14507383931482742,-0.11480200498325566
GNL3,-0.16087481727556519,0.030979690839426866
GNL3L,-0.03515542499952584,0.6891788999554926
GNPAT,0.03210378249512047,0.14283447744125866
GNPDA1,-0.07816762040945147,0.4309300574716515
GNPDA2,-0.1092468239489568,-0.09224544427242787
GNPNAT1,0.1894188002900714,0.44982964745849374
GNPTAB,0.18190182308283998,0.46912222509998536
GNPTG,0.523630828657009,-0.09068289009946984
GNRHR2,-0.004766259213082991,-0.15069608321706152
GNS,0.1961602386409771,0.4502794358115949
GOLGA1,0.047940724308110916,0.1461810369433092
GOLGA2,-0.013436707550217086,-0.49091470325156017
GOLGA2P10,-0.5198026812091276,-0.03613773766783268
GOLGA2P5,-0.5721640430233577,-0.10241108898082096
GOLGA2P7,-0.03925193073524991,-0.05471870721005967
GOLGA3,-0.025804912847576134,0.148802765419493
GOLGA4,-0.13767037835577955,-0.019783257687779887
GOLGA4-AS1,0.0325780935447893,0.23386126591722778
GOLGA5,0.048143704123294384,0.21626346658120443
GOLGA6L9,0.021260686453661304,-0.2966264151685496
GOLGA7,0.11687234977927385,-0.021127355185946328
GOLGA7B,0.14187916730529793,-0.7226350000697963
GOLGA8A,-0.19190379913432265,-0.05120073556733429
GOLGA8B,-0.09611523424520652,0.038954300671632414
GOLGB1,-0.12549105011853712,0.18602319868488415
GOLIM4,0.12976154840704712,0.9401657951675184
GOLM1,0.16222038321783216,0.011462737891936747
GOLM2,-0.16336019623932163,-0.09932097640546189
GOLPH3,0.01160812074109252,0.3718506743350014
GOLPH3-DT,-0.17185747178390276,0.1670509827079666
GOLPH3L,-0.03142632896717146,0.09419917013389068
GOLT1A,0.02289007898452641,-0.8077065195894111
GOLT1B,0.2051242699472624,0.4924754306101562
GON4L,-0.059504234940239265,0.33095576810361305
GON7,0.02622036098421532,-0.1981048562427823
GOPC,0.02557930004487119,0.555398636108297
GORAB,0.1458087240466175,0.45417899126734707
GORASP1,-0.38524529462086843,0.14947535723297278
GORASP2,-0.11319485211102442,-0.12870435343701825
GOSR1,0.04705724977737091,0.05661966762502679
GOSR2,-0.017564941241719367,-0.299577942731748
GOT1,0.12509135516913705,-0.4647148298099628
GOT2,-0.07968394117520194,-0.20181648984325662
GP6,-0.7944174879336241,0.06575599388891674
GPAA1,0.14567502472765792,-0.1430375136908637
GPALPP1,0.7208056690113542,0.4105511743636159
GPAM,-0.2287148785863269,0.5027714663193881
GPANK1,-0.045849917344273905,0.14861073620627874
GPAT3,1.2727688848160472,-0.3565951761966346
GPAT4,0.08072942342671396,0.4688460293650838
GPATCH1,-0.3114072309292446,-0.04855576727895006
GPATCH11,0.2784740345754937,-0.3974727086300853
GPATCH2,0.1882361002862032,0.3814823895562025
GPATCH2L,0.2183215404855421,0.6882989094760639
GPATCH3,-0.05222488319056673,-0.014664150078104399
GPATCH4,0.19739335990836615,-0.017752642653526607
GPATCH8,0.01885190074807941,0.18140107051011345
GPBP1,0.11461258285148279,0.2694348926350223
GPBP1L1,0.023156286306381446,0.14428480789362919
GPC1,0.4466291297198204,0.48085212147596135
GPC1-AS1,0.27032566899216326,-0.6075406576118687
GPC2,-0.6707822066134146,0.14250937406662711
GPC4,1.3649811748976537,0.7905703036110353
GPC6,0.8479252227431515,0.026759435742968126
GPCPD1,0.8476546880304943,1.5522467856097537
GPD1L,-0.7103696424008903,0.15926337297396564
GPD2,0.28140119177710776,-0.13381988461555494
GPER1,-0.0613029198965811,0.08067665418643327
GPHN,-0.12095022410010525,0.13214784737201501
GPI,-0.22771022223818704,0.06935965493345009
GPIHBP1,0.9352080868584829,-0.021942236858740586
GPKOW,0.1516215991626888,0.061562198097014686
GPM6A,0.06563307458948314,0.4112448161143899
GPM6B,0.3675238409972109,0.2681486591595495
GPN1,0.09890570445971214,-0.2003503493951051
GPN2,-0.13606307577457333,-0.1055703772070089
GPN3,0.2462694879786813,-0.12795681221947852
GPNMB,1.7351245172446363,0.5289667106270977
GPR107,0.0727696203328776,0.1618895322467706
GPR108,0.1846737712189359,-0.0805478359843903
GPR135,0.09476911068600424,0.09682950532579171
GPR137,-0.3436181315598681,0.10416595527738437
GPR137B,-1.1247445316881497,-0.04025396212708987
GPR137C,0.05759739272512965,0.10970877167319265
GPR143,0.04195351720645411,0.3878590209963835
GPR146,0.045335710504759374,0.04668724347630826
GPR150,-0.24475467351257407,0.09907885043035669
GPR153,0.5279942890031677,0.47766488675662266
GPR155,-0.12324113671237347,0.3093470083663947
GPR155-DT,-0.013717467921325055,-0.30620641815503036
GPR157,0.3140703667235183,-0.030584175129738878
GPR158,1.0709745972272027,-0.4232275937655759
GPR160,0.1632426296268109,-1.7661350936791766
GPR161,0.13996491288084711,0.7847996978234972
GPR162,-0.04451479368132233,0.19959000468548826
GPR176,0.24543976315802052,0.9504510164634998
GPR180,0.2045637759948331,0.7771491412791804
GPR19,0.01847702088625114,0.14178586244224167
GPR27,-0.029542930131832484,-0.4822624473208392
GPR3,-0.032109592971194756,0.15959913821585658
GPR35,0.13863665228502653,-0.9412502094151347
GPR37,1.2286799696626323,0.358496046810695
GPR37L1,0.11150818316127498,0.1508583093861463
GPR39,0.09294236849877757,0.17717149444455416
GPR63,0.39096682702401875,0.4960029936989031
GPR87,0.055389849963692804,-0.02702600325943827
GPR89A,0.016926635496426812,-0.03335539628180584
GPR89B,0.2693705800241286,0.2019599279603348
GPRASP1,0.9653703957680255,-0.03439712833093922
GPRASP2,0.6167141543309249,0.551554425422704
GPRASP3,0.258537977552463,0.1301150678202938
GPRC5A,0.024979138042084514,-0.4747297783350053
GPRC5B,-1.7840031156995801,1.2646194351478304
GPRC5C,-0.6898263196961905,-0.44604673553277596
GPRC5D-AS1,0.18869734279509465,-0.036019249488380645
GPRIN1,0.20931306034495734,0.3885922395437724
GPRIN2,0.4692076609340261,0.5047503642082152
GPRIN3,-0.3823337833488305,0.04162748735583033
GPS1,0.040896826774083905,-0.32845923182084746
GPSM1,-0.04090112186613748,-0.18159387587033837
GPSM2,0.12448826532880197,0.017826919530143037
GPSM3,0.13180158336373315,0.7924417645976156
GPT,-0.10994659720071637,0.1672752122555028
GPT2,-0.28454203074922724,0.29739750975868606
GPX1,0.03193642115259898,0.1636815003146399
GPX1P1,-0.19186074926279884,0.42818101417115795
GPX2,-0.005706250603107366,-0.24048340204003527
GPX3,0.07772132458600822,-1.1636094870555742
GPX4,0.014166668005476168,-0.048498077845833265
GPX7,-0.5229193583174965,-0.047871659837096736
GPX8,-0.4402845637868449,1.034772632492527
GRAMD1A,-0.34082684595445745,0.45315882822521836
GRAMD1B,0.34345006678734213,2.144729480575379
GRAMD1C,0.15705744733198013,-0.22000338782311069
GRAMD2A,0.37276438651881416,-0.0031920774182339073
GRAMD2B,0.547360854313983,0.18791306543890052
GRAMD4,0.15883580602392122,0.02202262518892617
GRASLND,-0.4199595635009773,0.01950047821050416
GRB10,-0.40131476334498295,1.0370358660594865
GRB14,0.13158230218584185,-0.3732041610159964
GRB2,-0.021744334080715078,-0.3746008399660967
GRB7,-0.05561640707019477,-0.26288394374071355
GREB1,-0.16623993770916384,0.8406893229597666
GREB1L,-0.15549151231555491,0.15574147325943954
GRHL1,-0.5714977270568751,-0.7745155910571722
GRHL2,0.0656400530282978,0.04843785670231604
GRHL3,-0.40658987604291497,-0.5439257368563903
GRHPR,0.05992751806470231,-0.043636526896928096
GRID1,-1.2798411698688348,-0.42193503261709603
GRID2IP,0.03027218458771419,-0.38185353694355584
GRIK2,1.487621405500983,0.5778492169842079
GRIK5,-0.07398611792205534,0.01282257358643557
GRIN1,-0.2203542670262988,-0.6364732430343765
GRIN2A,-0.6142211916386007,0.04625991395347229
GRIN2C,0.33661494540304604,-0.6156021110524905
GRIN2D,0.048752429564296484,0.15126050685261605
GRIN3B,-0.13464746764533286,-0.04487340726666966
GRINA,-0.08306217415087414,-0.05147103751321325
GRIP1,1.232774458410379,0.3575251116837182
GRIP2,-0.0006942646886720638,0.0
GRIPAP1,0.07028489339839616,-0.17346682439380778
GRK2,-0.03323137020865552,-0.6346277208969733
GRK3,0.21640171773407157,-0.21406021300218026
GRK4,0.014857618114112014,0.19992922753025244
GRK5,-0.5424780679067718,0.05224268453630154
GRK6,0.22809215620349033,-0.140317128865302
GRM4,0.6374951755459975,0.9408114049067617
GRN,-0.06998152403602731,0.12313800770614769
GRPEL1,0.026594087118326115,-0.33942483012902347
GRPEL2,0.13919359474333426,0.3686751950976417
GRSF1,0.003372593926980194,0.07837472768973619
GRTP1,0.2726848242693394,0.027335166376661668
GRWD1,0.1568550451863242,0.15381484560245617
GSAP,-0.45923038293783536,-0.1967603706792067
GSDMB,0.0019803271405600675,-0.27155619136041675
GSDMC,-0.0035203737013034253,-0.09532643461354207
GSDMD,-0.41870179305570776,-0.7108324231790579
GSDME,-0.3797513680984248,1.296504986210599
GSE1,-0.2643359206111606,0.3154944196213352
GSEC,0.377211302268476,0.029426532854307297
GSK3A,-0.0379356371811399,-0.08784481726133819
GSK3B,-0.30918709516590415,0.6017339055889597
GSK3B-DT,-0.25256500110576585,0.4128623812836657
GSKIP,-0.01631544618304659,-0.1727411736401665
GSN,-0.023558702021205136,-0.2799919016378407
GSPT1,0.17585555320779633,0.32296309629615916
GSPT2,0.1193782006033004,0.13467138024188374
GSR,-0.0442771322137645,-0.055703424504223165
GSS,0.2343686308713604,0.25068784374503394
GSTA4,-0.060408330303970637,0.854638868988388
GSTCD,0.33873732343788987,0.3294142546120318
GSTK1,0.11979388212164555,-0.8848987359363667
GSTM3,0.1555276884703698,0.6528968597292639
GSTM4,-0.053515314035130324,0.4831558345415248
GSTO1,-0.14935429164488845,0.20488845081301577
GSTO2,-0.44559667111504453,-0.32316909346758216
GSTP1,-0.2333172146742548,-0.2776803892780286
GSTT2B,0.07537060053925737,-0.23464000466814072
GSTZ1,0.1472765531364395,-0.32892243976532853
GTDC1,0.37229651293442956,-0.06427688885823235
GTF2A1,0.27769173736881125,0.9265193354463763
GTF2A2,0.015518003137674263,-0.2918228424550309
GTF2B,0.21645149633833238,-0.6880865005536014
GTF2E1,0.05293120170165189,0.14187860933535923
GTF2E2,-0.0038729544307027908,-0.05343763219764064
GTF2F1,0.21411342184185322,0.07956788262823444
GTF2F2,0.46966700455579957,-0.016439938750209215
GTF2H1,-0.01974190553616406,-0.04652493479582365
GTF2H2,0.4782460246938016,0.2899153799928671
GTF2H2B,-0.020111760767044684,0.18779800041226036
GTF2H2C,0.34873883215170887,0.16014330580262737
GTF2H3,0.24822395309706557,0.3501680272224288
GTF2H5,0.2038806136406368,0.25765140423166066
GTF2I,-0.15892938929409972,0.4194468627004948
GTF2IP1,-0.06989400304257298,0.08415338419935914
GTF2IP12,0.03769748625374625,0.48051609058101463
GTF2IP13,-0.12076359791173563,0.2954038370595313
GTF2IP20,0.1195698125233573,0.3525366821200886
GTF2IP4,-0.2288009360784269,-0.06276238887634378
GTF2IP7,-0.791712173594878,-0.05841592166118037
GTF2IRD1,0.1949410925413959,0.08988806102156044
GTF2IRD2,-0.013989157021924825,0.13164336775543872
GTF2IRD2B,-0.09708930534388793,-0.1515479006220648
GTF3A,-0.29215498521606964,0.09062996449472749
GTF3C1,-0.18218567954660347,0.18324335775039557
GTF3C2,-0.1644366125684611,-0.17727759569220058
GTF3C2-AS2,-0.047487790787229756,0.16016699755056507
GTF3C3,0.08248616416895427,-0.22191211960431634
GTF3C4,0.056089338122054855,0.43145308855585185
GTF3C5,-0.031313539365918075,-0.2800524854165749
GTF3C6,0.34906046043102723,0.08687212698873159
GTPBP1,0.06319592850332967,0.17782943132163975
GTPBP10,0.19401988811916748,-0.2080595073291711
GTPBP2,0.21772703686532768,0.6443059954101225
GTPBP3,-0.2546839993251937,0.1440324014320984
GTPBP4,-0.24927540205562426,0.11921705927588366
GTPBP6,0.06236160797768253,0.06415408996296001
GTPBP8,-0.1039234403696887,0.16483110662246325
GTSE1,0.027877537097774407,0.5248169447446709
GUCD1,0.06676990097200441,0.11586657767730024
GUCY1A2,-0.8742998767119154,0.05009391722055701
GUCY1B1,0.5766350119764846,-0.617642550399133
GUCY1B2,0.33479239056268556,0.05478924491600978
GUCY2C,-0.08108218526580635,0.027373670147760487
GUF1,0.2734856143192017,0.25712833596123374
GUK1,0.14129263584346052,0.08771892212641941
GULP1,0.052390875086189226,0.24504688116079354
GUSB,0.2049929335092333,0.11349397912371284
GUSBP1,0.4592650043219182,0.021672523088118067
GUSBP18,-0.019366381699065238,0.13532140554848276
GVQW3,0.2575826213603616,-0.187864234548907
GXYLT1,0.2740435925817746,0.2690840914501522
GXYLT2,0.21187055995620607,0.10234359358770473
GYG1,-0.18213985407571798,0.19553090447704324
GYS1,0.10533679128970963,0.02988181536173684
GZF1,0.1829794935207243,0.3588430596229357
H1-0,-0.10648956127449516,-0.38249077356657857
H1-10,-0.3187938461162583,-0.2774764197898616
H1-2,0.08133296311915394,-0.5291364432272685
H19,-1.9355486347348823,0.0
H2AC11,-0.20035036781474735,-0.16271766217697792
H2AC13,-0.23111980800119852,-0.2833850957502497
H2AC20,-0.46805328306589855,-0.1066412960812142
H2AC25,-0.508433137676402,-0.9786147715690809
H2AC6,-0.2382655057167078,-0.24955275489904682
H2AJ,-0.28566241916360724,-0.5748721899952489
H2AX,-0.13047675313318763,-0.4479005877200217
H2AZ1,0.14939999435492268,-0.010693065573716964
H2AZ2,-0.04520348055164458,0.21501339331793012
H2AZ2P1,0.16978591939777699,0.3238006101682743
H2BC11,-0.016911511599251305,-0.1785082452374671
H2BC12,0.392420799843082,-0.1931712543148354
H2BC15,0.0205086304877955,0.11752649540214621
H2BC18,0.30302194408192973,-0.6613090190229509
H2BC19P,0.08156923385719894,-0.5507247531470703
H2BC20P,0.18413087700835717,-0.6929623570806016
H2BC21,-0.06827253412565648,-0.9573438383082324
H2BC26,-0.0007690726097843714,-0.7780235972800358
H2BC4,0.2960024715875109,-0.40658777643667543
H2BC5,-0.009427647165283659,-0.47991723230128613
H2BC6,0.04880839910921453,0.09611785554173324
H2BC8,0.5159296518748004,-0.7715523315496885
H2BP1,0.08080205623911518,0.001798637700407557
H3-3A,-0.07801270515919345,-0.027595518160827837
H3-3B,0.39323590755630633,-0.6307354926704551
H3-5,0.1320920244868904,-0.3324033617318918
H3C10,-0.2672561639953255,-0.4261059309169499
H3C6,0.010180725124123047,-0.6738682528969451
H3C8,-0.2389351281869131,0.46890883221318713
H3P16,-0.019314652045784086,0.14309433348779965
H3P36,0.06947819379232745,0.018329120037337554
H3P4,0.185005338474992,-0.3343114228446177
H3P47,-0.16917161476822085,-0.0015530499501148487
H3P6,0.08545960160804977,-0.1315530385509005
H4C14,0.25922127060774847,0.4084227356493826
H4C16,0.25817049938090825,-0.32137226299925636
H4C8,-0.01076440455156491,-0.5794003174795352
H4C9,0.3982842347433233,-0.27011867737301465
H6PD,0.24111098729155955,0.8502417754337781
HAAO,-0.155945258524134,0.29117366484273755
HABP4,0.10454572788152472,-0.056113182205362655
HACD1,0.5807811165716856,-0.09733795328087957
HACD2,-0.2952004333321705,0.6276495823375878
HACD3,0.05922921349356525,-0.14137962129384984
HACE1,-0.037139740392018616,0.7232682931054972
HACL1,0.11960227537813406,-0.04014774446406255
HADH,-0.009826177121659896,-0.10384924271211649
HADHA,-0.09730473745702461,-0.1550021133748558
HADHB,-0.0003540195484363906,-0.1765048548755912
HAGH,-0.32825426332683705,-0.45560603411181244
HAGHL,-0.4698791191748617,-0.19630627286947266
HAGLR,-0.6667205137735914,0.10549499948919305
HAL,-0.02598319614971295,1.3819547788383082
HAP1,-0.23701378798378236,0.4236662691123534
HAPLN3,-1.5401982571263337,0.5174248963064879
HAPSTR1,0.20658816163982419,0.5522659675051873
HAR1A,-0.07843191099610025,0.18147363040810527
HARBI1,-0.18142790273999276,0.04854983403234403
HARS1,0.026221515345913105,0.06484073752674391
HARS2,-0.047761875836718204,0.484632514426683
HAS2,-0.4890315839252084,0.7051069685535476
HAS3,1.7777503953920988,0.7846907966481256
HASPIN,0.056518361794137384,-0.20446179734852787
HAT1,0.23526634041129224,-0.2243530876580495
HAUS1,0.07056090787403058,-0.3471670168027976
HAUS2,-0.028830825347596623,0.19784243876633578
HAUS3,0.1886925153206347,0.13785669735837347
HAUS4,0.16515143771704688,0.03200707607510633
HAUS5,0.2126431421866224,0.6948177170942942
HAUS6,0.13553762703126715,0.4702192047770395
HAUS8,0.1184427314844636,-0.23066857876048052
HAX1,0.008388658011765138,-0.003823059880027735
HBEGF,-0.13549248281502768,0.03868097163973072
HBP1,0.002548020949847185,-0.07331750082427124
HBQ1,-0.30961648502109385,0.02325717423899629
HBS1L,0.22541932568795975,0.7556716770463119
HCAR1,-0.5686431800588365,-0.7419150102511862
HCAR2,0.0,0.3451788723617155
HCCS,-0.16483464825439498,0.12279007489372962
HCCS-DT,-0.09310738650025718,0.2708445646205564
HCFC1,-0.2261646893402025,0.35612245467580816
HCFC1R1,0.04970989418726557,-0.2817699876345001
HCFC2,-0.07377250903027788,-0.020004194507382778
HCG11,0.07547161628393617,0.9358441080509783
HCG18,0.31855289447282065,0.7162637412777282
HCN2,0.21109571144864603,-0.267663105473146
HCN3,0.07395338590475165,0.12378610281580427
HCP5,-0.24616696825034734,1.282525779625871
HDAC1,0.11863721788606263,-0.0020024431218805816
HDAC10,-0.04833388964223484,-0.2649998281261188
HDAC11,0.05554864597026521,0.1163687509318363
HDAC2,0.26448049053925793,0.5138925653551114
HDAC3,0.07533214021692025,0.14899802257587424
HDAC4,-0.08085291806185779,0.15149611704265808
HDAC5,-0.11259288086085428,-0.22827258853761112
HDAC6,0.14615579814303548,0.11505936694342012
HDAC7,-0.2922935514668028,0.06542798285626539
HDAC8,0.28043152657016535,-0.1669739213864716
HDAC9,0.018623631716337297,0.4843135492504116
HDDC2,0.31866947259546485,0.7760663241066932
HDDC3,-0.1615025058514057,-0.13331830012707524
HDGF,0.07699445243873448,0.3760148254364779
HDGFL2,0.12735121992181586,-3.4444418912649155e-05
HDGFL3,-0.1386013078879742,-0.29646454410417533
HDHD3,-0.10189305229941548,-0.5147065540315614
HDHD5,-0.03143227912205404,0.13367890739906851
HDLBP,-0.003517655432240474,-0.08910588379497142
HDX,0.4328690931703336,0.42478039449603644
HEATR1,0.12497152461123129,0.6324003041202184
HEATR3,0.16262708546728177,0.4179614712040176
HEATR5A,0.34011657231677495,0.24478233390416104
HEATR5B,0.07603549780578511,-0.13734443276616837
HEATR6,-0.2716614002297537,0.15106064878261538
HEBP1,-0.2102380854320396,-0.2710493970038099
HEBP2,0.23823664788793142,0.08921793469966222
HECA,0.36188031718013725,0.6200538633830823
HECTD1,-0.09492420524706091,0.11017711577280043
HECTD2,0.28514034008357125,0.6780745133864261
HECTD3,0.12044302369975401,-0.02835816904115873
HECTD4,-0.3679738921238691,0.35586405343899674
HECW2,-0.21603726813056623,0.15732704410953327
HEG1,-1.209276929118313,2.701545906686243
HEIH,0.5113908115337709,-0.3086411334042971
HELB,-0.048159340717937926,0.30418471677793946
HELLS,0.09402797920795525,-0.253371691104725
HELQ,0.248014016920735,0.2934038032463051
HELZ,0.13331111926919803,0.028972115672519116
HELZ2,0.18024408426859662,0.9347674726127417
HEMK1,-0.1580000599527298,-0.15792562713672487
HENMT1,0.15740352607387642,-0.23610501761752678
HERC1,-0.27452138041852336,0.022310769313180323
HERC2,-0.23894203265895086,0.06925431204955323
HERC2P2,-0.32838405691024475,-0.06624291552320427
HERC2P3,-0.008037811829896047,-0.005714658307337708
HERC2P4,-0.2654162864107942,0.4517270588683217
HERC2P9,-0.02631235686054678,-0.04092093201480629
HERC3,0.19592173708833038,0.20518293783993968
HERC4,0.12238863767430441,0.2508278193668616
HERC5,0.8703399601644075,1.3132626455846363
HERC6,0.16499648805345113,1.0096603663719286
HERPUD1,0.0036980694510750922,0.0524913489322536
HERPUD2,0.0011982912396950596,0.47438238068270255
HERPUD2-AS1,0.15971226547624462,-0.05231664243181289
HES1,-0.21543935086983357,0.39457375695882213
HES2,-0.3091836210522092,1.580962492376124
HES4,0.13261726057713474,0.07551574378992765
HES6,-0.5114949270307401,-0.02881915940359292
HES7,0.019879051571877415,1.703933699625094
HESX1,0.18686223106047278,-0.34198015232733453
HEXA,0.019576429301914722,-0.06691463886297466
HEXB,0.15656551862999457,0.09185076725383023
HEXD,-0.11672565139545021,-0.41978795902078225
HEXIM1,0.057467007216849275,-0.0021685544745935204
HEXIM2,0.11802759927482212,-0.1435718569204134
HEY1,-0.5406726801483775,0.11683835259899142
HEYL,-0.46697857713465174,0.5018420399492237
HFE,0.14857675706625262,0.6454325543719106
HGH1,0.05887185280514551,-0.2992632192908715
HGS,-0.03971374306747322,-0.05258773285304841
HGSNAT,0.020025077683915704,0.20672451780166767
HHAT,0.5257607572124439,0.6050636734296537
HHEX,-0.6333264163864603,-0.011442023288797731
HHIPL1,0.002956753531156764,-0.018921661693123815
HHIPL2,-0.43087286902733,0.3548660458625383
HIBADH,-0.08317955124634402,0.2649142940792517
HIBCH,-0.052988681304523944,-0.6186625862119328
HIC1,0.023072214816898473,0.4460202338440037
HIC2,0.11017122835008042,0.0594444369232896
HID1,-0.5541116640407178,-1.0670852084374873
HIF1A,0.6363784768198659,1.303646659034266
HIF1AN,-0.3243534067082754,-0.017077166999295734
HIGD1A,-0.02787946109240469,-0.33461461803862713
HIGD2A,-0.4314369374018945,-0.159867764884706
HIKESHI,-0.142417745277176,-0.2650573540818515
HILPDA,-0.6326012117328954,-0.16433031677345555
HINFP,-0.1581044902774691,-0.19008889504588478
HINT1,-0.1069677465207235,0.0034644288732463835
HINT3,0.3147545602874233,0.8356214904337405
HIP1,-0.025509959378663183,0.49192678626866204
HIP1R,-0.1489712580177862,-0.20734699021272185
HIPK1,-0.0025034683465987584,0.3917968067123496
HIPK2,-0.42929698381390846,0.31232596448841043
HIPK3,0.058990035655448025,0.44780620754496514
HIRA,-0.22560507414754394,-0.4004215356237375
HIRIP3,-0.06516270432631188,-0.13612713959452893
HIVEP1,-0.21382974241059927,1.1555601120810093
HIVEP2,-0.5670493325995847,0.644904548915477
HIVEP3,-0.5681762709942602,-0.10448715777649742
HJURP,0.18971308479119742,0.04208931171381591
HK1,-0.6171612653442322,0.11969261396591335
HK2,1.0922286515119608,0.4346437710938007
HK2-DT,0.5248513056869457,-0.4009707524070214
HKDC1,0.5959497981702919,0.29903862093365996
HLA-A,-0.1007062831256249,0.9370167475050959
HLA-B,0.08918597352164337,0.7456875713657567
HLA-C,0.09528093924864756,0.667365025388472
HLA-DMA,0.4021977904877419,-0.24605214719553103
HLA-DMB,-0.029542930131832484,0.1880908650553348
HLA-DPA1,-0.07947977591440143,1.0509203791455035
HLA-DQA1,0.0,1.2283639285830634
HLA-DQA2,0.0,0.9002814240746595
HLA-DQB1,0.021753653426295746,0.7328833579368097
HLA-DRA,-0.003971848704891534,0.9768770644331064
HLA-DRB1,0.0853841108039215,0.461176294015591
HLA-DRB5,0.0,0.4487384832143251
HLA-E,0.24986981109918105,0.6144368768796884
HLA-F,0.07024835295121823,0.961111711275735
HLA-H,-0.12910358146425782,1.0223885327973459
HLA-K,-0.023632582658145385,0.9402098506291825
HLA-V,-0.027459904029403112,0.923946160419467
HLCS,0.06950639869999442,-0.014593870524012509
HLTF,-0.23127776335699224,0.37512846097052677
HLX,0.6379234257851093,1.172619160348591
HM13,0.09982767595414366,-0.16170873874445668
HMBOX1,-0.1706350522932527,0.020116446032567126
HMBS,-0.13533170124089278,-0.4742901992164956
HMCES,0.014568026311434501,0.11303023927180078
HMCN1,1.2758043024550414,0.6035996427309354
HMCN2,0.034311799749751994,-1.7524952056880647
HMG20A,-0.011166791267251952,0.6292161399643943
HMG20B,0.5213315395705767,0.009349168962294208
HMGA1,0.005854364228614628,0.8700253875370549
HMGA1P1,-0.04393334685182687,0.5670602840221465
HMGA1P2,-0.005296111155067562,0.5044538008694315
HMGA1P3,-0.0314177823701316,0.21099933344871658
HMGA1P8,-0.1974525448342171,0.4899146634222473
HMGA2,1.0657000457769836,1.2070313685483258
HMGB1,-0.00012515424288395138,0.14430918060094733
HMGB1P1,-0.03264207021773591,-0.0009639023610028552
HMGB1P10,0.39075051226058766,0.04187828744811595
HMGB1P24,-0.018306991439232423,0.026189156531306157
HMGB1P5,-0.06570422361404837,0.06338466506271279
HMGB1P6,0.02658816196592717,0.27997267651259294
HMGB2,0.1833842426316048,-0.2837824333787857
HMGB3,-0.7014354787633659,0.431632435072248
HMGCL,0.3916282460189535,-0.22389204732067824
HMGCR,-0.1063108816239815,0.491790231917574
HMGCS1,-0.13414744425592584,0.6973305400737666
HMGN1,0.15421321669206023,-0.09354292166193989
HMGN1P38,0.024518919045783183,0.06005586227846893
HMGN2,0.13308816980771887,-0.01796820086174744
HMGN2P3,0.2873114003986261,0.13197401045890267
HMGN2P4,0.11748574295577163,0.07325957252461479
HMGN2P46,-0.04358943177073449,0.6122830236288974
HMGN2P5,0.21275005532798774,0.06342255488531201
HMGN3,0.10349309878179636,0.31760763330834196
HMGN3-AS1,-0.2991764180422176,0.20368584465362194
HMGN4,-0.12711951580352387,0.601267426656042
HMGN5,0.7012742015555444,0.045166594090755297
HMGXB3,-0.19078885411192203,0.3455952801425859
HMGXB4,0.060835938880345886,0.3343139573785878
HMMR,0.2831303032800614,0.2514364309019981
HMOX1,0.14608806536602614,0.13585992187015705
HMOX2,-0.03236749250840276,-0.24876433539520093
HMX2,-1.2111979692428299,0.0
HMX3,-1.5897546251507384,0.0
HNF1B,0.0,0.3922532032247368
HNF4G,-0.1882613333249985,-0.31830252785476665
HNMT,0.7027180696620312,-0.3755784903401498
HNRNPA0,-0.06849551674117471,0.3509723487614327
HNRNPA1,0.13428962702884384,-0.07374676999020124
HNRNPA1L2,0.08024070383387127,0.15538186113564367
HNRNPA1L3,0.19438093794950584,-0.08037432063455263
HNRNPA1P10,0.2957773048306933,-0.1457399836164459
HNRNPA1P4,0.022920714765400918,0.1437468752045976
HNRNPA2B1,0.1245273359146637,-0.1490832673309459
HNRNPA3,0.159083856541125,-0.09769556445420768
HNRNPA3P10,0.0049030829137346466,0.17200812988591963
HNRNPA3P5,0.09466808918024316,0.02805425602144429
HNRNPA3P6,0.2575528271070837,-0.07056293031438221
HNRNPAB,0.22218642435172953,0.17622067862588953
HNRNPC,0.01768322444272563,-0.000771842578718207
HNRNPCL1,0.23557947032859694,0.19905273742735252
HNRNPCP1,-0.21274664342131777,0.025769473120150876
HNRNPCP2,0.2658186241789693,-0.05265626338819818
HNRNPD,0.0955885596544892,-0.1921320801689932
HNRNPDL,0.05876686831771227,0.04757886651263288
HNRNPF,-0.19621640465968682,0.10311834788078933
HNRNPH1,0.3509003433652973,0.28934964819173903
HNRNPH2,0.06994946498399912,0.21274403587340363
HNRNPH3,0.05527957987869048,0.05542346037122314
HNRNPK,0.05218619051100504,0.04701871013527814
HNRNPKP2,0.023271462009447852,-0.18392804270940633
HNRNPKP4,-0.10067858717402345,0.18051236662991577
HNRNPL,-0.03265450713756657,0.13733074913815901
HNRNPLL,-0.015560038090960404,0.010264275600239792
HNRNPLP2,-0.004453015867081245,0.26891616648074335
HNRNPM,-0.011418993215766449,0.012398517061676273
HNRNPR,0.09030030198637462,0.14334945372754415
HNRNPU,0.22061683623410566,0.18439460034470834
HNRNPUL1,0.0030016963667982566,0.18981496335718973
HNRNPUL2,-0.16923464465059634,-0.21386106657993853
HNRNPUP1,-0.06751668102370112,0.0061260801689583255
HOGA1,0.01718382838141904,0.06569864001380776
HOMER1,0.2219248816592323,0.5283461149543749
HOMER2,-0.3194306646259344,-0.37360303744846046
HOMER3,-0.4828434332081799,0.686300418626749
HOOK1,0.8846471621270986,0.21061342171477726
HOOK2,0.2114414560987088,0.04974126284041702
HOOK3,-0.19097354190048765,0.10091880854962287
HOPX,0.02289007898452641,-1.0767709129812815
HOTAIR,-0.601055909218783,0.016803472533656105
HOTAIRM1,-0.02449715366755123,0.1531147329692752
HOTTIP,-0.13279639500227944,0.5532849691168915
HOXA-AS2,-0.060820577843771595,0.2232022339429891
HOXA-AS3,-0.20954692274034342,0.25769440571936586
HOXA1,-0.09286181641640745,0.07593567086384145
HOXA10,-0.05462309828787196,0.2725676148085654
HOXA11,-0.612871054669182,0.6184756682880042
HOXA11-AS,-0.05539142051933521,0.8044816580152634
HOXA13,-1.0476914535837412,0.9420379396430669
HOXA2,-0.23133748078882888,0.3726736245007102
HOXA3,-0.2353868928374765,0.552114124080874
HOXA5,-0.6944809244974122,-0.07123505631504656
HOXB-AS1,0.12458352977769405,-0.2506832156678429
HOXB-AS2,-0.12614824382539264,0.18993339715985735
HOXB-AS3,-0.20615063767117592,-0.5447203985171951
HOXB-AS4,-0.17086861921180563,0.17057630049620065
HOXB13,-0.6476270183172255,0.04692308611030841
HOXB2,-0.09644535225126916,-0.650869867665433
HOXB3,-0.22138180005871,-0.6199689926991807
HOXB4,-0.045082690464483655,-0.4035453761479628
HOXB5,-0.020435785548743368,-0.9456320256931385
HOXB6,-0.04731460592182213,-1.0330934621252474
HOXB7,-0.009056888099694405,-0.060774938682808255
HOXB8,-0.06387988950976986,-0.28280300371553135
HOXB9,-0.8287355260148708,0.1496250231601879
HOXC-AS1,-0.4383640172975618,0.2192739258905086
HOXC-AS2,-0.2039383099978429,0.6216478430077912
HOXC-AS3,-0.17758171308943038,0.21958977138602775
HOXC10,-0.2811967783458904,-0.49542462775889184
HOXC11,-0.19408194227594588,0.7583510729374163
HOXC12,-1.0891116405061965,0.0
HOXC13,-0.7098572196002149,0.7394191548793244
HOXC13-AS,-0.4278431654785244,0.39161622928139594
HOXC4,-0.09894381796797092,0.6826516191340024
HOXC6,-0.11377576095807473,-0.09633586543675277
HOXC8,0.1221478952138999,-0.04956752073512927
HOXC9,0.08656076257353984,0.50613551002132
HP1BP3,0.048129499847912705,0.06628514016162157
HPCAL1,-0.11641644197690582,0.07846006061827993
HPD,0.3845016528845334,-0.2832695466360188
HPDL,-0.3527236294762417,-0.6411728080346589
HPF1,-0.05356541969445683,0.35640302752541286
HPGD,0.07126878298958897,-1.5469409874516824
HPN,-0.030014542592361464,1.6104780395141294
HPRT1,0.308770828454044,-0.034286985085994814
HPS1,-0.3016989930514766,0.24285383040573905
HPS3,-0.3461349776654572,0.789309059296385
HPS4,0.06633568716879701,0.017843881537931594
HPS5,0.14263791373082757,-0.09760352439681341
HPS6,-0.3102773188901722,0.14857124577632685
HPSE,0.9048530768188803,0.43019162881729267
HR,0.526033140482769,0.945863769626063
HRAS,-0.028509087768523678,-0.3067900772811982
HRCT1,-0.006177863063636348,0.3349459516234723
HRH1,0.03159587561212174,-0.39981442885002183
HROB,0.06830425799057016,-0.09075969070324552
HS1BP3,0.011988202476419296,0.11502586119223057
HS2ST1,0.14336163555328874,0.2875507456243529
HS3ST1,1.2209673215635874,-0.5896754452022908
HS3ST2,0.0,-0.08562144376004
HS3ST6,0.07759037414206471,-0.16877474423938055
HS6ST1,-0.07616745444932516,0.7997363985594923
HS6ST2,0.5099431240611108,-0.09205391502324822
HSBP1,-0.07777115698608039,-0.03351974113479539
HSBP1L1,0.2931622210555247,-0.8035203999440448
HSCB,0.22918294233290926,-0.16337893811395254
HSD11B1L,-0.02413349554572841,0.00319777482265593
HSD11B2,-0.09869729949758088,0.017965701557367986
HSD17B1,0.16652222614974432,-0.2563221629801187
HSD17B10,-0.04173645518243063,-0.09657043978325319
HSD17B11,-0.08758861403948615,-0.44435135748358334
HSD17B12,-0.07469890507894394,-0.18523287252579568
HSD17B14,0.21053047798095204,0.24924476288112452
HSD17B1P1,-0.007677082167561772,0.4681493764590192
HSD17B4,0.13952299895483478,0.04204255618513031
HSD17B6,0.1978119065943268,0.27599171369644104
HSD17B7,0.0017788155214431,0.05152606194137155
HSD17B8,-0.03789498864067298,0.3202466167202198
HSD3B7,-0.14466559912424115,-0.26569500867650975
HSDL1,0.01538985331646181,0.4827709944231797
HSDL2,-0.06580626078292351,0.08148839003275565
HSF1,-0.09512051977100455,-0.3296564598161087
HSF2,0.2051017657176395,0.7313145198243691
HSF2BP,0.11763566188471852,0.28014003168795343
HSF4,-0.10015810208077336,0.163042873216676
HSH2D,0.0,-0.07860023776569758
HSP90AA1,0.19034676773241976,0.0772220980272138
HSP90AA2P,0.2064839556087148,0.40122340602359596
HSP90AA3P,-0.1229570083893643,0.38425096074261844
HSP90AA4P,0.5070341219709964,0.2128515285458059
HSP90AA6P,0.1658327720668583,0.1473916745878282
HSP90AB1,0.08752768773348052,0.33698047330824465
HSP90AB2P,0.00708601346332749,0.16464165088710536
HSP90AB3P,0.13843840101205096,0.29736068370621993
HSP90B1,-0.07546943887023438,0.05889638294489252
HSP90B2P,-0.1064685051308022,0.0324051428373493
HSPA12A,-0.10285647433828293,0.33576357496620046
HSPA13,0.2824170278459599,0.7464249236397089
HSPA14,-0.13886639894469965,-0.04628076924317259
HSPA1A,0.08864832197626349,0.3616186381738302
HSPA1B,-0.04178283267019811,0.46348125222946734
HSPA1L,-0.27531687685714656,0.49637326266881776
HSPA2,-0.18800872615246256,-0.3723738947717221
HSPA4,0.2290580903834325,0.32734920711274373
HSPA4L,-0.015488798876807763,-0.47745410354908424
HSPA5,0.1890993598317845,-0.07783343989467006
HSPA5P1,-0.061493379795638514,-0.17163404788155723
HSPA6,0.2533454703961213,0.3330094797956902
HSPA8,0.07841362483326009,0.15932256508727605
HSPA8P1,-0.22716325777675506,0.01801763160732972
HSPA8P5,0.20028983135095935,0.27559810848429134
HSPA8P9,-0.21531115748170893,0.2135048934675038
HSPA9,0.10015032419176784,0.18809465305933148
HSPA9P1,0.24897133721161824,0.01580292548701967
HSPB1,0.17295567218506136,-0.35456728120920644
HSPB1P1,0.10092668722687648,-0.05501069855002472
HSPB1P2,0.07831259755357167,-0.28171711652200104
HSPB8,0.6359463011889255,0.6603591221972162
HSPBAP1,0.10566627791805061,-0.006227613508425822
HSPBP1,-0.10707169862930854,0.07810032575733583
HSPD1,0.021062374247321713,-0.27319965762880116
HSPD1P1,-0.05632596227498077,-0.0007015437828727933
HSPD1P4,-0.10377850332364313,-0.09872795957395719
HSPE1,-0.11687684983517332,-0.5644668318929593
HSPE1P2,0.04619222621090979,-0.012059046073251034
HSPE1P4,0.15979736129208477,0.08023307044465167
HSPG2,-0.6343497559894491,0.3647104866318749
HSPH1,0.5059543039500625,0.4877320810536272
HTATIP2,0.30744435849205853,-0.07488648841902634
HTATSF1,0.3186639780053566,0.1035924110540627
HTR1B,0.09137265614294865,0.0
HTR1D,-0.4950107182155259,1.587078376859822
HTR7,0.48937766423448203,0.6733478786673078
HTR7P1,-0.3393246879005264,0.6949611517638814
HTRA1,0.6125543265552564,1.2683886136342462
HTRA2,0.13196259291647205,-0.36356518395407367
HTRA3,-0.04248848913915049,0.7283835079543776
HTT,0.03250256965696785,0.4851599607466106
HULC,0.20718969713049784,0.4846202590392723
HUS1,-0.04189854208397392,0.37209555903340963
HUWE1,-0.15295160478867764,0.41049039181351077
HYAL1,-0.10677419860587328,0.12601651210042997
HYAL2,-0.2167050645783295,-0.074538530444757
HYAL3,-0.13872654690304898,-0.7305349857466961
HYCC1,-0.26096335898747824,0.919586718959871
HYCC2,0.06400346598242068,-0.21454945053902952
HYDIN,0.22784769835029833,-0.09638668582984122
HYKK,-0.8370492783195533,-0.4412555480217817
HYLS1,-0.02904131777153829,0.20191442178189956
HYOU1,-0.002031407300046695,0.47014820013626135
IAH1,-0.002355164858846237,-0.3774097887302128
IARS1,-0.0891434045394881,0.4058800123432551
IARS2,-0.007752798072587552,0.0036481789310416346
IBA57,0.039424120328874324,-0.04987368191650621
IBTK,0.42457187094603555,0.6267421492557288
ICA1,-0.025941814377472575,-0.16856808284559133
ICA1L,-0.16113577660823264,0.07252114079528937
ICAM1,-0.3024264599800217,1.4086212779311404
ICAM2,-0.027931516489932095,-0.8741419480770976
ICAM5,-0.03323586766882247,-1.1974204588692028
ICE1,-0.012408880495588193,0.7274221707010353
ICE2,-0.056881778445911024,0.17905550801443315
ICMT,0.06534439172797057,-0.18027531703328759
ICMT-DT,-0.10360648130335837,-0.01383956793276786
ICOSLG,-0.785756353428984,0.15569475397290272
ID1,0.73283546658452,-0.17923424479275418
ID2,1.7804091116483225,-0.913329888442864
ID3,1.210193726592986,1.6107788256247384
IDE,-0.1020736697449438,0.2540372646944258
IDH1,-0.36692885301965106,-0.5620292565798986
IDH1-AS1,0.09724800658161525,-0.6089932579462713
IDH2,-0.13149386132233687,-0.11652077674075567
IDH3A,-0.14339520748892465,-0.06497433869670743
IDH3B,-0.02018804665592011,-0.1369096770781466
IDH3G,0.03331984960233214,0.0914104501620212
IDI1,-0.3886822066450444,0.27377450560840444
IDNK,0.9013153976555217,-0.3062897830833182
IDO1,0.0,-0.6090272083690554
IDS,0.21972464462332741,0.21347266238567464
IDUA,-0.3382668194465368,-0.24710794716486628
IER2,-0.13574781287754512,0.39263035468727736
IER3,-0.18389422628508179,0.7160672947718654
IER3IP1,0.2523678349964822,-0.8266595369437924
IER5,-0.26912401361701477,0.6134239813478617
IER5L,-0.025386900899618148,0.8005926351087886
IFFO2,0.10807274522964061,1.3698535864400938
IFI16,0.554031649403945,0.5573233139397153
IFI27,-0.10313477767974027,0.13357566857890468
IFI27L1,0.28737549433276843,-0.37815992054972014
IFI27L2,0.8343985567125172,-0.26998393579667024
IFI35,0.07301142187028908,0.46306880162056174
IFI44,0.19581161225333268,0.4770640275948086
IFI44L,0.0,1.0484296766580377
IFI6,-0.16608070843521672,1.0253184077844795
IFIH1,0.3414217899749894,0.6719313936602038
IFIT1,-0.7787707022206227,0.7449839686618587
IFIT2,-0.4756071308983234,1.128627300243842
IFIT3,-0.8291368559190238,1.2186414753237926
IFIT5,-0.3495818959974075,0.7181226176023525
IFITM1,-3.359398852864898,1.4101078878301925
IFITM10,-0.14844497347349184,-2.159581948118319
IFITM2,-0.9377990580849058,1.1563981816245903
IFITM3,-0.3554006559356999,1.4063300211441812
IFITM3P2,-0.12822002745435962,0.01960085022244218
IFNAR1,0.3366587852563354,0.20456254278587682
IFNE,0.13176656575261017,0.0753515458399513
IFNGR1,0.29580175980254264,0.982426620694171
IFNGR2,-0.2084671126280373,0.026816633366944842
IFNLR1,-0.3573664907159084,0.29454881377688835
IFNWP19,0.3648625777536747,0.38830639717949
IFRD1,0.28817700601494334,0.19234725612286496
IFRD2,0.016973103937933942,-0.033665354116704904
IFT122,-0.16059529377341253,0.3086563789433878
IFT140,0.03082351817082518,0.2553264794220613
IFT172,-0.20526866289024026,0.04181406867304105
IFT20,0.12142041471905474,0.01649863680141017
IFT22,0.1294075508252268,-0.09972864119448666
IFT25,0.44499383914928714,-0.6625045189017968
IFT27,0.13822557256341206,-0.08306479520723187
IFT43,-0.04845661649253108,-0.31822176784501366
IFT46,0.3422972227950578,-0.34041493652649724
IFT52,0.18260175210345952,0.014544159023982317
IFT56,0.2135239300076055,-0.0008641304312377862
IFT57,0.5891135147612045,0.22768278045651869
IFT70A,-0.17719436244151598,0.11849168252341835
IFT70B,-0.004234310621572757,0.04309325373440487
IFT74,0.12907516806657293,0.21070145665844198
IFT80,0.09013610182355336,-0.20934243662635987
IFT81,0.033815613512475196,0.16550033456277013
IFT88,0.07030045491184822,0.6328687983445223
IFTAP,0.5458963243624515,-0.28074961790370523
IGBP1,-0.16668122454718848,-0.0790235227969367
IGDCC4,0.09361826448023325,-0.32122885011939595
IGF1R,-0.7911159393685017,-0.29268320715512885
IGF2,-0.2710331018136342,0.6703090098658453
IGF2BP1,0.07503705699175,0.0382409291028842
IGF2BP2,0.2714832142202077,0.26736970930345283
IGF2BP3,0.4875286769992373,0.7316417824741208
IGF2R,0.2619893398107642,1.3423842297855435
IGFBP2,-2.7803115869358392,-0.06894242385603144
IGFBP3,2.518147064994107,0.1775502470854562
IGFBP4,0.96873870561258,0.28949929098760663
IGFBP6,-0.6044114731983434,-0.2865746611871316
IGFBP7,-0.1052800144833107,0.4427649678944465
IGFBPL1,-0.17391430144830888,0.0
IGFL2-AS1,0.0,-1.0770837940870888
IGHMBP2,-0.11539443529060378,-0.0248659532803277
IGIP,-0.09223540458022139,0.6683297231947112
IGLV5-52,0.05062260046165834,0.15912186684213914
IGSF10,0.01967062732386638,0.9975595859071115
IGSF22,-0.02515039021490946,0.4240189049585632
IGSF3,0.2648017448893931,1.1000284251588277
IGSF5,0.0,-1.1809804835236293
IGSF8,0.261553925617914,-0.34898981138952223
IGSF9,-0.09387780492409706,-0.3979685596617939
IGSF9B,-0.15054852951247155,-0.4264221663601902
IK,0.07840835649680056,0.09707927413228568
IKBIP,0.36006002935574344,1.0919907176649026
IKBKB,0.13195626775645408,-0.0690181998327084
IKBKE,-0.21494586137552285,0.26470170153210404
IKBKG,0.057113651721536485,0.5358519521198097
IKBKGP1,0.2759399880449058,-0.06453288039590921
IKZF2,0.5096166777479973,-0.47111167240461604
IKZF3,-0.04635502564105669,0.20950841994521352
IKZF4,-0.14610400100469167,0.3957886008300502
IKZF5,0.011698244623581378,0.17748463185646557
IL11,-0.6010845314701871,-0.01170494215797957
IL11RA,-0.0012759672633557706,0.15355446102628179
IL12RB1,0.027564164583313677,0.8522800963624682
IL13RA1,-0.0392609353346689,0.5761674863142412
IL15,0.5387893447253771,0.298918539493477
IL15RA,-0.6671253861320747,0.34843785654234427
IL17D,-0.3281398637567098,0.12353344875675198
IL17RA,0.08307301188137117,0.13679377140344506
IL17RB,-0.413902459715632,0.16488506326336871
IL17RC,-0.1264906423845762,0.145722757229497
IL17RD,0.3133639283574383,0.3721035290624273
IL17RE,0.10492110525241427,-0.6701776275431093
IL18,-0.5738728176176684,-0.7572803770641201
IL18BP,-0.3451627776793875,-0.36575544522864045
IL18R1,-0.038801927753230464,0.4875283995340225
IL1A,0.0031510443473010963,0.914645384467925
IL1B,0.0,1.1911149553376845
IL1R1,0.49311295874036665,1.1094081314745572
IL1R2,0.0,-0.20144447927945663
IL1RAP,0.5105699616365724,0.22872832205774074
IL1RL1,-0.606554101296894,0.5971963391199315
IL1RN,0.0,-0.5697682868848708
IL20RA,0.1281340848476929,-1.6743445317490915
IL20RB,-0.20211828718227448,0.36831531353273483
IL22RA1,-0.48107046093573425,0.10034697283615657
IL23A,0.26905415582123127,0.5365733325328055
IL27RA,-0.08213605434230509,0.9974785457729056
IL2RB,0.08527258761776219,0.708468195267205
IL31RA,-0.6872410868709982,0.5646333470725374
IL32,-0.3087624119366583,2.580921234681275
IL34,-0.5463562139143887,1.7827307324508064
IL36RN,0.0,-1.5851726575863017
IL3RA,-0.18055823113968592,-0.0666694204482805
IL4I1,-0.008968514332859945,1.8489454153838891
IL4R,-0.14160664481699303,1.037688740887801
IL6R,-0.5009833544535542,2.3417853719736907
IL6ST,-0.11120487582782257,1.4942753246848426
IL7,-0.014053963925645951,0.3546171862713443
ILDR1,0.0,-0.6933488429412193
ILF2,-0.024215531085204134,0.23127908137513842
ILF3,0.1534854509134913,0.2728870132285586
ILF3-DT,-0.10134385141587288,-0.03594887222430554
ILKAP,0.2919097722852726,-0.3688168240695795
ILRUN,0.010646139548934563,0.37604279590911904
ILRUN-AS1,-0.03125283219972108,-0.20381858189949165
ILVBL,0.16970256866965094,0.23778564340922692
IMMP1L,-0.18650712848025242,-0.26163326357352457
IMMP2L,0.10394851223282098,0.2895472768887668
IMMT,0.09962713016224001,0.05698539807062897
IMP3,-0.3915604328508939,-0.28483975898444536
IMP4,0.0734208354610173,-0.5320611657047083
IMPA1,0.013449627330808234,-0.13734032710135757
IMPA2,0.09945921013854342,0.4165149147768368
IMPACT,0.28940556700356534,-0.08891419170475601
IMPDH1,-0.6089041398214095,-0.2741567993816094
IMPDH2,0.005256491271372177,0.10375420503826671
INAFM1,0.12342681489935092,-0.36862308116484144
INAFM2,0.10983021360062839,-0.18586373868001793
INAVA,-0.8758447589152962,-0.6537713699661731
INCA1,-0.1712209031694567,0.22905207845617093
INCENP,-0.0718422273859618,0.11545166869745138
INF2,-0.02142626684645421,0.07470119851145363
ING1,0.15159157127233414,0.22848371423704794
ING2,-0.010219712940783054,0.01082191794070475
ING2-DT,0.46588948447909084,-0.07278787591419145
ING3,0.2687121937721062,0.026436897255223357
ING4,-0.4781365292759796,-0.5750842878663294
ING5,-0.11023708257283538,-0.33225516563267643
INHBA,0.29099721073737206,4.2770381036000105
INHBB,-0.9092834727427084,0.6921373460115037
INHBE,0.11699701597510492,0.8416855332918105
INIP,0.002603762849886948,0.3502769012192797
INKA1,-0.06317263163329345,0.10977319791148954
INO80,-0.002697318267721016,0.04642604982954701
INO80C,-0.1078604877298055,-0.5522956119579296
INO80D,0.09887211913647764,-0.1885446299462643
INO80D-AS1,-0.1964974074477599,0.04479930287027134
INO80E,0.02086798233434184,-0.13311540012573797
INPP1,-0.09974812255723586,0.037274344509111934
INPP4A,-0.005141078837324287,0.05685344071841758
INPP4B,0.9191298993304691,-1.0948065661277973
INPP5A,-0.4226560224049898,-0.37478646029262785
INPP5B,-0.0106982046311348,0.22162299388552675
INPP5D,0.24235978297703065,-0.6852204180831474
INPP5E,-0.08900176555138284,0.19850708547359552
INPP5F,-0.0569194437339835,0.07787968010065693
INPP5J,-0.001720604931770231,0.4521881544525037
INPP5K,0.029780514496533073,-0.48775953439122954
INPPL1,-0.3258908347099947,0.1308377177116382
INSIG1,-0.1913215164795945,1.033640370155399
INSIG1-DT,-0.06972544577018747,0.6681968998242138
INSIG2,0.3546749988730151,-0.819515756513697
INSL3,-0.06213762032380184,0.12091648301910962
INSR,0.40994755486356227,0.6619095036180571
INTS1,0.08929967524560034,0.3234658325679023
INTS10,0.011868442314707295,0.42500575323925016
INTS11,0.19227411243529602,-0.13447856259151347
INTS12,0.1295413860477761,0.0064692719764964934
INTS13,0.146539870629125,0.17190531058765046
INTS14,-0.19965203643882035,-0.11075075581790461
INTS15,-0.15347881982528655,0.07191836812697527
INTS2,-0.18438208280149304,-0.032196715010957
INTS3,-0.20709430374540627,0.05830665058618223
INTS4,-0.04168539152847561,-0.05004508738787372
INTS5,-0.04769852720470347,0.13940359629253063
INTS6,0.46933440535352133,0.4403900217299288
INTS6L,-0.1272447499945626,0.14442156156145725
INTS7,0.11724523402175535,0.6569930030266908
INTS8,-0.34621126782237344,0.21864916696783965
INTS9,0.03444728257944796,-0.033502649578156074
INTU,0.2117146922026043,0.24183329688452204
INVS,0.05192326358463317,0.27960191554878344
IP6K1,-0.0956808584699278,0.2071131432971942
IP6K2,-0.19859332818276698,-0.027454459005370246
IPMK,-0.1281885347133871,0.6172648373660636
IPO11,0.24395270613280395,0.5011570846884066
IPO13,0.35679564943277864,0.3479073367431518
IPO5,0.08532919224185687,0.41090580575205404
IPO5P1,0.08566025823010359,-0.08358876044690633
IPO7,-0.002006391698973431,0.09504777543618026
IPO7P2,0.06728052129548345,0.12645982803204237
IPO8,0.11766026397282037,0.6661594609332582
IPO9,0.22121910818689727,0.42168010018344226
IPP,0.17178897463551657,-0.00726030460485827
IPPK,0.08570036972579809,0.30306578488193736
IQANK1,-0.5701436270489355,-0.5571455675545138
IQCB1,0.30733198714269294,0.49717901258614194
IQCC,0.13191764099034353,-0.06422173752095506
IQCD,-0.04880107171381809,0.19917610218360648
IQCE,-0.01980933071068325,0.29371911738521295
IQCG,-0.02040674103187623,0.3322849184420278
IQCH,0.046099074064187784,-0.052728923940190686
IQCH-AS1,0.19349612185168708,0.139203867869361
IQCJ-SCHIP1,0.27973332455385824,0.3779310477327069
IQCK,0.3099109931267634,0.38751695796918106
IQCN,1.162781349408328,0.44635708252632567
IQGAP1,-0.10124344340482594,0.4724712845486483
IQGAP3,-0.0629448832634969,0.6419002962524827
IQSEC1,-1.2309793579353299,0.05315871754633417
IQSEC2,-0.09960276292577763,0.11034831739713624
IRAK1,0.07359109270020703,0.3138132569751386
IRAK1BP1,0.08139742968886798,0.49537165202324474
IRAK2,-0.36768029873168917,1.195971163126548
IRAK3,0.28354305910585875,0.12700445374592528
IRAK4,0.1139886530847356,-0.02063697827629074
IREB2,-0.23761852806694783,0.15474312781575872
IRF1,-0.28463537567787656,1.020250934603796
IRF1-AS1,-0.21633214804069578,0.6617690183801659
IRF2,-0.022156712755519337,0.1913389037241089
IRF2-DT,0.06681191443959139,0.05269457083921436
IRF2BP1,-0.16354526632826705,-0.08670891177175655
IRF2BP2,0.036169660599026265,0.38728903153771643
IRF2BPL,-0.16882543523976068,0.4848379539227592
IRF3,0.14206935196845727,0.20735609175737046
IRF5,-0.20961330797368083,-0.9834181308098935
IRF6,-0.22450426214234637,0.3853512172648923
IRF7,-0.10029001980972296,-0.05329162247926826
IRF9,-0.005743020841785934,0.21926799070597636
IRGQ,-0.08884827039172416,0.40377983718801325
IRS1,0.22180695396629968,-0.3035501514660641
IRS2,0.23973390604281164,0.06357031025625481
IRX3,0.39451138403383057,0.6044881382936043
IRX5,0.17543065344874664,0.3295605349356432
ISCA1,0.1621020872999912,0.13886909210795473
ISCA2,0.021283454362159837,-0.30851587163070526
ISCU,0.1876432061422264,-0.08614710576940166
ISG15,-0.13493230804751377,0.6982824760823494
ISG20,-0.19529348242281586,0.4003793236885542
ISG20L2,0.17342529473221813,0.11299931615442027
ISL1,0.3603402210761944,0.3312082934869157
ISM2,-0.5889505982921958,-0.043260835055449365
ISOC1,0.25019562121884587,0.22364824877183498
ISOC2,-0.03011007255079967,-0.09562122906496029
IST1,0.04992284497515698,-0.1878832912213042
ISY1,-0.00021992422392802524,-0.23854805811205715
ISYNA1,-0.11419453334922469,-0.1095883198604799
ITCH,0.019221271859558797,0.13797574781774724
ITFG1,0.24782333744702978,0.07641589305725649
ITFG2,-0.20625204230468075,-0.05025843085958348
ITGA1,0.9747263415910404,1.3563046665208953
ITGA10,-0.2754941006618843,2.159475454978912
ITGA2,0.392165399179345,1.4631650794569557
ITGA2B,0.3057165760706324,0.37811271482188336
ITGA3,0.5853522426223439,-0.0024672768340714413
ITGA5,0.5443667758951909,2.7118546435433086
ITGA6,0.04597481056475328,0.20808644305199575
ITGA7,0.34996744780837674,-0.126441191801705
ITGA9-AS1,-0.23281514325429048,-0.45940393386280043
ITGAE,-0.1105695074134303,-0.3413396933928947
ITGAM,-0.4317636009471014,1.4362838775516233
ITGAV,-0.09628158593307745,1.1477794808047594
ITGB1,-0.038002896165842515,0.6166830414575202
ITGB1-DT,0.16582594876742385,0.2502053860299659
ITGB1BP1,0.08969328701019919,-1.1453320237661728
ITGB1P1,-0.09657163756595177,0.2345750028807112
ITGB2,-0.7928418936263801,2.20871874159076
ITGB3,-0.4160143852796594,0.7288375980668682
ITGB3BP,0.21405001254970557,-0.2925986553569535
ITGB4,2.56006304769317,-0.8186120088927265
ITGB5,-0.9793592371895645,0.7684839601214435
ITGB6,-0.0179949033772773,-0.4064868736478173
ITGB7,0.0656400530282978,-1.4107977671333047
ITGB8,0.7681746465088692,0.03995089233667315
ITGB8-AS1,0.019589557553402005,-0.5087644256906529
ITGBL1,-0.42161236654106693,0.47807382099120144
ITM2B,0.42205372561782717,0.2545338507101871
ITM2C,-0.4114591242939696,0.05339211830510315
ITPA,0.07111805171392227,-0.4095773974260153
ITPK1,-0.1795738817403656,-0.44171744627235565
ITPKA,-0.4210864561748946,0.2980905340403712
ITPKB,0.6338729773839002,0.4500212776690491
ITPKC,0.005426305345824112,0.04971868385656286
ITPR1,0.4052000950731891,0.11789394726584734
ITPR2,-0.26549663274191104,0.13413351547668695
ITPR3,0.06959809592972288,0.9160773135374249
ITPRID2,-0.09899076923450423,0.09891308922913122
ITPRIP,-0.3441757798800671,1.7308220834394352
ITPRIPL1,-0.030926514268390548,0.2877221165997182
ITPRIPL2,0.3293299237839955,0.03713576044092193
ITSN1,0.12038230658188454,0.4320291400051093
ITSN2,0.018168509964862523,0.140872273978208
IVD,-0.03696413020811562,-0.20434742531551997
IVL,0.0,-1.476642214437656
IVNS1ABP,0.8142002371033934,0.7649402654908526
IWS1,0.15212625476640707,-0.2946981809536027
IZUMO4,0.1565877992468016,-0.03556487449733203
JADE1,0.2126877266026419,0.5085405497131652
JADE2,-0.3549130558454143,0.27379147273855153
JADE3,-0.2507702038190658,0.25867040476899383
JAG1,0.2798269883403215,1.3243947660301245
JAG2,0.05831042639599637,-0.38862893662311215
JAGN1,-0.010615952821616759,0.02551561572983463
JAK1,-0.08822180774428023,0.38954731328215253
JAK2,-0.1333473211110081,0.39967703503393226
JAK3,0.06599329136914944,0.2286316570347111
JAM3,0.1474477312068352,-0.05884230427344439
JARID2,-0.04423880484394793,0.878704329859334
JARID2-DT,0.027262880714537335,0.04407196609781472
JAZF1,-0.5540056032148004,0.7084028840664733
JCAD,-0.4693855667508622,0.4059988464104647
JDP2,-0.8657138781860385,-0.6061409617143996
JDP2-AS1,-0.4028920548071445,0.08621369513512556
JHY,-0.020703591246980402,-0.20415213041908986
JKAMP,0.0011629834170916453,-0.16903666552137242
JMJD1C,-0.1274312918592937,0.602176055940209
JMJD1C-AS1,-0.043953094343716526,-0.44779816267423134
JMJD4,0.02620578869862733,0.16325895804005475
JMJD6,0.051165369893165114,-0.25349237846893136
JMJD8,-0.2538183510859975,0.1681254034313966
JMY,0.4096796334493513,0.6828869758775333
JOSD1,-0.10516014533038298,0.2585304752625728
JOSD2,0.05009707436723776,0.003673688829313626
JPH1,0.11157231275190871,-0.16110511581484444
JPH2,-0.11259322691065571,1.1861432987681746
JPH3,-1.2661786153230776,-0.007858039701110181
JPT1,-0.3069004013191243,-0.45002728404454473
JPT2,-0.05556688327291681,0.32981008814127755
JRK,0.14892033545620542,-0.4335318502374177
JRKL,0.12230371940348395,-0.09188678444039589
JTB,-0.15866227970916613,0.020479424919282452
JUN,-0.17139015206251074,1.013627668951142
JUNB,-0.2670914253548684,0.22556981594674141
JUND,-0.3333350091324725,0.23171569271431025
JUP,-0.16935448888499494,-0.1842840628764204
KANK1,-0.5574380647809107,0.47572994317661443
KANK2,-0.010032811509119277,0.5667525628301489
KANK3,0.05510777243461712,0.6720620083092214
KANSL1,-0.06080528957685605,-0.010376183705678166
KANSL1-AS1,-0.06784761586975141,-1.1497495443710142
KANSL1L,0.051281696374350094,0.05881384031163828
KANSL2,-0.03953526305328836,0.1975426648641978
KANSL3,-0.08569588278512974,0.1872218900632312
KANTR,0.05479733174961243,-0.021981857062106203
KARS1,0.07328644179328947,-0.28811131337574647
KAT14,0.05162658573015122,0.47462203857201235
KAT2A,-0.28055700824918794,-0.20983432595494822
KAT2B,-0.36037985108694404,0.7891238209912979
KAT5,-0.2477295763029752,0.4848899542904186
KAT6A,-0.08337223381319969,0.5066011086264641
KAT6B,-0.5333020900544883,0.24220624953481096
KAT7,0.2046685954622962,0.01897124448244014
KAT8,-0.22882352277670837,-0.1913924441522301
KATNA1,0.16233066067566426,0.2231938313009354
KATNAL1,-0.18442940946261732,1.0638504952621974
KATNAL2,0.15182368682127234,0.2399919174302963
KATNB1,0.43589923670897823,-0.20968631416600214
KATNBL1,0.1134996279028968,0.2222714931991927
KATNIP,-0.04398330502005976,0.2300022173086056
KAZALD1,-0.6608003284804522,0.9662734307151322
KAZN,1.5170908640270477,0.13473387139270132
KBTBD11,0.7610208910408649,-0.3930979638239891
KBTBD2,0.08598174051607632,0.47741028326682944
KBTBD3,-0.2500601108964242,-0.4698760606263357
KBTBD4,-0.2124801257760911,0.05426025049215166
KBTBD6,-0.1147713529114629,0.5327434577411037
KBTBD7,0.1581966166930613,0.7094867214181622
KBTBD8,0.6011019463251979,-0.10164225148371316
KCMF1,0.1771523727065487,-0.08518862878447209
KCNAB2,0.6347718812562082,0.198747496076896
KCNB1,1.1272788392037618,-0.13758498534683175
KCNC3,-0.04127057492046449,0.19656622936646828
KCNC4,-0.17562016370300393,0.5009801221650889
KCND1,-0.10710786382127457,0.04564988687523508
KCNE3,-0.027459904029403112,0.26540612206506475
KCNF1,0.20808552108119738,0.7786718485710773
KCNG1,0.20885182781613754,1.163664460303327
KCNG3,0.2213199995892734,-1.1220084242493877
KCNH2,-0.4413169351053998,-0.9156622218383295
KCNH3,0.2630365794401893,0.24402565330562642
KCNH4,-0.23963433712441962,-0.1643742317864488
KCNIP3,2.026396452757389,1.5104751687418194
KCNIP4,0.29885174530622993,0.17836943080961143
KCNJ11,-0.1148193854291335,-0.2570685242211923
KCNJ12,-0.28823871429745473,0.272391524703152
KCNJ14,-0.12821121122900792,-0.046495989824447914
KCNJ5-AS1,-0.21797256334048765,-0.2869161214521321
KCNK1,0.09720151958087467,-0.0636858939076923
KCNK10,0.6587120286100651,-0.021942236858740586
KCNK15,0.906954214038739,1.0605989026892595
KCNK3,0.012156240442534383,0.5984046568982292
KCNK5,1.3348548407498217,0.2736711374389724
KCNK6,0.1241844973832329,-0.5112369776469592
KCNK7,-0.06002147218163634,-0.9666425076746794
KCNMA1,-0.20639884782066353,0.48155861333679617
KCNMB3,-0.10805690144754854,-0.008070644453173514
KCNMB4,-0.2330126157590887,-2.0688081879933593
KCNN1,-0.1172558387429925,0.32297852231191004
KCNN4,0.6835105051544073,-0.49297355579278257
KCNQ1,0.11416294495887769,-0.2831188971233087
KCNQ1OT1,0.15008440115058663,0.3503164168599817
KCNQ2,-0.719594022289197,-0.5921901188874981
KCNQ3,0.0,-0.4063519980957204
KCNQ4,-1.1972787800535303,0.23727419134897942
KCNQ5,-2.8009372328813695,0.026759435742968126
KCNS1,-0.23564724142612797,0.45326344544061015
KCNS3,-0.9778029901220855,-1.1120825165946384
KCP,0.0807154649419825,-0.9884398058022887
KCTD1,-0.3127021416351887,-0.2022230948719157
KCTD10,-0.04183634103781575,0.0076102719263300145
KCTD11,-0.19728822803055035,0.28837821850216194
KCTD12,1.3808163663153163,1.3967590188728156
KCTD13,-0.0651773346268687,-0.24097540224326952
KCTD13-DT,0.23559004307265785,0.20261296442171395
KCTD14,-0.42775062938157027,-0.1349451904150647
KCTD15,-0.7687098101293213,1.6886025541660845
KCTD17,0.11078634423010847,0.02913580451323483
KCTD18,0.19474804475696672,-0.07644626888408013
KCTD2,0.08953267265475695,-0.4129105904466135
KCTD20,-0.325162436868216,1.041006122385994
KCTD21,0.110053947987661,-0.36172577626025104
KCTD21-AS1,0.13315711605833958,-0.33491482205570433
KCTD3,-0.1399939429390571,0.2559936113043788
KCTD5,-0.24766781391761583,0.11027214549789832
KCTD6,-0.08863382621495264,0.5180932591995058
KCTD7,0.501765066469976,-0.39034497375492294
KCTD9,0.25900088196466076,0.01509339910229146
KDELR1,0.08437507220294727,0.08431284689071816
KDELR2,0.02250825477223195,0.34474148712183794
KDELR3,0.033856997289223756,-0.07037958146647583
KDF1,-0.9480997157003492,-0.20627799468646124
KDM1A,-0.14085162261692208,0.08512919464460111
KDM1B,0.1935101519704796,1.0763481048781616
KDM2A,-0.1476683885879888,0.18155519383848784
KDM2B,-0.47167107643234996,0.4247206716134819
KDM3A,-0.007291318067165875,0.10792512604910431
KDM3B,-0.0580837285314848,0.5485231263529329
KDM4A,-0.1930042727309509,0.29484071200986683
KDM4A-AS1,-0.19587999878511209,0.18805591149069595
KDM4B,-0.2975614801521598,0.37881253714097696
KDM4C,-0.1526942425138862,-0.1338617697774711
KDM4D,0.7392349439972832,0.25864177081483675
KDM5A,0.07600202740271023,0.3355158451504128
KDM5B,-0.04692872851369856,0.31191084253657664
KDM5C,-0.010980014771809543,0.2648513627618083
KDM6A,-0.08261943883158906,0.4594849439857027
KDM6B,-0.23628382270335724,0.32199168816964097
KDM7A,-0.3139184210521311,0.12504523477301888
KDM7A-DT,-0.23663252061532636,8.871905087826093e-05
KDM8,0.41639623666045833,0.17905889055624225
KDSR,0.30677111626246667,0.2094465539394612
KEAP1,-0.019379062002855107,0.13745239844617174
KHDC1,-0.02259500038387552,0.6509248289855871
KHDC1-AS1,0.3760140394169904,0.3481074670053491
KHDC4,-0.21349453046848232,0.25614709387741286
KHDRBS1,0.07892940254031977,0.23370955277116146
KHDRBS3,-0.6397312633409102,0.06140129116243305
KHK,-0.11283674301530056,-0.508442849265144
KHNYN,0.0922887661669689,0.37371503049326016
KHSRP,0.10012338157828893,0.2109801330762
KHSRPP1,0.6603476183274117,0.10787712737351551
KIAA0040,0.27072305568835975,-0.14945081078102262
KIAA0232,0.14868005468891887,0.7277374965234609
KIAA0319,0.06345044399619848,-0.1664848253687714
KIAA0319L,0.23685403132126748,0.11251714648265754
KIAA0513,-0.26279648572740344,-0.09500210089868144
KIAA0586,0.14670905486098373,0.35866097979423817
KIAA0753,0.26078601347507213,0.43139318683752315
KIAA0825,0.1339874772381231,0.6172150789717271
KIAA0930,-0.1846874381699859,-0.06691224333155432
KIAA1143,-0.15911469411506562,0.29912132486871545
KIAA1191,0.08712209959549178,0.12044421952111595
KIAA1217,0.39013264699713757,-0.2715059806701321
KIAA1328,0.0318612277298409,0.05547974766818009
KIAA1522,-0.8825055715699675,-0.14057482225418205
KIAA1549,-1.002872097396577,0.12597820143974525
KIAA1549L,-0.20268000570311528,0.9210104836304114
KIAA1586,0.10566658784707528,0.6669581222695313
KIAA1614,-0.11425022760942966,0.37909625134167924
KIAA1671,-0.025064724787530857,0.8168380611943595
KIAA1755,0.039033697165204106,0.2393822953228043
KIAA1958,0.02399230138546571,0.2061625850913531
KIAA2013,-0.344878222941178,0.05377491010448043
KIAA2026,-0.050797647029205084,0.398332984496065
KICS2,0.25884682457521135,-0.04913722831342682
KIDINS220,-0.024450308344314386,0.24913128459726863
KIF11,-0.13689931504393016,0.18722094580633541
KIF13A,-0.24785316467638818,1.0244295021847685
KIF13B,0.48700564859490125,-0.9327839572190699
KIF14,0.09667835658740653,0.23705376242705967
KIF15,-0.06121465495854572,-0.14743220942821678
KIF16B,0.07226035623571381,0.3621241424972812
KIF17,0.3170375069266349,0.5947303931487264
KIF18A,0.000925998890036972,-0.43178304915453225
KIF18B,0.01348882413205299,0.12260303153189955
KIF1A,-1.0384775715287766,-0.20632368254328165
KIF1B,-0.24405556306356857,0.4689864372195407
KIF1C,-0.1090487951464496,-0.0016569395825047906
KIF20A,-0.2878637383595297,0.19473719672375367
KIF20B,0.07174625992376438,-0.2203493044381788
KIF21A,0.20850436846900955,0.07561988192216473
KIF21B,-0.32940534188120274,-0.6223721133848557
KIF22,0.04663283549870556,0.06491338404762725
KIF23,-0.11870196544692213,-0.14127891764867018
KIF24,0.1885875395322576,0.24460268559654774
KIF25-AS1,-0.16311674816135335,0.0
KIF26A,-0.12866349257376442,0.2350791405580584
KIF26B,-1.3357128408335455,0.26594237745675353
KIF27,-0.06738655957545148,0.4719861124524074
KIF2A,0.13460630092035952,0.5106847134733234
KIF2C,0.10261382010454945,0.09719082913537491
KIF3A,0.2346731706319174,0.16910140257446882
KIF3B,-0.1930641090697991,0.2604451870939286
KIF3C,-0.10266522740443307,0.49712537896334386
KIF4A,0.03340993915182011,0.14399011024164032
KIF5A,-0.12633795150216542,-0.06132314359165055
KIF5B,0.17949898641090822,0.3575391740816132
KIF5C,0.2314002205635614,-0.2944545835282937
KIF7,-0.7041231736340339,-0.3473206548865373
KIF9,-0.12328941256422965,-0.3489384863274039
KIF9-AS1,0.060120312852278035,0.7539534660151709
KIFAP3,0.6576367029797607,0.28010915927304403
KIFBP,-0.3189769218100862,-0.11469207538488391
KIFC1,-0.004150878265470226,0.30033188327958893
KIFC2,0.2656792714770617,-0.6469123641831351
KIFC3,-0.19014007358296503,0.19187969377975023
KIN,-0.15919250123681739,-0.02484606782365839
KIRREL1,-0.6806275393592589,1.3794329971780463
KIRREL2,0.32622910132875216,0.1354459252987354
KIRREL3,0.18419893203009596,-0.10098783664226652
KISS1,0.0661265127243124,-1.6939909289214152
KISS1R,-1.2731844585834937,0.0027107637869504125
KIT,3.3415162246687484,0.0
KITLG,2.509701623456479,-0.7816356814646688
KIZ,0.22207100177170291,0.011839967433548537
KL,2.322291139500299,-0.9317926622976804
KLC1,0.18243601107685414,-0.012217392535948335
KLC2,-0.09012392122908253,-0.1668888035355529
KLC3,0.24517337405833922,0.6087203502976144
KLC4,-0.6732635046404751,0.30767205300150113
KLF10,-0.04717729975519713,0.5681319829054035
KLF11,-0.18913364877241268,1.2304201157292702
KLF12,-1.1694170183775883,0.7952641617163305
KLF13,-0.7264212114118092,0.6927072951390727
KLF15,-0.11207614843981883,0.3358734296761754
KLF16,0.055925103172072,0.04214833868459422
KLF2,-0.02203046330005698,0.028140963118978846
KLF3,-0.03959986682560235,0.29642366380057616
KLF4,0.5134765864023376,1.1576737159494304
KLF5,-0.0899227440049779,-0.4090044378376536
KLF6,0.0004493146333652831,0.9516983526711051
KLF7,-0.4137872047238291,0.11512001964277951
KLF9,-0.5254619251856163,1.1709804300727007
KLHDC1,0.11173447852978335,0.12742895140586397
KLHDC10,-0.10375254389474353,0.09814454631220926
KLHDC2,-0.05551663504748161,-0.09487654863556472
KLHDC3,-0.028463194334602093,0.16882628919976206
KLHDC4,-0.026672679499899488,-0.467915653188574
KLHDC7A,0.030278114218509608,-2.4028405714083445
KLHDC7B,-0.3034653492259132,2.3848765502505627
KLHDC8B,-0.132719204248803,0.2018102231104706
KLHDC9,-0.10244901000330375,0.1566514343906067
KLHL11,-0.017606153107906364,0.5714761889539424
KLHL12,0.35470288092640434,0.3356608148690148
KLHL13,0.41827328929529317,0.7815694082661215
KLHL14,-0.6846151381551477,0.013499669999690447
KLHL15,0.12051471953289017,0.5121622931365979
KLHL17,-0.23002763182057873,-0.08425982600878568
KLHL18,-0.20253050667368377,0.29898871094174595
KLHL2,-0.051891398657718746,0.22962464111095926
KLHL20,0.09765504954966175,0.16583966423915975
KLHL21,0.019759876993969527,0.4438985531256021
KLHL22,0.31155385797176827,-0.21855754139890493
KLHL23,-0.8428243159227669,-0.026920682004825114
KLHL24,-0.5126400440161745,0.5353813637685496
KLHL25,-0.44655722954223886,0.049602798606942056
KLHL26,-0.16883400564944306,-0.009085398112945064
KLHL28,0.07337642028915425,0.570412641937422
KLHL29,-0.5163530639576561,0.3394150709013344
KLHL3,0.010529861562745602,-0.3113492510128528
KLHL30,-0.13083882435080912,0.17561054994327385
KLHL31,0.09613948476103143,0.6420600941817914
KLHL35,0.02411557604128234,0.5263428239365429
KLHL36,-0.1962507966268987,0.027983772163947762
KLHL4,0.8235838018886383,1.2148014916977643
KLHL42,-0.12981326478408128,0.29428887047192376
KLHL5,-0.026916339678140666,0.7051734913731096
KLHL7,-0.08893876106525678,0.20165973713199747
KLHL7-DT,0.15345291710238146,0.43987012910430234
KLHL8,0.14375259687451258,0.3333785783250751
KLHL9,0.04870157692803456,0.5206340107408645
KLK1,-0.20532703313709505,0.2277620451822222
KLK10,-0.08583814460835337,-0.29169680009330357
KLK11,0.0,-1.1696424875857536
KLK5,0.0,1.5038959905436928
KLK6,0.0,-0.6960514284177837
KLK7,0.021753653426295746,-0.5517242844641643
KLK8,0.0,-1.0177802417389026
KLLN,0.1672196747175816,-0.34462920564477884
KLRF1,0.47742794269123506,-0.06496177835475958
KLRK1-AS1,0.1426344623592598,0.6020232248254669
KMO,-0.8210746926966084,0.6811194174668667
KMT2A,-0.09722245998837309,-0.010516587273523115
KMT2B,-0.1519362038086065,0.43857614548146007
KMT2C,0.07884083923350538,0.37093468045654987
KMT2D,-0.32388747166703524,0.4189834949003677
KMT2E,0.05167373044826551,0.2963020963162455
KMT2E-AS1,-0.5145694415740022,-0.3064583875381377
KMT5A,0.12781422878312387,-0.026169547700225948
KMT5B,0.08872070998406567,0.3369796286083506
KMT5C,-0.49812392979449527,-0.1482284017218669
KNDC1,0.6039120051302918,0.964117187407717
KNL1,-0.15307658259616108,0.44424434022150083
KNOP1,-0.05899799320019916,0.19216016454735074
KNSTRN,-0.04776237660024041,-0.13992909578525925
KNTC1,0.36152314591035584,0.03999929741228492
KPNA1,-0.011689746806264445,0.7502456275900169
KPNA2,0.1406305404571917,-0.33188869474783633
KPNA3,0.2670402909014671,0.7350440305201378
KPNA4,0.20398765728987378,0.33660747246128775
KPNA5,0.4020132065656039,0.590560040934248
KPNA6,-0.047832370832623816,0.1523486341817728
KPNA7,-0.15567457093111936,0.27148648325221814
KPNB1,0.18432373556653303,0.035800689215296444
KPTN,0.15092961766797508,0.19618657618867053
KRAS,-0.02817029208437738,0.20001736004163462
KRBA1,-0.15349914375800555,0.448903329679482
KRBOX4,0.23648468678143875,-0.17998260378517372
KRBOX5,0.006328443709024967,0.22075090633273398
KRCC1,0.7184646490783604,-0.15206338292371857
KREMEN1,-0.11760774126504647,0.4061402787105699
KREMEN2,-0.08696261078477718,1.2760319653121677
KRI1,0.016923415811468168,-0.17836107478975904
KRIT1,0.16961440895241253,-0.19350718587409266
KRR1,0.15537085238964288,0.3056134142001339
KRT10,-0.18990782242434,-0.19018843261292995
KRT10-AS1,0.17315065737758228,-0.26156758179821393
KRT13,-0.05830030262389731,-0.09532334928271124
KRT15,-0.29615461423945,-0.33192669647074524
KRT16,0.06660529945150073,-0.8106019032055647
KRT17,0.007672729238228426,0.5413683155251423
KRT18,-0.6931510692384215,-0.15258571439897928
KRT18P1,-0.3077061914592374,-0.17235269020553656
KRT18P10,-0.6909887772207459,-0.1620051926770314
KRT18P11,-0.39144746393568,-0.11384336583682497
KRT18P13,-0.27605440806332854,-0.009575783081714695
KRT18P15,-0.1375285044564971,-0.14481008761083913
KRT18P16,-0.4897110319635076,-0.21905943901601832
KRT18P17,-0.32030031452780694,0.5117225083180379
KRT18P20,-0.14028025508181519,-0.3079205923151651
KRT18P23,-0.15254758125880452,-0.4153380485011908
KRT18P28,-0.14283662494799665,-0.03778621642821922
KRT18P34,-0.2724711919985926,0.23972562601543224
KRT18P38,-0.1869541535357203,0.06385443929649215
KRT18P39,-0.48246177828251335,0.03960562513718591
KRT18P65,-0.4139918974990112,-0.3902997130986011
KRT18P68,-0.340754674882544,-0.16071062911441114
KRT19,-0.4056767896116753,-0.57416541310619
KRT19P1,0.033642490971621086,-0.4152975265487173
KRT23,0.0,-0.7571872092600156
KRT7,-0.16343354728903692,0.22698892960725914
KRT7-AS,-0.004864152377452007,0.2957191217744184
KRT8,-0.746531334793211,-0.06320232471671616
KRT80,-0.7765314803194912,0.005056369979563158
KRT81,0.6695112934774017,1.6953401588808825
KRT83,0.06982869356181581,0.7695205428381645
KRT86,-0.051028044057131794,0.8775369331982659
KRT87P,-0.14266601758794734,-0.39751018957203543
KRT8P10,-0.7282756996379696,-0.019927608304698197
KRT8P11,-0.20907795496271314,-0.2202969058412636
KRT8P12,-0.2631650061216213,0.11391802881415858
KRT8P13,-0.2670755290234236,-0.0038108181103391203
KRT8P3,-0.6565766306019523,-0.11188699367828647
KRT8P32,-0.5978243014564049,0.039572055352456004
KRT8P33,-0.78630459450805,-0.3004392067641013
KRT8P36,-0.6441918803075235,-0.13482781808796052
KRT8P37,-0.3061500820791605,0.18555579426495727
KRT8P45,-0.5886748049189325,-0.3435683108545686
KRT8P48,-0.592649083905,-0.11229244092115254
KRT8P49,-0.29247036892361256,-0.2485190017643779
KRT8P7,-0.43225168556296023,0.06905891843489032
KRT8P8,-0.3115988913177012,-0.3439671548291035
KRT8P9,-0.25226386911269116,-0.1402846804874195
KRTAP3-1,0.0,-1.3611800534513363
KRTCAP2,0.19157610451722307,-0.11541231992792167
KRTCAP3,-0.034891356967441556,-0.8292128545832682
KSR1,0.28583688768689797,1.1338735994453615
KSR2,-0.0866154061362081,-0.19149184495620108
KTI12,-0.08037089902738748,-0.1483524842595294
KTN1,0.2806540094308545,0.006666832479231388
KTN1-AS1,0.44566874615679763,0.037026635034002275
KXD1,-0.268662883824871,0.05085383223584117
KYAT1,-0.29683970999821163,-1.2430279544541794
KYAT3,0.4376778743544385,-0.19883411494263026
KYNU,0.06683236498359725,0.2870742528307071
L1CAM,0.10419346218864511,1.9745888420272464
L2HGDH,-0.053763048270873526,0.19531597617169627
L3HYPDH,-0.22994269627238362,0.9749630281047728
L3MBTL1,0.10225662296342719,0.44223002853506177
L3MBTL2,0.027057186995173232,-0.2195106449336066
L3MBTL3,0.47377924523485215,0.2515570543027188
L3MBTL4,2.108568522748996,0.39199816521806374
LACC1,0.6293609985261049,0.08392677884629585
LACTB,-0.3576717772479876,0.39988914468578507
LACTB2,0.1767359030610045,-0.910427781413155
LAD1,-0.05539142051933521,-0.8275071818519697
LAG3,0.27215197332455854,0.3772624893182881
LAGE3,-0.09059830348221976,0.24028227772364286
LAMA2,0.3075009984513992,0.5601105225558946
LAMA3,0.8958540074345083,0.5580481412381388
LAMA4,0.7622613498849389,0.958262970279689
LAMA5,-0.23491733115915459,0.286457297296689
LAMB1,-0.30689337609423983,0.8537747677553726
LAMB2,0.5178349817471393,1.0555104498906784
LAMB2P1,-0.05740799895133683,-0.011042795483278578
LAMB3,1.1775951017517317,0.532834557708858
LAMC1,0.33788128880636314,1.0603964272129796
LAMC2,0.06517929052851645,0.7069516809059078
LAMC3,0.02613259001561996,0.0
LAMP1,0.287656758814661,0.6402309276958826
LAMP2,0.2549988852268186,0.713787244879672
LAMP3,0.4104120331020331,1.2653455939593066
LAMTOR1,-0.18378511365479167,-0.19951617850207626
LAMTOR2,0.07236492281901352,-0.13942476827869843
LAMTOR3,0.3130581322896955,-0.14847359969347185
LAMTOR4,-0.26146514207252025,-0.32034879715713327
LAMTOR5,0.007506986287222794,-0.20479657096601045
LAMTOR5-AS1,0.07188063462015348,0.05561144149124608
LANCL1,0.08505937074236058,0.12494893248317496
LANCL2,0.06357901187584591,0.22258070060929747
LAP3,0.11432671495166247,0.5532238926887922
LAPTM4A,0.0923332404250603,-0.003108717248524684
LAPTM4B,-0.31923872826018584,-0.18600279477949222
LAPTM5,0.26820793337216287,0.5534371642934961
LARGE1,-0.3569136209202335,0.1660410675984142
LARGE2,-0.6092114173015787,-0.7432323750448342
LARP1,-0.05047004438755032,0.36619977603652565
LARP1B,0.16163195412208342,0.13353923498984166
LARP4,-0.011196964079315919,0.4459547199702518
LARP4B,-0.06559048492126252,0.08111264807532592
LARP6,-0.35951518836486773,-0.28210366485700344
LARP7,0.11427792257175406,-0.03827389214669008
LARS1,0.049238287675323456,0.503496824137275
LARS2,-0.18492408369225632,0.25044817583312007
LAS1L,0.1541835303116672,0.16876963854624805
LASP1,0.4655209930200561,0.06399629459312806
LASP1NB,0.15988076649813235,-0.34075588200957563
LASTR,-0.005706250603107366,0.07597636290330878
LAT2,0.18186577041750063,-0.05809152850354726
LATS1,0.09797396742804043,0.9360842628817623
LATS2,-0.24105092803771555,0.5998537187863588
LAYN,-2.3976752256312497,0.26585740792396334
LBH,-0.40555222766295973,-4.174477619935758
LBHD1,-0.4385375615883638,0.045972025161132635
LBR,0.14566173638082436,0.34936160467679844
LBX2,-0.5271648448187438,-0.08389225651957277
LBX2-AS1,-0.23688142849292104,0.17841591482436314
LCA5,-0.72899577043427,0.4167520007081471
LCA5L,0.17561789894800783,0.13583394305181373
LCAT,-0.16728168870325688,-0.1870645351342115
LCIIAR,-0.7852257535237734,-0.07021651303129972
LCLAT1,-0.021891152484680987,0.016043877215494717
LCMT1,-0.03504198261691638,-0.0934656677779433
LCMT2,-0.18071455164920058,0.0365862985997949
LCN12,-0.0864622347072379,-0.46350679853225285
LCN2,0.1551345468545159,-0.22238659760959223
LCOR,-0.23569505117325473,0.03684462260497412
LCORL,0.22893788322054043,0.18428517362450636
LDAF1,0.39901481474756606,0.18346589354037768
LDAH,0.009215008386581403,-0.20528988534788706
LDB1,-0.39846864176340624,0.18641440227865402
LDB3,-0.06590243608856922,-0.024735023773470477
LDHA,-0.16791244134045868,0.055881752186017764
LDHAP4,-0.17223212347416972,0.21079742348276498
LDHAP5,-0.09693807497582319,-0.07482418157729642
LDHAP7,-0.11913877658028105,0.16244363141263973
LDHB,0.10385050495124104,-0.023526082738920984
LDHD,0.3005594058157781,-1.0608959149967898
LDLR,0.032623312060851006,0.44041095689501475
LDLRAD1,-0.0033967367886137134,-0.026983587319696856
LDLRAD3,-0.37184439473766684,0.11530532863003806
LDLRAP1,0.24912097143759127,0.3978335315380974
LEF1,0.6639388316669267,0.26009907769780055
LEISA1,-0.4619828214544377,0.6515252606122941
LEKR1,0.0,0.45898591396264865
LEMD1,0.3964647358149485,-0.4901835857805539
LEMD2,0.08710068058448339,0.30014754704311475
LEMD3,0.2412679841612837,0.6617129873081344
LENG1,0.1470199162512431,-0.23309383893668745
LENG8,-0.22349991881915443,-0.22577872951343636
LENG8-AS1,-0.11802012371488813,0.32525247935460744
LENG9,-0.16977118587980655,0.1184767463623757
LEO1,-0.10546618630111038,0.033438519618975704
LEPR,-0.22928219620392398,1.0282166077853905
LEPROT,0.22441858752131605,0.15203627165821487
LEPROTL1,0.07120010942654975,0.028562650827441693
LETM1,0.08527841173344353,0.2539756149179757
LETM2,-0.047361310536317036,0.103438259460652
LETMD1,0.1944697824461752,0.03285603346819155
LFNG,-0.732278369802942,0.38637876068818855
LGALS1,-0.18652287967399772,-0.01870344481474895
LGALS2,0.14592087003474863,0.13578764851584635
LGALS3,0.23242715926602298,-0.4417833373156945
LGALS3BP,-0.4103142428726363,-0.18502039221345434
LGALS4,-0.41702488772385815,0.4221393518335972
LGALS8,-0.594901178922151,0.16108001121116278
LGALS8-AS1,-0.31130403625723657,0.15401810252907566
LGALS9,0.0559619537202989,-0.1168104921541584
LGALS9B,0.01718382838141904,-1.3067449751503293
LGALS9C,0.04464373241082215,-2.1489462596076745
LGALSL,-0.26625413302278744,0.5895076196009912
LGMN,-0.0856397308871788,0.8485343532440623
LGR4,-0.4201460312196854,1.258588988883797
LGR6,0.45178406816444594,-0.7539253404105737
LHB,0.17001549814825245,-0.14908121286179854
LHFPL2,0.4648742558928145,0.45270159922470743
LHFPL6,-0.041860596774007774,1.2005289805377897
LHPP,0.22715360500456638,-0.20863155579295078
LHX1,0.7609179323736459,0.9531856860276289
LHX1-DT,0.2985950346819184,0.5652883045969321
LIAS,0.10553371971616698,-0.07107944906867436
LIAT1,0.1403652132838631,-0.0025168585232708818
LIF,0.2527030517261508,-0.25279474000659796
LIF-AS1,0.08340184415280472,-0.42575376595837855
LIF-AS2,0.13901664083782378,-0.9254864611219307
LIFR,-0.22964748635580712,1.8751652389522069
LIG1,0.5068118441500706,-0.20618340151658643
LIG3,0.06087761141577985,0.2625116352617223
LIG4,0.21581713668774816,0.4941788538563374
LIMA1,0.09681926509163308,0.14723057014598417
LIMCH1,0.3651210810678333,-0.14905130244821407
LIMD1,-0.28390301424305164,0.48345805807669384
LIMD2,-0.565049927142744,-0.4994729884406732
LIME1,0.05924977610063442,0.0076132843593887944
LIMK1,0.16553358804741602,-0.23655438257163297
LIMK2,-0.014275440828324992,-0.3946353606858808
LIMS1,-0.12150345249483774,0.05922018020896047
LIMS2,-0.08213107843292278,0.49253849691481416
LIN28B,0.6246244936263254,0.10042310997420623
LIN52,0.26156333881537863,-0.07238713815128994
LIN54,0.19161229132510638,0.1610324062205799
LIN7B,0.03508942718711783,-0.7745678045534381
LIN7C,-0.09624922886415987,-0.21209880316048046
LIN9,0.2183733705436257,0.08061570837744547
LINC-PINT,-0.048962057888247146,-0.5032170697463013
LINC00174,-0.21682334612353382,0.1510698147301568
LINC00205,0.2800510666873164,0.5566736840666024
LINC00235,-0.028914608290590393,1.047119603118986
LINC00239,-0.11667393945561522,0.010798279996499183
LINC00265,-0.30786915502944656,0.36600479853778345
LINC00294,-0.09976728097166543,-0.08433422129145329
LINC00342,-0.23252443932638994,-0.385528620636622
LINC00431,-0.034110405897614327,-0.01083503088868909
LINC00460,0.1484202212409116,0.6386201353314691
LINC00461,0.10361246770568933,0.22901999797184885
LINC00467,0.9026451291865754,-0.12237973761639864
LINC00471,0.35593000153483567,-0.15531163461295738
LINC00472,0.530040167419643,0.044918724761950024
LINC00482,0.021723077299411697,0.16284444587971159
LINC00511,-0.163324970216415,0.22659297185960625
LINC00513,0.07471491904519867,0.1409240842578494
LINC00525,0.07435365314425701,1.512839418396259
LINC00526,-0.0011249132440594445,-0.2968280769914249
LINC00623,0.03272426534166817,0.10717319061008146
LINC00630,0.3298996490156416,0.385604148705028
LINC00638,0.07121324261028938,0.41821230760071026
LINC00641,-0.33161602893282893,0.6831929316551701
LINC00654,0.02289007898452641,0.4977982712098311
LINC00659,0.1545218412754703,-0.8369900312176639
LINC00662,-0.13379306028372273,0.5974555721420733
LINC00663,-0.11973778368557275,0.2924039146897104
LINC00664,-0.22411268163633435,0.0
LINC00665,-1.3573429251129836,-0.2872913684912892
LINC00667,0.2078475414090475,0.08884214850434446
LINC00674,0.25411098768266793,-0.37859728241130464
LINC00680,0.22723402055449782,0.29883487221669003
LINC00707,0.0,1.1030930987515681
LINC00839,-0.4995499255132838,0.11771015818941888
LINC00847,0.19175054290806148,0.21483813265219442
LINC00857,-0.6589300725997735,-0.201834127000589
LINC00863,-0.36685329579760095,0.47088221109034745
LINC00865,0.0,-0.33662216447821325
LINC00869,0.6752724763576149,0.054655783835197536
LINC00886,-0.2512018929991706,0.8177703073076148
LINC00887,0.06780731188079155,-0.0166776439096481
LINC00899,-0.2627461875496785,-0.10169695041732041
LINC00910,0.09888558388330049,-0.3916696688407213
LINC00920,0.058209630708441706,0.30660961470729087
LINC00938,0.0037981351478753034,-0.40038512664073034
LINC00957,-0.19636514866474541,-0.5266940555442637
LINC00963,-0.8105932921875958,0.2789051248804668
LINC00973,0.19084994293499133,-0.034903967879128306
LINC00997,-0.16938529183449758,0.05759718501108857
LINC01002,-0.3612529740259943,-0.21721981473559193
LINC01003,0.18090728372962261,0.1389621473750151
LINC01004,0.26561734759453404,0.055905708191139714
LINC01011,0.2992237394327796,-0.125133432579706
LINC01023,-0.3074940974130297,0.024960618043095906
LINC01089,-0.31305396728532986,0.17164895921627754
LINC01106,0.07620081849413052,0.1008305419411133
LINC01116,0.77591402915694,0.0
LINC01123,-0.3777262853550001,0.14733039618958088
LINC01124,-0.3274912166598445,0.5431109421288239
LINC01128,-0.157896383086924,-0.010351784988407609
LINC01133,0.0,-1.0313575815935372
LINC01134,0.2982109453715043,0.17299346648448527
LINC01138,-0.4025667460385236,0.09072951876989821
LINC01139,0.4369302392884523,-0.021942236858740586
LINC01145,-0.2734514384603077,0.6513421384273679
LINC01152,0.24550734803298402,0.18071821115725117
LINC01224,-0.6748762349923283,-0.24250378925233432
LINC01232,0.06634513590244895,0.1354844080260298
LINC01239,0.09837929691264169,-0.18318302795153818
LINC01252,0.1771239099651363,0.036425175902062845
LINC01270,0.5396582354433093,0.6891963496417208
LINC01273,0.3015080786685689,-0.08147089770270988
LINC01278,0.26095617383317604,0.4229538376368458
LINC01291,0.6424154397852386,-0.12256529234027669
LINC01301,0.19540003688046675,0.4299342378003854
LINC01315,-0.09669492448372197,-0.15489214403188578
LINC01348,-0.10888947329370346,0.19114544772588582
LINC01355,0.14922354979609986,0.04981545545318711
LINC01376,0.09377027272234095,-0.09575406491445593
LINC01410,-0.17320833121882195,-0.029935226654380864
LINC01426,0.06545578946152947,-0.16221531650736853
LINC01465,-0.18891442838168715,-0.06797829631459318
LINC01503,-0.31183858467036596,0.7648048894170314
LINC01515,0.33203518782331,0.3414772148839551
LINC01521,-0.1485625244831562,0.5839524911993488
LINC01547,-0.14868828452406269,0.7232295611100357
LINC01560,0.016281251271171082,0.12475120842463805
LINC01569,-0.20093590116928284,-0.20213390372854612
LINC01588,0.323987272075406,0.5536731278441835
LINC01589,0.0,-0.2024886572620106
LINC01637,-0.10566587877655387,0.0037719340888171526
LINC01703,-0.0966238200870615,0.13291446143204722
LINC01719,-0.2313125265233479,0.3535505217224346
LINC01770,-0.832192518567725,0.030366571170107548
LINC01816,-0.01487081878165486,-0.3051098980268557
LINC01833,-0.8217456542444369,-0.19669910751534087
LINC01836,-0.04012305145569239,-0.09340647783772038
LINC01842,-0.012490873344582543,-0.19214606686794827
LINC01843,-0.09548636199620342,0.07239704016020809
LINC01881,-0.09916379748821824,0.11865298619661258
LINC01910,-0.023707154484624793,0.15043940437329328
LINC01963,-0.2965058100889433,-0.044924592325557455
LINC01970,0.23273110013742634,-0.4949924127106211
LINC01977,0.045876494108133326,0.09353199330781525
LINC02004,0.0,0.08362677733736357
LINC02014,-0.004569825044876703,0.15293408265406927
LINC02035,-0.09172164996948151,0.3005100289692182
LINC02041,-0.05279302526499874,-0.19503871257478023
LINC02057,0.2743908724564991,0.2800309603379323
LINC02086,-0.07107177756505845,-0.04741649601911169
LINC02210,-0.16561319973739463,-0.07850779688658882
LINC02298,-0.07757214744478458,0.14389197064640458
LINC02323,0.017280043738908353,0.33857691761278197
LINC02340,0.31169682277092947,0.16199536823363975
LINC02361,0.051693983328452875,-0.015814303392650553
LINC02381,-1.1101112389116836,-0.10640655824772849
LINC02432,0.6414537603000858,-0.7294814718109413
LINC02475,-0.48170606732127874,0.09516725759888978
LINC02481,0.042656921665882086,-0.1521184811146541
LINC02518,0.0,0.4210759358803804
LINC02562,-0.10248671050863833,-0.07586379981742764
LINC02575,-0.28711747094362083,-0.021942236858740586
LINC02593,-0.3116586693232106,0.2794303933305708
LINC02604,-0.36923005675790366,0.00682660117923839
LINC02606,-0.1693310215380922,0.32779418877079547
LINC02609,-0.09929563995594837,0.34738740596824447
LINC02610,-0.013366491004654701,0.0
LINC02614,0.1386894726623457,0.43659767196524324
LINC02688,0.016712215920890058,1.1667277988104923
LINC02693,0.19983591246232368,0.3999048959503986
LINC02701,-1.7048783791864222,0.7129033695497082
LINC02709,-0.20111263325806328,-0.0006241597002087929
LINC02762,-0.01676028099872573,-0.8624534028025839
LINC02777,0.17651605438190454,-0.0886595343097446
LINC02870,-0.03138159752987679,0.28509596821253935
LINC02875,-0.19409989815038398,-0.5090281240198092
LINC02878,0.0027578011285185333,-0.16079900908929667
LINC02893,0.042565710477003055,0.03025889754436717
LINC02894,0.04464373241082215,-0.1491138457992578
LINC02901,0.13662394268468292,0.053971417364919394
LINC02904,0.07267599426736071,-0.43004745567932545
LINC02916,-0.49693237594243156,0.07755396711045148
LINC02967,0.0,-0.39429909778408767
LINC02970,0.5666413723676187,0.1285782793477752
LINC02976,-0.525698391033314,0.15189178448162266
LINC02977,-0.47245457323849327,-0.0017504682278168815
LINC02980,-0.11857393590137288,0.21907490315696454
LINC02981,0.0599767652138439,0.012776225553846832
LINC02983,-0.08627418722868585,0.003993916507483153
LINC02984,0.03817317056008003,1.1151024794059543
LINC02986,0.05893776594544775,0.43531188971540713
LINC02987,-0.11125036403258592,0.5237445025077971
LINC03011,0.10589013159967609,-0.11024988591238682
LINC03014,-0.13156879584467715,0.7665844733306348
LINC03015,-0.06570357344490652,0.19949998245971767
LINC03040,0.14538244028221728,1.7535088655646622
LINC03052,-0.09299735924349162,-0.4849489057837759
LINC03057,-0.017251401337588845,-0.6758124433332116
LINC03060,0.07842169832779396,-0.22759260213629529
LINC03061,0.28603363087027045,-0.040563236941673075
LINC03067,0.09637884808966624,0.3585760095753
LINC03068,0.5091182414206981,-0.1073846942188566
LINC03072,-0.02972599859757885,0.17131168073117786
LINC03073,-0.008970565276558817,-0.013152338240230765
LINGO1,-1.3554060239548487,0.026759435742968126
LINP1,0.0,0.5705527299633961
LINS1,-0.09241769920444609,0.17764693870964843
LIPA,-0.3323219635894539,0.4608883808739259
LIPE,-0.2978237360579441,-0.6642294837174387
LIPG,0.4396409354306705,1.5148211857825236
LIPH,0.2208452381904289,-0.6474542971757202
LIPK,0.0,-0.36108915216466275
LIPM,0.02289007898452641,-0.4296796322526033
LIPT1,0.019167587153163357,-0.3018506993986154
LIPT2,-0.11377157809864213,-0.37573216603861725
LIPT2-AS1,0.17086737000191388,-0.10474646716819924
LITAF,0.6635471979963743,0.36531576918016384
LIX1L,-0.2473778714093493,1.6387534929931715
LLGL1,-0.02455258243721037,0.5068780101052281
LLGL2,0.041196237940475555,-0.5102275106720962
LLPH,-0.10891859198830467,0.13693933699102834
LLPH-DT,-0.23470809237849732,0.20927832781368416
LMAN1,0.32943903050688217,0.12122643664535904
LMAN2,0.15123495869705916,-0.016818692006536295
LMAN2L,0.2580085137723218,0.030607639953044163
LMBR1,0.1191015095289325,0.3058319601544932
LMBR1L,-0.5811402511197961,-0.29517344845123805
LMBRD1,-0.12220382912683903,0.3314137734757949
LMBRD2,0.31266355194067375,0.5425763534071919
LMCD1,-0.5110770073185789,0.028479989409163853
LMF1,-0.013796402651168549,-0.49049905409475425
LMF2,0.39132450745691827,0.08030595059700385
LMLN,0.23994184450517242,0.8181692616043361
LMNA,-0.21341416736314223,0.6083368732914263
LMNB1,0.05834720265916182,0.4721326502823029
LMNB2,-0.07172952187736392,0.2705651459942233
LMNTD2,-0.1379936308140839,0.004668422896455748
LMO2,-0.09141425676104326,0.1888112687621306
LMO4,-0.23445826471099984,0.7904637951304707
LMO7,-0.7014385064823325,-0.501634341434908
LMTK2,-0.18465724284027196,-0.22460343070129252
LMTK3,0.1701101419487001,0.09824462757412888
LMX1B,-0.3486351426591989,-0.21604195286116967
LNC-LBCS,0.3141575505859219,0.05001660998196443
LNCOC1,0.03506921332360413,-0.21891967093538467
LNP1,0.09918387528899253,0.6068552022959764
LNPEP,-0.09911859262816947,0.40958767121030704
LNPK,0.1968005171085352,0.04179065023674511
LNX1,-0.24103341915866233,-0.8022709076485257
LNX2,-0.04801732901372002,0.5250996103772612
LOH12CR2,-0.2348673793959364,0.4208347367582126
LONP1,0.02463668664006402,-0.08275237170708483
LONP2,-0.09492408176406819,-0.0027050837630122615
LONRF1,0.14934918347314152,0.1245690176123957
LONRF2,-0.15819185855829687,0.18418593008897968
LONRF3,0.29848332451999005,0.5253025322240887
LOX,0.8470563811248539,1.6664084790131095
LOXL1,-0.9181870741106315,0.7394798853301863
LOXL1-AS1,-0.38984120170556147,-0.1797983875503144
LOXL2,0.4528913962985417,2.0417991169467915
LOXL3,0.09397269194272562,0.0879826308882159
LOXL4,-1.8450131884995802,-0.37537701273342705
LPAR1,1.0037803605925535,0.28946995652185237
LPAR2,-0.009691636164244954,-0.020073524549758304
LPAR3,-0.5717257958694191,0.19232834228626627
LPAR5,-0.02515039021490946,-0.16528080063975548
LPAR6,-0.4356862134954327,0.20244826345867906
LPCAT1,-0.4807210472979442,1.0450414343065795
LPCAT2,0.21036111137477764,-0.32504213829358264
LPCAT3,0.010482066224064113,0.5084166227143072
LPCAT4,-0.29841695682881664,-0.888020512889991
LPGAT1,-0.110414333202149,1.1594123967184462
LPIN1,-0.16969125569855859,0.7200086449257723
LPIN2,-0.14780723214075397,0.15062162549732072
LPIN3,-0.14692370974186542,0.3228138946003609
LPL,-0.005041437505405685,1.2222177474345506
LPP,0.07550710339281874,0.46290139735691227
LPP-AS2,0.10532359039652484,-0.14896413672003606
LPXN,0.03769133387851731,-0.30118380512359444
LRAT,1.5405533292220754,0.11382389855733166
LRATD2,-0.48339668030129745,0.42227401180479074
LRBA,-0.11359340266507978,0.1147417330561673
LRCH1,0.16780621519346095,0.5181678091472608
LRCH3,-0.032897456976093586,0.05830572828095448
LRCH4,-0.03948702536848181,-0.4212844558884927
LRFN1,-0.4937025978036056,-0.3352766286195106
LRFN3,-0.009885239319167738,0.3538835886383769
LRFN4,-0.13585771758548404,0.0018962705719083317
LRFN5,-0.3310330556450456,0.0
LRG1,0.19523281098551665,0.7620836273577378
LRIF1,0.28555433079860393,-0.28569152391685027
LRIG1,0.15155896920474543,3.5544638240911035
LRIG2,-0.025207823733985002,0.21778750777706035
LRIG3,-0.07451392917546773,1.4330675704440416
LRP1,-0.3805835216245317,1.4182065309289618
LRP10,0.30733753981907785,0.2284089075421072
LRP11,-0.3370758471412576,-0.09055471122284464
LRP12,-0.037687433803557546,0.5071138460454412
LRP2BP,0.0588955372447405,0.11841490567652557
LRP3,-0.8297215748384907,0.9971716882906172
LRP4,-0.9133738734294359,0.5496448673826791
LRP5,-0.0785500374454795,0.23790596388851348
LRP5L,-0.4249579418317475,0.39170741484967053
LRP6,-0.08658674668827082,0.49704734353365776
LRP8,-0.06690349983844612,0.2748523018920235
LRPAP1,0.228378404721024,0.04910106073796694
LRPPRC,-0.2266396842163072,-0.00712874519934914
LRR1,0.146674392651315,-0.04107640305197924
LRRC1,-0.22478505262463155,-0.15039324719919378
LRRC14,-0.1899543692848109,0.6497708027379505
LRRC15,1.859632962276462,0.08913556993748062
LRRC20,-1.0640141850231828,-0.07233031358590036
LRRC23,0.25644523280167775,-0.18740439962752653
LRRC27,0.12365092188822757,0.2816877516542782
LRRC28,-0.0936785139085865,-0.006787040341230011
LRRC3,0.17399230441143,1.1085487505701308
LRRC31,0.0,0.21306495794021973
LRRC34,0.05617454077648665,0.1613779434055712
LRRC37A,0.37389822392254024,0.08376117005018824
LRRC37A16P,0.5070453472396865,0.2245012899209835
LRRC37A17P,-0.1660000576379428,0.5644613856982441
LRRC37A2,0.09261356066634807,-0.0313023916266697
LRRC37A3,0.20627600204239993,0.4135318884375736
LRRC37A4P,0.008314178663446206,-0.08665163730679248
LRRC37A5P,0.04281840032691846,-0.16873708468500892
LRRC37A6P,-0.05172761756126809,0.15718372279818194
LRRC37B,-0.1592045690884576,-0.02689648617739504
LRRC37BP1,0.12720167838562668,0.06407517743809521
LRRC40,0.17897316426647958,0.3936335387750236
LRRC41,0.18631343657629262,0.4023322472466315
LRRC42,0.1392297111410734,0.151056518005805
LRRC45,-0.0004647220344864422,-0.6591794760749456
LRRC46,0.23345909862433212,-0.39024207092699603
LRRC47,0.031013433839078175,0.1744138594057798
LRRC49,-0.17330046506222097,0.3031179653748943
LRRC4B,0.7839955180005101,-0.057616999049984186
LRRC51,0.08587737907970006,-0.23156438831688164
LRRC56,-0.22448227233237716,0.3272285994384012
LRRC57,0.22525729650371318,-0.17027234868877184
LRRC58,0.14830988661607236,0.6459968648793035
LRRC59,0.048017450760790226,-0.10385148929468002
LRRC61,-0.171031944429751,-0.35598332075842887
LRRC73,-0.040215452019530584,0.5435975883191496
LRRC75A,0.12123194309666907,-0.14081498257824165
LRRC75B,0.2343261534315082,-0.07570766487311786
LRRC8A,0.08307033000399766,-1.3181378775689732
LRRC8B,0.2361681945853764,-0.22838973305232813
LRRC8C,-0.0625845103059337,0.7304651107350388
LRRC8C-DT,-0.10390234531628417,0.20267096942747348
LRRC8D,-0.2580184597438615,0.2248443949010568
LRRCC1,0.4413398868916474,0.48494551173151157
LRRFIP1,0.08614560761992074,-0.1426684149440769
LRRFIP1P1,-0.09396648958172427,0.23382787826517393
LRRFIP2,0.09562800748364086,-0.2962232105847278
LRRIQ1,0.15817644142591847,0.22463514728803946
LRRIQ3,0.6369349281596944,0.28397334212580816
LRRK1,-0.710304974158321,0.6987834561718289
LRRN1,0.0,-0.6024193328373393
LRRN2,0.5055557527797943,0.47409134191311864
LRSAM1,-0.02104789580701638,-0.04070028639624823
LRWD1,0.03426939240953164,-0.23423320374996326
LSAMP,0.6385586160346386,0.09339050013238295
LSG1,0.022050934327917382,0.06754647305073291
LSM1,0.06090612495937986,-0.05554859271097534
LSM10,-0.13994844678721563,-0.19689955312115437
LSM11,0.10112539838692003,0.13081936959578
LSM12,0.07751560568126958,0.04867009796552413
LSM12P1,-0.1582074666883293,0.16558065055132776
LSM14A,0.05311326855680143,0.4488217021845715
LSM14B,0.15063902457330602,0.34311769973047745
LSM2,-0.021306322424686996,0.3737192001858807
LSM3,-0.012979181563359532,-0.1530419425718872
LSM4,-0.2027195558294821,-0.38999289299467943
LSM5,0.2070404634615235,0.01644786697146383
LSM6,0.36649655091642774,0.00935235265426071
LSM7,-0.05492783463174078,-0.14831143984632522
LSM8,0.023032223645479633,-0.05927758580082099
LSP1P4,-0.08688976691188133,-0.39204080642396955
LSR,-0.05921890102156713,0.07520751253980684
LSS,-0.26665007309401023,0.5385719551362973
LTA4H,0.01200835139623635,-0.07012375120707848
LTB,-0.6979927281147902,2.320670687287893
LTB4R,0.04208504712903616,-0.05647837609808981
LTBP1,-1.9474186633417099,-0.1962881095530422
LTBP2,-0.3428756936062154,0.9133131569619266
LTBP3,-0.448244475068301,0.13636669286449354
LTBP4,-0.03372670937933986,1.3147818102746553
LTBR,-0.5928503158403136,0.035392910834065816
LTC4S,-0.23060547686916047,0.22178733893035085
LTN1,-0.10256405917169342,0.48981483646560164
LTO1,0.12722219546697655,-0.7606934843546793
LTV1,0.17349309476438446,0.23291196317035823
LUC7L,0.01570677919332919,-0.1790323311282771
LUC7L2,0.06307723525578446,-0.2985373630866608
LUC7L3,0.17366814971579636,-0.3168540908789135
LUCAT1,0.519281629773328,0.2759382943939137
LUM,0.3983266583263284,0.13710494972333476
LURAP1,-0.4768346347927682,0.24130046281639603
LURAP1L,0.6055260173612167,0.7329151857529568
LUZP1,-0.24610007200342743,0.9422235991849801
LXN,-0.9245495343235035,0.40059115273853063
LY6E,0.7027046595341231,-0.11592580147702591
LY6E-DT,0.2955306606171441,0.31475380995343927
LY6K,0.7600181114543785,-0.573556803254446
LY75,0.14642557805269457,-0.5863805038058594
LYAR,0.1349935231638888,0.15575238052870688
LYL1,-0.07484294285098403,-0.4194039906832609
LYN,-0.6897168089886216,0.8819093682266157
LYNX1,-0.16561911197920676,-1.007513289849704
LYPD3,-0.16431312824776734,0.6399436519236232
LYPD5,0.1880759586443007,0.5000064276657206
LYPD6B,0.4662578384153941,0.5434908221955832
LYPLA1,0.1626010966338436,0.4764205881030774
LYPLA2,0.1743659957934467,-0.19492520325706497
LYPLAL1,0.010341521869166481,0.08003845244292673
LYRM1,0.41513113168551996,0.4014917967892879
LYRM2,0.17664212600021756,0.5965796805666868
LYRM4,-0.03575383095435747,0.1824686308545056
LYRM7,0.3572386051719523,0.16756999987734833
LYRM9,0.0979591494343815,-0.060699467240524996
LYSET,-0.22072601377262124,-0.11851263657030309
LYSMD1,0.06313499802952816,0.3330369436573264
LYSMD2,-0.7015989575825521,-0.24740090920418645
LYSMD3,0.20477745025005767,0.6638199912836198
LYSMD4,0.06265237856830819,0.1848823079491435
LYST,0.276523627575215,0.2869826681578367
LYZ,-0.0813676667363774,-0.9302674815229091
LZIC,0.18612760923027327,-0.1111490471497234
LZTFL1,-0.04956486961529771,0.3560068242873604
LZTR1,0.15459868724662096,-0.24669514248497038
LZTS2,-0.5338592920425427,0.18690700532857196
LZTS3,-0.25476702944664664,-0.4907292127945526
M6PR,0.253130836100377,0.44578907712713534
MAB21L4,0.034444015904162836,-0.5884058380883079
MACC1,0.06251431357152785,-0.6816499948497308
MACF1,-0.5770772633971273,-0.04964203279236301
MACIR,-0.06758193503143595,0.3736322049210572
MACO1,-0.3612446805528675,0.3763900819053987
MACROD1,0.44852107372482664,-0.4480396699323741
MACROD2,0.29556243280100886,0.25962273421342896
MACROH2A1,0.029077929438880545,0.007743835744443928
MACROH2A2,1.2004742082782192,-0.2554636925114524
MAD1L1,0.016723469983102923,0.0785908099402759
MAD2L1,0.09854471690489586,0.1434634517090112
MAD2L1BP,-0.070623303164842,0.3213684575974831
MAD2L2,-0.00488009129207434,0.4234522951607893
MADCAM1,-0.22022817275248985,0.2223356611347168
MADD,-0.1681346821747871,-0.26190646814037066
MAEA,0.09230968602826728,0.2511740253840493
MAF1,-0.12229460852927154,-0.2172539678508949
MAFA,-0.03339343559704,0.5958509042942729
MAFF,0.2170506536514596,0.3962949904931028
MAFG,0.12672606487708116,-0.4009007283525694
MAFK,-0.030313009071274877,0.06982353769814953
MAGEA6,3.6736823886063994,0.0
MAGED1,0.04781956273512389,0.5287646926790206
MAGED2,0.35109822579109995,0.8564051551963052
MAGEE1,-0.17685112850719142,0.23932846187835954
MAGEF1,-0.2936717796921169,-0.4028789778741668
MAGEH1,-0.19307170024784526,0.0
MAGI1,0.09943338860872108,-0.5426686607136446
MAGI2,0.21562642200410975,-0.21564641652702043
MAGI2-AS3,0.7770822531337158,1.1408449812494659
MAGI3,0.0495885266369438,0.2375048625086449
MAGIX,0.10989817944730662,-0.3853423920195205
MAGOH,0.036139762500867256,-0.0815611746862368
MAGOH-DT,0.008443582337248734,-0.3683097720764743
MAGOHB,0.29204267703758147,0.18975724202874744
MAGT1,0.16050785543257895,0.43479561187562243
MAILR,0.026862561955184994,0.16009897819595942
MAIP1,0.05805103619209806,-0.2772212009615105
MAK16,0.16850824162898492,0.03800996577366922
MAL2,-0.05034681015568877,-0.6563280173148627
MALAT1,0.7868443899596844,0.7548853148813679
MALINC1,-0.03148546148895459,0.1788129329903585
MALL,-0.0071920027130971675,0.36688025009781944
MALSU1,0.1951331576244142,-0.0560319828704996
MALT1,0.7359575574129442,0.46037702577793693
MAMDC2,0.2864064614311641,0.07162144380497848
MAMDC4,-0.13340675192858065,-0.241172069936625
MAML1,-0.05723549897012603,0.4836664841985332
MAML2,-0.5198058020485852,-0.5934329920378429
MAML3,-0.7808895181516169,-0.069865002516448
MAMLD1,-0.7715988383796897,0.3666403627569885
MAMSTR,-0.0599031645442869,-0.22920478689986035
MAN1A1,3.6976318186526775,1.4580271457965144
MAN1A2,0.1465351898918561,0.4713420847472891
MAN1B1,0.4227700663424345,0.16392071123099328
MAN1B1-DT,-0.04165024268065398,0.07570185062884427
MAN1C1,0.22858897887513147,1.540413081129005
MAN2A1,0.016919893179234258,0.35977804965905946
MAN2A2,-0.10488867495321585,0.7863852881588591
MAN2B1,0.11866432798691218,0.20805692484775573
MAN2B2,0.4272723720419531,0.5302190589388482
MAN2C1,-0.05404622199329978,-0.4340290659264481
MANBA,-0.13532701121992563,0.04611110243236016
MANBAL,0.030902881644187197,-0.03638976865428667
MANCR,-0.14407354751317386,0.09094262467149639
MANEA,0.3280508164353577,0.6699284269129961
MANEAL,0.1634791430184377,-0.02786176333517787
MANF,-0.01948667429906692,-0.4613002545185374
MANSC1,-0.8004235853037813,-0.5097960677910089
MAOA,0.021753653426295746,-0.20056858964241941
MAP10,0.30928057300266487,0.4694649347393245
MAP1A,0.4473759126687866,-0.05398141840200371
MAP1B,-0.04175630060270663,0.5368034939323796
MAP1LC3A,0.11620752205590845,-1.340559704082303
MAP1LC3B,0.10092231882743086,0.12363567315274082
MAP1LC3B2,0.06191068884769502,0.11164195510116792
MAP1S,-0.19688654878595102,0.18802595862704674
MAP2,0.9001727528926011,0.877243064739532
MAP2K1,-0.4323062593836191,-0.1897029089204425
MAP2K2,0.0354571035147222,0.18408244306862542
MAP2K3,0.0414401421517665,-0.15006703230409713
MAP2K4,0.23808573360369678,0.2340059842276041
MAP2K5,-0.4495775663715116,-0.04338803106999123
MAP2K5-DT,-0.06003876057786517,-0.20442573788780805
MAP2K6,-3.039655048197722,0.10699088417468339
MAP2K7,0.10957140061709758,0.07224745912523112
MAP3K1,0.12699381458660142,1.3895704914646374
MAP3K10,-0.06824191653342293,0.13197689635081034
MAP3K11,-0.14196681404611677,-0.06032311045187111
MAP3K12,-0.18540147751818603,0.6956253002323352
MAP3K13,-0.2554785911828166,0.13862914275317184
MAP3K14,0.08805013680357554,1.2397077528899256
MAP3K14-AS1,-0.014428092361895462,-0.5207362474198725
MAP3K15,-1.0053252015639018,0.022176446492348924
MAP3K2,-0.11865535553949424,0.24631314167507323
MAP3K2-DT,-0.3499944056015887,-0.5453569767077318
MAP3K20,-0.25606377433995053,0.37535251794138524
MAP3K20-AS1,-0.1138822012904972,-0.007853497225795494
MAP3K21,0.08530222848068059,0.514084545964014
MAP3K3,-0.3638778471520716,0.22702806294110722
MAP3K4,0.1342388513621069,0.39541108992825613
MAP3K4-AS1,0.12007596518640251,0.03536804133797622
MAP3K5,0.0447951397501849,0.1646167225602042
MAP3K6,0.0698197766491857,0.4223642078273264
MAP3K7,0.1120062789733911,1.0335335345183374
MAP3K7CL,-0.0817892897288951,-0.24900611141637063
MAP3K8,-0.4700446493705326,0.2774562308978883
MAP3K9,0.17550295637449054,-0.32677670003221415
MAP3K9-DT,0.2879728170900564,-0.13863283862928166
MAP4,-0.1950929179160692,0.4693031573166593
MAP4K1,-0.1589727193033763,-0.012924069383340675
MAP4K2,0.17525792120103478,-0.3726826517088506
MAP4K3,0.1471888818266125,0.0072682632618539245
MAP4K3-DT,0.668277086260344,-0.27825658081314053
MAP4K4,-0.050821247304146944,0.4749356790548074
MAP4K5,-0.00036692600820131815,0.14646093877713273
MAP6D1,-0.5565351587838241,0.30657966509304535
MAP7,0.9380461588030782,0.5286114556699957
MAP7D1,0.08220363462285185,0.16530314816975356
MAP7D2,-0.1580293984814154,-0.3254022552429644
MAP7D3,0.34010312075632054,0.3839485302989618
MAP9,0.25054431877824657,0.37870722441608384
MAPK1,0.08700010681741688,0.07894114339235347
MAPK11,0.1444341903784503,0.09907761780360858
MAPK12,0.2672737602617836,0.8403431311263105
MAPK13,-0.0006780343934735811,0.2828537343421811
MAPK14,-0.2245943131261532,0.6537098392756082
MAPK15,-0.030947718203162777,-1.143900186962239
MAPK1IP1L,0.11493216349263413,0.20056769939699226
MAPK3,-0.07765351515350982,-0.11829846774816222
MAPK6,0.07463373127677997,0.6112617595235816
MAPK7,0.052158684396728994,0.3012099288623271
MAPK8,-0.26247602084437904,0.3306520992718198
MAPK8IP1,-0.6273538300424959,-0.043949462627599356
MAPK8IP2,0.25488879015870225,-0.09045157772002632
MAPK8IP3,-0.6917590030162066,0.08525048363457799
MAPK9,0.17078663672675454,0.6171548284731854
MAPKAP1,0.14696021391566738,0.04494517789083563
MAPKAPK2,-0.2281587793046569,0.4392475422087214
MAPKAPK3,0.4330870387713537,0.13956961273657598
MAPKAPK5,0.04500963468158403,-0.01281868535030295
MAPKAPK5-AS1,-0.20098711574573214,-0.12969380875943637
MAPKBP1,-0.3535695010018909,0.07785445283518833
MAPRE1,0.21209697767277902,0.131146571909869
MAPRE2,0.8435540880990811,-0.33223922204833256
MAPRE3,0.287184116582643,-0.7153535721895334
MAPT,-0.32270358886816086,-0.36164667233660364
MARCHF2,-0.07236778930855259,0.45426477592809444
MARCHF3,-0.9115311837161708,0.07014727418766797
MARCHF4,-0.7467078931704045,0.09759528027178965
MARCHF5,-0.18206913822543047,0.5012633377179139
MARCHF6,0.14349307493682772,0.3903548579197871
MARCHF6-DT,0.17804462810708543,-0.24798581238029827
MARCHF7,0.2890164460576843,0.1134515306681596
MARCHF8,-0.5586321274099282,0.4620707608668857
MARCHF9,-0.28894151304620785,-0.3020632441158009
MARCKS,1.09547470174671,0.9084638948559451
MARCKSL1,-0.47870432767869353,0.4577190987845299
MARF1,-0.02801702527817085,0.6024556259667513
MARK2,-0.14324992855792562,-0.16665502790230935
MARK3,0.12141551091501057,0.30251158509456744
MARK4,0.09798153355019856,-0.14708395248768547
MARS1,-0.08396212406836057,0.3032762843032941
MARS2,0.14881258915396955,-0.06288176400454049
MARVELD1,-0.5965998518951041,0.9964773361340189
MARVELD2,0.2561864940010814,0.27582169256523326
MARVELD3,0.04181250739964895,-0.5906739571131396
MAST1,-0.44291477507904586,0.05566256230368216
MAST2,-0.13814844948377036,0.4045128592712981
MAST3,-0.43035974541233246,0.3889118030694698
MAST4,-2.3816742338985377,0.7892314242016067
MASTL,0.31736709123298557,-0.10805108252207107
MAT2A,0.05446875642103688,0.5692807037681273
MAT2B,0.22279107536649523,0.34124456943125114
MATCAP1,0.06208373282474655,0.2870459404908581
MATCAP2,0.27617284889544713,0.14479668480336372
MATN2,-0.212704427995817,-0.14507694416098493
MATN3,-0.1525542117268479,-0.14460168820387076
MATR3,-0.006438947660244443,0.030963841433881534
MAU2,-0.39341942887208425,0.08192972800166487
MAVS,0.1152441874392709,-0.009539213726728946
MAX,-0.034383202741167906,-0.1770797111739899
MAZ,-0.21717119022529108,0.2424706408016677
MB,-0.7297412252799362,0.19035269006170719
MB21D2,0.27947274424689406,1.1077732856817613
MBD1,0.1608992963400553,0.00556523065369241
MBD2,0.27710619353148225,-0.438733385503423
MBD3,-0.1181912025512526,0.008783428774666646
MBD4,0.0497535465260297,0.35572479767184717
MBD5,-0.018779373120917597,0.24595674215167307
MBD6,-0.13817017168439083,0.08349782696056174
MBIP,-0.08397627977038802,0.20698584922648644
MBLAC1,0.29017965609483376,-0.44485550910670435
MBLAC2,0.17359569074338932,0.4681013986708722
MBNL1,-0.12315555462150485,0.36951381750946677
MBNL1-AS1,0.004838574566021714,0.11549195927232137
MBNL2,0.03622675376440565,0.35450538188232095
MBNL3,0.1103730223577946,-0.46923879274679603
MBOAT1,-0.8061523163422417,-0.4640761648916536
MBOAT2,0.024423870078595478,-0.6590771087288614
MBOAT7,0.023497457227735552,0.1381876177085104
MBP,0.29562182543597704,-0.0741902837824453
MBTD1,-0.18432266327133862,0.18140424191344628
MBTPS1,-0.012585996175260128,0.19092813215265902
MBTPS1-DT,0.03034941006803557,-0.631791622861483
MBTPS2,0.1391688198547376,0.24042380789241946
MC1R,-0.10496095517750081,-0.006377068621499671
MCAM,0.30698306377763274,0.9180808012170489
MCAT,-0.06609845634225309,-0.29643846847448074
MCC,0.6634390170747018,0.0628223812105877
MCCC1,0.2756724562110957,-0.20064155117859084
MCCC2,-0.04314746764964106,0.26536924889930713
MCEE,0.06772589424208908,-0.5080376211845419
MCF2L,-0.10979207100960961,1.9424651870144403
MCF2L2,0.4346768551324691,0.37378815663447107
MCF2L2P1,-0.08633059685798009,0.10362162534607977
MCFD2,0.13319157413177152,0.4313726439845098
MCIDAS,-0.3858066927388528,-0.12329682377854301
MCL1,0.1208467779590281,0.8240674138831157
MCM10,0.023366203883524506,0.23735203893119539
MCM2,-0.034335632663500704,0.3941802694552994
MCM3,-0.03107064679372229,0.5804303854088575
MCM3AP,-0.1489704840309134,0.5857197797511571
MCM3AP-AS1,-0.07376217869980506,-0.14987257368639506
MCM4,0.14160232767366754,0.06946318054652245
MCM5,-0.12246225740653038,-0.198530326979383
MCM6,0.07262175535326065,-0.24381623738053015
MCM7,0.025599271891067588,0.04417608170664522
MCM8,0.3470159100980901,0.2830680958340053
MCM9,0.07450132743671922,0.6597090410632571
MCMBP,-0.22035174616457986,0.2059250438273983
MCMDC2,0.27061503105547047,-0.2746051108216183
MCOLN1,0.25547053811009857,-0.23177529595315338
MCOLN2,-0.4496065295676024,0.4491129686801968
MCOLN3,-0.6427279689757714,0.9599806588977742
MCPH1,0.3081800945648472,0.12059630767289775
MCPH1-DT,-0.03565644324629147,0.1272397597806041
MCRIP1,0.10814478378796011,-0.034095705699233037
MCRIP2,-0.3153733405858956,0.24186697572396287
MCRS1,-0.22220906890038883,0.20551865362635535
MCTP1,0.4030657766755441,0.6180039574033613
MCTP2,0.0,0.10797348874144319
MCTS1,0.06802571631579024,0.1329591494259894
MCU,-0.45808514970033265,-0.5967441013532699
MCUB,-0.01214535255497129,0.07326118311383123
MCUR1,0.06012907682075941,0.2365007641957826
MDC1,-0.2570353841225872,0.9621958004168012
MDFI,0.10493403302221815,0.6366263066360784
MDFIC,1.8373485204113416,-0.5809540747496476
MDGA1,0.19186093390633285,-0.18085637103253469
MDH1,0.03846076304305779,-0.2813131134434057
MDH1B,0.04970774098167885,-0.21561475883160197
MDH2,-0.06302273322108576,-0.33316342241965735
MDK,0.10340619160978815,-0.5211282062802169
MDM1,-0.025624163015299573,0.3606589745949913
MDM2,0.03282771126206718,0.3168895290719682
MDM4,0.27172540140050616,0.35366317315106244
MDN1,-0.1984293202327434,0.6772708115157196
ME1,-0.2927201825032073,1.0733283008603989
ME2,0.4873688596456258,0.1896782587408623
ME3,-0.31805648787964724,-0.2665702723558425
MEA1,0.10781241371392092,0.12593452540233852
MEAF6,0.15361424093597442,-0.2349638654460655
MEAK7,0.31242055837816274,0.17069336344655195
MECOM,1.1523430196520839,0.21000730729650874
MECP2,-0.021878507957770132,0.179393908796329
MECR,0.1779188987173672,-0.2819822404002732
MED1,0.06850990248347344,0.4395401623016726
MED10,-0.025658958286705946,0.1325957276544063
MED11,-0.14104786017342885,0.09338369444671502
MED12,0.09098615210308125,0.5098986927329285
MED12L,-0.8888635346598628,0.17711652710878578
MED13,0.01972901315908171,0.12403480791627874
MED13L,-0.19862997044996167,0.4190650015642232
MED14,-0.14776977915580147,0.1813854475772061
MED15,0.09325561474332211,0.030906457101574247
MED16,0.042051320325300345,0.024951502700977457
MED17,0.02051320461376349,0.015806349262379005
MED18,-0.09625560442730485,-0.20518826781027677
MED19,-0.07535402283922199,-0.1104945001491755
MED20,-0.16726241434468747,0.2966511185743026
MED21,-0.07351944710763014,0.06876346181948989
MED22,0.04454435394902223,0.057460671543484665
MED23,0.05874999938104697,0.8266465818389985
MED24,0.13227300273622866,0.022617859479725944
MED25,-0.026246910625339126,-0.20537497409119787
MED26,0.11655014686871557,0.013888197847941708
MED27,-0.2788951091821481,-0.12103322438333297
MED28,0.1619728491744361,0.03993150045613092
MED29,-0.017242815598580208,0.017716479603205215
MED30,0.02769097590805325,-0.16994215820320058
MED31,0.137330465264915,-0.47192760933234257
MED4,0.6190616603234189,0.23199445162866894
MED6,0.0817113360395032,-0.13646823911442674
MED7,0.24044323786028254,0.05951452009627589
MED8,0.02325365804041013,-0.2614633917975562
MED9,0.020902040911721098,-0.03497046704566609
MEF2A,-0.2948099316173547,0.34207942078723264
MEF2C,0.09898751671195072,0.7693725713223816
MEF2D,0.016692918929256173,0.2676159084620364
MEG3,1.2716255018750595,0.0
MEG8,1.1405790968612435,0.0
MEGF6,2.1834466286848953,0.7016846719948306
MEGF8,-0.06535321213767276,0.9319650377434128
MEGF9,0.10376529909152321,0.24632622377390323
MEIOC,0.14670309098634604,0.09302362699312977
MEIS1,-0.09856171922279738,-0.5541430286353243
MEIS2,-0.25852236711289933,-0.34450024206276675
MEIS3,0.4433160761517394,0.6726626023357971
MEIS3P1,-0.07447799948199307,-0.7013900565516091
MEIS3P2,-0.08589454255646634,0.20219409397591553
MELK,-0.003919445573196789,0.23981356339362891
MELTF,0.49244308614807863,0.21649468687154716
MELTF-AS1,-0.15690446705760364,-0.24405559103662244
MEMO1,-0.05276158260411057,0.12099718934839743
MEMO1P1,-0.13711797833749362,-0.16282410852350399
MEN1,-0.13009386109654475,-0.20208376666310457
MEPCE,0.10515878780441756,0.11725748209865916
MERTK,0.6054428284504167,0.3674613709639505
MESD,0.12816095948110373,-0.4314661344626094
MESP1,-0.3663548574383664,-0.48214287337997774
MESP2,0.09984247188859996,0.33839428000838745
MEST,-1.4273771551680934,0.181215516453201
MET,0.023956613440549113,0.011746484246575761
METAP1,-0.07440593795418149,0.006444715427772252
METAP1D,0.18534828620055777,-0.15864505215941493
METAP2,0.18821179101812557,0.13795212491340791
METRN,-0.12047845357267661,-0.021619494111686954
METRNL,-0.20686841049047544,-0.7968022779997241
METTL1,0.09549475755628123,0.03139134012671185
METTL13,-0.06501026352603034,0.3260507423393024
METTL14,0.3198113255104489,0.09989885978765844
METTL15,-0.13769675225025413,0.09259291538212011
METTL16,-0.16497238892833987,0.08714829239159805
METTL17,-0.1208033120159735,0.0965437107742555
METTL18,0.02457731918558692,0.2341869111726571
METTL21A,0.030523526984866045,-0.03290128003605375
METTL22,0.4780782306244111,0.08748299353129241
METTL23,0.0726477614754879,-0.27497590305089226
METTL25,0.0935492408228229,0.33433657356440327
METTL25B,-0.017070784406275408,-0.09299739088231984
METTL26,0.03237693409965381,-0.06861444708510156
METTL27,0.8724620420486239,-0.40977566206712357
METTL2A,-0.02330618665346229,-0.35691209295339466
METTL2B,0.011855736110958581,-0.31374243615668407
METTL3,-0.04809387657715636,0.05374783532221539
METTL4,-0.019233408179088585,-0.10240646411635135
METTL5,0.1245360685408965,-0.37901689187265486
METTL6,-0.13735297184737183,0.19163373906056114
METTL8,0.09625456754573936,-0.059416058429399676
METTL9,0.07591280282284973,0.0047441330815143345
MEX3A,-0.488682998340348,0.9688644129514263
MEX3B,-0.8863907320300499,0.5162141824470003
MEX3C,0.0628227198368192,0.2560761128864719
MEX3D,-0.1799772959973076,0.4921780016016939
MFAP1,0.01963097519833923,-0.08093022940760974
MFAP2,-0.6580940808164994,0.00055385100137606
MFAP3,0.13114557223554346,0.8014445547775844
MFAP3L,0.09471895672395148,0.3287864302194614
MFF,0.1856447955598135,-0.22991248245905638
MFGE8,-1.4008144485313085,0.9708024285118171
MFHAS1,-0.7013304405892526,0.8111347911562854
MFN1,-0.014299786158805894,0.35908407333821035
MFN2,0.09198496249899879,0.11014184915086744
MFNG,-0.6728843014913747,0.37818767629670824
MFSD1,0.12358200295117872,-0.009923985386319778
MFSD10,0.024879892235177614,-0.34037706863063466
MFSD11,-0.022979997397412966,-0.4093190246457077
MFSD12,0.7056766963348897,0.18547442072485598
MFSD13A,-0.2787486284012277,-0.13505912762590988
MFSD14B,0.13451759261011897,0.0183221061465888
MFSD14CP,0.11903086889141301,0.08161307476215907
MFSD2A,-0.1090717128614751,0.16664062482124908
MFSD2B,-0.2354347927995713,0.020730241034130348
MFSD3,0.04995228214661385,-0.48307025831270156
MFSD4A,-0.1601404390781796,-1.5138404784458057
MFSD4B,-0.03091058659239021,0.711679062032567
MFSD5,0.02672169611469677,-0.24132414211806008
MFSD6,-0.6331937725542569,-0.3513487784394407
MFSD8,0.31471207526271705,0.0026094816549302458
MFSD9,0.04317274207307875,-0.38562506863402746
MGA,-0.140348993342581,0.19479910824934965
MGAT1,0.2776791316129179,0.5868684025109374
MGAT3,-0.47433012925783513,-3.1817318986065453
MGAT4A,2.0203402534690382,0.5557771304311272
MGAT4B,0.06455491858308626,0.4478852617208595
MGAT5,-0.7724505989123474,0.07817487175763116
MGAT5B,0.5546794808339444,1.0331107738927456
MGLL,-0.38648441193365213,0.21780724491202008
MGME1,0.22378797343009715,-0.07074302212572814
MGMT,0.055579142787633096,-0.42045499369302597
MGP,0.4128183274232575,0.8008259397936
MGRN1,0.011100142104790045,0.18244004705678396
MGST1,0.9624405067962782,-0.013215408654289718
MGST2,-0.7241072382144154,-0.7113809419409645
MGST3,-0.27468327908945955,0.26071803913257785
MHENCR,-0.2522544714422552,-0.0018981095233714385
MIA2,0.24143959555222594,0.406392665857104
MIA3,0.01333743773914886,0.5607958374366762
MIATNB,-0.14039457134754194,-0.3284408466854123
MIB1,-0.07315924195243628,0.6060149016751764
MIB2,0.10005713072115796,0.10832123214408895
MICA,-0.06075597156920054,0.48280877575795067
MICAL1,0.7542590485039096,0.4423796287959929
MICAL2,-0.4125761461995623,0.8025504166837614
MICAL3,-0.047470773397287225,1.195112470964526
MICALL1,0.09876162926300136,0.4351644378902728
MICALL2,0.20543412285670204,0.6883571294845812
MICB,0.023213720173596464,2.0804845953816815
MICOS10,-0.1865603392397004,0.11615986802885181
MICOS13,-0.09444183475734125,-0.2626957578927396
MICU1,-0.2653750962325372,-0.39352358878694815
MICU2,-0.1762359492445924,0.19821688729376374
MICU3,-0.1822856931942416,0.0
MID1,0.08641012164662243,0.2661908100483785
MID1IP1,-0.24579469806502185,0.18064506688108484
MID2,-0.12673115044171102,0.6362546860812794
MIDEAS,0.0900396905046037,0.4116003735358582
MIDEAS-AS1,0.06674562648605893,-0.018813146070452813
MIDN,-0.2947510017888968,0.5069947854954888
MIEF1,-0.025778861197923497,0.30511805855858753
MIEF2,-0.13797900914561945,-0.17032787714472608
MIEN1,0.004033815986659306,-0.382430947157256
MIER1,0.35039515479112104,0.2633034712230149
MIER2,-0.07593192800764115,-0.10757356375155425
MIER3,-0.0061445928396377525,0.5057037752050015
MIF4GD,-0.15422698649484978,-0.19076403929802055
MIF4GD-DT,0.367192673420878,0.12732316345597883
MIGA1,0.2625038121794603,0.3524548756765693
MIGA2,0.029580421891086672,-0.2218004755252645
MIIP,-0.2442594873102566,0.07959858805331077
MILIP,-0.036662383840911694,-0.16849480338657585
MILR1,0.016889501048843746,-1.1536325844312705
MINAR1,0.16911619919148663,0.7306327452332926
MINCR,-0.5138419425673686,-0.1001102517894834
MINDY1,-0.3357917419245888,-0.758173972499927
MINDY2,0.15628249332421973,-0.33486894087610786
MINDY3,0.19831674213082406,0.0945293856175553
MINK1,-0.09220302401636715,0.3304817270628
MINPP1,-0.23622949132943205,0.2783248541419656
MIOS,0.03306945198881461,0.3388746370601803
MIOS-DT,0.2880430467091644,0.06938133733166763
MIPEP,-0.058205997938372,0.5058074533832002
MIPOL1,-0.017402389945253116,0.2931914528427324
MIR100HG,-0.27822721312493304,0.5006480064938961
MIR1244-2,0.04250907046419572,-0.005426341829769754
MIR1244-3,0.05673003559742562,0.033536970196597626
MIR1915HG,-0.4464220468555977,1.2902479411000762
MIR193BHG,0.09693747667984476,0.830488914624854
MIR200CHG,0.0,-0.8706828304340697
MIR205HG,0.0,0.07559201527301784
MIR210HG,-0.1467013540504336,0.2920880259147651
MIR222HG,0.2736753008404814,-0.21558170734416582
MIR22HG,-0.23057852483950603,0.1578567793556731
MIR23AHG,0.116424262959411,0.6488449468763973
MIR29B2CHG,-0.10984856204836663,0.032407673236397816
MIR3189,-0.17834865261299931,0.7061931200401683
MIR31HG,0.9357866214800696,0.4703055050824694
MIR34AHG,-0.17275679081865214,0.08416458436431751
MIR3648-1,0.13666925423876675,-0.2960470089920498
MIR3936HG,-0.07957741750617375,0.01224840081805656
MIR4263,0.35493996743340683,-0.334856598544116
MIR4435-2HG,-0.15823083290695372,1.2042727833036513
MIR4453HG,0.2530903739996915,0.22486710508780205
MIR4458HG,-0.07605417665735725,0.0
MIR4664,-0.38064548491645667,0.977417154310594
MIR4733HG,0.1550174180962925,-0.06073657053177928
MIR600HG,0.0665446355632664,-0.07580535203008187
MIR621,0.1342207997633853,0.17701193891369893
MIR924HG,0.27639693469855575,0.21045834708804712
MIRLET7BHG,0.090514892855873,0.06991376495483337
MIRLET7IHG,0.12110515645317288,0.17841927942114433
MIS12,-0.12870163203121354,0.022135277593708036
MIS18A,0.29012189622343065,0.058704947785996886
MIS18BP1,0.14020373012581722,0.13106599561375365
MISFA,-0.20120392528081177,-0.15766787718070718
MISP,1.2401622461091963,-0.3664379938268043
MISP3,-0.5526721607794403,-0.24471465547653803
MITD1,0.036401173367207385,-0.25042062917600205
MITF,0.5809455724998638,0.483727665290985
MIX23,0.21524852543637785,-0.31537431833200325
MKI67,-0.4338463271848054,-0.3667913349504177
MKKS,-0.08067426624883112,0.4792230491722038
MKLN1,0.2347746115427407,0.3880287162432854
MKLN1-AS,0.22661688958223536,-0.484155293116034
MKNK1,-0.07023499694053648,0.019722510207363264
MKNK2,0.37402747376400836,0.5380401858462012
MKRN1,0.11293282799501636,-0.18610039013197088
MKRN2,-0.18686588778767366,-0.0007958571780823931
MKRN2OS,0.011541076821884405,-0.5090229316963653
MKRN3,0.05355805754189191,0.0
MKS1,-0.1273032768967921,-0.12176329427857713
MLEC,-0.02121063635207321,0.18098241201317578
MLF1,-0.16705708182508783,0.3708670432612804
MLF2,-0.08970602686930107,0.042333085113860136
MLH1,0.0009370388159624099,0.19588579396150418
MLH3,-0.09492964421555383,0.46347297891883477
MLKL,-0.694476138202583,0.18476615108033068
MLLT1,-0.12383060306861804,0.234719015059194
MLLT10,-0.30419895815733344,0.4013262536949833
MLLT11,-0.36110940617565346,0.18206358608308681
MLLT3,-0.1665274032932224,-0.46711123948725053
MLLT6,-0.14217280759674633,0.05913694821123894
MLPH,-0.91198959153843,-0.4234431727491721
MLST8,-0.2814669064098041,0.06982275232747792
MLX,0.1466928408052004,-0.262130289490619
MLXIP,-0.6025337089742608,0.2548237414947998
MLXIPL,-0.36045246626523286,0.48385201897889973
MLYCD,0.05265978066354915,-0.12646222531185636
MMAA,-0.06069534966349788,0.286673221217272
MMAB,-0.0993639177143768,0.10273447309882133
MMACHC,0.1254054828910789,0.080982878377859
MMADHC,0.29086945112231355,-0.25186362894554826
MMD,-0.2657145861300254,0.8697282368280117
MME,3.404053168260684,3.0828076056530618
MMEL1,-0.03458436763723817,-0.8261658463158478
MMGT1,0.2634162503509403,0.7824619598202718
MMP11,-0.38230377577101415,0.36542811970729794
MMP14,0.4255099272906726,0.5886329555144441
MMP15,-0.5520595034781435,0.22733065980055578
MMP16,0.5196244992793586,0.09650990070577964
MMP17,0.2328941258075199,-0.6343147017635213
MMP2,-0.033078086299374476,-0.2986225077004665
MMP24,-0.10856836869978004,2.7171364465222885
MMP24OS,-0.17572830596021305,0.43839238192968466
MMP25,-0.10373844294066425,0.20133359542427798
MMP25-AS1,0.0023305798938714206,0.22542297678398615
MMP28,-0.3226885792059212,-2.1197144156763867
MMP7,-0.47434003137403513,0.7102068695876558
MMP9,0.126815666122084,0.9826414624920283
MMRN2,-0.18791466065970708,1.2856275160051602
MMS19,-0.33461974676372463,0.07276809433784681
MMS22L,0.2387887373775257,0.7947252674573058
MMUT,0.3618610764996868,0.3374276482897738
MN1,-0.6595506810888804,2.3769169801391548
MNAT1,0.2850440202967075,-0.18247662657456587
MND1,0.16223448884155944,0.2537762111010027
MNS1,0.061156474630380764,-0.30589548924309695
MNT,-0.19584476774089232,0.030423307243796494
MNX1,-0.38991580373249723,-0.7223365011816356
MNX1-AS1,-0.5445889694687635,-0.3556042001385613
MOAP1,-0.07980231970571428,-0.21097352929259117
MOB1A,0.06204895508628727,0.14759390476236334
MOB1B,0.06231102387004572,0.25352936076166266
MOB2,-0.13668777768134888,-0.356109691225833
MOB3A,0.019860509455702946,0.4534994062232167
MOB3C,-0.2100514708928949,-0.3459129569552051
MOB4,0.04677788513003378,-0.036938582450786406
MOCOS,-0.5466150013140245,0.14890468524204037
MOCS1,-1.0758193245686474,0.058457047258503925
MOCS2,0.3503469635788248,0.15913847731715247
MOCS2-DT,0.4329913867347557,0.20433062871346497
MOCS3,-0.04328225643233008,-0.007837654419951434
MOGS,0.045600872421737826,0.5120771083786062
MOK,-0.11247231837792881,0.38383103657014495
MON1A,-0.36857175671562814,-0.10205178490416333
MON1B,-0.11028533834076537,0.20881138729226922
MON2,0.08396840066723321,0.6152682802226064
MORC2,-0.10010786501770763,0.2033704317798275
MORC3,0.1019945510676532,0.35899795097173426
MORC4,-0.1394844344338022,0.3111723140947813
MORF4,-0.0908105776862328,0.009978398778604736
MORF4L1,-0.1175779863790769,0.00014909068786828072
MORF4L1P1,-0.15674338233353335,0.027027675539336382
MORF4L2,0.2248891964471582,0.3521095014331532
MORN1,0.3336340298319791,0.09268558357717893
MORN2,0.07564353573661631,0.09376624908029729
MORN3,0.4487796333570712,-0.5000797636593715
MORN4,-0.2599835493393656,-0.16167832324792197
MOSMO,0.04055447121122757,0.4082082007108445
MOSPD1,0.38697962082092285,0.47775233081640556
MOSPD2,0.08852291419435998,0.48235830915604083
MOSPD3,-0.17968464438387244,-0.31467199246733824
MOV10,-0.2569309500196564,0.24817382856161263
MPC1,0.37305922573718453,0.4976623661552888
MPC2,0.06950370754134827,-0.12084756471904168
MPDU1,0.005978077230639478,-0.4034802504380819
MPDU1-AS1,-0.21646381680478233,-0.5250502099933223
MPDZ,-0.06315663397316662,0.026759435742968126
MPG,-0.0843077353207109,0.004804635959509085
MPHOSPH10,0.15043757556889847,-0.3235751001702134
MPHOSPH6,-0.17158845756180696,-0.06052770786670303
MPHOSPH8,-0.2119233849026685,0.07506746358907534
MPHOSPH9,0.029417798329026468,0.6497310514773695
MPI,-0.21041050225691116,-0.21235796341752167
MPLKIP,-0.04323712449806827,-0.037664861056464716
MPND,0.12159759719166408,-0.24907267311921943
MPP1,0.14112679032117104,0.4457385998407004
MPP2,-0.03615830512429996,-0.03034265427582561
MPP3,0.10062061339977624,0.01208845087085364
MPP7,0.029762461858165695,-0.2568513854083152
MPPE1,0.37867127054308103,0.4907806578999123
MPRIP,0.1904073383397069,-0.5488818790795928
MPST,0.014775671892632403,-0.05098018055430309
MPV17,0.04777670468281503,-0.4977304400080165
MPV17L,-0.19803673423045876,-0.4582882954827552
MPV17L2,-0.24776675521706704,-0.1249693973849908
MPZL1,-0.27902882503743864,0.6514328819071808
MPZL2,-0.23393456797432663,0.27992674674574847
MPZL3,0.12194490303770233,-0.16497624524194165
MR1,0.5612786239905212,0.36696244147077817
MRAS,-1.0422364102428614,1.8447542313643561
MRC2,-0.6957048133358965,2.299439725913766
MRE11,-0.025497746755458017,-0.3362074527922565
MREG,0.14821899183207066,-0.07595586848673364
MRFAP1,0.15397999355629466,0.05146160650249243
MRFAP1L1,0.04150112251670457,-0.1819483965101929
MRFAP1L2,0.042904418800751465,0.09972151616909564
MRFAP1P1,0.11483526000855149,-0.11590660754985938
MRGBP,-0.0005775841090134293,-0.0451728220797758
MRI1,-0.05353992417105147,0.16606139473925818
MRM1,0.06189166700484039,-0.6470127638201135
MRM2,0.03470962647307019,-0.09707366154591224
MRM3,0.2706892743375571,-0.18388708134720977
MRNIP,0.24258589184700252,0.003992417336302623
MRNIP-DT,0.058092555432165405,0.2594123004277997
MROH1,-0.12567810000465585,-0.2778185019842878
MROH6,0.02677807551651945,-0.07754442383967408
MROH8,0.5478870314573087,-0.16023895516963105
MRPL1,0.1633706274700364,-0.3411501631800449
MRPL10,0.11489033644031021,-0.5853973640027315
MRPL11,-0.07605581764672209,-0.30619002960344677
MRPL12,0.029983552417398585,-0.6618565519763817
MRPL13,0.07506245758909547,-0.1838195921549186
MRPL14,0.017113118199841182,0.30014201191075074
MRPL15,-0.0842526592423134,-0.2181257028763337
MRPL16,-0.12412872607020375,-0.11011202818721788
MRPL17,0.010598471695082878,-0.46812642479020816
MRPL18,-0.02763366775302334,0.38566033767483354
MRPL19,0.16714831688464038,-0.015227910786396848
MRPL2,0.037878247648535535,0.48342403548627466
MRPL20,-0.07730763148543662,-0.3665312161427572
MRPL20-AS1,0.019277386329283885,-0.03191192679325372
MRPL20-DT,-0.014072677834132019,0.09407189255435022
MRPL21,0.10583260097830127,-0.28454068018884726
MRPL22,0.09931596818980903,-0.1493081211254701
MRPL23,-0.06147722075377793,-0.2530303326776
MRPL24,0.11598703973199065,-0.3606952512384014
MRPL27,-0.09006292964474127,-0.5005779069074663
MRPL28,0.05117383487543847,0.08999897100984278
MRPL3,0.006322914955263492,-0.0432676008218662
MRPL30,-0.23362908120605308,-0.3478282386133875
MRPL32,0.25838275246618725,-0.14881332990747165
MRPL33,0.04975698196156575,-1.0874031705729852
MRPL34,-0.5247711135302424,0.05758522065625726
MRPL35,0.13036327251424673,-0.3461141763179887
MRPL36,-0.2786295303794297,0.0035465603917463895
MRPL37,0.02082595636310902,-0.11187454556715082
MRPL38,0.1351551127419357,-0.2686602796692743
MRPL39,0.010130030228305387,-0.06569269207652972
MRPL4,-0.035785153480722975,-0.07159488614877496
MRPL40,-0.11942404671750229,-0.30474186297048433
MRPL41,-0.2525769977204373,-0.4146547221117656
MRPL42,0.014459930693472067,0.15722653229785433
MRPL43,-0.5309907203295241,-0.17368932683537608
MRPL44,0.06269633209752001,-0.25179882199750114
MRPL45,0.19958994176723444,-0.23968439044311562
MRPL45P2,0.10580192475958494,-0.7629105649033607
MRPL46,0.07039353987147168,0.4319153837055708
MRPL47,-0.0022269693911871613,0.005607131469714588
MRPL48,-0.39374990386858144,0.16598273368557237
MRPL49,0.02994375577255326,-0.3328166125235823
MRPL50,0.19074857482837615,-0.07667683245315793
MRPL51,0.16907781818605816,-0.2595076178020985
MRPL52,0.09848261221223975,-0.18234929620779283
MRPL53,-0.2170453802390978,0.2420132820865093
MRPL54,-0.12096640489665855,-0.17568164205109493
MRPL55,-0.044381852113038356,-0.02376826560643419
MRPL57,-0.147194429080165,-0.283904679861287
MRPL58,0.07343606534578218,-0.24966941742394955
MRPL9,0.21182647920394526,0.02332975196285414
MRPS10,0.12253687855942541,0.3807848635215052
MRPS11,-0.14028989581872153,-0.18716334527082523
MRPS12,-0.09317367119277087,-0.1728374865952409
MRPS14,0.017462237981712647,-0.01723805789273669
MRPS15,0.00504957451787913,-0.25415606146104874
MRPS16,-0.1807448614889413,-0.03123403271792391
MRPS17,-0.06728124852344974,-0.08963537397594035
MRPS18A,-0.029981481682238353,0.34353605641758467
MRPS18B,0.1450635876399744,0.1299179315916934
MRPS18C,0.03479089077624975,-0.38727582165565266
MRPS2,-0.00422260506538219,-0.26380454404079057
MRPS21,-0.10550452620890738,-0.3214454248574281
MRPS22,0.034372670672184746,0.15055196329278253
MRPS23,0.0741524671474707,-0.39691424639628003
MRPS25,0.22284749183698116,-0.12490687777979437
MRPS26,-0.1267256399321397,-0.5520779122261601
MRPS27,0.03601464277953603,0.1159391060376933
MRPS28,0.13364395650281957,-0.11166278281609054
MRPS30,0.15841679251495844,0.14549682685828458
MRPS30-DT,0.05985292873662834,-0.4457219137166769
MRPS31,0.5299099668678737,0.0012226650933184757
MRPS33,0.08143950659534038,-0.658249267377589
MRPS34,-0.30379109429005346,-0.4441777666278677
MRPS35,0.01625021481599287,0.03560435436160603
MRPS36,0.043447525627046346,-0.30511047938382774
MRPS5,0.12911532444598262,-0.1682332401373401
MRPS6,0.02367805344284246,-0.4860169081428207
MRPS7,0.058787776359919164,-0.3938447153589939
MRPS9,0.18619145026294248,-0.424197973715974
MRRF,-0.012284793193456878,-0.11586627471822908
MRS2,-0.07069501779935461,0.42095267942627324
MRTFA,-0.7216285194662966,0.27563635623396276
MRTFB,0.07945466724173045,0.6765735439622951
MRTO4,-0.017984479572757728,-0.16326287841383902
MSANTD2,-0.0018741681438765312,0.12244737790103866
MSANTD2-AS1,0.2167282627818385,0.03805314380595837
MSANTD3,0.20512080151450007,0.6008053488520075
MSANTD4,-0.16945320435713374,0.062175555552527406
MSANTD7,0.2074728550443159,0.08066149939431444
MSH2,-0.027635947624201407,-0.0889584346095118
MSH3,-0.07586112444072235,0.2184158608174691
MSH6,0.16161439642049658,0.5635684956374378
MSI1,-0.3781754436616407,0.1299907925048297
MSI2,0.05559842983710528,-0.009389469328956679
MSL1,0.08168464047457036,0.36627253994933895
MSL2,-0.010500547299191254,0.6391152408344984
MSL3,-0.095268218942417,-0.029774992869047168
MSLN,-0.1991194918146615,-0.1627144322655747
MSLNL,-0.03257573227319623,-0.6487187825653883
MSMO1,-0.10084870189311879,0.2449390365160209
MSN,0.06570651368683755,1.9073746657047552
MSRA,0.05158626948173284,0.14675354806391017
MSRB1,-0.053483317319561685,0.05593484418848149
MSRB2,0.36248998297879576,0.1580896363684392
MSRB3,-0.09438578447560975,2.100699065130952
MSS51,-0.051419887720588364,0.02622123119119968
MST1,0.3044157831586697,0.27539767173229013
MST1P2,-0.3017301522883113,0.08387969217214408
MST1R,0.10635649905071176,0.3533985241996369
MSTO1,0.16579673490913027,-0.015799102675796206
MSTO2P,-0.3154980250642436,0.32326062657143684
MSX1,-0.08378409364729444,0.7251761582638707
MSX2,0.8601829826368799,-0.04928904220423558
MT-ATP6,0.4519243054227431,-0.33554510753060995
MT-ATP8,0.4912967350283446,0.23827910404476849
MT-CO1,0.5204528228353826,-0.6968456430593886
MT-CO2,0.4680765396158808,-0.3616974077993671
MT-CO3,0.2718781925874989,-0.6431112679008741
MT-CYB,0.39451111762445734,-0.5128948423135498
MT-ND1,0.33186081210676477,-0.7870512540036483
MT-ND2,0.6023030289912992,-0.5230262581840943
MT-ND3,0.3149688881388144,-0.5162535730180533
MT-ND4,0.5515363223186469,-0.5199600104918414
MT-ND4L,0.5094237749764128,-0.5043819361142976
MT-ND5,0.4349638168648067,-0.48331801789506734
MT-ND6,0.5518927269577123,-0.5628214353362484
MT-RNR1,0.31077177358973884,0.09059596924591595
MT-RNR2,0.29718535622700415,-0.4584286355647045
MT-TP,0.3194887772632473,-1.022336770939793
MT1A,-1.2813247256908213,1.0045127354467724
MT1E,-0.7628816824867783,0.7107255061041515
MT1F,-0.6214742510962123,-0.10176542492023266
MT1L,-1.1162378819108012,0.1653401841409472
MT1M,-2.0624180245144395,0.33953280967292243
MT2A,-0.48212283682711643,0.9434440745658632
MT2P1,-0.2709157372405743,0.3562679816290796
MTA1,0.15835908422473288,0.11743429160441465
MTA1-DT,-0.19720887589371605,0.07170494680599004
MTA2,-0.15978019876564442,0.19823103117141905
MTA3,-0.22632033273987062,-0.4738180686368336
MTAP,0.03527126689433259,-0.35784497430451356
MTARC1,-0.30915382313605644,0.3484270736508437
MTARC2,-1.557441770120269,0.20197608303852777
MTATP6P1,0.41358014939693355,-0.24127645912247253
MTATP8P2,0.06290351851533754,-0.06043190373731355
MTBP,-0.06051565517200519,0.5677109290485838
MTCH1,-0.11529010488338542,0.3196606367273276
MTCH2,-0.10619040990093431,-0.22719583363259765
MTCL1,-0.7581078447600982,0.3956534649423866
MTCO1P12,0.5170736405343632,-0.7336439499316993
MTCO1P2,0.23444535426329172,-0.13539172639388763
MTCO1P40,0.21446276902525208,-0.7645776885311197
MTCO1P53,0.41872466073512715,-0.25997665881895116
MTCO2P12,0.3106277578304706,-0.2809232350719406
MTCO2P2,0.4066922577176846,-0.26587104571128073
MTCO3P12,0.2307478883209031,-0.3797557046279296
MTCYBP18,0.025775410231581808,-0.25948347885143724
MTDH,-0.02396899859853363,0.40952656266303045
MTERF1,0.22506424289915739,-0.20411059294866352
MTERF2,0.12005762825745236,0.5322170849875103
MTERF3,-0.056277783661962566,0.0743313847793341
MTERF4,0.14776396125834523,-0.01771871123514579
MTF1,0.001127868556795697,0.4311866810909346
MTF2,0.32829923895798796,0.3749202307430135
MTFMT,-0.11727961684841226,-0.30018010425300323
MTFP1,0.01948907958841334,0.26482180240414355
MTFR1,0.09811852980674729,0.13304201575994679
MTFR1L,-0.021862029354164925,0.06366419537053059
MTFR2,0.17989190841618585,0.15204018261316454
MTG1,-0.07205062009325292,0.030337664397666053
MTG2,0.158935541018268,0.19488173022693545
MTHFD1,0.1543015233745928,0.17093797855614756
MTHFD1L,0.018425558406203635,0.9501680062226407
MTHFD2,-0.06311752755165134,0.37111680842992456
MTHFD2L,0.2534512006587937,0.04170872258845293
MTHFR,-0.08900799464932962,0.3571850556708025
MTHFS,-0.26754662450802413,-0.26271686174285147
MTHFSD,0.09221648354062983,0.11501505887622976
MTIF2,0.0977715235534884,-0.07395030699974647
MTIF3,0.16586814276898165,-0.017342471875117837
MTLN,-0.22031182266018412,-0.47055302235156926
MTM1,0.14453724366325194,0.3372285551845593
MTMR1,0.03373961612331566,0.4739235244637161
MTMR10,-0.024554858650621014,0.17864773667363254
MTMR11,-0.0756838471430683,0.487658499254108
MTMR12,0.0458403825008844,1.0271963559160837
MTMR14,-0.08793282747552222,0.039430100705413196
MTMR2,0.14874876113543944,0.037934049288168126
MTMR3,-0.1919454344166991,0.05616378530881949
MTMR4,-0.20032834215676765,0.19376162040876377
MTMR6,0.009596491157853215,0.9456988128868908
MTMR8,-0.17496200741995271,0.054858832327128626
MTMR9,0.30444341928331964,0.50036946810497
MTMR9LP,0.05026743240427578,0.3192761174873633
MTND1P23,0.5340101426005939,-0.557334900105591
MTND2P28,0.4556989505639799,-0.22909232861788142
MTND4P12,0.36112468109241513,-0.27193511684850824
MTND5P11,0.10900246501380506,-0.11971313417164575
MTND6P4,-0.0022434447033452543,-0.13652192331721613
MTO1,0.06555375505516903,0.6754497608244914
MTOR,0.020502868515460904,0.32087621525262655
MTPAP,0.20003098701322308,0.04875482515101748
MTPN,0.14042823493448786,0.11240086826210405
MTR,0.30588863652050513,0.3775747294251035
MTRES1,0.27192744322205,0.23024120812919158
MTREX,0.036331456244812266,0.16913515101542753
MTRF1,0.17133286603842723,0.02576673408931729
MTRF1L,0.1179880077091191,0.5324852152464841
MTRFR,0.2281537883359963,-0.012082309971434668
MTRR,0.14762833951101406,0.6435772021712878
MTSS1,-1.6911504764098417,0.07242035077970577
MTSS2,-0.06107104749581893,0.06057404970688651
MTURN,0.2631499020546251,-0.5793725222567367
MTUS1,1.0997117767597326,0.7958418850493074
MTX1,-0.021624644103620305,-0.10298398663139618
MTX1P1,-0.10952673525467382,0.11967992313462084
MTX2,0.04616235677189007,-0.45429519991109935
MTX3,0.21036689351487725,0.5340021640163037
MUC1,-0.41382381382368294,-0.7257900469494203
MUC12,-0.46260278449891046,0.057331982376621404
MUC13,0.0,2.197156106151739
MUC16,-0.7133449512825139,-1.2720896455666058
MUC20,-0.02515039021490946,-0.7132285223763715
MUC20-OT1,-0.10959390183389006,-0.315408838255562
MUC20P1,0.0,0.3858581839245483
MUC3A,-1.0929887140867045,-0.5568339723798224
MUC4,0.05436283750182346,-0.6202836985067384
MUC5AC,0.01264066066568359,2.548326682100154
MUC5B,0.04109941229733394,0.5960952099702715
MUC6,-0.033164083060115535,1.1184545034595255
MUL1,-0.10485590412198675,0.13395963170914982
MUS81,-0.009121446239284126,-0.09096819070752016
MUTYH,0.6678381558906246,-0.14670188870349987
MVB12A,-0.1284278036609381,0.08909832290406516
MVB12B,-1.3014838748619755,0.057248857854013124
MVD,-0.038766566209339715,-0.006283650556658138
MVK,-0.22568855430809442,-0.3690151503337731
MVP,0.41335195151247994,0.008970974850910807
MVP-DT,-0.12292033655513235,0.14478481192468706
MX1,-0.22849138177014383,0.7078326014996463
MX2,-0.04388457796362477,1.2714968362903605
MXD1,-0.6539186976163336,0.4564275055944931
MXD3,-0.03809338601279855,-0.2433359335590235
MXD4,-0.3584224808419023,0.5452961835571166
MXI1,-0.2339500554706504,-0.05362808010926834
MXRA5,-1.2547638743974443,0.0
MXRA7,-0.17184854260831894,-0.44922987611838394
MXRA8,-0.406797911746108,0.4688605860370503
MYADM,-0.16592518366718778,0.32687366417658925
MYB,0.18740680787641217,0.4780668286454953
MYBBP1A,-0.08076451974948018,0.5035475645139078
MYBL1,-0.1427709326147264,0.019817484697703946
MYBL2,-0.02742830965581522,0.5241455727490361
MYC,-0.23772712646132987,0.21944265664165918
MYCBP,0.21977374244893655,-0.10763765728021957
MYCBP2,-0.037355225638462386,0.5503642057552565
MYCBPAP,0.059843048188360726,-0.21491372555235677
MYCL,-0.16936890474350008,-0.0616632375323205
MYD88,-0.3225973927754975,-0.12776628383788857
MYDGF,0.03353426278163241,-0.3256901598030719
MYEF2,-0.15791334293091808,-0.47396975785341455
MYEOV,-1.4603507914105327,-1.2186459607575477
MYG1,-0.09847697768346553,-0.3150568281658286
MYH10,-0.571830507806502,0.09905817187540666
MYH14,-0.012623453802552476,-0.1925324048113808
MYH15,1.2851463357010218,0.7783350236118944
MYH16,-0.33791497312268376,0.1750859329309502
MYH9,-0.2664055914194421,-0.14733455681035856
MYL12A,0.15947664670632378,-0.23160308472544422
MYL12B,0.15301550340533332,-0.559007067613976
MYL5,0.14260232021293184,-0.30608470377315067
MYL6,-0.020085547622811006,0.10964065866521899
MYL6B,0.008930801027924318,0.17449217609909073
MYL9,0.2735971894987985,0.35403434534317535
MYLIP,-0.03375797291332061,0.37037478092080445
MYLK,-0.21839011990944757,2.239205911353385
MYNN,0.02837766317604995,0.25609287764904254
MYO10,-0.863823128531485,0.8679481335681594
MYO15B,0.04480605147541239,0.039118825493162035
MYO18A,0.2542791876591268,0.3022154786154969
MYO19,0.1724349650895407,-0.2799767068119552
MYO1B,-1.0976364165300616,0.19270717687653338
MYO1C,0.03268764166245042,0.03336161848302499
MYO1D,0.5668372894968451,-0.4409688782072525
MYO1E,-0.5534496346374027,-0.4154442394856046
MYO1F,0.24544414269724324,-0.1955100882771219
MYO5A,-0.39278754457751575,-0.19609163420815756
MYO5B,0.31618170894926795,-0.7482165584428646
MYO5C,-1.1654288002688125,-0.5770511152463902
MYO6,0.07090125291738048,0.4147787244234822
MYO7A,-0.3015434221516873,0.02974322474908586
MYO9A,-0.11592461554840394,0.0629111572487826
MYO9B,-0.2835703806801275,0.4904501113691673
MYOF,-0.322669085789105,0.07451787297141976
MYOM1,0.13569694457275627,0.8564823001315653
MYOM2,0.15487777097599742,-0.9157204094052436
MYORG,0.0719418841849766,-0.39024865455540514
MYOZ3,-0.3222614380147384,0.1719797790263543
MYPN,1.1774929035978179,1.048242825645392
MYPOP,-0.1750831127537511,-0.18091976604283566
MYRF,0.33499131924282466,-0.9609839549959016
MYRIP,-2.1445813187332767,0.03169761151553581
MYSM1,0.18846266221818464,0.3302519964746429
MYZAP,0.13235749283636672,-0.06428904211720265
MZF1,-0.0696420937070874,0.2761481905341805
MZF1-AS1,0.23244947196222787,0.29175062290286713
MZT1,0.49029416005034676,0.2160042920563905
MZT2A,-0.18379136896966308,-0.5246496747137295
MZT2B,-0.1027754537896719,-0.7352473465586944
N4BP1,-6.378588710909128e-05,0.023156025508543898
N4BP2,0.17679785492639422,1.0079232283367499
N4BP2L1,-0.25278351232624297,-0.13376784334833225
N4BP2L2,0.436758027920062,0.18444957034114395
N4BP3,-0.3827105715046706,1.6202163606413298
N6AMT1,0.2646383698252337,0.1025695525603143
NAA10,0.12480258237922115,-0.10696366785703626
NAA15,0.11373514056666778,0.18515287780862977
NAA16,0.2642036685776974,0.7361963701278749
NAA20,0.1154428901554656,-0.38907170688181303
NAA25,0.12097424007977242,0.41563526793736916
NAA30,0.12194611550829393,0.31657430132573605
NAA35,-0.04184598516067339,0.11689819750831365
NAA38,-0.2957459883414195,-0.34901742972104355
NAA40,0.014390167042794388,0.06794692372425537
NAA50,0.143880747359443,0.2411142464402234
NAA60,-0.02239842245559842,0.01883028113543972
NAA80,0.12992906323938547,-0.2692888741307642
NAAA,-0.3378692926848883,-0.20401753272368106
NAALAD2,-0.11869250980730284,0.20890202940069008
NAALADL2,0.7814060048091347,-0.06714255951404535
NAB1,-0.29013301408519343,-0.12390538473782708
NAB2,0.035329485068472444,0.6015141326792381
NABP1,0.3771354274592422,-0.1867028283747869
NABP2,-0.16396340079682137,0.09741980991321242
NACA,0.10047892074852705,-0.1368766671007986
NACA2,-0.029132629927759668,-0.0642335542876602
NACA3P,0.1759235619418117,-0.007952814431976707
NACAD,0.12678065716066556,0.7626010910642964
NACC1,0.01314558120688325,0.17923483245946326
NACC2,0.024611607790363976,0.03746722038014738
NADK,0.435086720421638,0.5416031445160598
NADK2,0.33101131205439227,0.7070599426393214
NADSYN1,-0.23236606154287376,-0.4486966389963518
NAE1,0.1546463414042618,0.36435651770843513
NAF1,0.10729647534902753,0.07137696384242487
NAGA,0.12873124202725705,-0.09157443214935679
NAGK,0.11945166587378253,-0.3895598724742131
NAGLU,-0.009710807870764171,0.17020475858283834
NAGPA,0.035699837181688565,-0.001526028089894993
NAGS,-0.0992450081125047,-0.043206726465958134
NAIF1,0.007945289588502824,0.033457778646174496
NALCN,-0.5692128234548468,0.19239179994825095
NALF2,-0.10503436433945312,0.11120000802047025
NAMPT,0.7012267827935377,0.783898648994116
NAMPTP1,0.6216796645587458,0.48071657556473857
NANOS1,-0.42538705784677155,-0.3378221203798075
NANP,0.2308018562655172,0.21436814168459906
NANS,-0.008293932438173002,-0.47643680831322577
NAP1L1,-0.015316257582220771,0.09883571823093895
NAP1L1P1,0.02815842620469544,-0.12069480050291059
NAP1L2,0.7476612885810263,0.0
NAP1L4,0.03260532970991292,-0.02264802019753631
NAP1L5,0.33172146414664794,0.3243914610473613
NAPA,0.061808321584325476,0.3090064372578034
NAPA-AS1,0.04106869630223753,0.015266343718781772
NAPB,0.22358171396781357,0.12831569083287775
NAPEPLD,-0.031832329563703965,-0.3355381799947601
NAPG,-0.12264177300496648,-0.038445089395303
NAPRT,0.5606896194321509,-0.6192787748080626
NARF,-0.27399048314842744,-0.23125677306924075
NARF-AS2,0.2919584930432375,-0.1274375406687437
NARS1,0.22319230568844617,-0.1871563295180021
NARS2,-0.05707413724647825,0.26017457716934
NASP,0.08985228042237559,-0.45869149768946293
NAT1,-0.07907777550460315,-0.39328588622320915
NAT10,-0.03229988802106121,-0.055546824062842504
NAT14,-0.25195694985526895,0.15552235519524693
NAT8L,-0.4398123887231975,0.8168106032173399
NAT9,0.051762815944496054,-0.46967517132143133
NATD1,-0.35608048278353843,0.06479378595689678
NAV1,0.6653064159437578,0.37230949503135236
NAV2,-0.5842789476248704,0.9315547235368888
NAV3,0.3952737507673103,1.3576150210109996
NAXD,0.1612381403652563,0.23744266594622143
NAXD-AS1,0.013308195034016812,0.497564833248588
NAXE,-0.16244365782635928,0.023187663281872162
NBAS,-0.12755041373856102,0.20469741977653477
NBDY,0.1170447082723598,-0.3537478797125413
NBEA,1.0302121131307027,0.23911241280845852
NBEAL1,0.17084252080444084,0.5986247093485124
NBEAL2,0.055340693327019075,-0.2416488052058261
NBEAP2,0.00840506830788268,-0.11180472153390819
NBL1,-0.5252145898185541,-0.47945995238336625
NBN,0.11552760759229574,0.38710536694891484
NBPF1,-0.1089370861692327,0.27112178238118423
NBPF10,-0.07057675822874065,0.4001015496658087
NBPF11,-0.020298523307461735,0.4807988679754396
NBPF12,-0.3510076221429741,0.4181856702199338
NBPF14,0.155450706559205,-0.018800615061367765
NBPF15,0.07821458563994899,0.8352808688763056
NBPF19,-0.20124288015770508,0.20411218433514344
NBPF20,-0.1998746332660135,0.3130551650763138
NBPF25P,0.2818208443658352,0.19851775425364082
NBPF26,-0.11307838290144767,0.3672699039220384
NBPF2P,0.22497546703667193,0.08826872743836889
NBPF3,-0.24911089010591336,0.6586050829101202
NBPF8,0.25841934253016285,0.47103120054954006
NBPF9,-0.035251860365717924,0.7298982599774422
NBR1,0.09499247412338807,-0.2697802406792835
NBR2,0.06508603002054647,-0.2500894388762247
NCAPD2,-0.252945088373143,0.05328763279862159
NCAPD3,-0.024884736795407036,-0.05963821011248083
NCAPG,0.2989943294384574,0.47206678863884877
NCAPG2,0.21923245397231117,0.24798738363449768
NCAPH,-0.0033471953149337708,-0.07872003304704611
NCAPH2,0.22952862784890993,-0.08603355343382812
NCBP1,0.10590515985889493,0.20364093254674742
NCBP2,0.02491850808000695,0.01583305356324871
NCBP2AS2,-0.27649535467195596,-0.2522442499739146
NCBP3,-0.006142123538463551,-0.0006029479508766755
NCCRP1,-0.3225856768958758,-0.32981282437537024
NCDN,-0.13886820815269107,-0.06743187411999418
NCEH1,0.02607315993860304,0.8127057400883686
NCF2,-0.003971848704891534,0.5710575502437298
NCK1,0.02709375958987792,0.3421569982568302
NCK1-DT,-0.16308954868011316,-0.03343261762273819
NCK2,-0.26992881748324393,-0.20477682556989318
NCKAP1,0.09952791781745063,0.23419729277400947
NCKAP5L,-0.1680415932928634,0.2503296504683794
NCKIPSD,0.05188779224030071,0.3936113883800543
NCL,0.23193095822806065,-0.3013329479854523
NCLN,-0.024807560777291293,0.2914851967686296
NCMAP,0.17232840907196834,0.04023452095166569
NCOA1,-0.07683613971223657,-0.06743535438500015
NCOA2,-0.11527339895691391,0.5186187623160201
NCOA3,-0.12964147396629144,0.5748440459109414
NCOA4,-0.33293818368618133,0.24596733458849496
NCOA5,-0.016622159970459904,0.18335462504948286
NCOA6,-0.30810807423281084,0.35585427112602463
NCOA7,0.11337080066149241,1.3105922228069486
NCOR1,-0.12684117332581035,0.36119805127069693
NCOR2,-0.265547150182325,-0.08130758442088926
NCR3LG1,-0.48979264130136846,0.42133808227854275
NCS1,-0.062213001778221866,0.2517485965050632
NCSTN,0.18169339814113705,0.6062983032084643
NDC1,-0.26130450805176597,0.17439332647359418
NDC80,0.021275556708033605,-0.13964609386123472
NDE1,0.09560662954286414,0.20319894104007208
NDEL1,-0.08294818674701965,-0.23528815809390835
NDFIP1,0.07519571513530199,0.007955600688948294
NDFIP2,0.5233229223332572,0.13333799377872868
NDOR1,0.27396048217011204,0.41739976041778615
NDRG1,-0.9692426578742008,1.078984435537313
NDRG2,0.11991286192753053,-0.8522891874855976
NDRG3,-0.14273711552752033,0.3289954650791982
NDRG4,2.4400171802982795,-0.11406586734800017
NDST1,-0.21270406393630736,1.176174241297545
NDUFA1,-0.09762284199749871,-0.048894216649866706
NDUFA10,0.026768042479779375,-0.40377524117024155
NDUFA11,0.0030661806402001446,-0.13779729366971227
NDUFA12,0.1321442336058123,-0.17487201848334166
NDUFA2,-0.19782946112774047,-0.01812622484170534
NDUFA3,-0.48805429398618294,-0.2724196665747458
NDUFA4,-0.11753071820868932,-0.07004107034816798
NDUFA4L2,-0.10702088568781498,-0.024514903275125177
NDUFA4P1,0.09284748391979747,-0.04231042750674763
NDUFA5,0.2794669846143405,-0.2054578521041064
NDUFA6,0.05901540374182446,-0.49235347615853886
NDUFA6-DT,0.2626928991953615,-0.08329390227356026
NDUFA8,0.02334167323284575,-0.25567846029588104
NDUFA9,-0.05536418245947017,-0.32966298096157054
NDUFAB1,-0.035134836731326224,-0.1742121765007445
NDUFAF1,-0.01782172371781776,-0.3550612998586318
NDUFAF2,0.22629779164812636,-0.12971425589599406
NDUFAF2P1,0.30122891465620705,-0.009623618090282005
NDUFAF3,-0.03406216191931932,-0.4162771051697174
NDUFAF4,0.3079145173704214,0.3970655028220924
NDUFAF5,-0.16540538331333243,-0.18342715263587195
NDUFAF6,0.028617785029755538,-0.3146158115531583
NDUFAF7,0.12025728374343903,-0.1551135802396697
NDUFAF8,-0.1267191286865259,-0.694817746920239
NDUFB1,-0.036798930434878585,-0.2377205620950864
NDUFB10,-0.15547395209646186,-0.10569325071461222
NDUFB11,0.11278090206148228,-0.2876754098147778
NDUFB2,0.13316235052738445,-0.5614727751293089
NDUFB3,0.10295706495461232,-0.545077328450156
NDUFB4,-0.11553852298053346,-0.08668790769668178
NDUFB5,-0.015642738946986867,-0.006105304344024454
NDUFB6,0.0022688487389448397,-0.28640993275669757
NDUFB7,-0.16712196516430478,-0.2866493121103977
NDUFB8,-0.09777645810295721,-0.40499760866660167
NDUFB9,-0.10648641307201157,-0.5840186391015152
NDUFC1,0.10932574054728672,-0.3423405910832047
NDUFC2,-0.4097375731819233,-0.3458501196194783
NDUFS1,0.05703950626833709,-0.2172701320637307
NDUFS2,0.14033300048796082,-0.06633013952634581
NDUFS3,-0.2565159551397995,-0.45462766642999153
NDUFS4,0.15291983706529422,-0.16009421388019618
NDUFS5,-0.1223577767809294,-0.4059052819399547
NDUFS6,0.08436593051131602,-0.03142508470725058
NDUFS7,0.036956233739005695,-0.03832787833129436
NDUFS8,-0.017255703224527963,-0.34636689087990646
NDUFV1,-0.014700532831873225,-0.05350374913143252
NDUFV2-AS1,-0.10371567669030862,-0.2635455156148908
NDUFV2P1,-0.030650761261249215,-0.3691020983132418
NDUFV3,0.08580775203779645,-0.3797866255598885
NEAT1,0.3888059810158744,0.6169925831492113
NEBL,-0.2670828023583116,0.6820807131161741
NECAB1,0.7419766484290649,0.5531987986197519
NECAB3,0.15274070877033896,-0.6665225637578942
NECAP1,0.19837117445030694,-0.053323677224720534
NECAP2,-0.00812151955014695,0.31133179721105986
NECTIN1,-0.7197948517393327,-0.724870128674497
NECTIN2,-0.3039911210432713,0.0039057544545553213
NECTIN3,1.9676940175429192,-0.10313058948792797
NECTIN4,0.0459574430970065,-0.16089956663543958
NEDD1,0.13499682936693347,0.5043206342612723
NEDD4,0.23398842876539128,1.5512145275946123
NEDD4L,0.01972933612994776,-0.2913246815784136
NEDD8,0.16365184415098533,-0.1823918142982821
NEDD9,-0.09688903152061698,2.4145967123848386
NEGR1,-0.30002615265971855,1.3767206042794213
NEIL1,-0.5974638223545552,-0.06527880049696333
NEIL2,0.09463371905860107,0.13864581879240356
NEIL3,0.2043998682545034,0.08029606622517793
NEK1,0.2857107793095439,0.4821603819999756
NEK11,0.6623161306412206,0.07672379711222233
NEK2,0.22008434220990747,-0.21009613631694535
NEK3,0.561331512256988,0.6070538191075687
NEK4,0.05547879477476858,0.19868649282919826
NEK6,0.20275480916620214,0.5992252841312871
NEK7,0.36513984921965736,0.44660931495917566
NEK8,-0.05167056261818104,0.06171984535877062
NEK9,-0.031184123595473068,0.4520538943650507
NELFA,-0.20530208586896315,0.01605536458888679
NELFB,-0.048722304187690746,-0.1298218360790031
NELFCD,0.07686050014729329,0.08865350929330607
NELFE,0.08879081605775241,0.48087597078557476
NEMF,0.0870166030299977,0.20496110337525497
NEMP1,0.25387513277793783,0.3632025366485765
NEMP2,0.04088967425760126,-0.4431268523989482
NENF,0.06783839096234878,-0.2668657550683937
NEO1,1.3421032515554683,1.4553723212281335
NEPRO,-0.0519944605980891,0.13166128375150965
NES,-1.0373730734629047,1.5187352342443217
NET1,-0.5190528048781999,-0.2612602312015566
NETO2,0.5694931933743161,0.5707205745707897
NEU1,-0.7166448587685599,-0.414408993597864
NEU3,-0.09634784921286244,0.4536872892086832
NEU4,-0.13553390593277248,0.028151680361816426
NEURL1,-0.2083953075349198,1.4750984438283967
NEURL1B,-1.124384043573266,0.11055602815438137
NEURL3,-0.15487265043710596,0.623632946944225
NEURL4,-0.19814263180816294,0.06430930059741558
NEXN,-0.6803084677315705,0.09039658698321623
NF1,-0.07272247159001832,0.3755489634891802
NF2,0.04230183325648618,0.31620556743086503
NFAM1,0.2976539190346659,0.6842684242418642
NFASC,-0.6106013160981982,-0.019816038182917287
NFAT5,0.2531759349726155,0.7773028539011317
NFATC1,-0.726148327313699,0.11761077118658037
NFATC2,-1.1439090888120562,-0.16558513340699044
NFATC2IP,0.2859583586898067,0.03310358257026813
NFATC3,0.01917211384352724,0.5271212635676377
NFATC4,-0.027459904029403112,-0.4892262700661689
NFE2,0.0377085365383657,0.8156085403820015
NFE2L1,0.1540926132544378,0.22698129413180546
NFE2L2,0.2310362534977637,-0.08800985423194874
NFE2L3,-0.33065526194291106,0.8596516505976721
NFIA,-0.36577737012436673,-0.0806971174515394
NFIB,0.28574815708397594,0.8876027878093247
NFIC,-0.21054717198378903,0.45720647695795336
NFIL3,0.24767024882828093,0.8617646804336871
NFIX,-0.39548620195758755,0.9395239864064893
NFKB1,-0.05467849287080817,0.8270151968758874
NFKB2,-0.2096147456357924,0.4571529861498673
NFKBIA,0.029740289426847255,1.0735864887517623
NFKBIB,0.2252479226955657,-0.3296088683007623
NFKBID,0.2457090380811997,0.2789010243831851
NFKBIE,0.007954222555272672,1.2555257356556417
NFKBIL1,-0.08911458745143896,0.0823960764107996
NFKBIZ,-0.5504517047810147,0.936487152152182
NFRKB,-0.1931773185651222,-0.012015087355346843
NFS1,-0.135570362168429,-0.15988154816209477
NFU1,0.24270191063183066,-0.3311540752646316
NFX1,0.19390317386768885,0.5452467259148346
NFXL1,0.14748873820444652,0.14010636219399153
NFYA,0.09399566289682326,0.860688122446251
NFYB,0.22671444239011507,0.2579820360606515
NFYC,-0.10851835183048841,-0.36885085580704846
NGDN,-0.006147059741659078,-0.19137550332989495
NGEF,0.7677666193883317,-0.21645320120353162
NGFR,0.26654212698834967,0.33285079525197514
NGLY1,0.5222795100597013,0.5341197802546076
NGRN,-0.3839368498651723,-0.004138188583119096
NHERF1,0.044086660930903854,-0.4905807563367759
NHERF2,-0.4349629504726984,-0.5451885445541862
NHLRC1,0.09592737426270626,0.33861626688890434
NHLRC2,-0.008341977516498567,0.44628755891056304
NHLRC3,0.3927899595608082,0.6867321160998796
NHLRC4,-0.7191174678480093,0.7181991077974486
NHP2,0.1714096227576043,0.02846794590295776
NHP2P1,0.08516222567479081,-0.05328797776045635
NHS,0.9584162014749125,0.726883788164568
NHSL1,0.2110060809641574,0.6851520941941454
NHSL1-AS1,0.09722695467877607,0.007963582139623449
NIBAN1,0.5854146265721343,1.7772270727020714
NIBAN2,0.2996153927835774,-0.08382852599766544
NID1,0.504162274067113,1.8238175986242475
NIF3L1,-0.12868851614178922,-0.28130547685602814
NIFK,0.19213264510599348,-0.3633159587495296
NIFK-AS1,0.03267557721430592,0.13716165273197167
NIHCOLE,-0.0634466836603874,-0.06676530973208372
NIN,-0.13727191956890827,0.06092779212217714
NINJ1,-0.17587806339255163,-0.2695323803686991
NINJ2,-0.2808312451412306,-0.001489343043020619
NINJ2-AS1,0.07012701364092366,0.6849313994704489
NINL,-0.2605236569871767,0.17795898189519166
NIP7,0.2965461407148977,-0.16209836664185584
NIPA1,-0.4108131652594045,-0.24142330836440795
NIPA2,-0.16547289528856357,0.0162465204210136
NIPAL1,0.13243693691961286,0.07307264474596309
NIPAL2,0.6142336639120161,-0.39831937731012523
NIPAL3,0.06520987245342624,-0.13654634755388262
NIPAL4,0.0,-1.4311954470168355
NIPBL,-0.03619073899885805,0.48873916873496626
NIPBL-DT,0.12334084255043787,0.6146925625270871
NIPSNAP1,-0.0671500317372411,-0.0843320727770509
NIPSNAP2,0.01598386843378652,0.13665807976869893
NIPSNAP3A,0.14751477825376202,0.07298331992035845
NISCH,-0.22110622335579766,0.26071173643805867
NIT1,0.22242120190990278,-0.10248193625086266
NIT2,0.1606862665543174,-0.056333748968294906
NKAIN1,-0.24466712669140556,0.04202728018037187
NKAIN2,0.673691127317104,0.1456565597047819
NKAIN4,0.6269950996293614,-0.02083806435325763
NKAP,0.1817642967877564,0.20301918251669182
NKAPD1,-0.05646872064985686,-0.029630480690469696
NKAPP1,0.43066587511452115,0.12469093397234943
NKD2,-0.6601691379707795,0.8270632063091621
NKILA,0.19739317382145138,-0.19354781718424485
NKIRAS1,-0.09741339288078832,-0.06434243337038392
NKIRAS2,0.010683192379349116,-0.44851976088988277
NKRF,-0.002306041892749633,0.21221845998326572
NKTR,-0.06506716680602054,0.20121383495310896
NKX3-1,0.3722117478809954,-0.004406395731713975
NKX3-2,-0.3037111928993306,1.219627941535029
NKX6-1,-0.9221356738598095,0.2838011992757105
NKX6-2,0.4932056034796508,0.0
NLE1,0.1989967800739869,-0.045188646933263854
NLGN1,0.8655599808904728,0.07845965554985326
NLGN2,-0.33542827573558665,0.680206109843942
NLGN3,-0.13484453061360582,0.21564796732448865
NLK,-0.04197177603996316,0.13759818608921304
NLN,0.09332809299208833,0.4095687238443233
NLRC3,-0.1938397848844721,0.1849772018969047
NLRC5,-0.5190997267207627,0.957120363112443
NLRP2,0.07461755276236667,-0.16404568159858535
NLRP2B,0.0,0.5294367373928031
NLRX1,-0.22630277073471738,0.24648416812351837
NMB,-0.009062386870454908,-0.9380228922334046
NMD3,-0.31781838966126585,0.2205386550471946
NME1,-0.13461903092744443,-0.49407593813958695
NME2,-0.41800096381010166,-0.050695497841974024
NME2P1,-0.06039925749378838,-0.061502349016182345
NME3,-0.13080496574828082,-0.192932758145842
NME4,-0.04721179165657041,0.5192109899613309
NME5,-0.661672841652121,0.06433986262647595
NME6,-0.011870504374845936,0.14703279029688598
NME7,0.02228288771053588,0.16224607526516355
NMI,-0.010342308160727676,0.2826506659407837
NMNAT1,0.25740471581901936,0.1101551189655865
NMNAT2,0.4066573188921836,0.23602211351043278
NMNAT3,-0.2888682016867592,-0.3945365846747322
NMRAL1,0.2320683755296793,-0.2739546967997111
NMRK1,0.36389596412425673,-0.2516461918701802
NMT1,0.14877338060947753,-0.09330361377720209
NMT2,0.3549243461425773,0.3745373411135411
NMU,0.10820576350530085,-2.3599141662921554
NMUR1,0.5515216697648867,-0.05805696728580149
NNMT,0.4594053323526084,0.3098189598882466
NNT,-0.18808158084921267,0.712217936272733
NNT-AS1,0.16831517943858154,0.7588365300911128
NOA1,0.03141051586190269,-0.2808689416198895
NOB1,-0.006047913142496419,-0.18450165485250736
NOC2L,0.07423218142739962,-0.009461807795213772
NOC2LP1,0.31320151136540875,0.06537086709331469
NOC2LP2,0.08757198098847874,0.03586695558705594
NOC3L,-0.08043473930691203,0.40001469524505584
NOC4L,0.12538717040650837,0.14628593985120908
NOCT,-0.12434699177686293,0.5493706561493921
NOD1,0.07907929848522643,0.4705697348898892
NOD2,0.02289007898452641,0.2541468070525663
NOG,-0.1755046202049506,0.852481040719971
NOL10,0.13688055117685494,0.022850131103159477
NOL11,0.10915891143251599,-0.02475960365529506
NOL12,0.04983811920559267,0.1358792869494373
NOL3,-0.29443406664429084,0.4725700658453915
NOL4,0.11670217152681639,0.3901844491169214
NOL4L,-1.4160101025891332,-0.64317828849099
NOL6,0.2944359089432744,0.3093982659844645
NOL7,0.12032152471320767,0.050992221311057406
NOL8,0.15784859711769705,-0.06726613346399546
NOL9,0.1793142173927098,0.1405686788091871
NOLC1,-0.1197891476127424,0.07496163691865565
NOM1,0.023493187083046152,-0.02667197554247558
NOMO1,0.015520915844152938,0.36683459275642605
NOMO2,0.15722763414108343,1.0109300466200182
NOMO3,0.1991591081154951,0.9794928563446867
NONO,0.08355226916729563,0.4286648996698421
NOP10,-0.28220471968520666,-0.2961100706596991
NOP14,0.042688024506219335,0.27932137316707717
NOP14-AS1,0.134515913120143,0.33940030491971385
NOP16,0.27514728617015116,-0.16675018620456417
NOP53,0.015682630848280255,-0.4444117177485296
NOP56,0.23951762980770042,-0.03978477104764355
NOP58,0.1224799062210522,-0.217835208733983
NOP9,-0.2110985729958541,0.6485191565638102
NOPCHAP1,0.3615165566220666,-0.24951251609572056
NORAD,0.05628915665258205,0.42539285660949666
NOS1AP,-0.31878674774907134,1.1811611379694058
NOS3,-0.5424465438911591,0.006374012970124632
NOSIP,-0.07735564494836211,-0.03544764959348612
NOSTRIN,-0.017457186424795434,-0.596752820609957
NOTCH1,0.3219934410708092,1.3899855314177363
NOTCH2,-0.010827147626905287,0.9144834692489026
NOTCH3,-0.5950691422367833,-0.9303504382313905
NOTCH4,0.3963400395085852,0.509871684415367
NOTUM,-0.201604893932946,0.12450169112525539
NOX1,-0.44901881295950985,0.021578608522801912
NOX5,0.0027245047129344363,-2.2788905226673664
NOXA1,-0.2039296000689388,-0.5143673712584
NPAS1,-0.5728560839702781,-0.42159165063261606
NPAS2,-0.11660543450933503,-0.013535380540206532
NPAS3,0.0,1.578434530466206
NPAT,0.034989952702533245,-0.0810117944540707
NPC1,-0.20282838472258202,0.25870574663555423
NPC2,-0.285871104905592,-0.05302877633401337
NPDC1,-0.3821436091732431,-0.7947992608536483
NPEPL1,-0.23328568722120258,-0.18404288694151116
NPEPPS,0.08955590799575042,0.004719760877959445
NPEPPSP1,0.10100726388736492,0.3935386528058791
NPHP1,-0.012638274860155896,0.014354770405688999
NPHP3,0.39458349586792707,0.5039726646215104
NPHP4,0.039259548532048605,0.4656346998215102
NPIPA1,-0.14497130543749703,0.12326348556248923
NPIPB11,0.07286343767214754,0.026675497679764182
NPIPB12,0.006848069127917689,-0.11317789262457312
NPIPB15,0.0,-0.34381257937143794
NPIPB2,0.22018222597849124,0.5355745162084333
NPIPB3,0.058302110810870555,-0.02564974060418601
NPIPB4,-0.1833652367489247,-0.08584908142026859
NPIPB5,-0.25314348879652204,0.0018261568993827026
NPL,0.3802171270134157,0.5848436298877675
NPLOC4,-0.022010763002343836,0.025215432592954556
NPM1,0.24689387993257483,0.08804340050181736
NPM1P24,0.02616487680030155,-0.14819485891072604
NPM1P27,0.325052587935696,-0.011484342605367459
NPM1P39,0.11067409239081427,0.08425587200093831
NPM1P46,0.3542083794446006,-0.06433702371867378
NPM1P6,0.30452896624633463,0.035694639140168016
NPM2,0.02289007898452641,-0.3289481497984449
NPM3,-0.293002013252325,-0.3621089522101979
NPPC,-1.0207265577640565,0.1651962488919182
NPR2,0.04853434625062447,-0.37076985156317444
NPR3,0.9631866252845753,0.4721269460970687
NPRL2,-0.3371078940511989,-0.08861728843016259
NPRL3,-0.1486584471736574,0.11656328178980413
NPTN,-0.006278796293730515,-0.3750699495141667
NPTX1,1.0150310549885524,1.4385476519798264
NPTXR,0.15464069995439989,0.7220957494418188
NPW,-1.9774271727690151,1.0471064066966593
NQO1,0.38928562234808695,-0.2672543002533416
NQO2,0.16646101833472216,0.9351063557671706
NR0B2,-0.8883488347208078,0.0
NR1D1,0.15350601324182334,-0.207868574684146
NR1D2,0.2734089260746524,0.6600388767610124
NR1H2,-0.17774441277892628,-0.044205792221002405
NR1H3,0.08583450419652827,-1.0580220653090322
NR2C1,-0.08019336250681253,0.13412841149104926
NR2C2,-0.14329791266133007,0.46519691577994093
NR2C2AP,-0.15162230059073423,-0.0285514789324246
NR2F1,0.3053373815689575,-0.26602124583170816
NR2F1-AS1,0.535442260185047,-0.48624295691654007
NR2F2,0.4025162744884705,0.23623288682532362
NR2F2-AS1,0.6897291768150202,0.5601246804536443
NR2F6,-0.6349014950693084,0.20333529371814762
NR3C1,0.11689845353203143,0.9365801723065017
NR4A1,-0.014891918303214569,0.6826377020685799
NR4A1AS,-0.08635424418876016,0.07774030409956234
NR4A2,-0.03600623739882769,0.6816693053504155
NR5A1,0.07591965123932942,-0.15028557083175964
NR5A2,-1.9426151754277627,0.35061392422621146
NR6A1,-0.013425586518444721,-0.2289492043059198
NRAD1,0.0,-0.193786310537031
NRARP,-0.307034477927699,0.704518900059317
NRAS,0.16642139974114212,0.6870014814315626
NRAV,0.19323610691504545,0.13610894337274537
NRBF2,-0.1186630509388591,-0.03642054665307448
NRBP1,-0.08446427630986264,-0.05989148593938509
NRBP2,-0.06929891455947335,-0.563187269710399
NRDC,0.19967296357778075,0.4835027632042497
NRDE2,-0.10672405995074818,0.23093023464187112
NREP,-0.19705099546125227,0.73743487378549
NRF1,0.07210257103492168,0.42250921578427736
NRG1,-0.8633321778935796,0.24171820481984851
NRG2,-0.583116435837228,-0.5212697101790582
NRGN,-0.6117260814050438,-0.49323207700430194
NRIP1,0.14706436866055483,0.220673300721403
NRIP2,-0.26090798275872684,-0.11017696866563198
NRIP3,-0.1161562699799763,0.48679754117099994
NRL,0.07761351608233602,0.07485630815830269
NRM,-0.07011131763670875,0.028826090137042293
NRP1,-0.3804826765942755,1.5120289908494726
NRP2,-3.577372061612564,-1.4798830948970894
NRROS,-0.4017993129663613,0.5362852099731302
NRSN2,0.26591088637538274,0.15609567279847436
NRSN2-AS1,0.44272256075058447,-0.022429510401196673
NRTN,-0.211385119205039,-0.32576251829727587
NSA2,0.09205499940035722,-0.2242620507858275
NSD1,0.02140657375308841,0.5174612011226429
NSD2,0.025257344632761303,0.7011307948368426
NSD3,0.0485420284728022,0.1442333947736394
NSDHL,-0.059771574426676466,0.10937772955316927
NSF,0.1555212957243315,0.04481581656089695
NSFL1C,0.06809122571097603,-0.09120924578337242
NSL1,0.19409123304514342,0.13712864853585405
NSMAF,0.03700542320251454,0.35463151446207153
NSMCE1,0.1722072057540025,-0.17380968724193124
NSMCE2,-0.1381236905291452,-0.1812511529667118
NSMCE3,-0.3707917685117623,0.17830633781080696
NSMCE4A,-0.13248225603567843,0.0456526775313959
NSMF,0.12223722169121842,-0.0006189396715106099
NSRP1,0.473279317101043,-0.027298100687360716
NSUN2,0.21498142260544117,0.3098959838578157
NSUN3,-0.23979328977531011,0.024569277077893137
NSUN4,0.013766686073523715,0.2721845089162276
NSUN5,-0.004422995433585264,0.1777008397642197
NSUN5P1,-0.2809341772932372,-0.24018609449217276
NSUN6,0.16257913672919688,-0.00655428974073935
NSUN7,0.4251123068202827,-0.53780115134473
NT5C,0.4859741449063746,-0.628830557003278
NT5C2,-0.6164751890779208,-0.05676627063923423
NT5C3A,0.22156092035644726,0.14919251950220147
NT5C3B,0.15476937400153723,-0.011900236524786223
NT5DC1,0.5373211213751619,0.6697095715105617
NT5DC2,-0.2832998737280077,-0.146937587410382
NT5DC3,-0.35202853351787144,0.3876788894212808
NT5E,0.48350034375957573,1.7726113368172038
NT5M,0.014310441012918229,0.23782612672086323
NTAN1,0.05035436265869908,0.2422686405532697
NTAQ1,-0.12732395927506168,-0.5639721824157329
NTF4,0.05255407388731481,-0.22117213647973832
NTHL1,-0.5656577021612641,-0.5973643980790087
NTMT1,0.003944371232590171,-0.18801263747897767
NTN1,-0.6829631254505792,0.198310486426446
NTN3,-0.40663485986826087,0.056730887068996996
NTN4,0.14681847608833998,0.4588005251351248
NTN5,-0.011954364923145971,-0.10155178823811495
NTNG2,-1.9272808407224082,0.5112654326198177
NTPCR,0.38272691546851867,-0.02868923082629493
NTRK2,0.22738482105680147,1.2089243097474691
NTS,1.4293760715305226,-0.021942236858740586
NTSR1,0.7363881983946863,0.4768832305152775
NUAK1,-0.9347644459230509,1.5381465100322074
NUAK2,-0.5093351071445218,2.929376955599052
NUB1,0.015811815247849026,0.18725505401500886
NUBP1,0.15145508193806156,0.1634185274581541
NUBP2,-0.2103826563269795,-0.17294550012107202
NUBPL,0.012600055997137094,0.27472796268133237
NUCB1,-0.0018415377470297756,0.1990716445044738
NUCB2,0.030752538248277617,0.2478763896846159
NUCKS1,0.11372561344508547,0.6217710565050147
NUDC,0.005441778929650809,-0.11295278808300058
NUDCD1,-0.05744044803780657,-0.20205109123659604
NUDCD2,0.03024996990368578,-0.030416480206707952
NUDCD3,-0.2403451251737101,0.35602574615666427
NUDT1,0.09851235438162131,-0.49571773806997577
NUDT10,-0.5579869478080154,0.0
NUDT11,-0.774621685020553,0.0
NUDT12,0.3496054489230742,-0.02611961393263673
NUDT13,-0.19022603879226185,-0.24151403494465584
NUDT14,0.10775827602072852,-0.3225588897193514
NUDT15,0.6149070338891107,-0.02181276451727987
NUDT16,0.2085456728444619,-0.13825058393068534
NUDT16L1,0.07912305738021175,-0.24479425422572554
NUDT16L2P,-0.13508480150629243,-0.25817339985472954
NUDT17,0.007246349293015486,0.0032772920578785225
NUDT18,0.25057298135386485,-0.11774549166562664
NUDT19,-0.020678611856635776,0.2577695150446502
NUDT19-DT,0.052876404376347885,0.18834898203395317
NUDT2,-0.07180781363165778,-0.24890436979594321
NUDT21,0.12513551838457104,0.03293856040543641
NUDT22,-0.2605015706191596,-0.15775579139492812
NUDT3,-0.05492875051632051,0.11343212456685237
NUDT4,0.11539109078151544,-0.8281808515061888
NUDT5,-0.6300075745142806,-0.22756115272223276
NUDT6,-0.011870517930588242,-0.16342408772591188
NUDT7,0.16069375091597254,0.2570083975811345
NUDT8,0.06601700182059211,-0.4779328755203669
NUDT9,-0.11566207820791874,-0.06616417096578253
NUF2,-0.026526818580915545,-0.01429020754411603
NUFIP1,0.4747412761104477,0.0003711776781409881
NUFIP2,0.11344511570920979,0.2771820201404527
NUMA1,-0.217061345733363,-0.18228685222454288
NUMB,-0.01705238442182555,0.07426662045634291
NUMBL,0.004269603375811393,0.2948459171464908
NUP107,-0.092127065787313,0.2889095800552841
NUP133,0.12520169692028738,0.5150569033514367
NUP153,0.04739979961890306,0.9612848799761453
NUP153-AS1,-0.3268534228908589,-0.07110842076699386
NUP155,0.16696510659772557,0.8020593046565319
NUP160,-0.2603589726037079,0.15007302200163153
NUP188,0.05492421120686064,-0.16131490115839142
NUP205,-0.007456751669059791,0.22181711161937745
NUP210,-1.605372454148017,0.05327010786889108
NUP214,-0.0012818789939164077,0.02796576552316754
NUP35,0.030071180320213386,-0.3730331751680227
NUP37,0.2516782867027878,0.03806820840171632
NUP42,0.10107022451565895,0.5660023544651898
NUP43,0.15614112166453875,0.5707677885369424
NUP50,0.07670665205722926,-0.002964736838516835
NUP50-DT,0.4707845904479222,-0.10533178209606842
NUP54,0.31324371283366137,0.15686660665171992
NUP58,-0.20164247792731693,0.8472165938028571
NUP62,-0.03695660686683855,0.23838037241157384
NUP62CL,0.2113321039826408,-0.22373245019343058
NUP85,0.03068178902467178,-0.18940614331073125
NUP88,0.19377848459776725,-0.26169052821973704
NUP93,-0.03448932327639831,0.10309148750260988
NUP98,-0.025612784038877123,0.06175427258448085
NUPR1,-0.9549210991746646,1.2460715474183175
NUPR2P1,0.1728856658876099,0.3614848195319532
NUS1,0.18634022980741705,0.7514799344933616
NUSAP1,-0.1472597597190486,-0.011256700245703022
NUTF2,-0.14705174314716185,-0.2702570492940266
NUTM2A,-0.1379498450663006,0.5607305732368392
NUTM2A-AS1,0.04027544167193042,0.05949849498087545
NUTM2B,0.19025044823419437,0.12836268149587715
NUTM2B-AS1,-0.06792492362540647,0.40749552058688865
NUTM2D,0.0038159731134916886,0.43105046321535534
NVL,-0.18675428427333607,0.38848972994145514
NWD1,-0.6616454135835355,1.274281324668364
NXF1,-0.0414114855558374,0.07807349327022362
NXN,-0.21731671873081204,0.16409445387143373
NXNL2,-0.157310265046404,-0.5542307628148051
NXPE3,-0.03172335511444491,0.7424098518833353
NXPH2,-0.1751839139366802,0.0
NXPH4,-0.08004916263348538,1.1885852701568738
NXT1,-0.024825664044487716,-0.16027051740139342
NXT2,0.18041007255004438,0.43488594287269056
NYAP1,0.32624634415363696,0.5273197365438262
NYNRIN,-0.09144178500592626,-0.44513009015079064
OAF,0.9847170793075497,0.28608762780212427
OARD1,0.41883760761844346,-0.2756887721031118
OAS1,-0.40753324215022185,-0.4906132223465587
OAS2,-0.19864945914439636,1.5955623593720452
OAS3,-0.09281343652041407,1.0232678589530995
OASL,-1.2271116042518337,0.8299294315651364
OAT,-0.3102851453210871,0.03840363262050772
OAZ1,0.027685361130465935,-0.17229805426988243
OAZ2,-0.22968632619531082,0.015748190095940195
OBI1,0.3252434318796116,0.7650474297915975
OBSCN,0.34800863484372924,0.9860090608450784
OBSCN-AS1,0.2060307417238791,0.27729306963426203
OBSL1,-0.7262195931974356,-0.09370355345839698
OCEL1,-0.4744415748351858,0.05617702025273008
OCIAD1,0.14039917173561367,-0.04819818084239902
OCIAD2,0.6167881090466585,0.09045016340677936
OCLN,0.33354138272071765,0.17917794421081013
OCRL,0.08076557784935279,0.2945695284238363
ODAD1,0.14598529853355546,-0.19932909615672822
ODAD3,-0.37214702959388246,0.2255642453056565
ODAD4,-0.16436809286138265,-0.19519810791599612
ODC1,-0.09321632808821434,0.32523875873498476
ODC1-DT,0.30763564189092263,0.44462363878517275
ODF2,0.3131918028276468,-0.06728947659309625
ODF2L,0.34654891738528093,0.3567622539709747
ODR4,0.1739950456693533,-0.0003755678651939931
OFD1,0.07702249301839448,-0.3241921992767387
OGA,-0.06962340847737636,0.31032147241855945
OGDH,0.027456928336835773,0.5587551151999772
OGDHL,0.3104587283114181,1.8694864743380215
OGFOD1,0.04219533868476244,-0.1410880357534703
OGFOD3,0.1040602446603982,0.017694784267836106
OGFR,0.146621013347894,0.0628204560007628
OGFRL1,0.6017961948708042,0.7649760913192831
OGFRP1,0.290485381412227,-0.03317100531668893
OGG1,0.04719230632598137,0.020475236067354796
OGT,0.06659947390313992,0.3699851464109605
OIP5,-0.03797379892274755,0.09432119018216589
OIP5-AS1,-0.04357745394714385,0.14528345700518752
OLA1,0.18454065007109488,-0.0295955462149724
OLA1P1,0.0702473348592958,-0.185246298146029
OLFM2,-0.27058926993495147,1.042421167906075
OLFML2A,-1.1756697167108427,0.38842297222278876
OLFML2B,-0.9386257326188898,0.21183831065722325
OLMALINC,-0.4385629722500104,0.20524511400995404
OMA1,0.2559919151180656,-0.09350448591866867
ONECUT2,0.02212641121492931,0.21001212059605479
ONECUT3,-0.4110959532896663,-0.09750796445543797
OOEP,0.26945350482191377,0.01950047821050416
OPA1,0.015787007943099063,0.2627930987688183
OPA3,-0.16729172258765157,-0.14726806190478214
OPHN1,-0.09414999476808283,0.7975431352099274
OPLAH,0.0055819758467015035,0.3353027874121741
OPN1SW,0.1157695888180057,0.35716817934272216
OPN3,-0.44337889938892205,0.039884466632043925
OPRD1,-1.6689177595002582,0.04398870993849764
OPRL1,-0.036903367730104275,0.7226108839133749
OPTN,-0.1538874594269224,0.35225548754107905
OR2I1P,-0.07935329482316338,1.9770471672163024
OR7E14P,-1.5248395215885826,-1.528937680749301
OR7E91P,0.0,-0.7432400332013245
ORAI1,0.0326748394361962,0.1549308683663595
ORAI2,0.1403266679120927,0.3237534563199027
ORAI3,0.09135856121446917,0.9433861482430981
ORC1,0.16231765836913503,0.06905335406811863
ORC2,0.043117968552888186,0.027491133286338787
ORC3,0.297531854030912,0.4756512551953933
ORC4,0.0017644035245663048,-0.08601427845236564
ORC5,0.1526504185710449,-0.066893396720757
ORC6,0.2442338979064127,-0.07109342885130054
ORMDL1,0.14850191453919592,-0.6636901048462232
ORMDL2,0.25705233844458864,-0.32137931963206867
ORMDL3,0.007563000814862164,-0.050093389944559696
OS9,0.2571343675433626,0.3487465287205458
OSBP,0.013314626786316452,0.18399547803601113
OSBP2,-0.6339235598584025,-0.6748810040172089
OSBPL10,-0.5501760118835799,0.8582821276350665
OSBPL11,0.020289387663230407,0.7508441008088313
OSBPL1A,-0.18337953968696397,-0.38223454385775213
OSBPL2,-0.005245252651685739,-0.017883692646313953
OSBPL3,-1.2632054656009855,-0.4975170144171539
OSBPL5,0.3490113895746121,0.29107055271418414
OSBPL6,2.0543116529213847,0.8897955045509679
OSBPL7,-0.2429304707332247,-0.4303582527323009
OSBPL8,0.10009819497878869,0.8670965687131869
OSBPL9,0.121941242784664,0.28787898488869246
OSCAR,-1.0771593599333364,0.049128547437907066
OSCP1,0.47922299733410134,0.11622526517081466
OSER1,0.0871708952099235,0.1071636043328974
OSER1-DT,-0.15241136214520656,0.08501327204360898
OSGEP,0.0424617895291739,-0.06525931573560229
OSGEPL1,-0.1788277261532185,0.028262204823337633
OSGIN1,0.4043965676475043,-0.11750770954316714
OSGIN2,0.11680030963185217,-0.08884159932492608
OSMR,-0.041404718912860794,1.5219453367527427
OSMR-DT,-0.047130385181994416,0.1575941264089887
OSR1,-0.5288435523904984,0.6343350875783078
OSR2,0.12155457169825423,-0.7664530973516772
OST4,0.0045693293014252845,-0.39318274299470257
OSTC,0.2911634534692036,0.10796901061436337
OSTF1,0.13695983511287046,-0.42202075497774416
OSTM1,0.12846817026667345,1.2915903885989266
OTUB1,-0.19707363691743573,-0.3905161349708113
OTUB2,0.44548451192092386,0.6989554494566455
OTUD1,-0.2869219570570798,0.33551213709607275
OTUD3,-0.19105374824645827,0.571863818640971
OTUD4,0.08903501314187068,0.49418480202315873
OTUD5,-0.16708832206549662,0.10046868662217179
OTUD6B,-0.04736031467806967,0.09386346912851051
OTUD6B-AS1,-0.10909797947835198,0.20221550389209897
OTUD7B,0.16964790052841394,0.2502407199097334
OTULIN,0.06366813131192206,0.4656026188967104
OTULINL,-0.875440313758569,-0.024616581348183786
OTX1,-0.2244094521169897,0.3578303746959888
OVCH1-AS1,-0.04638329326029511,0.2957131996941883
OVGP1,-0.02211963012746415,0.21998088629438772
OVOL1,-0.022652019995593894,-0.4428884628344587
OVOL2,0.4059927052104769,-0.6184276897280934
OXA1L,0.1031760825907968,-0.32899175846633977
OXCT1,-0.08092589861997279,-0.02507766755657803
OXLD1,0.1416834783230807,-0.48020077868506306
OXNAD1,-0.26013191082757414,0.07241847921930189
OXR1,0.349598287396629,-0.3293750444515622
OXSM,-0.040958533532316266,0.30313481616145177
OXSR1,-0.04831795409848372,0.23815146238572726
OXTR,0.0627232719821662,0.6436326915516863
P2RX4,0.5654449446889407,0.4264683734942647
P2RX5,-0.23000349683546517,-0.471109085417607
P2RY11,0.05252009151358905,0.26764602231180246
P2RY2,-0.4878142180023788,0.078899039658753
P3H1,0.13584128258279282,0.8760704308218785
P3H2,0.06680689636662862,0.24780326951371912
P3H3,-0.7593162340735171,1.1902014017732077
P3H4,0.2945102112305795,0.23822646707985307
P4HA1,-0.25876629428430054,0.23877811831711515
P4HA2,-0.07421184796414959,0.6210819771922242
P4HA3,0.19472399852501732,0.37600053074493905
P4HB,0.12759968900694751,-0.05491985960490808
P4HTM,-0.19429588340390858,-0.5875515741136939
PA2G4,0.11679635052371751,-0.06347501005026945
PA2G4P4,0.05005785137480445,0.07149280024608762
PAAF1,0.06292403839162386,-0.2965074035182953
PABIR1,0.3805821228437196,0.1664303672041978
PABIR2,0.3908763728263489,0.39801635119558654
PABIR3,0.5230932328325064,0.5669756682477878
PABPC1,0.04189276934148012,-0.13778094666939467
PABPC1L,-0.2046172957895429,-0.08902057825891418
PABPC1P3,-0.10008313127524993,0.031537237487162306
PABPC1P4,-0.08373373260415207,-0.12083099700019684
PABPC3,-0.3390493568464157,-0.09435875533588245
PABPC4,-0.10551949971058328,-0.09996256768036993
PABPN1,-0.06909601742416527,-0.17125660562019718
PACC1,-5.581928504483358e-05,0.1031836465013578
PACRG,0.2560345999781758,0.46088720122893967
PACRGL,0.37371393938472064,0.3562181050719526
PACS1,-0.1969384396112508,0.18912640589605356
PACS2,-0.05060243354898564,-0.06671751945706728
PACSIN1,-0.26221437898440175,-0.059509711677327104
PACSIN2,-0.20657191426213029,0.2776935422565252
PACSIN3,-0.06402112560831608,0.39060073974239806
PADI1,-0.1954968667577459,-0.9768157063372227
PADI2,-0.13086499845793576,1.6933608036425332
PADI3,2.099881339022425,0.9205753022448628
PAF1,-0.015616698077401736,0.18825873909763757
PAFAH1B1,-0.003291518135015714,0.21357847702995247
PAFAH1B2,-0.06040981535253653,-0.18439318105123625
PAFAH1B3,-0.18826124490684126,-0.12394757880829932
PAFAH2,0.11266972187206292,-0.3469959527637254
PAG1,1.4830842827027741,-0.9443998139233497
PAGR1,-0.19121988990356842,0.08614157105264564
PAICS,0.09124074610696109,-0.048597715004923714
PAIP1,-0.10803404408493744,0.5105738881774382
PAIP1P2,-0.12054856094345245,0.4048514665120657
PAIP2,0.02849761571374909,0.15775383874801374
PAIP2B,0.06883984938664467,-0.2917120149053565
PAK1,0.19550360987036708,0.10944645346754811
PAK1IP1,0.2724501349341315,0.3610360272095936
PAK2,0.1334183076755977,0.6144104217676274
PAK4,-0.14669721303424765,-0.09475673200582868
PAK6,1.4880034876699422,-0.8702952510787123
PALB2,0.3260592904401758,0.11663151825956852
PALD1,-0.34513939482206224,0.33138588298837957
PALLD,0.7305628104796198,0.9912096537311572
PALM,-0.3735939570887745,0.7906185691930605
PALM3,0.5156268062773006,-0.5575527643324838
PALS1,-0.03514899519344983,0.66016704048835
PALS2,0.01052865319217311,0.8181342378441996
PAM,0.2872078597923693,0.994475913997789
PAM16,0.11933973023032335,-0.3329316269037562
PAN2,-0.31538793154206735,0.4376541412548147
PAN3,-0.018580465600330776,0.41777369093986483
PANK1,-0.44348756867498773,0.44944151696968304
PANK2,0.30363101364432854,0.045618308864432855
PANK3,0.2144461861353335,0.6703182777691126
PANK4,-0.01346520240433513,0.11343520892125003
PANX1,-0.06636639590617754,-0.02148476764421492
PANX2,0.12999780193127464,-0.03824865172192027
PAOX,-0.4007554202474459,-0.4068080861146419
PAPLN,-1.2611390763077523,0.25658058926349336
PAPLN-AS1,-0.05816384149454956,0.38873502371777136
PAPOLA,0.18998290102859627,0.26079435959554775
PAPOLG,-0.10654218291413908,0.04518462241316712
PAPSS1,-0.2203449617703166,-0.4236288763296727
PAPSS2,-0.46527401127438583,1.7798218381218232
PAQR3,0.3044827174593632,0.20390288064005357
PAQR4,-0.14839704662166753,0.271121329869767
PAQR5,0.5115760840241692,0.3072858088062129
PAQR6,0.0782234553186234,-0.5647240067904264
PAQR7,0.14533144390704855,0.02675460758135806
PAQR8,0.19513244341477964,0.8315314075484745
PARD3,-0.06475324725557474,0.46416003668215744
PARD3B,-0.11701050073751584,0.2667986952972259
PARD6A,0.04655681369468612,-0.3266773749831504
PARD6B,0.2384958296682349,0.3714141885701361
PARD6G,-0.21835319531286834,0.5091464184177301
PARD6G-AS1,0.4291232760289674,-0.28107824721037566
PARG,-0.18931196317385268,0.41602998690266535
PARGP1,-0.2213140218340165,0.4219706679084404
PARK7,0.06506937575778693,-0.28192672400909036
PARL,0.07581896262223209,-0.33816060032953077
PARLP2,0.23530952771795316,0.35391888354670564
PARM1,-0.6852888605780061,0.4072196655947605
PARN,0.005423667169940138,0.1052171553113821
PARP1,0.05252810507950478,0.4866450480079081
PARP10,0.08037033718558506,-0.056050794349598476
PARP11,0.06088270775027649,0.7149836062197705
PARP12,0.18972373563349976,0.2149925510932782
PARP14,-0.5300944916888186,1.1846905760576956
PARP16,-0.15181634031753966,-0.07703034641349582
PARP2,-0.02912379356330863,0.2314288919516403
PARP3,0.14985390563927803,0.5668079013162783
PARP4,-0.10528217777585525,0.4227464958928788
PARP6,0.1250818285311759,0.0933582413090237
PARP8,-0.7670914097218078,0.5267339750678204
PARP9,-0.6821464571803868,0.8209280888388335
PARPBP,-0.06853965493526726,-0.10157918081318007
PARS2,0.04471144150290707,0.25566429345854713
PARVA,-0.09341688098054579,0.41038936566760587
PARVB,-0.004170606309863878,0.3280849961866519
PASK,0.036647680726076715,0.15112132317783677
PATJ,0.035648927782716555,0.04518865505017988
PATL1,-0.2389952827910351,0.7178156026129798
PATZ1,-0.11757377822385706,0.13671601386052945
PAWR,-0.11247828818889616,0.5751515420656848
PAX2,-0.9534391130412292,-0.07878580622320248
PAX6,-0.38813046365318865,0.6494834280861217
PAX7,-0.03458436763723817,-0.6747249694792936
PAX8,0.35571005844217823,0.13236926475958977
PAX9,-0.29790585399015257,-0.3778317013368673
PAXBP1,-0.17033869408803337,0.4432420146048117
PAXBP1-AS1,0.10890532969273964,-0.09265597264133418
PAXIP1,0.20082400051174876,0.7739669763791217
PAXIP1-AS2,-0.1891981100172031,0.5193946485620975
PAXIP1-DT,-0.280012175188564,-0.22565521082622464
PAXX,0.15885238978513438,-0.573869904729106
PBDC1,0.37682719101306894,-0.21300212031553478
PBK,0.20710040756664405,-0.10943805362421744
PBLD,-0.09245788207615213,-0.18324515955663667
PBRM1,-0.219848144201241,0.6786347430035424
PBX1,0.20468971660595758,0.34671599577500345
PBX2,0.06483807374968364,0.7861329087904796
PBX3,0.38905413933613,-0.4339455873643363
PBX4,0.18472587130934692,0.24173132948748632
PBXIP1,-0.21451596810327,0.2906482810652067
PC,0.7803027880067397,1.1974863454827842
PCAT1,0.0,0.4900482131259838
PCAT6,-0.6298601913686226,-0.1923887867145475
PCAT7,-0.32527907648465537,-0.44812180461256257
PCBD1,-0.18479457371241725,-0.6022614906080417
PCBD2,0.27218151450108374,-0.5437737439093451
PCBP1,-0.14000811426519277,0.13775636605757047
PCBP1-AS1,-0.30300966218613024,-0.1617777512923344
PCBP2,-0.07069138617444715,-0.14164775112716566
PCBP2P2,0.01548842144765139,0.14384329804706608
PCBP4,-0.07892620795565719,0.3158437194570052
PCCA,-0.016979580436560227,0.41364351649687015
PCCA-DT,0.15448891224427763,0.04374198882409064
PCCB,0.06478715723161699,-0.1925845690296626
PCDH1,1.2613040267434656,-0.41896228429312643
PCDH15,1.5629745921391933,0.0
PCDH18,-0.4031430237269653,0.3307369839506659
PCDH7,2.295573536874203,1.0949254639989094
PCDH9,0.6477202136027087,0.3316992060868426
PCDHA10,-0.28235706039220243,-0.033454770926630184
PCDHA11,-0.5175902295124255,0.21114243960320955
PCDHA12,-0.4701557855906995,-0.10457271359791243
PCDHA3,0.016889501048843746,-0.4326289385780342
PCDHA4,0.06530380366757049,0.3348409598043576
PCDHAC1,-0.06796908050483452,0.2346336139063503
PCDHAC2,-0.37548023489483384,0.868909877828414
PCDHB10,-0.23224247158295425,0.3861234467303587
PCDHB13,-0.6745482259292511,0.044626381716666996
PCDHB14,-0.5982764404934695,-0.12348101452224447
PCDHB16,-0.14166074393767702,0.2870814017084422
PCDHB2,-0.413070950647791,0.38758407455525923
PCDHB6,0.43659180751762494,-0.025051781544918376
PCDHB8,-0.8877012109368205,0.07714059791860764
PCDHB9,-0.2530440860696482,0.43308851511614677
PCDHGA10,-0.3098581099297374,1.0785532197011256
PCDHGB2,-0.11009244436984145,0.6205442723715417
PCDHGB5,-0.03384659269304329,0.5014374907152916
PCDHGB7,-0.5498318785951026,0.41850518661084957
PCDHGC3,-0.4758606598750523,0.9525240093998182
PCED1A,-0.07730006907955023,-0.11811561048580899
PCED1B,-0.2679225266361368,0.21986992707963537
PCF11,-0.058246351057097634,0.22813920088473072
PCGF1,-0.029454662183804103,-0.1548260124571721
PCGF2,-0.0823739210227119,0.02978106000870895
PCGF3,-0.04070811923313222,0.3644274517546764
PCGF3-AS1,-0.16702571795170357,0.10084169935602039
PCGF5,-0.2622206763253301,0.5341873897172853
PCGF6,0.042010957566768425,0.27888918014131514
PCID2,0.4149930945420772,0.09584234128759839
PCIF1,0.0287604131797341,0.309728452272207
PCK2,-0.0867534103272849,0.46494905212902893
PCLAF,-0.35848193837463693,-0.5473043194853395
PCLO,1.5176466119487158,-0.33773426706795817
PCM1,0.20465418192387297,0.1568095905215534
PCMT1,0.19952887496220129,0.4587252133420776
PCMTD1,-0.28620435834778757,-0.18144977924222339
PCMTD1-DT,-0.03200877746686581,0.5451994435258878
PCMTD2,0.3262409998307003,0.38681385900317533
PCNA,0.02934614123710677,-0.12664203698653864
PCNP,0.16911461546412188,0.19766308719469716
PCNT,-0.0805510530033251,-0.025964390664340975
PCNX1,-0.15815077961663615,0.5194310489835487
PCNX2,0.36475438409561933,0.12438032449157888
PCNX3,0.038328992380332494,0.23566286344982412
PCNX4,0.12571959917205344,0.8032607278646919
PCOLCE,-0.11520036916729648,0.05768269648193458
PCOLCE2,0.2871308565205779,1.1978912521323648
PCSK1N,-0.15165065552477897,-0.36594491176143035
PCSK4,0.07926145722591604,0.2524392466412646
PCSK5,0.10492446577321292,-0.12232266183198004
PCSK6,-0.3022691310194767,-0.6945600210532596
PCSK7,0.05823456342890321,0.17440950969323055
PCSK9,-0.017383279808593777,3.0418250864846703
PCTP,-0.22423950785604507,0.2177055602341067
PCYOX1,-0.12269624921443079,0.01681891592335294
PCYOX1L,0.2075998735325646,0.06654933300011745
PCYT1A,-0.07446945021485085,0.3992891353374324
PCYT2,0.006386173218509761,0.05107611644334753
PDAP1,0.003566921629278852,-0.3342862341905244
PDCD10,0.08106973266232753,-0.09683840966759494
PDCD11,-0.2550007715598639,0.3823020902815655
PDCD1LG2,0.0,0.9841404557475938
PDCD2,0.17272251127266447,0.3760059419169295
PDCD2L,0.15691233755287426,-0.10652925702582472
PDCD4,-0.19866007265350616,-0.08421911515009128
PDCD4-AS1,-0.15400344264179777,-0.4139338965982796
PDCD5,0.2378282288076905,0.26649159505268205
PDCD6,0.12974895153038535,-0.047117727680854316
PDCD6IP,-0.1449828615223785,0.1765325898307566
PDCD6IP-DT,0.02234665475187625,0.2666453735053982
PDCD6IPP2,-0.17757565310775794,-0.1628087172986712
PDCD6P1,-0.32794006048527,0.995686303044
PDCD7,-0.07610306961873992,-0.13419643859629016
PDCL,0.20106295895803328,0.015148473366167536
PDCL3,0.19079508468545647,-0.13263998782349473
PDE10A,0.4646795998497719,2.0524344502451406
PDE12,-0.0076537293756571145,0.22807371849525637
PDE3B,-0.3140402094886747,0.4446492919764036
PDE4A,-0.40328457443038523,0.7312574826342186
PDE4B,2.5368702522243556,1.6113249880087435
PDE4D,1.1542508362094208,0.02552606507649635
PDE4DIP,-0.10918860098006444,0.4391248226629809
PDE4DIPP2,-0.13482866661512385,0.2802284952065528
PDE4DIPP6,-0.001968400724948305,0.3428278752821402
PDE5A,-2.671409724925499,1.0656832042234452
PDE6A,-0.15457506413686928,0.05202567434145844
PDE6B,0.21093352651099373,-0.09296547499105468
PDE6D,0.18277113684111335,-0.21861724626358736
PDE7A,-0.07713954770323106,0.8627229669774814
PDE8A,0.06654536830946611,-0.21560202252099003
PDE8B,-0.125389404943399,0.5088997832306617
PDE9A,-0.6258103010751584,-0.3633595856244245
PDF,0.060616829562172736,-0.05165806356634395
PDGFA,-0.38279596121061443,0.3919586081723101
PDGFB,-0.7061772641130641,-0.4366144407954806
PDGFC,1.3802646365265163,0.7645804661866897
PDGFD,0.4341045704058518,2.3959334229615257
PDGFRB,0.3281581182507475,0.7163928843154104
PDGFRL,0.19106860983518537,1.2188422905639464
PDHA1,0.15796908871486703,0.024830427440248215
PDHB,-0.08141825023395999,-0.01687321604844705
PDHX,0.06789352053582043,0.010497865972941334
PDIA3,-0.068068048448362,-0.02950991292469496
PDIA3P1,0.14542537865869543,0.39452720293015897
PDIA4,0.08823773234718679,-0.16993612459084062
PDIA5,0.04377655847495987,0.6342116893293763
PDIA6,0.03246280836219739,0.26964989892968916
PDIK1L,0.23592213670834683,-0.07762723897515267
PDK1,-0.16913675275479712,0.5302798635127142
PDK2,0.007550369501920784,0.03137908602430706
PDK3,-0.37399179899828505,-0.8381984675675658
PDK4,0.2507843163820349,0.04361748075869798
PDLIM1,-0.6831005856470727,-0.6872942420662547
PDLIM2,-0.09210079836357377,-0.02835970518731923
PDLIM4,-0.7343865192851919,-0.14884257463473727
PDLIM5,0.23050522114309047,-0.15209045633354457
PDLIM7,0.23922428748209157,0.599787058052673
PDP1,0.6289342687476465,0.7250697558643671
PDP2,-0.025814323338148704,0.4930065659588312
PDPK1,-0.10480891148172677,0.016588174026374247
PDPK2P,-0.3035770495642858,0.1699305395081041
PDPR,-0.10973586433203852,0.5657951814575917
PDPR2P,-0.2517163836285917,0.13162849437855434
PDRG1,0.21691594422416038,-0.08723450279775147
PDS5A,0.17120631265436081,0.4660395167993103
PDS5B,0.5537735667376076,0.4522476535372437
PDSS1,0.1713911200462439,-0.04039075410576842
PDSS2,-0.16787740559465547,0.5675653192829047
PDX1,-2.293823849181038,0.2479939369425932
PDXDC1,0.10490544480869968,0.17915215932123996
PDXK,-0.22386892291916904,-0.8216108849560264
PDXP,-0.32743663792232613,0.20928344304770619
PDZD11,0.190205622545232,-0.008000012356293773
PDZD4,-0.09025279866111102,0.2379280611055427
PDZD7,-0.19933248491005084,0.011063198386497497
PDZD8,0.10079962894904071,0.5597658875041169
PDZK1IP1,0.044739947768311465,2.369139394697727
PEA15,0.03160535150902888,-0.1420466497870443
PEAK1,-0.43163543055459197,0.10666320808423979
PEAR1,-0.8685515277111726,0.3052480985946828
PEBP1,-0.11526838806555428,-0.10338104566872008
PECAM1,-0.05539142051933521,0.8159939970493488
PECR,-0.5303673987197075,-1.0452374492031438
PEDS1,0.23763403825707474,0.07461572193489818
PEF1,-0.1094153342055062,-0.046611063845656275
PEG10,0.44048628536257883,-0.06444103508958676
PELI1,0.06824355706659979,-0.06630857564262627
PELI3,0.20572970174402716,0.05523342083036731
PELO,0.10565945967215562,0.3302409886510791
PELP1,-0.0449803889076037,0.1200855710218649
PEMT,0.2698366381867521,-0.23790682001354835
PEPD,0.12542699150305747,-0.5112082662316482
PER1,-0.12574497030164355,0.4133569973039002
PER2,-0.09440153317885214,-0.06551010836131166
PER3,0.4512754687744316,0.1158783693405896
PERM1,-0.10211263477809451,-0.04005675002673681
PERP,-0.028849432815247766,0.2910421688465732
PES1,0.05265608147704626,-0.15939937816428262
PET100,-0.00016993907285089982,-0.39668151981035327
PEX1,0.12261356605362428,0.11934288829713324
PEX10,-0.11524337333494827,-0.04986102274247717
PEX11A,0.041321649654744164,-0.16948438264361076
PEX11B,-0.0003024194405814029,-0.041965173173089454
PEX11G,-0.07858120981399042,-0.5098750557787488
PEX12,-0.1623966205268781,0.1425091698626293
PEX13,0.17853039212224875,-0.03061456203708346
PEX14,-0.07746939705723221,-0.34285935236771703
PEX16,-0.10037966428591538,-0.3023954105948352
PEX19,0.04916472176891418,0.000432883443213683
PEX2,0.18095281169845112,-0.013355850116361978
PEX26,0.11545039932736234,-0.03576469693649553
PEX3,0.3286339686176829,0.37664039476290423
PEX5,-0.23390249248498307,0.34861415511002747
PEX6,-0.026783320762164387,0.27770663365030224
PEX7,0.3453790573826834,0.13827144041740302
PFAS,-0.1856368478568804,0.37207211596676526
PFDN1,-0.15525741687706773,-0.05827540781682483
PFDN2,0.23192862498911726,-0.271600424003517
PFDN4,0.46309542534614145,-0.22399563802268396
PFDN5,-0.026274982449561612,0.019828533285930483
PFDN6,-0.16460244781383793,0.2569970376494952
PFKFB2,-0.14351880650377602,0.17660585814891494
PFKFB3,-0.36626246723037337,0.08384142357980195
PFKFB4,-0.29960285902981365,0.18926522205714313
PFKL,0.31346147064964214,-0.13776767018166947
PFKM,-0.06623662574698841,0.023728100363775262
PFKP,-0.38068254459935424,-0.3352756060985804
PFN1,0.011146891931915093,0.012245073555821051
PFN1P1,0.03136741233920759,-0.002942580433900721
PFN2,-0.16335719916325786,0.1335102259943044
PFN4,0.49359888831376864,-0.4624851607479311
PGAM1,-0.33108792637524154,0.042345417752246206
PGAM1P8,-0.3514727354974494,-0.08823135057595488
PGAM4,0.04847749700252291,0.027033079939309174
PGAM5,0.08498465002026645,0.03652105512793202
PGAP1,0.27452625990113333,0.5636543935726119
PGAP2,-0.08755618953836919,-0.45280428752956503
PGAP3,0.4984696405982523,0.13799340783998648
PGAP4,-0.23431228265000037,0.033034900266709855
PGAP6,0.08829997977906068,0.21730131573684286
PGBD1,-0.09772047147911866,0.6793296020765949
PGBD2,0.31003932130850975,0.06412102805428876
PGBD4,-0.06134795875785293,-0.19371145852110971
PGD,-0.5102086810715107,-0.4217880375738092
PGF,0.631306392880389,0.18544229712709326
PGGHG,0.12922767414254732,0.17057875100248765
PGGT1B,0.40892079339781695,0.3055087155459013
PGK1,-0.0885360468466807,0.19999683305138483
PGK1P1,-0.06376840155197883,0.012176317480043275
PGK1P2,-0.041684780082591244,0.02962561547532888
PGLS,-0.2156876738000575,-0.19062015022297452
PGLS-DT,-0.012305030986629106,0.3061818027818625
PGM1,2.8693453256956047e-05,0.10921677384487083
PGM2,0.36070885121109786,-0.012622447584972996
PGM2L1,-0.2037738408476759,-0.2734121663733604
PGM3,0.1366054979650908,1.1298256032103784
PGP,-0.16635132761727434,0.04684641613996554
PGPEP1,0.03767412302865747,0.5105035471538626
PGRMC1,0.1733069295486791,0.10327709147533337
PGRMC2,-0.09223225535824664,0.5604910526556584
PGS1,-0.09319914828277476,-0.2865499712977506
PHACTR2,-0.8451136429801167,1.5123120433751032
PHACTR3,0.07334511254221297,-2.126581329490038
PHACTR4,-0.059809770339288804,0.5741688184990119
PHAF1,-0.10928044660238534,-0.0737516679538679
PHAX,0.13090293141721343,0.17304493757589423
PHB1,0.15587749116644023,-0.2772865453732276
PHB2,-0.09207229649559423,0.0027234003285787622
PHC1,-0.057908554751831876,0.39971092775259853
PHC1P1,-0.10852089643138352,0.25541131266256845
PHC2,-0.15746995371277972,0.45992956965849174
PHC3,-0.16909948141386977,0.4078449435850615
PHETA1,0.023919868797757537,0.5056268229480594
PHETA2,-1.0803447427681516,-0.1333730094733917
PHF1,0.10271117488882453,0.22324812563476115
PHF10,-0.019219572490196235,0.6648542723385278
PHF11,0.3687707994418594,0.8424572503543479
PHF12,0.017754495424553873,0.15983627729819272
PHF13,0.12677581114156578,0.22504035394695787
PHF14,-0.14565223896276347,0.3504364973847123
PHF19,-0.006326780042104296,-0.3156807939644608
PHF2,-0.11883932489081683,-0.17314513087302164
PHF20,0.023742694939890896,0.549928270226574
PHF20L1,0.0446132295835433,0.15865340787471105
PHF21A,-0.2510757686104883,0.18745049907410571
PHF21B,-0.7070759534792788,0.0
PHF23,0.02556472975369406,0.19094073510000165
PHF3,0.1497863259853478,0.8405916151433352
PHF5A,0.12588945455538525,-0.32509037189805934
PHF6,0.012691576253041958,0.5603398701938112
PHF7,-0.21924450492028047,0.8204970662620252
PHF8,-0.2673232077743899,0.3904541648104809
PHGDH,-0.8032233081394802,-0.2679205559391322
PHGR1,0.0661265127243124,-3.5874965070641114
PHIP,0.18940385297928586,0.604565987485187
PHKA1,-0.10274318986502973,0.31816655948444605
PHKA2,-0.01490955432918506,0.36690920508991276
PHKB,0.23376195752239148,-0.013657333684828465
PHKG2,-0.02955848923476756,-0.16127971118658202
PHLDA1,0.11127379332316423,-0.3702444344072724
PHLDA2,0.25927107922217907,-0.40254967008895903
PHLDA3,0.2986765593642846,-0.9389594593453845
PHLDB1,-0.1098629967790723,0.23841679313173447
PHLDB2,1.2932708936883373,1.896087428074054
PHLDB3,0.5363081215162167,-0.7209250694163618
PHLPP1,0.49404897786779234,-0.8393740317669298
PHLPP2,0.14172716406780772,-0.0030896273897105253
PHOSPHO2,0.045401697325653245,-0.312549883254414
PHPT1,0.01864960404695104,-0.0767841999569212
PHRF1,-0.12423569772642917,0.041665671644691926
PHTF1,0.12836858096129689,0.3722150738250223
PHTF2,0.10712463639060044,-0.4128137983642173
PHYH,0.01134441240157269,-0.021103304128009093
PHYHIP,0.07817822103138909,0.15396587893147862
PHYKPL,0.34968195477693964,-0.012055214497205924
PI3,0.0,1.0405718459666602
PI4K2A,-0.4306131846818113,0.17733887995718867
PI4K2B,0.29682992058392266,0.24687387155031137
PI4KA,-0.14473571304563748,0.1656379867572646
PI4KAP1,0.10266707628145677,-0.1930298886381192
PI4KAP2,-0.09775225654318165,-0.04759335548458843
PI4KB,-0.03109971638500486,0.5971428046433731
PIAS1,-0.11055730413769282,0.22165742228305874
PIAS2,0.08858383988441254,-0.09645299514250061
PIAS3,-0.02415727029547554,0.27971450465413117
PIAS4,-0.004036176467469232,0.023580633241839344
PIBF1,0.18402278158825336,0.25293098463882124
PICALM,-0.009874674298406383,0.007831118093995393
PICART1,0.492829415399059,0.6113403362430923
PICK1,-0.006986466539649516,-0.11481063217154563
PID1,-0.5151293564741943,-0.006929055385791694
PIDD1,-0.10169122019125698,-0.17456146792156169
PIERCE1,0.32896727176364193,-0.29289177757470064
PIERCE2,-0.041722646358416604,-0.49035146295517196
PIEZO1,0.5884928083210292,0.31591268761913227
PIF1,-0.564282640725009,-0.17035085693424934
PIGA,-0.0446200830046144,0.32456530339002043
PIGB,-0.11686094314447182,0.023433320171549532
PIGBOS1,-0.3021859408034673,-0.36463838369044765
PIGC,-0.10713654131815087,0.11939222303996289
PIGCP1,-0.020053420622640594,0.03472525603358445
PIGF,-0.16033843510252144,-0.21429824217288562
PIGG,0.041197244369926445,0.0308505837381432
PIGH,0.20395997746843086,-0.1758048782998638
PIGK,0.4537879729024681,0.16785212518681014
PIGL,0.03798443805871177,-0.1763636376443336
PIGM,0.3164536560088109,0.29419187533632574
PIGN,0.41670875854939915,-0.2640848711796817
PIGO,-0.10072024583563532,0.22796682096444432
PIGP,0.08370128556128931,-0.566560045311336
PIGQ,0.05179144067038344,-0.0784000889066192
PIGR,0.0,1.6684327078391732
PIGS,0.4219727024780404,0.04210506601497421
PIGT,0.014058512784961508,0.3592721101356382
PIGU,0.0864359769365155,-0.27946840242511684
PIGV,0.1611702191696649,-0.07433807612912346
PIGW,0.06264638826179114,-0.21522161025939868
PIGX,0.15133217007674737,0.35466259166810055
PIGZ,0.05707428316616614,0.4606764293052712
PIH1D1,-0.06316912960625842,-0.22338108153918323
PIH1D2,0.2912936700964929,-0.2962459292494193
PIK3AP1,-0.29439463098890484,2.809550496655009
PIK3C2A,0.010429741827218564,0.5299514402986878
PIK3C2B,-0.3458934118615784,-0.4372118764768995
PIK3C3,0.19937236860706742,-0.001100176514826856
PIK3CA,-0.011149082417063028,0.39943504850908695
PIK3CB,-0.10495844080219552,0.508163684780361
PIK3CD,-0.44538816764403855,0.9287703675828851
PIK3CD-AS2,0.23002648432250217,0.11537983755759207
PIK3IP1,-0.6651807841740958,-0.19201468501282193
PIK3R1,-0.07562444950553004,0.3741898130121921
PIK3R3,-0.09137309547126282,0.7038712901492348
PIK3R4,-0.12253726180082314,0.4334965225932219
PIKFYVE,0.040542086019003776,0.41323618114789573
PILRB,0.02627683035086159,-0.33577283712383144
PIM1,0.20077487756533507,-0.2585881053255088
PIM2,-0.044271736920617144,0.10682324680297395
PIM3,0.10109581149738478,0.27247887261486614
PIMREG,-0.1693590641600773,-0.04683216581609351
PIN1,0.0030975055832094256,-0.1878105285736691
PIN4,0.12662351920441495,-0.34400937217174477
PINK1,0.07119840153086798,-0.07905130526983939
PINK1-AS,0.046332357533728,0.05522760876083033
PINX1,0.11752206180564162,-0.18709137974092105
PIP4K2A,-0.09476309765803315,0.4557583503000373
PIP4K2B,-0.09747192927632753,0.521360059574107
PIP4K2C,0.1923026306096478,0.13762510660972094
PIP4P1,-0.012999766462043816,-0.15505366965906564
PIP4P2,0.09202233910413682,0.24531823414098586
PIP5K1A,-0.09692572482318962,0.23378072158933705
PIP5K1B,1.6193375192069392,0.1028726473516384
PIP5K1C,0.07473155772297257,0.10970632591319784
PIP5KL1,0.08545455490112386,-0.11440090517807988
PIPSL,-0.240002405584804,0.04053622436486304
PIR,0.047525474711587634,-0.3195601408002404
PISD,0.25233848750052434,0.5408660781107248
PITHD1,0.1273091609983794,-0.008492303937418733
PITPNA,0.051134623114530875,0.24815818306223925
PITPNB,0.17321267980714605,0.19237810842526049
PITPNC1,-0.12248453340420085,-0.6182557782485105
PITPNM1,0.44725507694157507,0.063381197689095
PITPNM2,-0.3889575596501498,0.16025856361145285
PITPNM3,0.22935402558692577,-0.3259845621590167
PITRM1,-0.35756851580639104,0.27218480468580974
PITX1,-0.5505625830985608,-0.8929051848158549
PITX1-AS1,-0.005905430176654153,0.15453117394537608
PITX2,0.15159364569205516,0.39853755650264056
PIWIL2,-0.12325669542289475,0.3530460851067476
PIWIL4,0.13976879292016653,0.560986583345525
PJA1,0.14343060268365626,0.38877964862659997
PJA2,0.22146509723247565,0.6235184913416889
PJVK,-0.0012498415764570225,-0.19429497195660927
PKD1,-0.3007293161159934,0.61518219575595
PKD1L1,0.06429343052494874,-0.1554302178505448
PKD1L2,-0.12548684356077366,-0.9387336688224708
PKD1P3,-0.32773113964409695,0.6729689462278308
PKD1P4,-0.3962683912440301,0.9671002479595692
PKD1P5,-0.08748527771649028,0.21197386180084254
PKD1P6,-0.34579840247904237,0.8540365735880886
PKD2,0.6573190974587,0.18506487060582177
PKD2L2-DT,0.22619123776596484,0.21658432881923648
PKDCC,-0.39054166001915913,0.1488993743187918
PKIA,-0.61766861980013,-0.23212327360041551
PKIB,0.46633397042288727,0.44837656740960785
PKIG,-0.06418396061427334,0.19309574869876922
PKM,-0.18754816934137963,-0.6214957523698192
PKMP1,-0.1452684995782143,-0.2616745943358393
PKMYT1,0.07567420550614923,0.01097711235982235
PKN1,-0.23448127641638106,-0.01079765316863579
PKN2,0.23456335510078663,-0.2599614408875528
PKN3,0.2299403452172255,-0.1134937539065426
PKNOX1,0.06150962235880897,0.2294609422793572
PKP2,1.1217725456125316,0.6372797971654567
PKP3,0.1962030047865424,-0.065423164172147
PKP4,-0.059430697595136195,-0.054668520083104966
PLA2G10,0.021753653426295746,-0.908551548501862
PLA2G10BP,0.0,-0.7293186655229627
PLA2G12A,0.02883443133316721,0.21692271697992194
PLA2G15,-0.08864586885881653,0.3028303550927074
PLA2G4A,0.14522529090106334,-0.7753184615805473
PLA2G4C,0.20035628459541477,1.5749536282220342
PLA2G4F,0.0,-0.13467355049329433
PLA2G6,0.009963474954579832,0.1526665364222466
PLA2R1,-0.1722136987362033,-0.3893683358703317
PLAA,0.29594697195534714,0.3388746679242072
PLAAT1,1.5893770585931901,-0.03628335403675974
PLAAT2,0.02289007898452641,0.1135509634530587
PLAAT3,-1.2571161487882647,-0.8965028315412784
PLAAT4,-0.41599279383610177,0.811797175254874
PLAC1,-0.11667776595267237,-0.15278050571806112
PLAC8,0.24788586100606924,-0.873732622624166
PLAG1,0.668399062011763,0.28376474350121095
PLAGL1,0.6039992091177884,2.4799126679091463
PLAGL2,-0.05162246440748497,0.38842518854393937
PLAT,-0.5210839446451325,-3.0739247063944135
PLAU,0.681091638433772,0.7515292869836223
PLAUR,0.4155764755730016,0.717429999209183
PLB1,0.033599956037813516,-0.19634700622360268
PLBD1,-0.031642403566709554,-0.20563978144462336
PLBD2,-0.02307041876787075,0.6233994626447448
PLCB1,0.501947588123765,0.39196137961906574
PLCB2,-0.045396403339381,-0.07176823062264179
PLCB3,0.08508705349958134,0.32678288804022415
PLCB4,1.203386928002695,0.08771376808047204
PLCD1,-0.23269467669466715,-0.6366473586782515
PLCD3,0.005469918809378527,-0.052348155958590326
PLCD4,0.0016831137863237977,-0.25043683913870574
PLCE1,-0.49887064165218664,-0.3999161777580711
PLCG1,0.032762947217751304,0.6465074496126038
PLCG2,0.5054312532297458,-0.9027987661069208
PLCH1,0.02289007898452641,0.7957437789118476
PLCH2,-0.9828724604113477,-0.3791820271345414
PLCL2,-1.3374404785998164,0.4555126140064796
PLCXD1,-0.46997705754847985,0.06262143967937606
PLCXD2,0.23367608344627916,0.4680900511924744
PLCXD3,1.9064636192790243,1.0428873273403645
PLD1,0.1991703229111872,0.9088951677685504
PLD2,-0.015048375628449406,-0.1389862662453636
PLD3,0.10263310283867444,0.3561379864468357
PLD6,0.1311075024020334,0.584321544544611
PLEC,-0.26360225912107893,-0.3812130454219407
PLEK2,0.9717288840083786,0.20454445602382787
PLEKHA1,0.10082596866656779,-0.4885094449681411
PLEKHA2,0.7032141945958248,0.38032474338261046
PLEKHA3,-0.03349309429113578,-0.110141955797733
PLEKHA4,-0.3062093036237741,1.478469605987057
PLEKHA5,-0.27417729643136335,0.16429780402753114
PLEKHA6,-0.8623546526606122,0.3208889203430516
PLEKHA7,-2.275913560221327,-1.2672192193963365
PLEKHA8,0.12389294447286403,0.513612705363705
PLEKHA8P1,-0.1639892565504666,0.20542172579477347
PLEKHB1,-0.29054115882765474,-1.1984416372489388
PLEKHB2,0.07187219822590496,0.13249530409775545
PLEKHF1,0.18974193905299153,1.4808294205528436
PLEKHF2,-0.08182747848021776,-0.26726713220642573
PLEKHG1,1.7950920084904594,0.2497768915245202
PLEKHG2,-0.11265531478729507,0.985709680951862
PLEKHG3,-0.4372134387471025,0.08606033620845643
PLEKHG4,0.23968845448013276,1.5609854460016879
PLEKHG4B,0.23597002534249656,-0.142783038524972
PLEKHG5,0.198275020091899,0.47433153926590155
PLEKHG6,-0.06264779618513994,-0.3748918519743274
PLEKHH1,-0.03149176983688884,-0.07737584429690392
PLEKHH2,-0.6262002187874343,0.15143338777075543
PLEKHH3,-0.030846992187188782,-0.034242891113168916
PLEKHJ1,-0.016913403023941065,-0.6170288162093946
PLEKHM1,0.2228116070782784,-0.5535295677316263
PLEKHM1P1,0.013835320511136562,-1.0617071182995774
PLEKHM2,0.11165198729126402,0.25913893828963097
PLEKHM3,-0.01630255749256948,0.04753129585034177
PLEKHN1,-0.19002050385456926,0.11492113770805279
PLEKHO1,-0.8179125973639407,0.9439308909711039
PLEKHO2,-0.041967949067579724,0.15152389136390632
PLEKHS1,0.0,0.6914466058479227
PLGRKT,0.6517086397847018,0.011069714502346173
PLIN1,-0.036314971785507105,-0.234865450255606
PLIN2,0.22930290067788217,0.8056545121638328
PLIN3,-0.004104603036456211,0.5742167113670718
PLIN4,1.0797291538051215,1.042000961556007
PLIN5,0.012415891361456335,0.19283021293632263
PLK1,-0.07522963655106452,-0.38126736235095393
PLK2,-0.3852031405757508,0.17724135409393593
PLK3,-0.037322185678269726,0.9633321835784114
PLK4,0.11727367374910713,-0.13668695828430888
PLLP,-0.3935604236892434,0.7936675454727693
PLOD1,-0.2873946341360849,0.8877322152259426
PLOD2,-0.9795787833794058,1.1692835395628434
PLOD3,0.33305321421995515,0.24069545695995131
PLP2,0.16780376175253764,-0.15598835881138484
PLPBP,0.2520044526754459,0.16203558279251506
PLPP1,-0.1032001111883778,-0.019878139385838267
PLPP2,0.18819837352197233,0.0011740171453666903
PLPP3,-0.7614549005640883,-0.6960569631553355
PLPP5,0.0718139966634066,-0.1914483913543168
PLPP6,0.21185649155501585,-0.15060260485036991
PLPP7,-0.11559294320714786,-0.02321221374994141
PLPPR2,-0.1499095112829094,0.8354713237985312
PLPPR3,-0.48753436537963246,-0.277465036597798
PLRG1,0.14818708329832564,0.2262007045116583
PLS1,-0.021281777759338816,-0.5250628048874226
PLS3,0.30472236095729066,0.291212054747203
PLSCR1,-0.6405621011383698,0.4677583430531378
PLSCR4,-1.12937702378165,0.7999345073682393
PLTP,-0.5975501830803065,-1.024746172670944
PLXDC2,0.0,2.3695383498466884
PLXNA1,0.2148140681132329,0.4418895456191354
PLXNA2,-0.05712807135994907,1.2501725898626592
PLXNA3,0.04628847234543798,0.5827062073848088
PLXNB1,-0.7935707311971618,0.2270006285012096
PLXNB2,-0.03920967901399308,0.10052164420611476
PLXNB3,-0.13277753662182445,0.4455983440684954
PLXNB3-AS1,0.0025175737205669346,0.37125454241208555
PLXNC1,-0.18012128500105734,0.4246131525836838
PLXND1,-0.12329368125161366,0.32066935184247836
PM20D2,-0.12942022929191488,1.1241710686665765
PMAIP1,0.7868774198687039,0.7608085523445274
PMEL,-0.1338874836840882,-0.42656147816012746
PMEPA1,-0.03271758074647746,-0.8246569924477534
PMF1,-0.0490687612414753,-0.11708584449300741
PML,-0.371835800013808,0.2841069242215317
PMM1,0.08146644783368995,0.58466765147192
PMM2,0.09297830719010403,0.21963961022620238
PMP22,-0.6473895011001316,0.5569632623347539
PMPCA,0.08316618983208457,-0.12814656133309565
PMPCB,0.17179113333529017,-0.2296002093348264
PMS1,-0.013245889545249412,0.04493704030957835
PMS2,0.06550990971527693,0.5480802530464581
PMS2CL,-0.2343327522336751,0.40281495588653593
PMS2P1,0.13588013476149285,-0.426000122664437
PMS2P3,-0.0011537078991672445,0.14112639578835595
PMS2P4,-0.14656366143518373,-0.37686430577408747
PMVK,0.17280260361713573,-0.18934087606448102
PNISR,-0.17642485213457793,0.3782859372984193
PNISR-AS1,0.33227710708820457,-0.496808761073241
PNKD,-0.28382206994855075,-0.14707163930261746
PNKP,0.3337572489931704,-0.12728296908184422
PNMA1,-0.08942019214099517,0.13728448814627114
PNMA2,-0.28964628392639646,-1.5266923979208116
PNMA6A,-0.08938617647189684,-0.04033854256376179
PNN,0.1306333324182365,-0.121270054887475
PNO1,0.07568778895834072,-0.2121488703453629
PNP,0.012175623522402645,0.06062835217616591
PNPLA2,-0.12467393392415804,-0.5687726361710652
PNPLA3,0.14308234746363202,0.5098607063093753
PNPLA4,-0.23583329513174428,-0.23297929581950694
PNPLA6,-0.017150231199543953,0.23449634873622482
PNPLA7,-0.13176175056448747,-0.33193831610468205
PNPLA8,0.13434138551495955,0.06212196147071669
PNPO,0.24433213914444352,-0.3226590476446365
PNPT1,0.13232646082691435,0.18047839866745807
PNRC1,-0.38883342615134886,0.8741053263892811
PNRC2,0.19482097122684916,-0.05474414176682796
POC1A,-0.08917189012535509,-0.20516545675301545
POC1B,0.12031321298111841,0.2179810814052363
POC1B-AS1,-0.05998174906164305,0.06266335328728379
POC5,-0.09743367896271948,0.25990617852239417
PODNL1,-0.19890486043783728,0.25970470535945234
PODXL,-0.735246216193854,-0.4264907879070323
PODXL2,-0.35081813238693993,0.040629709869924424
POF1B,0.1887004155211634,-0.29959000401317937
POFUT1,0.1426217702757171,0.4039353202177516
POFUT2,0.24757038459686243,0.42914573068178186
POGK,-0.10330617050707502,0.3152254818794198
POGLUT1,0.13099556332101603,0.2004269946819841
POGLUT2,0.12007945457089075,0.46734481607127965
POGLUT3,-0.0010601202585966973,0.030345464832210567
POGZ,-0.04651869508954576,0.7248652410987093
POLA1,0.024253648615451873,0.3609677614506239
POLA2,0.17444199576178265,0.05366707025993778
POLB,0.010202710881522581,-0.2527001660603112
POLD1,0.07136755721414012,0.16931243353298342
POLD2,0.012848791037399998,0.07241548826175492
POLD3,0.2494435834471469,0.07045889699734609
POLD4,-0.3753265923129825,-0.17359717213794568
POLDIP2,0.0629299185586536,0.1964670702933109
POLDIP3,-0.12942275390951608,0.09332880043120184
POLE,0.05823971503812242,0.2830605887644886
POLE2,0.025523899056506316,0.0053680000585270005
POLE3,0.045704066415424904,0.1683343649991098
POLE4,0.21134344794450488,-0.14157287601498236
POLG,-0.13597531178243916,0.23306920057632396
POLG2,-0.05117363740177705,-0.27569962442057294
POLH,0.15448538397750156,1.0483198095782538
POLI,0.3037907049850679,-0.17349782137900238
POLK,0.2080796752899472,0.6487955619376682
POLL,-0.4370406526216666,-0.11957966036790424
POLM,-0.32702453629349293,0.191154958476913
POLN,0.32823221728581586,0.19149016428087376
POLQ,0.11778783406686433,0.6025129299512075
POLR1A,-0.07973766216427247,0.1732480599559807
POLR1B,-0.05496938144223851,0.12364284601066622
POLR1C,-0.12555057120162427,0.11972029757589198
POLR1D,-0.2811821793061986,0.2064915138039023
POLR1E,0.31520271809745903,-0.1706801587592981
POLR1F,0.10049491256061849,0.3922283130615565
POLR1G,0.06613653327659508,-0.13955300356139944
POLR1H,-0.12315030533170068,0.1793232110689842
POLR1HASP,0.12659510172474686,0.17944421901622776
POLR2A,-0.05494239126356959,0.19515749205205513
POLR2B,-0.07530356011675465,0.3198466065662968
POLR2C,0.07956504421313948,-0.24665489686704145
POLR2D,0.13457220051781515,-0.13437071927886635
POLR2E,-0.07506332205184485,-0.09071423541617296
POLR2F,0.018057599306080974,-0.08077839137255083
POLR2G,-0.12449417761273551,-0.1716835848749687
POLR2H,-0.03883300647416377,-0.0353086718574378
POLR2I,0.01598953538934289,0.006940074503590354
POLR2J,-0.012976257016275028,-0.3421190924235269
POLR2J3,0.39503409887620955,-0.2033182421844817
POLR2K,0.004993771210160425,-0.1611897767973023
POLR2L,-0.16939265173273732,-0.05114777119328995
POLR2M,0.20861563152120333,0.007119738190326075
POLR3A,-0.22169305165731057,0.1999463433603479
POLR3B,0.20160645526899224,0.505892959046867
POLR3C,0.042339343470686686,0.2973424755703329
POLR3D,-0.015541549821291412,0.02148541026952877
POLR3E,0.24537432497594036,-0.006429004927616333
POLR3F,0.17749423919091178,0.09138557570204009
POLR3G,0.10167341229240723,0.5526733429376907
POLR3GL,0.2190192092820742,-0.033398281766040316
POLR3H,0.02472180490544229,0.01685155276315342
POLR3K,0.011568529413597872,-0.5749867236896198
POLRMT,0.12506560705784242,0.06239831819097397
POLRMTP1,-0.1997484419935711,-0.45522508672179507
POM121,-0.008680755725974265,0.48814744529321796
POM121B,-0.3121882963015329,0.06841395622224011
POM121C,0.04732437946035439,0.10104955856827402
POMGNT1,0.07275306640091728,0.07070668177818806
POMGNT2,-0.0982112265267423,0.1426152135411929
POMK,-0.09527768620565413,0.6810341733971623
POMP,0.12743432004825372,0.19123845012074892
POMT1,-0.0317288710060053,0.40339778231700407
POMT2,0.19396664358128923,0.5686791563985629
POMZP3,0.06853387946529743,-0.20692709364048278
PON2,0.18372128318375047,0.06649029269219131
PON3,0.5809180720865577,-0.440590704490903
POP1,0.3585722889378271,-0.48414511252464765
POP4,0.0753197457185335,0.17837364587365645
POP5,-0.14293588225344767,-0.22013647848859375
POP7,-0.22027303468914727,-0.2834276028195184
POPDC3,-0.11652385932475617,0.8042043031225556
POR,0.007646544222310148,0.03491471174869254
PORCN,0.05163750395391986,0.30569831918729573
POT1,0.2304212931212355,0.13081645369905548
POTEE,-0.04992532679311834,0.4298887705502651
POTEI,-0.016529465741833338,0.27932320346377604
POU2AF3,0.0,-0.3484105002961393
POU2F1,-0.15219980043388492,0.2785444507893664
POU2F2,0.09935904496970421,0.23227046794996375
POU2F3,0.0,-0.431883167206053
POU6F1,-0.9660697710583508,0.9156398915153925
PPA1,-0.5610339257976831,0.0939938024336735
PPA2,0.32315329930773107,-0.18295168716286536
PPAN,-0.19646345866108694,-0.014015541015921062
PPARA,0.259882368544468,0.19335563766645514
PPARD,-0.13389791653684924,0.36538491086438274
PPARG,0.17247632982496341,-0.4177991821575162
PPARGC1B,-0.5383190189710909,0.268483016361305
PPAT,0.22309250156289728,0.03249924885111888
PPCDC,0.1633614234102403,-0.36015899447628463
PPCS,0.13138834825276113,-0.20733475843132076
PPDPF,0.3663288420401489,-0.4247595227771246
PPFIA1,-0.05196366428645138,0.15489164285175772
PPFIA3,0.15393269717324998,-0.28585441002502465
PPFIBP1,-0.05702040458061397,0.7717709330710347
PPFIBP2,-1.0125797863898938,-0.06835820903289602
PPHLN1,-0.07258296074728143,0.11237295115765278
PPIA,-0.12204957336070699,-0.016667000010780697
PPIAP11,-0.07388649311531026,0.167734132658115
PPIAP19,-0.188330039128059,-0.03245751318464418
PPIAP22,-0.08499295091609493,0.062439874193319866
PPIAP29,0.35502328536864525,0.510902058682581
PPIAP31,-0.1935135737281839,-0.13303568335404714
PPIAP6,-0.2703766160923574,-0.1046691275914462
PPIB,0.06202745382913921,-0.4119610680339223
PPIC,0.27258002029833417,0.6819113136010682
PPID,0.13867300206853983,0.10554634725309242
PPIE,-0.03401329993618152,-0.07882300718302915
PPIF,0.13412710577287523,-0.4885126466688847
PPIG,0.21775249657743334,-0.13944225105203056
PPIH,-0.14541377237473618,-0.301097452038702
PPIL1,-0.130102844367606,0.30848788999477605
PPIL2,0.013030668082684826,0.1866000490585904
PPIL3,-0.14572300816246608,-0.47333788468558957
PPIL4,0.30610816464811297,0.21955257861714994
PPIL6,0.7918643118355131,0.0728763306312914
PPIP5K1,-0.08493086294863517,-0.10361264005557347
PPIP5K2,0.12915282895979008,0.4465768845529823
PPL,0.27072106554688347,-0.5722403130637979
PPM1A,-0.08456739736190144,0.22604989435149303
PPM1B,-0.37145921098928625,-0.36293061611922983
PPM1D,0.028699289612984735,-0.07569653348372629
PPM1E,-1.0945460129939613,0.17287342231794678
PPM1F,0.1127742304839705,0.23208005719118585
PPM1F-AS1,0.18251093884467573,0.3335628816783016
PPM1G,-0.0038048511745101266,-0.4084630109927829
PPM1H,-1.44112266361272,-0.3374819703830534
PPM1J,-0.29445030050212884,0.21954833105328175
PPM1K,0.7744125085325038,-0.4790239847144946
PPM1L,-0.8014705906089521,-1.4160794919050583
PPM1M,-0.21368928179275537,0.7948978560296074
PPM1N,-0.03208900417426941,-0.651126804962058
PPME1,-0.11058557067405417,-0.4364415417485388
PPOX,-0.1783336148946031,0.2447400529899202
PPP1CA,0.010911343021975384,-0.2073661549840402
PPP1CB,-1.7619027530280107e-05,0.02126228779687267
PPP1CB-DT,0.2069691423154017,0.0723524278430091
PPP1CC,-0.13858547375684438,-0.04009895366077565
PPP1R10,-0.23141560010944495,0.0004610521851571292
PPP1R11,0.07656973985358828,0.38291409939434917
PPP1R12A,0.07389022957097513,0.4412734634475548
PPP1R12A-AS1,0.12392052128688469,-0.0704245760120894
PPP1R12B,-0.36010970954243327,-0.9062546301026533
PPP1R12C,0.15644652896031808,-0.2141433726067845
PPP1R13B,-0.13934084556275028,0.11291429963265731
PPP1R13L,-0.11262660890318532,0.06868033117404693
PPP1R14A,-0.12729203976574155,-0.04838626302250726
PPP1R14B,-0.13507442707046646,-0.2285453359211589
PPP1R14BP3,-0.10716595701142428,-0.17923577082076836
PPP1R14C,0.35147051519990313,-0.041291481235149474
PPP1R14D,-0.14470086042027366,-0.7269292665264351
PPP1R15A,0.04035909086825118,-0.10508898475414519
PPP1R15B,-0.073829028964437,0.6003140364370747
PPP1R15B-AS1,0.012502979284105271,0.2593510314051303
PPP1R16A,-0.046511691607952876,-0.5260726257275232
PPP1R18,0.002996023172244122,1.0631400753939095
PPP1R1B,-0.13106305547850994,-0.9280644889969256
PPP1R1C,0.3102778168818201,-0.7748177498131703
PPP1R2,0.04963647381612368,0.18273952919818104
PPP1R21,-0.024293586902543574,-0.13173893299701778
PPP1R26,-0.062335769478245595,-0.11632848343562951
PPP1R26-AS1,0.2522970938615263,0.1982397958761397
PPP1R2B,-0.011825859955939766,0.12655438186692436
PPP1R35,-0.44410452199645656,-0.5114599751163902
PPP1R36,0.028433787845278946,-0.7455563352401309
PPP1R37,0.02728921495694081,-0.2508309921250369
PPP1R3B,-0.15031008991807226,0.8942942898425259
PPP1R3C,0.3913114789535084,-0.11677745212552759
PPP1R3D,-0.06124427759885931,-0.18659570383646962
PPP1R3E,-0.034846456553186744,0.1537137432786131
PPP1R3F,0.10889567869186267,0.35606900551917064
PPP1R3G,-0.49096232037519927,0.5093382762467509
PPP1R7,0.0668838600055981,-0.4334272407856119
PPP1R8,-0.017643263022171674,0.06176553836511811
PPP1R9A,1.50467523362184,-0.282145392851866
PPP1R9B,0.13239507871862521,0.1564648611140962
PPP2CA,0.06524370399860047,0.25804209269343836
PPP2CA-DT,0.3794582082987655,0.02384582423864523
PPP2CB,0.19829101310165598,0.36718164814552967
PPP2R1A,-0.0033017070665826154,0.1516850052124834
PPP2R1B,0.005865750773780043,-0.06907359792238932
PPP2R2A,0.017644939470774723,0.2362729726106494
PPP2R2B,-0.019166248033962496,0.07323514414073437
PPP2R2C,-0.03666895167040174,-0.5788529196062933
PPP2R2D,-0.12499167432734293,-0.197570808058952
PPP2R3A,0.4544161362965,-0.056733325971682014
PPP2R3B,-0.4566341685937627,-0.12513374393415067
PPP2R3C,-0.03169619261067025,-0.19979066535574308
PPP2R5A,0.02668024954419934,0.3430493221293949
PPP2R5B,-0.14899635788532173,-0.08360673545556896
PPP2R5C,-0.07649264556484692,0.19308072991064762
PPP2R5D,-0.18137634963366178,0.9641310143744959
PPP2R5E,0.12611462318825328,0.5455498683759643
PPP3CA,-0.06402827122765764,0.5739330452591265
PPP3CB,0.058058281191823546,0.6134108845500013
PPP3CB-AS1,0.13823530622511715,0.3732871132382971
PPP3CC,0.10330306670376643,0.5971239802886961
PPP3R1,-0.10805194611632629,-0.06083338403182914
PPP4C,0.08073233191798046,-0.026603769016277923
PPP4R1,0.12808746877164445,0.11984888172074903
PPP4R1L,0.09867961813696935,0.6799509739388414
PPP4R2,-0.04410473615739985,0.07435136239761508
PPP4R3A,0.17937553845136023,0.5187465645550002
PPP4R3B,0.17132687287248238,0.07253381996056696
PPP4R4,0.6870163514394083,0.806771575457013
PPP5C,-0.04876423294952392,0.01693289810844245
PPP6C,0.02810385688573458,-0.12005767642502718
PPP6R1,-0.11208180539430757,0.09262984853235423
PPP6R2,0.2783551519827778,-0.0729579479218172
PPP6R3,0.09515924348794336,0.03882928916357642
PPRC1,-0.1771579547489761,0.10864652275231546
PPT1,0.04442407279547922,0.37541862498207745
PPT2,0.1581395224254698,0.6769785997043476
PPTC7,0.12878990220018238,0.2543128485110051
PPWD1,0.12667003990090375,0.08010070942015624
PQBP1,0.057755319756972234,-0.19919758938589638
PRADC1,0.10808762743645506,-0.3240821272822618
PRADX,0.13051918999234813,-0.1980394750569623
PRAF2,0.14354247033906464,0.28497112896593635
PRAG1,0.07456551831612934,0.572386674532992
PRAME,0.2471804760142451,-0.2846891083315457
PRCC,-0.0821480479573431,-0.030024923993693164
PRCP,0.001065505304405967,0.28876385810178373
PRDM1,-1.0202797823356953,0.4432029142882148
PRDM10,-0.0375533330589386,0.08429418409987655
PRDM11,-0.3184351981512492,0.668864838879216
PRDM15,-0.05571810876772121,0.254095733885344
PRDM16,-0.24598489292168324,0.013622212646916765
PRDM16-DT,-0.5703219424382628,-0.4668780723273328
PRDM2,0.13470564401233087,0.35489460281912866
PRDM4,0.12210699634023392,0.5227073660475701
PRDM5,0.254678080045442,0.026759435742968126
PRDM8,0.49676359683575244,-0.09543399429769739
PRDX1,0.3139831470177068,-0.1399614409008656
PRDX2,-0.9009982106715042,-0.02544128447152172
PRDX3,-0.33271317909673925,0.0028479990367511476
PRDX4,-0.09780528170230518,0.1705625526397636
PRDX5,-0.03938560515508449,0.060858240632882143
PRDX6,0.13124333231128915,-0.40253260260306334
PRDX6-AS1,0.03303068358216765,-0.3247914634030712
PREB,-0.05352475406485002,0.0007850421171946564
PRECSIT,0.2456277086807077,0.3474922990884455
PRELID1,0.07868387792809717,-0.10398919349381597
PRELID1P6,-0.06415224265409636,-0.15555382939401985
PRELID2,0.32838605172463753,-1.2129123918098221
PRELID3A,-0.6448189829428617,0.1533241524510618
PRELID3B,0.14272905265352342,0.09588542932497646
PREP,-0.0041429324283344116,0.8924251629538391
PREPL,-0.2741049170831342,0.2255240788682471
PREX1,-0.8232527066978221,0.6885857251587799
PRICKLE1,1.8224928195233245,0.8594499632619566
PRICKLE2,1.582447552713396,0.1047040248682497
PRICKLE3,0.16610750964239074,-0.01747268151643855
PRIM1,0.12249817455552181,-0.3363879899084983
PRIM2,0.0967844094232575,0.38670151780405204
PRIMPOL,0.04427461723649273,0.21883393506385307
PRKAA1,0.18405781958466427,0.2517364025613382
PRKAA2,0.032106627340867,0.5934530509524469
PRKAB1,0.029811848831799992,0.6480469234963113
PRKAB2,-0.015960476582864036,0.858872718560205
PRKACA,0.22105501809327865,-0.0043852715135637155
PRKACB,0.6180137985803853,0.6864269748694967
PRKAG1,-0.09504059820379407,-0.007878816121688281
PRKAG2,0.36353606710079767,0.31938578082932967
PRKAG2-AS1,-0.241201295712261,0.16599494966755202
PRKAR1A,0.3028759472178626,0.056187332469031404
PRKAR1B,0.03894438555590618,0.08003871272746288
PRKAR2A,0.022000458551564073,0.2774778718874078
PRKAR2A-AS1,-0.017078234033243156,0.533514840762102
PRKAR2B,-0.14705854948457078,0.7500329848570859
PRKCA,-0.04277222986751639,-0.770643162214995
PRKCD,0.07500366460631103,-0.2200272525688689
PRKCE,-0.060942087650641685,0.5970533706383043
PRKCG,-0.42151372573216517,0.7679517175282593
PRKCH,0.9701400274864949,0.13817032062795453
PRKCI,-0.07146060882888605,0.19907446577037646
PRKCQ,0.0019536997172475146,0.25232645250362884
PRKCQ-AS1,-0.48019342532666187,0.5093149231820655
PRKCSH,-0.035925920627077446,0.07638787242387757
PRKCZ,-0.00953217901574055,-0.07270521571400934
PRKCZ-AS1,-0.1671082120836559,0.0778862473163845
PRKD1,-0.20507677748550757,0.15523596066862044
PRKD2,0.15720632943275614,0.30009195678431055
PRKD3,0.07646408136596161,0.9697393922287385
PRKDC,-0.10434931952219983,0.37319161810888346
PRKG1-AS1,0.17633048292411901,-0.013163157857292163
PRKG2,0.5590315743944262,0.3756626471898894
PRKN,0.3187500496610788,1.2431578071530094
PRKRA,-0.051211909966903946,0.1333202028127758
PRKRIP1,0.10731098497177971,0.09148657385540737
PRKX,-0.2132423385875608,0.5065950642764947
PRMT1,0.043131690760587205,-0.2947804339992288
PRMT2,0.18324336024878463,-0.23931754329382215
PRMT3,-0.0018198780707088247,0.037263648774716884
PRMT5,0.17490976479051312,0.2124276302475696
PRMT6,0.3113168608918526,-0.2780241595935422
PRMT7,-0.08031233148319394,-0.3584749699778893
PRMT9,0.6704990039066798,0.585356344947713
PRNP,0.35104046621633245,0.5837675781705016
PROB1,0.2788211225052155,0.651467656953252
PROC,-0.25965626209091774,-0.28815374845140174
PROCA1,0.2514107553301337,0.10203739006034596
PROCR,0.09274134072426765,0.6794337433692221
PROM2,0.12296722917705305,0.042411952544179066
PRORP,0.12335545010372284,0.28565303115426666
PRORSD1P,-0.05416814942211334,-0.1304950216067251
PROS1,0.2448772422334331,0.2083956221364902
PROSER1,0.13409107712850243,0.5729090146754992
PROSER2,-0.2916184111176492,0.24369039594943587
PROSER3,0.011027464454926417,0.6417017436714536
PRPF18,0.10086239426826626,-0.006428873512144051
PRPF19,-0.12232840503546516,0.03584305770937313
PRPF3,-0.2815509512149097,0.04623216694714305
PRPF31,-0.03586467236693025,-0.23469696166510712
PRPF38A,0.1540442510839659,-0.1283989977582456
PRPF38B,-0.2790630784720731,-0.029522072763747076
PRPF39,-0.10001850006640689,0.38087878775766715
PRPF4,0.04610051482468336,0.14969641314134563
PRPF40A,0.12295893882627329,0.07305496045204762
PRPF40B,0.2828979135026577,0.36161224443731577
PRPF4B,-0.17180769151041186,0.5752447754997556
PRPF6,-0.11842817138779616,0.10307681508751898
PRPF8,-0.36681580934793345,0.14594293579160222
PRPS1,0.13960937272754492,0.7511849466289755
PRPS2,-0.057902098901355004,-0.1092399263997228
PRPSAP1,0.13414072244836106,-0.29666266531011765
PRPSAP2,0.09579091760588998,-0.24425488855080735
PRR11,-0.08092092885829505,-0.15201755993778043
PRR11-AS1,-0.1895235258201744,-0.09158780343097073
PRR12,-0.2698526587318195,0.252212038875796
PRR13,0.11917435869483839,-0.18846439366196677
PRR13P5,0.11374036753675565,-0.19757112481395778
PRR14,-0.13512130096175134,0.17112528467105115
PRR14L,-0.08011995052629217,0.0979701162780442
PRR15,0.07938341910011444,-0.950228467505517
PRR15-DT,-0.11122346630126774,-0.5709223819465394
PRR15L,0.08522263214288514,-1.4025836621899437
PRR16,0.06545578946152947,-0.22463556818821484
PRR19,-0.3447237939119656,0.25745747870378155
PRR22,-0.17748491254692245,-0.22800124303997338
PRR29,-0.027459904029403112,-1.0478425901448416
PRR3,0.01385454588928603,0.5984849171431943
PRR34-AS1,-0.38933287242716985,-0.28019652194743633
PRR35,-0.534997437585244,-0.12628011643435597
PRR36,-1.0650539001749346,-0.4735876206193206
PRR5,-0.15901118394097136,-0.529160028214922
PRR5L,0.014158151629886068,1.3181923902545736
PRR7,0.01847733601196211,0.09053633015005236
PRRC1,-0.023042364122366266,0.5648422584066068
PRRC2A,-0.10708585285653349,0.7518302423893868
PRRC2C,0.08594138363207637,0.27721071493255334
PRRG1,0.035908714865158675,0.4712259562390999
PRRG2,-0.06980947664627654,-0.4226129251129933
PRRG4,0.7157979777353256,-0.3407426595583578
PRRT1,0.08138088107762442,-0.19070562058509122
PRRT2,-0.31631269493729164,0.20111713351577076
PRRT3,-0.2468773847097956,-0.27124842466497956
PRRT3-AS1,-0.18809102803843014,0.07354512045516665
PRRT4,-0.08577845255546424,0.27027873298604993
PRRX2,0.02255698059895961,0.8748841445346478
PRSS12,1.1743495980660819,-0.7859634906682347
PRSS16,0.37118882889953064,0.6109956796912801
PRSS21,-0.005706250603107366,0.32734093583565116
PRSS22,-0.44301979334510033,-0.16983746350625228
PRSS23,-0.3009729100991798,0.16745700765599647
PRSS27,0.0073137437206680644,0.5993874207219967
PRSS33,0.16455026191415983,1.0233086101912654
PRSS36,-0.019581597106078263,0.26007876026143073
PRSS8,0.06771109652330225,0.030119839802233983
PRTFDC1,-0.21872149997298673,0.07382636859242231
PRTG,-0.06500248339104875,-0.04347841924944218
PRTN3,-0.9895490145337944,0.21769620622634078
PRUNE1,-0.12618985304985397,0.11563653277200636
PRX,0.14763209025775836,0.1714906983804383
PRXL2A,-0.4231472031899397,-0.6332732217755144
PRXL2B,0.01832019931244755,-0.5194838665186667
PRXL2C,0.3232955471802921,0.63668782635215
PSAP,-0.2696623330928407,0.6275741659798584
PSAT1,-0.06591325423471073,0.8984569907445827
PSCA,0.5286015015640517,-1.4377310459914519
PSD,-0.7446476105495232,-0.20048518960895412
PSD3,0.42248608368597473,0.3634384504962487
PSD4,1.7383186266454238,-0.5796714870430568
PSEN1,-0.003089340778287486,0.10169343570799949
PSEN2,0.29407936585152505,0.4482235502073131
PSENEN,0.0019146879904781144,0.156774601685858
PSG1,-0.02515039021490946,1.201859345396089
PSG4,0.023067364112480088,0.7673279690008847
PSG5,0.042565710477003055,1.3975553583929328
PSG8,0.0,3.097687319329573
PSIP1,-0.04721625245952232,0.2370298571146403
PSKH1,0.0012405446748058324,-0.15170476958284151
PSMA1,-0.0750137338786181,-0.19666593156379664
PSMA2,-0.2115758701049244,0.12047544132643484
PSMA3,0.22896392380476005,0.10989121288436188
PSMA3-AS1,-0.0982112642850268,-0.14348450339342378
PSMA4,0.12259330011057923,-0.04486256338413597
PSMA5,0.11120978425437134,-0.1894974102659175
PSMA6,0.1543926886521333,0.47273941190918256
PSMA6P1,0.14972440403379927,0.38037750970463113
PSMA7,0.1863985622462092,0.09184286135012343
PSMB1,0.16584472455297394,0.39472877544691887
PSMB10,-0.040041425035009404,0.26781596126290186
PSMB2,0.1091715562802138,0.10349598720500452
PSMB3,0.09338888205679474,-0.19917634913824145
PSMB4,0.14208665453181268,0.09875084914659027
PSMB5,-0.03987047260099619,-0.08875222231611168
PSMB6,0.05929571416748569,-0.24676184755358843
PSMB7,0.31234170199744327,-0.07566654118676741
PSMB8,-0.0936440669995644,0.47074797360811527
PSMB8-AS1,0.03197977471102309,0.7186748301438179
PSMB9,-0.07180936886852418,0.9412311364906909
PSMC1,0.22788756944013677,0.38879596968384345
PSMC1P1,0.21323523620936036,0.3300074205483856
PSMC2,0.013475762254206103,0.001872513682915411
PSMC3,-0.06725594128733814,-0.29923086774790963
PSMC3IP,0.27329658795364997,-0.3032443911705469
PSMC4,0.046436088524771435,0.1309377041039026
PSMC5,-0.10523599264116612,-0.5024409624196515
PSMC6,0.06681078336814039,0.23277145893891849
PSMD1,0.09864936323862583,0.18985746670307257
PSMD10,0.024796433433486698,0.2932879118661056
PSMD10P2,-0.11427117452787156,-0.31092630387923637
PSMD11,0.2557937741880085,0.10037368197222563
PSMD12,0.1591743689889924,-0.2245220226070339
PSMD13,0.0001598122214758746,0.06958077476964597
PSMD14,0.13078127885781132,-0.011123805208208104
PSMD2,0.01773358914930867,0.4267855809854364
PSMD3,0.06841314024661038,0.13066629860039658
PSMD4,0.16503753261579224,-0.014388697457836663
PSMD5,0.03247343037092243,0.3820360061716688
PSMD6,0.12317052209349821,-0.026952095383741437
PSMD7,0.08817964513677623,0.2676170527359698
PSMD8,0.10662034774600393,-0.0015189266232136234
PSMD9,0.2564050986735873,-0.008431522700510286
PSME1,-0.21566605372449033,0.1704395552550526
PSME2,0.036018172872636534,0.23628147768839458
PSME2P1,0.2936914676171942,0.33531365402129665
PSME2P2,0.21466916947076786,0.29938351409373043
PSME3,0.15497266034574597,-0.035455663236594326
PSME3IP1,0.035318216954868475,-0.1642061019141261
PSME4,-0.019141958319087493,0.29214752757889517
PSMF1,0.07319066727540591,-0.14154146104786225
PSMG1,0.1300624198133331,-0.23654498022477366
PSMG2,-0.0628137903249133,-0.4139866931867795
PSMG3,-0.06853285523804065,-0.07325827519133199
PSMG3-AS1,0.35952953336945725,0.2654716627457048
PSMG4,-0.11864643571289557,0.1229877930404264
PSORS1C1,-0.34872820524199244,0.22763421770373882
PSPC1,0.3132607049668499,-0.09071945858408803
PSPH,-0.1455355716688631,0.4742897205506713
PSPHP1,0.08871180094897602,-0.11490946511628541
PSPN,-0.05867356746924157,-0.09251909325127983
PSRC1,0.00020017554642492996,0.19839392073386364
PSTK,0.036133354715862875,0.10103410917939093
PSTPIP2,-0.48091732421020855,-0.0831701112146046
PTAFR,0.17285627294200567,-0.27298623478094886
PTAR1,0.1363622955554753,0.42333718625869743
PTBP1,-0.04579993101879154,0.1569764705163319
PTBP2,0.1948044801499389,0.4426560361727292
PTBP3,-0.3381557270607374,0.34260957923653557
PTCD1,-0.1195806886232984,-0.21531509454727749
PTCD2,0.12717925552031417,0.14098237035383887
PTCD3,-0.14442058541499314,-0.03575015243562785
PTCH1,-0.763336352850231,0.596895386526211
PTCHD1,-0.4240304773046928,0.0
PTCHD3,-0.2897312044626772,0.0
PTDSS1,0.0150605127462633,-0.21521032489071867
PTDSS2,-0.08746898159183036,0.16287326820217274
PTEN,-0.07044903858294127,-0.014348647286006155
PTENP1,-0.304212340731309,-0.14217492635542828
PTER,0.31130317309620636,0.3828197187858198
PTGER1,-0.22890208448294858,0.12295484837595372
PTGER4,-0.4444277938460832,0.013289883049611984
PTGES,1.783451506813534,0.3901318162031373
PTGES2,-0.08429418991433835,-0.4155608127620436
PTGES3,0.06998052478276051,0.06194613533446258
PTGES3P1,0.2737174065086796,0.2790749898882865
PTGFRN,-3.0169533381764158,1.1436569279021809
PTGIS,-0.6016619305662667,-1.2019420184870397
PTGR1,-0.2136578081539655,0.8552669913380377
PTGR2,-0.005943963467288205,-0.21664026080665777
PTGR3,-0.3558230719884454,-0.18641308091871345
PTGS1,-2.7683045373097093,0.6009396173076391
PTGS2,0.0656400530282978,-1.3619796407250129
PTHLH,-0.963873436504454,0.16882709164830073
PTK2,0.007145178698969801,0.25498259023251535
PTK2B,0.1358130050628792,-0.3197660216191194
PTK6,0.39176856823456463,-0.2712419904787513
PTK7,-0.599044805052733,1.3449715015546282
PTMA,0.0768864805979419,0.06576076376220996
PTMAP2,-0.13452723548445888,0.20588350934157873
PTMAP4,-0.09314532881612791,0.06536700324238642
PTMAP5,0.13388493151710268,0.17877234398009856
PTMAP9,0.241783257491329,-0.28111187631369483
PTMS,-0.1264638546211856,0.33316731399944643
PTOV1,-0.029558812555176672,-0.021506202246856176
PTP4A1,0.10918100443431178,1.0420631042622366
PTP4A2,0.12419246748544133,0.45221601428258573
PTP4A2P1,0.10139599501329644,0.17315056502854198
PTP4A3,0.33390025877798557,-0.05036029142873044
PTPA,-0.1120926443725887,0.017245256243196394
PTPDC1,-0.08231607118433937,0.24974816173878445
PTPMT1,-0.16122607618201623,-0.20893655842813896
PTPN1,-0.014630088663853513,0.1429670161964287
PTPN11,0.11766721397167856,0.650652509855961
PTPN12,0.16258235606156646,0.3697394630441009
PTPN13,0.12992453939682136,-0.3861029887038834
PTPN14,-0.13762966898304452,0.47987323007325955
PTPN18,0.15635077202332948,-0.5794813640652068
PTPN2,0.008201788009968958,-0.1974938594980724
PTPN20,-0.129146982344035,0.09618466851025298
PTPN21,-0.19573311706728536,0.7480558307959693
PTPN23,-0.1456705751776859,0.2039885722202941
PTPN3,-0.2866917003414198,-0.8536902102404778
PTPN4,-0.050387518488961724,0.021393619811353126
PTPN6,0.01978725225724043,-0.2050261551949033
PTPN9,-0.24704366124641464,0.07763300179745336
PTPRA,-0.08902981367745966,0.04006083264218141
PTPRB,0.13238436980261603,0.2697920999486655
PTPRE,-0.09689397937847577,0.12070304421731581
PTPRF,-0.15607154884305885,1.3060528481925449
PTPRG,1.9358412508397713,0.6519288269703479
PTPRG-AS1,0.44828284485961434,0.0
PTPRH,0.08776964686342037,-0.7776637540813898
PTPRJ,-0.035606097278045645,0.05500621483501078
PTPRK,-0.1200304709661495,0.8323258566590201
PTPRM,0.43181028377674324,0.2465158265812053
PTPRN2,-0.09205055629892567,-1.7919904126979573
PTPRR,0.10564504223077205,-0.42459321025299523
PTPRS,-0.2849181471783737,-0.25810990373101106
PTPRU,-0.025999955792881835,-1.249806017634942
PTRH2,-0.5476855238365292,-0.5022118655903807
PTRHD1,-0.49032063201698817,-0.37819850576772174
PTS,0.1319966653062732,-0.4261411935641801
PTTG1,-0.02287541389878278,-0.20222544559432976
PTTG1IP,-0.20375366665976102,-0.000472063438238024
PTX3,0.8386020771992682,0.8925233473455674
PUDP,0.2186735434849698,-0.09061032558124271
PUF60,-0.12453599056662856,-0.16382017247910863
PUM1,-0.05248574710335596,0.4124944814546261
PUM2,0.041517484682249695,0.2646689070987014
PUM3,0.2506844531941823,-0.02995700708729121
PURA,0.05414525843233431,0.39361633465456425
PURB,0.09349352609098993,0.6289759818921805
PUS1,0.046691836894954264,-0.12590424570980385
PUS1-AS1,-0.23771200365397427,0.023508210736156165
PUS10,0.40636473785359195,0.09843125538364372
PUS3,-0.15602489755281823,-0.47503232020623054
PUS7,0.29589974292734755,0.0576010731816452
PUS7L,0.2735137947749662,0.5681193286778927
PUSL1,0.18783893864517953,-0.07214930597888447
PVR,0.03502611367689745,0.7977125864634669
PVT1,-0.23303070243747692,0.14034172462870131
PWP1,0.23721723484235202,0.06991315962006173
PWP2,-0.0393080636793961,-0.0797343211167384
PWWP2A,-0.13009163926080536,0.37726896245535
PWWP2B,-0.021074508273734693,-0.22869813511371007
PWWP3A,0.013254425820699467,0.37597219643441315
PXDC1,-0.3699438723434305,0.6456263384595919
PXDN,-0.8595126822017711,-1.2148572123630867
PXK,0.08230357892802953,0.6598692655161527
PXMP2,-0.10970427914130831,-0.02488983331616984
PXMP4,0.2768084502753383,-0.11223233443104874
PXN,0.028151955875845402,0.4524878866464599
PXN-AS1,-0.08170012266342219,-0.13090325905700617
PXYLP1,-0.20657447525028472,0.2176187709240125
PYCARD,-0.6908801850204349,-0.05002585888216604
PYCR1,0.04456273527472643,0.38403888163727196
PYCR2,0.023114591892785086,0.08830215387071494
PYCR3,0.1316164968675242,-0.28338453154376797
PYGB,-0.09331586566461247,0.7069385569743298
PYGL,0.8373377937931341,-0.0579026275943626
PYGO1,0.1317640474006625,0.7243843321526994
PYGO2,-0.05529469348064886,0.3012301669582085
PYM1,0.04546254747470613,-0.05645350634540858
PYROXD1,0.12441526640970624,-0.11515447890054453
PYROXD2,0.20218572798514525,-0.6879452604561305
PYURF,-0.12312128515244236,0.09909680457387715
QARS1,-0.24326481723902038,-0.08151591498754929
QDPR,0.0938546972314187,0.16714234695245
QKI,-0.11999458896690918,1.2435989274803596
QNG1,0.02223668799940537,0.49177151761637994
QPCT,-0.2122576486894009,0.3964110934576688
QPCTL,0.05351617281462673,-0.048182511837302044
QPRT,0.1288829506112137,-0.18100755503350596
QRICH1,-0.07397889298900928,0.30317789271930184
QRICH2,0.07509575964453263,0.028798449815507166
QRSL1,0.06989179708890259,0.5238165171319542
QSER1,-0.018815709909946854,0.47225900326795944
QSOX1,-0.022277018916555313,0.35460801010243337
QSOX2,0.21030905270533484,0.2883548167274803
QTRT1,0.3052319600097846,-0.1899318291128438
QTRT2,0.10285748846728371,0.1023414135419678
R3HCC1,0.1030669686026986,-0.024987913793458993
R3HCC1L,0.010285668126250869,0.283798765305574
R3HDM1,0.03654391548925062,0.15615007331663122
R3HDM2,0.1741606682538066,-0.004966799282018819
R3HDM4,0.20780218619692103,0.0736382960399764
RAB10,0.08382968480765562,0.19636539267099629
RAB11A,-0.015426209531270274,-0.4452196191571254
RAB11B,-0.1193561588721268,-0.029148323230081985
RAB11B-AS1,-0.1787405438462626,-0.07793690288844413
RAB11FIP1,-0.19010308239853257,-0.7639006077591919
RAB11FIP2,0.15681340698911317,0.7307711429854558
RAB11FIP3,-0.22849322054179133,0.190240396002058
RAB11FIP4,0.11246878866096255,0.04518879258380171
RAB11FIP5,-0.15735429979925986,0.27019138202417814
RAB12,-0.10174825808826338,-0.06756809421144894
RAB13,0.21766982171080773,-0.2402866457295727
RAB14,0.023523736313833865,0.0424297550253252
RAB15,-0.5664293613946279,-0.8085998125467597
RAB17,0.27268471894199053,-0.10537644518516487
RAB17-DT,0.042565710477003055,-0.42507225904382073
RAB18,0.07855068981327396,0.05404191563448091
RAB19,-0.0020830261024293723,-0.12636588804379056
RAB1A,0.06792859595160117,-0.19194082631600828
RAB1B,-0.07818790566365053,-0.08015208462588852
RAB1C,-0.27205901595514326,0.035776567456792585
RAB20,0.3632546793911948,0.009643376812014104
RAB21,0.3064996249607024,0.035690021844964726
RAB22A,0.13150012005552458,0.05119692889438454
RAB23,-0.09943755272081578,0.8240944905035654
RAB24,0.22789404015391068,0.13908009575225977
RAB25,0.039033697165204106,-0.3875431560540994
RAB26,-0.8348044477115257,-0.1602786888878187
RAB27A,0.30234412756232487,0.11494087999378877
RAB27B,1.4982189955158711,0.25898883501654524
RAB28,0.24051623677247225,0.16802324215251385
RAB29,-0.24804631314635728,0.403208834304289
RAB2A,0.06662594617360273,-0.042228654891214745
RAB2B,0.06951389561008225,-0.17074326356539604
RAB30,-0.5122996917637983,0.24265454792474084
RAB30-DT,0.1992625599081752,-0.11050177982424159
RAB31,0.563009441090875,0.7659333850416719
RAB32,0.0574196513683356,1.0325233779414336
RAB33A,-0.679997971141616,0.24709637863360862
RAB33B,-0.00114457254640854,0.11463139637882236
RAB34,-0.030966825494196826,-0.18264519811612523
RAB35,0.07332005769594652,0.2938339134278287
RAB35-AS1,-0.11320965401531091,-0.08021984194078202
RAB36,0.6058266505306655,0.01811667888327495
RAB37,-0.5184106708788246,-0.8655930639728875
RAB38,0.04685153656694516,0.2754548732657507
RAB39A,0.3606573418412893,0.026759435742968126
RAB39B,-0.14711778493294325,0.0733109108215583
RAB3A,-0.16673309958619953,-0.611827113752744
RAB3B,-0.8053214205772337,0.899632592717633
RAB3D,-0.26160498857281134,1.463450573233085
RAB3GAP1,0.16161833892304056,0.19103906163667883
RAB3GAP2,0.23501336435238596,0.7442670674113714
RAB3IL1,0.8435454306441206,1.055691285488569
RAB3IP,0.5420218618904151,-0.14188732914989188
RAB40B,-0.26397803039484913,-0.12298860879035356
RAB40C,-0.02033310028973556,0.21254386668877512
RAB41,0.231049468541336,-0.055221667586806245
RAB42,-0.6083943811537822,1.4205460654608688
RAB43,-0.1440518518911662,0.7725804903908591
RAB4A,0.3063681302161667,0.34323379265748777
RAB5A,0.02763863433994107,-0.04412278007768755
RAB5B,-0.09529320181142165,0.07265491077569042
RAB5C,0.0804889835948126,-0.22998662311535512
RAB5IF,-0.0599240917540782,0.13217785554629158
RAB6A,0.017225600575894617,-0.0001868534130009536
RAB6B,-1.2653745637615295,0.5242582199688766
RAB7A,-0.052108189579108455,0.12447606850704851
RAB8A,0.15897292130323182,0.1263877053230198
RAB8B,-0.2222737933237795,0.7892611750265104
RAB9A,-0.029090827988004442,-0.2604869689063074
RAB9B,-0.014772847693711566,0.7436437007454775
RABAC1,0.05481097260647927,0.05160766630565594
RABEP1,0.04680530489407886,0.44023783240250935
RABEP2,-0.10803017232588097,0.23427814576330785
RABEPK,-0.13308797279226248,-0.0798529461357429
RABGAP1,-0.07400320099996716,-0.057416263026101255
RABGAP1L,0.10160124691728267,-0.9760815331747503
RABGEF1,0.10624836381746006,-0.2832499723061208
RABGEF1P1,0.3095339782557738,-0.010135218212775854
RABGGTA,-0.021416212674281176,-0.10377787295488616
RABGGTB,-0.027581879790971264,-0.040578889200175716
RABIF,0.07272097401030209,-0.2021944945380838
RABL2A,0.3565462445151659,0.11126855873785546
RABL2B,0.256011682905374,0.10157585646092393
RABL3,0.04892541908412262,0.3419806067282387
RABL6,0.039662710895557396,-0.43101458924869895
RAC1,-0.0117816670762938,0.4285937246998248
RAC1P2,0.09749995558866953,0.30426025984950655
RAC2,0.5608917798042965,0.3880206179272836
RAC3,0.026175023038568668,-0.6050512089856683
RACGAP1,-0.07822042676709007,0.25420706212555366
RACK1,0.19007820036981826,0.046451523126069816
RAD1,0.2037574655253147,0.33803215707060286
RAD17,0.11675438389296566,0.14386695233572588
RAD18,0.19612806683058714,0.21696746230132158
RAD21,-0.0029921671401522687,-0.15485096234171358
RAD21-AS1,0.01849753906760339,-0.3252749322641383
RAD23A,0.039088083863332734,-0.000738177503549764
RAD23B,0.25818287286863395,0.2754944751628905
RAD50,-0.2112058123644882,0.8561171444870679
RAD51-AS1,-0.04405460424398955,-0.1384240444512248
RAD51AP1,0.24266868561332533,-0.08377413259565847
RAD51B,0.11628951510823482,-0.03621082179582391
RAD51C,-0.08094796620244438,-0.3131575546393037
RAD51D,0.13541291151496715,-0.14352176791255333
RAD52,0.20839548968165555,0.3981393953366612
RAD54B,-0.13466127168457476,-0.15895822529930403
RAD54L,0.23094989833861934,0.5926777973191564
RAD54L2,-0.1499194397902901,0.4193059960022545
RAD9A,-0.03594796825129354,0.13455488263743653
RAD9B,0.5155083589505534,0.013796379183110163
RADIL,0.9967136706510824,0.06409345386747178
RADX,0.41953536698814897,-0.07463710844438787
RAE1,0.09467431584300812,-0.013377983761468037
RAET1E,0.0823255707395637,0.19110462937698325
RAET1G,0.010158709188120674,0.3501320119946505
RAF1,-0.09654861276798599,0.2879762740150804
RAG1,-0.09722955597356459,0.5811401799145157
RAI1,-0.3528113364583074,-0.03284185992730837
RAI14,1.093314825659705,1.3956678577955506
RALA,0.07241448976637521,0.2841637373988153
RALB,0.35814406699899237,-0.13005246307195062
RALBP1,0.04684768242054904,-0.3054096452344943
RALGAPA1,-0.10382586131819593,0.6884207965800968
RALGAPA2,-0.07895837251762838,0.09058236870824299
RALGAPB,0.06466009841399867,0.42868817086991395
RALGDS,-0.2122319920309359,-0.07400138578486026
RALGPS1,0.024948722167200454,-0.37471062811290246
RALGPS2,1.0306719468087544,0.03780873154190978
RALGPS2-AS1,0.0459574430970065,-0.08092863292252694
RALY,0.057547004143050806,-0.16176158503597815
RALY-AS1,-0.156047578613149,0.04665816064086892
RAMAC,0.03960419998701403,-0.2127421562642784
RAMP1,-0.03666675672427089,-0.9101245261542141
RAN,0.13506298937621253,-0.12744411232105257
RANBP1,-0.028707219286808083,-0.01628521486118384
RANBP10,0.13029577801014902,0.24418470325576536
RANBP17,0.0,0.22457278082368903
RANBP1P1,-0.10044172344798397,0.23328582218318616
RANBP2,-0.22694096477750847,0.3704133220309256
RANBP3,-0.027048925391714995,-0.03535602012207484
RANBP6,-0.1393217024399207,0.512001512259177
RANBP9,-0.05506633249966786,0.3179801116619432
RANGAP1,-0.1616258665773973,-0.18378265173774722
RANP1,0.1738654067079941,0.12943441876675044
RAP1A,0.17734464709557773,-0.22077505942733033
RAP1B,-0.12588950810633115,0.338032419698564
RAP1BL,-0.11758476682758534,0.18660821093088165
RAP1GAP,0.11440761161606705,0.054673280064665875
RAP1GAP2,-1.7223738235366781,0.17253264745759722
RAP1GDS1,-0.012877517969006824,-0.021861630655440223
RAP2A,0.26601070149124517,1.1200553028754436
RAP2B,-0.49121536817728906,0.3324780572358783
RAP2C,0.11874887735176554,0.4598232666237747
RAPGEF1,-0.20044394131688748,0.4540193749081034
RAPGEF2,-0.2641720399224976,0.1668682416056786
RAPGEF3,-0.04939412293996881,-0.19984796226310753
RAPGEF5,-0.5593470446798302,-0.16815784303063053
RAPGEF6,-0.012640311093775392,0.19268871896147743
RAPGEFL1,-0.009966891990837112,-1.586756976648858
RAPH1,-0.05779947790602025,0.1659111715853776
RARA,-0.08770247031987566,-0.24849515529606325
RARA-AS1,-0.09758755493209248,-0.28460359598480367
RARG,-0.3330839832304884,-0.2938105401404192
RARRES1,-0.2542986412119859,0.178489751106774
RARRES2,-0.010877389702113008,-0.7912994329424587
RARS1,0.28314800519480965,0.17914258428318952
RARS2,0.2091525257208282,0.6298676621645636
RASA1,0.08283683339028336,0.22764864225528392
RASA2,0.07259892925762923,0.1841755569323853
RASA3,0.09813248310204248,0.721569644390267
RASA4CP,0.006327209503416531,-0.3677156223764957
RASAL1,0.023108745884720464,-0.18470128498429528
RASAL2,0.35820368760735377,0.3314533874428083
RASAL2-AS1,-0.05188947517331788,-0.15355930192028278
RASD1,0.22700537284096,0.16792639100185247
RASD2,-1.4230979240545336,1.2661425289529937
RASEF,2.963658926758325,0.3627526003801149
RASGEF1A,-0.46928512828093716,-0.3976804792648525
RASGEF1B,0.0,-0.6674141607650752
RASGRF1,-1.1780103516657277,0.4374365131543948
RASGRF2,-0.9623603055535122,0.9722770064751756
RASGRP2,0.09350716529498315,0.0021409328764621094
RASGRP3,0.3829580353635904,0.29484654448508285
RASIP1,-0.10406371399451164,0.4414291864573707
RASL10A,0.7711113961283773,0.08411616863326488
RASL10B,0.15867745123533794,0.31489081222723025
RASL11A,-0.20329288140708268,1.4077409814593098
RASSF1,-0.05162181335188398,0.07756708551624714
RASSF2,-0.26173092989765107,0.15658415966495998
RASSF3,0.45352119888685927,-0.05599608935340061
RASSF4,-0.6981628068946764,0.5796769731534015
RASSF5,-1.2280373965243172,-1.6568521020010465
RASSF6,0.3840811671086098,-0.4331081738418594
RASSF7,-0.15089450705697605,-0.6517354673780007
RASSF8,0.13094958623868713,1.5070080724872912
RASSF8-AS1,0.1322042859874215,0.9175073581888369
RASSF9,0.09091368890704195,0.5118731637411695
RAVER1,-0.06228960669218164,0.4022398580000175
RAVER2,-0.13707389409542348,0.3042295778131643
RB1,0.2882161718766545,0.7328544555587486
RB1CC1,0.04658071440489664,0.22145034229718696
RBAK,0.1321337545885779,0.6488605491565376
RBBP4,-0.1173031444484618,0.08565400060080108
RBBP4P1,0.2511975653622299,0.060545613947676324
RBBP5,0.0868478947648228,0.5468328846238997
RBBP6,-0.03953198628522969,0.3213285429068451
RBBP7,-0.09890900755072352,-0.3255123770271293
RBBP8,0.24264957219228478,0.08560999291487015
RBBP8NL,0.021753653426295746,-0.5840748876232498
RBBP9,0.14515987535913943,-0.00935175234232588
RBCK1,0.1775342486760163,-0.05388884694137808
RBFA,-0.0007891058546674046,-0.9177064194244497
RBFOX2,-0.3236461763243561,0.7486610807888541
RBIS,0.0889474743702412,0.11134727993115057
RBKS,0.05858284294378091,-0.6938544303429062
RBL1,0.12850489882114502,0.18857264537925067
RBL2,-0.256635087390813,0.20682152726608205
RBM10,0.15037297766707525,0.09313938646998388
RBM12,0.11770829389996429,0.2787762379546628
RBM12B,0.24099176201348582,0.41731199516939466
RBM14,0.04558838263980114,0.06643183384081208
RBM15,0.2780493822237009,0.24354866820971077
RBM15B,-0.21852976786239608,0.19076969870447247
RBM17,-0.2972266510178292,0.0029145627673470287
RBM18,0.0889333036537332,-0.05474896093478954
RBM19,0.13823079472854172,0.014344708864193478
RBM22,-0.11595229516283734,0.388717811343688
RBM23,-0.2131372721025242,0.25071531299356486
RBM24,0.1746834635665877,0.30296882780360274
RBM25,0.07073176183453977,0.05960531457711227
RBM26,0.38709596143223646,0.47481855159231046
RBM27,0.1496939768974963,0.11994472013725588
RBM28,0.2500526514962962,-0.28777092472731436
RBM3,0.03185342684656156,-0.12942362044976363
RBM33,-0.046804044816346035,0.23423610350145996
RBM33-DT,-0.08003408352097541,-0.21019485125988507
RBM38,-0.005344762503463052,0.732435023520658
RBM39,-0.14166923004484033,0.047843774529455985
RBM4,0.05140285248169807,-0.516617518025746
RBM41,-0.049183344890142866,0.5090683759470576
RBM42,-0.0038337055116421936,0.1010056638419714
RBM43,-0.2801984917368052,-0.002660750088054442
RBM45,0.10214023872119515,0.10405133826911861
RBM47,0.5247465760884302,-0.04986376325727182
RBM48,-0.025336992410475823,-0.09135568060142196
RBM4B,-0.05817540473940941,-0.2785460849160373
RBM5,0.06406058967969397,0.34592484729779294
RBM6,-0.17311644219341193,0.28027983574206194
RBM7,0.1751106919684826,0.16434811926235948
RBM8A,-0.04132481495905882,0.01916495443561228
RBM8B,0.03651586266687534,0.12188715727796506
RBMS1,0.257336838823063,0.11438113368396241
RBMS2,-0.7531574387647879,0.2657280751916282
RBMS2P1,-0.1444206618886808,0.03258562453470337
RBMS3,-0.5812094475912946,0.48413949647968646
RBMX,-0.05376783771113569,0.1594529486677434
RBMX2,0.1426155833983458,0.14787139212821288
RBMXL1,0.19635141169610648,0.22017669798932804
RBMXP2,-0.026311623170283682,0.209116371508141
RBP1,-1.8055693880792292,0.9713143615544467
RBP4,-1.299037806528069,1.6528177026955526
RBP7,-0.375569661899831,0.2608313754320537
RBPJ,0.0842301602272153,0.2936156581483358
RBPMS,0.6843343437374854,-1.1102582508797214
RBPMS2,-0.8541137136335948,0.8903706171527282
RBSN,-0.12209709522926904,0.5703612768341957
RBX1,0.04761235125658647,-0.31063941363463776
RC3H1,-0.06204018437642311,0.3555111763240806
RC3H2,-0.1300319791562865,0.39092902172121224
RCAN1,-0.3418479699702548,0.3304534154207479
RCAN3,-0.11967376199410928,-0.05992951754895426
RCBTB1,0.27839399557512223,0.8573446039529515
RCBTB2,0.3454302818923969,0.31677427691370175
RCC1,-0.00794448225247013,0.2040366792381576
RCC1L,-0.01831934981927752,-0.20602921243305072
RCC2,-0.07599165353674042,0.38396552143395457
RCCD1,-0.10466817672437934,-0.17935332545325355
RCE1,-4.561501445010663e-05,-0.1903235821512288
RCHY1,-0.053797295396022626,0.10406985129435586
RCL1,0.10052804322896502,-0.3554648774389948
RCN1,0.15038851334317904,0.11995298900598428
RCN1P2,0.0023529519874729843,0.33757955225827385
RCN2,-0.02001704115428815,-0.23020540042097704
RCN3,-0.1299547555009024,-0.23364545650939905
RCOR1,0.1157469272299112,0.33016321354640166
RCOR2,-0.17592570669461116,-0.30726269474212886
RCOR3,0.19551593608576745,0.30806496630118474
RCSD1,-0.1601600018539573,0.01526784443740373
RDH10,-0.11674438638021956,-0.32406962826932695
RDH11,-0.09662605746691355,0.016906316341782635
RDH13,-0.07305821233176069,-0.386063693842869
RDH14,0.008487825912480318,-0.2192014985209374
RDM1,0.40451601182686714,-0.5808844547685159
RDX,0.15876687301616776,-0.2594591540942899
REC8,-0.06009406135869266,-0.0921965488874592
RECK,0.25537641439685554,0.3038972284098145
RECQL,0.17883306793238507,0.8830598065445381
RECQL4,0.1764473539109428,-0.2494465421169676
RECQL5,0.1967528015168103,-0.3966264626993423
REEP2,-1.0218178647008247,-0.10411109747635261
REEP3,-0.22109091485589705,-0.6556769698592859
REEP4,0.023496941087854495,-0.3815370106929148
REEP5,-0.2903961950642371,-0.0916246010946633
REEP6,-0.0448561595554553,-0.26295161010738255
REL,-0.060702249853375356,0.8019685244793999
RELA,-0.1468711373783611,0.10086568988678835
RELA-DT,-0.11775226075366807,-0.3495259896505787
RELB,-0.19746311176241083,0.7346971870098091
RELCH,0.1516258682203011,-0.06457107500374581
RELL1,0.23853639675697602,0.7907679813901216
RELL2,0.1395321832241887,0.13422176033651478
RELT,-0.032975964764666355,0.24222146040941794
REM2,0.08074585947589774,0.027002495299760287
REN,0.0,-0.781260937079747
REPIN1,-0.4315807571148138,0.23246969400229212
REPS1,0.26579788658503745,0.6601654188309087
REPS2,-2.2931506795641186,0.12134909073329636
RER1,0.20014917454621273,-0.28937784334414207
RERE,-0.4322473361727006,0.028064009493402153
RESF1,0.30429835830564134,0.9293477031639599
REST,-0.06845371240684273,0.30603926411528093
RET,-1.1561151154592682,0.046604059140831114
RETREG1,1.1709580392926189,0.2785152212998499
RETREG2,-0.03177379973290684,-0.14934431555460304
RETREG3,0.11464853569744538,-0.2004357387665392
RETSAT,-0.1160682427684101,-0.06164177855124997
REV1,0.11311213571507928,-0.10528395187692086
REV3L,-0.17229736930280382,1.2151656391847205
REX1BD,0.1595262752179898,-0.20942714051336786
REXO1,-0.201761365289423,0.18747272985241725
REXO2,0.07783658296041196,-0.5022533271245839
REXO4,0.017795137182017307,-0.2682080678133012
REXO5,0.38637487906467216,0.2538434821893978
RFC1,0.06762024865613814,0.42326668127888034
RFC2,0.1290668243921882,-0.21188023133552392
RFC3,0.7177930635525644,0.2304722892388802
RFC4,0.10623037462984097,0.20734569526219282
RFC5,0.09710504968099798,0.3819673527290721
RFFL,0.3777993715917618,0.24926419192855143
RFK,0.21076322093614408,0.7899502919809143
RFLNA,-2.4647271900339476,0.679159564724314
RFLNB,-0.004687562784897459,0.6534553826238217
RFNG,0.4011544213256437,-0.3893466714841214
RFT1,0.25033307678829697,0.3117547125198987
RFTN1,-0.04919328882324975,1.3664611119186814
RFWD3,0.05192895437734357,0.2695867797732232
RFX1,-0.08955051909346778,0.14239084428505056
RFX2,0.1866925005189488,-0.03625937915400357
RFX3,0.09771012898813991,0.4708121514898025
RFX5,-0.42846420211342284,0.5753200577795692
RFX7,-0.1347310946062219,0.5487668492595326
RFXANK,-0.23630761965887803,0.11621179169333207
RFXAP,0.22624630996961548,0.6399982049372528
RGCC,0.4611893266611582,1.328647461266972
RGL1,-0.37157771794727723,0.6282459072826891
RGL2,-0.1649985283689821,0.5306142850708797
RGL3,0.01741640750695206,-0.21280601630816331
RGMA,0.10663337523969256,-0.4820894085677576
RGMB,0.12734594554184397,0.4598809359828495
RGN,-0.9722502707669405,-0.3438311392340614
RGP1,0.02859182827210205,0.13351122620614309
RGPD8,-0.4466791556573959,-0.2145789530545289
RGS10,-0.7323580064371544,0.4269806972502881
RGS11,-0.37299643176270103,-0.44667165329908465
RGS12,-0.1240142927057013,0.8383046711729341
RGS14,-0.27825418391028345,-0.4111211077914567
RGS17,0.19350452636455362,-0.6748667459095152
RGS19,0.07697027978929594,-0.04208418975389261
RGS2,-0.8787428630899813,-0.17198223875487395
RGS20,0.5898903924433823,0.6923921156114421
RGS3,-0.4571460677654926,-0.6236089717668865
RGS5,0.2731774861239768,0.2667236305644839
RGS9,0.40223719451439166,-0.06406480617316657
RGS9BP,-0.32306385175311353,-0.2783777631201003
RHBDD1,0.20520710332975867,0.18037884380719404
RHBDD2,0.10899485477813187,-0.23872629667567136
RHBDD3,0.030419060915042984,0.04011890952728736
RHBDF1,0.0005739492022911463,0.21106937629080935
RHBDF2,0.45277954582583213,0.6409583484924051
RHBDL1,-0.24127255282606774,-0.6085006448930537
RHBDL2,-2.5072842899024987,-1.3496338737536488
RHBDL3,0.6461022367657463,0.10660650764856655
RHCE,0.09976675006190741,0.32820511669975694
RHCG,-0.41110452648349005,0.158092760639379
RHEB,-0.00018106390258498806,0.13548079290628312
RHEBL1,-0.3482669885126428,-0.10402442039695403
RHEBP2,0.005252443697021825,0.24022194143817033
RHNO1,0.40498192792623033,-0.36936985555634916
RHOA,0.04367456002576198,0.20814855837291724
RHOB,0.2129378548482972,0.3114718384937545
RHOBTB1,-0.5595768616445208,1.5796214910312814
RHOBTB2,0.09856220845093322,0.4186601514820065
RHOBTB3,0.24587780236376755,0.43649759074949124
RHOC,0.061132378987990954,-0.28199122658037545
RHOD,0.04964198750252802,-0.21221372748481837
RHOF,-0.08137434299593593,-0.41605074677852016
RHOG,-0.15105152974254654,-0.5319918383318338
RHOH,0.7663410795724409,0.01950047821050416
RHOQ,-0.06945534491700478,0.4152244373621472
RHOT1,0.06158380516488737,0.2361130115716117
RHOT2,0.10130416136946074,0.1612934979494165
RHOU,1.1760983737115938,-0.020812090207200207
RHOV,-0.1974490994507654,0.24465656171577432
RHPN1,-0.05936220441654427,-0.6855976784478495
RHPN1-AS1,-0.41356153531684625,-0.337635841005254
RHPN2,-0.5980999873709543,0.23064577556058463
RIBC1,-0.15136480195258106,-0.015846413010175864
RIBC2,0.08705487564082626,-0.49015306930169067
RIC1,0.24978266348949063,0.5092311412422745
RIC8A,-0.0017061441391721388,0.19365025567415373
RIC8B,-0.012845253066759987,0.5426574862853522
RICTOR,0.07668226765272301,0.46192870031739286
RIDA,0.3150473697965013,-0.31356642258036693
RIF1,-0.025201801710392324,0.1754107499756703
RIGI,-0.08448115969066272,0.8689550552063308
RILP,-0.37973164004350224,-0.5138687665572563
RILPL1,-0.05111222622997991,0.2855064298176133
RILPL2,-0.04400056315171952,-0.082741781964069
RIMBP3,-0.21804629220219596,0.42011984312370476
RIMBP3B,-0.12374543758465606,-0.09567741985837142
RIMKLA,-1.4093780599811372,0.10997115518351763
RIMKLB,0.14699496293955283,0.3075341950344117
RIMOC1,0.10083804520708828,0.5981910958857934
RIMS2,1.0397957436492575,0.023868492318138118
RIMS3,0.25748355788693233,-0.005447251386536012
RIMS4,-0.6302331410972886,-0.03226770260896968
RIN1,0.37638431419363894,-0.13987071519768435
RIN2,0.06016401816849637,0.6766926096825863
RIN3,-0.3262584838511797,0.46478835368422367
RING1,-0.054220999310235385,0.4256053374515023
RINL,0.453474469986581,-0.6763342566305144
RINT1,-0.03883606172131504,0.3426921177450426
RIOK1,0.06477963283210286,0.26105120020023254
RIOK2,0.2206013178456807,0.37781326568657825
RIOK3,0.18263354668151344,-0.8424036717257115
RIOX1,-0.19388122903743277,0.03446340145956128
RIOX2,0.21273802955814247,0.22916069450099918
RIPK1,0.05225990115291346,0.8487373930929252
RIPK2,-0.1896191605173545,-0.09933904834259533
RIPK2-DT,-0.034047650497887494,0.29371204141754514
RIPK3,0.0,-0.20227554540625792
RIPK4,0.035381107327265404,-0.5995592481868472
RIPOR1,-0.3048853858078262,0.011456531157185701
RIPOR3,-0.21925265594464083,-0.025023591342807294
RIPPLY2,0.3351249957000686,0.0
RIPPLY3,-0.3841556337693858,-0.8690964841581016
RIT1,0.01221291347030018,0.047638003415742425
RITA1,-0.3749929842969806,0.4854478893804943
RLF,-0.012318203853311616,0.514252677241263
RLIG1,0.3510442605475115,0.30229446133990034
RLIM,0.21646462947975031,0.6364539646908423
RMC1,-0.25931879143638614,-0.10209815064434924
RMDN1,0.19544161042404262,-0.12849312519797884
RMDN2,0.026365242677090395,0.05541190613286906
RMDN3,-0.03626499793840576,-0.18429549485989938
RMI1,0.2912243910243859,0.20337964364919747
RMI2,0.2062680034513953,-0.6097079377897909
RMND1,0.1968963627004392,0.3339495456556749
RMND5A,0.1766193109508407,0.15639693307559366
RMND5B,0.27083737708635347,0.20448377294439357
RN7SL151P,0.7112512391666859,0.052458368630200834
RN7SL2,-0.09180410156965602,0.7158417319975681
RNASEH1,0.16712132099700128,0.11099323888675627
RNASEH1-DT,-0.11992012045797118,-0.36075683077993626
RNASEH2B,0.5565323701624214,0.17593948659540537
RNASEH2C,0.08724293233839386,-0.3011772206547194
RNASEL,-0.018268573105702623,-0.10753787018759908
RNASET2,-0.28213413555577693,0.010463857126115528
RND1,0.02352985429497023,0.7800360972972316
RND2,-0.15596373722178425,-0.0520053434902632
RND3,0.875628537412644,-0.5650488301277612
RNF10,-0.007146994577540866,0.12056920862160325
RNF103,0.21021340515150033,-0.10940046271493298
RNF11,0.15086085838221486,0.1030128974086244
RNF111,-0.13234853698305749,0.13594552560259654
RNF113A,-0.17225096505817916,-0.23005849903048325
RNF114,0.05193259785521942,-0.04357675685021167
RNF115,0.039877549899777875,0.3477462034040455
RNF121,-0.1275514144211609,-0.17332188102465373
RNF122,-0.32656587762368483,0.6824792149447683
RNF123,-0.003969333960093913,0.1543880499339041
RNF125,0.10298664983326333,-1.2679328635166582
RNF126,0.09495342464770573,-0.2570227839919417
RNF128,0.1699181564361738,-2.6227070084712785
RNF13,-0.272446636961992,-0.14136153105059446
RNF130,0.07066514444023309,0.2939978732035735
RNF135,0.02111984649462606,-0.16337476055282085
RNF138,0.4249702598217562,0.17797253678532687
RNF139,0.029637931308126753,0.0271659197281231
RNF14,0.057465760210213546,0.389448232044014
RNF141,0.3890755496097835,0.07558365644353238
RNF144A,-0.9755199050378334,0.7943913669773188
RNF144B,-3.531942867553283,0.8091604751919008
RNF145,0.22660469476101852,0.8033937142615057
RNF146,0.11299687365367816,0.6530108565744781
RNF149,0.15069439713971278,-0.26050713983092866
RNF152,0.0646682691107035,-0.7579783700258739
RNF157,0.4566657108565395,0.2079200422482277
RNF157-AS1,-0.006185867846496898,-0.24348197447770947
RNF166,0.01487669949043191,0.2208656017981281
RNF167,-0.03524341655215846,-0.18915411461323473
RNF168,0.2089201464397732,0.20538979715572836
RNF169,-0.0853172764022867,0.5504914695013845
RNF170,0.09499064592271989,-0.08827712695201484
RNF180,0.15209439491148968,0.1989109230827617
RNF181,-0.012587519020462956,-0.29094910822615017
RNF182,-0.23656059287945386,0.1205139607736001
RNF185,-0.059673856714223206,0.07951013933342388
RNF187,-0.08145418129868442,0.33793765812413046
RNF19A,-0.025134597881652176,0.005321969362551471
RNF19B,0.03929552480131271,-0.48697952674022194
RNF2,0.08868641705360769,0.19769092871192395
RNF20,0.09729426182645184,0.12856143800805242
RNF207,-0.22326865891717773,0.12511202694196655
RNF208,-0.7557963344661678,-0.6139697604082608
RNF213,-0.5681050754746249,0.40240161539259844
RNF214,-0.05367172326196723,-0.306140162210669
RNF215,0.22867376579505105,-0.38934664696867394
RNF216,0.030727583293898242,0.38063647423887836
RNF216P1,-0.08667552908602438,0.3118055694245552
RNF217,0.15951208418931184,1.1169146105845793
RNF220,-0.024745868086645473,-0.2800112899920286
RNF223,0.2350889690222206,0.23849794081150755
RNF224,0.024056976368370286,-0.08893959530347217
RNF227,0.11212787510022038,0.025787036510604988
RNF24,-0.45953023038449237,0.3992172635645943
RNF25,0.05121036927631817,-0.2229594287120955
RNF26,-0.2632623525606732,-0.013217468007199251
RNF31,0.2474736600889762,0.6266648342892278
RNF32,0.1806845721574717,0.043585960108062594
RNF32-DT,-0.07867915016711313,-0.005357732496661605
RNF34,0.04450628790360245,0.23911539136084414
RNF38,-0.09741973238970036,0.24197964176199482
RNF39,-0.04790878858498537,-0.1428845363711604
RNF4,-0.003093324356516547,0.3272872701366456
RNF40,-0.07710759722189664,0.28916189279316296
RNF41,-0.0730139727013066,0.08161228929048647
RNF43,0.2214750018790772,-0.8442750253397608
RNF44,-0.34489376270148586,0.3684476270623991
RNF5,-0.04350213822834004,0.17289439396235817
RNF5P1,0.468840523757023,-0.006194437736399827
RNF6,0.09701554707264748,0.49385335521757767
RNF7,-0.03430807624291621,-0.38339621958592573
RNF8,-0.13550298933371607,0.5113255253767615
RNFT1,-0.018952307885106823,0.1049430966158682
RNFT2,-0.25080834326609214,-0.4300018119245075
RNGTT,0.09427273688365112,0.823272862014782
RNH1,-0.045943462440110494,-0.10689812265760779
RNLS,-0.12105933589601348,-0.15729938934834675
RNMT,-0.35443898701515675,0.1663912275844437
RNPC3,-0.29091667649085906,-0.16121160280850555
RNPEP,-0.08845162642074555,-0.16536878703133606
RNPEPL1,-0.108607216989272,-0.6717299636502476
RNPS1,-0.028585887581711766,0.061669480223207174
RNPS1P1,0.19494546611767494,-0.05347817544789091
RO60,0.17884014141310622,0.3969499623009263
ROBO1,-0.005684572252306452,0.12333098911081658
ROBO3,0.29223493646144805,0.46747389551295626
ROCK1,0.15922430100590734,0.12558807332413746
ROCK1P1,0.017552728900612546,0.49113926818459674
ROCK2,0.08021152620417826,0.6761519865620977
ROGDI,0.1008328739586597,-0.2661049564576996
ROM1,-0.32610791809881445,-0.5692517631654481
ROMO1,-0.09250792535913277,-0.5180014963764803
ROPN1L,-0.534167806766012,-0.27218666607697645
ROR1,-0.07860063929253247,1.229275464999049
ROR2,0.6490610614630805,0.9143131257521652
RORA,0.29329989437057646,0.39469229514201976
RORB,0.4293398072169013,0.8026516935412966
RORC,-0.004229542723417197,0.533826995420287
RP1L1,-0.47305555203598515,0.18708613316946415
RP2,0.12768699181972032,0.16621951176771566
RP9,-0.13771769535765088,-0.24714859896618258
RP9P,0.21389735804389742,-0.17215170062681695
RPA1,0.006799207632540494,0.11177053238795409
RPA2,0.13121134220756403,-0.24626837177249694
RPA3,0.4081391721782799,-0.27754571384220306
RPAIN,-0.09945777694502844,0.022418469762078175
RPAP1,-0.3715887971124383,0.054595724854486605
RPAP2,0.15205875039535544,0.06199814447598406
RPAP3,0.13987324814155233,0.1555968066294957
RPE,0.11007516558531272,-0.19251686630668452
RPF1,0.17364534104304585,0.0013164690367624132
RPF2,0.2560316029665781,0.47151381821675287
RPGR,0.53307382802923,-0.12476833260668041
RPGRIP1L,0.006621482685307711,0.48026330308235066
RPH3AL,0.08232904988986789,-0.12608641624948547
RPIA,0.009749916756653043,-0.199625819545858
RPL10,-0.11633374009499597,-0.02572841616241206
RPL10A,0.05738985979298583,0.09691412058338678
RPL10AP2,-0.15026683218391168,0.08569278712980155
RPL10AP6,0.21878574065308154,0.1500392507414805
RPL10P16,-0.05042607989232151,-0.07282725022285641
RPL10P6,-0.04728399777136305,-0.05335593948180406
RPL10P9,-0.03806641752458528,-0.03722976472735873
RPL11,0.2097729910361288,-0.23583553649912048
RPL12,0.3821481700770306,-0.19677255065795762
RPL12P12,0.24735582926124977,-0.20394994749477968
RPL12P14,-0.7373193693169788,0.5089129205450347
RPL12P17,0.2899119969197515,-0.2782373195112062
RPL12P4,-0.050367331891274514,-0.0458245167557596
RPL12P42,0.28017726840614754,-0.003534278383749978
RPL12P6,0.3118396080743014,-0.12372349083685297
RPL13,-0.03352926253397115,-0.2715624217941066
RPL13A,0.051794867385005716,-0.2766406439086495
RPL13AP20,-0.20596292458325038,0.292417266933755
RPL13AP22,0.12507844971057858,0.043307920255778454
RPL13AP24,-0.306358786848822,-0.08644911664153954
RPL13AP25,-0.02301122215948359,-0.2879667217654851
RPL13AP26,0.11319205989175468,-0.5046517683369369
RPL13AP5,0.19735809703098983,-0.06219253363521737
RPL13AP6,0.11072297742236159,0.1082626277250891
RPL13AP7,0.23154384976224845,0.016812046749773213
RPL13P12,-0.05934602322581295,-0.1128844101354165
RPL13P5,-0.13351476553755992,0.0953356280801616
RPL14,-0.06992558143288186,-0.14567761065687002
RPL14P1,-0.12941922649274407,-0.02715113427088056
RPL14P3,0.08959538290478863,-0.04864181570103754
RPL15,-0.07820673593243477,-0.14905381497135473
RPL15P18,0.24538185059384787,-0.31669865197613656
RPL15P2,-0.011490040204171326,-0.051360443389025345
RPL15P22,-0.23818112213143072,0.05481381157927878
RPL15P3,-0.1404316590589163,-0.009269485697366964
RPL15P7,-0.0647559076454659,-0.013560820763101944
RPL17,0.020169838186828493,-0.08575386607233793
RPL17P18,-0.009542264483370255,-0.4076667378591976
RPL17P36,0.3090804965833826,-0.12517892912345574
RPL17P39,-0.017203691245677,-0.5304187416171889
RPL17P50,-0.16152410305310372,-0.12780292149292166
RPL17P6,0.3195826412630347,-0.3423623214569964
RPL17P7,0.17811445033585294,-0.2999469951691438
RPL18,0.1210147696414321,-0.1852222476343659
RPL18A,-0.3656387681365647,-0.04697889420948265
RPL18AP3,-0.3042536422748041,-0.007091595844030074
RPL18P13,0.21183173930668253,-0.16031345030601818
RPL19,0.14073534041955327,-0.27516860621174644
RPL19P6,0.020933262493482596,0.05573579833320674
RPL21,-0.006930187711500224,0.10347766505920042
RPL21P11,-0.02574008419988727,0.13662283095794348
RPL21P16,-0.0030077868543276765,0.03298121516898944
RPL21P28,0.10075810714289868,0.2768715949497329
RPL22,0.09206954389423583,-0.17091194094300377
RPL22L1,-0.042934295799399,-0.12468010560440224
RPL22P1,0.265534940271122,-0.1149476697476981
RPL22P2,0.25761728704437703,0.2375102728338634
RPL23,0.2466171374009125,-0.39832599623252385
RPL23A,0.0582168484775103,-0.38012531272575334
RPL23AP18,-0.03949933241281245,-0.11310148894885119
RPL23AP37,-0.15940850184400357,-0.02384035555222974
RPL23AP53,-0.024934633128462336,-0.26098753185337614
RPL23AP65,-0.044497689658894446,-0.26068828329880267
RPL23AP7,0.3445439392025791,-0.23326693176197644
RPL23AP82,0.30507044549088214,-0.24209830807871535
RPL23P8,0.13824998957107137,-0.0440524140222851
RPL24,0.05294643308905478,-0.13499321652303742
RPL24P2,0.09178408834001384,-0.13922784490425166
RPL24P4,-0.023182312299048657,0.016687074126434
RPL24P8,-0.07552298287469528,6.207169078997765e-05
RPL26,0.25977773583218733,0.10486134990057394
RPL26L1,0.20055910811032351,-0.10520423068690121
RPL26L1-AS1,0.06114981854829504,0.20020711552714754
RPL26P19,0.2857534602617775,-0.28750015405232965
RPL26P30,0.1900899573973654,-0.22731890602802607
RPL26P36,-0.009933711192912309,0.19331233532948244
RPL27,0.19654856882872807,-0.27390455421513416
RPL27A,-0.10625057062915744,-0.4382967957152992
RPL28,-0.025430978649380265,-0.1260679743405042
RPL29,-0.11379483654563316,-0.10950732958585085
RPL29P11,-0.016553547526676038,-0.015561393090794073
RPL29P26,-0.1567185287795253,0.007788083400555701
RPL29P4,-0.1637582534710993,-0.04278918119842956
RPL3,0.0037074634389444583,-0.15844402378336042
RPL30,0.020599875691391212,-0.17921506368985618
RPL30P4,-0.1728765647530487,0.07723619813077598
RPL31,0.22523992474216925,-0.38126702268992396
RPL31P10,0.20841433939242138,-0.23144757418413042
RPL31P4,0.09287916141255614,-0.35272894682530986
RPL32,-0.0024695976620332516,-0.10701651850571459
RPL32P16,0.025605627957596244,-0.10768461009130281
RPL32P18,-0.09283652178351431,0.040616451441403356
RPL32P3,0.160835609194389,0.3670587945061061
RPL34,0.1931965474121995,-0.16081189281459096
RPL34P18,0.028000862265894044,-0.1976049802379598
RPL34P34,0.05135981258441946,-0.19261195189145885
RPL35,0.11273217368488986,-0.3485527788312819
RPL35A,0.05036140493881547,-0.025421378277343365
RPL35AP36,-0.29780608487401017,0.35234326051271236
RPL35P1,0.0035561015080258773,-0.4788363839773866
RPL35P5,0.042729455167610064,-0.2970397026412608
RPL36,0.024647872203797938,-0.17001767376466148
RPL36A,-0.06467532329331127,-0.05362116736425082
RPL36AL,-0.1840831959157505,-0.35099187810093113
RPL36AP26,-0.16274150176850677,0.34043042076752883
RPL36AP28,-0.18641146905721762,-0.3034049862292143
RPL36AP37,0.21397515376921206,-0.029475501297270057
RPL36AP7,0.016547685673266255,-0.04475328202038531
RPL36AP8,-0.05731032196693542,0.09224302182676747
RPL37,0.15375078365145178,0.20428441607370829
RPL37A,0.042265463928421454,-0.4806573094728268
RPL37AP1,0.092893208239619,-0.06469378019443028
RPL37P2,0.10149416925163834,-0.11781443217589427
RPL37P23,-0.07973841531033232,-0.04118385380044387
RPL37P6,-0.04252221587381333,0.06762697871105372
RPL38,0.17486203129581845,-0.3959763286146707
RPL39,-0.014890217793155358,-0.029621918426908422
RPL39L,0.15178341381987792,-0.30568745309454703
RPL39P15,-0.00567881867075859,0.26491905584793374
RPL39P3,0.21662341392653062,0.0537000807760446
RPL3L,0.031702169935182045,0.11704389815535232
RPL3P2,-0.08781582118903186,0.013535309639781001
RPL3P4,-0.19305427760308325,-0.2584869542972603
RPL3P7,0.07502228649059672,-0.1290855385785612
RPL4,-0.0551798597199884,-0.46252024436988215
RPL41,-0.02294588312481949,-0.19239963481848932
RPL41P1,-0.05030694308049721,-0.18749430974360326
RPL41P2,-0.08881638607407671,-0.2164138096345345
RPL41P5,0.03683893959292439,-0.11521941233369182
RPL4P3,-0.1862056171657951,-0.05529447812057664
RPL4P4,-0.019426275618447342,-0.4032005600491875
RPL4P5,0.05111823425702022,-0.14972373389048488
RPL5,0.07838200483427293,-0.2704896059321751
RPL5P1,0.05312495365908032,-0.060940376787169015
RPL5P23,0.004099028554184647,-0.03017395800110334
RPL5P3,0.05980674020125548,0.015491174433997834
RPL5P34,-0.17450418388739353,-0.27852332638614596
RPL5P4,0.007093276522958547,-0.4130896605490566
RPL6,0.05775007529855358,-0.3650131052770895
RPL6P10,0.09101810024178292,-0.3614332131780498
RPL6P19,0.1270836888703213,-0.3515934620941441
RPL6P20,-0.17798213526546713,0.17191905875024582
RPL6P27,0.09994779955593502,-0.42512254569543373
RPL7,0.15990322545253477,-0.3350670409322287
RPL7A,0.07378194861090215,-0.28398522676841864
RPL7AP11,-0.2240054396215586,-0.26475764876224595
RPL7AP30,-0.05078795568361194,-0.17965450385619253
RPL7AP45,0.40377989833773653,0.20368181586757028
RPL7AP50,-0.09960267816840218,-0.26131615256212004
RPL7AP6,0.09016667838714376,-0.19399573856163954
RPL7AP62,0.2539147130898747,-0.4107020406793034
RPL7AP66,-0.017824632766248127,-0.15629543386079858
RPL7AP70,0.16517336082232448,-0.2072175671003238
RPL7L1,0.05497011237368721,0.5910355620622338
RPL7P1,0.17308356437152694,-0.27489822043559187
RPL7P23,-0.01669246075018238,-0.03279899747430726
RPL7P44,0.010640608430289245,-0.11200307477130889
RPL7P9,0.334980881773729,-0.3550084978522614
RPL8,-0.041956445690262356,-0.5243918059612707
RPL8P3,-0.0764910038295239,-0.4282448757218844
RPL8P4,0.08602733600078971,-0.2816815060858371
RPL9,0.1451127343723808,-0.29144109953888275
RPL9P3,-0.09736638108833329,0.03273661157541197
RPL9P32,0.0434814048224299,-0.0301536225347252
RPL9P7,0.09560825204631745,0.16283053297839112
RPLP0,-0.20773316363774796,-0.31670861537126704
RPLP0P6,-0.0979582787792097,-0.30845280106274586
RPLP0P9,-0.03303000077280638,-0.40584769568683043
RPLP1,-0.2284150234088944,-0.4845819228967887
RPLP1P6,-0.11031879621338014,-0.2260102248368856
RPLP2,-0.06121394025245053,-0.1811007218584777
RPN1,0.0564712349159997,0.08061007322482006
RPN2,0.27145333305703545,0.21618691864908612
RPP14,-0.20223989144598642,0.37801774728672743
RPP25,-0.17250745544541868,-0.22701117817450278
RPP25L,0.14618389009706956,-0.2262855539112536
RPP30,-0.07449726123768041,0.08130484051846665
RPP38,-0.05303518353609071,-0.1836749343581383
RPP40,0.2904117836522424,0.0167462511599199
RPRD1A,0.09152439198215667,0.08223448778577769
RPRD1B,0.047748788238866524,0.34701368653966913
RPRD2,0.04501323009738112,0.3817103567532767
RPS10,-0.0619949834073118,0.08102627381623201
RPS10P3,0.08799403044355025,0.37501498111277276
RPS10P7,0.26138626329499415,0.09834304156110496
RPS11,0.04289519287383747,-0.19665078944316505
RPS11P5,-0.013226843468573168,0.011232527684131632
RPS12,0.11444849317654793,0.4291556379548034
RPS13,-0.14388621619339226,-0.5726902113777665
RPS13P2,-0.17452375805713327,-0.39767821693468797
RPS14,0.0332075409183723,-0.07350888865142835
RPS15,0.08774213126426744,-0.3058834044415306
RPS15A,-0.0023694050621791973,-0.2824686675811856
RPS15AP1,0.4201981996646065,-0.27815003003265004
RPS15AP11,0.2332967593925469,-0.14195547391977414
RPS15AP38,-0.09106022092924793,0.07946349429478594
RPS15P4,-0.01124217729815502,-0.28487487697546277
RPS16,0.04614551904185049,-0.10499766060250337
RPS17,0.24288959502748098,0.14469995156633342
RPS18,-0.06510774341965586,0.15869746593194378
RPS18P12,0.008054607166524619,0.32496372935885987
RPS18P5,-0.19228510990422043,0.24338788810645795
RPS18P9,0.08394829559523309,0.1289266933019655
RPS19,-0.07296009126773839,-0.28881258247454333
RPS19BP1,0.08523893642057079,-0.5762433307197261
RPS19P1,0.25990711790376386,-0.19869639278575146
RPS19P3,0.2797795189433817,0.001872519884832835
RPS2,0.006832299745502368,-0.1635448616156161
RPS20,-0.07388417348990828,-0.40983077962355274
RPS20P14,-0.033973829181375814,-0.2301125312084551
RPS21,-0.12409030401984111,-0.13524206414821194
RPS21-DT,-0.16341344584064,0.045783401176274996
RPS23,-0.16443683409552623,0.13760949455622118
RPS23P8,0.03561471937263194,0.24117626393127223
RPS24,0.030859616777155097,-0.2839090361375085
RPS24P19,0.17620687054421835,-0.05124644475553808
RPS24P8,-0.09934317194219977,-0.007120734160649178
RPS25,-0.07493812013510315,-0.4940529581989015
RPS26,-0.004472730419152526,-0.2803193901633545
RPS26P28,0.13458098036987898,0.03443111532403509
RPS26P47,0.11809404177400262,0.08622624134611978
RPS27,-0.01416067691915579,0.02940448630469561
RPS27A,0.030006510881122495,-0.30792368437343676
RPS27AP11,-0.11013043401424993,-0.31245391524132676
RPS27AP16,-0.14871665323109085,-0.1653133118288883
RPS27AP5,0.09993992472106705,-0.17479026905401351
RPS27L,0.23611148949301697,-0.02885255639015849
RPS27P19,-0.09045749745552467,-0.13485467467440415
RPS27P3,0.12514535583423525,0.11035855608646417
RPS27P4,-0.1833504516080282,-0.2516536269280798
RPS27P8,0.00762167192548624,-0.25833587828912163
RPS28,-0.1500597365390881,-0.1490716992072425
RPS28P4,-0.3263509320123988,-0.024320060149406797
RPS28P5,-0.020885118186008467,-0.22673151454770213
RPS28P7,0.08149273870140039,-0.06114360494208304
RPS29,-0.17042337193828416,-0.3819161728229501
RPS29P16,-0.03727292173084429,0.020971032655346722
RPS29P5,-0.006915993702884982,-0.2152421404575655
RPS2P17,-0.05939687649152692,0.16158724247304423
RPS2P32,0.12894742156316608,-0.45533909639322134
RPS2P35,-0.06398159246315327,-0.0791348429724758
RPS2P46,-0.03996643034141556,-0.09209813167478931
RPS2P5,0.02501246932552803,-0.037986092927077664
RPS2P55,0.004340319450040653,0.030897394029433922
RPS2P7,0.24867331613618493,0.12160872500315967
RPS3,-0.11689093889351021,-0.30708026752158446
RPS3A,0.059272659737418465,-0.1502192791135375
RPS3AP20,-0.06427694811946871,-0.20735591034522294
RPS3AP21,-0.11653183676591505,0.24540964451895164
RPS3AP25,0.04670708746021768,-0.01679725611905314
RPS3AP26,-0.25021797951438307,-0.2152426299107466
RPS3AP47,-0.06725219665993643,0.0817043689319048
RPS3AP49,-0.10081998470444997,-0.3443156082123913
RPS3AP5,-0.16056180852041813,-0.18535657690242835
RPS3AP6,0.1524145921935962,-0.15950730617535136
RPS3P3,0.06030012698176179,-0.07387465973290297
RPS3P6,0.04221424121944317,0.3522633520581917
RPS4X,0.047893070662281545,-0.033622030004908154
RPS4XP11,-0.1361684767746451,0.13679741208294105
RPS4XP16,0.11800015589964852,0.1390591852753521
RPS4XP3,-0.06540276338377704,0.01665621600342515
RPS4XP6,0.13303427160847237,0.13348006438100746
RPS5,-0.08870589915349925,-0.03406423559818528
RPS6,0.07725004177326511,-0.421676258390308
RPS6KA1,0.2665930104788261,0.2039951945357652
RPS6KA2,0.25024312091032996,0.7503130534376536
RPS6KA3,-0.6763986861836839,0.419155491246757
RPS6KA4,0.0849025382571762,-0.07122142928860153
RPS6KA5,0.00941056631421322,-0.08257091444491449
RPS6KA6,0.0459574430970065,0.19189331829729417
RPS6KB1,-0.2475227503890407,0.032828562013540896
RPS6KB2,0.1485992951800652,-0.29387913425747314
RPS6KC1,0.026351090606805627,0.2440015318478368
RPS6KL1,-0.3952841980924817,0.6989246359252667
RPS6P25,-0.023989302748759767,-0.2510493056347105
RPS7,0.03074024169411871,-0.3780719743923324
RPS7P1,0.12779309731352662,-0.40110526057703444
RPS7P10,-0.04657634563787916,-0.22363496392862725
RPS7P11,0.006853116964171457,-0.10836563614740768
RPS8,0.1288868788678048,-0.27002965899856335
RPS9,-0.09099023359299174,-0.1415103688082464
RPSA,-0.24322177822872248,-0.22058914266853158
RPSAP12,-0.17697405628088236,-0.1196237492618848
RPSAP15,0.02397544886959091,0.049154976325790134
RPSAP19,-0.2990285978919598,0.02803810799355655
RPSAP47,-0.2744384001179587,0.06459901166131052
RPSAP52,0.673349668257422,0.23957263850251265
RPSAP54,-0.20736055506477058,0.05723127755605095
RPSAP9,0.32094002078071304,0.1203955891601669
RPTOR,-0.1281615792216435,-0.0703042360647208
RPUSD1,-0.20061658191726028,-0.15068559047452723
RPUSD2,-0.3008895385601136,-0.2501560731203183
RPUSD3,0.11042820932042119,-0.19662436060411004
RPUSD4,-0.17302131271506127,-0.7482599890020518
RRAD,-0.19212061697213878,2.3933787076013227
RRAGA,-0.1109822828344651,-0.01449654121720556
RRAGB,0.05219173296628998,0.21818621883678047
RRAGC,0.09201719609455772,0.3362915202795609
RRAGD,0.014960834044856597,1.3985204305758774
RRAS,0.14428885482147358,0.2464896172933706
RRAS2,-0.013130049455173598,-0.03181136160889153
RRBP1,-0.12504202766338146,0.024136491823281148
RREB1,-0.191297065824517,0.5732632293274973
RRM1,0.11267304931581812,0.12220918229699862
RRM2,0.045943668015968164,0.09236091604205576
RRM2B,0.0170583163950333,0.6399525693866495
RRN3,0.11203016918722142,0.16561125533976462
RRN3P1,0.08836189096669966,-0.14633729167935083
RRN3P3,0.3635376379103903,0.009184557658029835
RRP1,0.004618575520257018,-0.29987276502754057
RRP12,-0.22068582166651485,0.0633254167285191
RRP15,0.2788758606028141,0.2517169716719403
RRP1B,-0.10483039157609575,0.026013037170131703
RRP36,-0.051921014260811305,0.3729722897434842
RRP7A,0.268484182077219,-0.23034333591048917
RRP7BP,0.31158086009945474,0.17392847542420625
RRP8,-0.08971746675652525,-0.08322838005996047
RRP9,-0.0033725284172962944,-0.1512808922299751
RRS1,0.12359054142360826,-0.5282896571299007
RSAD1,-0.049223638752552645,-0.23480400779393218
RSAD2,-0.02269102768376556,1.0633219775806042
RSBN1,-0.0326538268931742,0.5017862798660215
RSBN1L,0.014160428224838206,-0.33459345674421925
RSF1,0.12493574289466647,0.19242713107252385
RSKR,0.17293616648096077,-6.720876264776354e-05
RSL1D1,0.19489257751018751,0.025561698152145595
RSL24D1,-0.07459319035083123,-0.32446589774617607
RSPH1,0.010419370180532822,-1.0377400827402057
RSPH3,-0.09213688400030406,0.6354172660004327
RSPH9,-0.23622878936731673,-0.07092591868823489
RSPO4,-0.08413946930387306,-0.6607692905415505
RSPRY1,0.13372264084386032,0.5111095704240309
RSRC1,0.1516835947191595,0.1584930548711334
RSRC2,-0.00014020982871620902,-0.10962836056451675
RSRP1,-0.36896965883697597,-0.5051962206291174
RSU1,-0.23625867635887765,0.05660957510487741
RTBDN,-0.09460787472288157,0.03506479518975725
RTCA,0.2816331920380293,0.21148392545578254
RTCB,0.029441546047952016,-0.022731923780344943
RTF1,-0.15325308049327724,0.11183934490464154
RTF2,0.08440262982841062,0.011094921595685037
RTKN,-0.09999792703760146,0.0006406014782616154
RTKN2,0.08372404574454517,0.18723567264117102
RTL10,-0.3914169467865367,0.10434242713313324
RTL5,-0.1636974337293191,0.6565105028866658
RTL6,0.24750497656025772,0.40998347383286493
RTL8A,-0.4523548450441659,0.0909609295070748
RTL8B,-0.0340164509914187,1.1970308209227134
RTL8C,-0.2876268607436092,0.3384805642279112
RTN2,-0.025277702205357855,0.009666454352498022
RTN3,-0.004805334081181556,-0.5057618703594429
RTN3P1,0.0757797618064373,-0.19653422606937032
RTN4,-0.031497312908612685,0.2905396942022911
RTN4IP1,-0.04055209425291695,0.3206784595858756
RTN4R,-0.2882657221371061,0.6976109408319915
RTN4RL1,-0.2212358715035485,1.1688179544542485
RTN4RL2,-0.3623205892277573,0.9952285961000829
RTP4,-0.6769073443688751,0.5179134438608806
RTRAF,0.14511265419746788,0.024619279362173785
RTTN,0.2753689639726318,0.020035034515903938
RUBCN,-0.06024574092996726,0.11769322957914863
RUFY1,0.06128065127074489,0.3050637362473889
RUFY2,-0.10412659410961789,0.16223516658371828
RUFY3,0.31230053083902876,0.3331904561337806
RUNDC1,0.28088084313232997,-0.03928776468351991
RUNDC3A,0.08851697992249163,0.32541632185126923
RUNDC3A-AS1,-0.3628102712802177,-0.28086189877582934
RUNX1,0.5661510394464138,-0.15567132018351337
RUNX2,-0.46118128132238745,1.186487136553017
RUSC1,0.14243352394650977,-0.3859675673970875
RUSC1-AS1,0.14576323178487705,0.19488609851613842
RUSC2,-0.22864606569092594,0.2229803539373072
RUSF1,0.3329002052228356,0.3814511688629718
RUVBL1,-0.13650996323816855,-0.05633569915274972
RUVBL2,-0.05494399951834339,-0.07276881508459088
RWDD1,0.18211756918222388,0.5948804392278859
RWDD2A,-0.2542964745605256,0.740360528625172
RWDD2B,0.2193964323883142,-0.2635795420905298
RWDD4,-0.04094347618203997,0.08505741998490635
RWDD4P2,0.02840207418011742,-0.08191245769579414
RXFP4,-1.763489708012272,0.9699741030363073
RXRA,-0.07631010190804322,-0.4632090768830821
RXRB,-0.23956899660148956,0.620921668577382
RXYLT1,0.2306876893039176,0.13772345583377055
RYBP,0.081776740126136,0.3930389077460328
RYK,-0.2346368733366777,0.2940533995989796
RYR1,0.04368991424735924,0.27509127498798214
S100A10,0.4140635927723668,-0.39454933556093685
S100A11,0.5229024284785133,-0.28372435915839134
S100A13,-0.19455811740262274,-0.3298041089784354
S100A14,-0.1082727053677735,0.10726819446886982
S100A16,-0.38276393950647947,0.0672876707160146
S100A2,-0.032379801658985574,-3.381330500535232
S100A3,-0.2838051007580922,-0.40420035128882037
S100A4,-0.4717255774361018,-2.958722582210025
S100A5,-0.14817913319040588,-1.0859543401938025
S100A6,-0.3375080184798449,-1.121218606926064
S100A9,0.023067364112480088,0.9613310828541284
S100P,-0.40369130992292257,-0.6507010593040281
S100PBP,-0.17851018336754265,0.3811829093094854
S1PR2,-0.047768842224646724,0.1769655212317618
S1PR3,-0.5580915230752352,0.10179216374473492
S1PR4,-0.041271934751330064,1.6052417689169705
S1PR5,-0.2010900762060075,0.10505694600778348
SAA1,-0.20550423356020248,1.4811503394100707
SAA2,0.0,0.8698844983322858
SAAL1,-0.2226650756593287,-0.42925741085714986
SAC3D1,-0.4229877904385315,-0.2658124284561003
SACM1L,-0.024056053022190937,0.3828107952198394
SACS,-0.014958073559445673,1.9560881663485146
SAE1,0.05735301028033479,0.14631323637530969
SAFB,-0.012426892088683417,0.055957254676892276
SAFB2,-0.023949488169717092,-0.08275063596932597
SALL2,-0.3958668689743583,0.21794892304810176
SAMD1,-0.13299380122683857,0.4625288891617192
SAMD10,-0.12224985322258064,-0.11005129560939952
SAMD11,-0.5928830562403196,0.649939027950169
SAMD12,-0.10305243902815697,-0.18965871839452308
SAMD13,0.5117822783056167,0.1966590451439299
SAMD14,0.2346993868899172,0.13684268334360405
SAMD15,0.08339031210747605,0.4485654166377223
SAMD4A,-0.198554850159526,1.0788284292822472
SAMD4B,0.03277611880965203,0.3886631755510015
SAMD8,0.07383452703892424,0.13237852833739172
SAMD9,0.6813576231540635,0.30373686003301614
SAMD9L,0.2734994392178476,1.0854074796595379
SAMHD1,0.1010496148443556,0.9620308038922518
SAMM50,-0.047916932944179536,-0.2551433469275519
SANBR,0.13968249445069603,0.1526729026101492
SAP130,-0.05900057398238445,0.08535927039538826
SAP18,-0.028853794693822543,-0.11243747205277099
SAP30,-0.17929817585860608,0.056158730840983884
SAP30BP,0.3487571754732013,-0.37684527397826084
SAP30L,-0.2044393464210339,0.052864927230031
SAPCD2,-0.48346781249728465,-0.2872748519050088
SAR1A,-0.09023710431838339,0.19289833591858319
SAR1B,0.06186589297146394,0.02993843761335313
SARAF,0.13315382498382444,-0.08561201075895397
SARDH,0.01463419398707096,-0.8988102588785305
SARM1,-0.029610594849820204,-0.838370865244956
SARS1,0.1401485582329638,0.08837655231298047
SART1,-0.161156013603164,-0.24627156268011774
SART3,-0.006740276169901804,0.20390652556538402
SASH1,-1.1574542224190267,0.21706532563440106
SASS6,0.30008067207880984,0.18604774665742796
SAT1,0.10823710598747915,0.2846134346178184
SAT2,-0.10673043670683313,0.19957891972804376
SATB1,0.08540439255605427,1.1899334953234777
SATB2,-0.26940321781474985,0.6760535763684112
SATB2-AS1,0.20733383461646682,0.24810211220487388
SAV1,0.13294189504065201,0.6263015845637945
SAXO3,-0.016677927434680218,0.3380560968272457
SAXO4,0.1600649249947498,-0.4570285153030924
SAYSD1,0.01184217526128073,0.14338746075178488
SBDS,0.4246918756130338,-0.29750504659706856
SBDSP1,0.08894004593562155,-0.3527909547660779
SBF1,-0.024663526815960957,-0.5025656823708129
SBF2,-0.13341021867291047,0.11631258911772946
SBF2-AS1,0.15967475368022344,0.13129775437841928
SBK1,-0.4327214619486841,-0.01168371313931127
SBK3,-0.2539322662715875,1.3712899161524605
SBNO1,0.22944796471509044,0.22556828015707442
SBNO1-AS1,-0.37986814144346487,0.07717212817284469
SBNO2,-0.0027035349842368106,0.4400834782572316
SBSPON,0.8890267767187199,0.02670182087881079
SC5D,0.17489323617857533,-0.1831594471764868
SCAF1,-0.07199478544502735,0.007128897029245351
SCAF11,-0.06903558653887032,0.572836120284804
SCAF4,0.09470334626016896,0.07698552251458768
SCAF8,0.0695916940134147,0.9475272878049141
SCAI,-0.14041855925151436,-0.20249481301630468
SCAMP1,0.18144260070145268,0.32112108289157515
SCAMP1-AS1,-0.33054612872911515,-0.03557273237649028
SCAMP2,-0.1414565263313765,-0.3490777234783158
SCAMP3,0.026665473929821992,-0.0126138872888788
SCAMP4,-0.030577946671115797,-0.23654802840628975
SCAMP5,-0.4615201716739188,-0.2164982832924398
SCAND1,-0.30800924118923323,-0.4280635532697339
SCAND3,0.10366631411965921,0.0
SCAP,-0.1956470957001608,0.3206051744888647
SCAPER,0.07117368996880558,-0.37947418623061235
SCARA3,-0.44524491008788925,-0.8677493090387289
SCARA5,0.17522097576319196,1.7021828570969415
SCARB1,0.22168812665042203,0.4354985561430835
SCARB2,0.07803735383989707,0.41025550676772937
SCARF1,-0.5819231764971012,0.19018433887530595
SCARF2,-0.4393931189997795,-0.11459347885450244
SCAT1,0.023067364112480088,-0.3652278721641957
SCCPDH,-0.17770914314022335,-0.0464556650768575
SCD,-0.603277433127916,1.0165284053886516
SCD5,-0.2831299598034849,0.5874265427654999
SCDP1,-0.22134406399769113,0.585278796676865
SCEL,0.13048310411335576,-0.8933653667738719
SCFD1,0.3534144962811041,-0.023126920268023987
SCFD2,0.19773899906411652,0.04195260988224847
SCG2,2.140372400737316,0.5468085321166863
SCG5,0.05983700505279976,-1.1480916262990835
SCIN,1.4806824674600152,0.35054933604280575
SCLT1,0.44846678347514946,0.3507323214098701
SCLY,0.24342884292176858,-0.07638003177006403
SCMH1,-0.02017352619888868,0.02250579319663082
SCML1,0.2109002614655111,0.4681018806830255
SCML2,-0.0731256650686074,0.2202409291570211
SCN1B,-1.2348513551724318,2.8609794819571963
SCN5A,0.15016360559339437,-1.2589895161123448
SCN8A,-0.365695710242846,-0.013553070296237979
SCNM1,-0.04934414290288558,0.03274944698394755
SCNN1A,-1.5623407089805221,-0.06299203023039901
SCNN1B,-1.1389166946135578,-0.7914623784656555
SCNN1D,-0.1090354410618668,0.5400688282701185
SCNN1G,-0.36368540835022545,-0.19392905797993107
SCO1,-0.10453126383164246,0.056360517425264156
SCOC,0.09817644352228427,0.1656139640882177
SCP2,-0.18771144781491422,-0.22688449326444893
SCPEP1,0.049043951134531305,-0.5356792301911621
SCRIB,-0.15736601509292836,-0.3810621540543684
SCRN1,0.09572218574382241,0.41036599673079976
SCRN2,-0.46085995216172826,-0.4342598860547211
SCRN3,-0.07127634400700167,-0.23743141905645393
SCUBE3,-1.9548013768859323,0.5763918011979028
SCX,0.1250583849099487,-0.17545402327807658
SCYL1,0.02328321260623767,-0.2530886012780611
SCYL2,0.10816056314386202,0.4769058638008232
SCYL3,-0.23805429539437561,0.36698040436497914
SDAD1,0.07849644408260392,0.03586337051339328
SDAD1P1,0.20564232978291686,0.21980262140649276
SDC1,-0.06545316069717177,-0.19187379099933288
SDC2,-1.6870945511681117,0.2481149950547254
SDC3,0.31438734836111415,1.8764305826567416
SDC4,0.11507451399723578,0.7197509562929749
SDCBP,0.260909002203336,0.5197858580012333
SDCBP2,0.2637551999163361,-0.9156221468531411
SDCBP2-AS1,0.561075654092868,-0.30229248195089364
SDCCAG8,0.39277008182037365,0.032179566261854475
SDE2,0.23031055320062954,0.546383563713789
SDF2,0.15244155281508753,-0.21800340506296578
SDF2L1,0.03438753669039851,-0.3150729268881749
SDF4,0.08894819900311646,0.09294043291750675
SDHA,0.08508968824025498,0.18208832001492858
SDHAF1,-0.24019327751867303,-0.10249275548975767
SDHAF2,-0.24239153476898778,-0.47517615861403506
SDHAF3,-0.2233222652294642,0.00692759295246459
SDHAF4,0.11918685223105996,0.28921384309953124
SDHAP1,-0.309389463032423,0.1932798320531326
SDHAP3,-0.31978265304489284,0.4246019443548552
SDHAP4,0.2844622051393415,0.5815382226038914
SDHB,-0.011363281407557935,-0.15999405006836565
SDHC,0.06077112278024721,0.11298671178471675
SDHD,-0.19154252334491595,-0.5679574210925731
SDK1,-3.633047655816609,0.2597153905522138
SDK2,-0.05773132374963008,0.2682389684268851
SDR16C5,0.5036113129263708,0.6287088117885373
SDR39U1,-0.3057180069504154,-0.05977979563147828
SDR42E1,-1.0141221100361637,0.08080190519773911
SDSL,0.2522190359699641,-0.15402875507255542
SEC11A,-0.02722721071661649,-0.6858704442488701
SEC11C,0.3773575798519291,-0.612968915922353
SEC13,-0.15569734524354306,0.21922931549672509
SEC14L1,-0.1741363575691537,-0.078462268628539
SEC14L2,0.0557103095107756,-0.1786272922150829
SEC14L4,-0.0311629208021329,0.031709759100605084
SEC14L5,0.02585010584822839,-0.2109816875099001
SEC16A,-0.11610415530874008,0.28473602886329274
SEC22A,0.09751755842144094,-0.0012653425293818188
SEC22B,0.17235937806988488,0.25792765385096317
SEC22B4P,0.19029666393406697,0.19429646128655376
SEC22C,-0.04470940282511293,0.2559593164930334
SEC23A,-0.06120055063702612,0.873478680322556
SEC23B,0.17949168071768717,0.07685986793258337
SEC23IP,-0.24089940521432673,0.3246487986225093
SEC24A,0.04062573684839421,0.7769661130194887
SEC24B,0.13306388603386665,0.13655503079042042
SEC24C,-0.36698998146183026,0.6211233130653637
SEC24D,-0.2805839695804364,0.34363903331799417
SEC31A,-0.08463982529604408,0.5253434580943104
SEC31B,-0.3675924408296096,0.35239913955410995
SEC61A1,-0.06251864345397351,0.3388600824991519
SEC61A2,-0.2020501716772558,-0.03909882155208644
SEC61B,-0.001270358358898882,-0.1622992696247696
SEC61G,0.12287719846697787,0.006999957352516795
SEC62,0.12731798744845424,0.010713947881662023
SEC63,0.25433532358534006,0.6642363863982741
SEC63P1,0.1292015274295396,0.14702132722993438
SECISBP2,0.2616023139819976,-0.051152830135455574
SECISBP2L,-0.14180167648131992,0.16799906269412812
SECTM1,1.0514485766300812,0.9647278463773867
SEH1L,-0.13879045345338437,0.19682501520596052
SEL1L,0.22577570182569673,0.7282711478833015
SEL1L3,-0.5862558033666248,0.0038659475808842103
SELENBP1,-0.5071167804282606,2.277039418925569
SELENOF,0.06670113744927253,-0.05581146216830124
SELENOH,0.041605735564504975,-0.5452001567385096
SELENOI,0.11082251475086924,0.024492485200636516
SELENOK,-0.03079788439485398,-0.022709093481926956
SELENOM,-0.05946841240923639,0.3946861148341163
SELENON,-0.08035882060690813,0.2990393930162547
SELENOO,-0.37796599028531386,-0.14555672683629606
SELENOP,-0.01423158666052829,0.6188854288634591
SELENOS,-0.22239562414358094,-0.4787968402610865
SELENOT,0.022357455744785426,0.10837113522482156
SELENOW,0.1677935156687127,-0.6765425982046303
SELL,0.0,-0.3817323039026199
SEM1,0.16953668571756886,-0.1562664032526957
SEMA3A,1.7176754151406048,0.06477344587780909
SEMA3B,-0.10841717632648279,-0.5959666744602243
SEMA3C,0.8439346842710593,0.01667350584949645
SEMA3D,-0.2475884092339926,0.01069338790831903
SEMA3E,1.5564662681437786,-0.4570298668962427
SEMA3F,-0.6069367366056202,2.3179597994059558
SEMA3G,-0.4268652039938911,0.3347044730240104
SEMA4A,-0.027931516489932095,-0.5315656384820291
SEMA4B,-0.2581986492326944,0.6379982654638869
SEMA4C,0.18366038234437898,0.23163434218874368
SEMA4D,-0.7992085369385498,0.1998780505941502
SEMA4F,0.49248034964265486,0.3571028109441903
SEMA4G,0.02147034844630391,-0.9126823428025128
SEMA5A,1.8925978087633073,0.01950047821050416
SEMA6B,1.176301756303089,1.2165073652209228
SEMA6C,0.02125411425257928,0.26013286041125117
SEMA7A,-0.41473400406764327,0.26665669972766803
SENP1,0.06161782209610678,0.49357426326379583
SENP2,0.15354705261965496,0.007071068269672409
SENP3,-0.17417246320474877,0.10465586777932856
SENP5,-0.010756016869649443,0.2006735688771739
SENP6,0.17878006979109085,0.7640103207304092
SENP7,-0.02934631825874412,0.11823854419326585
SENP8,0.38533965274775883,-0.13834162222949686
SEPHS1,-0.14569569912625724,0.07905827104920782
SEPHS2,-0.10794269691926317,0.2427332067959922
SEPSECS,0.531025482731633,0.12880074474011405
SEPTIN1,-0.5330839555026063,-0.2445542884717038
SEPTIN10,0.02853552124172687,0.8156479644335564
SEPTIN11,-0.19189810565994758,-0.26989587346848953
SEPTIN2,0.03713918808871597,-0.2018024978909274
SEPTIN3,-0.7081259549088841,-0.22943754667691318
SEPTIN6,-0.9455735028569183,0.4258161253615498
SEPTIN7,0.10870187181594915,-0.004716435414927389
SEPTIN7P13,0.25737047478442276,0.3320658798976468
SEPTIN7P14,0.3002880794597753,0.23424375232963124
SEPTIN7P2,0.09395534362707991,0.5956133191522228
SEPTIN8,-0.4095960566372314,-0.372382158028973
SEPTIN9,-0.004549975075820001,-0.20602957549782452
SEPTIN9-DT,0.08247729020445871,-0.27242013143730714
SERAC1,0.16966383941119112,0.8705193744732265
SERBP1,0.31959752695520827,0.10036257690923556
SERBP1P1,0.10379961102081414,0.34505741662809475
SERBP1P5,0.2174978809918291,0.1407277806032583
SERF1B,0.1899604743975991,-0.0917473963035238
SERF2,-0.24367903751328246,-0.5218409712921286
SERGEF,-0.23424357074586188,-0.3222906083316861
SERHL,-0.22014217111712675,-0.5439066041150338
SERHL2,0.1367901974088106,-0.10644252124141337
SERINC1,0.2779692197987753,0.4889616536061139
SERINC2,-0.4748610045438819,-0.734528883647215
SERINC3,0.20736973188365315,0.14773944758873725
SERINC5,-1.579414019751602,0.029412431060937827
SERP1,-0.07245546926492352,0.12257361898592833
SERPINA1,-0.0360842054485315,0.7677867875326392
SERPINB1,-0.27401290989903515,0.3359221321076946
SERPINB5,0.0,-0.5929061100460835
SERPINB6,-0.18712540103205288,0.3228326006043476
SERPINB8,0.0824875183772269,0.08308268024991361
SERPINB9,-0.36830070573106166,1.0765472285004072
SERPINB9P1,-0.24586510613095675,0.43748447073802266
SERPINE1,0.11542708767234089,1.9339926601574238
SERPINE2,0.8798169832372656,0.7110007465790811
SERPINF1,-0.58351659083879,0.6016997079764155
SERPINF2,-0.09363345123945188,0.3138831211456994
SERPING1,-0.12910087766806577,1.3063381276959234
SERPINH1,0.24783745537143886,0.3555508989402476
SERPINI1,0.5142008396854885,0.5246681919640979
SERTAD1,-0.04807157293327968,0.4726178495504474
SERTAD2,0.3407213823816635,0.8161044811291731
SERTAD3,0.0960834008247522,0.10093091160848289
SERTAD4,-0.021726003797254978,1.1173425003390443
SERTAD4-AS1,0.02289007898452641,1.0505575072412392
SESN1,0.0864465092899871,0.4468781165919169
SESN2,0.04159254454449801,0.4824202409888585
SESN3,2.9447811432228455,0.7967307333714206
SESTD1,0.49463890207183336,0.522235784623839
SET,0.23659074188654117,0.08610422780021132
SETD1A,-0.16595487052362579,0.26425999943582124
SETD1B,-0.1190370924096964,0.3944906417256533
SETD2,-0.2457908727842515,0.3299875448256584
SETD3,0.16132102768746304,-0.13487706120599174
SETD4,0.08086017166036319,-0.15778650489628765
SETD5,-0.094209780793161,0.5175289295209504
SETD6,0.11441271770581851,-0.42415289968552106
SETD7,-0.5570396492023901,0.20057307618593967
SETD9,0.3362021642230113,-0.6542212563412919
SETDB1,-0.07003207566309921,0.6314797163689088
SETDB2,-0.013943061002501977,0.416260592668964
SETMAR,-0.08457357839012891,0.2525554958967333
SETP14,0.33386553289231635,-0.04102075762421631
SETSIP,0.004802033235883019,0.2153371084377409
SETX,-0.015517231511755547,0.3729308038098731
SEZ6L2,0.17412023226995288,0.35503353088011735
SF1,0.027468508293322813,0.04472687689195887
SF3A1,-0.036510845374068346,-0.026924091242719328
SF3A2,-0.11343768586911285,-0.04787110967651387
SF3A3,0.0596705734560965,0.20089364254329567
SF3B1,-0.08044679606261873,0.029512139715084373
SF3B2,-0.02969981281337475,0.041019283121199734
SF3B3,0.012371309551935106,0.10212165633071724
SF3B4,0.01185050450927605,-0.02540568481671901
SF3B5,-0.17339752987264756,0.4687997730654141
SF3B6,0.08937844413241613,-0.21947637152302235
SFI1,0.19332301796706952,-0.4149825231192743
SFMBT1,0.20948375957602572,0.07764735912403875
SFMBT2,-2.181997304319181,0.0
SFN,-0.031013863469398828,0.367952622891524
SFPQ,-0.022577590262448766,0.43193986252422967
SFR1,0.12573765243178414,0.19160852100924686
SFRP1,-0.2454992640494753,0.0382409291028842
SFSWAP,-0.019145206637890766,-0.056994706741601675
SFT2D1,0.2520176979694533,0.248044884614103
SFT2D2,0.0017538227655364835,0.2355566731350205
SFXN1,0.2085831316060336,0.2116107345772873
SFXN2,0.3509518924685562,-0.4382905629837648
SFXN3,-0.6482706858740337,-0.1335830199593211
SFXN4,-0.2577896360076979,-0.39746461329487737
SFXN5,0.1643194905810459,-0.26465295257730537
SGCB,0.2853028707313392,0.0849356456672572
SGCE,-0.08313867403349562,0.010174962165600654
SGF29,0.06777433427219037,-0.08053373257101715
SGK1,3.2142506691511534,0.23095031298811897
SGK3,-0.022028905670677723,0.26049238906240646
SGMS1,-0.20638469215874178,0.7545392220417839
SGMS1-AS1,0.1532140238649371,0.08149646904173014
SGMS2,0.028777377462184006,0.6804531478178948
SGO1,-0.0863140524868089,0.11506647243376378
SGO2,-0.013940769150925014,-0.08489494449755064
SGPL1,-0.2512930208547619,-0.03921527570646788
SGPP1,0.11054197182265302,-0.19835263058735642
SGPP2,0.14450559389567244,1.0306930430270287
SGSH,0.0125967380456391,1.4381412991326803
SGSM1,-0.3181077450283315,-0.20761267939070138
SGSM2,-0.045825676580173,0.396131483548289
SGTA,-0.049098168390759866,-0.017293782179499395
SGTB,0.03935143755176673,0.18553148455727042
SH2B1,-0.3505793221104243,-0.3505638193154228
SH2B2,-0.3996719537362976,-0.01423838299535829
SH2B3,0.3808905333802928,0.6697554997930784
SH2D2A,0.25218336173352807,-0.23909407733031385
SH2D3A,0.5411222728564613,-0.5615263338689367
SH2D4A,0.05011106512215058,0.1604268454787272
SH2D5,0.5456852243189685,0.9355367030091024
SH2D6,0.016535490710427148,-0.015349317135070983
SH3BGRL,0.07707528396801422,0.2349733764402524
SH3BGRL2,-2.4453202644129224,-0.594078076524398
SH3BGRL3,-0.14354318206731786,0.1444884783215672
SH3BP1,0.08195721479993012,-0.19467054805516426
SH3BP2,0.38519459801465583,0.5377002190114482
SH3BP4,-0.14333575953240985,0.6089256098193019
SH3BP5,0.03992334547987664,-0.7406652358165231
SH3BP5L,-0.11984983285947948,0.22472381130648955
SH3D19,0.11049288587799211,0.4957998731193758
SH3D21,-0.23013988398630358,0.330269844364822
SH3GL1,0.24676549171087458,-0.1093477792182691
SH3GLB1,0.12976255419700067,0.22078155724691495
SH3GLB2,-0.1491955234826401,-0.4977100343377714
SH3KBP1,-0.006838610880657292,0.36291635966138003
SH3PXD2A,-0.4796703517044829,-0.056762264083919156
SH3PXD2A-AS1,-0.18903990370032273,-0.6252966815252414
SH3PXD2B,-1.3118681464216522,1.0870462691798797
SH3RF1,-0.14084379078877962,-0.43859275845414913
SH3RF2,-0.07936681304232618,-0.235424945807563
SH3RF3,-3.1399611077894236,1.3777514812963902
SH3RF3-AS1,-1.276366157528245,0.2599044869798701
SH3TC1,-0.14646157325145848,0.4518338997074869
SH3TC2,0.6197842724306173,0.3208564673070615
SH3TC2-DT,0.0,-0.34822269066800315
SH3YL1,0.055058366314541196,-0.4286014088638108
SHANK2,-0.6141121595623159,0.6884344900479489
SHANK3,0.14867095281775056,0.7666252446389392
SHARPIN,-0.18721721919998302,-0.37199558821287315
SHB,-0.09298400082071012,-0.2790306700477361
SHBG,-0.013131130328631668,-0.25241966398410665
SHC1,0.10286483495672982,1.1289377343001394
SHC2,0.5622394338433876,0.715184314711433
SHC3,-1.4481791744440422,0.18509364867038391
SHCBP1,0.18589866620591522,0.5291159687704123
SHF,-0.17234317977492974,-0.7214827029945377
SHFL,-0.09743667991842786,0.2528355829041775
SHH,-0.6498355476295528,1.3262933614160954
SHISA2,-0.23835122616636384,0.7389837392325039
SHISA4,0.137345226311969,-0.07286412313784929
SHISA5,-0.23412133222439024,0.28192860846521484
SHISAL1,1.095842933876659,0.02569893288723271
SHKBP1,-0.014899562972407132,-0.00010809890562768487
SHLD1,-0.049070945461128,0.0035522620233523483
SHLD2,-0.2912015247073292,0.6961802010697906
SHLD3,0.12178169836999553,0.17330496848921362
SHMT1,0.1538455825787448,0.33178988223558914
SHMT2,0.10006747353365508,0.32478682971320705
SHOC2,0.03581873963526849,-0.010214982635245562
SHOX2,0.9898287499050258,0.6875339913706937
SHPK,-0.15978050978424663,-0.32757458811611406
SHPRH,0.1720731439661809,1.0007113541735246
SHQ1,-0.1677683449861913,0.17530975264793147
SHROOM1,-0.3296148504354792,0.058771435115557935
SHROOM2,-0.7283617605508674,0.08495939713159961
SHROOM3,-1.4242971081897107,0.26659206675812896
SHTN1,0.012071363408292513,0.7621504294862351
SIAE,0.23648333311089376,0.03248907595510797
SIAH1,0.08949505998259877,0.16541546886169511
SIAH2,-0.07053273266141513,0.4484069354830478
SIDT2,0.03803122305646589,-0.3900037279444106
SIGIRR,-0.34507375058137235,-0.4795839715154493
SIGMAR1,0.0960692107301293,-0.10683376062110739
SIK1,-0.06879061071824921,0.06025102604750732
SIK2,-0.20213242202398352,0.014376521464669167
SIK3,0.05255692755905983,0.3008695925463405
SIKE1,0.21563252128580324,0.11696283574157729
SIL1,0.3038618254333958,0.2800937159795467
SIM2,-0.8617419379960505,0.1303746423747727
SIMC1,-0.22376473153128806,-0.09193462902122373
SIN3A,-0.04003991618555869,0.1727248317480452
SIN3B,-0.5397111593595572,0.2087608215246357
SINHCAF,-0.027050067733148886,0.3917706059259842
SIPA1,0.05795518558907009,-0.3518332631289418
SIPA1L1,0.1189167332283878,0.15923133611723106
SIPA1L1-AS1,0.045921553187534186,-0.13350130534695137
SIPA1L2,1.3986760521512687,0.11063185269647943
SIPA1L3,-0.30247288909905024,0.2816785766915162
SIRPA,0.03937660141993771,2.331013812454721
SIRT1,-0.10625794012849354,0.4376232273952221
SIRT2,-0.11352636820140916,0.2609626216640182
SIRT3,-0.09034567714380248,0.18350436672208925
SIRT4,0.04902042314219379,-0.02047037927696671
SIRT5,0.23293216737805889,0.6238911366849678
SIRT6,-0.12175969353760774,0.09891784532309611
SIRT7,0.2074157558107519,-0.5003946955369925
SIVA1,-0.15021708767419906,-0.18483733737210528
SIX1,-0.42265592343029157,0.29779768629148373
SIX2,-1.549009194068255,0.5035343233360376
SIX4,-0.29172435535938757,0.209032737749264
SIX5,-0.29873970255649995,0.6187455184619348
SKA1,0.30000135450796606,-0.1975093274957307
SKA2,-0.10606735128476785,-0.7100616317228159
SKA3,0.0020788935737430236,0.4272511937191825
SKAP1,-0.3844258898779467,-1.4877492455917976
SKAP1-AS2,0.023067364112480088,-1.1062488457970794
SKAP2,0.00775709804637259,0.536052365384287
SKI,-0.09203085563289015,0.4580086468672562
SKIC2,0.05689702679241915,0.5459729971387457
SKIC3,-0.03950502071393913,0.4671076922208428
SKIC8,-0.13785544374721415,-0.4754011203887458
SKIDA1,0.05893186131852035,0.08673671620741008
SKIL,-0.6826926962396325,0.3681822687426832
SKP1,-0.013700857656640864,0.08714401457317589
SKP2,-0.029182513514139252,0.8619807087958513
SLAIN1,0.06266905720966198,0.16733439584622234
SLAIN2,0.13498237700189009,0.4730563208491221
SLBP,0.18735758960481164,0.04391979220513775
SLC10A3,0.09040347409764138,0.3827153791442717
SLC10A4,0.0749885155064498,-0.07898628819755857
SLC10A7,0.42482476027077865,-0.10721692569557773
SLC11A1,-0.030201335113814065,-0.27880048683949377
SLC11A2,-0.1901820941965271,0.6243731194882853
SLC12A2,0.1926430588712904,0.7171352431141731
SLC12A2-DT,0.3106001371657099,-0.043340814923321425
SLC12A4,0.05887868004157504,0.2556691015075385
SLC12A6,-0.11644448240384797,-0.07739459970535023
SLC12A7,-0.4454355940549881,1.3524372380779575
SLC12A8,-0.5791223642078325,0.6190845695651013
SLC12A9,-0.07785337082849964,-0.2834133987056191
SLC15A1,0.035087003327564245,-0.22191620300416082
SLC15A2,0.18597896024318925,0.4649964004084439
SLC15A3,-0.297651402899211,0.7321273703989739
SLC15A4,0.2529107277513054,0.3399114206328564
SLC16A1,0.04276527296833521,0.9098058173186239
SLC16A1-AS1,0.21932199381930317,0.6469732587907557
SLC16A13,0.19503624292463861,0.3293408787726033
SLC16A14,-0.5283667084025341,0.3529811188026616
SLC16A2,-0.9217282874912573,1.4124970237661867
SLC16A3,0.10845386915874755,0.014034135956515925
SLC16A4,-0.036360197784325934,-0.1432139998399906
SLC16A5,0.35873699435645356,-0.7921761217924352
SLC16A7,0.7527114611712364,1.4218016702245873
SLC17A5,0.23627042857179958,1.1249347166026666
SLC17A9,0.01463419398707096,-0.5693555060737951
SLC18B1,0.5363317745398938,0.8453995691157612
SLC19A1,0.015135249387376426,-0.040123508861672263
SLC19A2,0.16572160328799246,0.41944360603423947
SLC19A3,0.3770286667770668,0.6591080046276261
SLC1A1,0.0,-0.20160679690699368
SLC1A3,0.040251192493899135,1.9814334925237853
SLC1A4,-0.23896177795167972,1.6552371889511488
SLC1A5,0.04848027376216901,-0.14888171832582486
SLC20A1,-0.10297808736863256,0.48962641817145247
SLC20A1-DT,-0.4449107739108773,-0.23205907261914682
SLC20A2,-0.015650824904349214,0.0607529253570096
SLC22A17,-0.12612100778107027,0.16571743886606605
SLC22A18,0.6420713330875296,0.03591277173744345
SLC22A18AS,0.3914278485106656,0.01359208871437767
SLC22A20P,-0.1338505711418568,-1.5330424537616953
SLC22A23,-0.7176332532101368,0.15966718138488112
SLC22A31,-0.03771135118778024,-0.19222797512592277
SLC22A4,0.5657008446345245,0.8327471932323318
SLC22A5,0.12402090503801544,0.12153228719875919
SLC23A1,-0.03968569196768959,0.28723472624790247
SLC23A2,0.04010614361093534,0.43312369953220475
SLC24A1,0.17529563333685916,0.0901712327977191
SLC25A1,-0.10032444907273685,-0.041274955435499194
SLC25A10,-0.0751662010551506,-0.673128004269377
SLC25A11,-0.12370166741870303,0.10229996145413445
SLC25A12,-0.13997660225272401,-0.16671916450706448
SLC25A13,0.07513531664040585,0.1431632025882177
SLC25A14,0.1523945553359618,0.21926402493515518
SLC25A15,0.16852328042442544,0.680411188332146
SLC25A16,-0.20306928546954728,0.011587723212556522
SLC25A17,0.005002569173325533,-0.1995100956942677
SLC25A18,0.06489023529958171,-0.15341290073911595
SLC25A19,0.27052267251967477,-0.9341659015899997
SLC25A20,0.14058632428468698,-0.2700783775627311
SLC25A21,-0.0568983060831969,0.10910148628002131
SLC25A21-AS1,-0.058958250421949215,-0.19987407601489338
SLC25A22,0.1588732551113381,0.2524172140414267
SLC25A23,-0.3913179097288353,0.26738077114303316
SLC25A24,0.1849009106764985,0.3511428057947956
SLC25A25,0.061082755901638475,-0.60693740792171
SLC25A25-AS1,-0.7304834512871232,-0.46144788803086767
SLC25A26,-0.05224563044845221,-0.10173946787901578
SLC25A28,-0.0634160003551365,0.22004599981988893
SLC25A29,-0.2273577923994674,0.7605524844038616
SLC25A3,0.10529651441555288,0.01164318159565525
SLC25A30,0.05736545044255781,0.7575325795068397
SLC25A33,0.22535195926872298,0.034207988387273236
SLC25A35,-0.16772938582235497,-0.0808553354350563
SLC25A36,-0.19944869479930905,0.6548066328808044
SLC25A37,-0.014058556027101154,0.36321069162954966
SLC25A38,-0.19260462263826295,0.1494381915251175
SLC25A39,0.21283747209441817,-0.2878199940196664
SLC25A4,-0.2717998164287527,0.23282488920036215
SLC25A40,0.09000227355618495,0.3541231341216924
SLC25A42,0.08438353291755041,0.12650451753900605
SLC25A43,0.052155125959765236,0.759097197072836
SLC25A44,-0.11765770998560576,0.37466692181738903
SLC25A45,-0.022409449213054433,0.6396939065745122
SLC25A46,-0.029228866069912485,0.4283226400267601
SLC25A5,-0.05379628687887816,0.13174059216897582
SLC25A5-AS1,0.14038535537932206,-0.004335140009125271
SLC25A51,0.20218284968344635,0.010287104365460209
SLC25A53,0.2058150300646484,-0.020767262964323185
SLC25A5P2,-0.10700004382548434,0.09984863824614953
SLC25A6,-0.15858174787739188,-0.34999651862526804
SLC26A1,0.1742850669991216,0.580051839166001
SLC26A11,-0.10766228094725427,1.1031575498280333
SLC26A2,-0.07751102198190551,2.327177912224404
SLC26A6,-0.22881592871474776,0.9690970017940144
SLC27A1,-0.23328880551216602,-0.0028200803419160536
SLC27A2,0.13910630740147484,-1.47415911160827
SLC27A3,-0.2031518119424427,-0.055150342639497474
SLC27A4,-0.21804275563953812,-0.3080850871189442
SLC27A5,-0.5985250790657024,-0.4159654936957238
SLC29A1,0.16089368989721464,0.8112868367775423
SLC29A2,-0.3316830400409634,0.1965022247371424
SLC29A3,0.465720582088462,-1.4146339274405326
SLC29A4,-0.8018000378376051,0.6997330309905998
SLC2A1,0.16684539771245355,-0.34489784059700135
SLC2A10,-0.28746190082299816,0.32657148912937917
SLC2A11,-0.30594479909341743,-0.021942029824563836
SLC2A12,0.36298009934639763,1.1342898183453403
SLC2A13,-0.16727060658112958,0.5845040590978301
SLC2A4,-0.08939755222636231,-0.20567822103888234
SLC2A4RG,0.18732981686812877,0.34149393083160984
SLC2A6,-0.3928885030640181,-0.743617050763989
SLC2A8,1.0363255385190886,0.9108668847420338
SLC2A9,-0.24521528598055076,-0.056457963661611044
SLC30A1,-0.0983318550597918,0.6907564347281641
SLC30A4,-0.3210698438657511,0.12804436863300017
SLC30A4-AS1,-0.010354466559157949,0.521252655394282
SLC30A5,0.09305114712467955,0.33195761959402237
SLC30A6,0.10818924146635123,0.2671492052439657
SLC30A7,0.18479414234604175,0.4189870728081502
SLC30A9,0.291657356732137,0.09114882021823334
SLC31A1,0.005826361395971702,0.5015040962691755
SLC33A1,0.027860966772764506,0.18175111272626765
SLC34A2,-0.02515039021490946,1.8369924467435559
SLC34A3,0.14950944286933732,-0.49950371060653054
SLC35A1,0.15061690065598476,-1.5776877060217238
SLC35A2,0.06971546248312688,-0.29903788805384046
SLC35A3,0.19905658242267243,-0.06932065101733631
SLC35A4,-0.030064070501158113,0.3100519754251607
SLC35A5,0.06619313193817522,0.29963423094503217
SLC35B1,0.09970570235497433,-0.40843497693339437
SLC35B2,0.021121760843911375,0.41588591174642175
SLC35B3,0.23650300016419656,0.620936593124624
SLC35B4,-0.08393262053094563,0.7961129130249196
SLC35C1,-0.48475910637941144,-0.473062475767172
SLC35C2,0.13504430718976224,-0.015292475278523732
SLC35D1,0.004509707712871958,-0.21247647393147417
SLC35D2,-0.06610953158233679,-0.027340043292420013
SLC35E1,-0.007960182468727872,0.17078319562793265
SLC35E2A,-0.17501625893409312,0.34475850981879796
SLC35E2B,-0.21169464324235765,0.6867471788231576
SLC35E3,-0.09780087607102672,0.08647886302481123
SLC35E4,-0.27904895602042323,-1.0451335498131638
SLC35F2,-0.048313404597826626,0.3891083144093539
SLC35F3,-0.8048061614555637,1.245427337013541
SLC35F5,0.3944144408100616,0.01409158424507595
SLC35F6,0.029427864809369986,0.6464852813948276
SLC35G1,-0.02226970963626851,-0.009518010962556334
SLC35G2,-0.34860225917338816,0.029937142977670472
SLC36A1,0.16168404856628094,0.5342859304890375
SLC36A4,0.1559545753453806,0.14148177606663426
SLC37A1,-0.5548205937500432,-1.047030913984778
SLC37A2,0.4879597082671654,0.44510886475064293
SLC37A3,-0.038317881864792014,0.003929995238624251
SLC37A4,-0.05386158273927322,0.5058521935765556
SLC38A1,0.022995243792012232,0.8226336230288203
SLC38A10,0.11729417532738395,0.04692001502493959
SLC38A2,0.42354811124213754,0.8297044125521342
SLC38A3,0.798101675978933,0.3871003036925508
SLC38A4,1.0608941078881877,0.04256973373995489
SLC38A4-AS1,0.6281921523889463,0.16034178762166307
SLC38A5,-0.12260052494595525,0.06380832736923026
SLC38A6,0.455923215320313,0.10394849294863873
SLC38A7,0.13441403698314502,0.20952125991723403
SLC38A9,0.24337544925159582,0.10582600648591267
SLC39A1,-0.03507143121133982,0.27757698889623966
SLC39A10,-0.09942126492018488,0.762012906940619
SLC39A11,0.09604888253150445,-0.1500451470776447
SLC39A13,-0.20008002310603334,-0.28087002326279986
SLC39A14,-0.14239603748046026,0.626623752401974
SLC39A3,-0.18198137894226551,-0.05016507446560414
SLC39A4,0.24141037559158196,-0.9993803490644222
SLC39A6,0.09390758492485585,0.0321294853806009
SLC39A7,-0.09459305011025876,0.4485411324638573
SLC39A8,0.4200643357739734,0.33117523591376363
SLC39A9,-0.015783472817037847,0.3099230397982362
SLC3A2,0.391460543870533,0.26729758968804695
SLC40A1,0.07484563050827216,0.5903916869930281
SLC41A1,0.15393291963105682,0.6073493869765842
SLC41A2,0.47558843548568186,0.560985381844763
SLC41A3,0.15459692480675447,-0.0006610623075031796
SLC43A1,-0.5156602296865647,1.4477166570962596
SLC43A2,-0.2321442753298566,0.8513276425497018
SLC43A3,-0.6380881817539237,-0.032560932041811874
SLC44A1,-0.03495433703473516,0.67664345218585
SLC44A2,0.8259333408152081,0.5274786251119439
SLC44A3,-0.31270133247390486,-0.40375289621449717
SLC44A3-AS1,-0.15195818622014623,-0.11908328254332234
SLC44A4,-1.5152557765544634,-0.5541128349176354
SLC45A1,0.06477473105844389,-0.3795025395762863
SLC45A3,-0.4458098663990162,-0.9463021943215075
SLC45A4,-0.28715680143661615,-0.1931779490600194
SLC46A1,0.11636553390595683,-0.2930816304495476
SLC46A3,0.24764096488907938,0.7897175614234069
SLC47A1,-0.05465297436163041,1.1825753165249808
SLC48A1,0.09447903020820103,-0.11348846174855876
SLC49A3,-0.07474003258622536,-0.1744439892386298
SLC49A4,0.043903770628940464,-0.2787326989098302
SLC4A11,-1.1823548644800983,-0.6620406612646805
SLC4A1AP,-0.025777662572753712,-0.19250895217329056
SLC4A2,0.025243928862943577,0.0017408084059047368
SLC4A3,-0.5210555781032951,0.10814830858388103
SLC4A7,0.31262935136513814,0.5635469135447368
SLC4A8,-0.5517012055591741,0.1708927776851856
SLC50A1,-0.019078793699510932,0.15794216093689162
SLC51A,-0.09362550783220769,0.028327949190639856
SLC52A2,-0.025053633602571068,-0.5382687380090303
SLC52A3,0.14741358361440904,-0.4541912067705063
SLC5A1,0.023067364112480088,-0.12680352780010073
SLC5A3,0.2362246417105629,0.5366975516823826
SLC5A5,0.6352936782204417,0.32069366413917283
SLC5A6,0.06893984205125392,0.6324549234200756
SLC66A1,-0.11546589735135804,0.34250093032994755
SLC66A1L,1.1805412517018719,0.062116534254605726
SLC66A2,0.04404719675685698,-0.5952843096192932
SLC66A3,0.3031725829530183,-0.6142758575116503
SLC6A14,0.0,-1.203516792839567
SLC6A17,0.340964036289928,0.06393986199011692
SLC6A6,-0.27549096640623727,0.5853820392084055
SLC6A8,-0.31360617058135176,0.38750601655191463
SLC6A9,0.2807315596263038,1.0020012313265765
SLC7A1,-0.23459081253306113,0.5922972971568772
SLC7A10,-0.6360550140857463,0.0
SLC7A11,0.5608465940844081,0.9647335795329872
SLC7A2,0.13372529001866088,2.2849829539610313
SLC7A4,0.0,-2.4517672446563594
SLC7A5,0.5911874853659569,0.2552671770189541
SLC7A5P1,-0.0512943621871228,0.1922212339959381
SLC7A6,-0.191007269720866,0.5269055256002204
SLC7A6OS,0.06551049146607735,-0.1223492848647183
SLC7A7,0.27773570721454083,0.12522611890960222
SLC7A8,-0.5591951068540272,-0.777331074112787
SLC8A1,0.30092645467235823,-0.019786383133921767
SLC8B1,-0.17200725154470575,0.34859191063191197
SLC9A1,-0.5000033714311032,0.4443686629436465
SLC9A2,0.2817077292026262,0.3282852200828361
SLC9A3,0.6069873325324567,0.4796107588177708
SLC9A3-AS1,0.36573032853741483,0.6984034737110909
SLC9A4,0.0,-0.13635729991714407
SLC9A5,0.12465957346625589,1.1266060717490989
SLC9A6,0.1750916207189448,0.9465171052193768
SLC9A7,0.3742181094400747,0.38200939375883003
SLC9A7P1,-0.01755304492020393,0.3829025494461224
SLC9A8,0.14973730607736702,-0.09678660055791255
SLC9A9,0.021753653426295746,1.2115110427141784
SLC9B2,0.06696781459662438,0.6001118986302831
SLCO2A1,-1.624539005472512,0.43071594072638997
SLCO3A1,-0.4790714120617494,-0.07750943769880614
SLCO4A1,0.24912093958851766,1.016276628561136
SLCO4A1-AS2,0.15288765266723137,0.5918932367174712
SLCO4C1,-0.1350849940905352,0.36880583958796453
SLF1,0.19673797148461336,0.5815644241668991
SLF2,-0.14716787246316088,0.18808472229073736
SLFN11,0.5552665594555766,0.14467996780836975
SLFN12,-0.0710308140412188,0.6688446512728508
SLFN13,-0.03627769698166272,0.06575852567830154
SLFN5,1.463741287731811,1.294279846053258
SLIRP,0.08921625182441595,-0.2691531397266971
SLIT1,-1.928983522967777,-0.04033854256376179
SLIT2,0.0,1.2410710039318078
SLIT3,-0.08355708411322293,0.08096630141344961
SLITRK4,0.0,0.510593548846523
SLITRK6,2.4174890390075388,1.8542610741178527
SLK,0.039972194903874936,0.3975904075700676
SLMAP,-0.15128710781700327,-0.21020996702820582
SLPI,0.023067364112480088,-0.2949164785638505
SLTM,0.07104234795775,0.04545754051385398
SLU7,0.15826540546312096,0.123657830194003
SLX4,0.0036830628937645216,0.9025865901189585
SLX4IP,0.16375424742116218,0.21089371499237775
SLX9,-0.06538276359126183,-0.20380076888039156
SMAD1,0.08491419679721757,0.5015358761762401
SMAD2,0.6596358868962682,0.10743581696100257
SMAD3,-0.3084129005950942,-0.14111364310546115
SMAD4,0.020066897886111157,0.2437857772323282
SMAD5,-0.014739323671701499,0.8789579366132081
SMAD6,-1.121773507329026,-0.431964023831374
SMAD7,-0.06566777261183177,0.7397693070660067
SMAD9,-1.5095041862631458,0.24166480191730377
SMAGP,-0.24735259214997285,-0.15824102823421438
SMAP1,0.0637844037625217,0.734220986020917
SMAP2,-0.2548148542108635,0.19514556055585697
SMARCA1,0.2680294552843119,0.2750799163500268
SMARCA2,-0.1290843038034506,0.06714609685195594
SMARCA4,-0.2828047742233517,0.20561444224927428
SMARCA5,0.20513007546388895,0.2593319880636349
SMARCAD1,0.09357324346928841,0.37975935625814383
SMARCAL1,0.03616853563543643,0.07614334218477214
SMARCB1,0.02662532542718754,0.1478308319313868
SMARCC1,-0.11262803704823732,0.5084281256819532
SMARCC2,-0.12278548201016637,0.18394482800997913
SMARCD1,-0.11329512295924271,0.5937741151892171
SMARCD2,-0.3778161259899093,-0.05452155749862175
SMARCD3,-0.37968797721335434,0.15266135164800776
SMARCE1,0.03980876324899585,0.1659018243071082
SMC1A,0.05096815821686285,0.26083126186557326
SMC2,0.20056920661818634,0.2705951103782258
SMC3,-0.00372740859230003,0.007982534531054242
SMC4,-0.15820204461189125,-0.20062702171981783
SMC5,0.1526964563557911,0.14323996479873724
SMC5-DT,0.025409558433472437,-0.4032763589128321
SMC6,0.15817617731922162,0.1084842313926675
SMCHD1,0.36999114153728385,0.16584203902786587
SMCO2,0.03501086519156843,0.5494043368183009
SMCO4,-0.05967210063595951,-0.10219808834703592
SMCR8,-0.11185733977204126,0.5678071805522817
SMDT1,-0.14810204819028083,-0.4961291890740913
SMG1,-0.0713894799001853,0.7309039721791804
SMG1P1,0.06363664609401887,0.29258637513265895
SMG1P2,0.10244148969443678,0.6037980954143409
SMG1P3,-0.017981553954970808,0.13124572315990468
SMG1P5,-0.13671489210091559,0.3761445199350747
SMG1P7,-0.40447160947684424,0.33595274148800347
SMG5,-0.1191611812586908,0.13630205683377028
SMG6,-0.11526779129366105,0.5041972618823709
SMG7,0.17719255154116276,0.18036477219554303
SMG7-AS1,-0.09985918650909054,0.2703228549582273
SMG8,-0.2696567686830136,0.14766883927859542
SMG9,-0.08066397827225913,-0.00323547036322136
SMIM1,0.032946908865064906,-0.5563695240901128
SMIM10,0.25848391171550844,0.0
SMIM10L1,-0.001828667419530916,0.05046459368459555
SMIM10L2A,0.04121144957367279,0.7248548344491905
SMIM12,-0.01700066608822226,0.020101349018767145
SMIM13,-0.1067742692675191,1.058394086612672
SMIM14,-0.3810587670759471,-0.043078331692530725
SMIM15,0.20223595978060782,0.09654999234434314
SMIM19,0.2637576403309243,-0.4377720554268425
SMIM20,-0.01632715105701621,0.07431334532497669
SMIM22,0.03664053726328211,-0.8075972698617178
SMIM26,-0.22555527310913437,-0.28879499628783023
SMIM29,-0.015970348705543813,0.5787904599532503
SMIM3,-1.3491593725443654,-0.7307337965607164
SMIM30,0.7041188482563729,-0.2297034810024936
SMIM31,0.0,-0.6866782320174201
SMIM45,0.31383886785576387,0.05548565235172742
SMIM5,0.14249141859770503,-1.965710490724406
SMIM6,0.037995885432126356,-0.91848146933541
SMIM7,0.06799331716642776,-0.20499613448911624
SMIM8,0.023882322543128165,0.4787362533098478
SMKR1,0.005503273908285977,-0.5680497202842048
SMN1,0.21917406777659654,-0.2019182965801516
SMN2,0.2759821876778723,-0.21005524199771397
SMNDC1,-0.2282786405420456,-0.12122711041964607
SMO,-0.9674311683076637,0.5026447590547554
SMOC1,-0.034532277284387534,0.6044325681157963
SMOX,-0.2818834614731598,0.3810788467250159
SMPD1,0.6612952902616138,0.2622248002951535
SMPD2,-0.05478038151199005,-0.05969307740864416
SMPD3,-0.0626188845893359,-2.884538126839573
SMPD4,-0.16974710643104007,-0.13127745814557468
SMPD4BP,-0.06843500316395712,-0.08809414382644087
SMPDL3A,0.04175363020804146,1.2082441743589538
SMPDL3B,0.058108728067440996,0.07190215134453837
SMS,0.12371798274957158,0.07423874668009045
SMTN,0.18766412820294942,0.05277272869154981
SMU1,0.0010246537513634024,0.21162871746713918
SMUG1,-0.021945847975286092,0.0574262227265514
SMURF1,-0.03807164399154317,-0.0063040232700259935
SMURF2,0.009029095454773817,0.08550309772851428
SMURF2P1,0.18474933546508376,0.1335951690273247
SMYD2,0.08817650143990541,0.0942345482253728
SMYD3,0.02919297317576408,-0.08850085472936353
SMYD4,-0.02272585019308604,0.1970810866364041
SMYD5,0.05654605972396354,-0.1213625165127965
SNAI1,0.02199768205856456,1.2800122013366957
SNAI2,1.3503622390280439,1.4998471967329914
SNAI3,0.11072521955471959,0.09536412205248834
SNAI3-AS1,0.43788244291263045,0.5468050758629437
SNAP23,-0.027615295129619355,0.011914555584843889
SNAP25,1.1605655755974613,-0.44317907000228673
SNAP29,0.013237676095648077,-0.018079093787921607
SNAP47,0.031062322406333998,0.4355379668564012
SNAP91,1.0285454928404127,0.0
SNAPC1,0.36937794750806985,0.1529715075814675
SNAPC2,-0.10557395994550056,-0.13092840204121003
SNAPC3,0.21476033677593698,0.013249860350162734
SNAPC4,-0.14365509156567846,0.052848108793540405
SNAPC5,0.17358750345601948,-0.36722690906671485
SNAPIN,0.03390652629579449,-0.04582948212426885
SNCA,-0.18078412808882005,-0.04147848377184654
SNCB,0.6593323097195363,0.09192125114197583
SNCG,-0.005883223167310936,0.7107192124908703
SND1,-0.03795430829831581,-0.20428428740679205
SNED1,0.07230797527364308,0.8039271988398974
SNF8,0.01917852333659642,-0.39469184295764226
SNHG1,-0.5375226369185402,-0.3374966710804843
SNHG10,-0.3073663024653086,-0.2815068777590861
SNHG11,-0.35432462257349373,0.02857407811259005
SNHG12,-0.6495685826513287,0.3759680786098283
SNHG14,-0.5087175972168438,0.01526784443740373
SNHG15,0.03936652778598493,0.14596701502999698
SNHG16,-0.0041164406443297,-0.07725850703229753
SNHG17,-0.1252111702199521,0.24353798386220848
SNHG19,-1.0556590029897392,-0.3908758080346726
SNHG20,0.11913231581724015,-0.18501011348159002
SNHG26,0.10554941865543088,0.5052165823520678
SNHG29,-0.30245380825096646,0.14671496790160887
SNHG3,-0.23096165592145734,0.20736262031008046
SNHG30,-0.33246821263356363,-0.3727370760879818
SNHG31,0.048544444100901085,0.0974601083928971
SNHG32,-0.3196530882406319,0.471135910572392
SNHG33,-0.2257873423572656,0.16179067313883433
SNHG4,-0.3935913465286194,-0.21162190702315486
SNHG5,0.044492658588414,0.48172954475611984
SNHG6,-0.1034791214433115,-0.20161903874502052
SNHG7,-0.3939918714314645,-0.4241443525488915
SNHG8,-0.023554739356055787,-0.5269187324765658
SNHG9,-1.0353439143239134,-0.16693542119413418
SNIP1,0.17070965284860318,0.2269481627788652
SNN,0.32883949257460987,0.784227530886981
SNORA73B,0.34716907001623876,0.3037297059561546
SNORC,-0.38397353452383687,-0.8147091759798504
SNPH,-0.8197063906615369,0.06099781054513276
SNRK,-0.2723960075540317,0.35603249333635123
SNRNP200,-0.2218782521277376,0.1490954450657922
SNRNP25,0.11762104373992965,-0.42233877460877256
SNRNP27,0.1535777010825834,-0.3573124501890099
SNRNP35,-0.14620339223092182,-0.02512431929851644
SNRNP40,0.055665916797877024,-0.0818115154091581
SNRNP48,-0.001282976176805839,0.9024939844219801
SNRNP70,0.001674979674622712,-0.3450463266925663
SNRPA,-0.04852080860853203,-0.40772099739251644
SNRPA1,0.06413002288157976,-0.12440277580462222
SNRPB,0.0034888672626518513,-0.1963789991646543
SNRPB2,0.0926685726113714,-0.05856024648435554
SNRPC,0.03280891619616266,0.19169058349382784
SNRPD1,-0.03644685239118228,-0.3032042955033898
SNRPD2,0.04215548655101564,-0.19490964511808606
SNRPD3,0.013923474100492328,-0.3051488815669998
SNRPE,0.013549961085322693,-0.01271594717116642
SNRPEP2,-0.2107015603736595,0.05050675010606048
SNRPEP4,0.002876747821541681,0.10916119372144806
SNRPF,0.1693254685420662,-0.10842513885862459
SNRPG,0.024212712842408557,-0.4764147756332262
SNRPGP10,0.02036361331148706,-0.6725266142539339
SNRPGP15,0.10408526073128277,-0.1158373511155022
SNRPGP2,0.011025878941095524,-0.15367130828035358
SNTA1,0.06291752434180253,0.4415555748417175
SNTB1,0.2624889855530765,0.35735867778888997
SNTB2,0.052289794597219164,0.5834624617363575
SNU13,-0.05840243878220619,-0.21338487249493543
SNUPN,-0.08298829458830603,0.1858931417480636
SNW1,0.08969557366930658,-0.0712270890632496
SNX1,-0.1364923574425987,-0.20716474986091526
SNX10,0.0686892850323213,0.4000882528548404
SNX11,-0.14263641001146254,-0.3963255831443391
SNX12,-0.13415456665766712,0.05443078624628761
SNX13,0.12954251512527737,0.4496081159547476
SNX14,0.1772878625534844,0.782639201369074
SNX16,0.01870789360945313,0.14123175985789516
SNX17,-0.06631760124370345,0.059207450242652726
SNX18,0.036507783338000976,0.6945920904263723
SNX19,-0.2194589830841709,0.024209018900963386
SNX2,0.19620569896444628,0.5343759391997907
SNX21,-0.14045414368994535,0.1468662327147623
SNX24,0.1817868082362164,0.014633103119104263
SNX25,0.010546682165915477,0.3231514237102786
SNX25P1,-0.15506504003241672,0.056998696409528316
SNX27,-0.21831973420759976,0.0037798515698286295
SNX29,-0.01518946077345218,0.560562593584029
SNX3,0.10620435412159956,0.48799489898667314
SNX30,-0.22393018235594608,0.9010521410118724
SNX33,-0.40860590724615875,-0.12242302872804878
SNX4,0.12737911298615412,0.5082712245786496
SNX5,0.19869901924804623,-0.42384968897998654
SNX6,0.19057176827392208,0.17381956942899635
SNX7,-0.05444913640996063,0.2283172976217216
SNX8,0.10089754736200618,-0.10473185157558973
SNX9,0.08513926015277651,0.5489818449070496
SOAT1,0.11099386963654112,0.7738406807630449
SOBP,-1.5086770921269932,-0.06428841758662604
SOCS1,0.29497739470487927,0.7193088435566999
SOCS2,-0.8130061828802235,2.446578736114933
SOCS2-AS1,-0.6364377017812832,1.4361104381058611
SOCS3,-0.25113908709278476,0.6062993757595985
SOCS3-DT,-0.3608185488735729,-0.1454536324642759
SOCS4,0.08710259828251665,0.28719263545475826
SOCS5,-0.031460971788478176,0.6754693384118271
SOCS6,0.3305440166462619,-0.22801845596640113
SOCS7,0.0386279067789248,-0.026755107526692967
SOD1,0.2396509882634259,-0.1207683268532227
SOD3,0.6871456442800477,-0.6286686250084661
SOGA1,-0.25869953071667595,0.09628503528026133
SON,-0.02559090827231003,0.6229961048025139
SORBS1,-1.8141340089647677,-0.4800028435028416
SORBS2,-0.4583338498838547,-0.7593202838303084
SORBS3,-0.036462014010279375,0.1531278909703282
SORCS2,-0.0947278827790205,1.2532592249320755
SORD,-0.1585663335373546,-0.5213313974453726
SORD2P,-0.04354755044571346,-0.6226843597806211
SORL1,-0.2230257366233035,-1.200430025848398
SORT1,-0.7300831517692892,-0.7672893049006406
SOS1,-0.05938792742797272,0.281584084467533
SOS1-IT1,-0.1778149565473579,-0.1764821050314992
SOS2,0.12824768860634173,0.6086796175903526
SOSTDC1,0.02289007898452641,-0.9528679245449996
SOWAHA,-0.08815244270334568,-0.1368159249096912
SOWAHB,-1.2566546513707224,-0.2805271370227924
SOWAHC,-0.18178597363975602,0.5377132200144557
SOWAHD,-0.23864372235521764,0.4175258166422233
SOX12,-0.3504575977661082,0.21637062546031505
SOX13,-0.2658390828598911,0.26488944497083455
SOX15,0.15291968753091423,-0.1349144572031813
SOX17,-0.2112607263210493,0.0
SOX18,0.2586092837849696,0.6797791658471569
SOX21,-0.5296047314433139,0.0
SOX21-AS1,-0.7051373940048049,0.0
SOX4,-0.9725771390753977,1.7020691316194423
SOX6,0.03814539628501233,0.062193809988557724
SOX7,-0.03203936240260988,0.9790965648545578
SOX8,0.9724483737369944,-0.021942236858740586
SOX9,0.0777080001752335,0.1632696320633027
SOX9-AS1,-0.034794438435731934,0.41531036410877786
SP1,-0.1344263235023604,0.11600685051304183
SP100,-0.022897771143155055,0.09239146956123534
SP110,0.2828508287572866,-0.04270033845389243
SP140L,0.08314036270300873,-0.006499834843564756
SP2,-0.23145645555464345,0.09113866120397063
SP2-AS1,0.5704820522847158,-0.1721019777032078
SP2-DT,-0.03549365845781849,-0.2538484097959055
SP3,0.1886723669367294,0.3590214909383631
SP4,0.07081834114456687,0.5976281585661205
SP5,-1.0534636240303763,0.6421084854941326
SP6,0.5618606119250087,0.733533014504034
SPA17,0.05744094633367136,-0.11376417990488763
SPACA6,-0.04523453246090792,-0.6454645513973669
SPACA9,0.43955062537288403,-0.11364492378710622
SPAG1,-0.10060416880274925,0.04408797277851306
SPAG16,0.25303779466886667,-0.7845740860853203
SPAG4,0.01866822727813533,-1.0538851715107311
SPAG5,-0.04639698827085148,0.06418693929362806
SPAG7,0.09529222696337758,-0.40616738209388625
SPAG9,0.09369343354856596,0.41128979883522376
SPARC,-1.2221069590143374,1.740645581886232
SPART,0.4193295345709638,-0.021942236858740586
SPAST,0.04491371667338928,0.051595599136872394
SPATA13,-0.7191589711318427,0.21461370503816113
SPATA17,0.04388226959785496,-0.044919346601361765
SPATA2,-0.0283398030001889,0.06137259757622182
SPATA20,0.10416958835965051,-0.4654525223383503
SPATA24,0.37816590323631205,0.4993801577673538
SPATA2L,0.15170970055715083,-0.4122250994405974
SPATA33,0.20720023843323876,-0.10694186529332628
SPATA6,0.13283331973595436,0.14433425170313702
SPATA6L,0.09438183938577707,-0.248928032825253
SPATA7,0.20326753541124276,0.4375366194917585
SPATC1L,-0.08123822283395675,-0.3599617780064923
SPATS2,-0.11574394780084418,0.5500970540058248
SPATS2L,0.041451036225977234,-0.33255947912512873
SPC24,0.12032103589840215,0.06990006722400022
SPC25,0.21980972563930123,-0.18680884462184943
SPCS1,0.022752383100288043,-0.20942913814278796
SPCS2,0.0870135421233531,-0.30875876340313635
SPCS2P4,0.32594942766262935,0.029661977873371326
SPCS3,0.4725440304597708,0.0857834558952133
SPDEF,-0.8414311553676006,3.001324832307712
SPDL1,-0.18358996632740343,0.19272403463824084
SPDYE12,0.0541025054607549,0.15981413269914324
SPDYE3,0.05008062251895362,-0.12033491318362266
SPECC1,0.021418180044960877,0.3858886204969645
SPECC1-DT,0.016971113475442,-0.004232633773100434
SPECC1L,0.14623386549300488,-0.1882009815581256
SPEF1,0.23705107985942458,-0.13049135741819318
SPEF2,0.16354461291673406,0.3394736847259707
SPEG,-0.195932056593496,0.20579047068041034
SPEN,-0.2216381998843895,0.5739649231377832
SPEN-AS1,-0.5557042800458729,0.14055566810220377
SPESP1,0.0,-0.13392224219425097
SPG11,-0.2727134132158602,0.18551284095882892
SPG21,-0.21221862946482872,0.01938985878574595
SPG7,-0.005663263735797841,-0.19269357572495416
SPHK1,0.6918292954927772,0.5684624231812343
SPHK2,-0.26093572149081323,0.04586741308543374
SPICE1,-0.20024068926677518,-0.16563084174458675
SPIDR,0.07550197879136888,-0.09280684510437442
SPIN1,-0.25655972951248174,0.4940910761934747
SPIN2B,-0.08503863202066597,0.08190164153456103
SPIN3,-0.020791121905694876,-0.3787456643958722
SPIN4,0.2748418563660655,0.43653632169143197
SPINDOC,-0.2387176978033878,-0.2747905379013069
SPINT1,-1.70820946260748,-0.43209538937618674
SPINT1-AS1,-0.26628806229541757,-0.709529256233004
SPINT2,0.054844134241538,0.1897271155087239
SPIRE1,-0.021446561532016517,0.7979554181438999
SPIRE2,0.08035357400253096,-1.280899125477422
SPMIP1,0.0788938697910504,-0.5955021543483695
SPMIP4,0.4902321297554626,0.36107736166349724
SPN,-0.5103784023796397,0.007302627182211505
SPNS2,-0.07975508042749269,-1.4487268572905094
SPNS3,0.03907665995385759,-1.3329858051993302
SPOCD1,0.34225560047663917,0.39295543222363527
SPOCK1,-0.2788648500780564,1.5162845446333448
SPOCK2,0.3097111949648901,-1.5087562565574082
SPOCK3,0.053769760252993806,0.5941396218864547
SPON1,0.36055972256491503,-1.5003112863764663
SPON2,0.5800093994000881,0.310516822481527
SPOP,0.012201609150938708,-0.17665937664405273
SPOPL,0.006230547565555078,-0.01770909241731733
SPOPL-DT,0.004221257403859147,-0.17951977527399898
SPOUT1,0.191841583807566,-0.08261873813289
SPP1,2.8941652865166474,0.2806085074542464
SPPL2A,0.10787750514770522,0.1747775791160615
SPPL2B,-0.029433927660024395,0.013484257307699643
SPPL3,-0.0036347167921135792,0.081922792150527
SPR,-0.08478592689209563,-0.48362819877821384
SPRED1,0.005241511935771825,0.4442592013052078
SPRED2,0.1457419079188833,0.10475189229531079
SPRED3,0.2858877753774909,0.6581618544714583
SPRING1,-0.038236880587978916,0.1111326623124258
SPRN,-0.22242958678862967,0.04781690093134505
SPRR1A,0.0,0.12215485271156123
SPRR1B,0.0,-0.7558684188263418
SPRR3,0.0,-0.5763938300507239
SPRTN,0.13368474645880646,0.1701620606278773
SPRY1,0.4631273983079156,0.30451724494093835
SPRY2,0.1779298450108584,1.0566788796920918
SPRY3,0.10475983386081333,0.4638949425149397
SPRY4,0.020837557791316463,0.2253217043388176
SPRY4-AS1,0.0717115953734293,-0.036721605706333205
SPRYD3,-0.0956358556094381,0.17208767863486685
SPRYD4,-0.0939816664025126,-0.3412627988969077
SPRYD7,0.3113467824093412,-0.008877614326223693
SPSB1,-0.3175758485726661,-0.09024227138354757
SPSB2,0.21141236197556612,0.09586436413243149
SPSB3,0.05999868707847489,-0.1312442950631002
SPTAN1,-0.1269626096687304,-0.3955902248676946
SPTBN1,-0.06427462623538105,-0.19121194449692336
SPTBN2,-1.214286050942461,-0.07461957549960108
SPTBN4,-0.18481045339293334,0.39917753863343997
SPTBN5,-0.20953421230863145,-0.699940627603933
SPTLC1,0.10370844566030613,-0.001268001374011618
SPTLC2,0.06328632110915322,-0.4014111667562288
SPTLC3,0.3074066434373628,0.0839280159513307
SPTSSA,0.020814487522594405,0.841012911988372
SPTSSB,-2.7507208436980957,-1.1777296244019113
SPTY2D1,-0.20846677761808685,-0.0037881537780082297
SQLE,-0.2202989463680156,0.49969897102927785
SQOR,-0.5767552830417007,0.07088435496146861
SQSTM1,0.05002184549446298,0.7700133388089494
SRA1,0.13422632371367627,-0.13392850198293527
SRBD1,0.25018733532033366,0.2178898171398438
SRC,-0.36112025923980795,-0.16395406321820172
SRCAP,-0.06965718392932807,0.3950553123015199
SRCIN1,-0.5919762074519404,0.35738173132928885
SRD5A1,0.1713174976229883,0.30371025657186923
SRD5A3,0.3479455718184048,-0.5711175008438953
SREBF1,-0.19689418420956173,0.19681731067121078
SREBF2,-0.058308417890478914,0.27097790054237336
SREBF2-AS1,0.12431586656676341,-0.29669447821985107
SREK1,0.0364205182347801,0.23719265633789366
SREK1IP1,0.1096664368225575,0.3603404443231799
SRF,-0.2395111167289432,0.5132867120907374
SRFBP1,0.1435319786518363,0.0531991275696484
SRGAP1,-0.3918508914388852,0.6908148918128862
SRGAP2,0.11490244812205841,0.1271576192522632
SRGAP2B,-0.27964179126982946,0.4260476542046798
SRGAP2C,0.18594947435261489,0.19670148874880988
SRGAP2D,-0.05099218836092076,0.4247523611709392
SRGAP3,1.4114203658597841,-0.8612947592060785
SRGN,0.45147857920866685,0.4139749608647405
SRI,-0.05537057535063905,-0.4480183577801782
SRM,0.018565910414951148,-0.2584388461921261
SRMS,0.023848884158475164,-0.37672903293876203
SRP14,-0.04076069709544239,-0.37169273228392363
SRP14-DT,0.2688938112554058,-0.1194884001672043
SRP19,0.016365047141425393,0.2909800266269573
SRP54,0.23682500776115578,-0.017480516698334725
SRP54-AS1,0.039899343169682244,-0.24283357498936198
SRP68,0.06173607251462343,-0.08615041219771147
SRP72,0.22560455737977048,0.2782240402746359
SRP9,0.025725299214444775,-0.06340942748688327
SRP9P1,-0.15138783945381995,-0.27930040828051417
SRPK1,0.06911275258177785,0.7938929727022277
SRPK2,0.020189991356164505,0.08793162311299696
SRPRA,0.036298422519079665,-0.3181489693668915
SRPRB,-0.03984624177295348,0.10743996384485133
SRPX,3.6524417574022845,-0.348566443521815
SRPX2,1.4288537559788572,-0.35458318907944886
SRR,0.05616747957865398,0.02565457832101936
SRRD,-0.09008957090890135,0.3707475242564433
SRRM1,-0.08941134476492696,0.006586071748543532
SRRM2,-0.21372571063328927,0.3531897680653273
SRRM2-AS1,-0.17843021445089746,0.0921192397379923
SRRM3,-0.42677608267473044,0.06137630294055496
SRRT,-0.030589802964263946,-0.08251616845536702
SRSF1,0.16754600988020307,0.07059357440095049
SRSF10,0.08300396762258089,0.21765632747399621
SRSF11,-0.04603677290212094,0.1430665271612348
SRSF2,0.09738939045622264,-0.2250537847022125
SRSF3,0.06732561398169778,0.1217870732215598
SRSF4,0.030492401386760015,-0.27412833108486456
SRSF5,0.06691488031823578,-0.22606273658925957
SRSF6,0.12491800453340396,0.16379903259859674
SRSF6P2,-0.008079557673749016,-0.01512726484575072
SRSF7,0.10375116019352504,-0.11251320635917583
SRSF8,-0.17640209083803882,-0.035228180051486646
SRSF9,0.06334236494981305,-0.12697179719766893
SRXN1,-0.02216669488828016,0.278451525710702
SS18,0.12544435063865045,-0.1934954489365186
SS18L1,-0.07500833225250947,0.15982847848899473
SS18L2,-0.06280445351374997,-0.35683025893133724
SSB,0.17661592734267817,-0.24059573091710096
SSBP1,0.138825113406849,-0.4717920277578136
SSBP2,0.39237856277325767,0.3831408137382011
SSBP3,-0.5042848315361588,0.49802455028699466
SSBP4,-0.05693617243643434,0.161172236899791
SSC4D,-0.08367698265061274,0.4781435648967103
SSC5D,-0.5150883785620088,1.0787049236073478
SSH1,0.0421906560434655,0.7888354856112514
SSH2,-0.14811738220271753,0.12009265876150188
SSH3,0.18505918700367197,-0.4892707007663972
SSNA1,-0.10374925209069552,-0.4047027119993798
SSPN,-0.0525181280828364,-0.931875915150127
SSPOP,0.11618843928225808,0.10807309800914844
SSR1,0.1429386022495418,0.889587946084121
SSR2,-0.004478409431992958,-0.04476157494591959
SSR3,0.06640624933370276,0.12419720840004622
SSR4,0.06791091251289494,-0.0277639550911708
SSR4P1,0.19005712151654686,0.35349232322906543
SSRP1,-0.05390086160584673,0.08175905618963242
SSTR2,-0.44728676153628166,-0.1215557604786579
SSTR5,-0.5928509591028914,0.23759839909367642
SSTR5-AS1,-1.5875279358025516,0.23596355585611173
SSU72,0.01812002767906762,-0.13268844331519514
SSX2IP,0.1210705002808794,0.5701824616105164
ST13,0.05601796684203464,-0.1504055613853632
ST14,-0.05450238459414103,-0.8345038085167307
ST20,-0.04804447301644932,-0.08349123222376581
ST20-AS1,-0.5318975042318486,-0.36122642731329324
ST3GAL1,-0.6877644114863961,-0.984587518091022
ST3GAL2,-0.10431660337961723,1.3962060629500583
ST3GAL3,-0.030637258822241442,0.07753106028975765
ST3GAL4,0.2444840334072227,-0.5388084245059677
ST3GAL5,0.2775139423714501,0.5354936155108851
ST3GAL6,0.24623448305886925,0.51801227146331
ST6GAL1,-0.25805073358414443,2.4800263278705175
ST6GALNAC1,-0.005041437505405685,-0.25151734633880296
ST6GALNAC2,0.11156131101497246,0.17046743118239216
ST6GALNAC4,0.29509972028220766,-0.24061560711353458
ST7,-0.10731657159397301,-0.1004593685657138
ST7L,0.24786864228157057,-0.2991587255071755
STAC,1.0017350420761533,0.0
STAG1,-0.18833717450833198,0.5062076900196373
STAG2,0.35710615007571356,0.483194126534344
STAG3,0.10600567969577529,-0.17673118605730032
STAG3L2,-0.1461780003048343,0.11089060159041786
STAG3L3,-0.18175367070628257,-0.12035756122658725
STAG3L4,0.1767050629546385,-0.14308902120539813
STAG3L5P,0.022767006522441235,0.281758358728115
STAM,0.21489122012180495,-0.14895897350232712
STAM2,0.09364068743292453,0.12825569054744612
STAMBP,0.04587568805502684,-0.35267007383968796
STAMBPL1,-0.3470662898158192,0.11624679772698032
STAP2,-0.3551004309081254,-0.05655366941855178
STARD10,-0.6413029360020666,-0.19357539697408832
STARD13,0.36720457642163185,-0.2247526668704518
STARD3,0.11985590128886425,-0.10409244928827288
STARD3NL,0.22739267566532195,0.16212392737601444
STARD4,0.0939859883187042,1.1008662538012692
STARD5,-0.014116459790194824,0.045103242235807084
STARD7,0.02183896709940214,0.023990827717607743
STARD7-AS1,-0.06339048477824072,-0.25943442026871355
STARD8,-0.07314164922380906,0.583582372010128
STARD9,-0.42021818132408484,0.32142485956205635
STAT1,0.15274570019565914,0.7007399617869803
STAT2,0.18851579163501597,0.4098540970532909
STAT3,-0.22169497881054312,0.9482473825520437
STAT4,-0.017798268277677082,0.830895183387973
STAT5A,0.0924631634875972,0.04127118524811646
STAT5B,0.13826426414450665,0.1276996788097593
STAT6,0.6406053238369651,0.30346985122529446
STAU1,-0.04985778939970764,0.12206649862863284
STAU2,-0.21892680148828347,-0.09232068163499463
STBD1,-0.3962648138387792,-0.45108087572454014
STC1,2.660092308106255,1.313935905887316
STC2,0.46765078774257063,0.36450069820662995
STEAP1,-0.02326409659822426,0.13373948790316081
STEAP1B,-0.42284710490463606,0.2917246203634281
STEAP1B-AS1,-0.6703544433977303,1.052025548234176
STEAP2,-0.053315335020234667,-0.20805785376049712
STEAP3,0.4263469984095538,0.3813717672876207
STEAP4,-0.05261029424431257,-0.7834921818964014
STEEP1,0.18063356724362478,0.03520914051131019
STIL,0.2067650942776389,0.00623089997457793
STIM1,-0.45390324680617766,-0.42280107696236513
STIM2,-0.10504458788003035,0.26445006236618873
STING1,-0.21263383234624555,0.6424036175941632
STIP1,0.003925848950629529,-0.20717219566231115
STIP1P3,0.28845671029701947,0.03460915850937496
STK10,0.05157327991896565,0.6140754581178447
STK11,0.1268329491902449,0.18641761091325204
STK11IP,-0.05957553168901519,0.02787517670194717
STK16,-0.1652640328365802,-0.26900097671844314
STK17A,0.5379963951903646,-0.15802149956721756
STK17B,0.07405601628636038,0.37317333807783903
STK19,0.3487708199262469,0.2994482877021456
STK24,0.00048680245998511396,0.3112546758030055
STK25,0.16912658719100104,-0.12613893050793212
STK26,0.12873915197508978,-0.0060480391264867706
STK3,-0.14744005037285124,0.10659282230159484
STK31,-0.2900275452109693,-0.03343577302780787
STK32B,-0.01962546116811925,0.0
STK32C,-0.14080034583886913,-0.3983355944404128
STK33,0.5565915346327486,-0.25336909287173537
STK35,-0.07163935345418082,-0.11970554106412745
STK36,0.36476907439802764,0.0880119368091492
STK38,0.05367866023348089,0.0010035358194926403
STK38L,0.22027691198466215,0.25257603766906156
STK39,-0.24518773510395864,-1.0716304230267673
STK4,0.380824648162263,0.6078334589714522
STK40,-0.12310145836802366,0.3932682214473928
STKLD1,-0.1771183945975493,-0.11195403463030162
STMN1,0.0727970597096057,0.3999244532268147
STMN3,0.41954961772871613,0.662879487040823
STMP1,0.09811065233578464,-0.20343496562338004
STN1,0.060206515164685115,-0.3404460591248517
STOM,0.07101874141329567,0.24968567094078198
STOML1,-0.15270912245345958,-0.07188011972691566
STOML2,0.014007128090360865,0.072695452133277
STON1,-0.3319299700354279,0.6094375620972432
STON2,0.06683236498359725,-0.7755288015140369
STOX1,-0.5858802467200017,0.17617300696781524
STOX2,-0.6557706751376093,1.128051750399372
STPG1,0.14368982496725957,0.005471352982860722
STPG4,-0.0033967367886137134,-0.3029107791445951
STRA6,0.5778327087453572,1.3223894215959007
STRADA,0.07435554532911315,-0.3762692537491831
STRADB,-0.10307685876234274,-0.22732858312329673
STRAP,0.04777832403526183,0.1731849675976962
STRBP,-0.02615167908208882,-0.3032406589198313
STRIP1,0.026192766897044528,0.07299184879594733
STRIP2,0.12241824987096273,0.5133981467445274
STRN,0.07367721671910843,0.2905489397359915
STRN3,0.017371130298016624,0.1633941699700472
STRN4,0.04751489556061106,-0.11974277866739325
STS,0.28961888417779136,-0.16864771534301415
STT3A,0.04048575147137612,-0.13332993373417246
STT3B,0.0809331885970419,0.30454325077047173
STUB1,0.0406688472211556,0.13988480119432012
STX10,-0.32659807568877053,-0.21034289752617408
STX11,0.36453158053305934,0.9336696095915765
STX12,0.27721475206369917,0.05457177734506935
STX16,0.2891990096144035,0.3588768492931713
STX17,0.3598798030847563,0.4995607882906321
STX17-DT,0.08981865932561296,-0.7560093068669953
STX18,0.010653081027936828,-0.08770477003391175
STX18-AS1,-0.058378153146493694,0.23752665511447169
STX19,0.0,-0.8037387037714099
STX1A,-0.22148114909819228,-0.037225757032553375
STX1B,0.15066383191658494,0.6571125257979622
STX2,-0.005615224055362411,1.0920628174264284
STX3,0.39840417835609276,-0.05800380577861475
STX4,0.2189609806893067,0.1527794740702273
STX5,0.049341324004670284,0.02142452789572058
STX6,-0.11175896119567241,0.45395578095699474
STX7,0.1415832202810341,0.30460350715654627
STX8,-0.07472722977287116,0.16064689362500584
STXBP1,-0.015783484423475436,0.4867684486913948
STXBP2,0.16395925376808762,-0.07207595673146727
STXBP3,0.19653645712181866,-0.1872796008140556
STXBP4,0.10878431102690156,0.3035666659955063
STXBP5,0.20075905318642295,1.3053818367574528
STXBP6,0.021753653426295746,-1.4427941739624681
STYK1,0.6075914002223962,-0.2889931726211685
STYX,0.15564354209504128,0.23323716043086495
STYXL1,0.12086765722751469,-0.2925446245095289
SUB1,0.20085468706715837,0.6280232780169719
SUCLA2,0.4247366872249376,0.26344399757795145
SUCLG1,0.026997881587885075,-0.24077486338577447
SUCLG2,0.00986352169171667,0.014600888885439645
SUCLG2-DT,0.36002754690479577,0.22107121006769614
SUCO,0.37341290554445195,0.10811809010854656
SUDS3,0.013563641168115481,0.06596883123296049
SUFU,-0.3382439492945286,0.3671226187393444
SUGCT,-0.2099631800813051,0.5359438290187528
SUGP1,-0.08160805457436915,-0.03490242637723284
SUGP2,-0.2606758883043696,0.35511828795441325
SUGT1,0.41908206025858075,-0.03716255947803937
SULF2,0.872052529253939,0.008682128393734168
SULT1A1,-0.9420639823670901,0.46551018585173987
SULT1A2,0.0459574430970065,0.9803557841237569
SULT1C2,-0.01057040298055937,-0.08913478925079876
SULT2B1,1.1726575201207252,0.5069256684600045
SULT4A1,0.11547029264942665,0.0
SUMF1,0.19727096047875925,-0.40445898570771366
SUMF2,0.09953828623813443,-0.009503240000180213
SUMO1,-0.027682709256108495,-0.31425453469039155
SUMO1P3,0.11855571384502905,0.004389424260981878
SUMO2,0.19236604699680626,-0.3198344930685515
SUMO2P1,0.10669383984464775,-0.37570930449473217
SUMO2P17,-0.016518706299177177,-0.1102638056387264
SUMO2P21,0.29378252749610145,-0.25485777189718206
SUMO2P3,-0.04150069783104027,-0.24360443725388004
SUMO3,0.23553422037417882,-0.22694306102184747
SUN1,-0.07758982570045792,0.597178203465484
SUN2,-0.10522646143168934,0.04130327693976099
SUNO1,-0.41401652231323793,0.044093109009743295
SUOX,-0.22059742195105958,0.23867545385038724
SUPT16H,0.008564100807144648,0.28411054069316677
SUPT20H,0.24122997179312122,0.5116338185695168
SUPT3H,-0.1545178516532002,0.374957650935448
SUPT5H,-0.015987548280442354,0.28403955163283534
SUPT6H,0.06809965069350632,-0.015420988451489315
SUPT7L,-0.04248471641989582,-0.10094933542235829
SUPV3L1,-0.23858991729759005,0.11216275520158714
SURF1,-0.061438833200988974,-0.5361011292758393
SURF2,0.1623874581976903,-0.5603891482440182
SURF4,0.0338790139220464,0.026595814830352893
SURF6,0.3887271944729518,-0.307442234884876
SUSD1,-0.4334282494752544,0.04942990493432564
SUSD2,0.20225103288095525,0.11445932816941973
SUSD3,-1.7122010380940147,-1.0036809916890848
SUSD5,0.20321866394648946,0.5054995007775664
SUSD6,-0.2628874178171712,0.18849156604496287
SUV39H1,-0.011018654848265363,-0.045034729182595434
SUV39H2,0.21134809696336987,0.13816570933060035
SUZ12,0.3240556401908483,0.4803170227850311
SUZ12P1,0.10461736169253788,-0.2106535297426313
SV2A,-0.9014275723629368,0.00836313003794692
SVBP,0.19331399187502774,-0.23328813725911468
SVIL,-0.06996785050229715,-0.12814212052188356
SVIL-AS1,0.23749620595456555,0.28885591655073917
SVIP,0.9578332827691449,-0.4937105772445989
SVOPL,0.02289007898452641,-0.6147750490407875
SWAP70,-0.20583952846376796,-0.22910575124975274
SWI5,0.01464713414700114,-0.25433797364370303
SWSAP1,0.01231419624316965,0.13720440923242805
SWT1,0.28531743653301134,0.24587220855857295
SYAP1,-0.09130700613179688,-0.4465124914973737
SYBU,0.15276860273320558,-0.7359723475083038
SYCE1L,-0.6142090319817566,-0.3819742750289805
SYCP2,0.23897067427473306,-0.3557551431938104
SYDE1,0.02746238584324079,1.942337821071894
SYDE2,-0.30203478181302534,0.5065208934126104
SYF2,-0.02304849779344842,-0.3361681594479631
SYK,-0.07181894243598004,-2.2163201126520162
SYMPK,0.2756233785851743,0.026668296212537967
SYN1,0.15952367762578323,0.4127400761902157
SYN2,-0.05066077044170103,-0.5255975562696332
SYNC,0.08090850958170392,0.5922898461998509
SYNCRIP,0.10310486083053938,0.7423915348572416
SYNE1,-1.2503445465414638,-0.42883250232878867
SYNE2,-0.347671522596249,0.1464715489695747
SYNE3,-0.19319422821021925,0.9151664538749267
SYNE4,-0.14823427566355743,1.581087368222988
SYNGAP1,-0.38630959496548245,0.711954379580749
SYNGR1,-0.4999135709837894,-0.448925317060457
SYNGR2,0.09776235148854973,-0.4141991019663376
SYNGR3,-0.47022095735156677,-0.36039914991961375
SYNGR4,0.3300662278175242,-0.040747587241212746
SYNJ1,0.13934495202574393,0.36720709408784247
SYNJ2,0.010342773326620147,0.9737378052968042
SYNJ2BP,-0.05532758212490663,0.3082479573547703
SYNM,-0.8227920160944331,1.0678111655731979
SYNPO,-0.3600060823378328,1.4860116112887782
SYNPO2,0.0991917850105082,0.8023150611924474
SYNRG,-0.009994484596230535,0.24279448584672458
SYP,0.06660798346260632,0.01745670759272616
SYPL1,0.27290937291431305,0.07052965733076366
SYS1,0.04931959395197261,-0.30982685513388475
SYT1,1.117009896694619,-0.029931566660333146
SYT11,-0.41839045378960815,0.8545584980081643
SYT12,1.3149603203840194,1.8761100472557262
SYT14,0.0,2.9305389456108806
SYT15,0.5467000916005424,1.7152327491530828
SYT15B,0.8493883174188681,1.1431717759071727
SYT17,-0.8791110163917735,-0.4132196657742737
SYT5,0.43011082531129885,0.18201867519819226
SYT7,0.49057108766335555,-0.2794760679720145
SYT8,0.15563044779028218,-1.0423483939289702
SYT9,-2.4390135683326584,-0.002441758648236425
SYTL1,-0.4697498621329157,-0.9124501916825727
SYTL2,0.6374336918750094,-0.9760162505430263
SYTL3,-0.04847804969010472,0.39079692726741166
SYTL4,0.6128312311613878,0.2939272718501931
SYTL5,2.8038130950504003,0.07461040099520999
SYVN1,-0.08059129555709355,-0.18979489724536425
SZRD1,-0.16019062653900829,0.06938311860540924
SZT2,-0.10702060555614601,0.7103992387682085
TAB1,0.05357841534973673,-0.16661603194699826
TAB2,0.1688387261462374,0.5576917027264372
TAB3,0.0865860024800984,0.13803369047918768
TACC1,0.15324519959962846,0.4322179317766244
TACC2,-0.1595578953089154,0.8718516415405673
TACC3,0.05965266585448692,-0.05301378648936872
TACO1,-0.31588788761450814,-0.3193639007327551
TACR2,-0.06001492171718725,-0.06395662943103826
TACSTD2,2.628232329871449,0.012083657395510983
TADA1,0.08353932936173525,0.3033044527362816
TADA2A,0.1940944206316817,0.18793260763347286
TADA2B,0.008610968381024264,0.10664036082728412
TADA3,-0.28450574862880273,-0.10669605452497688
TAF1,0.050458356185128395,0.4391602416710434
TAF10,0.16615322983947323,-0.007189759656700989
TAF11,0.021424824667930942,0.36635203054380217
TAF12,0.4122294066375565,-0.07478310770520924
TAF13,0.2408937935598514,0.03173983447676898
TAF15,0.3110215420980902,-0.17274744681499854
TAF1A,0.11026141892183539,0.32232220737204287
TAF1A-AS1,-0.1275271206587103,-0.061965596557752356
TAF1B,0.25036498246828565,0.810077325771672
TAF1C,0.07295072268255165,0.20756965249190262
TAF1D,-0.20437090498194355,-0.32961442897400595
TAF2,-0.10161297774917166,0.11727914600981304
TAF3,-0.3194409415561239,0.23095834339540655
TAF4,0.10760542109085591,0.21243156479044512
TAF4B,0.04189363506622268,0.22777734290022345
TAF5,0.12089487331812787,0.016438089458449046
TAF5L,0.1099276101250446,0.11035796132388942
TAF6,0.16341364320431673,-0.03242846258396259
TAF6L,-0.1779153383291172,-0.07248734107084331
TAF7,0.19916844878247808,0.2750721625953423
TAF8,-0.2038543233684269,0.4373546704385909
TAF9,0.020563472161015284,-0.09049744062149934
TAF9B,0.23449793229441962,0.9314538876289067
TAFAZZIN,-0.1465354445230389,0.11025869088878082
TAGLN,0.03886925182344303,-0.41725992048645755
TAGLN2,-0.33560461455943447,-0.1530584216387041
TAGLN2P1,-0.1614696372043405,-0.030656928893133095
TALDO1,0.09526880583098496,-0.5098025129028558
TAMM41,-0.1502388336416356,0.2068043417366332
TANC1,-0.25393378349895634,-0.07649073419839336
TANC2,-0.37341924640339474,0.4477517716132251
TANGO2,0.029923187347410174,0.3879552776856596
TANGO6,0.4244643953636511,0.5001921732473256
TANK,0.2765230188280636,-0.5148295102220679
TAOK1,0.09395670630697062,0.39752966304530357
TAOK2,-0.06437405440223642,0.2525223280423363
TAOK3,-0.7953200760783536,-0.010970264770323368
TAP1,0.01936904109534332,1.3047038562003195
TAP2,-0.10051407133017687,1.098837851785773
TAPBP,-0.0975683315385032,1.1824598686127725
TAPBPL,-0.022144966046961256,0.9617278813123828
TAPT1,0.0830456828810826,-0.13511517142417606
TAPT1-AS1,-0.09884846881975706,-0.03381052491120018
TARBP1,-0.4720442607151556,0.25039391400792965
TARBP2,-0.21200172557357,0.016111619791282727
TARDBP,0.12743130974083616,-0.0034862943253619605
TARS1,0.06547878616874847,0.5052279543184923
TARS2,0.014805735448193857,-0.07334689660735538
TARS3,-0.00488262949806062,0.0911496255609956
TAS1R3,-0.06996166657248482,0.3487689928597191
TASOR,0.08648865296335106,0.5592066003916933
TASOR2,-0.32870369540925815,0.4203843640503271
TASP1,0.02240057296845066,-0.007594241023594517
TATDN1,-0.031554595048679523,-0.3730284755360227
TATDN2,-0.10386899958247398,0.40106798170720825
TATDN2P2,-0.09872981887766752,0.6453283122566621
TATDN3,0.29986120311409836,-0.1139086189957097
TAX1BP1,0.07207468486468915,-0.06880912544880236
TAX1BP3,0.01026770815894229,-0.12343336829856744
TBC1D1,-0.10843177879780797,-0.2686760904633818
TBC1D10A,0.14008120179644434,-0.3900885749313936
TBC1D10B,0.01079160744592933,0.06576328433395329
TBC1D12,-0.20821595412537164,0.5948664314085939
TBC1D13,-0.09156864592843394,0.013498880875373764
TBC1D14,-0.07982245982932046,0.6789785311465284
TBC1D15,0.18310680602612894,0.2165441832436672
TBC1D16,-0.6012592102753693,0.6431196172164428
TBC1D17,0.11793354425047475,-0.15902056330191883
TBC1D19,0.3431158209806968,-0.22328836725170698
TBC1D2,0.3942330980025335,-0.2009601629632236
TBC1D20,-0.024475698369522902,-0.14521729934986993
TBC1D22A,-0.021081623133071048,-0.04346039418869818
TBC1D22A-DT,-0.34966916375427937,0.1888164772314911
TBC1D22B,0.13288818657088441,0.4746714299757442
TBC1D23,0.054841187607305386,0.28219139971977825
TBC1D24,0.07089438382068813,0.187616953139619
TBC1D25,-0.0733651379928899,0.07212282277313875
TBC1D2B,-1.1166533873958393,0.1306120090059597
TBC1D30,1.1182269703195238,0.09568446181143697
TBC1D31,-0.011167535849924803,0.039983975626827206
TBC1D32,0.07309293497659208,1.0961767574803725
TBC1D3L,0.0917121075245183,-0.17492707040395494
TBC1D4,-1.6563640087317544,1.218788026711238
TBC1D5,-0.035949328796776925,0.7761994501051088
TBC1D7,0.10865062828926231,0.1177629996821894
TBC1D8,-0.02554083876699753,-0.0034044174037184405
TBC1D8-AS1,-0.25012400906175647,-0.15655283222832228
TBC1D8B,0.21278883605251808,0.1889264655156362
TBC1D9,-0.5526104152411557,1.124734516232012
TBC1D9B,0.1276222436943506,0.5244049793206305
TBCA,0.3015092650959428,-0.04346482277803876
TBCAP1,0.2515094438312033,-0.10131988572724748
TBCB,0.055942382512103705,-0.04433536503802493
TBCC,-0.15738946074476345,0.3046983963382601
TBCCD1,0.3332107865593046,0.17716456616277654
TBCD,0.2076190994106364,-0.3280798595132586
TBCE,0.031415225568551364,0.2522455086919708
TBCEL,-0.05931314793420395,0.587907150392661
TBCK,0.02706554703785935,0.12533873467932288
TBK1,0.14712314512548375,0.0821265919559071
TBKBP1,0.00804184223845228,0.23248431398376557
TBL1X,0.0008849464500553239,0.67357002765951
TBL1XR1,-0.08512628736609074,0.5835045820010691
TBL2,-0.014121152787980762,-0.0863471259534121
TBL3,0.057786817501289,-0.0605635770817079
TBP,0.02257302124629046,0.5799451737772694
TBPL1,0.06978969897779042,0.7879929969509312
TBRG1,-0.09281291345582598,-0.07530248057407185
TBRG4,-0.09834238906119896,0.2172559066630635
TBX1,-0.5045025832997991,-0.09364074690050472
TBX15,-0.6577159381901603,0.2307639582422925
TBX18,0.0718244394285037,0.0
TBX19,-0.1972802499255326,0.4106094719601432
TBX2,-2.7780596725023385,-0.04303613555448349
TBX2-AS1,-1.3288050387316221,0.02580492293959913
TBX3,-0.01081247326176804,0.0
TBX6,-0.34961551138265556,-0.11903114380476065
TBXA2R,0.4051672003113662,0.4599647800335282
TBXAS1,-0.39943251932070556,0.19152899898702197
TC2N,0.2768641399092774,-0.25573629989361013
TCAF1,0.08468525965909812,0.08414203220258099
TCAF1P1,0.07987099779781492,0.44084672302346095
TCAF2,-2.2421978435581313,-0.22383218872793564
TCAIM,0.1401487358427227,0.2373214366498173
TCAM1P,-0.10575170627070096,-0.05076963101359078
TCAP,-0.15695548537607334,-0.31100050164032544
TCEA1,-0.009006410115453889,0.2695519669408952
TCEA1P2,0.22369436266062004,0.3950653773172327
TCEA2,-0.1849195702700328,0.2260717368035925
TCEA3,-1.028751018768479,0.30401853547880275
TCEAL1,-0.0795905117788358,0.3439030959872533
TCEAL3,-0.08980404322588598,0.6597909307907819
TCEAL4,0.018630437071345263,0.04219981772324655
TCEAL8,0.4131064914363405,0.26968874991218517
TCEAL9,-0.011809027739738909,0.2824952859304437
TCEANC,0.2946001305012945,0.09911327641936496
TCEANC2,0.2604436602294511,-0.018009035287818165
TCERG1,-0.0914575359411387,0.4269349477930948
TCF12,-0.2365046506279027,0.4288006340830508
TCF12-DT,0.2873185826817687,0.13468732238421494
TCF19,0.1158250155420184,0.4697372885520079
TCF20,-0.01347220536512772,0.3170295255224662
TCF25,0.30682060094813046,-0.11050685543420613
TCF3,-0.0953213086611644,0.3309190505357016
TCF7,-0.3306797267780519,-0.705019230673062
TCF7L1,-1.251649594113001,1.644821086350901
TCF7L2,-0.33818159898215416,0.25457605233766856
TCFL5,0.247448235268112,0.3474613235467734
TCHP,-0.00011014774293727214,-0.09779854245410924
TCIM,0.02289007898452641,1.6514675934858014
TCIRG1,0.2949332384980403,-0.36819219229708544
TCN1,0.02289007898452641,-0.9550370318764017
TCN2,0.06831406809819529,0.6065752815309935
TCOF1,0.19174730533495143,0.24482546353258083
TCP1,0.13445323736890735,0.528165857985468
TCP11L1,0.1800645191266188,-0.10478562679006398
TCP11L2,0.2387494028495608,0.6974692361821595
TCP1P1,-0.10981622568601279,0.1455782363202829
TCTA,-0.3670683956979399,-0.7879808832891184
TCTN1,0.5219273015307246,0.259083075197184
TCTN2,0.31574417550964773,0.635387132416811
TCTN3,-0.11453782625381859,0.22448924078150068
TDG,0.09676324158609617,0.40408667260736886
TDP1,0.24892358271008597,0.15760734911946273
TDP2,0.12479928267239515,0.242961579611503
TDRD1,0.0,0.2092725710366845
TDRD3,0.2733430179751375,0.329493168236759
TDRD5,1.2581097057911714,0.4746116949807672
TDRD7,-0.013767272933158381,0.28669830618415393
TDRKH,-0.09049831051838453,0.39628291051763576
TDRP,0.1159830407671345,0.0
TEAD1,-0.1641141544876552,0.1775842081302592
TEAD2,0.18348677808230818,2.3092747163164753
TEAD3,-0.15163537002948146,0.27132611064122525
TEAD4,-0.010887202711776567,0.04110218857474912
TEC,0.672684671928374,0.30062358219507734
TECPR1,-0.02520247622562355,-0.3335089713556858
TECPR2,-0.031563303669109644,0.4680735990510385
TECR,-0.18198321142012297,-0.3223287618462809
TECRP1,-0.2903050136879072,-0.3111284646579757
TEDC1,0.11992018900962886,-0.23296513323916468
TEDC2,0.07163841476246446,-0.34091053003573624
TEF,0.04154865725764667,-0.28078715967875567
TEFM,0.151343666482326,-0.07621973103727164
TEKT2,-0.027459904029403112,0.12096762120047266
TEKT4P2,0.04125936389996898,-0.4837543512260658
TEKTIP1,0.37402956216717564,0.14077880191640202
TELO2,0.44959371411444327,0.07007965781195225
TENM3,1.5181342511617266,1.8345529427120062
TENM3-AS1,0.15153090528036664,1.3642845901013365
TENT2,-0.05708848880383499,0.42288712011270224
TENT4A,-0.07162905823796883,0.5398248121569527
TENT4B,0.03571490831402713,0.29297735429645444
TENT5A,1.3134658884353563,0.8654619613016878
TENT5B,-0.46169558064213234,1.0866626331241782
TENT5C,-0.14660830010581094,-0.04961666725846592
TEP1,0.3460022934512388,0.285043239735451
TEPSIN,0.0993834485545575,-0.04568509312383151
TERF1,0.0927400746742677,-0.04356465071943649
TERF2,0.19873630797290787,-0.028229377804049882
TERF2IP,0.19399721656933266,-0.32660239335162355
TERT,-0.032638465065323086,-0.11450716888227809
TES,-0.012878743659221925,-0.15531126963916364
TESK1,0.2123627768085532,0.15716191694960102
TESK2,0.10408848467907239,0.08132345249611728
TESMIN,0.09020626390390163,0.06542859610575835
TET1,-0.8382441824734748,0.23315883854720626
TET2,0.250364778807147,0.46936338140204104
TET3,-0.0875429383909534,0.3238704640507528
TEX10,0.1638869315204552,0.49190823996032673
TEX2,-0.2943161805403527,0.341406291118866
TEX22,0.08855065940314995,0.5848660200067552
TEX261,0.010450370898621664,-0.22470660316831026
TEX264,-0.08981701939086939,-0.29996495668195067
TEX30,0.3887151554471453,0.27949716862584806
TEX9,0.34654215539539834,-0.370861017076888
TFAM,-0.022667885195699178,0.18532919188684804
TFAP2A,0.5498499220629167,0.6158252947857887
TFAP2A-AS1,-0.10933585456517037,-0.1916370731787435
TFAP2C,-0.3939781642461675,0.019562850482633287
TFAP2E,-0.5401526487907775,-0.4093919752133823
TFAP4,-0.4836952118054132,0.14475689554227777
TFB1M,0.18438439070872636,0.2924192563452137
TFB2M,0.03496553795705637,0.11925176354473166
TFCP2,0.06170165693686602,0.2136796902213156
TFCP2L1,-0.7192493685761441,0.6170737398139773
TFDP1,0.27923534202792766,0.4968124945325121
TFDP2,-0.32036038487255514,0.3405843586341284
TFE3,0.032169952101035904,0.3624304784605661
TFEB,0.7199069636358666,0.2800619745056103
TFF1,-0.3020413934289663,0.5820943170834919
TFF3,-1.7419198100783282,0.10981930751708315
TFG,-0.11659304389617997,0.23420746364672773
TFIP11,-0.025940939064387436,0.1867650150227469
TFIP11-DT,-0.05562361208496147,0.34476513730739855
TFPI,1.3805738396287426,0.5064463213225379
TFPI2,2.724707520829951,-0.37433812726167126
TFPT,-0.23859778131056775,0.324100796504426
TFR2,0.2372407381827828,0.07914018523420974
TFRC,-0.02911853873517245,0.2800228423440201
TGDS,0.3325722374270992,0.1234567680856955
TGFA,2.6749585403090297,-0.4017545660751969
TGFB1,-0.2549570313617471,0.08468332046948568
TGFB1I1,-0.3644113312945647,0.6883441375107138
TGFB2,-0.37427197013056723,0.3306097434608626
TGFB2-AS1,-0.5529382024107478,0.6001544339896849
TGFB3,-0.6315579676223819,0.1377599822488187
TGFBI,0.05988508691913985,1.228919887771461
TGFBR1,-0.016760025208199636,1.2502937964053396
TGFBR2,-0.05702576822396477,0.26391645402040176
TGFBR3,0.3276470658848978,0.089771678826851
TGFBR3L,-0.6608768897900044,-0.44361013015576933
TGFBRAP1,-0.31167332377044854,0.08501955326284172
TGIF1,0.01653016294660148,0.14348084087075375
TGIF2,-0.10449742671071593,0.4916502393353612
TGM2,-1.4691239562869622,0.17344114714462933
TGOLN2,0.07657402977663708,0.4103702535007967
TGS1,0.20578057681690165,0.2837152172585764
TH,-0.10908619656479239,1.7955433886595773
THADA,-0.071656669466174,0.2448109154787046
THAP1,-0.08320414330670367,0.1211618547312856
THAP10,-0.18571772738337344,-0.09636852509080684
THAP11,-0.14211093050550083,-0.053867030675875505
THAP12,0.04768029805073226,0.4159025696268488
THAP2,0.05683708295427481,0.13016269208737175
THAP3,-0.02380896184887593,0.1018647829332524
THAP4,-0.14013794170331018,-0.40123179064177705
THAP5,0.1815577599777658,0.25270830703917824
THAP6,0.10396454013610157,0.08775078054842567
THAP7,-0.03767354837326753,-0.053144849993760346
THAP7-AS1,0.19177912924882196,0.011097181468747053
THAP8,-0.06520643986711949,0.37014503343782046
THAP9,0.07684617647789538,0.18588536036770975
THAP9-AS1,0.11062340738701515,0.13462419685639393
THBD,1.7445727538531974,1.2011918017129934
THBS1,1.6935016205839641,0.7072857249128592
THBS2,0.3711853817601467,0.2280313308506795
THBS2-AS1,0.09442412129505662,0.3352255496904727
THBS3,-0.4370165881654309,-0.13745188873630232
THBS4,0.0895609653070873,0.8322823103049635
THEM4,0.2741846170352531,0.31932163309994177
THEM5,-0.05863999819337356,0.10629409055602068
THEM6,-0.41029526293107565,-1.1646403764659556
THEMIS2,-0.6409552751530485,1.1182723028025912
THG1L,-0.025904722279943115,-0.25517559695434855
THNSL1,0.16325861205256453,0.3047318945990769
THNSL2,0.019810878342237714,0.16290211230220386
THOC1,0.14428444597263557,0.07734450651253155
THOC2,0.13766535998109308,0.24553832887096227
THOC3,0.20692717483300704,0.12179437025996265
THOC5,0.08727238894250444,0.12882150464822306
THOC6,0.19207565027833517,0.37703525317503406
THOC7,0.0885973539004885,-0.209151794271917
THOP1,0.022459205919862057,0.037562367953949405
THRA,-0.23084441882577256,0.304817474217983
THRAP3,0.03242818222043731,0.24506886586892218
THRB,-0.03767975556315317,0.8423437746812437
THSD1,-0.4525012994069173,-0.01452632792644315
THSD4,-0.39308941309062817,0.9747345773669709
THSD7A,-0.7796859973800405,-0.05781831864547593
THTPA,-0.21452318419004546,0.36144293028936136
THUMPD1,0.012570067482423397,0.46171725271317765
THUMPD2,0.023865311811424483,-0.11979696220044955
THUMPD3,-0.0023491287639592073,0.03926099117017756
THUMPD3-AS1,0.18726903834447417,0.20314546722215643
THY1,-0.4231089395038179,-0.029931566660333146
THYN1,-0.3063994640171357,-0.3813645620142605
TIA1,-0.4168302195746678,0.11035390982111615
TIAL1,-0.1376001391726911,0.005631124889535322
TIAM1,-0.1160498804789567,0.5426249211592666
TIAM2,-0.05875345237016649,1.272179337196224
TICAM1,-0.23280760775634501,0.16349911492946667
TICRR,-0.17449494936303545,0.3615156513442346
TIFA,0.14211703611092963,0.11417921027098643
TIGD1,-0.05465287783336903,0.2821365173431689
TIGD2,0.05243341775911459,0.2672598538149007
TIGD3,0.09422852054958142,0.06122415462492081
TIGD5,-0.3258908174700519,-0.051422687574166126
TIGD6,0.0945718439128882,0.29736391155677877
TIGD7,0.08670283883868102,0.017882417940438877
TIMELESS,0.3935598811925036,0.42820344342827354
TIMM10,0.08282558351349678,-0.3063051877850089
TIMM10B,-0.06962238379881747,-0.250979567155694
TIMM13,-0.091366045627292,-0.23972214065676223
TIMM17A,0.09735382690623329,0.22213040249594496
TIMM17B,0.12484804104536451,-0.3708740718208121
TIMM21,0.17791711540208155,-0.43023614247525366
TIMM22,-0.08058211840280016,-0.1310764855739217
TIMM23,-0.19950066385963083,-0.10332029780203822
TIMM23B,-0.05158924045993407,0.10810450718929898
TIMM29,0.14041120148516661,-0.012352414786477084
TIMM44,0.03925741679805306,0.25060132282919323
TIMM50,0.12143116435317047,0.09696360575769791
TIMM8A,0.3439342507381937,0.15757947545652584
TIMM8B,-0.18841098960280167,-0.5613433537088444
TIMM9,0.15608118566762208,-0.15714344772822564
TIMMDC1,-0.08429398647700204,0.07415254865499321
TIMP1,0.10464960105524224,0.15875615060441994
TIMP2,0.7252005618061235,-0.011529544722362672
TIMP3,0.07543934153144756,-0.5374920338951128
TINAGL1,-0.09039227696452823,-0.20654033850267695
TINCR,0.0725102007274101,-1.346619320890436
TINF2,-0.04832363492003555,0.20287490018126686
TIPARP,0.3804627657469508,0.9164892449611948
TIPARP-AS1,-0.08307207943415931,-0.7851858019531517
TIPIN,0.020344657795835275,-0.19718037138704414
TIPRL,0.18549554373060495,0.22286006617887733
TIRAP,-0.23802469296768924,-0.16945442823102996
TIRAP-AS1,-0.037178158285543716,-0.034457722665531376
TJAP1,0.05779534500004058,0.512446504381761
TJP1,-0.11188622845913887,0.18775088490128056
TJP2,-0.12485426693264656,0.6168683789771552
TJP3,-0.04375146482437753,-0.4242940409704987
TK1,-0.018189785640466027,-0.32001103128483255
TK2,-0.4021890824170975,0.02755362557774177
TKFC,-0.1992852451210405,-0.40944794613592794
TKT,0.008557435158726534,0.2145273803667198
TLCD1,0.2947718502150076,-0.9599869689704565
TLCD2,-0.2881033749521116,-0.5958897401506622
TLCD3A,-0.16342724073724746,0.06095501738400966
TLCD3B,-0.5877759332305266,0.22332918068998175
TLCD4,0.37491323637338214,0.3431525068348984
TLCD5,-0.03137466940045819,0.20361308514306709
TLE1,-0.18618771681373314,0.4543611443466702
TLE2,-0.5350487709893832,0.07658039629685387
TLE3,-0.42279170824169476,-0.3781531649803318
TLE4,1.864703357262604,1.7956961969554386
TLE5,-0.09534944712071436,-0.012980084858849494
TLE6,-0.183817090358386,0.052127793013463375
TLK1,0.010428346960369872,0.09122868294566189
TLK2,0.031465280704447096,0.12256882162232152
TLK2P1,0.016856731556627813,0.008167869915254533
TLL2,-0.28734223216007415,0.2776948528543891
TLN1,-0.033652296072427035,0.5031967432743754
TLN2,-0.9489755607984001,0.741117457805369
TLNRD1,0.04169934265711728,-0.32784904793812775
TLR1,0.08311022995055911,0.5437256021001668
TLR2,-0.12148941532785591,2.5383830549248
TLR3,0.12510061323768218,0.5609452764015606
TLR4,0.09850403881989306,-0.3153275231165603
TLR5,0.03856208470467512,1.1828032608646954
TLR6,0.32476552738685793,0.9734377547441815
TM2D1,0.014328416276677025,-0.14050478425893242
TM2D2,0.10357841425653813,-0.3537823298751013
TM2D3,0.12066436357970378,-0.37366528277573785
TM4SF1,-0.1889791306199946,-0.5416970972964812
TM4SF1-AS1,-0.29545531376631584,-0.42101657305359885
TM4SF18,-0.1272951456717255,0.27708584715237095
TM7SF2,-0.037377806063705776,-0.40887543777615143
TM7SF3,0.13965351457894215,-0.12815021341577992
TM9SF1,0.02618059219242408,0.2161463972849642
TM9SF2,0.22879131430562172,0.21400993976787497
TM9SF3,-0.10181802454103206,0.13750968097375704
TM9SF4,-0.06607830634249368,0.3035557908299884
TM9SF5P,0.10011071174741404,-0.5014371392735779
TMA16,0.42140458019925653,0.16189320520615347
TMA7,-0.5856560148673147,-0.22228729553445148
TMBIM1,0.06865818864926077,-0.35656790222973633
TMBIM4,0.2130366764537266,-0.29617000422678785
TMBIM6,0.03866613162997723,-0.03308194149317423
TMC4,-0.5340912104850599,-0.26052006302059283
TMC5,0.3457025902056221,1.382366120874349
TMC6,0.7108760624246324,-0.3742454132598958
TMC7,0.2638109047029036,-0.6488068300390939
TMC8,0.3098571103531277,-0.16129148691433182
TMCC1,-0.06953849180964333,0.21648929113972315
TMCC1-DT,0.39627936896961913,-0.38549510328297354
TMCC2,-0.5483835767288525,0.38616613792938725
TMCC3,2.0239665866889074,-0.5741739631409404
TMCO1,0.08111881852754,0.049443557486700485
TMCO3,0.2943794145540499,0.7923752637444288
TMCO4,0.11976990087612682,-0.13847342497009496
TMCO6,-0.0801736659223331,-0.16776982510077376
TMED1,0.3564952418821026,0.0504601720452742
TMED10,0.05109048130785343,0.22407314369813136
TMED2,0.14177307381519633,-0.024146657625534473
TMED3,0.04144681815886386,-0.49646295708514554
TMED4,0.261877004212427,0.07177064956781276
TMED5,0.3030528676610986,-0.10116491136168015
TMED7,0.08123090681689149,0.1284342158978209
TMED8,0.19543146880365558,0.3767531226334597
TMED9,0.28689299898896437,0.10835749120420424
TMEM101,0.028952606849933282,-0.49804319897571236
TMEM102,-0.38195163597735116,-0.2581794998160447
TMEM104,0.12418691953170757,-0.14508837765961058
TMEM105,0.00298997045727728,-0.13857230104457452
TMEM106A,0.6121866978734145,0.35775814751220736
TMEM106B,-0.2364465518695864,0.7467017302504573
TMEM106C,0.20668278717565514,0.10033076967954102
TMEM107,0.38358686205977977,0.012539101442941458
TMEM109,-0.45424211192071073,0.16307747924105698
TMEM11,-0.14657594496763782,-0.32129879881190426
TMEM115,-0.1384963930485581,0.18115947098868634
TMEM116,0.22950760467657938,0.34965189889737136
TMEM117,-0.7719279346937558,0.10232454114881673
TMEM120A,0.1216121067643261,0.06427466092956635
TMEM120B,0.22165768757857762,-0.09254511238581653
TMEM121,-0.03926482547694299,0.4251298571383493
TMEM121B,0.2401466487551419,0.07231049921010735
TMEM123,-0.21266738047945744,0.21547612738532074
TMEM125,0.0,-0.6610341817026182
TMEM126A,0.08097832710218533,-0.4243338172406119
TMEM126B,0.09406168115601066,-0.41050045357861364
TMEM127,-0.1426002457009483,-0.0624974366099007
TMEM128,0.3387166979409497,-0.19622458944442922
TMEM129,-0.1350762929096767,-0.016963576594079655
TMEM131,0.20945373633000663,0.38167005839974877
TMEM131L,-0.42771319709542155,1.0028715929147496
TMEM132A,-0.85517079020204,0.4922898743559756
TMEM132E,3.4990835410375785,0.01950047821050416
TMEM134,0.17533610970875202,-0.18607106168720833
TMEM135,-0.20578614205343015,0.04490277333755355
TMEM138,-0.08085710756813569,-0.37719755791545895
TMEM139,-0.018569365403075078,-1.023838290269067
TMEM140,0.34075222692285934,0.17343260062676613
TMEM141,-0.15609560753044383,-0.5027355601333285
TMEM143,-0.14564119292802635,-0.048127532504932624
TMEM144,0.8519233881480024,0.06419897093963911
TMEM145,-0.4423682634124215,0.012330904097771711
TMEM147,0.2300375021247989,0.009199186830682216
TMEM147-AS1,-0.46355717450118217,0.7044530964554065
TMEM14A,0.06747844152473004,0.48600963898515603
TMEM14B,0.2070773340533023,0.5548551979435334
TMEM14C,-0.07037606366207516,0.6614129538607862
TMEM150A,-0.2155780754412202,-0.1796197253137164
TMEM150C,-0.05541581736861223,0.6034565520613667
TMEM151A,-0.2854481524396215,-0.6618810624797218
TMEM154,0.06059163708407744,0.03127599560303729
TMEM156,-0.091495171715263,-0.18262652996055384
TMEM158,0.20838597876312281,0.5058908431369109
TMEM160,-0.30375552885856294,-0.331046068866943
TMEM161A,-0.1888645471488033,0.11921667621567611
TMEM161B,0.19614256693395893,0.4300314532872527
TMEM161B-DT,0.46691749628907786,0.10549814868986851
TMEM164,0.04903016197349519,-0.34530252273979034
TMEM165,-0.04341857662633153,0.027009824218680478
TMEM167A,0.13173250780106027,0.39374624992702945
TMEM167B,0.08545908247158529,0.08930709442123685
TMEM167B-DT,0.17363192130498378,0.00499323089711623
TMEM168,-0.04905056026219304,0.39114335111426257
TMEM169,-0.07511714621716337,-0.5923198091346606
TMEM17,0.03439449495250679,-0.27224417820560376
TMEM170A,0.33168314673260246,0.04586044461362171
TMEM170B,-0.4033991548833027,0.8425610290026848
TMEM171,-1.2434894968435035,0.45166424268517424
TMEM175,0.3270796598789114,-0.0999328079677273
TMEM177,0.03293616489127427,0.08031878806393067
TMEM179,0.7516880178550376,-0.029931566660333146
TMEM179B,-0.021458436618760235,-0.4819774366164751
TMEM18,-0.07291042022055638,-0.645302011016101
TMEM181,0.28816014879024365,0.5559865136212654
TMEM182,0.2621427704924586,-0.4458282770100954
TMEM183A,0.09624169826078433,0.05359202780391392
TMEM183BP,0.06441418309408908,-0.10249716257735608
TMEM184A,-0.07347503345819728,-0.30476151270034535
TMEM184B,-0.10222602002288461,0.07627725223418125
TMEM184C,-0.04311821112594405,0.274281301081599
TMEM185A,-0.278088144609435,0.4706305746378323
TMEM185B,0.12095064560968183,-0.2117983562539898
TMEM186,0.12883313859006362,0.04948533290153456
TMEM187,0.2181554594714572,0.21503809395303364
TMEM19,-0.11804314071497668,0.30097385517699227
TMEM191A,-0.6633231628908773,-1.1691332169149442
TMEM191B,0.05731460350126538,-0.9013309868204362
TMEM191C,-0.22894331162790593,-1.0490381935415123
TMEM192,0.8301648706510938,0.4247036015496892
TMEM198,-0.040118593233335886,-0.3117211619432314
TMEM198B,-0.091244949337845,-0.007953708635012102
TMEM199,-0.04426868780194537,-0.2381797339646412
TMEM200B,-0.38745903827032335,-0.3130514225298855
TMEM201,-0.08964168541192397,0.08510811693279408
TMEM202-AS1,-0.08266802332541523,-0.13684620149562998
TMEM203,-0.18080944790386155,-0.07196534097762974
TMEM205,-0.11553982322963163,0.06793450505970444
TMEM208,0.18529400278046548,-0.420338741246141
TMEM209,0.08204366357979431,-0.33074640614780293
TMEM214,-0.06616660549092046,0.004453397302874862
TMEM216,-0.23217829222698771,-0.3912773669913694
TMEM217,0.364042115357577,0.06945154354508853
TMEM218,0.18206966546112469,-0.17749686028855471
TMEM219,0.06646795826489438,0.008787752902392754
TMEM220,0.1712221285967659,0.09148761302195968
TMEM221,-0.1636569027417369,0.5555460262427125
TMEM222,-0.01477703608858505,-0.14638325512507944
TMEM223,-0.18000981081791156,-0.22681208893668536
TMEM229B,0.6956452078417723,-0.06909173865661522
TMEM230,0.2434292411966723,-0.29240405196904184
TMEM231,0.1363876904365382,0.2833425685243358
TMEM231P1,-0.026604441392578546,-0.06318486432717285
TMEM234,-0.04811340165772693,0.8482750613823673
TMEM237,0.1313261843268716,0.237037223840054
TMEM238,-0.5102773550151918,-0.8395266282189864
TMEM240,-0.42922399393752875,0.17990618073054399
TMEM241,0.1459781433548777,-0.5819194401410295
TMEM242,0.3379382510957414,0.18420875716937424
TMEM243,0.228179423284534,-0.2669813529796703
TMEM245,-0.11240473691386654,0.3088119398409601
TMEM248,0.23843166296695895,0.0718117179163098
TMEM25,-0.29250166215779627,0.08221585618898342
TMEM250,-0.1999361207520245,0.1965630450961724
TMEM254,0.1628211829903985,-0.10110154307707342
TMEM254-AS1,0.3244559743822744,0.10463172343229832
TMEM255B,-0.02451592241517897,0.4802877561475689
TMEM256,-0.03808086137862854,-0.07493804257972925
TMEM258,-0.08827456936797251,-0.4739880093427482
TMEM259,-0.10199241971990602,-0.19275744783719073
TMEM26,-0.4229365184872165,0.0
TMEM260,0.2715025996205438,0.6510263835360153
TMEM263,0.09709737505476479,0.7857918483599926
TMEM263-DT,0.09141822622776491,0.683480246246382
TMEM267,0.4008545552196878,0.2671715669662498
TMEM268,0.03715043693688447,0.595797841264849
TMEM270,-0.21239052561912491,-0.8816282647175453
TMEM30A,0.23457385958533195,1.138650971309346
TMEM30B,0.015105806447599943,-0.33262311358183627
TMEM33,0.19479610292591243,0.007649449749347781
TMEM37,0.08027424701536875,0.1928699670150653
TMEM38A,0.17123008654622218,0.327751510407273
TMEM38B,0.28292356358936743,-0.008506000039454342
TMEM39A,-0.15241979585038834,0.2991114437966731
TMEM39B,0.014426233809743394,0.1790876926954228
TMEM40,0.5614281668063389,0.9301663650596446
TMEM41A,-0.06894484959944247,0.24702055276556578
TMEM41B,0.00431731174118255,0.035093420025415156
TMEM42,-0.289775257066919,-0.2618400462302217
TMEM43,0.09677595883207335,0.6684501564439111
TMEM44,0.16107717972070112,0.2839215446217107
TMEM44-AS1,0.21671107148375346,0.3166508398855725
TMEM45A,0.9034757021266788,0.6781048056171837
TMEM45B,0.14234306267138097,-1.4769266534644894
TMEM47,-1.0004540185083473,0.0
TMEM50A,0.18747963362949083,-0.2210884406301874
TMEM50B,0.000866215380236568,0.2577576566680735
TMEM51,0.07324507572241767,0.04277328531468072
TMEM51-AS1,-0.016675861936484307,-0.2437392452833349
TMEM52,-0.04022151111685379,-0.28498391299135095
TMEM53,0.03938770190681762,-0.07479755493449947
TMEM54,0.03275170663166804,-0.41390400841893893
TMEM59,0.11257080884181825,-0.17874678114103126
TMEM59L,0.21502623307921387,0.5061098582082098
TMEM60,-0.06447762802926782,-0.692058079053385
TMEM61,0.0,0.29042363073369715
TMEM62,0.20783955908917617,0.2779761927390738
TMEM63A,0.5099288695082107,0.5680290447983296
TMEM63B,-0.10275606400054471,0.3102409043286434
TMEM63C,0.3058332242458973,0.07983107582325932
TMEM64,0.1459112118252186,0.8439843932849054
TMEM65,-0.04450061380934933,0.9255798943294526
TMEM67,0.25797878154472764,0.19419489244631194
TMEM68,-0.006155231561244534,-0.19937217610880342
TMEM69,0.3496218074396049,-0.09867107893394866
TMEM70,-0.033750710700098274,-0.1471791492403538
TMEM79,0.12293913926716193,-0.04999344034821762
TMEM80,-0.44354808951430735,-0.29793789656704606
TMEM81,-0.4685741388633673,0.33502888167458234
TMEM86A,-0.03168944675282031,0.7789972592514842
TMEM86B,0.16720580860415124,-0.668565358222516
TMEM87A,-0.12119832951987775,-0.37681665276638476
TMEM87B,0.28364419285222375,-0.20468389147653632
TMEM88B,-0.554380312094993,-0.08750947174649126
TMEM8B,0.07095518583140681,0.3432674379096188
TMEM9,0.11898302192129329,-0.03455981389197049
TMEM91,0.01799949238059334,0.09011942984834387
TMEM92,-0.6621147215924398,-0.48204635527567774
TMEM94,-0.03329530641562872,-0.3318267439816571
TMEM97,0.042218176785114636,0.22671248736718042
TMEM98,-0.20736431199035277,-0.7257886455977782
TMEM9B,0.08600982376744071,-0.3022693509901613
TMEM9B-AS1,0.059098860930938635,0.3891296957874415
TMF1,0.11980121333338634,0.17694260043605237
TMIE,-0.18858827560334768,-0.9053146549979418
TMLHE,0.21082266032094132,0.3748991986107342
TMOD1,-0.4466849314496527,0.375487706232818
TMOD2,-0.4954690043967679,0.11193743178342963
TMOD3,-0.009266926574103884,0.10826033133987067
TMPO,0.16873912439082073,0.2945874437086138
TMPO-AS1,-0.14514190204269983,0.07328888555753466
TMPPE,0.04828594593740121,0.021785213584109897
TMPRSS13,0.0,-0.5564817224228378
TMPRSS2,-0.6896749908668496,-2.239990613022108
TMPRSS3,0.0,-0.39930198845300247
TMPRSS4,0.0,-2.617188461228351
TMSB10,0.01702472582586978,0.2881326875434649
TMSB10P1,-0.20361868247246218,0.1410720696984904
TMSB4X,-0.11486314351648375,0.06416561645344387
TMSB4XP2,-0.30163857664858185,0.20817302664039417
TMSB4XP4,0.1117163791563559,-0.03465182047462745
TMSB4XP8,-0.020031449136281854,0.04459950316063832
TMT1A,-0.07193188351097923,-0.6157868940879929
TMT1B,0.47560481311791625,-0.6654014588169681
TMTC2,0.421439579458309,0.4790582922683071
TMTC3,0.5113583008447504,0.604541487973822
TMTC4,0.3286417518620284,0.9441712539359424
TMUB1,0.058112679821859636,-0.5196620743640725
TMUB2,-0.049929142370647384,-0.22888031706845258
TMX1,0.31567283442331906,0.43893664105630226
TMX2,-0.07812995166074099,-0.4640562010387139
TMX2P1,0.08753617418810755,0.5486371203813185
TMX3,0.3568208724403332,0.16112574020873804
TMX4,0.3675440500687408,0.529433820050321
TNC,3.902491659541232,1.6447459862785978
TNFAIP1,0.07359663328821675,0.3088771516887183
TNFAIP2,-0.222593275643864,0.7527131629389228
TNFAIP3,-0.4470569187343276,1.616634600216925
TNFAIP8,-0.030891897782893807,0.3917627330176616
TNFAIP8L1,-0.04089334452060456,-0.05289369859630888
TNFRSF10A,0.18156957463749945,-0.020652668368739135
TNFRSF10A-DT,-0.12691213306295057,0.19744064931236482
TNFRSF10B,-0.2724462383809154,0.7236092189969519
TNFRSF10D,-0.006965182413791737,0.5354261557064808
TNFRSF11A,-0.05898308925137741,-0.1251719822727373
TNFRSF11B,0.9417520263964154,0.8305043413256517
TNFRSF12A,0.04019234844093944,-0.38639086006082835
TNFRSF14,0.19387267611152614,0.03855162333137052
TNFRSF14-AS1,-0.12411313211880218,-0.06583237786072549
TNFRSF18,0.014113869261954015,0.3380161340522152
TNFRSF1A,-0.1474801585891683,0.11216736576582953
TNFRSF1B,2.7090553505149297,0.8549239707530845
TNFRSF21,1.4622725995750185,-0.2444760449257828
TNFRSF25,0.30570475114238005,0.0075250002945477235
TNFSF10,0.034702204598462016,0.7302846548459812
TNFSF12,-0.2693284561004474,0.316964574746176
TNFSF13,0.0790986878850386,-0.08647189680414558
TNFSF13B,0.02714032140431359,0.8001944926125262
TNFSF15,0.4612754617150405,1.4623064507328065
TNFSF9,-0.7072332531104921,0.5540735804452335
TNIK,1.1437854224963222,-0.09558669510008766
TNIP1,-0.2646512618357235,0.8330912224416185
TNIP2,0.07796689007892432,0.1251042116711174
TNK1,-0.14398885771751546,0.05309286789067924
TNK2,-0.14539682595085868,-0.6081567959801042
TNKS,-0.13189284985529248,0.4089915869205605
TNKS1BP1,0.02088439161031186,0.5340560741126588
TNKS2,-0.20317004006756267,0.41156035138301306
TNNC1,-0.0677353051140227,-0.506792619399028
TNNI1,0.02289007898452641,-0.6008412378645782
TNNI3,0.11895919756125384,-0.15625664551974539
TNNT1,0.4294362969573706,0.05132859709905091
TNPO1,0.1078580933434905,0.366572103868938
TNPO2,0.03843638078485423,0.15351356930589333
TNPO3,0.17659580598972902,-0.08943641420290316
TNRC18,-0.17712171736651428,0.35972659289654274
TNRC6A,-0.2716140137137657,0.5873897087908837
TNRC6B,0.02678532844746595,0.3755073200341039
TNRC6C,-0.302145387602045,0.33956271297671803
TNS2,-0.24024376575798634,1.7094000906640723
TNS2-AS1,-0.13062158711922178,0.26788216913354246
TNS3,-0.49656138189796906,0.8913943343903235
TNS4,1.2633936760410045,0.9191685985306934
TNXB,-0.36697921175584375,1.1308533551447941
TOB1,-0.17778006018853887,-0.7074804849514305
TOB1-AS1,-0.17895268674857795,-0.2233763972615026
TOB2,0.040321778454901924,0.39253967745778606
TOB2P1,0.11061845659276393,0.8211399507426532
TOE1,0.3296916594758583,0.245804934837611
TOGARAM1,-0.3336479662423617,0.45768261614061334
TOLLIP,-0.21095185047562204,-0.045780746497018576
TOLLIP-DT,-0.14416425763964513,-0.5761301357336865
TOM1,0.0920220507279268,0.08213589610296168
TOM1L1,0.03144210579353679,-0.037440819983865836
TOM1L2,-0.03118803667589809,-0.12745138552943835
TOMM20,-0.014646235567781218,0.16325964496212286
TOMM20P4,-0.04788396485319785,0.050848819131733336
TOMM22,0.05559604324452572,-0.19593093809483264
TOMM22-DT,-0.12955689297695278,0.39547155492551145
TOMM34,0.05992720444320199,0.11417657573006146
TOMM40,-0.058754678700986496,-0.22484704705617364
TOMM40L,0.03379844198680759,0.3468953062678115
TOMM40P1,-0.012068346160991617,0.15248599968331822
TOMM40P2,0.04764070540998788,0.29973296558285567
TOMM40P4,-0.05710423826691002,0.13935974569705523
TOMM5,0.45889315268171926,0.027184754418449253
TOMM7,-0.11415193476485985,-0.10529422874319216
TOMM70,-0.016778848509190425,0.015268436589013668
TONSL,0.4170316324110068,-0.10402441227796189
TOP1,0.4771568490124327,0.18306100386176105
TOP1MT,-0.10809833798728441,-0.4984369001407929
TOP2A,0.1794584015398275,0.20026809357541708
TOP2B,-0.12669473349060123,0.47658486055462035
TOP3A,-0.04105889664696072,0.45775447981139683
TOPBP1,0.07601850837589907,0.4226778778219362
TOPORS,0.15283526311609386,0.2516448712953254
TOR1A,0.31559812105701823,-0.012526914926245247
TOR1AIP1,0.27049128549680734,0.22072762313548466
TOR1AIP2,0.10306080948249274,0.1866582876904026
TOR1B,0.15825158247104643,0.06212430265227464
TOR2A,0.43793030095150387,-0.20583069292110068
TOR3A,0.2219675089890174,0.01751575837727959
TOR4A,-0.3942105134030909,0.20711819991818903
TOX2,-0.23278245408914522,-0.4514763102004471
TOX3,0.2948888971485273,-0.10507726542580853
TOX4,0.1643176968893041,0.2185855958482783
TP53,-0.3259470900662249,0.3599973321431067
TP53BP1,-0.1316490161369046,0.17338362236234417
TP53BP2,0.08190130988896627,0.5776451664239284
TP53I11,-0.4139574246072133,0.2703109286728358
TP53I13,-0.026754710299612405,-0.5963628494596644
TP53I3,-0.014784130880077129,-0.3566756111363958
TP53INP1,-0.34479863949877165,0.8436546049729152
TP53INP2,-0.18039024853378116,0.20232144104055028
TP53RK,0.03827972555256487,0.09433146487581112
TP53TG1,0.11232400039933338,-0.29012059094945497
TP53TG5,-0.14470346675986756,0.18268754020649436
TP63,0.5149679770521369,1.5726641152646557
TP73,0.28197732103679884,0.25329116974772914
TP73-AS1,0.04017140666396912,-0.209510264656811
TPBG,0.5766391814330536,1.2120388334297862
TPBGL,0.09889555071343759,-0.02617487063184102
TPCN1,-0.09001553074433577,0.7856358557960057
TPCN2,0.08225230915768389,0.2671185780532941
TPD52,-0.300077408955584,-0.4746270408833908
TPD52L1,1.97343451171583,0.3969218968401247
TPD52L2,0.1155243735987721,0.000735964113410148
TPGS1,-0.2571408314963941,-0.24590592362984154
TPGS2,0.08057502438392206,-0.4631952584935206
TPI1,0.04040777195973888,-0.004921317296197714
TPI1P1,0.4343465845379466,-0.021574475357576173
TPI1P2,-0.15975883967674065,-0.0848087450925481
TPK1,0.7059271067605795,1.1629830280417925
TPM1,-0.30541666044481985,0.42416178330289434
TPM2,0.056028437405364784,0.1523268382480918
TPM3,0.16474243239164998,0.103977155642756
TPM3P5,0.44908712649430793,0.17583928096762563
TPM3P6,0.061493979583860936,-0.0449947962985114
TPM3P8,0.14174896127594705,0.06115538556634298
TPM3P9,0.2598323534776341,0.28232052374950556
TPM4,0.1702885985716307,-0.06413297195429024
TPMT,-0.00930876914002976,-0.09689383688065156
TPP1,0.17699396289635239,-0.08374249924675148
TPP2,0.2846480391333923,0.5614822744588457
TPPP,0.3027917864378804,0.2822178734373506
TPPP3,-0.802713060107999,-0.4115259615298581
TPR,0.1433164656342676,0.249997259391332
TPRA1,0.006197013632467829,0.5001529958076549
TPRG1L,0.06680045141852098,-0.05383540104142703
TPRKB,0.283011038619013,-0.1564659212182251
TPRN,-0.04271589168599732,-0.12929114162731103
TPSG1,-0.16478646722140255,0.0
TPSP2,0.41502048794516944,-0.48657023675406386
TPST1,0.09109979694002224,0.32895951489002373
TPST2,-0.13875431941172822,0.07327609693116255
TPT1,0.5593560382693532,0.03197870468581243
TPT1-AS1,0.6590722900173347,0.35154395698428575
TPT1P5,0.2779053171955811,0.15106432554308336
TPT1P9,0.3124576899550042,-0.14881561677970234
TPTEP2,0.2676634781473757,0.20374251310836722
TPX2,0.09235778618083756,0.0629117115633111
TRA2A,0.2244478982899727,-0.11232038422734014
TRA2B,0.03243119554142648,0.23649610457151926
TRABD,0.14905858706464414,-0.5359206117334807
TRABD2A,0.17296745174543438,0.8178282458576847
TRADD,-0.05896051199529051,-0.1977897683677794
TRAF1,0.07836971817484928,0.5006527237479506
TRAF2,0.024201411393280026,0.4720133844829135
TRAF3,-0.10479355424345638,0.8319826100607104
TRAF3IP1,-0.03445205104559079,0.23996211777426701
TRAF3IP2,-0.5660973589403566,0.7043164923749616
TRAF3IP2-AS1,0.28174069424437076,0.17289503174263635
TRAF4,0.19032032889016737,-0.5143289693735689
TRAF5,-0.40053051292570796,0.333885372422265
TRAF6,-0.012623981467053458,0.12852972535407403
TRAF7,0.07939062556061671,0.2007016728456268
TRAFD1,-0.21472673852273694,0.36512406490479155
TRAIP,-0.017972637056707708,-0.02150602045720329
TRAK1,-0.5072906914016393,-0.6119424344459654
TRAK2,-0.017877980798434834,0.006584297181779775
TRAM1,-0.11455695916744002,0.03777233414173686
TRAM1L1,0.34952339098342555,-0.2424623488212494
TRAM2,-0.4838334056245692,1.1807253871338919
TRAM2-AS1,-0.2376580722270223,0.6654212992776971
TRANK1,-0.5099894968206523,1.1431100635044746
TRAP1,0.044423116668565577,0.04268020195903777
TRAPPC1,-0.0597993338784244,-0.25329131032027874
TRAPPC10,-0.1414812047227363,0.5679708090792159
TRAPPC11,-0.08347520243973428,0.31237982602143166
TRAPPC12,-0.22392353228545758,-0.30167649072464986
TRAPPC13,0.23357844964227636,0.06284566960981852
TRAPPC14,-0.17628982168384733,-0.23265170476209196
TRAPPC2,-0.25828551777328146,-0.09167909102145089
TRAPPC2B,0.1553610020744669,-0.4796920272498051
TRAPPC2L,0.0027636968060820166,-0.3954488870347799
TRAPPC3,-0.014807560139221465,-0.24268032710667775
TRAPPC4,0.1034396614819535,-0.48140230217434876
TRAPPC5,-0.3176266000074432,0.22556386776821324
TRAPPC6A,-0.27374456536607017,-0.3298176507640598
TRAPPC6B,0.44583751914544445,0.6589775996295408
TRAPPC8,0.13646835278237557,-0.0423449511730043
TRAPPC9,-0.14571587701790456,-0.08906280728696903
TRBC2,-2.4894677331208754,-0.11239185493182546
TRDMT1,-0.04568585617886933,0.267706638097442
TRERF1,-0.23855598111484344,0.18320446457498463
TREX2,0.04282699020097702,-0.400349581046887
TRHDE,-0.14698150754627237,0.5461182278267271
TRHDE-AS1,-0.42205946783937676,-0.23891807484943772
TRIAP1,-0.16194896606417064,-0.13032415279182263
TRIB1,-0.6977181225015121,0.7446053573009408
TRIB2,-0.8519316061497291,0.32681405011755693
TRIB3,-0.09605910350499336,0.8956814914690332
TRIL,0.044739947768311465,-0.1979633446422615
TRIM11,-0.08109735256068529,-0.1729073365467828
TRIM13,0.2486047974062071,0.10186352676111188
TRIM14,-0.011116316696853978,0.23641368199364532
TRIM15,-0.004864152377452007,-0.144495825055323
TRIM16,0.1559715719687662,-0.3662860615538861
TRIM16L,0.15538406524949,1.4782730801769661
TRIM2,-0.7936622012717094,-0.2396013675085884
TRIM21,0.06591844630844879,-0.010101927018165924
TRIM22,0.020332308180967235,0.7568910673765963
TRIM23,0.1977089220061341,0.49189385519745477
TRIM24,-0.039933463659979296,0.07707532409620566
TRIM25,-0.2532808392465782,0.508109126708816
TRIM26,0.002113782819401777,0.6080488530076371
TRIM27,-0.09147842735127298,0.48300625535803476
TRIM28,-0.07561953899709906,0.027879027097272413
TRIM29,0.0,-0.9937958071336874
TRIM3,-0.12004947760431772,-0.40617350905456107
TRIM31,-0.10533649097287634,-0.2914431684447375
TRIM32,0.022608999930116447,0.1897325233203615
TRIM33,0.12274618968301088,0.38194942099052387
TRIM35,0.033492899251094777,0.23740745588310075
TRIM36,0.4916124503172823,0.4196121934560697
TRIM37,-0.266300333107492,0.2022633179379767
TRIM38,-0.22326986388876913,0.8633343289115034
TRIM39,-0.046608613467332916,0.23712183919677976
TRIM4,-0.0624985346157958,0.03336486436439934
TRIM41,-0.05079454075627421,0.13632248955390214
TRIM44,-0.00457672507330642,0.08143051579931271
TRIM45,0.058120877662589,0.17819516953344428
TRIM46,-0.28286850749431336,0.03017669803633294
TRIM47,0.2200325362923694,0.16731528713198252
TRIM5,-0.22991416922018182,-0.08411809176665574
TRIM52,0.02315630149305603,0.2608626778910115
TRIM52-AS1,-0.484983893456151,0.3428202598386645
TRIM56,0.24770596517551358,-0.12140079089623068
TRIM59,0.029608398037609618,-0.1941802132192727
TRIM6,-0.07275749378959873,0.935457458825012
TRIM60P18,0.13245620344936926,-0.13041772172143423
TRIM62,-0.2295239328945322,-0.0018250256210992077
TRIM65,0.07002698968649934,0.0339065453965226
TRIM66,-0.11815758344414817,-0.18782492122119088
TRIM68,-0.001426078596328928,-0.09615154302895945
TRIM69,-0.12330573463346894,0.15035297766349665
TRIM7,-0.17394727223281858,0.26189847243947684
TRIM8,-0.5046855354273339,0.11984880624728156
TRIM9,1.1438117296599146,-0.1742702015718094
TRIO,-0.3588132106890827,0.5594742503094903
TRIOBP,0.4143106424997889,0.43565562814980296
TRIP10,0.05015195554061158,-0.2720119602961404
TRIP11,0.18625987372976915,0.2984157715316105
TRIP12,0.15004273483424946,0.307289051186487
TRIP13,0.2547470628816404,0.05275838168408642
TRIP4,0.09225480414675058,-0.12986215117933053
TRIP6,1.0375136229350614,-0.19069471065943144
TRIQK,-0.041470404553347606,0.002963509028746536
TRIR,0.036731020194994635,-0.3707043834431536
TRIT1,0.03654106396483492,-0.10099386198348892
TRMO,0.12575375117327114,0.07777599277597425
TRMT1,0.20907067731569295,-0.07106892160169398
TRMT10A,0.11500431285603363,0.299561881561361
TRMT10B,0.24990161963156243,0.23519826725565451
TRMT10C,-0.07510507764176033,0.16354686118364992
TRMT11,0.13342263250203779,0.6033074299477397
TRMT112,-0.0521162591947979,-0.3310330647481816
TRMT112P6,-0.14959025173701512,-0.19539752298635138
TRMT12,-0.11260137168792062,-0.07973902505205732
TRMT13,-0.06772577809696267,-0.20103826363453337
TRMT1L,0.2031346751292098,0.2998283196398015
TRMT2A,-0.13662774782472997,-0.5888445153986046
TRMT2B,0.056864335362601715,0.03317760482078125
TRMT44,-0.046433304497977446,0.024497872021700395
TRMT5,0.2105320756341058,0.2460569059766149
TRMT6,0.5225793443252194,-0.14584825161138593
TRMT61A,0.022530989035689508,-0.30890393375814096
TRMT61A-DT,0.2566092211575545,0.8294436039517996
TRMT61B,-0.093618259255134,0.25370158185290004
TRMT9B,0.0,1.3684667998633377
TRMU,-0.18960068754523363,-0.16700124872397337
TRNAU1AP,0.42456111150629994,-0.44800385561503653
TRNP1,-1.5407199753935483,0.3169809085098034
TRNT1,0.13322243110442855,0.15091998248095528
TROAP,-0.24900798758205234,-0.09086265500358648
TRPA1,-2.4481278362466377,0.0
TRPC1,0.1992038781715486,0.694119876712717
TRPC4AP,0.04880853776424754,0.2751589398752792
TRPM4,0.2951522616187199,-0.4008451393733363
TRPM7,-0.03330387256164524,0.49464146273569476
TRPM8,-0.0998347522862777,0.38131120302134736
TRPS1,0.24577961230417777,0.5486809261209369
TRPT1,-0.08624971898602318,-0.26141179743695186
TRPV1,-0.2520769565111739,0.09854468447365183
TRPV2,0.2015213185462379,0.46600774149301416
TRPV4,-0.31641055181248295,-0.42454991786922225
TRPV6,-1.574665230892565,0.1502735389711527
TRRAP,-0.13572724691564364,0.23656509719056107
TRUB1,-0.1258600526783038,0.36608899620724067
TRUB2,0.02199005778555474,-0.32604902920002754
TSACC,0.013197067761020476,0.14111715969490718
TSBP1-AS1,-0.04275424061647004,0.10361214704197977
TSC1,0.028226519255057703,0.025352346806972292
TSC2,-0.09769678834732431,0.15003928950043743
TSC22D1,0.37800918235626035,1.0769299726439625
TSC22D2,0.29589457831210364,0.45064857370876865
TSC22D3,-0.6339865532746707,-0.552351379234512
TSC22D4,0.06430393285501523,-0.21927857846299315
TSEN15,-0.05356982217773609,0.22750593761654958
TSEN2,-0.18108498222145775,-0.4028755814417391
TSEN34,0.07291181030872895,-0.045474732838227894
TSEN54,0.12034726124369488,-0.5311331263834527
TSFM,-0.094237055866917,-0.286031901148438
TSG101,-0.16958121678466664,-0.4460736585706355
TSGA10,0.5864576935936014,-0.23456039160298703
TSHZ1,-1.004186868469176,-0.3068768673271238
TSHZ3,-2.1462481117865204,0.026759435742968126
TSKU,-0.7333707147368003,0.33878888946370367
TSN,0.05925931504694493,-0.015254404935538979
TSNARE1,-0.463253216062697,-0.45003322613911934
TSNAX,0.2718804379416415,0.10920352478025208
TSPAN1,-0.5288688748384685,-0.00786632649800545
TSPAN10,-0.22167722331555706,-0.26382304204897267
TSPAN12,0.5011124033326573,-0.6433871601324315
TSPAN13,-0.5703278471553475,0.02658910770217915
TSPAN14,-0.01512466499724141,0.13789329816397533
TSPAN15,-0.7071922998150049,0.01484834898630183
TSPAN17,0.21117983016222475,0.0775218322551936
TSPAN18,-0.5850249714844682,-1.216560868241973
TSPAN2,0.0,-1.6468637948819551
TSPAN3,-0.021852850860094364,-0.025226011089849898
TSPAN31,0.05327498077037918,0.1506426144421038
TSPAN33,-0.41373517985106245,-0.8366699034055514
TSPAN4,0.12040688918898645,1.2647478506704362
TSPAN5,-1.1941319418053675,0.8906503057639132
TSPAN6,0.7307625590392894,-0.39391584280378567
TSPAN8,-0.7790388942683215,1.1274825326340596
TSPAN9,0.07233403871656208,0.06151204081699291
TSPEAR-AS1,0.465705495574405,0.0
TSPEAR-AS2,0.25952700614621094,0.026759435742968126
TSPO,-0.16336587032005756,-0.2981275869174693
TSPY26P,-0.6820814441926799,-0.3084989649175718
TSPYL1,0.050139785731594166,0.4452224946786085
TSPYL2,0.298871512642922,0.5107324574636483
TSPYL4,-0.015146835672860348,0.8320519610580646
TSPYL5,-0.18453148918353346,0.9787641628187594
TSR1,0.1285593909570899,0.430755775039696
TSR2,0.035474246133400555,-0.27106572366492543
TSR3,-0.034178880373239906,-0.23473953180948026
TSSC4,-0.1999229491770418,-0.16533146002027976
TSSK5P,0.0956898738214016,0.23983460487052016
TSSK6,-0.035493324371776214,0.21116900785187642
TST,-0.16587035330756006,-0.12255385698155585
TSTD1,-0.4932724642900932,-0.6642649160870286
TSTD2,-0.1100920924869917,0.4614729563238762
TTBK2,-0.27718587657903315,0.31796628765595125
TTC1,-0.00935846600975232,0.28077310116315424
TTC12,0.10087762077596585,-0.12335221461079993
TTC13,-0.1459694820629922,0.31311284829113184
TTC14,-0.6883829279481861,0.32294361616929024
TTC17,0.16950127007632165,0.12084608732727542
TTC19,0.1766122095435918,-0.31590752530682575
TTC21A,-0.11352597432331146,-0.05498112137998179
TTC21B,0.07477584792048209,-0.08618679035567656
TTC22,0.013477926181299567,-0.5023620715515005
TTC23,-0.3534317999942753,0.2560167023260318
TTC23L-AS1,0.0036859870244935755,-0.22332799490928013
TTC27,0.11105405561879067,0.050978694216976095
TTC28,-0.4395809127647148,0.33868828158257125
TTC28-AS1,0.17822725073379164,0.47646103081576174
TTC3,0.161046274346198,-0.01579276546572217
TTC31,-0.029529189313706183,-0.29351430165571735
TTC32,0.5311104170384131,-0.5399740079527424
TTC33,-0.019693446584804875,0.6197431373882769
TTC34,-0.10771612934295091,0.09545325608039745
TTC38,0.026639429591980957,0.10049294355764893
TTC39A,-0.2701586301893828,0.05279598567418198
TTC39B,0.039372760261144224,0.2240647917367573
TTC39C,0.1213506079097213,-0.17454642399010023
TTC3P1,0.18932292205982026,0.8441027505646264
TTC5,0.20026116358581492,-0.0772059025972398
TTC6,-0.0043925399169230245,0.07055396383774437
TTC7A,-0.048009563213001094,0.16354055367443632
TTC7B,-0.004835355535151464,0.7402592024046464
TTC8,0.32796643670001524,-0.04756389957347196
TTC9,0.180645564739229,-2.085199360371414
TTC9B,0.6064799518394386,0.09696332113284817
TTC9C,-0.19993635336060933,-0.3668360062165412
TTF1,0.10058168565833636,0.0778110247044479
TTF2,0.20121075483686646,0.14459537543820344
TTI1,0.01575319402988118,0.1723052110861305
TTI2,-0.1625516708577317,-0.11785503097728789
TTK,0.02307469466375789,0.5788484986921749
TTL,-0.23752142943497123,0.625582719532364
TTLL1,0.09208729605626043,0.2961713692091612
TTLL11,0.48924223930918287,0.039288052996459655
TTLL12,-0.058951650720466375,0.20429034455554085
TTLL3,-0.03855791720366275,-0.1873325457302456
TTLL4,0.18116883127517713,0.5419635621723113
TTLL5,-0.34095000195410563,0.13386681014742852
TTLL7,0.35542501303417495,0.2634505826474993
TTLL9,0.36673858121719605,-0.0920178423617597
TTN,0.10371770318611184,0.16641655074986383
TTN-AS1,0.09685888470102932,-0.0974723127916739
TTPAL,0.34407737152486906,0.3881318300894048
TTYH1,-0.03257817743781605,0.5245241872266957
TTYH2,-0.03687969246469569,-0.07673655645582489
TTYH3,0.1108097041115208,0.34716625585155647
TUB,-1.1871739012999472,0.5168436638329004
TUBA1A,-0.21879459013699432,1.4924457281804155
TUBA1B,0.05781399935870901,0.5781622546264487
TUBA1C,0.2136815563612302,0.4287530137539184
TUBA4A,-0.29969787198843933,0.3367420585485341
TUBA5P,-0.4467364584926403,-0.04576281045570907
TUBAP2,0.11668796376244028,-0.10318713113938449
TUBB,0.11271418670727229,1.0131821903608147
TUBB2A,0.3090725692656786,1.3101990092750153
TUBB2B,-0.28631873098092786,0.6107456370891844
TUBB3,-0.09619237613038578,0.7384167595416089
TUBB4A,-1.167379782960909,0.7633850279496377
TUBB4B,0.2938343095501281,-0.13514861252609656
TUBB6,0.1487636943870605,0.19938161631091056
TUBBP1,0.034005329820725905,0.5794952042056654
TUBBP2,-0.09833990861868047,0.33260243632023023
TUBBP5,-0.0043925399169230245,-0.46110961570158127
TUBD1,-0.634929499839056,0.48067205202019503
TUBE1,0.003991082917461419,0.6250845523835045
TUBG1,0.24856189230745596,0.023112741132134573
TUBG2,0.387181944936589,-0.20234407847029434
TUBGCP2,-0.14125133664824396,-0.07816424286882118
TUBGCP3,0.24177590017483475,0.6752930507960619
TUBGCP4,-0.1795372742617598,0.1394699257172629
TUBGCP5,0.030213227934726028,-0.17097855586101574
TUBGCP6,-0.0233770856833857,0.31955848046120483
TUFM,0.00013480062854931418,-0.1490133982121975
TUFT1,0.33107231553181116,0.2255087657972883
TUG1,0.11489582201770787,0.3956594266536344
TULP3,0.11444371734749836,0.1399433080169974
TULP4,-0.24809378215396194,0.9998379144557368
TUSC1,0.061607734620311216,0.15790490446778055
TUSC2,-0.2188691107656755,-0.165489466574817
TUT1,-0.013545495006729968,-0.6650052356599843
TUT4,0.0198255644434715,0.420845172957935
TUT7,0.14725112225914927,0.17986376149488237
TVP23B,0.08084758203837605,-0.031231276394700025
TVP23C,-0.2957069649863613,0.033559053420705864
TWF1,0.15314360672809713,0.14209196149059444
TWF1P1,0.11577935469647926,0.4319188337461113
TWF2,-0.20876260621494858,0.4256940134334295
TWIST2,-0.21325357366522768,-0.021942236858740586
TWNK,-0.4243418282159519,0.05120690573030817
TWSG1,0.0040965405756052675,-0.10397413699238278
TWSG1-DT,-0.060185097168306,-0.5924411224514237
TXK,0.02289007898452641,-0.0057592964773416355
TXLNA,0.03358645966400964,0.3865231413850445
TXLNG,-0.08861312190815784,-0.21209877731689808
TXN,0.4967507764522212,0.08339585759027379
TXN2,-0.06564368777836105,-0.3097208395474995
TXNDC11,0.15115125318562495,0.31581959678920946
TXNDC12,0.0420137527857003,0.5218138640008121
TXNDC15,0.06831064316124813,0.19216858062168996
TXNDC16,0.10622264574381468,0.2834501469024615
TXNDC17,0.036752819969455786,-0.1271309433173231
TXNDC5,-0.2317271076795837,0.9125022036984058
TXNDC9,0.06603505647120578,-0.19685335913908375
TXNIP,-0.03552591753855916,-0.1728718364016224
TXNL1,0.038704913490109405,-0.47257167084518503
TXNL4A,0.03907623458345455,-0.6374443074518172
TXNL4B,0.0989432616298469,-0.4746240673670381
TXNRD1,0.643603573654401,1.174054512586733
TXNRD2,-0.10113943080192644,-0.2250829156560048
TXNRD3,0.04831930167654086,0.9550629976940819
TYK2,0.21666846772137127,0.48781464937057617
TYMP,0.4465267928224428,0.6136052691372944
TYMS,0.22084327243575785,0.2529292037252986
TYRO3,-0.23009904582667318,0.2840659791501903
TYSND1,-0.6307604617204028,-0.25672340889751055
TYW1,0.2744035775567184,0.020715682703235316
TYW1B,0.2794677098839151,-0.3561035916276243
TYW3,0.2746475711288774,0.08400292744008997
TYW5,0.328784149593325,-0.22726939142671254
U2AF1,0.2626920205491262,0.028220541847068126
U2AF1L4,0.15056493865920184,-0.10785921714425273
U2AF2,-0.11294771092086009,0.1620889425784604
U2SURP,0.5007971341123563,0.4221225293084281
UACA,-0.12363585966770074,-0.12330252218082371
UAP1,-0.22766166774107433,0.5197225327034527
UAP1L1,0.10681835715514332,0.36138331837071247
UBA1,0.003749310589464372,0.29262890411198317
UBA2,0.16189441757871847,0.31902729619683967
UBA3,-0.041372329559187904,0.2520493657544627
UBA5,-0.04303339710067888,0.05505395028146998
UBA52,-0.22931919433785453,0.010163758706910997
UBA6,0.1350054338479323,0.3754382482380816
UBA6-DT,0.07504355333480817,-0.5650900356406225
UBA7,-0.3893848945037439,0.36171637522114697
UBAC1,-0.13218595643173092,0.03610458535342431
UBAC2,0.15000994279680935,0.36803713245638203
UBAC2-AS1,0.287233926349855,-0.14003671929444317
UBALD1,-0.2344203325233094,-0.14943006859735775
UBALD2,0.5257715883816729,-0.433807277726201
UBAP1,0.0403018495196239,0.043107798488305704
UBAP2,-0.030586747802127334,0.003680641775296145
UBAP2L,0.015055384114360137,0.46668788527392113
UBASH3B,-0.09881809659392271,1.536998164050115
UBB,-1.5156873046730288,-0.7574704240950032
UBBP4,-0.1738454474870923,0.1399435315012818
UBC,-0.004900228491203862,0.07291009349969535
UBE2A,0.12411420076863156,0.408379490772635
UBE2B,0.1308928308641013,0.20294094039430366
UBE2C,0.07669972207699516,-0.30291010341232294
UBE2D1,-0.07518878065192425,-0.04945010124312876
UBE2D2,0.14411563128876637,0.08296496218269489
UBE2D3,0.09167311015861301,0.1039254831400207
UBE2D3-AS1,-0.08492190805857835,-0.2665583249364658
UBE2D3P1,0.016286987071333137,0.25257926076535064
UBE2D4,0.21210035835025476,-0.234639040926103
UBE2E1,-0.33822724797800774,-0.06133426069120862
UBE2E2,-0.27822522092551427,0.2508238162411516
UBE2E3,-0.18757817768344953,-0.2905784775732041
UBE2F,-0.16985682728236462,-0.36444090371904414
UBE2G1,-0.013233635644804842,0.038477777866482654
UBE2G2,0.0728364550854641,-0.08600517992979562
UBE2H,-0.12059889677127611,0.2813211214704996
UBE2I,0.07910212755315627,-0.05142770059906887
UBE2J1,-0.02919871800602536,0.6405279999530027
UBE2J2,-0.06452463240907669,0.07537620292653724
UBE2K,0.0484505019149184,0.09921611265982921
UBE2L3,-0.02764944108568379,-0.08186926733581856
UBE2L6,-0.23655709531255598,0.2518990703579336
UBE2M,0.022669714039984967,0.07542965353502229
UBE2MP1,0.009324130970758127,0.15093280871096304
UBE2N,0.11289463196786542,-0.04049132131227662
UBE2O,-0.06247539653183409,0.0170539314042788
UBE2Q1,0.0577210467605882,0.051145640965716055
UBE2Q2,-0.047839282015123885,0.5798058814209845
UBE2Q2P13,-0.051967903911582125,0.0
UBE2Q2P2,-0.12456178737994295,-0.41084577640880016
UBE2R2,0.07527120347981597,0.2444748294770962
UBE2S,-0.02880336843916531,-0.1910295563242954
UBE2SP1,0.05501271380135586,-0.005890506466277312
UBE2SP2,0.06829935717439328,-0.14195430474699056
UBE2T,-0.02505389140677483,-0.3918000791059324
UBE2V1,0.17247156902790262,-0.09356611995705322
UBE2V1P2,0.2881163775636961,0.17852969229661397
UBE2V2,0.029599711206486745,-0.08510996215404898
UBE2W,-0.10328490091665454,-0.039856827525660776
UBE2Z,0.15904313963670624,0.0760214501036991
UBE3A,0.03236976225596511,0.06789695095604653
UBE3B,0.13695147740930924,0.31240369627455955
UBE3C,0.00814463037386215,0.15518422120092534
UBE3D,0.0402372920997478,0.10754326776657308
UBE4A,0.16237147755423642,0.5429437526515479
UBE4B,-0.08092108522570562,0.033453920513533575
UBFD1,0.06697001458677487,0.4658371747625978
UBIAD1,0.0015383833788114032,-0.018479392939955375
UBL3,-0.20165915543113044,0.0632532934755341
UBL4A,-0.14239136064383562,0.4489654666501188
UBL5,-0.015659331350915018,-0.22342952847060182
UBL7,-0.0538761595357693,-0.3161995271446365
UBL7-DT,-0.09785501934877305,-0.3657889167102024
UBLCP1,0.23274297055960513,0.41674422898436436
UBN1,-0.10086163471384513,0.38996817850184584
UBN2,-0.09806686412997934,0.2132487410795676
UBOX5,0.06633906627015795,0.06810042655061466
UBP1,-0.2556359953044156,0.4010581379100415
UBQLN1,0.2378339207164668,0.3116206245057205
UBQLN1-AS1,0.502256173149279,-0.0009185886020459666
UBQLN2,-0.03507655684404565,0.3712211893202646
UBQLN4,-0.036768768398562024,0.19719766902221814
UBQLNL,-0.2491735693489481,-0.027773401960744626
UBR1,-0.13818234331618928,-0.003037035561607837
UBR2,-0.04950834808823501,0.7743160877338404
UBR3,-0.12296067272197053,0.21003686988107262
UBR4,-0.21919018597357187,0.48285223460593674
UBR5,-0.2537137284308395,0.3691018921816518
UBR5-DT,0.1616358912949607,-0.425749703318852
UBR7,0.07986847368049599,0.2690882193555737
UBTD1,-0.5637075197738248,-0.5070360887700796
UBTD2,-0.30769208976777307,0.5116926607129577
UBTF,0.05932969249535258,0.35304539861332707
UBXN1,-0.05700719113884478,-0.2839950387890777
UBXN10,-0.027459904029403112,-0.35873429741151885
UBXN11,0.3746018916124063,0.0550217427027091
UBXN2A,0.11200563830451316,0.20377194512333396
UBXN2B,0.11862191821524348,0.1594257185077943
UBXN4,0.03114433746435541,0.14406703403472587
UBXN6,0.07463778311138292,-0.21781162250546782
UBXN7,-0.003853401707594628,0.3727747890810358
UBXN8,0.0051879401145220605,0.12564854917034407
UCA1,0.0,-1.29358509329563
UCHL5,0.19849321776442608,0.15562939448656632
UCK1,0.4042963845196912,0.08060900602461363
UCK2,-0.058157273803225884,0.005807710082979867
UCKL1,0.025545504591230284,-0.19307043270108704
UCN,-0.04325578098824279,-0.30954376810705364
UCP2,0.054479289789942875,-0.7468688874838598
UEVLD,-0.08742539197070087,0.08673289610661161
UFC1,0.03825549715051224,-0.22145324522770693
UFD1,-0.05278716705356157,0.005498515647920144
UFL1,0.3559920630446891,0.5670309632454478
UFM1,0.3090115522189931,0.24629144873363096
UFSP1,-0.17439861996240058,-0.5648782517974162
UFSP2,0.004732409127762516,0.08606781007538045
UGCG,-0.10584469221037818,0.6298689807728923
UGDH,-0.35324862262582446,-0.03585712239301486
UGDH-AS1,0.1325904045878057,0.07754517887947432
UGGT1,0.09090042681646082,0.20384214497595377
UGGT2,0.29750125941924477,0.5037844260234401
UGP2,0.16425227505738427,-0.1754773129884013
UGT1A10,0.0,-2.653883671899143
UGT8,2.9414572773571077,0.45404076135067406
UHMK1,0.01948100090319116,0.4464077829899722
UHRF1,0.12853350103710337,0.3343156982818556
UHRF2,0.07132039993839623,0.46791560098595575
UIMC1,0.1597259798272983,0.20588683338548996
ULBP1,-0.1051145019869173,1.1651757514534002
ULBP2,0.27316646142314904,0.9351694876466004
ULBP3,0.6134336972845098,0.6108281578763833
ULK1,0.08621473797991897,0.39699707341230894
ULK2,0.0802007253566197,0.4898754691692755
ULK3,0.06754210911147052,-0.3963967320414108
ULK4,-0.0019881594915225342,0.3952805296806048
UMAD1,0.10843531946159146,0.100289338418313
UMPS,0.03247078175077789,0.043167005332875874
UNC119,-0.2197772493293444,-0.12992434300930622
UNC119B,0.21209541230452,0.09821721387108173
UNC13B,0.15091932859859725,-0.08667092143290223
UNC13D,1.4516983178983098,-0.29066461613642147
UNC45A,-0.15374576407235274,0.12423984795333443
UNC50,0.038056460740089726,-0.29893214916694255
UNC5A,0.24170236938842943,-0.460080399207218
UNC5B,-0.6130810337829317,-2.8011826647306495
UNC5B-AS1,0.0,-2.504334493373898
UNC5C,-1.9824997363237054,0.0321802896689766
UNC93B1,0.21225740270858307,-0.7991422548738267
UNG,0.2018338851144179,0.24633482902993276
UNK,0.005001915389279077,-0.22210469703851743
UNKL,0.21481013279672556,0.30670684398823145
UPF1,-0.11947873169191592,0.09014912221715399
UPF2,-0.08715315992988693,-0.11938927115017606
UPF3A,0.42840569719749855,0.04087195229938123
UPF3B,0.3373947742618384,-0.3927041888102676
UPK1A,-0.17028619989542615,0.22467983705864614
UPK1B,-2.7099110406771723,-0.10010330634986886
UPK2,0.5318545260388463,-2.188010115080895
UPK3A,0.0,-1.060014875731499
UPK3B,0.9893716643814279,-1.3591160164743403
UPP1,0.38569779056621556,1.2003171055079296
UPRT,0.13054011570156598,0.15042723720986473
UQCC1,0.21457235395754104,0.1254567477310502
UQCC2,0.10927581811284703,0.15833438574823067
UQCC3,-0.09949482356659911,-0.22238625525973155
UQCC4,-0.1288167029817422,0.0985164414845281
UQCC5,-0.5221300201396226,-0.34831606885617017
UQCC6,-0.1474531750983985,-0.2333887666744925
UQCR10,-0.25183385091028576,-0.637924792440554
UQCR11,0.0200777485310093,0.06935578423905131
UQCRB,0.04633051896946405,-0.5113201510114873
UQCRC1,-0.19586258528915135,-0.0075814174753112695
UQCRC2,0.033259595936755204,-0.10760777053245363
UQCRFS1,-0.19279557826715177,-0.0012947049878926364
UQCRFS1P1,-0.06323626000926641,0.15405738297210148
UQCRH,-0.06412716584762457,-0.34206906455074737
UQCRHL,-0.19214372415334857,-0.14201653871463193
UQCRQ,0.02936109191021874,-0.23349584671485335
URB1,-0.23420494442740036,0.7590854558072953
URB1-AS1,-0.2860727790011601,0.4166805039053467
URB2,0.09540126777017388,0.4397555883759545
URGCP,0.04519209537424018,0.16046099182071316
URI1,0.15193829359224775,0.26721949382195653
URM1,-0.0652908570732551,-0.4020986000549778
UROD,-0.0719320193733406,-0.08531351033557755
UROS,-0.04709531185928739,-0.20652075953128435
USB1,0.06734506065109702,-0.029273425316810098
USE1,-0.2994358265137951,0.17547838524146808
USF1,-0.1109526145260924,0.24759534195705246
USF2,-0.03107558160069246,0.319982615445789
USF3,-0.021941472073511825,0.2038447379149213
USH1C,-0.013353263190089032,-0.8703759635302488
USH1G,0.010526038752656813,-0.9483178065306282
USO1,0.2039923366134655,0.10344308692470428
USP1,0.33106481478351224,0.392613946279198
USP10,0.158610463091982,0.06015764125602807
USP11,-0.09244443926663237,-0.13195070344020188
USP12,0.2717007388703161,0.47082239813063786
USP13,-0.056022750359741025,0.836237855652854
USP14,0.1036284167476964,0.2987599816688524
USP15,0.21093514934675817,0.2907476192682701
USP16,0.008909759957936636,-0.06026245163789312
USP18,-0.5594202153940269,0.5325074197246513
USP19,-0.304305966461766,0.3890346513379388
USP2,-0.2415156959360769,-0.3277377175960723
USP2-AS1,0.015143113607218872,-0.36882080806620543
USP20,-0.06427510268063052,-0.028332726904697125
USP21,-0.07907612144905496,0.3040594501513194
USP22,-0.1823622274336918,0.47362242105998664
USP24,-0.12972272337326185,0.6538462356888157
USP25,0.33225769182871634,0.2991874093383542
USP27X,0.15942591496938308,-0.10692270981052232
USP27X-DT,0.19906115959193227,-0.007866647592638443
USP28,0.01738540638667896,0.22067545332170546
USP3,-0.06958040615932859,0.1724668934974618
USP30,-0.0734893743343541,0.19201488830628488
USP31,-0.05621475327076286,0.6680012572297227
USP32,-0.24842459181998677,0.3688827844195517
USP33,0.023113683592269396,0.3164849385468038
USP34,-0.01425635294857841,0.7548872697120803
USP34-DT,0.07624090928006666,0.051380556235784525
USP35,-0.3390299060851829,0.22873799335317058
USP36,0.11624135315734563,0.05350761269452953
USP37,0.18585878483427143,0.6611347671918708
USP38,-0.009003205184520802,0.44217296190259336
USP39,-0.13590308629566028,-0.04687533394342225
USP4,-0.00828204794592935,0.6621720078545987
USP40,0.18837444603360254,-0.13742501440861865
USP41,-0.010044583767309517,-0.7703174301689917
USP42,-0.15027589415384934,0.5619478183780444
USP43,-0.36862992281831897,-0.23353469711114228
USP45,0.1699668884923371,-0.007906980048313361
USP46,-0.14682710602100268,-0.26418712537783406
USP46-DT,0.01034120655330073,0.3818515547284488
USP47,0.07754653471042694,0.17302162564754564
USP48,-0.10528726927821097,0.1266521338375517
USP49,-0.27585376589244115,0.8915076376968896
USP5,-0.03140554736452561,0.15985926522056193
USP51,0.5309154109992296,0.1705358998972155
USP53,0.5103543626102285,0.07590202402140278
USP54,-0.2953781433215159,-0.01936815878649245
USP6NL,-0.28460890648939596,-0.15371134819024945
USP7,0.18334296509568837,0.14410388179139133
USP8,-0.007330319917489447,0.10558720312384651
USP9X,-0.07262952823860047,0.53675456419555
USPL1,-0.1244908597433243,0.4343270975304705
UST,0.8750204542917583,0.9763079479079866
UTP11,0.027991741862662955,-0.04368431339267875
UTP14A,0.05134064865525012,0.07343384253999652
UTP14C,0.39956857290298364,0.06875662876708555
UTP15,0.12080497944682911,0.22210984204714546
UTP18,-0.13204561502481305,-0.2855792754429318
UTP20,0.10045492162894831,0.24083704713922227
UTP23,0.06759296036658835,-0.049451913181952634
UTP25,0.21723872012983758,0.37184483563784276
UTP3,0.01153725368611358,-0.10776713551555961
UTP4,0.20331557500938757,-0.14006716617131332
UTP6,0.257221195752245,0.11472772863800973
UTRN,-0.03950278339265623,1.5835818478969608
UVRAG,-0.14752892018902397,0.4090827792750922
UVRAG-DT,-0.23834929269263638,0.2850377458114821
UVSSA,-0.010882692410194572,0.09327819700210505
UXS1,0.27778865573313904,0.19279890801071442
UXT,-0.10960731050688377,-0.09050194528420752
VAC14,-0.016239493314420095,-0.11088409337306526
VAMP1,-0.25060879872604636,0.01599695433376036
VAMP2,-0.11773297752995138,-0.2860628645806198
VAMP3,0.017236337400490243,0.3027782562127017
VAMP4,-0.02218685935061515,0.23056089407586988
VAMP5,-0.5754582309572007,-0.10380075963620294
VAMP7,0.25287815951853254,0.5107659095232311
VAMP8,0.04644729574140083,-0.6255577982434533
VANGL1,-0.41626828091732815,0.2795988719194833
VAPA,0.10976323144454003,0.043364093535384285
VAPB,0.18942178561786793,0.13360974720538987
VARS1,0.0665788574009536,0.411388749338756
VARS2,-0.0057628269798692955,0.38657699319637295
VASH1,-0.8213726154268112,0.661807175747195
VASH2,-0.6166206668296539,0.5451176873629906
VASN,-0.20840675951070153,1.0663647334975943
VASP,0.11360806107544175,0.028530686474297795
VAT1,0.23847058845827807,0.2429026016914726
VAV1,-0.03473982814608997,-2.043666244305876
VAV2,0.052621439223423216,0.41106623789800434
VAX1,-0.26360720558422157,0.0
VAX2,-0.8461606861250931,-0.4312804003386683
VBP1,0.17953464974030098,0.1381252816491907
VCAN,0.06563307458948314,2.3512456444173377
VCL,-0.1002591027603863,0.577591705981642
VCP,0.05015345917924563,0.318869178724702
VCPIP1,-0.0968859336944119,0.03311047776214604
VCPKMT,0.2868545654815047,0.16450172408314856
VDAC1,-0.359030909231981,0.2002868360115233
VDAC1P1,-0.271258796835099,0.024241914243865903
VDAC1P2,0.018533690078665788,0.1962164242530831
VDAC1P8,-0.4341932249994631,0.34914072009651026
VDAC2,-0.2016316914292453,-0.19764707126352743
VDAC2P5,0.005994477157881262,-0.27994001245449396
VDAC3,-0.01701709104735727,-0.24021771949082105
VDR,1.3248319356879785,0.27368608636259717
VEGFA,0.039883767397546066,1.0962890290352396
VEGFB,-0.1685356104667921,-0.25652091626086104
VEGFC,0.9058123393840658,0.15762929519850566
VEPH1,0.12128211909594236,-0.15524088487470467
VEZF1,-0.044766575289061805,0.5679413815419307
VEZT,0.24796375477755994,0.3149091801208641
VGF,1.9117796257968998,0.899692519291734
VGLL1,0.0,-1.4999321664806153
VGLL3,-0.033623946201599725,0.5685605000804062
VGLL4,0.0134627720794942,0.4629046274356634
VHL,-0.23341379218829061,0.7376845160189269
VILL,0.11268917290758762,-1.2595436097750055
VIM,0.05162432219251478,3.5915391592161128
VIM-AS1,0.24302567390097296,0.6405804509103128
VIPAS39,0.09713620481524377,-0.047957961179359465
VIPR1,0.04464373241082215,-0.9164058865724845
VIRMA,-0.14813040460114735,0.16384991779290203
VKORC1,-0.03625584617313171,-0.14988440540817682
VKORC1L1,0.04487339940267088,-0.16389570935904096
VLDLR,-0.01058232419637073,0.4824792969671592
VMA21,0.0026143530034632434,0.4520936062129248
VMAC,-0.06967385455581043,-0.09333668861276445
VMP1,-0.39711374454710135,0.034264698351389455
VNN1,-0.005706250603107366,1.0681182612996791
VOPP1,-0.20553848446590361,0.05852044339903539
VPS11,0.16287134917920554,-0.13916511740338677
VPS13A,0.10632823411321723,0.33236816260412816
VPS13B,-0.18921178392039817,0.18092612374278083
VPS13C,-0.22529699116287638,0.13961967922766938
VPS13D,-0.1036952819665391,0.34571389984578094
VPS16,0.20431302130088191,0.06629687217595048
VPS18,-0.2634337323062157,0.2608168539719262
VPS25,0.06738379233401925,-0.2693036767879047
VPS26A,-0.16024993818641242,0.08908734199313972
VPS26B,-0.18872560571167796,-0.5460195228477822
VPS26C,-0.2519110497774477,0.15386082838452086
VPS28,0.03131588435121557,-0.37926463447890413
VPS29,0.10410214695844822,-0.26433732680503574
VPS33A,0.08624160933472602,-0.10293893324836212
VPS33B,-0.062403476796827784,-0.1272356323734538
VPS35,0.0628726952105989,0.1149725835862192
VPS35L,0.060129179914299336,0.14632682947587838
VPS36,0.3746737955480439,0.42163748934609036
VPS37A,0.13008448521122506,0.29336072509168165
VPS37B,0.0923034777451246,-0.3277351798986601
VPS37C,-0.17434272608654755,0.003709517831899767
VPS37D,-0.24893739569740347,-0.054068912963916915
VPS39,-0.09530738224853152,0.15013086227380157
VPS41,-0.14098346956150465,0.12543993463578929
VPS45,0.24300894941550588,-0.004434933016767673
VPS4A,0.15976015209827477,-0.22603739310716175
VPS4B,0.32946740469119185,-0.07692800225010643
VPS50,0.1443442099805914,0.06524173907434427
VPS51,-0.07675645703215306,-0.14180614037955586
VPS52,-0.058627058337518356,0.5896346557267726
VPS53,-0.3589560986535405,0.03364718079264417
VPS54,-0.0015023314207960325,0.39642880690887683
VPS72,-0.0767062512574892,0.08998359504154685
VPS8,0.0019769553125144057,0.25393270668688217
VPS9D1,0.07732998614204467,-0.2603037935228114
VPS9D1-AS1,0.11795108879810678,-0.6994344549366476
VRK1,0.32428254396148226,-0.24775538810291398
VRK2,0.39121792083062523,0.08335345710569708
VRK3,0.26069305065801807,-0.19709966895149833
VSIG10,0.006861676273135053,-0.09778092668898974
VSIG10L,0.3071877632026343,-0.7637913824135372
VSIG2,-0.058788157307948924,-0.9315929528375042
VSIR,-0.47955799755860884,-0.8482538331797818
VSTM1,-0.7834221689169546,0.19744535045596764
VSTM2L,0.006894479985724011,-1.3272706606996998
VTA1,0.3334108313186448,0.6366929438625482
VTCN1,0.0,-0.3769880576959981
VTI1A,-0.07123217936310056,-0.1595135606900131
VTI1B,0.03200405772422599,0.0666919736630831
VTRNA1-2,0.09866452155583894,-0.33114882323154937
VWA1,-0.5874963940252371,0.47198629130983427
VWA2,-0.1124819420045583,0.7481261321850354
VWA5A,0.38491747955044087,-0.19125399689597167
VWA7,-0.2594728470293497,0.8516878876724094
VWA8,0.056919670026755576,0.595284226261998
VWDE,-0.8396093375156573,1.1265419600381523
WAC,-0.05265050958767148,0.22553824577037407
WAC-AS1,0.21768684638904112,0.28562066725811164
WAPL,-0.08761271635841794,0.2922666387610571
WARS1,-0.026027158093624436,1.196555002040804
WARS2,0.19676409059528455,-0.0018680708639378096
WARS2-AS1,0.2313068643637246,0.2291238037336294
WAS,-0.11753649440356034,-0.8718978476061645
WASF1,0.08728918788277173,1.0692000928554672
WASF2,0.2007505884217009,0.3052325650036769
WASF3,-0.6855730277533567,0.5780512230514643
WASH2P,0.10870482165906026,-0.1271691392024894
WASH3P,-0.03189655268538871,0.21780335853904154
WASH4P,0.1650933252406277,0.02822668834982256
WASH6P,0.03938236650961491,-0.14493155969875637
WASH7P,-0.04531803504480836,0.06981784972246663
WASH8P,0.1684515015721586,-0.18225312838497398
WASH9P,-0.11488488990491508,0.2815288629535204
WASHC1,0.4786800458851208,0.0804420099953349
WASHC2A,-0.07095048677846805,0.5469582796198429
WASHC2C,-0.24132950865935943,0.4984987442629225
WASHC3,0.14820743535486702,-0.30998310875503376
WASHC4,0.11232022945690634,0.6454902576326313
WASHC5,-0.15510987116376107,0.10611308251841489
WASIR2,-0.061335858922635766,-0.8034617086671609
WASL,0.11107722898868744,-0.03567394975114713
WASL-DT,0.22617580301165852,-0.1651068870313699
WBP1,0.039637038559582116,-0.04760149194916474
WBP11,0.12424837954181722,0.11794548715652109
WBP1L,-0.5299847849580255,0.1409350583944251
WBP1LP2,0.0770491045005477,0.25130289452907123
WBP2,0.1395592201192528,-0.5227711358454954
WBP4,0.5398229862763575,0.5945763637379047
WDCP,0.15545203200499635,0.24719856536455742
WDFY1,0.21821792693036368,-0.030262565304667532
WDFY2,-0.15924739603192872,0.3607760721520634
WDFY3,-0.17146191386781418,0.35604283839464035
WDFY3-AS2,0.25027655373306135,0.01351363865002786
WDHD1,0.2363334259383878,0.43377917357985396
WDPCP,-0.05995276284987039,0.20560700681985633
WDR1,0.061403897749300995,-0.08952928558129969
WDR11,-0.2586505856372501,0.4881386847416147
WDR12,-0.08031999488469221,-0.43083622037815505
WDR13,0.21664180168683878,-0.11229645181118553
WDR17,1.2022907508621221,0.0
WDR18,0.07386010334408155,-0.16721261253639863
WDR19,0.21486213800922993,0.5205950412837677
WDR20,0.22104226667745408,0.06196574687726475
WDR24,-0.04782394077935237,-0.029017143267366485
WDR25,0.06008989006119059,0.5996437078761971
WDR26,-0.0770692040688834,0.45168039313237784
WDR27,-0.21456428993224863,0.5980047212921658
WDR3,0.19922211025323655,0.0871847822065801
WDR31,0.4332726864616966,-0.3302544103607268
WDR33,-0.013804679092610073,0.22867103110532128
WDR35,0.21079041739468884,0.4618177826213632
WDR36,0.10676142228221064,0.5968906430706138
WDR37,-0.5446851192722861,0.3232979712769559
WDR38,0.06771109652330225,-0.8236421484408644
WDR4,0.04812404204234877,-0.027666666172611265
WDR41,0.23289228675212303,0.563675056063369
WDR43,0.18076684651790398,0.17873034307247693
WDR44,0.19673680925003545,0.5723415805843173
WDR45,0.23218236820475457,-0.1328392742746889
WDR45B,0.06303752514363481,-0.22164268797285658
WDR46,0.16150107598430719,0.43100249703305327
WDR47,-0.08103230118316995,0.43444207359352705
WDR48,-0.17094829383187804,0.3185139525904255
WDR5,0.11140951521201892,0.18284037916148854
WDR53,0.0897894705073945,0.036774915371079686
WDR54,0.15768034338364334,-0.17803767932770764
WDR55,0.14414019912716203,0.04222437724577954
WDR59,0.2699495229845308,-0.23987953778649818
WDR5B,-0.14679912547842777,0.257486293625119
WDR5B-DT,-0.025942767738074968,-0.024991459350593104
WDR6,-0.19495347191951584,0.6584467600403245
WDR62,-0.08299599034132576,0.287957149009872
WDR7,0.09276352856466641,0.19011960930628247
WDR70,-0.1211803262274449,0.30932611729141835
WDR73,-0.14543674234419424,0.07685499097836668
WDR74,0.03796255342868271,-0.30484359522976945
WDR75,0.15304905994021833,0.06262391640568232
WDR76,0.10970402691680725,0.03676620760172611
WDR77,0.1779884802636138,-0.05180129135269773
WDR81,-0.08625366166560511,0.4208384328127108
WDR82,-0.11562041892087294,0.3817218732347758
WDR83,0.18521434952694593,-0.24152667684135443
WDR88,-0.18834590135423435,0.4336995096559081
WDR89,0.19910759351529705,-0.09153559327665395
WDR90,-0.1589462534651611,0.24503778830397271
WDR91,-0.014935736455933935,-0.1310575430510874
WDR93,0.23959279251827703,-0.08925283947880502
WDR97,-0.3243510989246903,0.02948081429671401
WDSUB1,0.24059202517009615,-0.4790753898294602
WDTC1,-0.17875986221810525,0.16125323215119902
WEE1,0.05608786092525264,-0.25861063038328513
WFDC2,-0.1791346632150782,-0.0858686991864488
WFDC3,0.06413877541082141,0.19660877221863338
WFIKKN1,-0.5654826547590115,-0.18555931003341908
WFS1,-0.5667819531040577,-0.1904778380980936
WHAMM,-0.25139027172957684,-0.21053430404234685
WHAMMP1,-0.10388181053630707,0.07885071155422863
WHAMMP2,-0.5104154659250801,0.06467340948235345
WHAMMP3,-0.38270143097375975,0.5177134052890697
WHAMMP4,0.050879942136526246,0.023450597596896494
WHRN,-0.1259674458055251,0.36652599288872656
WIPF1,0.007588651287617321,0.5098929649827092
WIPF2,0.09174306996910886,0.053516153301917946
WIPF3,0.07060333738333313,1.517718013539711
WIPI1,0.18234398121917295,0.034053834779101955
WIPI2,-0.01060343276377651,-0.1212528946510929
WIZ,-0.12978621509391441,0.21251410041067054
WLS,0.23880786981841595,0.41776607902536433
WNK1,-0.22714925708694267,0.5198035371096115
WNK2,-0.8394205503507672,0.12308732181961712
WNK4,-0.3594857451766813,0.022805972844420985
WNT10A,-0.5424678162809644,-0.8560436620763312
WNT10B,-0.07543432023317931,-0.22513102684036057
WNT16,1.1655537539965097,-0.4176437178361141
WNT2B,0.12633185633755928,0.06365230927388454
WNT3,-0.29828211486569245,0.642834116397383
WNT4,-0.5684295486785723,1.7150455713610666
WNT5B,-1.1782955257735193,0.714885205392171
WNT6,0.5966211587642947,1.4622593702579332
WNT7A,0.08972244396812366,0.5013346081486731
WNT7B,-0.6259115815208647,-0.20877979953223047
WNT9A,0.43789472278247743,0.4894456516959751
WRAP53,-0.18554779454244041,-0.006689479957841193
WRAP73,-0.05582909872584452,0.08709402049577619
WRN,0.1265873218034521,0.48942660298656104
WRNIP1,-0.0800254294404219,0.23396805949079003
WSB1,0.06970829165048276,0.3141082381848088
WSB2,0.15147434778768964,0.4511134825546472
WSCD1,-0.5033506726928962,-0.1666170060562927
WT1,-0.9538174072734869,0.16871215611806514
WT1-AS,-0.8266760869862455,0.0
WTAP,0.2719531536675275,0.715243470297616
WTIP,0.0751947558181536,0.6144326890945586
WWC1,0.11223373513921775,0.23197005776479074
WWC2,-0.18392533297926583,0.7324526545562637
WWC2-AS2,-0.16051612726542253,0.11555024918053869
WWC3,-0.6748578049369858,0.2903891031914121
WWOX,-0.10233722732955375,-0.08036013302543799
WWP1,0.07613375016157953,0.20571827009748223
WWP1-AS1,0.045078711557301504,-0.16640270556381853
WWP2,-0.04665777424392914,0.22483701957947666
WWTR1,-0.2928726996703155,0.6855281328448228
WWTR1-AS1,0.037339663631490216,0.2738529812271707
XAB2,0.0152881128216098,0.033867171825310294
XAF1,-0.0801673356236319,0.94002429177994
XBP1,0.12112897944640277,0.3686632358090218
XDH,1.2339092990175808,-0.7661322421580126
XIAP,0.3329352816624196,0.4901528148599459
XIST,0.0,0.18433855147841927
XK,0.2309399135199195,-1.1565879752411097
XKR6,0.13514002449024254,-0.44925193259683915
XKR7,1.1036457277108063,-0.04292683788662935
XKR8,-0.0370479225256668,-0.1760593797138439
XKR9,0.41579961892867434,-0.017589163685682863
XKRX,0.3954955153724159,0.15087226709656165
XNDC1N,0.06324655264631773,-0.3138490372308735
XPA,0.34454596437534546,0.01547161969767874
XPC,-0.037769223535164986,0.5138772368621507
XPNPEP1,0.21372795589496807,-0.1255616042299641
XPNPEP3,-0.18926984929809976,0.08690989646309433
XPO1,0.005777191282934524,0.3066592122211631
XPO4,0.13752262453848285,0.613865799235064
XPO5,0.054248510619409274,0.4267897844072941
XPO6,0.08208232366040846,0.6758745325717506
XPO7,0.09738420420996619,0.3405726307503336
XPOT,-0.17454900729855005,0.8082183769405091
XPR1,0.16384081909756265,0.32815498232293816
XRCC1,0.18713435522056976,-0.1611346613829996
XRCC2,0.3493977490596909,0.007433433942492407
XRCC3,0.14929814217020265,0.037950263619300095
XRCC4,0.4053365962676283,0.6066729216048734
XRCC5,0.07445588094144284,-0.12684475688770647
XRCC6,0.025020352420469294,-0.04483448100963283
XRCC6P2,0.13200395369381912,0.24431301097804314
XRN1,-0.07496505792504848,0.7350312434942881
XRN2,-0.096877687891741,0.3244994715419498
XRRA1,-0.026685228711965436,0.28061951100182325
XXYLT1,-0.06953197486427865,0.5641062678680884
XXYLT1-AS2,-0.032629097364348256,0.32078584593472126
XYLB,0.12776878086237087,-0.17858348653153677
XYLT1,-0.007969455547504278,0.1590789706789919
XYLT2,0.016703180494654468,-0.012440934488838984
YAE1,0.050843297626215644,0.09344623244925687
YAF2,-0.13365013090392397,0.399002129484777
YAP1,0.15320715122611883,0.5037624384846264
YARS1,-0.0182089697127088,0.13031068383303612
YARS2,0.003941812587264337,0.030062999503845056
YBEY,0.3608188344164862,-0.3630887348471692
YBX1,0.16938087576442484,0.005812748601835338
YBX1P1,0.28773111286536057,0.15323223644907413
YBX1P10,0.096239873728579,0.1031489529530969
YBX1P2,0.13571312862437668,0.1352693488767276
YBX2,-0.006700723455508317,-0.019518484936075886
YBX3,0.5468310668021541,0.21009033300430247
YDJC,0.023988859525284845,-0.4051155539417728
YEATS2,0.018490849114316532,0.6905861418994528
YEATS4,0.13370651201313777,0.05113305421347203
YES1,0.4171333215443269,0.5602964371187005
YIF1A,-0.0906148012893011,-0.1354695498175733
YIF1B,-0.12737831994575988,0.22625926386137074
YIPF1,-0.10190120982853124,0.05539884268248496
YIPF2,0.0469457725659721,0.04178545562636771
YIPF3,-0.10421172251898092,0.17468361922614406
YIPF4,0.08428379107297346,-0.39474734856656735
YIPF5,0.1830693443021758,0.3015830713748855
YIPF6,0.1255242577769744,0.10193398336368986
YJU2,-0.1800307449515106,-0.02785747171078068
YJU2B,0.022027687959904618,-0.06722004361190859
YKT6,0.07287107333727683,0.19772445535828354
YLPM1,-0.10775630257913082,0.2681573022241235
YME1L1,0.13272051084822056,0.21903173331998005
YOD1,0.10208246819405442,0.6330789457178865
YPEL1,-0.2001351371363258,0.10888241377487551
YPEL2,-0.07348032206562771,-0.054249999281581474
YPEL3,-0.05308190670484155,-0.49229817335188386
YPEL4,0.021753653426295746,-0.23748374404251393
YPEL5,0.058636665579663294,-0.29381927825185006
YRDC,0.10448423574487542,-0.43864476399042873
YTHDC1,0.11787254642779832,0.13221767438751186
YTHDC2,0.042215373382681776,0.6578363547146937
YTHDF1,0.033623714138083294,0.2980304702655845
YTHDF2,0.0024638365643623317,0.22685587162270515
YTHDF3,0.015446108315383178,0.3537132244957535
YTHDF3-DT,-0.11060563897488551,-0.2965338615624924
YWHAB,0.15118020244671904,0.16154400002241687
YWHAE,0.06502869944629985,0.005715394752952463
YWHAEP5,-0.007086287244012501,-0.1883874006513377
YWHAG,0.04294356167331692,-0.1808282863122912
YWHAH,-0.027961966333966082,0.06835526605209186
YWHAQ,0.10895207739617163,0.06558843493831112
YWHAZ,0.25178933339330634,0.13364894902505142
YWHAZP10,0.030248752786758426,0.240807727606154
YWHAZP2,0.11651414538370286,0.24732523460125877
YWHAZP3,0.1166409859417128,0.14359463381155235
YY1,-0.04832095030561945,0.20532445193660465
YY1AP1,-0.02704398454563517,0.2553371000906326
YY2,0.20910001287049407,0.2906318695769098
ZBED1,-0.15958940129698362,0.4995086509492088
ZBED10P,-0.07397221829527001,0.21736132616855386
ZBED2,0.0,-1.7544666313158936
ZBED3,-0.0356096371062522,1.1831331994088163
ZBED3-AS1,0.05977386494166714,0.16851994751576987
ZBED4,-0.05037072672821363,0.3582852177206117
ZBED5,-0.2031142205479819,0.06428584495332323
ZBED5-AS1,-0.15119519403453952,-0.5438209453099501
ZBP1,0.0,0.8241947802505823
ZBTB1,-0.055755971555787376,0.3484146198887741
ZBTB10,-0.1533100368857605,2.7289128302658057
ZBTB11,-0.020356166392902608,0.3191108110051646
ZBTB11-AS1,0.14811895531700525,-0.10590455111913966
ZBTB12,-0.10363122376970946,0.45440727134602366
ZBTB14,0.09230813557965245,0.001075221866495113
ZBTB17,-0.09250768386449515,0.05586214410011703
ZBTB18,-0.05626508349420245,0.4789594653784697
ZBTB2,0.32645166195941044,0.6872120248818234
ZBTB20,0.07786942445696937,-0.15663840170277876
ZBTB21,0.32122899620222256,0.17733898960643968
ZBTB22,-0.205230948314421,0.649252010120084
ZBTB24,0.15423474734294906,0.7211890181416334
ZBTB25,-0.020591272253844828,0.17884191979922415
ZBTB26,0.16411670270377954,0.029010710758402336
ZBTB3,-0.20312074786211154,0.21133771790002553
ZBTB33,0.033267895861579966,0.6808389334016471
ZBTB34,-0.13240884330473746,0.05134595198052505
ZBTB37,0.03094963919727345,0.48302854374124804
ZBTB38,0.014116828897266842,1.0847151940478978
ZBTB39,0.14393229832226817,0.7204914749135476
ZBTB4,-0.3342556633926508,0.3220088300998247
ZBTB40,-0.16522344714640447,0.3569352838414366
ZBTB41,0.22230860755505688,0.6036942857129883
ZBTB42,-0.48769154108524404,0.14416269535218618
ZBTB43,0.08515993353971041,0.25753856598290925
ZBTB44,-0.28032542237372127,-0.06030249595461079
ZBTB45,-0.04124605995504815,0.20773030589985186
ZBTB46,-0.24039607869580681,0.9563419173222347
ZBTB47,-0.2233430155681777,0.24672965129151336
ZBTB48,-0.002663121906635979,-0.04531011424336295
ZBTB49,-0.028214371379608805,0.3545970860485752
ZBTB5,0.22169624095988283,0.4591014358479164
ZBTB6,-0.044819693123634874,0.1068293294543965
ZBTB7A,0.06998745034700438,0.30699551340745135
ZBTB7B,0.08468167710519303,0.16328309427825616
ZBTB8A,-0.463968353170356,0.2829906271483036
ZBTB8OS,0.2893507921739529,-0.3381693566312345
ZC2HC1A,-0.08074010782905194,-0.11199255607073066
ZC2HC1C,-0.19411637470671517,-0.2693985377677297
ZC3H10,0.05790511682314392,0.27397583813143367
ZC3H12A,-0.18298134136587807,1.1072081340446474
ZC3H12A-DT,-0.3741836592074208,-0.03320582289211682
ZC3H12B,-0.27360102464513947,0.1474441476319699
ZC3H12C,-0.1319287891043679,-0.1459277637197487
ZC3H13,0.44260921178992607,0.4941508256328424
ZC3H14,0.061221956406576794,0.1975601517745611
ZC3H15,0.10388904245165165,-0.15534400689234218
ZC3H18,0.06349781413378253,-0.11692525958111233
ZC3H3,-0.0043648931530828605,-0.124798377918518
ZC3H4,-0.07659738726450982,0.24667939319208898
ZC3H6,0.2052829031721255,0.4401878197275062
ZC3H7A,0.303283125027237,0.9685318898576876
ZC3H7B,-0.34446975876760355,0.33015259081556003
ZC3H8,0.49589169280144585,-0.19090284081938425
ZC3HAV1,0.030684388361099657,0.41881004779463193
ZC3HAV1L,0.0482672083050506,0.04627111489233471
ZC3HC1,0.03828310952717828,-0.22902883083244463
ZC4H2,0.16633181284193999,0.3971665988495099
ZCCHC10,0.15232017096104755,0.11807802155410796
ZCCHC14,-0.19720725412196494,0.679620464672678
ZCCHC17,-0.0457917937151171,-0.2556422398175968
ZCCHC2,0.06883801266052814,0.4690063110319236
ZCCHC24,-0.7012817216241163,1.7893346513187383
ZCCHC3,0.2471644140554332,0.11318009199356815
ZCCHC4,0.11125469418491596,-0.07685521580210519
ZCCHC7,0.06296180578613253,-0.07433711033901691
ZCCHC8,0.036807692230437006,0.10646585119520324
ZCCHC9,0.2963303105114363,0.10603130919250336
ZCRB1,0.18986617998686128,-0.0290657770068945
ZCWPW1,0.9275300529613415,-0.1497287646967962
ZDBF2,1.1563680013512976,0.4484002347755056
ZDHHC1,0.03451221566178697,-0.042354469461991506
ZDHHC12,0.2592853598645224,-0.606477798529717
ZDHHC12-DT,0.16894510634765592,-0.4600388066872787
ZDHHC13,0.1153331271835043,-0.745713819872118
ZDHHC14,0.1509773291224814,1.6521296534266008
ZDHHC16,-0.25962265159066256,-0.07004171129511949
ZDHHC17,0.1503221045494847,0.5106904012239433
ZDHHC18,0.029395615472235903,-0.3553788115070571
ZDHHC2,0.41850237469648954,0.5049348172227139
ZDHHC20,-0.21223065321548873,-0.08446965969629971
ZDHHC21,0.1341235028849006,0.2924902933982123
ZDHHC23,0.07248445335794429,1.0012060196110149
ZDHHC24,0.16269826881428617,-0.10814535946555992
ZDHHC3,-0.2681387266471269,0.041309727227718085
ZDHHC4,0.002713425609668363,-0.3762380431852437
ZDHHC5,-0.0055470023862476125,0.04012206641678606
ZDHHC6,-0.21486987074065667,-0.4086104943514597
ZDHHC7,-0.4032252349061167,0.14348765235812522
ZDHHC8,-0.27437314539441804,0.13545093806044584
ZDHHC8BP,0.7193713437915228,-0.053840473907440345
ZDHHC9,-0.10367586406606932,0.11920410713627483
ZEB1,0.1117203274863039,1.8219860013863354
ZEB1-AS1,0.2643559535822968,0.49167226415661935
ZER1,-0.020937945497806254,-0.12163833352154274
ZFAND1,0.12152934720025943,-0.1867670941706434
ZFAND2A,-0.08143502919839829,0.07523578504228512
ZFAND2A-DT,0.1388250568610503,0.395930262253102
ZFAND2B,0.12809117280974913,-0.4556677077419842
ZFAND3,0.041239029082233536,0.42239368959864976
ZFAND4,-0.39186504443142267,0.4577024909598686
ZFAND5,-0.3160388466724484,-0.2829121514882047
ZFAND6,-0.20111851590811458,-0.19862766381927344
ZFAS1,0.03813303281016012,-0.23844022033823897
ZFAT,-0.07616167424232767,0.05110964235504856
ZFC3H1,-0.044372473945576196,0.24435005304313862
ZFHX2,-0.5187547258225087,0.18544251462166716
ZFHX3,-0.4638374062435946,0.26885531788429695
ZFHX3-AS1,0.5412125156492253,-0.04711152478058045
ZFHX4,0.2715437574295738,0.09864671268744205
ZFP1,0.029909643545139808,0.43698028236374054
ZFP14,-0.014304685115767324,0.26748459684987225
ZFP2,0.021380580782237923,0.20906900541854206
ZFP30,-0.35365592988330175,0.5508138043867961
ZFP36,0.01671765424732463,0.7259609739193378
ZFP36L1,0.2100441093027161,1.3753271131027658
ZFP36L2,-0.1666979999960425,0.554720175634702
ZFP37,-0.02275830604275253,0.11361457261145613
ZFP41,-0.2264954713801388,-0.2193445748552154
ZFP62,0.2362366084219234,0.2254960834389088
ZFP64,-0.18255940776920188,0.553609931880124
ZFP69,-0.02451059995777438,0.11769762765275527
ZFP69B,-0.15396281668795941,0.22805568195080284
ZFP82,-0.06884012179765042,0.4029712917741599
ZFP90,0.35613408291512183,0.33066333421929883
ZFP91,0.044696092441466106,0.11233408714481286
ZFP92,0.2034321256313809,0.0
ZFPL1,-0.21592939707029868,0.05553541490252445
ZFPM1,-0.13866428990902246,0.1762879737710441
ZFPM2,0.17413347172810423,0.3552847657510416
ZFPM2-AS1,0.3014570683494673,0.6775677227336825
ZFR,0.16769248021224747,0.4257919146486877
ZFTA,-0.41732652560336403,0.25209122938949236
ZFTRAF1,-0.06627035122763925,-0.6987684573928439
ZFX,0.10217165227051872,0.48759049170149016
ZFYVE1,0.07012227206626154,0.3925922788288734
ZFYVE16,0.09838924034564656,0.8263652809088926
ZFYVE19,-0.26929012660489615,-0.3583068755016976
ZFYVE21,-0.07328810975438937,0.023319449353197186
ZFYVE26,0.16684990437625924,0.44268579370375427
ZFYVE27,-0.258124813153791,-0.47705289196427625
ZFYVE28,0.04445832127506044,0.32380621609014004
ZFYVE9,-0.1659082572161239,0.8599849248758158
ZG16B,-0.3649198612245721,1.789852770248912
ZGPAT,-0.09907918103201174,0.27253546225551895
ZGRF1,0.14055680076490606,0.33264051803156747
ZHX1,0.014182208948890995,-0.04007980659905552
ZHX2,-0.14102816674680949,0.7060041099982839
ZHX3,-0.0818988108973171,0.30236170659724726
ZIC2,0.4841582647774221,0.6893682214760974
ZIC5,0.460338461612535,0.8012188364791774
ZKSCAN1,-0.12151803981459697,0.42370407330589543
ZKSCAN2,-0.05502161072401712,0.26035479114602245
ZKSCAN3,-0.22498971074064444,0.8069439490541768
ZKSCAN4,-0.04770657241721965,0.5933626183371823
ZKSCAN5,-0.014666075595919814,0.1822608031089814
ZKSCAN8,0.046813190192433574,1.0518035003021793
ZMAT1,0.4419355253232755,0.5083270904054077
ZMAT2,0.19084581766690434,0.1954238433297668
ZMAT3,0.2718360435396887,0.5797872378719333
ZMAT5,-0.11213281168731459,-0.07979921559611647
ZMIZ1,-0.0337085191245885,0.49837596080665314
ZMIZ1-AS1,0.3928001594647764,0.21494725320995955
ZMIZ2,0.05159082348719668,0.6466095310734463
ZMPSTE24,0.0623371258081562,-0.05205063500208773
ZMPSTE24-DT,0.0684569299557759,0.03142427191343211
ZMYM1,0.08303232459642818,0.494967359985341
ZMYM2,-0.3756732946849688,0.5477471266728049
ZMYM3,-0.10799414078568503,0.7222676874756981
ZMYM4,0.08477304501430183,0.5146757895591199
ZMYM5,-0.02255058380214736,0.07872205597858617
ZMYM6,0.1295640012394501,0.03987595456867288
ZMYND10,0.002192070194161344,-0.2607102418164684
ZMYND11,0.08546240825121032,0.3437155935129832
ZMYND12,0.1596880147348031,-0.030249815180784623
ZMYND15,-0.027931516489932095,0.43528337389591554
ZMYND19,0.2038970408935148,-0.2869854601035877
ZMYND8,-0.17727727358767176,0.5059210510610139
ZNF10,0.008801889420698927,0.19882083526672933
ZNF100,-0.06525634472812669,-0.08219497519849239
ZNF101,0.11364946170032475,0.3075001261912149
ZNF106,-0.04003381429755315,0.2851986069598027
ZNF107,0.034444343535528166,0.06804336748097839
ZNF112,0.034531834218617385,0.21457729352843913
ZNF114,0.26983215789537174,0.3231526237602289
ZNF117,0.3702554422245796,0.043776977923235094
ZNF12,0.10132429173690927,0.6813155721999156
ZNF121,0.16194356154359468,-0.3741457083187463
ZNF124,-0.00405390934605121,-0.004999181891795157
ZNF131,0.15115636139783373,0.7156037831195707
ZNF132,0.40297138916035913,0.22590195715120553
ZNF133,-0.058207515658291076,0.08198724872167329
ZNF134,0.3031488677354801,0.38179824667893936
ZNF136,0.2859137150439084,0.031075009066467096
ZNF138,0.22141570390928855,-0.05802244155106351
ZNF14,-0.265938464405997,-0.02975230340027135
ZNF140,0.1816770911044876,0.22644551705941351
ZNF141,0.0,0.15108212584988
ZNF142,-0.208060934732198,0.05154694714793262
ZNF143,0.0327396266121589,0.1539557445449775
ZNF146,0.07935582981529876,0.3975915840666895
ZNF148,-0.09248738731589423,0.4068713158655788
ZNF155,-0.09013239891562574,0.24141106083801978
ZNF16,-0.09687032835289244,0.024915178809418403
ZNF160,0.018307739847819526,0.061442839828016904
ZNF165,-0.08833056889677016,0.606352583852444
ZNF169,-0.02305128212325791,0.11605156924624804
ZNF17,0.18185388631724209,-0.04279048081087655
ZNF174,-0.007401331291172486,0.2211261599054959
ZNF175,-0.08698456113728703,0.14411772482352614
ZNF18,-0.07415138173802971,0.16121183950158713
ZNF180,0.21285509454386542,0.1085557178839558
ZNF181,0.15444862021201056,0.2782634779721258
ZNF182,-0.13391296368658212,0.4312526515335613
ZNF184,-0.05910892315082661,0.740291920978728
ZNF185,-0.04613696378484766,-0.3798056812448669
ZNF189,0.13145124972871658,0.2069107170495652
ZNF19,-0.04836285741170532,0.02744837308693926
ZNF195,-0.15617268398314277,0.06402282236165124
ZNF197,-0.12025279565503189,0.3832759844535878
ZNF2,-0.0011752317406972246,-0.09485641042128812
ZNF200,0.2586982504963151,0.3571383898471159
ZNF202,-0.20313046188118022,0.019055498432229978
ZNF204P,0.19720703600908318,0.4561403570736786
ZNF205,-0.30797944333622107,-0.07088914962822557
ZNF207,-0.07930543906897825,-0.19345227886907423
ZNF211,-0.03844268462742795,0.31145694286977
ZNF212,-0.20372161713671533,-0.2360698300793418
ZNF213,0.010759140995678429,0.28871549800601937
ZNF213-AS1,-0.10449421390549007,0.09547762867868803
ZNF214,-0.06387305698126111,-0.18656676468161626
ZNF215,0.06778073378579075,0.010896985082240462
ZNF217,0.10450790529657894,0.4561305487886207
ZNF219,-0.3531729174224352,0.14985218682446177
ZNF22,-0.523918850828399,0.40793046521756793
ZNF22-AS1,-0.26406981987283407,0.1220768090899571
ZNF221,0.11884129032329649,0.10277425520901784
ZNF222,0.21733377910548857,0.044282922183133566
ZNF224,0.197845986178663,0.34345452994430126
ZNF225,0.13502067353483405,0.4082360219923642
ZNF226,0.32856044642728666,-0.05617401083032281
ZNF227,0.2053710425862878,0.19505792058672888
ZNF229,0.37190678671107813,-0.1661029936321965
ZNF230,0.005390813855922216,0.16095989559508883
ZNF232,-0.04073194145408321,0.1428502782524852
ZNF232-AS1,-0.06225652395952275,-0.042115538637874636
ZNF233,0.12725170918237128,-0.7502512106678783
ZNF234,0.18391419339659754,0.4085707981097655
ZNF235,0.2765315190062585,0.20110298384432856
ZNF236,-0.09776610681849363,0.29056372041135603
ZNF236-DT,-0.0846713372428669,0.0645110163774274
ZNF239,-0.23258045590170884,-0.19221786667906915
ZNF24,-0.029567143415842878,-0.08423083034866874
ZNF248,-0.21253461270793705,0.12190486687192781
ZNF25,0.11152435811863448,0.6406704746012495
ZNF250,-0.11928103183403005,0.13792975315295042
ZNF251,0.4999432290564392,0.28277805086581553
ZNF252P,0.04092713318471075,-0.04790616729970987
ZNF253,-0.24874100822474832,-0.043637632489985645
ZNF254,-0.029082661562343848,0.16527050255016862
ZNF256,0.30435048939274933,-0.09829077325775515
ZNF26,0.25811922455808967,0.06833145296277499
ZNF260,0.08480211741466714,0.5006558083130681
ZNF263,-0.04269585207867088,0.26173420845500317
ZNF264,-0.10020404750432998,0.22252191432416701
ZNF266,0.13056633460134348,0.20766228983438317
ZNF267,0.4728828450228595,0.16039637753758562
ZNF268,0.579818254080485,0.15352608450443928
ZNF271P,0.10062097961757743,-0.15906975849315153
ZNF273,0.5236016062863538,-0.39347630651402454
ZNF274,0.8946337648423222,0.22757201702774843
ZNF275,-0.06034000662652428,0.6665466227446601
ZNF276,-0.16899359954556248,0.013751934522801434
ZNF277,-0.0601571774630858,-0.07074887348844694
ZNF28,0.019253684173015095,-0.02642661748139208
ZNF280B,0.10008845377837551,0.3067348965736747
ZNF280C,0.4004968787982004,0.7730988141495243
ZNF280D,-0.048950944731139145,0.10409204907091851
ZNF281,-0.22271663441939893,0.8753585727756983
ZNF282,-0.1324449184711991,-0.2315238071425343
ZNF283,0.14286900675275227,0.392928574570516
ZNF284,0.017167110942278185,0.007049589874732476
ZNF285,-0.192520925482506,-0.03587796111024
ZNF286A,0.0799869093244081,0.1969700621747994
ZNF286B,0.0969354209599641,0.05699584554124071
ZNF287,-0.08432495747830027,0.10178659177553251
ZNF292,0.02321317705943038,1.31148103537718
ZNF296,0.053749039548148136,0.5338691210881832
ZNF3,-0.2836195916248814,0.27394640506678947
ZNF30,-0.005239059357568188,0.1719264790859849
ZNF302,0.2917328842198659,0.528345529656363
ZNF304,0.1195466185142875,0.10740120709709533
ZNF311,0.19229120089347135,0.9092563214937663
ZNF316,0.02245605878557555,0.11042479761362678
ZNF317,0.033105035779382064,0.13835450149577966
ZNF318,-0.10150394296471799,1.1988165180990977
ZNF319,-0.2759122753485812,0.3511513646142346
ZNF32,-0.0678781991804489,0.04069330308298369
ZNF322,0.04393502400380278,1.043237773320953
ZNF324,0.027923731363063364,0.39010259823322135
ZNF324B,0.13047643527387986,0.46054399024030435
ZNF326,0.3022438034637185,0.03152840986360639
ZNF329,0.09370001450398036,0.40509625903189717
ZNF330,0.14648493815010344,-3.93041885420331e-05
ZNF331,-0.11903000410997411,0.06075923637125502
ZNF333,-0.2897653535222062,0.528208801717521
ZNF335,-0.08409331690601007,0.31443339126880865
ZNF337,-0.12899757084549168,0.14868992201349307
ZNF337-AS1,-0.17541051810938846,0.2957317184746633
ZNF33A,-0.010418217625315584,0.36425292549517696
ZNF33B,0.07133365063630581,0.18603546068111498
ZNF34,-0.1250798076347206,-0.3112162913993548
ZNF341,0.01554136031568687,-0.20630861606425555
ZNF343,0.12836371853583906,0.010572431924978254
ZNF345,0.022817632014935585,-0.0489587492448329
ZNF346,0.43854438856122213,0.2587027619147708
ZNF347,0.09778051737774884,-0.3324750301294077
ZNF35,0.018532660504702037,0.02603484952230506
ZNF350,0.2558256241488337,0.6516144207230361
ZNF354A,0.09853822641368115,0.3429380038052736
ZNF354B,0.050805427119763547,0.3608471330854566
ZNF354C,0.12162998257207702,0.6160607788230328
ZNF358,-0.3381110287635618,-0.09977140114484762
ZNF362,-0.07016490834641154,-0.06643815986627644
ZNF365,0.29884627189970026,0.052785811191019105
ZNF367,0.36634715830494,0.5492988892630994
ZNF37A,-0.07399086700887914,0.3096585548477351
ZNF37BP,0.15844932994250005,-0.0004398750918208627
ZNF382,0.28163133209609903,0.7625356753711272
ZNF383,0.0481823167793185,0.21329933394545453
ZNF384,-0.04685354048384216,0.6111261087046156
ZNF385A,-0.2732285368205618,0.4811305876333165
ZNF385C,0.058348477053053155,-0.06597756235307184
ZNF385D,-0.0033431901792431162,0.0
ZNF391,0.12698439703309683,1.1325338801060476
ZNF394,0.11509055875333818,-0.4606194146133573
ZNF395,-0.26218727358998883,0.39693734152863147
ZNF396,0.0891022293949233,-0.13627529308531594
ZNF397,0.2672699932878544,-0.14723276686520181
ZNF398,-0.2458442192478385,0.07533805469537436
ZNF404,-0.1026734688793054,-0.003921898336537
ZNF407,0.041302555081348835,0.06079216536575993
ZNF407-AS1,0.11703040593127545,-0.02414527819668999
ZNF408,-0.1308006905727659,-0.18057760476748452
ZNF41,-0.06253220425369577,0.34295915531615817
ZNF414,-0.29384058849584704,0.007013148405730973
ZNF416,0.1097757537921833,0.14289132116847547
ZNF417,0.17913961859876437,0.5398252430964663
ZNF418,0.09842733546252602,-0.03627447258775339
ZNF419,0.20792737025210695,-0.005303418405826044
ZNF420,0.12566467317131114,0.22852571090831786
ZNF425,0.3681006532284552,0.054501329295175704
ZNF426,-0.028831920974663028,-0.5564947552014801
ZNF428,-0.4621044726748087,-0.05957143653033459
ZNF429,0.11850520852571345,-0.25716510281947613
ZNF43,-0.08943326581820221,0.0
ZNF430,-0.013830081253371151,-0.03651146691962559
ZNF431,-0.14466903632389805,-0.5192822186227084
ZNF432,-0.10191367162874809,-0.1232046823456796
ZNF433,0.10662152748942866,0.09903676638519254
ZNF433-AS1,-0.2919628318151062,0.22872827914787563
ZNF436,-0.09389276705593463,0.7931474884896708
ZNF436-AS1,-0.059816473562873396,0.09890865229336665
ZNF438,0.09228081556363232,0.2561511807488879
ZNF439,0.019694926120698675,0.1457814777698069
ZNF44,0.33530120159286914,-0.02947211190971033
ZNF440,-0.12078796616083665,0.2417530193907318
ZNF441,0.24889889926048858,0.4279319738297994
ZNF442,0.35920419945287874,-0.018396305705021206
ZNF443,0.1309228934372284,0.15007804894214494
ZNF444,-0.37495373855084324,-0.13378113906843847
ZNF445,-0.12408836241780641,0.5102602782305992
ZNF446,-0.11029570993441551,0.2095532312362849
ZNF449,0.12765916003945232,0.3242517056679115
ZNF45,0.182054879649435,0.5053592564854643
ZNF451,0.12532874903845936,0.5799516360800756
ZNF460,0.2853540216769179,0.7229299202538677
ZNF460-AS1,-0.15722056077770039,-0.12730314309290658
ZNF461,0.15858682133518176,0.3046082496770195
ZNF462,0.28842469314065333,0.9550545322455002
ZNF467,0.30085105775763177,0.9619084823499282
ZNF468,0.05225409143288573,-0.2881106250547112
ZNF469,-1.640232359932324,1.0371459048259166
ZNF473,0.2787296485469457,0.11772564607853164
ZNF48,-0.23386934757910893,0.2034828177710546
ZNF480,0.31176374290984077,0.0896518250223668
ZNF483,-0.036894150362881795,-0.14505026041694213
ZNF484,0.20478402536596274,0.13878004904145236
ZNF485,-0.061315949873269826,-0.12490737985034439
ZNF486,-0.32197185083122104,-0.021942236858740586
ZNF487,-0.32499502374565914,0.06310544006459695
ZNF488,1.1800276782024723,-0.5654808959452509
ZNF490,0.017363251152836323,0.25915840552335845
ZNF493,-0.07459811983861919,-0.06080288327721248
ZNF496,-0.23634092015968822,0.48708935160542666
ZNF497,0.15455133096208762,-0.12953582091089721
ZNF500,-0.1368651254526596,0.3053492924435135
ZNF503,0.0011832130577325017,0.510252528052249
ZNF503-AS2,0.10145827476382152,0.3637578940195363
ZNF506,-0.2618848589363665,-0.19075231250548857
ZNF507,0.07890956414221595,1.094410007709881
ZNF510,0.005737203056138451,0.14188078852182429
ZNF511,-0.1709973113481631,-0.4139238753435752
ZNF512,-1.125334971299139,-0.8637754351573128
ZNF512B,0.11057613573250347,-0.07984473949470505
ZNF513,-0.006202891513256148,0.06784963353767104
ZNF514,0.07629387044522495,-0.19098812822867117
ZNF516,-0.7305470420880793,0.025549158659639915
ZNF516-AS1,-0.3576107472872765,-0.6516420131609897
ZNF516-DT,0.031161590278506734,-0.42391595909338675
ZNF517,-0.3777063166626422,0.3273204004806858
ZNF518A,-0.10630317685294788,0.1821287353531953
ZNF518B,-0.0026491765633460673,0.30337155800006776
ZNF519,0.31263440732011194,0.5131306236713313
ZNF524,-0.10752792806032119,-0.26895010759728066
ZNF525,0.12872502978972378,0.2098819502953897
ZNF526,-0.051173993045388944,0.4077572070074207
ZNF527,0.2548077187535709,0.5703116839364875
ZNF528,0.10357542953031484,0.11187236831421343
ZNF529,-0.005339214650436297,0.3544236086833248
ZNF529-AS1,0.026367745749574567,-0.0990659667521061
ZNF530,0.35123542029852883,0.5018755005762441
ZNF532,-0.20392752250481205,0.2620184054484378
ZNF543,0.15279248136850532,0.37708248876593853
ZNF544,0.132391829849416,0.10594125983987102
ZNF546,0.06491795422236457,0.5159146595356332
ZNF547,0.0058524211113111235,-0.3588405634055436
ZNF548,0.06791072469560255,0.03517195169277798
ZNF549,0.045078711557301504,0.2771102985780356
ZNF550,-0.039075742467059804,0.40210881099368834
ZNF551,0.1186206336215343,-0.20885993619035892
ZNF552,-0.03417283977369845,0.1193297107662592
ZNF554,-0.09129794344240261,0.4158807535755136
ZNF555,0.19091187258602904,0.5473066935128017
ZNF557,-0.10670066607398487,0.10768022274383471
ZNF558,-0.05397113354885441,0.5135335635783118
ZNF559,-0.039943076492849894,0.208046912249106
ZNF561,0.23365030980071477,0.38034556008382836
ZNF561-AS1,0.5046229555243229,0.022110209176632534
ZNF562,0.13601069787427544,0.3004759211824575
ZNF563,0.07542997223215053,-0.10454764016342499
ZNF565,0.22553954880997895,-0.009198249892131471
ZNF566,0.09931152159971868,0.1232454193837147
ZNF566-AS1,-0.2019633842854589,0.4171319121227741
ZNF567,0.17892909457044048,0.4959216908346873
ZNF568,-0.05417050478253138,0.21234839713625941
ZNF569,0.08288857070368572,0.7143066145277959
ZNF57,0.2399785465364317,-0.024410107365169464
ZNF570,0.06257883106756834,0.31094043370441904
ZNF571,0.08766237837954494,0.3160780545112212
ZNF573,0.08004956607446045,0.1881992423695269
ZNF574,0.07098888353825039,0.27299499654725423
ZNF575,0.1389186109957783,-0.010959902643943753
ZNF576,-0.15017030147586397,-0.07860428813977727
ZNF577,-0.007932846586558684,-0.1096976642178886
ZNF579,-0.23318554868127173,0.14774706206006272
ZNF580,-0.4086487803269385,0.14563159436800266
ZNF581,0.02557870613003299,0.25132900604223796
ZNF582,-0.11253071491763111,0.020694979373716324
ZNF583,0.5598413153411954,0.7830681126893075
ZNF584,0.035575095171084925,0.33851666994379714
ZNF584-DT,-0.2975681927137508,0.6442342436626465
ZNF585A,0.04195194931676571,0.8998117636873845
ZNF585B,0.011199411811655402,-0.6206902284685096
ZNF586,-0.15310838264469906,-0.24606539656075377
ZNF587,0.08479199466692489,0.17311540479055898
ZNF587B,0.2576774991497963,-0.2605456245263471
ZNF589,-0.44473332389590037,-0.33549974023909246
ZNF592,-0.14087338655251447,-0.04948122347758588
ZNF594,0.15288390505136507,0.2802036883512602
ZNF595,-0.017323953860332253,-0.0171824202604407
ZNF596,0.13306085833122072,0.34628165628514873
ZNF597,-0.1503337867713075,0.14714927954727308
ZNF598,-0.12792579842595853,0.6783980881340277
ZNF599,-0.17148356031003864,-0.11160170253750357
ZNF600,0.197501237393908,-0.3298754495016478
ZNF605,0.1364681030288124,0.25118026033690244
ZNF606,0.09394521720080062,0.2812531853085316
ZNF606-AS1,0.3250356612792873,0.25960178066253914
ZNF607,0.04012491203053692,0.5252808523132773
ZNF608,1.2894947048206102,0.9687663388202461
ZNF609,-0.2687594517488998,-0.06576993687654387
ZNF611,0.012331611265928633,0.07749465374819664
ZNF613,0.020100931835450808,0.5230698239904862
ZNF614,0.21391664870323446,1.0343815524432391
ZNF615,-0.034886498614819406,0.7224535743851594
ZNF616,-0.10740808771227073,0.16907726355620456
ZNF618,-1.295303743843508,0.900579482447136
ZNF619,0.13666849470979225,0.6857959398773779
ZNF620,-0.04528470875633195,0.15516693026130834
ZNF621,0.005442651873395654,0.5037954357518348
ZNF622,0.09772268843956056,0.2878673607463549
ZNF623,-0.11518963783555503,0.0460012335228317
ZNF624,-0.08436950169646273,0.37877614900327483
ZNF626,-0.010163487058155951,0.0
ZNF627,-0.023534744945457486,0.4907530008754786
ZNF628,-0.07537145148333657,0.2319832648926532
ZNF629,-0.01326224684701316,0.5175983071187593
ZNF630,-0.3871230787549981,0.05238931457565865
ZNF638,0.2630571236408219,0.305394452188934
ZNF639,0.00588642741437706,0.43655368763068925
ZNF641,0.24027554741226265,0.45861668642454534
ZNF644,0.10290695532997152,0.5664067275741953
ZNF646,-0.2137501460886293,0.5986162439138658
ZNF649,0.11331675563391697,-0.1479917391386738
ZNF652,-0.19160026863339397,-0.03279719317346341
ZNF653,-0.04491217282884685,-0.22150074766571892
ZNF654,0.10798870002464067,0.27196924863426375
ZNF655,0.07821175603673591,-0.713911129896073
ZNF658,-0.05454400317572028,0.08964631567135761
ZNF658B,0.20942986851488632,0.06425682333857685
ZNF664,-0.12683229115568295,0.14088700100958906
ZNF665,0.21430442902030133,0.01950047821050416
ZNF668,-0.2235196334642442,0.3936694945351773
ZNF669,0.15700741151703212,0.42621143679795237
ZNF670,0.28602116743780304,0.17874599601224228
ZNF672,-0.028272488544875962,0.2802794609699797
ZNF674,0.23483012603572773,0.2392652001676019
ZNF674-AS1,-0.2637337581054868,0.07379565046914394
ZNF675,-0.023685494407404306,0.13352887461430063
ZNF677,0.18532646071247827,0.05009391722055701
ZNF678,0.15083737401997954,0.6048089922437323
ZNF680,0.02273927921512886,-0.00498494316847653
ZNF681,0.11145426108919843,-0.15713998486574798
ZNF682,-0.1449905145950794,-0.07964816054727826
ZNF684,0.041908712854045405,-0.05991873364074474
ZNF687,-0.1286956227147007,0.31760265680755406
ZNF688,0.1767912031267893,-0.27147678755500504
ZNF689,0.061206063393255405,0.5248256099254798
ZNF69,-0.21672919577696903,-0.018396305705021206
ZNF691,-0.056573266582536696,0.01219568244253777
ZNF692,0.0306718308228211,0.02326849821091237
ZNF695,0.4608335752647441,0.0005874878448424159
ZNF696,0.08479397616969653,-0.09321908578559857
ZNF697,-0.32964429538585094,0.5365662583918525
ZNF699,0.10717173015066805,0.5395624733756481
ZNF7,-0.08355086358549801,-0.12813001824703774
ZNF70,0.19267516146771002,0.13867285994814083
ZNF700,0.2987540517842251,0.3346770670793613
ZNF701,0.13258581142712922,-0.32282847033939144
ZNF702P,0.037399098323010804,-0.028586132078676274
ZNF703,-0.611391384408039,-0.6899077669917162
ZNF704,0.0404139619142877,1.1374068326817002
ZNF706,0.1449246955345007,-0.24890179565239023
ZNF707,-0.07868699323996031,0.03850534419293572
ZNF708,0.07457806184170912,0.4063506456707149
ZNF71,-0.0936604262618208,0.6363967197694427
ZNF710,-0.6292346607408184,0.7125027116520024
ZNF710-AS1,0.12098599284976919,-0.17132806623988217
ZNF711,0.690959122889629,0.6683838134573867
ZNF713,-0.010050230940694904,-0.29249223838174243
ZNF714,-0.1168026523287263,0.1665917102682566
ZNF717,0.10688027864866845,-0.8791891623795229
ZNF718,0.2423751948207049,0.01613237852691851
ZNF721,0.14486321455161644,0.221520422226956
ZNF724,0.07988602287990532,0.25663210919169577
ZNF726,-0.09056564422203173,-0.05187380351907373
ZNF731P,0.21295564172249737,0.21835829927421502
ZNF736,0.27564311205855585,0.030807598624947863
ZNF737,-0.19979776734171573,0.026759435742968126
ZNF738,0.13765634779834102,-0.33300101438128854
ZNF74,-0.1710092580061513,-0.667835667383053
ZNF740,-0.1680266045626011,0.3033483421568359
ZNF746,-0.09689428077730877,0.1877778926999687
ZNF747,-0.017321271619782586,0.04468046817117832
ZNF747-DT,0.03469036219377375,0.3413703506268202
ZNF749,0.07159598338454565,0.3495662524090042
ZNF75A,0.6684882836484114,0.1312111785689578
ZNF75D,0.13137591171080976,0.7956225823030896
ZNF76,0.11498085427327798,0.47337640031699646
ZNF761,0.09673937018345047,0.1380293137102755
ZNF764,-0.16706812912457458,0.190123376260817
ZNF765,0.13112787066883724,0.6060543837373065
ZNF766,0.08505970055346301,0.3469595047901217
ZNF767P,0.24044259415418012,0.38030553608269657
ZNF768,-0.008656615797684175,0.038276171049829166
ZNF77,-0.024487934502719355,0.43254525660903154
ZNF770,0.06891133084075118,0.6271585528465118
ZNF771,-0.20210324130254342,-0.0935878907958223
ZNF772,0.26128000739374,-0.10589791783071512
ZNF773,0.32181177865427335,0.23857673895053821
ZNF774,-0.04051163729218121,0.37600668053492425
ZNF775,-0.3730445143186385,0.18928159794699706
ZNF776,0.044966201573946485,0.1258002270727525
ZNF777,-0.05719128882125357,-0.07734726954130533
ZNF778,-0.35394247349445873,0.30222311149881165
ZNF778-DT,-0.00743739465609472,-0.03789678619366432
ZNF780A,0.06293058311373478,0.2952938881277203
ZNF780B,0.09793018991121549,0.3300744185944797
ZNF782,0.13760255040559888,0.23199757667560794
ZNF783,-0.08422469746357919,0.322322653932158
ZNF784,0.21178273569774397,0.23382415742855356
ZNF785,-0.3077841810065527,-0.23782774942444274
ZNF786,0.11677456662038255,-0.20026220851860943
ZNF787,-0.015653729747427292,0.13587895148239237
ZNF788P,0.30715194014337754,-0.021942236858740586
ZNF789,0.3856845224220433,-0.31755683301988213
ZNF79,0.06503470064218564,0.3369434863502425
ZNF790,0.16905256037993022,0.04431904201317072
ZNF790-AS1,0.5331393993145905,-0.6643235184573946
ZNF791,0.1285153182910883,0.01996492095567426
ZNF792,-1.0037914197856326,0.6444648391278616
ZNF793,-0.03424553093277494,0.15826398894359753
ZNF793-AS1,-0.24375722910272346,-0.018396305705021206
ZNF799,0.10730792454629023,0.44028602302376685
ZNF8,-0.366125349922227,0.28419528034573727
ZNF8-DT,0.2385003203033378,0.16390010049996717
ZNF800,0.2609872217000664,0.10824235444859687
ZNF804A,-1.202378860336624,0.10607850927209253
ZNF805,0.11396541026414742,0.43824126009286335
ZNF808,-0.07914355752853064,-0.06670809623726237
ZNF81,-0.33650780660428703,0.5384048732649136
ZNF813,0.26663750674446707,-0.029931566660333146
ZNF814,0.4893497136453284,0.013762363651281584
ZNF815P,0.14218486122053908,-0.013146857038503601
ZNF816,0.20711545563367206,-0.014264433458113901
ZNF818P,0.09632796727498416,-0.009355294684092779
ZNF821,0.3351197093197371,0.22555769580100615
ZNF823,0.21872535863568965,0.2540937107191392
ZNF826P,-0.1930746030607664,0.0
ZNF827,0.79993266183055,0.5419629497496006
ZNF829,0.32802765435672177,-0.04482812429539085
ZNF83,0.12407909000921258,-0.5082914065477699
ZNF830,0.013546061123554942,-0.08918782108371026
ZNF836,0.11830333344689536,0.25407593433168874
ZNF837,-0.20962733968479452,-0.0075325138260096125
ZNF839,0.11955373181446571,0.3153588461217707
ZNF84,0.18484637317571906,0.2845970549547494
ZNF841,0.1807922547462708,0.30731185411592565
ZNF843,0.0474534053172444,0.8113223754827144
ZNF844,0.13603585324813672,0.09211498711076896
ZNF845,0.1991583896079394,0.4179202976430161
ZNF846,0.3312733990568031,0.0799171265701406
ZNF85,-0.07519748447690455,-0.36518297101780417
ZNF850,0.30539812208458006,0.10522141228458737
ZNF852,-0.34042897435659203,0.3893009946717969
ZNF853,-0.7915946927366487,-1.26051158105895
ZNF860,-0.018618089093397128,0.17770569351503318
ZNF862,0.03386589987985622,0.29207021246347553
ZNF865,0.07446249267836258,0.4463501463869921
ZNF875,0.18093184556300113,0.09289912423965241
ZNF879,0.3354167918984827,0.1950552194591394
ZNF880,0.08106658874263939,-0.04292683788662935
ZNF888,0.3857369746586481,-0.45461593593125693
ZNF891,0.1601972919336636,0.1663243531842502
ZNF892,0.01558402910905099,0.24937476193496813
ZNF90,-0.3611606288389386,0.0
ZNF91,-0.04370438053721415,0.11168783495742929
ZNF92,0.10955744652978261,-0.48063177551430414
ZNF93,-0.26513424543521147,0.023920346395832424
ZNFX1,-0.09994441897283934,0.49330878682894497
ZNG1A,0.2730171391977816,-0.4516395352346043
ZNG1B,-0.04594848025172027,-0.47403313779404854
ZNG1C,0.021732125663782575,-0.33762763035893384
ZNG1E,0.002953265633269808,-0.10176359953156622
ZNG1F,0.11758294163890404,-0.01712594774023879
ZNHIT1,0.008768542135284996,-0.471412862408112
ZNHIT2,-0.2975054676735889,-0.5103021831402548
ZNHIT3,0.24985008793035712,-0.46588342880897127
ZNHIT6,0.03251506457821751,0.20872528587079042
ZNNT1,0.17582622436169926,0.6356450378025451
ZNRD2,-0.005688947688936352,-0.19973718072744617
ZNRD2-DT,-0.169676104997725,0.3089481653826731
ZNRF1,-0.27239631027834577,-0.7276247649891703
ZNRF2,0.09511997344602996,0.3146012285462727
ZNRF2P1,-0.17336197336742076,0.6762885145019419
ZNRF3,-0.029418384588203672,0.6220479729608299
ZP3,0.37157201549783814,-0.5547046931789206
ZPR1,0.12110331939408958,-0.36879006810145487
ZRANB1,-0.20040487282422692,-0.030405557711095987
ZRANB2,0.4093864448884066,0.2588811720826829
ZRANB3,0.033502808653637306,0.24275821351640348
ZRSR2,-0.031223489591415632,-0.3506156113652077
ZSCAN12,0.10977855838686201,0.985903473578225
ZSCAN12P1,0.4938378963296491,0.5511639479724513
ZSCAN16,-0.40417895511472324,-0.20696614175709893
ZSCAN16-AS1,-0.11785458236017066,0.4832776775631441
ZSCAN18,0.0,-0.2770698725527887
ZSCAN2,-0.5273815039414842,-0.2503766707717019
ZSCAN20,0.29012880224506654,0.3512358780655289
ZSCAN21,-0.016672668936780433,0.23427528794497388
ZSCAN22,-0.06043575686782621,0.38821777652436706
ZSCAN25,0.018329967566300454,0.2537946334055654
ZSCAN26,0.13760555032036415,0.5860468485305215
ZSCAN29,-0.03047286001210825,0.38590841215755756
ZSCAN30,0.16032478292617824,0.2899840557669173
ZSCAN31,-0.23406478560950905,0.5280027291754883
ZSCAN5A,0.3430044553462701,0.24822727586648496
ZSCAN9,-0.07923414176740229,0.4510615802458453
ZSWIM1,-0.26785815091332665,0.15481520756863665
ZSWIM3,-0.012808996385373028,0.4412129517514325
ZSWIM4,-0.19597184053590322,0.36634684521780336
ZSWIM5,-0.5330158379074441,1.0300689604868798
ZSWIM6,0.009090677645844814,0.5700708507091194
ZSWIM7,-0.10923523698506132,-0.2355992793271917
ZSWIM8,-0.4004691805020366,0.32976519020303563
ZSWIM9,0.25172604139353716,0.11038455892987997
ZUP1,0.10670803334380707,0.4697435856069512
ZW10,-0.027804552081176936,-0.050870075720707675
ZWILCH,0.007330085820083987,-0.08196049467248478
ZWINT,0.25828703318817325,-0.4388716822921639
ZXDA,0.11291711895299272,0.5081360316695034
ZXDB,0.04096923201741731,0.6472818774673232
ZXDC,-0.05510404219364329,0.3235603740167381
ZYG11B,-0.07368790529984892,0.5820488674848896
ZYX,0.0700219784303231,0.05517897782420089
ZZEF1,-0.1946232968269186,0.4290105244788762
ZZZ3,0.15467657622567987,0.3350419514230998
