gene,spearman_rho,p_nominal,detection_frac,p_fdr_bh
Tagln,-0.6297592171677213,8.107975191850737e-12,0.295,9.73524581285518e-08
Ncam1,-0.6135199146476649,3.840117765978215e-11,0.537,2.3054147008050215e-07
Ndufa4l2,-0.5677421460173014,1.9749455852312877e-09,0.253,7.90439054729069e-06
Col12a1,-0.5628175638255876,2.9130570345205827e-09,0.358,8.74426895337216e-06
Thbs2,-0.5544548979030839,5.555834615491265e-09,0.316,1.3341781245640723e-05
Ptprn,-0.5211045489098736,6.16143292066872e-08,0.368,0.0001056861786835276
Acta2,-0.5126522003236372,1.08913494233514e-07,0.558,0.00016346554065772533
Tnc,-0.5068674985127433,1.594326270026086e-07,0.221,0.0002127008391578135
Tpm4,-0.49026965912516723,4.579492855123253e-07,0.926,0.0004582164225955408
Slc16a3,-0.48602073275735885,5.946844843300728e-07,0.505,0.0005492597387193218
Tmem45a,-0.4796147008919709,8.759876523556532e-07,0.621,0.0007404578295936705
Col5a1,-0.4787031669157332,9.250326845927423e-07,0.916,0.0007404578295936705
Mmp14,-0.4746722548525496,1.1748053832575007e-06,0.895,0.000841677911990632
Tln2,-0.47443009177680473,1.191681894215103e-06,0.558,0.000841677911990632
Mmp2,-0.47134724833843,1.4275941005635976e-06,0.442,0.0008545779859139375
P4ha2,-0.47097824366598695,1.458623158395962e-06,0.453,0.0008545779859139375
Myh9,-0.47053255554794593,1.496950946515982e-06,0.863,0.0008545779859139375
Bgn,-0.4697454848345002,1.5669730604230446e-06,0.979,0.0008545779859139375
Mif,-0.4689910864189353,1.6369862310336108e-06,0.842,0.0008545779859139375
Inhba,-0.4650887459762819,2.048912114246371e-06,0.211,0.0010250536564898407
Fbln2,-0.4612127079838575,2.5536561010473315e-06,0.937,0.0012264699522110123
Elk3,-0.4527828890245357,4.084759079068465e-06,0.726,0.0018863731639375025
Tes,-0.4494775036527674,4.894269250514282e-06,0.421,0.0021255111585336225
Amotl1,-0.44924472196568216,4.9566346663564114e-06,0.705,0.0021255111585336225
Prelid2,-0.43877176266418705,8.67875865046857e-06,0.347,0.00315775318533867
Jak3,-0.43588664849543607,1.009422706082343e-05,0.2,0.0035647465976266744
Wipi1,-0.4342703705753927,1.097921233322364e-05,0.705,0.0037664972138576067
Nt5e,-0.4334603764438656,1.1449648231753502e-05,0.305,0.0038187757310740086
Fblim1,-0.42991477242412024,1.374056011060326e-05,0.663,0.004282387786966537
Runx2,-0.4294032114073619,1.4104578101834062e-05,0.495,0.004282387786966537
Pdlim7,-0.42917989782940663,1.4266303945920004e-05,0.768,0.004282387786966537
Sema7a,-0.4239689312570268,1.8572187723705464e-05,0.137,0.005406576760508072
Ccn4,-0.4235808557131095,1.893732867504001e-05,0.526,0.005406576760508072
Slc39a6,-0.4231379519938983,1.9362272066448497e-05,0.642,0.005406576760508072
Ets1,-0.4118494936888042,3.373519768740698e-05,0.442,0.00872224480844416
Prnp,-0.41052726532681233,3.595555009040546e-05,0.737,0.008810577345622416
Gadd45g,-0.40828234966623134,4.004062628244841e-05,0.305,0.009242052939337858
Fhdc1,-0.4081925105071448,4.0212790786743116e-05,0.337,0.009242052939337858
Cthrc1,-0.4080556100416028,4.04764710838912e-05,0.221,0.009242052939337858
Lbh,-0.40693594373026587,4.269440271914892e-05,0.579,0.009242052939337858
Siah2,-0.4068260748998955,4.291804425322767e-05,0.326,0.009242052939337858
Gpc1,-0.4067349131838085,4.310443612916799e-05,0.274,0.009242052939337858
Runx1,-0.40421635178712895,4.856268840627455e-05,0.789,0.009882918638883704
Tnfrsf23,-0.40266815617404844,5.2230921872478765e-05,0.305,0.010115107724562138
Tpm2,-0.4021689566425462,5.346771609140789e-05,0.832,0.010190267731897374
Pxdn,-0.4000866488239487,5.8927020163214814e-05,0.684,0.010720253501510913
Itga5,-0.39879876065462827,6.255888201858742e-05,0.642,0.011211111886525063
Pmepa1,-0.39770002292459933,6.582099474663976e-05,0.832,0.011442682496582559
Pkm,-0.3974382315327981,6.66212622019462e-05,0.947,0.011442682496582559
Dap,-0.3974093614946116,6.671006702430074e-05,0.905,0.011442682496582559
P4hb,-0.39591215626460713,7.146947325315477e-05,0.937,0.011755259799323688
Col1a1,-0.39387449436241717,7.845565790858934e-05,0.968,0.0127299606014653
5730419F03Rik,-0.3922786742893026,8.43648489192954e-05,0.442,0.013506249879653064
Gm17501,-0.3902106566230844,9.263855454392002e-05,0.116,0.014392389684020169
Traf4,-0.38895104394896085,9.804101666534836e-05,0.358,0.014813380770929516
Gapdh,-0.3882440414829388,0.00010120010626608884,0.916,0.0150013540239127
Ece1,-0.3860233574130463,0.00011174800897666097,0.611,0.015630662545931786
Ereg,-0.3858488422754996,0.0001126187344864382,0.105,0.015630662545931786
Dhx40,-0.38543620785870875,0.00011470263156555505,0.642,0.015630662545931786
Myo7a,-0.3854078057007095,0.00011484737668089066,0.221,0.015630662545931786
Nt5dc2,-0.3851871798758296,0.00011597752983326768,0.453,0.015630662545931786
Loxl2,-0.3850368747913277,0.00011675336469973145,0.832,0.015630662545931786
Pofut2,-0.3829484122107116,0.00012804371702475301,0.779,0.01671109685126315
Srgap3,-0.38181158096493495,0.00013460691853673127,0.379,0.017378766353446585
Adamts4,-0.38129491677457994,0.00013769161232583046,0.316,0.017587906268045173
Mthfd1l,-0.3809532940660862,0.00013976707248552177,0.526,0.017665086729827997
E2f1,-0.37892168508424295,0.000152720447364844,0.189,0.01890427228360497
Jmjd6,-0.3773171883321769,0.00016372674395449073,0.579,0.019952553449995983
Fzd2,-0.377206480609212,0.0001645126002789708,0.611,0.019952553449995983
Kdelr3,-0.3760046111825561,0.000173271626453912,0.632,0.020658974990842117
Enpp3,-0.37593681581450966,0.0001737783354772261,0.379,0.020658974990842117
Zfp618,-0.3747184181674399,0.000183121676668163,0.263,0.021315549299560272
Fstl1,-0.3745782888716358,0.00018422554590245642,0.947,0.021315549299560272
Insyn1,-0.37452751148569446,0.0001846270614769941,0.347,0.021315549299560272
Rnf19b,-0.3737602462366064,0.0001907934405250512,0.495,0.021817684194136093
Ch25h,-0.3680074006289242,0.00024345740373156027,0.358,0.02683178786249026
Rps15,-0.36799540872078884,0.00024357998475984326,0.979,0.02683178786249026
Pi4k2b,-0.36772562752153454,0.00024635278004297626,0.505,0.02689052572705469
Serpinf1,-0.3664958322516347,0.0002593653706181113,0.705,0.02805585590100597
Mex3b,-0.3655731653749334,0.00026954123993143045,0.316,0.028896264891577546
Col6a3,-0.36458627559135814,0.0002808319030204285,0.895,0.0298402536244804
Rab31,-0.36300426179541495,0.00029984401935545426,0.716,0.03126109998105825
Nid1,-0.3628295772321484,0.00030201445804970073,0.811,0.03126109998105825
4833422C13Rik,-0.3610982688752428,0.00032432202837497076,0.158,0.03272382012351491
Ankrd50,-0.3607595614753027,0.00032885978497794487,0.358,0.032905161985251535
Fbxw7,-0.35831311694692863,0.00036341148874667503,0.568,0.036061832606457254
Nexn,-0.35775291082378297,0.00037177939166460155,0.284,0.03629231833916155
Col15a1,-0.3571124308069199,0.0003815632394253498,0.4,0.03694701464338851
Pdgfc,-0.35621970915074747,0.00039559547308941405,0.242,0.03799931876307676
Grhpr,-0.3541239420828351,0.00043042126051144684,0.568,0.03999382927761538
Bmp1,-0.3538134262922814,0.00043581425007383157,0.916,0.03999382927761538
Sdc1,-0.3534349639877678,0.0004424712030817111,0.653,0.03999382927761538
Col5a2,-0.3533727282060432,0.00044357479407057884,0.926,0.03999382927761538
Soat1,-0.35328568106533353,0.00044512259004978583,0.811,0.03999382927761538
Cd276,-0.35294415979394667,0.00045124323378890267,0.337,0.03999382927761538
Cdkl3,-0.35282953543435475,0.0004533147518782933,0.242,0.03999382927761538
Xndc1,-0.3527340899892182,0.0004550463209794098,0.274,0.03999382927761538
Runx2os1,-0.3527126510633793,0.00045543609957744057,0.179,0.03999382927761538
Pgm1,-0.35270690964328755,0.00045554053567656446,0.642,0.03999382927761538
Cryab,-0.35266354616719003,0.00045633002507148386,0.737,0.03999382927761538
Kif26b,-0.3516218106869155,0.0004756778124384169,0.674,0.0406688274173695
Tbc1d25,-0.35161512503816744,0.00047580437753054304,0.158,0.0406688274173695
Tmem97,-0.35152149450405257,0.00047758013374274167,0.463,0.0406688274173695
Gm5914,-0.35007327619498724,0.0005058321753951004,0.179,0.042344595792681176
Myh10,-0.349973253578704,0.0005078389101479212,0.495,0.042344595792681176
Dnajb1,-0.349433321841198,0.0005187980888639669,0.495,0.04266581269170993
Eno1b,-0.3485332149492577,0.0005375509216746248,0.105,0.043610634571264996
Cald1,-0.3466352171541136,0.0005791460656579652,0.937,0.04635871206903459
Casp2,-0.3461694401001111,0.0005897943625090697,0.347,0.04689841662679735
Ctsc,-0.34498203784818626,0.0006177561026837535,0.8,0.04838241335211704
Unc5b,-0.3447961195117163,0.0006222424870670513,0.526,0.04838241335211704
D130058E05Rik,-0.34469993603495075,0.0006245751702821805,0.116,0.04838241335211704
Bace1,-0.3444243598652221,0.000631302945842108,0.632,0.04859009276106533
Gpx3,-0.3432200738139437,0.0006614889256498316,0.421,0.04995281465583352
Lrfn4,-0.3428313479059997,0.0006715107901419666,0.211,0.0503926878577162
Pdk1,-0.3409467460198858,0.0007220956655649154,0.484,0.05351976948418482
Col5a3,-0.34059392636140734,0.0007319440719942712,0.6,0.0537809927288503
Rpl12,-0.3405002869914634,0.000734578396562959,0.968,0.0537809927288503
Foxs1,-0.33977030339541725,0.0007554136621526296,0.305,0.0549712232816159
Osgin2,-0.3385032796429792,0.0007928628085511383,0.253,0.05700541163038035
Trim41,-0.33802326894904133,0.0008074875710985137,0.484,0.05736984181171511
Bloc1s4,-0.3376823053445315,0.0008180250220433201,0.463,0.05753723316301197
Uck2,-0.3375554030668544,0.0008219788654959747,0.558,0.05753723316301197
F2r,-0.3373600981183932,0.0008280979879998209,0.411,0.05753723316301197
Tmeff1,-0.33733105379192335,0.0008290115213792847,0.116,0.05753723316301197
Agrp,-0.33631237711095185,0.0008616397031635517,0.2,0.05870105603199958
Vav3,-0.33600396004443733,0.0008717468243380241,0.484,0.05870105603199958
Mpzl1,-0.33591236656804097,0.000874769186206259,0.316,0.05870105603199958
Cdk1,-0.33576970538386003,0.0008794956962420427,0.368,0.05870105603199958
Fn1,-0.3356337937807885,0.0008840202363867565,0.947,0.05870105603199958
Gtf2ird1,-0.3354225451746422,0.0008910949169387012,0.547,0.05870105603199958
Adam12,-0.33541366911380166,0.000891393301725928,0.411,0.05870105603199958
Kdelr2,-0.3353000437039343,0.0008952210809097579,0.895,0.05870105603199958
Rpl23a,-0.3351718353559151,0.0008995581169224555,0.947,0.05870105603199958
Fhl2,-0.3350031824311249,0.0009052924871331712,0.242,0.058726172709628065
Notch3,-0.3344389100872172,0.000924721433453073,0.2,0.05937502808273287
Slc9b2,-0.3341325362346235,0.0009354289283641393,0.105,0.05954927060946204
Rnf19a,-0.3327956312412176,0.0009834874269010038,0.642,0.062151229130528174
Hmgb3,-0.3325461307859393,0.0009927015155228025,0.4,0.06240506333446225
Lox,-0.33139956140893595,0.0010360636343256949,0.768,0.06412379411004443
Palld,-0.330755145450721,0.0010611848907104732,0.895,0.06534177939877257
Col6a2,-0.3300798498815846,0.0010881036079692236,0.905,0.06611361451557521
3300005D01Rik,-0.3298101985211648,0.0010990249436120371,0.211,0.06611361451557521
Galk1,-0.32959097490872324,0.00110797725414598,0.811,0.06611361451557521
Tceal9,-0.32955787041371043,0.0011093348731094994,0.926,0.06611361451557521
Dgat1,-0.3295161852897324,0.0011110465367278769,0.326,0.06611361451557521
Mex3a,-0.32893056603388227,0.0011353483484888296,0.347,0.06656481182529676
Aldh1a3,-0.3288797408981603,0.0011374801004041266,0.284,0.06656481182529676
Etl4,-0.3287513013622233,0.0011428834528211611,0.295,0.06656481182529676
Prelid1,-0.3286402621341256,0.0011475735860611669,0.895,0.06656481182529676
Slc6a8,-0.32717842478721726,0.0012109725899178167,0.547,0.06950105797713983
Tbcb,-0.3270753803666644,0.0012155594382609615,0.779,0.06950105797713983
Gabbr1,-0.32685879969845993,0.0012252516576258898,0.411,0.06961372267338616
Itgb1,-0.32651976098341284,0.0012405650534895191,0.926,0.06961372267338616
Rpl13a,-0.32651632864801133,0.0012407209671112382,0.968,0.06961372267338616
Rbl2,-0.32632123740272045,0.0012496122879817832,0.537,0.0697864871711501
Rps12,-0.32605439609011955,0.0012618673514199837,0.968,0.07003262661396785
Pak1,-0.32597175114990273,0.0012656850150104958,0.295,0.07003262661396785
Glcci1,-0.3256344330665395,0.0012813759527256902,0.411,0.07025333819350393
Arhgdig,-0.325377237314731,0.0012934583137982807,0.274,0.07059342715352708
Mmd,-0.32497285373581414,0.001312664445884501,0.589,0.07067785651002334
Fermt2,-0.3242615351342938,0.0013470776216218555,0.821,0.07177985342842953
Pgk1,-0.3233528766931901,0.0013922283000246604,0.937,0.07276150873611494
F730043M19Rik,-0.32333109719851805,0.0013933271591499829,0.158,0.07276150873611494
Tpm1,-0.32332207598681095,0.0013937825442913662,0.874,0.07276150873611494
Col8a2,-0.32280742776421284,0.0014199862981018401,0.116,0.07302136686725057
Suv39h1,-0.3225238539936026,0.0014346148441515688,0.211,0.07302136686725057
Pgam1,-0.3224347808604727,0.0014392379279236193,0.884,0.07302136686725057
Ank1,-0.3222993446587083,0.0014462932415747103,0.242,0.07302136686725057
Plod2,-0.32189900869853444,0.0014673317703424906,0.768,0.07319485542698118
Msn,-0.3218964454656442,0.001467467363012242,0.895,0.07319485542698118
Hif1a,-0.3218648497288423,0.00146913968167756,0.874,0.07319485542698118
Smarcd1,-0.32075056198661533,0.001529233645154612,0.526,0.07556176286984127
Trappc5,-0.3198130704684268,0.0015815085036960347,0.716,0.07750682695460526
Gm6093,-0.31955563108942825,0.0015961438905101777,0.263,0.07777185060778462
Chst11,-0.31949041787054533,0.0015998706671210795,0.768,0.07777185060778462
Ilk,-0.31767242164505166,0.001706989026709841,0.842,0.08198326897482025
Efna4,-0.31649101895954834,0.0017800341697084743,0.221,0.08488824791602549
Myo10,-0.31549725811031454,0.0018436534751641801,0.326,0.0874970248074953
Prdx6,-0.31500475538078027,0.0018759383208763086,0.811,0.0883309467402425
Prkcsh,-0.3137541856422682,0.0019602243233545137,0.8,0.09158137529384298
Glg1,-0.3133666629940569,0.0019870281245643493,0.842,0.09247247874445462
Pcgf2,-0.31325660293907054,0.0019947007574592944,0.379,0.09247247874445462
Timp1,-0.3130428698329856,0.002009677217945429,0.958,0.09278899805581103
Sipa1l1,-0.31249571852930325,0.0020484802091772746,0.726,0.0930849704505721
Scarb2,-0.3124783547581751,0.002049722611469552,0.863,0.0930849704505721
Mxi1,-0.3123449292406118,0.002059292107685202,0.6,0.0930849704505721
Prr7,-0.31227153463419693,0.0020645732602812966,0.168,0.0930849704505721
Jag1,-0.31225559031546035,0.002065722157908371,0.453,0.0930849704505721
Fstl3,-0.31219721905948566,0.0020699331315318357,0.379,0.0930849704505721
Slc2a1,-0.3116045470336904,0.002113129890857956,0.568,0.09432100594621368
Vegfa,-0.31142938989651575,0.0021260509455930253,0.568,0.09454627297679798
Wnt11,-0.3108971263377621,0.0021657536548384346,0.211,0.09541311375927074
Slc5a6,-0.31042922929922206,0.00220120600296397,0.105,0.09645941780141747
Nap1l1,-0.3096729923839602,0.0022596130903584795,0.884,0.09808858201385601
Shc4,-0.30943064208908316,0.0022786241127981536,0.105,0.09808858201385601
Eno1,-0.30942294855331826,0.002279229980999902,0.863,0.09808858201385601
Gm56768,-0.3090731397485947,0.002306931354805917,0.853,0.09892615991840946
Col6a1,-0.3086542773424974,0.0023404999229291114,0.905,0.09954061138973744
Dock6,-0.3085096594848558,0.002352191703200955,0.316,0.09954061138973744
Tsku,-0.308482157702598,0.00235442105727371,0.253,0.09954061138973744
Rmc1,-0.30822905157360475,0.0023750279172251062,0.358,0.09971638840463129
Cdc45,-0.3082270882347443,0.00237518839707875,0.137,0.09971638840463129
Ass1,-0.30804365228043457,0.00239022527796175,0.295,0.09999803105396074
Rrm2,-0.3073625725664773,0.0024468086682896094,0.147,0.10170134447879205
Nebl,-0.307235803132592,0.0024574726699964702,0.179,0.10174784258154351
Haus7,-0.3066932075563175,0.002503590791605002,0.337,0.10287539610496894
Csnk1g3,-0.30668607983371216,0.0025042017633194634,0.821,0.10287539610496894
Gtf3c1,-0.30656826960942735,0.002514319635214166,0.632,0.10287539610496894
Traf3ip1,-0.3063666544839938,0.002531720278633568,0.168,0.10287539610496894
Cadm4,-0.3061815922328939,0.0025477875962512816,0.832,0.10287539610496894
Frmd4a,-0.30612305199631973,0.0025528891924267412,0.411,0.10287539610496894
Fkbp10,-0.30572282936339296,0.00258801421477356,0.716,0.10323683281324299
Stil,-0.3055092635807798,0.0026069348630811252,0.137,0.10364724139408964
Rnf149,-0.30508906729670093,0.002644525311197101,0.632,0.10479477033512737
Mdfic,-0.3048404529460443,0.0026669949663135598,0.684,0.105337528159628
Mtres1,-0.3046478913567382,0.0026845163932801915,0.6,0.10568192896431233
Ywhaz,-0.30434296219266904,0.0027124740324797393,0.926,0.10608689155695188
Rplp2,-0.3041335965247081,0.0027318211051141675,0.968,0.10649667535423964
Maged1,-0.30372694000403727,0.002769754178316705,0.926,0.10727883360983445
Plxnd1,-0.3035114265389277,0.0027900486305944476,0.358,0.10771740806285379
Lrsam1,-0.3034034735080262,0.0028002644762201018,0.189,0.10774382622281518
Zfp865,-0.30321976924456867,0.0028177261058419893,0.432,0.10774382622281518
Chaf1a,-0.3031265254283451,0.0028266265728480707,0.232,0.10774382622281518
C130036L24Rik,-0.3028851570183313,0.0028497834863454538,0.137,0.10794116820362733
Aldoa,-0.3023408900796158,0.002902626934758241,0.926,0.10821940569958062
Tmsb10,-0.3023005213364342,0.0029065812048303824,0.916,0.10821940569958062
Nppc,-0.3022439745245793,0.002912128309946692,0.168,0.10821940569958062
Myl9,-0.30219880881591227,0.002916565782073512,0.221,0.10821940569958062
Cul3,-0.30216165656510185,0.0029202204919350477,0.832,0.10821940569958062
Rnaseh2c,-0.3019553953792512,0.0029405855202782652,0.695,0.1084015815112714
Msantd3,-0.30183587933212624,0.0029524440912019347,0.284,0.10840977432128938
Kif21b,-0.30046389806243473,0.0030916816358300494,0.284,0.11249036788306485
Serinc2,-0.3002015922063481,0.003118963136116372,0.326,0.11312946191115493
P4ha1,-0.3001142948268731,0.00312809039347909,0.853,0.11312946191115493
Prkg2,-0.2980608890218868,0.0033498065048911947,0.432,0.12025096322318064
Uaca,-0.2980138275928956,0.0033550489447626815,0.484,0.12025096322318064
Mtmr2,-0.29782484659791786,0.0033761746995081576,0.495,0.12057556421207295
Fam43a,-0.297753425691535,0.0033841896509926362,0.189,0.12057556421207295
Tubgcp6,-0.2974873002509032,0.00341420487934093,0.189,0.12072432470333411
Emilin1,-0.29745161653386815,0.003418247577028295,0.8,0.12072432470333411
Uhrf2,-0.2974491392683905,0.0034185283916993085,0.821,0.12072432470333411
Gm57402,-0.29706382915085644,0.00346245819730262,0.337,0.12191711312320398
Stc2,-0.2966489763250405,0.003510320626794333,0.2,0.12324099346760103
Stx7,-0.2960855086748206,0.003576277323151771,0.811,0.12519055923930997
Setd3,-0.2959809563255396,0.003588636953600351,0.747,0.12525803459848667
Tk1,-0.29575488474544276,0.0036154927067216505,0.211,0.12546595644395045
E2f5,-0.29541026386386005,0.0036567773369180134,0.389,0.1265329264679383
Samd14,-0.2946778250881393,0.00374592489729899,0.179,0.12694246358509292
Rps25,-0.29462817165897986,0.00375203812755225,0.958,0.12694246358509292
Map9,-0.2944846968755072,0.0037697526104491954,0.158,0.12694246358509292
Ikbip,-0.2944081134761052,0.003779238751591022,0.853,0.12694246358509292
Lmna,-0.29395539999027503,0.0038357521254561325,0.884,0.1282893475497264
P3h3,-0.29369868017747863,0.0038681336170951104,0.611,0.1288140980485921
Sh3pxd2a,-0.29360863046452185,0.0038795498256261668,0.768,0.1288140980485921
Pfkl,-0.29343058032710817,0.003902211095594506,0.726,0.1288140980485921
Mxra7,-0.29317614230906125,0.003934799876818325,0.716,0.1294387455368702
Ezh2,-0.29297176182025214,0.003961153079525718,0.579,0.12994284898481864
Syce2,-0.2928897768847751,0.0039717685997691715,0.316,0.12994284898481864
Cdr2,-0.29245377616570534,0.004028650603181423,0.253,0.1307505974149934
Ak4,-0.29225901055162584,0.004054294561252541,0.211,0.13121270834759907
Gpn2,-0.29202867812726996,0.004084809481515561,0.232,0.13159156987701873
Ckap4,-0.2918131155707561,0.004113553230813616,0.916,0.13159156987701873
Usp13,-0.29170120017185386,0.004128547449127316,0.326,0.13159156987701873
Panx1,-0.29165825903074655,0.004134313561764274,0.411,0.13159156987701873
Ankrd35,-0.2916187911253479,0.004139619628664484,0.116,0.13159156987701873
Slc22a21,-0.29134718537326354,0.004176299454245534,0.179,0.13159156987701873
Mmaa,-0.29134072533648475,0.004177175389791732,0.242,0.13159156987701873
Hmga2,-0.2912501612994738,0.004189472508483287,0.168,0.13159156987701873
Hnrnpa0,-0.29120263632252086,0.004195938540674036,0.863,0.13159156987701873
Ubxn2b,-0.2910331939422486,0.004219064637399951,0.4,0.13192267995120108
E130307A14Rik,-0.28995920371152345,0.004368309925775725,0.295,0.13416116391178723
Fnbp1l,-0.2898599241082704,0.004382341047755221,0.389,0.13416116391178723
Igfbp3,-0.28976877370324866,0.004395258645101181,0.274,0.13416116391178723
Dnph1,-0.2896007920487486,0.004419153527996321,0.126,0.13416116391178723
Nrep,-0.28951561742488574,0.004431313553467626,0.411,0.13416116391178723
Fmnl3,-0.2894365169193134,0.0044426331071356195,0.379,0.13416116391178723
Dusp7,-0.28940546021282293,0.004447084470466505,0.526,0.13416116391178723
Reep5,-0.28931052697547655,0.0044607159300167395,0.863,0.1341768222479131
Ska2,-0.2890954583743584,0.004491735477111904,0.389,0.1341768222479131
Vill,-0.28909153565658385,0.004492303035201222,0.274,0.1341768222479131
Pmpca,-0.2889243471934684,0.004516552176534816,0.537,0.13456635727953734
Flnb,-0.2885272105377361,0.004574621422775488,0.779,0.13544716804115464
Gucy1b1,-0.2883289176222013,0.004603864004927465,0.105,0.13544716804115464
Marcksl1,-0.2882618000792313,0.004613799594306009,0.747,0.13544716804115464
Itprip,-0.2880296115146028,0.004648318588151628,0.189,0.13612771045838196
Nr2f1,-0.2877362270751698,0.0046922643030931745,0.158,0.1361916909265434
Mical2,-0.28772753506421117,0.004693571893598793,0.853,0.1361916909265434
Etv4,-0.2876027646600396,0.004712377635781408,0.4,0.136341007886331
Cdc25c,-0.2874619857574862,0.0047336767596701645,0.116,0.13662802128211457
Tspan6,-0.2872271300123708,0.004769400055234904,0.253,0.13732898432423382
Mdga1,-0.2870966662117392,0.004789348085055508,0.158,0.13737620930892597
Hic1,-0.2869922675225778,0.004805364196697669,0.368,0.13737620930892597
Pdgfrl,-0.28660543192410876,0.004865126208516564,0.116,0.13831296592363312
Csrnp1,-0.28651864890181145,0.004878623761142624,0.326,0.13831296592363312
Ing1,-0.28646919560299067,0.00488633023679363,0.674,0.13831296592363312
Lef1,-0.28635562862719355,0.004904068781465701,0.137,0.13831296592363312
Eogt,-0.28620013989101384,0.004928448201571401,0.253,0.13831296592363312
Hspb7,-0.286190330069101,0.004929989914989654,0.211,0.13831296592363312
Inava,-0.28613438712916733,0.004938790121301146,0.242,0.13831296592363312
Tmem263,-0.2861152367774446,0.0049418058117130514,0.768,0.13831296592363312
Casp8,-0.2857557540286213,0.004998719980987908,0.716,0.13835672398627216
Wee1,-0.2855093028308041,0.005038074860457404,0.274,0.13906244792991276
Enc1,-0.2853875668238666,0.005057615915694734,0.716,0.13928163830217127
Lppos,-0.2851682664597623,0.005092988131985148,0.4,0.13956073097434
Lrrc59,-0.28510878419909585,0.005102620213020342,0.737,0.13956073097434
Snai2,-0.28481159046105453,0.005150988430505491,0.179,0.14056345019336233
Anapc5,-0.2843856330207267,0.0052210236280906125,0.811,0.14182993371602712
Impdh1,-0.2842328273487769,0.005246353166188045,0.358,0.14219630353593646
Nectin1,-0.2841348835764307,0.005262646001452792,0.358,0.14227481947605508
Spryd3,-0.2839309309996525,0.005296717647818305,0.379,0.14259571479227443
Incenp,-0.2836536723908143,0.0053433498351253324,0.316,0.1426494479921658
Camta1,-0.2836408027105842,0.005345523219530947,0.611,0.1426494479921658
Degs1,-0.283566324913955,0.005358116185930438,0.8,0.1426494479921658
Acot7,-0.28314998602785224,0.005428998827307822,0.642,0.14367664235826955
Ccnf,-0.28302063824198936,0.005451189492997608,0.105,0.14385149943389514
Ankrd44,-0.2827698740907515,0.005494439677911763,0.695,0.1446748623085231
Csrp1,-0.282336173905485,0.005569961031850644,0.789,0.1453375203074501
Sphk1,-0.2822654063112212,0.005582371032108258,0.263,0.1453375203074501
Lsm8,-0.28220927172149196,0.005592232396272336,0.674,0.1453375203074501
Haus6,-0.28196799685110163,0.005634794284821111,0.295,0.14612737576208873
Kcnk2,-0.28189065797788493,0.005648497892881169,0.105,0.14616705646513833
Jade1,-0.28161088776489346,0.00569831745146177,0.674,0.1463606585557884
Nkain1,-0.28157499054355617,0.005704737919889145,0.211,0.1463606585557884
Dtl,-0.28135600431106617,0.0057440443188679765,0.189,0.147054883020571
Pde4dip,-0.28122285679187553,0.005768060581112541,0.705,0.14735553914344315
Dynlt1a,-0.2808485546338883,0.005836052524965945,0.337,0.14877597169270934
Emid1,-0.2805339768110502,0.005893744237138833,0.116,0.1496437042085962
Pole,-0.28040333096859404,0.005917852136772048,0.158,0.1496437042085962
Gm14327,-0.2801149160041669,0.0059713827288184205,0.263,0.15062687484227474
Lclat1,-0.28003462453155287,0.005986361213678871,0.411,0.15068813226969016
Xpnpep1,-0.2794015228366722,0.0061056384655003735,0.737,0.15304885397758453
Mki67,-0.2790746297747012,0.006168046033231979,0.242,0.15429110150211744
Adamts6,-0.2788860906410655,0.0062042966302339846,0.337,0.1547518588748578
Trmt10c,-0.2788448945109898,0.006212242523334842,0.4,0.1547518588748578
Nav3,-0.2783667864263033,0.006305121249389962,0.168,0.15571491757347974
Tacc1,-0.27834959356836986,0.006308483966537847,0.684,0.15571491757347974
1700025G04Rik,-0.27823580732674763,0.006330779250766714,0.684,0.15571491757347974
Gm12184,-0.2781904840999788,0.006339679296148127,0.147,0.15571491757347974
Ccdc138,-0.2781812818625298,0.0063414876761740974,0.263,0.15571491757347974
Col27a1,-0.2777802327813886,0.006420744913426489,0.474,0.15670702617398263
Racgap1,-0.27763010577542757,0.006450638491310957,0.263,0.15710510418898715
Stard13,-0.2773225531489493,0.006512263849211641,0.368,0.15795259960369376
H3c3,-0.27727151441627396,0.006522540893314049,0.116,0.15795259960369376
Gnai2,-0.2772598022206802,0.006524901257885576,0.895,0.15795259960369376
C1qtnf6,-0.27684845588282603,0.006608280920882464,0.716,0.1596491529517822
Tiprl,-0.27651037689674457,0.006677513504258114,0.674,0.1606751596104753
Cfl1,-0.276397955635646,0.00670067707918987,0.926,0.16091005937966554
Thoc6,-0.2763099345694983,0.006718862738440331,0.432,0.16102472036018575
Mb21d2,-0.2761135692164013,0.00675959031225253,0.295,0.16167808940082892
Commd7,-0.27541819020281755,0.006905577421127826,0.716,0.16414902070210255
Prdx4,-0.27538951014383944,0.006911657855162689,0.811,0.16414902070210255
Slc16a2,-0.27525755672464025,0.006939694183856316,0.695,0.16414902070210255
Rnaseh2b,-0.275155937699231,0.0069613537663125,0.505,0.16414902070210255
Cchcr1,-0.2751377641272927,0.0069652336614413,0.368,0.16414902070210255
2810408I11Rik,-0.27503916907663434,0.006986316141587723,0.137,0.16414902070210255
Olfml3,-0.2749950137174773,0.006995776101418566,0.758,0.16414902070210255
Kat14,-0.2749771408620576,0.006999608445030108,0.358,0.16414902070210255
Pclaf,-0.27463114454011367,0.007074164245579999,0.179,0.16525192625813045
Atl2,-0.2745355942095151,0.007094876781072458,0.484,0.16541395244725632
Fosl1,-0.2741851798968056,0.007171295543785483,0.284,0.16667106475165688
Dcbld1,-0.2740720339210107,0.0071961253009947095,0.116,0.16667106475165688
Cyp4f16,-0.2739770219488947,0.007217034171298562,0.347,0.16667106475165688
Pstpip1,-0.2739246734241988,0.00722857718448093,0.295,0.16667106475165688
Zc3h12c,-0.2739073012353717,0.007232411406679056,0.295,0.16667106475165688
Adamts12,-0.2738459596197612,0.007245964504069701,0.389,0.16667106475165688
Usf2,-0.2732327673976432,0.00738268316946414,0.758,0.16885450229245036
Apln,-0.27316648303725594,0.007397597544228987,0.263,0.16885450229245036
Dact3,-0.27313253314953684,0.007405246761373465,0.358,0.16885450229245036
Arsj,-0.27310611565147946,0.007411203690190833,0.189,0.16885450229245036
Ttll5,-0.2730029847764623,0.0074344993468720595,0.495,0.16906445768540307
Gdf6,-0.27260153605827825,0.0075257967212081925,0.347,0.16964162982582937
Kremen1,-0.27254120732215587,0.007539601798404526,0.558,0.16964162982582937
Qsox2,-0.27251916434579426,0.0075446514805524185,0.253,0.16964162982582937
Serpini1,-0.2724040794815657,0.007571063996016596,0.105,0.16976894157563527
Erbb2,-0.2723713437640594,0.00757859187844928,0.263,0.16976894157563527
Fgfr1,-0.2722120524182163,0.007615316691865343,0.611,0.1702519514330133
Rpl28,-0.2721482663797752,0.00763006658637158,0.968,0.1702519514330133
Pdik1l,-0.2720305086298255,0.007657363102444885,0.368,0.1702519514330133
Fbxo31,-0.27191768036146585,0.0076835976870480716,0.337,0.1702519514330133
Slc35d2,-0.27178362904049613,0.007714869988176576,0.232,0.17057438914537937
Nanos3,-0.2715810794206421,0.007762334847122673,0.126,0.17068334685955538
Gnas,-0.27156778165660145,0.007765459989369001,0.926,0.17068334685955538
Tmem63b,-0.27105589598478325,0.00788660569625672,0.474,0.1724853817758733
Chaf1b,-0.27064570991189707,0.007984881347923472,0.274,0.17422367025623803
Syde1,-0.2706032881653246,0.007995106380543612,0.495,0.17422367025623803
Tns1,-0.27022080030397977,0.008087820542859663,0.653,0.17592474865600718
Decr2,-0.27010085168736764,0.008117090173618384,0.495,0.17624213691615903
Cdkn2b,-0.2699294450795524,0.008159078353939628,0.326,0.17683403212229803
Bmper,-0.26959775757623816,0.008240872704813695,0.463,0.17705553797692866
Cnn2,-0.2695667180431543,0.00824856388046887,0.684,0.17705553797692866
Ada,-0.26931894591941113,0.008310185314110484,0.189,0.17705553797692866
Plcg1,-0.2693124112982155,0.008311815956483498,0.4,0.17705553797692866
Nomo1,-0.26920958674958717,0.008337511786754284,0.558,0.17718319296205076
Wdr1,-0.2691206498142581,0.008359793460502765,0.821,0.17734282699691997
Tacc3,-0.26885134248380516,0.008427583826921901,0.253,0.17833804702334025
Tnfrsf19,-0.26879399708705637,0.008442081177808461,0.284,0.17833804702334025
Azin2,-0.2687577113180716,0.008451265824625685,0.358,0.17833804702334025
Pafah1b2,-0.26866173050601116,0.008475602861916346,0.811,0.17853783081233257
Ubr5,-0.2685113397827817,0.008513860142624789,0.863,0.17880515706402433
Sox5os4,-0.26831549753360406,0.008563907289236937,0.179,0.17928733688457002
Tmem120b,-0.26813744446708554,0.008609632798801921,0.179,0.1797841061134168
Smarce1,-0.26792478016271176,0.00866452799544172,0.842,0.18042148041031802
Praf2,-0.2679028413086169,0.008670208561401974,0.568,0.18042148041031802
Golga7,-0.26774092838497787,0.008712233572325687,0.768,0.1806697556181598
Cacna1c,-0.2675788949614338,0.008754469026491381,0.189,0.18093788115489942
Erlec1,-0.2674605109499667,0.008785440552453266,0.8,0.18093788115489942
Fbxo5,-0.26733085604944185,0.008819471216075412,0.137,0.18115508668077787
Abhd13,-0.2672644318381375,0.008836950488773906,0.368,0.18115508668077787
Polr3g,-0.26724811317324554,0.008841249337464465,0.147,0.18115508668077787
Got2,-0.26697820658613397,0.00891261825661556,0.716,0.1819962711006514
Tmx1,-0.2665895113689007,0.009016286642311277,0.6,0.18277229656153113
Bicd2,-0.26650341450656245,0.009039392196198216,0.432,0.18277229656153113
Pcnt,-0.2664938797474777,0.00904195420650866,0.516,0.18277229656153113
Tbc1d22a,-0.26627719276280476,0.009100350667849639,0.4,0.18352213403913353
Nupl2,-0.2661474396059963,0.00913547705661306,0.179,0.18352213403913353
Rhoq,-0.2656531831245034,0.00927037360565789,0.726,0.1855156264718905
Adgrl2,-0.26528189109759887,0.00937285670858704,0.337,0.1866333175787804
Ap2a1,-0.265137408157106,0.009413004452774503,0.642,0.18712242461003883
Pop1,-0.2650524481812274,0.009436682828017094,0.263,0.18723507383030455
Polr1e,-0.2645841788829306,0.009568129790793209,0.221,0.18880362623459387
Bhlhe40,-0.2645000234772084,0.009591922378870847,0.716,0.18880362623459387
Gmppb,-0.26441436386976286,0.009616193513134006,0.547,0.18897158021636662
Rrbp1,-0.26413840596346283,0.009694751177452093,0.916,0.19020404801906415
Acadsb,-0.2640669260679744,0.009715191079288477,0.779,0.1902941260832247
Dusp4,-0.26359326615629547,0.009851592905380048,0.421,0.19234636942791677
1700016P03Rik,-0.2635918458420384,0.00985200443059622,0.116,0.19234636942791677
Suz12,-0.26341954413040924,0.009902039457710132,0.705,0.1927900248015866
Lman1,-0.26316991734323,0.009974924074611584,0.895,0.19341488489726696
Spp1,-0.2631144647956503,0.00999117845936199,0.726,0.19341488489726696
Hdac2,-0.26307311759397206,0.010003313350061268,0.695,0.19341488489726696
Adcyap1r1,-0.2630728736410332,0.010003384985525342,0.368,0.19341488489726696
Moxd1,-0.26284865942778435,0.01006941462757811,0.116,0.19437855535905202
Fscn1,-0.2623878092609383,0.010206331972101778,0.747,0.1967053418764463
Hspb2,-0.26219612790817487,0.01026375834304325,0.474,0.1974951064501928
Mical1,-0.2618283309664951,0.01037474037936136,0.379,0.19752730371923374
Pcgf1,-0.26181320341143627,0.01037932749632002,0.137,0.19752730371923374
Adora2a,-0.26179962972424964,0.010383444946201812,0.147,0.19752730371923374
Patz1,-0.26179766112592023,0.010384042220624825,0.389,0.19752730371923374
Kctd13,-0.2617525050359564,0.010397750876265566,0.274,0.19752730371923374
Zfp747,-0.26172758161645193,0.010405324004239484,0.116,0.19752730371923374
Lrrc32,-0.26164655461177394,0.0104299779099163,0.158,0.19752730371923374
Kifc5b,-0.2615890214375232,0.0104475144255191,0.116,0.19752730371923374
Ulbp1,-0.26156512101830875,0.010454807024583495,0.316,0.19752730371923374
Mns1,-0.2614342701981533,0.010494811807954902,0.179,0.1975966778235777
Mtch1,-0.2613073086392203,0.010533755515539242,0.863,0.1979323982395613
Mtfmt,-0.26108973328700197,0.010600787837732238,0.316,0.19832375515677925
Bhlhe41,-0.26100764369660173,0.010626175438012796,0.189,0.19832375515677925
Mllt11,-0.2609727230966602,0.010636991342698646,0.432,0.19832375515677925
Creb3l2,-0.2609682450132219,0.010638379029178796,0.842,0.19832375515677925
Flna,-0.26088121492655797,0.01066537972763319,0.884,0.19832375515677925
Qsox1,-0.2608656836575575,0.010670204533295527,0.726,0.19832375515677925
Nxpe4,-0.2606534220948283,0.010736335424333712,0.368,0.19924448136008482
Rps15a,-0.2605123180291154,0.01078049502846738,0.989,0.199596438107672
Tuba1c,-0.2604782863175807,0.010791169258988244,0.716,0.199596438107672
2310015A10Rik,-0.26043369131054006,0.01080517071458206,0.253,0.199596438107672
Ccdc28b,-0.2603516140434374,0.01083098197290201,0.379,0.19976589946026796
Smurf2,-0.2602810707616649,0.01085320914511881,0.779,0.1998491696414915
Trp53rkb,-0.2602317106171035,0.010868785523102685,0.137,0.1998491696414915
Gmpr,-0.2599865049405801,0.010946454136429244,0.168,0.2005884071790776
Cdc37,-0.2599467037459149,0.010959106780167812,0.853,0.2005884071790776
Spc25,-0.2594742530583974,0.01111027635263315,0.158,0.2028872128612771
Tubb3,-0.25931795922482237,0.011160685055764983,0.137,0.20334802043182118
Nphp3,-0.2591813334474872,0.011204913891204463,0.284,0.20377665107136655
Unc13a,-0.25914052775300306,0.011218153273771408,0.179,0.20377665107136655
Plk1,-0.2588376540058027,0.01131684834814874,0.137,0.2049493184256741
Ybx1,-0.25864531619962133,0.011379916930836688,0.926,0.2057811183562592
Rpl27a,-0.25835666293393056,0.011475143821840247,0.989,0.2069605316359955
Eef1b2,-0.2582767557247059,0.011501627907916891,0.947,0.2069605316359955
Shf,-0.2582616785746809,0.011506630990580408,0.232,0.2069605316359955
Tcaf1,-0.25820218213730634,0.01152639236597208,0.695,0.2069605316359955
Klhdc8a,-0.2581873510424834,0.011531323033603814,0.105,0.2069605316359955
Chuk,-0.2580498752683105,0.011577115212088634,0.495,0.2074722721664899
Cdk5rap2,-0.2573799097638505,0.011802554717355904,0.358,0.21119713038940735
Actn4,-0.257315472135701,0.01182443816474581,0.895,0.2112738527442008
Tuba1a,-0.257229243440557,0.011853777375350703,0.8,0.21148336544700727
Kif15,-0.25714757474488237,0.011881623586417932,0.158,0.2116656593503266
Rad1,-0.25697455601943503,0.01194080556280611,0.263,0.2124048183594266
Trbc2,-0.2568661279367264,0.011978024870225947,0.263,0.21251979487353634
Mob3a,-0.25684456022494917,0.011985440311226725,0.389,0.21251979487353634
Lrig1,-0.2567561293612099,0.012015886610762559,0.379,0.21251979487353634
Bsg,-0.2565563896455527,0.012084904302604322,0.916,0.21307407630157135
Cdv3,-0.25642812703096224,0.012129405944835643,0.811,0.21354512782938648
Gng11,-0.2562807592458908,0.012180712573284123,0.421,0.21413443025976936
Csnk1e,-0.2562206858089758,0.012201681573092408,0.653,0.21418946001187214
Phldb2,-0.25594396473941805,0.012298679556816362,0.853,0.21512941602350663
Prkab2,-0.25593774186416596,0.012300868541107027,0.421,0.21512941602350663
Cfap45,-0.2558638249811656,0.012326895829447203,0.168,0.21512941602350663
Adam19,-0.25572089007717325,0.012377361589923464,0.432,0.21554415918783196
Ttc9,-0.2556797300388144,0.01239192723041564,0.642,0.21554415918783196
Josd1,-0.25546526988595925,0.012468061884288445,0.432,0.21633528763677945
Dpysl3,-0.25539158009862795,0.012494316103599721,0.821,0.21647799921489444
Borcs6,-0.2552297377696905,0.012552146420861639,0.547,0.2168541324824255
Msi2,-0.2551516837600724,0.01258012030814569,0.789,0.21702515020101334
Furin,-0.255099063006426,0.012599009761280623,0.747,0.21703918250171658
Myadm,-0.25475310510149585,0.01272381561966332,0.632,0.21856202309770745
2610005L07Rik,-0.2546860917723958,0.012748115030136656,0.505,0.2186408801815143
Sgcd,-0.25460586143825636,0.01277726013250608,0.274,0.2186408801815143
Eef1akmt3,-0.2545899841261156,0.01278303472036504,0.211,0.2186408801815143
Hsp90aa1,-0.254416261231494,0.012846366415063181,0.895,0.2187891085754094
Abca5,-0.25430111197581,0.01288849510059725,0.221,0.21919569500406683
Schip1,-0.2541863642447223,0.012930596449271107,0.547,0.21960066699631992
Polr2d,-0.25392247132602874,0.013027874088357436,0.663,0.22031786504071513
Zbtb8b,-0.25378581865135164,0.013078497517788338,0.147,0.2208628969002596
Txnrd1,-0.2537188467057656,0.013103369921347403,0.737,0.22097213854721667
Marcks,-0.25356394899689677,0.013161054375587546,0.905,0.22132322113120403
Slc43a3,-0.25307205908347746,0.013345702875575655,0.716,0.22364711303488138
Cenpa,-0.25304711957498666,0.013355124514534019,0.368,0.22364711303488138
Slc44a2,-0.25297373475783586,0.013382881358639428,0.726,0.22379980010192702
Vangl2,-0.2527729678144759,0.013459075279958276,0.263,0.22476094142762032
Fkbp1a,-0.25263970861285767,0.013509857018236242,0.905,0.22529562946939244
Zfpm1,-0.2524818227931561,0.013570238820302744,0.621,0.22598870667874485
Ccnb2,-0.2523729220920293,0.01361202332362125,0.158,0.22637058732232737
Cntrob,-0.25203137760945193,0.013743797805612735,0.137,0.22824589246471938
Igip,-0.251890484264319,0.013798479236325928,0.284,0.228768815930301
Pepd,-0.25185214522605176,0.013813391484089966,0.632,0.228768815930301
Srfbp1,-0.2516500245926067,0.013892239433069798,0.421,0.22975706546272764
Rgcc,-0.25146871535407556,0.013963301077613075,0.158,0.2299826557460908
Tgfb2,-0.251025999513825,0.014138145192036999,0.705,0.23198745845372032
Dyrk2,-0.2510138128532502,0.014142984891157099,0.558,0.23198745845372032
Ppp1r18,-0.25088052967332186,0.014196009700111773,0.726,0.23220414143737864
Ccnb1,-0.25083487588540415,0.01421421203934982,0.179,0.23220414143737864
Ldha,-0.2506651950651379,0.014282042100046554,0.905,0.2329952167055149
Des,-0.2505169557001535,0.014341530637695167,0.621,0.23361725183068338
Gm9975,-0.2504733143379981,0.014359084854755087,0.137,0.23361725183068338
Cbl,-0.25040584521103965,0.014386260196299202,0.695,0.23374266059129162
Or5m3b,-0.25026572680798426,0.01444283994623785,0.684,0.23417304022967003
Maz,-0.25024369222580556,0.014451755043739942,0.632,0.23417304022967003
Gm48765,-0.250164104865855,0.014483995521911795,0.116,0.23437915664635434
Ak2,-0.25006991726009337,0.014522231087423914,0.716,0.23443968720320965
Map2k1,-0.2499649668972602,0.01456493890595953,0.779,0.23443968720320965
Shroom4,-0.24996443363571366,0.01456515618580008,0.284,0.23443968720320965
Trmt6,-0.24996276241751175,0.014565837149462347,0.621,0.23443968720320965
Tmed1,-0.24966837250756696,0.014686222528959405,0.642,0.23570838484994341
Tet2,-0.24962616116321104,0.014703554614192356,0.632,0.23570838484994341
Fst,-0.24918806187107087,0.014884489106373765,0.316,0.23734522552932014
Pwwp3a,-0.24912931032703575,0.014908899573781121,0.579,0.23734522552932014
Exoc1,-0.24910923792188774,0.014917247333437345,0.4,0.23734522552932014
Depdc1a,-0.24902068391949983,0.014954123759750661,0.137,0.23734522552932014
Mex3d,-0.24901674963708026,0.014955763939114033,0.389,0.23734522552932014
Cenpm,-0.24872139861611922,0.015079340059223827,0.242,0.23810614007031605
Zw10,-0.24869839136800362,0.015089003424258954,0.379,0.23810614007031605
Akr1b8,-0.24864624571615984,0.015110925188105343,0.484,0.23810614007031605
Sparc,-0.24848824188129898,0.015177517740385046,0.989,0.23835823257650335
Lpl,-0.24846702648034305,0.015186478547599322,0.358,0.23835823257650335
Mboat2,-0.2482742909474114,0.015268094931418962,0.126,0.23932639143805157
Septin9,-0.24820269945783907,0.015298507902527203,0.863,0.239490462041257
Tgfb1,-0.24790580522188535,0.015425192944933275,0.642,0.24090648516545166
Morrbid,-0.24789670507949335,0.015429090288351155,0.6,0.24090648516545166
Pdgfrb,-0.24760123372540108,0.01555609672506356,0.632,0.2423545839012711
Stam,-0.24728131541053697,0.01569463094002009,0.526,0.24351089878584184
Cenpu,-0.24727518446501398,0.015697296215561055,0.137,0.24351089878584184
Arl4c,-0.2471650895669188,0.01574522393626782,0.411,0.24393923071324863
Tdg,-0.246949967979018,0.015839238555794243,0.558,0.2440167668310785
Actn1,-0.24694129322647618,0.01584303984920878,0.863,0.2440167668310785
Tctn3,-0.24692346653085567,0.01585085401936994,0.189,0.2440167668310785
Rab20,-0.24692121102915499,0.01585184293564098,0.337,0.2440167668310785
6720407P12Rik,-0.24668728680650234,0.015954696393475194,0.179,0.24497191764252768
Smc2,-0.24645659466226702,0.016056693557507606,0.432,0.24546620834542396
Cdca8,-0.2464198511787682,0.016072991101183598,0.211,0.24546620834542396
Sacs,-0.24638354922244132,0.016089106851657254,0.179,0.24546620834542396
Nucks1,-0.2462124807372443,0.01616523853657042,0.863,0.24574144444374801
Fignl1,-0.24615056736682178,0.016192868892729213,0.137,0.24574144444374801
Aacs,-0.24613693553626764,0.01619895791217933,0.411,0.24574144444374801
Myo1b,-0.24601315095127183,0.0162543402452192,0.316,0.24599340917356238
Ryk,-0.24598473966466997,0.016267074780029027,0.895,0.24599340917356238
Elavl1,-0.24577887491867043,0.016359605589909513,0.842,0.246291911873046
Gm56764,-0.2457312895265407,0.016381058588619473,0.105,0.246291911873046
Gpc6,-0.24571285498008258,0.016389375996215854,0.379,0.246291911873046
Hip1,-0.24543550290831953,0.01651495457291749,0.695,0.2475593752272413
Ehbp1l1,-0.24512025011949806,0.016658702447901224,0.474,0.24909810740511698
Osbpl5,-0.24507408462822028,0.016679843287558428,0.442,0.24909810740511698
Creb3l1,-0.24496540911489942,0.0167297012201911,0.842,0.249532326150105
Zfp58,-0.24486613306102936,0.016775359331456664,0.221,0.24990290259652626
Pacsin3,-0.24457371536855027,0.01691047117185568,0.211,0.2515412120665786
Clspn,-0.2444924558674869,0.01694818360638478,0.2,0.2515412120665786
Rftn2,-0.24434409687550102,0.01701722415020719,0.189,0.25167453721040434
Hoxb3os,-0.24433803845660756,0.01702004865618792,0.211,0.25167453721040434
Bok,-0.24427688328391448,0.017048582582267352,0.621,0.2516881460508891
Gpat4,-0.24424624677855858,0.01706289255312932,0.611,0.2516881460508891
Ptprm,-0.24408272180200297,0.017139448728643973,0.211,0.2521977461823875
Tcp11l1,-0.243957891551236,0.017198088848052406,0.326,0.25245777114113194
Higd1a,-0.24395558949642512,0.017199171882522356,0.842,0.25245777114113194
Spred2,-0.24383812934931975,0.01725451085063327,0.768,0.252845664551941
Adprh,-0.24376800893001646,0.017287619843017483,0.758,0.252845664551941
Vangl1,-0.2435778944676861,0.01737766273122039,0.389,0.25352806368622505
Sgk1,-0.2434168508082886,0.01745425318921549,0.526,0.2542778475482518
ENSMUSG00000121307,-0.24338085869663129,0.017471410362897285,0.453,0.2542778475482518
Pard6g,-0.243177802696692,0.017568478428197438,0.316,0.25430153848789055
Map3k2,-0.2431775474050838,0.017568600758872573,0.695,0.25430153848789055
Fyttd1,-0.24300187096786605,0.01765295578252065,0.842,0.25462114136041747
Zfp365,-0.242969119829204,0.01766872054438861,0.179,0.25462114136041747
Arhgap23,-0.24295372850182184,0.017676133351962737,0.663,0.25462114136041747
Tgfb1i1,-0.24291866467388962,0.01769303088881332,0.611,0.25462114136041747
Egln1,-0.24288957783041365,0.017707058635458364,0.726,0.25462114136041747
Smim3,-0.24278296952609996,0.017758554753371868,0.589,0.2550561805307847
Oaf,-0.24253624060895967,0.017878230161549352,0.716,0.2563586685827416
C430002N11Rik,-0.24250805969597883,0.017891943389051177,0.168,0.2563586685827416
Gm11808,-0.24242295223826593,0.0179334129139103,0.716,0.25664658981802263
Raver1,-0.24223444347630535,0.018025560848347267,0.558,0.2575805414497634
Arid2,-0.24219381915405136,0.018045472407571192,0.747,0.2575805414497634
Pxdc1,-0.24215802702113748,0.018063031223511352,0.211,0.2575805414497634
Casp3,-0.24193456284624948,0.01817299091472574,0.653,0.25840591866239154
Ncs1,-0.24193189579316476,0.01817430676187524,0.337,0.25840591866239154
Dok5,-0.24187451268887486,0.01820263781753724,0.253,0.25840591866239154
Rab11fip1,-0.24179634487979906,0.01824129184866492,0.379,0.25840591866239154
Unc119b,-0.24168228868815017,0.01829781953486149,0.537,0.25877728993531435
Med18,-0.24160711628013093,0.018335158352099097,0.2,0.2590002898042987
Emc6,-0.24124447220001394,0.01851621011745361,0.758,0.2609438202820018
Pik3cd,-0.24099065185791368,0.018643844829015578,0.358,0.26212721880795087
Enpp1,-0.2407224814816274,0.018779517449344335,0.274,0.26280380654344687
Cenpp,-0.24060526225674342,0.018839087246055125,0.2,0.2633305245208194
Ogfod1,-0.2403957437547884,0.018945967783252853,0.284,0.26451655252734535
Bahd1,-0.24019561796983308,0.019048543504959322,0.411,0.2652951029052477
Ube2a,-0.240183667871665,0.01905468368560745,0.779,0.2652951029052477
Ssr1,-0.24015773082670241,0.019068016474325707,0.863,0.2652951029052477
Ppp1cc,-0.2399498861444428,0.01917514788929342,0.821,0.2658656858280863
Pcnx,-0.23990645902496016,0.019197597202710987,0.663,0.2658656858280863
Snhg6,-0.23955271573297318,0.01938130530512025,0.758,0.26797024120678414
Plk2,-0.2394870220191201,0.01941558761159603,0.211,0.26797024120678414
Ptrh1,-0.23923382743965863,0.019548205358160316,0.147,0.26880515956558076
Psmc3ip,-0.23915257392283154,0.019590928810491966,0.2,0.26880515956558076
Ankrd37,-0.23909106998219046,0.019623321176522303,0.242,0.26880515956558076
Ajuba,-0.23907249306313336,0.019633114152640234,0.168,0.26880515956558076
Aff2,-0.23900830542861598,0.019666983519666194,0.158,0.26880515956558076
Smad7,-0.2389640004555006,0.019690390836120515,0.642,0.26880515956558076
Gatc,-0.2389367415580494,0.01970480421572288,0.179,0.26880515956558076
Serp2,-0.23884855965273383,0.019751493270669964,0.253,0.26880515956558076
Egr2,-0.23883629785712526,0.019757992957227657,0.168,0.26880515956558076
Cep70,-0.23881188143411397,0.019770940994971807,0.253,0.26880515956558076
Rps17,-0.2386911637507112,0.019835064779580382,0.958,0.26880515956558076
Phlda3,-0.23868836673760196,0.019836552634207496,0.653,0.26880515956558076
Fam53c,-0.23867773088374372,0.01984221118924482,0.421,0.26880515956558076
Slc20a1,-0.23866516855963438,0.019848896463027794,0.253,0.26880515956558076
Atp5pb,-0.2386488233242628,0.019857597779184652,0.874,0.26880515956558076
Cep170,-0.23857587816300305,0.01989646976904849,0.726,0.26902805463622215
Map4k2,-0.2384487043308364,0.019964396143174377,0.305,0.2695068259768469
Rad18,-0.23842557799021077,0.019976769810893125,0.379,0.2695068259768469
Cd63,-0.23832855101426115,0.02002875555336889,0.947,0.2696023183063904
Lmf2,-0.23823257593623798,0.020080291932525734,0.505,0.2696913481362824
Mcm3ap,-0.23818246241653024,0.02010724693809516,0.368,0.26975163573822186
Zfp746,-0.237898630780724,0.02026050090418997,0.442,0.27150427941585825
Arhgef40,-0.23778109465922206,0.020324257067370205,0.537,0.2719055267386596
Dmwd,-0.23759390601494548,0.020426150912697283,0.611,0.2719055267386596
Ednra,-0.23753017420291042,0.020460942417051202,0.305,0.2719055267386596
Rab2a,-0.23751120054850955,0.020471310043149563,0.895,0.2719055267386596
Mfge8,-0.23737102779385932,0.020548043287234412,0.8,0.2723459821732575
Zdhhc16,-0.2373672147261763,0.020550134075870016,0.463,0.2723459821732575
Mbnl2,-0.23695562936855855,0.02077689100195197,0.905,0.27464723129586316
Nup62,-0.23669567803533462,0.020921210143752353,0.568,0.27573854747892257
Smad2,-0.23665492631875046,0.02094391232620783,0.621,0.27573854747892257
Trp53i13,-0.2365261375369244,0.02101579755147476,0.432,0.27607951991308255
Atp1a3,-0.2362554612195846,0.02116756884394199,0.326,0.27746615623276366
Mgll,-0.23618503239988847,0.021207212734144176,0.411,0.277653377550753
Cd28,-0.23614797020171388,0.021228100324110207,0.126,0.277653377550753
Iffo2,-0.2359892825466263,0.02131773328226243,0.442,0.27852233244844943
Ints7,-0.23592206734614665,0.02135579668583242,0.568,0.27871635957259766
Spin2c,-0.23586721367639152,0.021386902990561,0.116,0.2788192662406796
Serpine2,-0.2356278824582419,0.021523076957919055,0.116,0.2798261766581648
Chek2,-0.2355719079162028,0.021555032118548586,0.274,0.2798261766581648
Camsap2,-0.23556783422211405,0.021557359324460935,0.642,0.2798261766581648
Mad2l1,-0.23539266016689578,0.021657635932309596,0.305,0.28082422747218283
Lipo3,-0.2351411813611358,0.021802290535362326,0.411,0.2817869778881544
Ap1s2,-0.235072890408134,0.021841715083009503,0.274,0.2819486100433831
Trib2,-0.23496756222600768,0.02190264096156401,0.232,0.2819486100433831
Sgpp1,-0.23496096485569862,0.02190646197091923,0.453,0.2819486100433831
Cdca5,-0.23495705910135817,0.02190872434167373,0.105,0.2819486100433831
Uso1,-0.2349115884887128,0.02193507747774997,0.8,0.28198551956674933
Hk2,-0.23478000916265795,0.022011489032619708,0.611,0.28266518589803724
Tmem258,-0.23453060639066464,0.02215694895128241,0.842,0.2840919354121096
Lin7c,-0.2343828370692438,0.022243520280069783,0.663,0.2847312878494647
Iftap,-0.23430737171962412,0.022287843507922473,0.516,0.28499482108586277
Dnajc21,-0.2341533411118094,0.022378545147638894,0.674,0.2855729602195874
Gm48678,-0.2340337364315978,0.022449192487646007,0.221,0.2855729602195874
Gm5535,-0.23402814221061027,0.02245250151062757,0.116,0.2855729602195874
Rasl12,-0.23399035307090246,0.022474864992557485,0.116,0.2855729602195874
Rfc5,-0.2338524484685675,0.02255663812224656,0.284,0.2855729602195874
Mfhas1,-0.23382805037211224,0.022571131885709587,0.505,0.2855729602195874
Marveld1,-0.23378403007759818,0.02259730241975255,0.537,0.2855729602195874
Gm1673,-0.23370656936717032,0.02264341662944192,0.432,0.285587713728686
Aspm,-0.23349909425470064,0.022767328025383254,0.116,0.2862265791588228
Kdm5c,-0.2334845335749984,0.022776045895393254,0.779,0.2862265791588228
Gramd3,-0.2334663104714244,0.022786960576750614,0.316,0.2862265791588228
Pogz,-0.23341148171331008,0.02281982708567064,0.568,0.2862265791588228
Armc1,-0.2333826932072865,0.02283710026102709,0.684,0.2862265791588228
Agfg2,-0.2332413398502354,0.022922074846815275,0.463,0.28655851863511805
Rell1,-0.23323223822071681,0.02292755553871252,0.579,0.28655851863511805
Foxp1,-0.23308535201841585,0.02301616039661168,0.895,0.28655851863511805
Cul7,-0.2330721761674724,0.02302412262722537,0.579,0.28655851863511805
Gm48099,-0.23305238635781406,0.023036086126963798,0.526,0.28655851863511805
B3glct,-0.23300908037439153,0.023062284347401485,0.453,0.28655851863511805
Zfp281,-0.23298249780654315,0.02307837823937363,0.653,0.28655851863511805
4930579G24Rik,-0.23287386360037554,0.02314424844291331,0.126,0.287079536212872
Herc1,-0.23277686543552437,0.023203198799607836,0.789,0.287513733732602
Sh3bgrl2,-0.23264148712490837,0.023285688957222498,0.263,0.2880756452528827
Morc4,-0.23235302556117826,0.023462293144536475,0.295,0.28952903780724504
Hbegf,-0.232149566513894,0.02358754307378208,0.158,0.2901586136578962
Tnk2,-0.23208764148948186,0.02362577739492568,0.432,0.2901586136578962
Elob,-0.23207410796159003,0.023634140431200337,0.916,0.2901586136578962
Rfc4,-0.2319961487641177,0.023682364492613555,0.358,0.2904510556323187
1700084C06Rik,-0.2318806183521591,0.023753983819271355,0.232,0.2904510556323187
Ncstn,-0.2318794305268109,0.0237547211319178,0.832,0.2904510556323187
Nfatc4,-0.23174487769930455,0.023838367917269,0.326,0.29088138575472444
Hars,-0.23161027236865409,0.02392229868852813,0.737,0.2916091780235099
Samd4b,-0.23151824017721,0.023979828739200994,0.747,0.29164832026618737
Topbp1,-0.23147525634812013,0.024006738680659903,0.516,0.29164832026618737
Dnajc16,-0.2314668495622316,0.02401200474313856,0.263,0.29164832026618737
Cenpf,-0.23144982959650753,0.02402266917158818,0.168,0.29164832026618737
Snrnp25,-0.2313322419378399,0.024096458089579397,0.305,0.2922486588702827
Ckb,-0.23124049037998454,0.02415416846238277,0.421,0.29265297752555997
Taf5l,-0.23101892364835291,0.024294016890811246,0.453,0.29345901489735476
Evi5l,-0.2309295435691672,0.024350626901074136,0.4,0.2938472132675348
Wdfy1,-0.2307586723841786,0.024459163410125818,0.453,0.29471981725946755
Pdzrn3,-0.23071087334231177,0.024489598835096747,0.811,0.29471981725946755
Tedc1,-0.2306999241528714,0.024496575133251323,0.105,0.29471981725946755
Piezo2,-0.23062030183863758,0.02454735762043089,0.537,0.29503515810662034
Rmi1,-0.23045697845849739,0.024651804840521558,0.274,0.29539906755769846
Zscan21,-0.23042614099039585,0.024671568210320415,0.326,0.29539906755769846
Nusap1,-0.23041915960665388,0.024676044370814654,0.168,0.29539906755769846
Vdac2,-0.23020249180519398,0.024815306804232908,0.884,0.29662535806639
Plod3,-0.23006527727181683,0.024903846808312532,0.663,0.29693076369951227
Tpi1,-0.2300245659994575,0.024930168158982913,0.874,0.29693076369951227
Ndst1,-0.22999980752876226,0.024946187015800005,0.737,0.29693076369951227
Hspa4,-0.22994368632418694,0.024982530186315174,0.853,0.29693076369951227
Bub1,-0.2299139080116716,0.025001832439427576,0.137,0.29693076369951227
Pimreg,-0.22981249147576996,0.025067665798352595,0.147,0.2971248403167025
Mybl1,-0.2296750583319394,0.025157114465260564,0.105,0.2977245435890655
Tmem167,-0.2295761886893133,0.025221631963984168,0.874,0.2977245435890655
Ubald1,-0.229574007503022,0.025223056886439693,0.474,0.2977245435890655
Rpl5,-0.22952127659574467,0.025257525727753534,0.989,0.2977245435890655
Unc119,-0.2295067373324719,0.025267036721683834,0.442,0.2977245435890655
Rpusd3,-0.22938115320272448,0.025349315738722223,0.147,0.2983338640720295
Tead1,-0.22927493518406017,0.025419084587837298,0.874,0.2985381383644559
Nrf1,-0.22923901809878197,0.025442713521294492,0.716,0.2985381383644559
Trim59,-0.22921214849200283,0.02546040257226642,0.379,0.2985381383644559
Hmgb2,-0.22915451317308452,0.02549838090543856,0.747,0.29869176539668363
Ccdc18,-0.2290399757691763,0.025573997546784084,0.116,0.29928556388327143
Iqgap1,-0.228987693469749,0.025608577271418225,0.874,0.29936924889836747
Prdx3,-0.22895214142412107,0.02563211425895687,0.684,0.29936924889836747
5430405H02Rik,-0.2289161707574878,0.025655947123879416,0.316,0.29936924889836747
G2e3,-0.2288449628754911,0.025703182509741712,0.484,0.29962923533443564
Uhrf1,-0.22877336624053696,0.02575075035398531,0.2,0.2997417302343578
N4bp3,-0.22875530695417995,0.025762760523182916,0.105,0.2997417302343578
Mppe1,-0.22871400185356497,0.025790248032481092,0.305,0.299771063045499
Dhx58os,-0.2283141585272961,0.026057625943476336,0.147,0.3025859910090139
Lamb1,-0.22824807384326587,0.026102043433078443,0.737,0.30280892318934577
A430005L14Rik,-0.22804103770865863,0.026241615635587016,0.516,0.30413424607769624
Mcm4,-0.22766463757484018,0.026496989195887923,0.432,0.3065022632707382
Mex3c,-0.22761983903675098,0.026527523520514556,0.653,0.3065549425578502
Slc2a3,-0.22758307196024213,0.0265526060015128,0.411,0.3065549425578502
Qpctl,-0.22733542491827158,0.02672207626574899,0.232,0.30762413204491673
Zbtb9,-0.22717905780875533,0.0268295542650478,0.147,0.308565572854817
Tfdp1,-0.22710830173667737,0.026878308566471196,0.747,0.30883047938528196
Sox9,-0.226828669514191,0.027071725490193346,0.295,0.3099132049900443
Thrb,-0.22679607640606125,0.027094346310014512,0.221,0.3099132049900443
Cpxm1,-0.22662791563305942,0.0272113112663144,0.821,0.31057624940554845
Angpt1,-0.22648673005741385,0.02730984427071761,0.326,0.31110939293975937
Gm15952,-0.22627500735578407,0.02745817245251892,0.168,0.3122067013611692
Kctd5,-0.2262269698013202,0.027491921478134767,0.442,0.3122947031106567
Gstcd,-0.22612378088810015,0.027564536402909227,0.4,0.3128236187048498
Dnaaf4,-0.22600424821264706,0.027648855958776742,0.116,0.3134842431511165
Wrnip1,-0.22593165840486082,0.027700168260891646,0.474,0.3137697361401189
Ndc1,-0.22581640758091645,0.027781802739395237,0.337,0.3141874116999462
Tln1,-0.2258057310387512,0.027789375466423155,0.863,0.3141874116999462
Scrn2,-0.22564440094957283,0.027904018008709282,0.253,0.3148905490888838
Gosr1,-0.22537708202263385,0.028094860018796856,0.6,0.31674646408046375
Nuak1,-0.22531680650616484,0.028138043951367153,0.316,0.3169357352008118
Slc25a24,-0.2252552259719805,0.028182220955769374,0.632,0.31713582663160533
Camk2n2,-0.2251500098759384,0.028257837551118825,0.211,0.3176890032549473
Rpa2,-0.22507471819289795,0.028312053605748237,0.274,0.3180007742228429
Sgo1,-0.22483278488170425,0.028486862199618428,0.116,0.31966519105683966
Mprip,-0.22471251230490336,0.028574104793990855,0.863,0.3203447957623233
Sik1,-0.22454859111166978,0.028693373393434515,0.442,0.3210823246365035
Rac3,-0.22445819700286146,0.02875932410511037,0.126,0.3212490577475746
Pbk,-0.22445482918086357,0.028761783716052525,0.137,0.3212490577475746
Dbn1,-0.2244180554568173,0.028788652152036593,0.695,0.3212503219233303
Btbd19,-0.22432891133743627,0.028853872856576486,0.221,0.3214136959607151
Kbtbd4,-0.22425500459505932,0.02890804024802804,0.2,0.3214136959607151
Slc16a1,-0.2241445598868441,0.028989147365441247,0.474,0.32199138983982706
Golt1b,-0.22402069355541912,0.029080340057646207,0.663,0.3225283822251187
Prim1,-0.22394341679546362,0.02913735558093722,0.221,0.3227178817925322
Tspyl2,-0.22375222228402095,0.029278827557019063,0.305,0.3237116781557347
Mre11a,-0.223597952714618,0.02939340079997897,0.432,0.32424105425730515
Dgkh,-0.2235889240888092,0.02940011793476345,0.463,0.32424105425730515
Kdr,-0.22357870654517936,0.029407721169834707,0.263,0.32424105425730515
Pigw,-0.2232893559092093,0.029623729024312467,0.105,0.325735929690261
Wbp1l,-0.22328807459852645,0.02962468853350254,0.905,0.325735929690261
Pms1,-0.22322879516018002,0.029669108681927063,0.158,0.325925881009971
Rasa2,-0.22310640347620186,0.029760999313678253,0.568,0.3263381906477943
Stx1a,-0.22303656613163625,0.029813540383005776,0.263,0.32654114079974317
Rps14,-0.222998320268757,0.029842347310684223,0.989,0.32654114079974317
Rps23,-0.22297344589874699,0.0298610954108535,0.968,0.32654114079974317
Rbp4,-0.22290386132023132,0.029913595028826602,0.232,0.32681759373168423
Rora,-0.2224849922735518,0.030231271809048253,0.853,0.3299880732829476
Eid2b,-0.22223333804078713,0.030423498096738062,0.242,0.3317846881448991
Supt5,-0.222125598581219,0.030506110174934844,0.768,0.33212824473220454
Nptxr,-0.22209380658969255,0.03053052371245705,0.147,0.33212824473220454
Zfp318,-0.2219405881365708,0.030648414030866575,0.358,0.33302760838788686
Rnd3,-0.22184372829035495,0.03072313877029666,0.674,0.3335377280424521
Ptar1,-0.22179235454793192,0.03076283463666648,0.442,0.33361290835639296
Rps28,-0.22165763800657032,0.03086713427144554,0.968,0.33361290835639296
Hoxa7,-0.22165524691081606,0.030868988188885862,0.389,0.33361290835639296
Coq7,-0.22156656923469548,0.03093781017790913,0.516,0.3337558731411994
Zfp91,-0.22152917880280756,0.03096686738356807,0.842,0.3337694584151722
Zc3h6,-0.22127413279449099,0.03116568649769576,0.432,0.3353103922740439
Atosa,-0.22118654115886277,0.031234215989835775,0.411,0.33574684994624726
H1f10,-0.22113907468423533,0.031271405676606766,0.263,0.33584594629608
Zfp691,-0.2210556739917934,0.031336840128342085,0.105,0.3359139331427779
Rest,-0.22102561122348588,0.0313604550694568,0.716,0.3359139331427779
Zdhhc5,-0.22102407066380117,0.03136166561614508,0.726,0.3359139331427779
Selenoh,-0.22080241488993796,0.03153625063272551,0.758,0.33718746757374174
Kdm6b,-0.22071273454125867,0.0316071191286013,0.653,0.3373392705574363
Mtap,-0.22063153986866663,0.031671397797421084,0.6,0.3374419518822888
Chst15,-0.22062958414336947,0.03167294742827846,0.347,0.3374419518822888
Gmnn,-0.22051427394894657,0.031764427294245466,0.347,0.338116558973409
Ddx46,-0.2204733304163539,0.031796962891935676,0.716,0.3381442514368273
Cx3cl1,-0.22026249002485007,0.03196495167600772,0.126,0.33824411023002515
Dennd5a,-0.2202195124118539,0.03199928610366274,0.832,0.33824411023002515
Ralgapb,-0.22018516091059742,0.03202675156519863,0.537,0.33824411023002515
Fzr1,-0.22011394732305226,0.03208375312720179,0.558,0.33824411023002515
Rcn1,-0.22009721211704558,0.032097160910038246,0.874,0.33824411023002515
Plau,-0.2200387204109815,0.03214405995816457,0.389,0.33824411023002515
Spata24,-0.2199701176751733,0.032199139701235606,0.242,0.33824411023002515
Lasp1,-0.219944323012702,0.032219870283419376,0.842,0.33824411023002515
Hgsnat,-0.21988518153231795,0.03226744341664645,0.621,0.33837134768879823
A530013C23Rik,-0.21984630716698178,0.03229874601532558,0.147,0.3384040518377087
Sec61g,-0.2197799162986714,0.03235226476450577,0.926,0.338669261575781
Ckap2,-0.21967653170817839,0.03243575355458759,0.2,0.33869276194214515
Mpv17l,-0.21966469105201525,0.03244532711900563,0.147,0.33869276194214515
Mapk6,-0.21963747470669015,0.03246734146709495,0.547,0.33869276194214515
Cemip2,-0.21943175066470197,0.0326341519419461,0.621,0.33961770828249405
Stac2,-0.21942349329083424,0.03264086244340786,0.221,0.33961770828249405
Mir22hg,-0.21921099773726785,0.032813951043596475,0.505,0.3400688355321865
Ska1,-0.2192022030652371,0.03282113138677736,0.116,0.3400688355321865
Aggf1,-0.21919644492226112,0.03282583329572784,0.663,0.3400688355321865
Vdac1,-0.21902366940754625,0.03296718020231105,0.884,0.34094481713104974
AA467197,-0.21890787875960527,0.03306219460345509,0.232,0.34163319329060693
Scd2,-0.21881962194237947,0.03313477031236772,0.779,0.3416577536244302
Tceal3,-0.21876943485279127,0.033176100156351446,0.105,0.3416577536244302
Sft2d1,-0.2187666546079915,0.03317839099909099,0.558,0.3416577536244302
Ppp1r3b,-0.21868850443407017,0.03324283902680649,0.147,0.3417467167278642
Rlf,-0.2186182333462439,0.03330087936800209,0.716,0.3417467167278642
Zfp518b,-0.21857648760156478,0.03333539959886883,0.316,0.3418088326077011
Atl1,-0.2185329273556531,0.033371452377178104,0.105,0.3418865432532231
Zfp644,-0.21847964496750408,0.03341559633477739,0.832,0.34204694389741874
Plekhh1,-0.21829526371224914,0.03356873393737874,0.116,0.3420943887914073
Nrbf2,-0.21829493908249073,0.03356900407807232,0.6,0.3420943887914073
Hif1an,-0.21828123300719512,0.03358041125943608,0.379,0.3420943887914073
Med16,-0.21821956595213468,0.033631775375327196,0.4,0.3420943887914073
Zfp111,-0.2181314082146495,0.03370531906403013,0.232,0.3420943887914073
Sap18b,-0.21810362089146001,0.03372852806338366,0.2,0.3420943887914073
Spats2,-0.21808150657211403,0.03374700836645388,0.758,0.3420943887914073
Pabpc4l,-0.2180301460173165,0.03378996177779626,0.147,0.3420943887914073
Scamp3,-0.21793998533540299,0.03386547539946984,0.674,0.3420943887914073
Etf1,-0.21792845925389687,0.033875139235584335,0.853,0.3420943887914073
Zfp362,-0.21791013689793862,0.03389050606014564,0.463,0.3420943887914073
Gem,-0.21790998380018478,0.03389063448679643,0.126,0.3420943887914073
Bet1l,-0.21788413498429263,0.03391232373691275,0.758,0.3420943887914073
Pla1a,-0.21785941849042378,0.03393307379450038,0.137,0.3420943887914073
Rpl17,-0.2178082000241386,0.033976106851598756,0.968,0.3422408682610288
Rp9,-0.2176517132620162,0.034107869319376455,0.789,0.3429311810013436
Txk,-0.21764025195731335,0.03411753664647979,0.116,0.3429311810013436
Hhipl1,-0.21762509967958488,0.03413032075427714,0.274,0.3429311810013436
Igsf3,-0.21742839294612387,0.034296649801759234,0.568,0.34395569624496075
Slc29a1,-0.21737501770952647,0.03434189958110982,0.495,0.34395569624496075
Rnf214,-0.21734441298531423,0.03436786789440276,0.516,0.34395569624496075
Clstn1,-0.21730166967182446,0.034404163503805936,0.537,0.34395569624496075
Tpd52l1,-0.2172566449445647,0.034442431220358366,0.168,0.34405180670785596
Errfi1,-0.21709111110408316,0.03458343052735413,0.526,0.3448864205497849
Onecut2,-0.21695621070806542,0.03469869513021568,0.105,0.34574874060456406
Tmem11,-0.21689993702988658,0.03474687305702337,0.674,0.34586715500749116
Rack1,-0.2168750590545861,0.03476818989706353,0.979,0.34586715500749116
Spry1,-0.21678153522692162,0.03484842465150382,0.147,0.34631342238923224
Tbp,-0.21673107094833854,0.03489178288089309,0.368,0.34631342238923224
Dipk1b,-0.2167220030824161,0.034899578670023405,0.179,0.34631342238923224
Obi1,-0.21654387238571,0.03505301738553704,0.4,0.3475487859191934
Ero1a,-0.2163147569639526,0.03525120606728373,0.684,0.3487164401417639
Trabd2b,-0.21631446228153772,0.03525146157703674,0.505,0.3487164401417639
Snx9,-0.2163070226672327,0.03525791274524039,0.874,0.3487164401417639
Acvr1,-0.21594537214674142,0.03557271084230138,0.674,0.3510362295492887
Rtn2,-0.2159368363861443,0.03558016918143453,0.326,0.3510362295492887
Spg7,-0.21584287150225964,0.03566236017773117,0.516,0.3513143252077637
P3h1,-0.21580018512523713,0.035699750505798114,0.716,0.3513143252077637
Dus2,-0.21578305827380762,0.03571476169261128,0.232,0.3513143252077637
Rep15,-0.21572724606595922,0.03576371622428877,0.126,0.35140338846565894
Mtrf1l,-0.21569309647608145,0.03579369758931463,0.295,0.3514104063408837
Mylk,-0.21558076842554394,0.03589246391767258,0.463,0.35174788464209455
Cnot10,-0.21544921103517298,0.03600842854022345,0.589,0.35207915430167996
Oard1,-0.21535690576173983,0.036089980844906694,0.611,0.3522319782614962
Spag5,-0.21534771081503815,0.03609811311672478,0.116,0.3522319782614962
Copa,-0.21531893157403653,0.03612357622742999,0.895,0.3522319782614962
Tomm20,-0.2152646399500986,0.036171653031139436,0.853,0.3522319782614962
Rpl14,-0.21523257606498422,0.03620007172271894,0.968,0.3522319782614962
Myof,-0.2150878350526867,0.03632859092886848,0.895,0.3526252152650961
Tmem47,-0.21502352663321517,0.036385814620097746,0.168,0.3528953765294941
Egfl7,-0.21498807609162715,0.03641739194427526,0.147,0.35291656583931647
Rpl35a,-0.21477538765314758,0.0366073254462858,0.979,0.35390028714456817
Cdkn3,-0.21470144226138593,0.03667355382474744,0.168,0.35397054724577376
Crispld2,-0.21458681985079145,0.036776412569692225,0.242,0.35457069087052195
Prpf38a,-0.21456636548202881,0.03679479310607732,0.621,0.35457069087052195
Cdt1,-0.2143638774274432,0.03697716687930896,0.221,0.3553890810388493
Rgs19,-0.2143079054784161,0.03702771219951699,0.495,0.3553890810388493
Lrrc58,-0.21417808207618086,0.03714517171155266,0.853,0.35623169068739047
Oas1b,-0.21385533463447629,0.03743853481385697,0.105,0.3578612139111274
Thrap3,-0.21384332948441956,0.03744948427366057,0.842,0.3578612139111274
Dzip3,-0.21382730029331687,0.03746410809413568,0.611,0.3578612139111274
Nup98,-0.2137680171687998,0.03751823507333516,0.737,0.35796430262551543
Srrt,-0.21370855592802804,0.037572590421763245,0.674,0.35796430262551543
Iba57,-0.21368498866789348,0.03759415221210752,0.116,0.35796430262551543
Nup107,-0.21360627861949888,0.037666239457658734,0.421,0.3582098804512074
Anxa5,-0.2135916934037795,0.03767961014490505,0.926,0.3582098804512074
Map1b,-0.21349277534283018,0.037770396049626016,0.726,0.35862955509976746
Brca2,-0.2134449996827081,0.037814309538180005,0.2,0.35862955509976746
Amy1,-0.21337007917032821,0.03788325952486136,0.116,0.35862955509976746
Cdc20,-0.21334868789970302,0.03790296538865703,0.168,0.35862955509976746
Tbc1d1,-0.21331178813966362,0.03793697799418434,0.579,0.3586687360442295
Lrrc8c,-0.21325053915913358,0.03799349103234836,0.495,0.35892041449677947
Snd1,-0.21314760460865886,0.03808862503733905,0.853,0.35953625850890725
Mdp1,-0.2130698392769394,0.038160629256819206,0.589,0.35981264285633535
Rrm1,-0.21288253081505362,0.03833452880033507,0.579,0.3602406949599793
Nus1,-0.2128382520346414,0.038375734486340456,0.779,0.3602406949599793
Tlcd3b,-0.2128158384546133,0.03839660660478263,0.116,0.3602406949599793
4930549G23Rik,-0.21280868271202882,0.0384032722202693,0.147,0.3602406949599793
Acap3,-0.21273834840559758,0.038468840542973684,0.442,0.3603082243927211
Prag1,-0.21273658300353607,0.03847048752156812,0.189,0.3603082243927211
Zbtb1,-0.212623437483847,0.03857616626513819,0.6,0.36042185115489905
Sccpdh,-0.21260728918851665,0.03859126866335006,0.347,0.36042185115489905
Trim24,-0.21238760197001083,0.03879721862579228,0.632,0.3616711774321301
Cyp26a1,-0.21232525791772242,0.038855831297980224,0.211,0.3616711774321301
Ckap5,-0.21232403155875346,0.03885698499937102,0.663,0.3616711774321301
Tiam2,-0.21226020270965806,0.03891707174040155,0.179,0.36194487436547396
1200007C13Rik,-0.2120701849027059,0.0390964091476708,0.221,0.36241425240645436
Nup50,-0.2120155465466544,0.03914810405356636,0.558,0.36241425240645436
Gm12743,-0.21193592716041892,0.039223536448750596,0.284,0.3625126917773649
Btg3,-0.2118740789550152,0.039282215961091174,0.821,0.3625126917773649
Bpgm,-0.2118294335157217,0.03932461961766708,0.326,0.3625126917773649
Rev1,-0.21179049195635097,0.03936163701367619,0.505,0.3625126917773649
Hp1bp3,-0.21178161443003443,0.03937007995983042,0.842,0.3625126917773649
Usp6nl,-0.2117484570309399,0.039401627585531396,0.474,0.36252516660496203
Ablim3,-0.21163177874376787,0.0395128091148341,0.116,0.36326975424334845
Ube2cbp,-0.21159398960406003,0.03954887410895337,0.116,0.3633231303949527
Asb1,-0.21152085518039487,0.039618749818817835,0.221,0.36341492415764987
Tor1aip2,-0.21152017519010496,0.03961939999353408,0.832,0.36341492415764987
Cenpt,-0.21129391028421715,0.03983623906992446,0.284,0.36451221943841833
Neurl2,-0.21102900018139034,0.04009137139152526,0.242,0.36578806709577794
Zwint,-0.2108914257033853,0.04022440502066581,0.821,0.3661671198507463
Usp47,-0.21065393942736207,0.04045491928939795,0.747,0.36711927831833646
Gk,-0.21059676496891486,0.04051057950455373,0.316,0.36711927831833646
Kif1b,-0.2105701663372051,0.040536495441630224,0.8,0.36711927831833646
Gm12648,-0.2105634617228346,0.040543030153253445,0.179,0.36711927831833646
Orc6,-0.21052147425027987,0.04058397359566589,0.621,0.3672130904017787
Narf,-0.21034998079429698,0.04075156102091901,0.547,0.3684518020919989
Slc25a13,-0.21031626824777352,0.04078457348106421,0.337,0.36846245089159263
Cdc40,-0.21028612115747872,0.040814113407663714,0.705,0.36846245089159263
Pcm1,-0.21019675863992887,0.040901780980367015,0.842,0.3686690073614942
A430073D23Rik,-0.21016893702623096,0.040929106922034796,0.2,0.3686690073614942
Eif2ak1,-0.21004094494173686,0.041055014807379546,0.495,0.3695259091395849
Timm17a,-0.2098854498705608,0.041208411981382864,0.768,0.37040471514603746
Dnajc5,-0.20983248071113708,0.041260775430995114,0.789,0.37040471514603746
Fbxo42,-0.20980079116920264,0.04129212909676534,0.453,0.37040471514603746
Mapre1,-0.20978587190044243,0.04130689710839878,0.863,0.37040471514603746
Wwtr1,-0.2097219926255436,0.04137017852002009,0.884,0.3705093942958208
Ltbp3,-0.2096988221262389,0.04139315211298403,0.8,0.3705093942958208
Hspa12a,-0.20965808646266193,0.04143356736719231,0.284,0.3705093942958208
Prmt6,-0.20956437685508988,0.04152666470084358,0.263,0.3705823985916226
Clec11a,-0.20954819435397468,0.041542759099219125,0.453,0.3705823985916226
Ccna2,-0.2093548416890202,0.04173546132602898,0.168,0.37192861645963354
Bex3,-0.2093346541500344,0.04175562380174781,0.674,0.37192861645963354
Pacsin1,-0.20928885208188222,0.041801399085534326,0.116,0.3720603401186143
Dysf,-0.2091628882828561,0.041927504752384825,0.116,0.37262655414045065
Acsf2,-0.20913200859259837,0.04195846751533754,0.379,0.37262655414045065
Rmdn2,-0.20907051382697647,0.04202018441793705,0.274,0.37262655414045065
Csgalnact1,-0.20900614140786253,0.04208487030926697,0.211,0.37271830751025875
Fbxw8,-0.2089984400453635,0.04209261472340392,0.663,0.37271830751025875
Ncapg,-0.20894874982451173,0.042142611243409386,0.116,0.3727214861765979
Tubb5,-0.20888920048368897,0.042202592759546666,0.947,0.3727214861765979
Mark4,-0.20884398505091484,0.04224818378332221,0.453,0.3727214861765979
Has2,-0.20876673795792883,0.04232616737386354,0.126,0.3728615492721787
Copb2,-0.20866827216009046,0.04242574560059584,0.905,0.3729437963809851
Wdr89,-0.208657369572303,0.04243678333846903,0.621,0.3729437963809851
Ubqln1,-0.20863469567885806,0.04245974595259487,0.716,0.3729437963809851
Olr1,-0.20854862539153673,0.04254700635259307,0.232,0.37323592489412605
Ruvbl2,-0.20854057608701054,0.04255517457983331,0.537,0.37323592489412605
Hoxa3,-0.20844057058040866,0.04265676643376159,0.411,0.3738538646497631
Exoc2,-0.20825406635427965,0.04284676806769575,0.6,0.374714544959834
Lhfpl2,-0.2080370446094336,0.043068744962219734,0.6,0.3755104643078192
Nup153,-0.20789255028182274,0.04321706803483108,0.632,0.3755104643078192
Magohb,-0.20787286219817375,0.04323731063534745,0.621,0.3755104643078192
Elp6,-0.2078716680663982,0.04323853865343746,0.242,0.3755104643078192
Cd244a,-0.20785823931510264,0.04325235047369984,0.295,0.3755104643078192
Sh3kbp1,-0.20768833752096763,0.04342741584426003,0.684,0.3760258965168261
Prr11,-0.20767536909081605,0.04344080255977568,0.126,0.3760258965168261
Ncald,-0.20761468856332096,0.043503485856919946,0.158,0.37605929062925686
Gm42659,-0.2075135209655587,0.04360815961557902,0.211,0.37619554996439153
Cenpb,-0.2074979870322909,0.04362425042517264,0.768,0.37619554996439153
Cdc42ep5,-0.20747837353817017,0.043644574090147194,0.663,0.37619554996439153
Rgl2,-0.20738521987779354,0.04374120812307022,0.389,0.37666468885647886
Hs3st1,-0.20727073307187524,0.04386021574363807,0.558,0.37666468885647886
Nfil3,-0.20725576632798778,0.04387579334825482,0.6,0.37666468885647886
Rps6ka2,-0.20720669284009796,0.04392690198779315,0.158,0.37666468885647886
Mettl6,-0.2071712257333784,0.04396387074366548,0.579,0.37666468885647886
Gspt1,-0.20716495006416621,0.043970414809616734,0.863,0.37666468885647886
B230217C12Rik,-0.20713487111853573,0.04400179139860292,0.116,0.37666468885647886
Tspan14,-0.2071310984766614,0.04400572810902047,0.463,0.37666468885647886
Mtif3,-0.20712609106424068,0.04401095374073087,0.368,0.37666468885647886
Prkaa1,-0.20710229700531138,0.04403579176997662,0.547,0.37666468885647886
Fndc10,-0.20699696703309994,0.04414588298803938,0.147,0.37666468885647886
Sinhcaf,-0.20698286612056047,0.04416063863695379,0.326,0.37666468885647886
Gm56815,-0.20697426501872912,0.04416964111752409,0.147,0.37666468885647886
Mfsd14b,-0.20679289724389163,0.04435982772748183,0.579,0.37666468885647886
Kpna2,-0.20678736293590533,0.04436564180759784,0.232,0.37666468885647886
2410004B18Rik,-0.2067681901497836,0.04438578871467168,0.484,0.37666468885647886
Gpx7,-0.20673737940239958,0.04441818078700705,0.768,0.37666468885647886
Ganab,-0.20672687665088532,0.04442922706329067,0.705,0.37666468885647886
Sec16b,-0.2065883236244264,0.04457516388870441,0.411,0.3773750391740575
Abcb1a,-0.2065483646144098,0.04461732624063694,0.442,0.3773750391740575
Mtbp,-0.20648003172067952,0.04468950370275159,0.253,0.3773750391740575
Wbp4,-0.20647684573648958,0.04469287130053384,0.747,0.3773750391740575
Tead2,-0.20631855644734617,0.04486044902237511,0.358,0.3782344589383256
Ngef,-0.20629296852580653,0.04488758733005464,0.126,0.3782344589383256
Clk2,-0.20628110235241062,0.044900177103281966,0.505,0.3782344589383256
Gm49980,-0.20626180466531652,0.044920657820109296,0.137,0.3782344589383256
Fasn,-0.20618914331075092,0.04499784316380277,0.568,0.3786188527454659
Chsy1,-0.20613075759835936,0.04505994373292202,0.568,0.37865497979451096
Dcbld2,-0.20610515198344018,0.04508720094951615,0.516,0.37865497979451096
Efhd2,-0.20609618896800266,0.04509674532407351,0.811,0.37865497979451096
Apbb2,-0.20594838910691174,0.04525437358630283,0.611,0.3793277155067007
Lsm5,-0.20593236650464303,0.04527148907688206,0.8,0.3793277155067007
Gdi2,-0.20586341503730823,0.04534520493215176,0.926,0.3794145474706245
Phf5a,-0.20583080850418806,0.04538009914762637,0.716,0.37944209642447757
Csnk1g2,-0.20577831148750922,0.04543632614493593,0.747,0.3796478552694821
Gm43848,-0.20571090513001306,0.04550860649427359,0.126,0.37972225294419387
Plcl1,-0.20570210790615867,0.045518046852594744,0.768,0.37972225294419387
Emc8,-0.20566269212959815,0.04556036411406752,0.789,0.37972225294419387
Tspyl3,-0.2056477454126789,0.04557641961880046,0.211,0.37972225294419387
Mbd4,-0.2055636830357674,0.045666805359965014,0.158,0.37972225294419387
H2ac20,-0.20552560731134017,0.04570779408909121,0.179,0.37972225294419387
Nek1,-0.20552047263946807,0.0457133239244755,0.379,0.37972225294419387
Taf6,-0.20550512527006168,0.04572985573059918,0.579,0.37972225294419387
Septin10,-0.20545796908494637,0.045780682210181736,0.537,0.3798815834814458
Smpdl3b,-0.2052769833383675,0.045976189423188055,0.158,0.3805717424390849
Mrpl53,-0.20526363266340616,0.0459906386507131,0.737,0.3805717424390849
Rpl8,-0.20519604139806216,0.04606384937952065,0.968,0.38065288334473807
Asnsd1,-0.20514596645384503,0.04611814973947023,0.674,0.38083949375640924
Ddx19a,-0.20490546218588235,0.0463796876679098,0.526,0.3820965361281937
Mdm1,-0.20481385305795216,0.04647963111799284,0.158,0.3820965361281937
Zfp462,-0.20478739089167422,0.046508533908104825,0.642,0.3820965361281937
Klhl9,-0.20478712033528532,0.04650882949493724,0.758,0.3820965361281937
Atg4b,-0.20477661050105356,0.04652031284726935,0.495,0.3820965361281937
Rpl24,-0.2047454069495222,0.046554420594085696,0.958,0.3820965361281937
Anp32a,-0.20463039288730386,0.0466803181783658,0.853,0.38277341543251087
Prrg2,-0.2045865057945359,0.04672843244650482,0.316,0.38277341543251087
Zmym1,-0.204531506682698,0.04678878699132811,0.263,0.38277341543251087
Itga1,-0.2045271372367759,0.04679358466930664,0.432,0.38277341543251087
Ube2t,-0.2045225256969347,0.046798648609554926,0.126,0.38277341543251087
Rbmxl1,-0.20437104455384886,0.04696524268254258,0.768,0.3835639718964074
Rsbn1,-0.20431150465624287,0.04703085696939272,0.6,0.3835639718964074
Zfp358,-0.2042895879278649,0.047055028783493644,0.453,0.3835639718964074
Eda,-0.20423368394102262,0.04711673147824541,0.211,0.38380637371729487
E130308A19Rik,-0.2041877508873536,0.047167479082735636,0.284,0.3839592687094283
Lemd3,-0.20404464556158322,0.04732587425266516,0.453,0.38446669293081903
Sar1a,-0.20389422393200732,0.04749284152086935,0.832,0.38512818688245004
Speg,-0.20377576879593481,0.047624668790397534,0.432,0.3852483425245299
Mrpl20,-0.2037541365373702,0.04764877571238453,0.853,0.3852483425245299
Cmklr1,-0.20374424264842156,0.04765980479422441,0.158,0.3852483425245299
Vamp2,-0.2037370500022449,0.047667824026551,0.547,0.3852483425245299
Tcf3,-0.20372723049949382,0.0476787737979055,0.695,0.3852483425245299
S100pbp,-0.2036862383013753,0.047724506848564184,0.579,0.38535854319482865
Tet1,-0.20345026191983598,0.04798848044716349,0.137,0.3867098555228805
Ltbp2,-0.20341511763551745,0.04802789746258249,0.137,0.38676791739317773
Cyth2,-0.20322606840687987,0.048240390143483615,0.568,0.3879427756172482
Tmem268,-0.2031064048755325,0.04837529389958816,0.168,0.3879427756172482
Maged2,-0.20301745801829388,0.048475770773343675,0.737,0.3879427756172482
Dpy19l3,-0.20300985680009032,0.04848436531427771,0.326,0.3879427756172482
Nsd2,-0.2029895386413412,0.04850734481814885,0.663,0.3879427756172482
Dbnl,-0.2029348186158727,0.04856927701886784,0.726,0.3879427756172482
Dync1h1,-0.2029339605938323,0.04857024864930856,0.853,0.3879427756172482
0610010K14Rik,-0.20291954341682422,0.04858657716787828,0.568,0.3879427756172482
Hoxa4,-0.20291315425243492,0.04859381481871752,0.168,0.3879427756172482
Anln,-0.2028506170299758,0.048664704069972364,0.274,0.38822326768235366
Arfgap1,-0.20279930648651245,0.04872293106109953,0.758,0.38822326768235366
Emc3,-0.20277738949863827,0.048747819900263965,0.842,0.38822326768235366
Hdlbp,-0.20276817970048966,0.048758281641125126,0.916,0.38822326768235366
Raly,-0.20272128840872303,0.048811575904611465,0.842,0.3883900542655201
Nemp2,-0.20255484644848593,0.04900113397405854,0.2,0.3893635677389804
Septin6,-0.20253293647962883,0.049026132095939805,0.337,0.3893635677389804
Mios,-0.202479898085192,0.04908668971216128,0.389,0.3893635677389804
Fra10ac1,-0.20245886999845747,0.0491107160278626,0.505,0.3893635677389804
Ahcyl2,-0.20245855004911478,0.04911108167122923,0.547,0.3893635677389804
Rps16,-0.20244331762203188,0.049128492139964626,0.979,0.3893635677389804
Nutf2-ps1,-0.2022689855087764,0.04932811462618068,0.168,0.39020367908002235
Ubash3a,-0.20224458269279108,0.04935611090081024,0.158,0.39020367908002235
Calu,-0.20223728442695302,0.04936448642646406,0.926,0.39020367908002235
Dynlt1f,-0.2021951974285554,0.049412808562181006,0.516,0.3903286792145443
Strn,-0.20206665447478175,0.04956063674398672,0.611,0.39122765530624865
Klf12,-0.20202362815836272,0.049610199718539166,0.253,0.39122765530624865
Alg11,-0.20191671285983329,0.049733534931485045,0.432,0.3913175320592011
Ccdc6,-0.20175512403312032,0.04992042034438384,0.674,0.39245051053922547
Rplp1,-0.2017357222844345,0.049942898317975895,1.0,0.39245051053922547
Car9,-0.2016619936559582,0.05002839306580433,0.147,0.3928652161812378
L3mbtl3,-0.20143234950795183,0.05029545918055139,0.6,0.39418901983086196
Ercc6l,-0.20137674914504408,0.050360296413484815,0.137,0.39431461429948217
Ctnnd2,-0.20134714220473976,0.05039485005084285,0.379,0.39431461429948217
Bmp4,-0.20122171193039712,0.050541453947254976,0.242,0.3945716759068209
Gm15270,-0.20109559487049605,0.05068921480169684,0.137,0.3951729040397891
Fancf,-0.20107174128231697,0.05071720205924169,0.147,0.3951729040397891
Rnf126,-0.20103317434514137,0.05076247932987836,0.537,0.3952691889194873
Vcp,-0.2009942762441298,0.05080817911716231,0.905,0.3953535555290334
Vav2,-0.20081983697422012,0.05101353776840507,0.558,0.3956844625227647
Marchf7,-0.2007799789619108,0.051060556459278636,0.811,0.39579348057234254
Mta3,-0.20045046756474993,0.05145063518936612,0.611,0.3977496599841857
Ywhah,-0.20044567532088076,0.05145632634470907,0.874,0.3977496599841857
Gas2l3,-0.20034833890456477,0.05157203299661397,0.232,0.39821569144073565
Lmnb2,-0.20030296400899064,0.0516260446205572,0.221,0.398376553829711
Rps27a,-0.20019597562565147,0.05175358170488423,0.958,0.399104210360016
Pip4k2c,-0.19996384894968847,0.052031183586875376,0.537,0.40083999327070824
Zfp970,-0.1999325802980681,0.052068671449235354,0.211,0.40083999327070824
A930007I19Rik,-0.19992411872654578,0.05207881981363412,0.137,0.40083999327070824
Ufm1,-0.19988917278342577,0.05212074938400355,0.8,0.4009057257230818
Atp13a1,-0.19982687460514983,0.05219556617571093,0.526,0.40122417610227984
Fam171a1,-0.19969225330620557,0.052357540958027,0.495,0.4020385039331173
AI506816,-0.19966078018502567,0.052395468621411985,0.674,0.4020385039331173
Siva1,-0.19955187825014853,0.052526878703617906,0.8,0.40213179448903175
Ndn,-0.1995287441336077,0.052554829118658004,0.537,0.40213179448903175
Pkp4,-0.1995156245013259,0.05257068556535559,0.326,0.40213179448903175
Gm34455,-0.19951406127745608,0.052572575147056134,0.116,0.40213179448903175
Aen,-0.1995066201599086,0.05258157052950611,0.537,0.40213179448903175
Rai14,-0.19946714928855028,0.05262930705316672,0.516,0.4022406682287542
Fzd1,-0.19942893519409777,0.05267555756408092,0.853,0.4023380532264119
Agbl3,-0.19925661947466192,0.05288452655745925,0.337,0.402991837128841
Cdk14,-0.19924766394316815,0.05289540562297438,0.6,0.402991837128841
Stom,-0.1991535031510296,0.05300990235638014,0.316,0.4036080517394143
Gm15283,-0.19908559061798578,0.053092608369143146,0.316,0.40398158978979837
Las1l,-0.19902733020468463,0.05316364421698013,0.526,0.40416726895494687
Pdcl3,-0.19898962147178434,0.053209663404734875,0.779,0.40416726895494687
Knstrn,-0.19896820904475865,0.05323580938700395,0.2,0.40416726895494687
Smad1,-0.19895523652249322,0.05325165482524577,0.768,0.40416726895494687
Slc12a4,-0.19885017927323578,0.053380121060119,0.516,0.404323767731287
Yaf2,-0.19884255391065747,0.05338945541867448,0.768,0.404323767731287
Armcx4,-0.19874752971010978,0.053505888966498605,0.168,0.40441201594090914
Septin11,-0.1987362928639272,0.053519671302582214,0.779,0.40441201594090914
Sf3b5,-0.19851370666507998,0.053793281695612274,0.842,0.40572631563439593
Maip1,-0.1985110413434525,0.05379656494502939,0.537,0.40572631563439593
Arntl,-0.19848490594872692,0.05382876828563277,0.495,0.40572631563439593
Fam210b,-0.1984383076153023,0.05388622479213574,0.147,0.4057465874878809
Rps6,-0.19842103054898225,0.053907540490733256,0.968,0.4057465874878809
Sfswap,-0.19840053554855344,0.05393283531528758,0.684,0.4057465874878809
Cyp20a1,-0.198245661996061,0.05412429470730382,0.758,0.4069320015971177
Colgalt1,-0.19819112539806735,0.05419184720100069,0.842,0.40699329029184206
Gm10501,-0.19816690451062047,0.05422187091733155,0.137,0.40699329029184206
Gpr161,-0.19814630554936186,0.054247415711030325,0.168,0.40699329029184206
Rps21,-0.1981130755103877,0.0542886451387574,0.968,0.40699329029184206
Armcx5,-0.1980776970054994,0.054332568492409195,0.295,0.40699329029184206
Slc30a4,-0.19783736138862273,0.054631724228614675,0.389,0.40824113566138354
Lbr,-0.19783199477343916,0.05463841967251131,0.484,0.40824113566138354
Pknox2,-0.1977132893772742,0.05478668996699966,0.211,0.40884014072949965
Dusp6,-0.19759557884274656,0.05493404339617479,0.632,0.40968512984960914
Mapre3,-0.19748195869219617,0.05507658453428676,0.474,0.4104121171122598
Med7,-0.1974634078292447,0.05509988613183665,0.611,0.4104121171122598
Pspc1,-0.19730720325118536,0.05529641432747803,0.621,0.41156299730889223
Slc17a9,-0.19728247254548414,0.05532758180553346,0.158,0.41156299730889223
Carnmt1,-0.19725895927384732,0.055357228337957934,0.663,0.41156299730889223
Mnd1,-0.1971170667572218,0.055536409006938646,0.189,0.412639642912322
Tmx4,-0.19700799003718006,0.05567447312183393,0.568,0.41315414015689744
Med13,-0.19693784561724992,0.05576340710655916,0.8,0.4133607760837625
Arhgef17,-0.19693172593238714,0.05577117158788167,0.558,0.4133607760837625
Aldh5a1,-0.19685094131658998,0.05587375186692064,0.189,0.41375804879568057
Cul5,-0.19682492269350751,0.055906823201817626,0.726,0.41375804879568057
Kif5b,-0.196795603780488,0.05594410863393146,0.874,0.41375804879568057
Dusp2,-0.19678106056623274,0.05596261108055178,0.147,0.41375804879568057
Arhgef19,-0.1966003005645814,0.05619299973088231,0.168,0.41495039838173675
Tfpi2,-0.19654575819644057,0.05626266938383667,0.337,0.41520950909141174
Specc1,-0.19642413291326458,0.05641828214350432,0.568,0.41575257012355527
Lonrf3,-0.19638005845704615,0.05647475987936359,0.105,0.41575257012355527
Fen1,-0.1961653516971011,0.05675055112500585,0.316,0.4174997999901205
Timp3,-0.19611728819355098,0.056812439570760064,0.916,0.4174997999901205
Asb8,-0.19610770649331863,0.056824783944578516,0.495,0.4174997999901205
Oscp1,-0.19608722006029528,0.05685118455766195,0.232,0.4174997999901205
Prps1l3,-0.19597359022444807,0.05699780025750262,0.232,0.41794338699600553
Dlg5,-0.19580992943873413,0.05720951417771747,0.516,0.41910594065396806
Pfkfb3,-0.1957720008027681,0.05725867092544076,0.347,0.4192102815864434
Grk6,-0.19558277285963227,0.05750443303716742,0.495,0.42068917439677717
Rps29,-0.19556255480041704,0.05753074243020805,0.958,0.42068917439677717
Dnm3os,-0.19552479570362713,0.05757990401978424,0.126,0.4207769936644347
Fndc3b,-0.1954995131183523,0.05761284064165326,0.874,0.4207769936644347
Sgo2a,-0.19547250937953492,0.05764803649411652,0.137,0.4207780998084238
Lrrc8a,-0.19535523359240362,0.057801094258902536,0.632,0.4210237619709575
Nck2,-0.19533513884282377,0.05782735342659727,0.621,0.4210237619709575
Zfyve28,-0.19533070922087678,0.05783314322494233,0.158,0.4210237619709575
Usp22,-0.19530009430107115,0.057873171836986134,0.768,0.4210237619709575
Prkacb,-0.19524279426706365,0.057948151764888295,0.758,0.4211764275066669
Rftn1,-0.19513981577987063,0.05808310382234644,0.632,0.42190189207193807
4833439L19Rik,-0.1950961537672968,0.05814039986141916,0.547,0.42193707332612396
Serf1,-0.1950825743346195,0.05815822906260808,0.716,0.42193707332612396
Fam162a,-0.19504272831660563,0.05821057093843902,0.905,0.422061790614636
Hilpda,-0.19498518906899953,0.05828622264165835,0.526,0.42235526569607235
Arhgdia,-0.19484237919746378,0.05847433407367672,0.895,0.42320755227404244
Tro,-0.19455129080870948,0.0588592964313481,0.211,0.42523120954728955
Sh3rf3,-0.19450070207621686,0.058926410335804764,0.116,0.42523120954728955
Kctd10,-0.1944972306917414,0.05893101796341216,0.768,0.42523120954728955
A730081D07Rik,-0.19446171986914781,0.05897816898409678,0.105,0.42526303235903545
Zfp868,-0.19426730423867172,0.05923685904685494,0.337,0.42641304950574777
Casp6,-0.19413344394183443,0.059415511912457496,0.579,0.4269165274413586
Top2a,-0.19402870036947345,0.059555611469529014,0.274,0.4271887258084859
Ppp1r12c,-0.19399399863528813,0.059602086119996345,0.547,0.4271887258084859
Snta1,-0.19399300586633994,0.05960341613126899,0.705,0.4271887258084859
Kcnq5,-0.19397262664817783,0.05963072349566464,0.126,0.4271887258084859
Ddx11,-0.19394719148517323,0.05966481995342973,0.232,0.4271887258084859
Maml3,-0.1939072802017956,0.05971835407204307,0.432,0.427317209382015
Prkar1b,-0.19382049756147587,0.05983489332573583,0.116,0.4278961073032222
Smtn,-0.19358546087378517,0.06015145303439204,0.558,0.42939268524610297
Galns,-0.19351831233469655,0.06024214265345048,0.326,0.4297845554604753
Sh2b2,-0.19342258589199815,0.06037162184807229,0.253,0.43044110957898996
Cep83,-0.19338829375296723,0.06041806042630089,0.432,0.43044110957898996
Kdm5b,-0.1933708321315046,0.0604417182268824,0.832,0.43044110957898996
Efcab11,-0.19329355268641876,0.06054651064472189,0.126,0.43047383032884545
Prpf31,-0.19325141353457942,0.06060371452527619,0.589,0.43050815370076995
Cfap97,-0.19323176220649235,0.06063040625535121,0.505,0.43050815370076995
Zfp287,-0.19305926852299746,0.060865110047202194,0.137,0.43191925315411156
Poc1a,-0.19297095017304638,0.06098556686482419,0.158,0.4325184296195771
Fiz1,-0.19288649491585644,0.06110093647562354,0.284,0.43256231690013686
Arhgap10,-0.1928602372426479,0.06113684183492348,0.758,0.43256231690013686
Gpsm1,-0.1928346227608802,0.06117188424222806,0.274,0.43256231690013686
Zfp994,-0.19263858016842458,0.061440626515945285,0.274,0.433098072621971
Mxd1,-0.19262151006695608,0.06146407227016228,0.232,0.433098072621971
Cd38,-0.1925230965227181,0.061599385252279176,0.263,0.4334293308081449
Zfp367,-0.19246210717850568,0.061683363793938864,0.305,0.4334293308081449
Nedd9,-0.1924592224031242,0.06168733825859244,0.442,0.4334293308081449
Dixdc1,-0.19245614831371155,0.06169157377788953,0.168,0.4334293308081449
Anp32e,-0.19230927952146926,0.06189420755090985,0.737,0.4345986842478214
Polb,-0.1922237224387303,0.06201249957357985,0.674,0.43460359767856505
Stc1,-0.1922017593409388,0.062042895625023735,0.105,0.43460359767856505
Mbd1,-0.19219769030935058,0.062048528333823676,0.653,0.43460359767856505
Btla,-0.1921779311778146,0.062075886567730415,0.126,0.43460359767856505
Cpe,-0.19213343099609867,0.06213753689293357,0.432,0.43478170482135975
Lonp1,-0.192013040351904,0.06230457529778522,0.463,0.43545525862437134
Wbp2,-0.19195461973105102,0.062385763739556906,0.695,0.43575675696385097
Pim2,-0.19189786873587417,0.062464714276865306,0.168,0.43597252014070187
1600014C10Rik,-0.19188022703327925,0.0624892735206253,0.411,0.43597252014070187
Cdca3,-0.19179493423730412,0.06260812156587275,0.2,0.43654803463497915
Loxl3,-0.1915714882598583,0.06292034605298073,0.537,0.4382161224235149
Ddx1,-0.19144676482968345,0.06309517395014157,0.811,0.4391789876054201
Skap1,-0.1913771690231798,0.06319289966719055,0.242,0.4394771462877547
Rttn,-0.1913641370072475,0.06321121276246792,0.2,0.4394771462877547
Plcxd2,-0.19121906704538283,0.06341536220428827,0.147,0.44011540372972824
Fam118a,-0.19110449577394695,0.06357697090894845,0.263,0.44011540372972824
Porcn,-0.1910911886011611,0.06359576304048832,0.137,0.44011540372972824
Evl,-0.19095047237655693,0.06379475614806046,0.568,0.4407579385089918
Uggt2,-0.19094738115120002,0.06379913326059387,0.505,0.4407579385089918
Pde3b,-0.19094731621420707,0.06379922521267825,0.463,0.4407579385089918
Nbn,-0.19078540595069649,0.06402882846542152,0.379,0.4419135419128364
Mrc2,-0.19077746488819347,0.06404010684836639,0.747,0.4419135419128364
Mcc,-0.19060650265197135,0.06428330948522307,0.621,0.4433369885060731
Col8a1,-0.19046737102859235,0.06448178454676105,0.105,0.44414526149278993
Fancd2,-0.19045726412747874,0.06449622168027287,0.116,0.44414526149278993
Ccn1,-0.1904465845923739,0.06451147964049518,0.211,0.44414526149278993
Hdgf,-0.1903935191120455,0.06458733829689264,0.905,0.44415817349987974
Wdr6,-0.19034930408792045,0.06465060026139571,0.4,0.4443387277267191
Ripor1,-0.19026713315222543,0.06476830238282247,0.653,0.44463877294171195
Micall1,-0.190267121115893,0.06476831963646658,0.484,0.44463877294171195
Tmtc4,-0.19014253237647347,0.06494711304129937,0.284,0.44561142073536086
Map3k20,-0.19008934631066438,0.06502356059558242,0.6,0.44588114909831994
Sucla2,-0.1899846916550148,0.06517420027557327,0.642,0.446378271206036
1700017B05Rik,-0.1899096788979319,0.0652823475870647,0.695,0.446378271206036
Hsd11b1,-0.1898966506172939,0.06530114553597932,0.358,0.446378271206036
Cstf2,-0.18988159207651018,0.06532287833111541,0.463,0.446378271206036
Maco1,-0.18985844768718327,0.06535629222788468,0.663,0.446378271206036
Nat2,-0.1897103055205781,0.06557049579629394,0.179,0.4475866645969877
Timm8a1,-0.18967355051781407,0.06562372911125253,0.547,0.447695520135687
Cnbd2,-0.1895682696140258,0.06577640443939423,0.137,0.4484158787491241
Armh3,-0.1895346188510619,0.06582526450188653,0.568,0.4484158787491241
Hsph1,-0.18952353891650955,0.06584135872696809,0.495,0.4484158787491241
Diaph3,-0.18944040058944084,0.06596222361273046,0.305,0.44898436446601736
Fam78b,-0.18926780199520032,0.0662137184350885,0.621,0.44971856773734314
Zfp668,-0.18923525289255438,0.06626123298489935,0.295,0.44971856773734314
Ctu2,-0.1892208611187035,0.06628225062612869,0.421,0.44971856773734314
Zfp62,-0.18921225825527896,0.06629481676481197,0.484,0.44971856773734314
Trmt9b,-0.18913482344076418,0.0664080121455952,0.137,0.4502320733100856
Tgfbi,-0.18910316121840096,0.06645434154908574,0.453,0.45029191816019887
Sgsm3,-0.18889594885790842,0.06675818971902817,0.274,0.4506240787721712
Ctbp1,-0.18887383603542307,0.06679068145232094,0.832,0.4506240787721712
Gtf2h4,-0.18882303627624467,0.06686537318651173,0.389,0.4506240787721712
Slc9a7,-0.18881265352207635,0.06688064744691513,0.147,0.4506240787721712
Rps20,-0.18879545351268143,0.06690595691506049,0.979,0.4506240787721712
Troap,-0.18874415646072365,0.06698148556524922,0.116,0.4506240787721712
Tnfrsf4,-0.18871456235780087,0.06702509067061777,0.158,0.4506240787721712
Vars2,-0.18866197066126322,0.06710263805123523,0.295,0.4506240787721712
Zfp770,-0.18866197066126322,0.06710263805123523,0.295,0.4506240787721712
Apoo,-0.1886465461489192,0.06712539553930753,0.326,0.4506240787721712
Gm20342,-0.18854977428243186,0.06726831641072371,0.232,0.4506240787721712
Eif4e2,-0.188516040714206,0.06731819486612188,0.832,0.4506240787721712
Zmiz1,-0.18849361764734887,0.06735136617645397,0.874,0.4506240787721712
Mfap4,-0.1884701966083146,0.06738602795312422,0.105,0.4506240787721712
Xrn1,-0.1884350664554489,0.06743804561056535,0.789,0.4506240787721712
Ptpn6,-0.18840996628590154,0.06747523165073055,0.284,0.4506240787721712
Chic1,-0.1884013878288582,0.06748794448727344,0.295,0.4506240787721712
Spdl1,-0.18839478192608555,0.06749773542006793,0.158,0.4506240787721712
Slc39a14,-0.18838200561366283,0.06751667508213009,0.737,0.4506240787721712
Oip5,-0.1882862463327627,0.06765876604381492,0.105,0.45127783058382615
Raet1e,-0.18826535641895667,0.0676897953594962,0.379,0.45127783058382615
Mtss2,-0.18818114389047796,0.06781499919000955,0.179,0.45186165109569626
Acsbg1,-0.18806395194598266,0.06798954727262078,0.116,0.4527734298959278
Erc1,-0.1879864528459701,0.06810517554475749,0.737,0.4528423899578802
Amot,-0.18798222419980326,0.06811148923757573,0.126,0.4528423899578802
Ampd2,-0.18793242949574085,0.06818587216719227,0.411,0.4528423899578802
Gm13986,-0.18788754399991642,0.06825297805563409,0.158,0.4528423899578802
Dip2a,-0.18784370335771905,0.0683185733947994,0.305,0.4528423899578802
Apeh,-0.18779875697725434,0.06838587608405602,0.495,0.4528423899578802
Ccdc91,-0.18777189589211576,0.06842612345045962,0.389,0.4528423899578802
Nlgn2,-0.1877448703314537,0.06846663658790206,0.526,0.4528423899578802
Acbd3,-0.18772916040978377,0.06849019573278174,0.853,0.4528423899578802
Pik3c2a,-0.18767199827872752,0.06857597337625565,0.632,0.4531599957780416
Pycr1,-0.1876155635615368,0.068660744648837,0.179,0.4532213089601901
Tpt1,-0.18748600223964168,0.0688556808098881,0.989,0.45358665347413646
Pcbp3,-0.18747835553129868,0.06886719990700015,0.526,0.45358665347413646
Taf8,-0.18742848459202285,0.06894236432558551,0.347,0.4537219251741406
Stub1,-0.18741459237242003,0.06896331418695816,0.832,0.4537219251741406
Camk1d,-0.18733114065626094,0.06908927005353312,0.947,0.45418130183802563
Mlec,-0.1872934886820318,0.06914615999517353,0.842,0.45418130183802563
Ccdc58,-0.18725552384116378,0.06920356098092603,0.632,0.45418130183802563
G6pc3,-0.18724297963969366,0.06922253566164187,0.568,0.45418130183802563
Rbmx2,-0.18716553625392326,0.06933977161769184,0.305,0.45418130183802563
Nabp1,-0.18714301830882585,0.06937388999656412,0.326,0.45418130183802563
Prrc2a,-0.18712518541228607,0.06940091938103785,0.842,0.45418130183802563
Eldr,-0.187109129106113,0.06942526325916305,0.126,0.45418130183802563
C430049B03Rik,-0.187081434313579,0.06946726911826616,0.116,0.45418130183802563
Ctnnbl1,-0.1870221056501734,0.0695573245041624,0.6,0.45418130183802563
Gnb1l,-0.18701856210321002,0.0695627062613583,0.179,0.45418130183802563
Glipr2,-0.18693310093402418,0.06969260219884674,0.379,0.4545093257553157
Itga9,-0.18691081498691234,0.06972650770727838,0.547,0.4545093257553157
Gadd45a,-0.1868552630232548,0.06981108162961545,0.295,0.45456705917938867
Cox5a,-0.186798190943366,0.06989805607084734,0.874,0.45488669877651167
Prpf39,-0.1867428608021988,0.06998245940963253,0.695,0.4549916794680493
Ddit4,-0.18673793649399348,0.06998997517926935,0.453,0.4549916794680493
Cmc1,-0.1866208919967018,0.07016880730492275,0.789,0.4553775518291469
Gm13293,-0.18659982363479374,0.0702010367648664,0.126,0.4553775518291469
Atp6v0d1,-0.18652209869569722,0.07032004035402413,0.842,0.4559031989906953
B4galt3,-0.1864340793181671,0.07045500215689438,0.337,0.4565316842405995
Egfr,-0.18640780974585014,0.07049532227502607,0.863,0.4565465666430626
Ncaph,-0.18634671021816265,0.07058917352258591,0.137,0.4569079280246302
Ell,-0.18627410487468693,0.07070082920485583,0.505,0.45738408203809483
Hmgxb4,-0.1861521679232386,0.07088866976840538,0.579,0.4578491694313555
Pip5k1b,-0.1861284533121149,0.07092524820040987,0.4,0.4578491694313555
Cth,-0.18601747232797386,0.07109663241316087,0.326,0.4581928904939887
Cops9,-0.18600316361398125,0.0711187531663687,0.842,0.4581928904939887
Cip2a,-0.18599213854327978,0.07113580131182298,0.179,0.4581928904939887
Nfatc3,-0.18598361193152804,0.07114898833228724,0.684,0.4581928904939887
Taf1c,-0.18595412528095495,0.07119460676307093,0.2,0.4581928904939887
Cdyl,-0.1859372496245066,0.07122072549191423,0.537,0.4581928904939887
Wtip,-0.18581207346380965,0.0714147039834648,0.663,0.45880041407165506
Prkd3,-0.1858109126236601,0.07141650486382305,0.737,0.45880041407165506
Zfp146,-0.1857747341413952,0.07147264904905096,0.316,0.4588407309983807
Mecp2,-0.1857412295755801,0.0715246754021197,0.674,0.4588407309983807
Cdadc1,-0.1857307592033157,0.07154094020048525,0.537,0.4588407309983807
Smarca1,-0.1857084289041944,0.07157563830765112,0.116,0.4588407309983807
Cenpw,-0.1856396194913322,0.07168264365655422,0.284,0.4589534338060684
Ctnnd1,-0.1855791651314114,0.0717767624538659,0.874,0.4589534338060684
Syt11,-0.1855778782805092,0.07177876697882181,0.411,0.4589534338060684
Lrp1,-0.1855533006575055,0.07181706015093596,0.947,0.4589534338060684
Slc22a17,-0.1855281879959968,0.07185620394335539,0.242,0.4589534338060684
Stxbp1,-0.18551919525813576,0.07187022534994406,0.579,0.4589534338060684
Tagln2,-0.18540822249510755,0.07204343476220226,0.905,0.4592266427617556
Usp19,-0.18529111170312834,0.07222658917712611,0.663,0.4592266427617556
Kat2a,-0.18527830780323523,0.07224663645235489,0.326,0.4592266427617556
Rfwd3,-0.18524403178193716,0.072300325040104,0.537,0.4592266427617556
Kif2a,-0.1852083366558434,0.07235627061320225,0.705,0.4592266427617556
Rps24,-0.18519036954087348,0.07238444396534925,0.989,0.4592266427617556
Fkrp,-0.18516413908992713,0.07242559051423064,0.4,0.4592266427617556
Rgs12,-0.18513549549353267,0.0724705439728987,0.274,0.4592266427617556
Pebp1,-0.1851229799309705,0.07249019303663286,0.884,0.4592266427617556
Pdgfa,-0.18511372973438606,0.07250471832942207,0.358,0.4592266427617556
Ctdp1,-0.1851009053704394,0.07252485990217496,0.4,0.4592266427617556
Slc37a4,-0.18508251228060785,0.07255375541925964,0.2,0.4592266427617556
Sco1,-0.18497489665487024,0.07272300526928509,0.126,0.4600048212477572
Gtf2f2,-0.18492987588028137,0.07279390484172506,0.579,0.4600191660182067
Ccp110,-0.18481201255563043,0.0729797818276524,0.168,0.46007303875197075
Rabggta,-0.18480320451632365,0.07299368792166036,0.253,0.46007303875197075
Reck,-0.18475134956672426,0.07307559953691158,0.284,0.46007303875197075
Src,-0.1847478879497584,0.07308107024287759,0.621,0.46007303875197075
Ttk,-0.1847385076516933,0.0730958964321374,0.116,0.46007303875197075
Srp14,-0.18457609130961986,0.07335299039744593,0.895,0.46034884390009534
Usp21,-0.18455152964821245,0.07339193308873806,0.2,0.46034884390009534
Nfatc1,-0.18451495333826187,0.07344995592173216,0.389,0.46034884390009534
Nudt18,-0.18451001753160928,0.07345778866466844,0.295,0.46034884390009534
Mga,-0.18447595062841815,0.07351186853034673,0.716,0.46034884390009534
Plagl1,-0.18446063362640278,0.07353619410347155,0.137,0.46034884390009534
Fkbp4,-0.18430225863233138,0.07378809591378428,0.674,0.4616850795397644
Lats1,-0.18419659090319554,0.0739565503692729,0.632,0.46249807306451024
Gask1b,-0.18407089951685496,0.07415732891798216,0.116,0.4632710969397564
Cirbp,-0.18404323360821304,0.07420158104312254,0.779,0.46330649172375055
Ccar1,-0.1840111379062606,0.07425294530247446,0.863,0.46338184012663025
Dcaf1,-0.18396338057562917,0.07432942650819438,0.621,0.46338184012663025
Snx13,-0.18378354005504682,0.07461800138493034,0.611,0.4644574093462201
Rad51,-0.18367574460995614,0.07479140275373808,0.137,0.46454862092747595
Ube2l3,-0.18365870814910987,0.07481883746597902,0.895,0.46454862092747595
Prkcd,-0.1836404488945518,0.07484825028418499,0.716,0.46454862092747595
Rpl34,-0.18359719482754508,0.07491796292773681,0.968,0.46454862092747595
Usp28,-0.1835493327000282,0.07499516317628023,0.274,0.46454862092747595
Zyx,-0.1835269510593036,0.07503128604891836,0.789,0.46454862092747595
Zbtb25,-0.18346570801790502,0.07513020077326624,0.316,0.46454862092747595
Kif20b,-0.18342945314201842,0.07518880600651705,0.2,0.46454862092747595
Hdac1,-0.18339694901571182,0.07524137944443102,0.853,0.46454862092747595
Bnip3,-0.1833571520645453,0.07530578878017735,0.642,0.46454862092747595
Thoc2,-0.18332052413028313,0.07536510834842883,0.768,0.46454862092747595
Zfp217,-0.18331924607012193,0.07536717886611473,0.537,0.46454862092747595
Mfsd6,-0.18329658607483976,0.07540389671171178,0.389,0.46454862092747595
Zdhhc2,-0.18329331028206838,0.07540920593515,0.105,0.46454862092747595
Papola,-0.18325429416744288,0.07547246417487055,0.863,0.46454862092747595
Yipf5,-0.183202074542825,0.07555719641507924,0.811,0.46454862092747595
Wnt5a,-0.1831612119344595,0.07562355386749549,0.389,0.46454862092747595
H1f4,-0.1831212965126175,0.07568841833457038,0.411,0.46454862092747595
Gpm6b,-0.18310904320657612,0.07570833949988032,0.4,0.46454862092747595
Abcd4,-0.1831055995045159,0.07571393895536455,0.411,0.46454862092747595
Zfp354c,-0.18294785989444595,0.07597077996754673,0.347,0.46564885199485295
Arid4a,-0.18294658566460179,0.07597285758790014,0.705,0.46564885199485295
Vcl,-0.18286848711460282,0.0761002836476803,0.832,0.4657567084231318
Prc1,-0.18286448007597395,0.07610682617857788,0.242,0.4657567084231318
Kmt5c,-0.18281114916698152,0.07619394572205168,0.221,0.4657696918868234
Cmtm4,-0.1827916749171882,0.07622577812636924,0.432,0.4657696918868234
Spop,-0.182755789256597,0.07628446439858194,0.874,0.4657696918868234
2700099C18Rik,-0.18272920028446785,0.07632797053734154,0.168,0.4657696918868234
Fbrs,-0.18269240014864957,0.07638821750655124,0.537,0.4657696918868234
Gfod1,-0.1826674944813081,0.07642901320955146,0.389,0.4657696918868234
Txnrd3,-0.18265656036471947,0.07644692890915807,0.137,0.4657696918868234
Stmn2,-0.18254696019415784,0.07662669647870278,0.295,0.46586457752514177
Gm26533,-0.182546737548639,0.07662706200944464,0.116,0.46586457752514177
Ccng2,-0.18253393973217488,0.07664807531680332,0.474,0.46586457752514177
Zfp593,-0.18251367891145037,0.0766813519147205,0.611,0.46586457752514177
Skil,-0.18250032520280327,0.07670329052898035,0.789,0.46586457752514177
Adcy3,-0.1824886062172845,0.07672254762729927,0.526,0.46586457752514177
Aplp1,-0.1823503871548554,0.07694996730822407,0.674,0.46591528264899046
Chd7,-0.18233865618457604,0.0769692937977805,0.358,0.46591528264899046
Ints5,-0.18231433864309654,0.07700936875422952,0.474,0.46591528264899046
Ostf1,-0.18228936098939572,0.07705054898069497,0.853,0.46591528264899046
Epb41l1,-0.18228423070688551,0.07705900937399475,0.368,0.46591528264899046
Gys1,-0.18228118934388574,0.07706402526367077,0.516,0.46591528264899046
Cfap74,-0.18216333001796386,0.07725860342177661,0.105,0.46620122580034373
Sbds,-0.18215568710437363,0.07727123496398533,0.811,0.46620122580034373
Usp9x,-0.1821330441840092,0.07730866692850348,0.863,0.46620122580034373
Ppfibp1,-0.18196485668649415,0.07758715987676158,0.863,0.4671961026280222
Thtpa,-0.1818488363348012,0.07777974007188686,0.168,0.46799989376856704
Igbp1,-0.18183748662062812,0.07779859981361371,0.674,0.46799989376856704
Rundc1,-0.18176731751255634,0.07791528069239766,0.358,0.4680711382485628
Rfxap,-0.18176003840192032,0.07792739280077263,0.558,0.4680711382485628
Trim28,-0.1816118488333905,0.07817430155292547,0.747,0.4693194193729881
Cep55,-0.18157880231228524,0.07822944796089741,0.137,0.4693891067958961
Polr3d,-0.1815467461185247,0.07828297152122903,0.579,0.4693891067958961
Traip,-0.18151802169864842,0.07833095699477058,0.189,0.4693891067958961
Ercc5,-0.18151124502737812,0.0783422811708983,0.505,0.4693891067958961
Smc4,-0.1813750708716773,0.0785701133402496,0.737,0.46942324192326995
Mdk,-0.181374681480677,0.07857076558771456,0.716,0.46942324192326995
Stxbp5,-0.18133546309510937,0.07863648035636055,0.537,0.46942324192326995
Tfrc,-0.1813342797061355,0.07863846393985256,0.232,0.46942324192326995
Paqr3,-0.18132098877970707,0.07866074479467138,0.147,0.46942324192326995
5330438D12Rik,-0.1812646624967791,0.0787552260374936,0.368,0.4697536011088851
Impa2,-0.18114540516801753,0.07895556704005087,0.337,0.47001462243425424
Rtn4ip1,-0.18100316057851568,0.07919505755300973,0.147,0.47120666800742705
Cry1,-0.18093596616202237,0.07930839156144465,0.316,0.4714137908308247
2310010J17Rik,-0.1809106582119907,0.07935111104190035,0.558,0.47143433462647083
Ube2j2,-0.1808487663266584,0.0794556612677115,0.758,0.471438944530885
H2ax,-0.18083011353880774,0.07948719189356239,0.558,0.471438944530885
Gm48228,-0.1808173428187176,0.07950878525764829,0.137,0.471438944530885
Ostc,-0.1808172503215072,0.07950894167361057,0.853,0.471438944530885
Sin3a,-0.18075337792552232,0.07961701086650645,0.621,0.471846717410732
Cry2,-0.18060127504553336,0.0798748349988225,0.295,0.47267478749672837
Vcan,-0.18052458682410863,0.08000507933807986,0.768,0.47274654902181346
Ltbp1,-0.18041257756063928,0.08019561660154599,0.189,0.4734149900402902
Lsm6,-0.18041173032978025,0.08019705919396604,0.716,0.4734149900402902
Tbce,-0.1803426393222634,0.08031477129588249,0.653,0.4735843347448291
Ndfip2,-0.18024900134857233,0.0804745250197149,0.726,0.4735843347448291
1110046J04Rik,-0.1802420718657113,0.0804863573437659,0.179,0.4735843347448291
Cpeb2,-0.18023547300504855,0.08049762641150782,0.432,0.4735843347448291
Uevld,-0.18021272704190738,0.08053648002207132,0.368,0.4735843347448291
Exoc7,-0.18019349421382208,0.08056934434650505,0.579,0.4735843347448291
Gtpbp1,-0.1801817489702173,0.08058941944080894,0.253,0.4735843347448291
Dhx16,-0.18016376246039845,0.08062016991908309,0.474,0.4735843347448291
Fzd8,-0.1800207390408314,0.0808650224143909,0.137,0.47419896033982617
Rpl18a,-0.18000349967277926,0.08089457584859286,0.958,0.47419896033982617
Prr14l,-0.17999970761709463,0.08090107772383598,0.811,0.47419896033982617
Rara,-0.17998735071300806,0.08092226782179593,0.726,0.47419896033982617
Ctsk,-0.17995447460207695,0.0809786666378028,0.263,0.47429797576590155
Trabd,-0.17990097630645654,0.08107050981866742,0.568,0.4743731049672221
Armcx2,-0.1798381470524547,0.08117847811217277,0.474,0.4747734957101113
Gfus,-0.17979384546016108,0.08125467673223445,0.526,0.4749877816572245
Raph1,-0.17965845565250085,0.08148790084047824,0.632,0.4756564051490628
Donson,-0.17961534849564717,0.08156226980010943,0.337,0.4757812520118141
Nde1,-0.17960012885040152,0.08158853984278548,0.505,0.4757812520118141
Six5,-0.1795727734405411,0.08163577393875165,0.168,0.4758256008167918
Samm50,-0.1794470593484293,0.08185312289949229,0.768,0.4766383946967491
Cttn,-0.17942663776460643,0.08188847363783633,0.8,0.4766383946967491
Haus4,-0.1794079341685362,0.08192086114462367,0.316,0.4766383946967491
Ocel1,-0.17940034301418897,0.0819340090492288,0.358,0.4766383946967491
Cep112,-0.1793417557738193,0.08203553899704874,0.484,0.4769979257809028
Obsl1,-0.17928314097180217,0.08213721713272376,0.389,0.4771270276306794
Ptpdc1,-0.17925908239405752,0.08217898024371095,0.116,0.4771387890649117
Ankrd27,-0.1791970027818205,0.08228682204485314,0.505,0.47731000927280826
Eif1ax,-0.17917126879535955,0.0823315590056186,0.832,0.47733222065691094
B4galt7,-0.1791000807334571,0.08245541616119514,0.379,0.47758908916906423
Fam149b,-0.17906298882518054,0.08252000969276643,0.442,0.477732765853928
Gcat,-0.17893347541339516,0.08274586671644313,0.337,0.478539950329307
Dut,-0.17893111984271867,0.08274997912937075,0.737,0.478539950329307
Fbxl12,-0.17891449834140355,0.0827790019850063,0.411,0.478539950329307
Hs6st2,-0.17883897835754728,0.0829109698837397,0.126,0.479072192201185
Shq1,-0.17875982302987095,0.083049470349801,0.295,0.4794110531202214
Ppp2r2d,-0.17864980772839564,0.08324227364051459,0.642,0.4797336875791444
Med31,-0.1786388113398448,0.08326156455117374,0.632,0.4797336875791444
Ephb3,-0.17862140761175652,0.08329210310719039,0.284,0.4797336875791444
Kirrel,-0.17861398319006877,0.08330513355563555,0.642,0.4797336875791444
Sympk,-0.17850896250253454,0.08348962724554329,0.558,0.4804337449766182
Myl12a,-0.17842052033184708,0.08364524922810876,0.895,0.4808495050891352
Pold2,-0.17837588590147757,0.0837238752258823,0.368,0.4808495050891352
Capn15,-0.17837243319266743,0.08372995981417028,0.526,0.4808495050891352
Spacdr,-0.17834448447034193,0.08377922583879993,0.8,0.4808495050891352
Ttc39b,-0.17829414283979206,0.0838680227392671,0.632,0.4809856612453743
Pla2g4a,-0.178285618512885,0.0838830660987602,0.611,0.4809856612453743
Enah,-0.17823272498390794,0.08397645833042956,0.6,0.48119827116173125
Lix1l,-0.17820188758861444,0.08403094502635833,0.811,0.48119827116173125
Ost4,-0.17817388300167325,0.08408045081180246,0.916,0.48119827116173125
App,-0.1780919721587918,0.08422538399904195,0.947,0.4814150552047491
Hk1,-0.17809101922231857,0.084227071296203,0.568,0.4814150552047491
Pemt,-0.17807886215817553,0.08424859931089579,0.189,0.4814150552047491
Ubr3,-0.17806186370047494,0.08427870792374303,0.779,0.4814150552047491
Anp32b,-0.17796533021403682,0.08444985589329648,0.895,0.4815397751108302
Clba1,-0.17787990217505006,0.0846015452216963,0.316,0.4815397751108302
Calm3,-0.17781826879135965,0.08471111844015868,0.895,0.4815397751108302
Arhgap11a,-0.17781823006077688,0.08471118733175127,0.211,0.4815397751108302
Adipor1,-0.1777385695749153,0.0848529769119606,0.726,0.4817509977982674
Tnfaip1,-0.1776928094331305,0.08493451182396128,0.716,0.4817509977982674
Smarca5,-0.17769009112465323,0.08493935723652304,0.863,0.4817509977982674
Syap1,-0.17765588137280142,0.0850003552698607,0.684,0.4818544885655437
Slc38a10,-0.17763485359248615,0.08503786635049447,0.832,0.4818544885655437
Kat5,-0.17755052115996284,0.08518843780157236,0.368,0.4824799871148487
Ctbp2,-0.17751863871467333,0.08524541756648325,0.632,0.48257507247560794
Sdc2,-0.1774196968569494,0.0854224378017863,0.842,0.483106637333692
Fus,-0.17737625212909183,0.08550025854369081,0.884,0.483106637333692
Poll,-0.17734443264886068,0.08555729121863379,0.116,0.48311476495357464
AI597479,-0.17730812505912077,0.08562240524870549,0.2,0.48311476495357464
Xylt2,-0.17728489908342993,0.08566407937294623,0.305,0.48312287507325763
Acot1,-0.17720763953995952,0.08580282141632395,0.305,0.4834511857089637
Kif4,-0.17711769781061365,0.08596456298368269,0.116,0.48390834868498733
Tspan18,-0.17709250505080842,0.08600991036239775,0.116,0.4839367355769961
Glis3,-0.176968864955525,0.08623274024509178,0.442,0.4841881164841297
Zfp105,-0.17694727232121846,0.08627170249776234,0.126,0.4841881164841297
Tceal8,-0.17690523176098463,0.08634760159475244,0.832,0.4841881164841297
Dpf2,-0.17682992118139107,0.08648369828847494,0.642,0.4841881164841297
Fhip2a,-0.1768082119377885,0.08652296153804548,0.674,0.4841881164841297
Tbc1d22b,-0.176804700912706,0.08652931289380644,0.337,0.4841881164841297
Spc24,-0.17679676569241953,0.08654366887152601,0.295,0.4841881164841297
Clcc1,-0.17678126226056642,0.08657172231382965,0.579,0.4841881164841297
Clmp,-0.17677734069350873,0.08657881952955997,0.568,0.4841881164841297
Snx11,-0.1766574765802611,0.08679597154322559,0.316,0.4844266006471142
Ppp2r1b,-0.17660751090311042,0.08688661958597671,0.389,0.4844266006471142
Dynll2,-0.17658665865677672,0.08692447208916665,0.811,0.4844266006471142
Gm26724,-0.1765767716220479,0.0869424243245177,0.2,0.4844266006471142
Armc9,-0.17657526498583748,0.08694516023516329,0.463,0.4844266006471142
Slc25a47,-0.17655356576183573,0.08698457158284152,0.147,0.4844266006471142
Chsy3,-0.17650501168263005,0.08707280960894644,0.232,0.4844437885608545
Cenpe,-0.17650223576243546,0.08707785647559434,0.168,0.4844437885608545
Gnaq,-0.17646010869092812,0.08715447570249302,0.789,0.4844437885608545
Lca5l,-0.17641942454920537,0.0872285213765556,0.242,0.4844437885608545
Golm2,-0.1764092893000562,0.08724697543189805,0.674,0.4844437885608545
Gt(ROSA)26Sor,-0.17638652401684465,0.08728843729548429,0.516,0.4844437885608545
Ubash3b,-0.17635928048383115,0.08733807584574102,0.579,0.4844437885608545
Polr3e,-0.17634776210939793,0.08735906941460764,0.358,0.4844437885608545
Rab27a,-0.17628751284788263,0.0874689459401228,0.168,0.4845817597284473
Wls,-0.17624162399544685,0.08755270696500576,0.916,0.4845817597284473
Myo5a,-0.17621070203585418,0.08760918477829154,0.526,0.4845817597284473
Usp45,-0.17620730613085195,0.08761538903449576,0.484,0.4845817597284473
Hccs,-0.1762059830843872,0.08761780631052378,0.337,0.4845817597284473
Mphosph6,-0.17612186376913583,0.08777160544661389,0.526,0.4847008076623488
Ddb1,-0.17611234342725113,0.08778902540239854,0.926,0.4847008076623488
Ric8b,-0.17610590690757943,0.08780080425298649,0.453,0.4847008076623488
Rfc2,-0.17599121031025056,0.08801090971441235,0.611,0.4854184676359913
Trip13,-0.17599080100860273,0.08801166020184502,0.189,0.4854184676359913
Safb2,-0.17593913047701454,0.08810644305088115,0.674,0.4857181183250367
Arhgap42,-0.17589612419773204,0.08818539418488881,0.6,0.48593025607065626
Msh2,-0.17585100835392675,0.08826827836722007,0.389,0.4859439648281931
Slf2,-0.17585071067023786,0.08826882545933948,0.695,0.4859439648281931
Prss36,-0.1758012189125437,0.08835982031192681,0.179,0.4859550734812456
Mbd6,-0.1757835841978341,0.08839226122120766,0.463,0.4859550734812456
Lta4h,-0.1757501052379238,0.08845387526926266,0.705,0.4860712495917788
Brpf1,-0.17572359739827478,0.08850268395223379,0.389,0.48611698362967576
B3gnt9,-0.17553670062724297,0.0888474219093786,0.589,0.4873417061973087
Hmmr,-0.1753856766067607,0.08912676810676222,0.168,0.48865073272049947
Aktip,-0.1753629125693299,0.08916893460045716,0.4,0.4886587849145089
Slf1,-0.17533841832817781,0.08921432365583343,0.516,0.4886844818136824
Lin9,-0.17528303137204712,0.08931702596198034,0.263,0.48884416667518343
Chd2,-0.17527878578755787,0.08932490228078224,0.789,0.48884416667518343
Gpsm2,-0.175255083488311,0.08936888439903384,0.232,0.48886204782651455
Rpl27,-0.1751844230913942,0.08950010404777756,0.968,0.4890953822524958
Fam193b,-0.1751675193622708,0.08953151767263424,0.379,0.4890953822524958
S1pr3,-0.1751310111234845,0.08959939381311241,0.189,0.4890953822524958
Cmc2,-0.17512207997444776,0.089616004814816,0.6,0.4890953822524958
Gjc2,-0.1751022770261959,0.08965284492476948,0.116,0.4890953822524958
Egr3,-0.17507399058696665,0.0897054879697421,0.2,0.48914341237633674
Rps8,-0.1749884517031977,0.08986483079680663,0.968,0.48977454900597606
Sh3glb1,-0.1749680783613784,0.08990281552504133,0.895,0.48977454900597606
Glce,-0.17488294112235606,0.0900616857881194,0.432,0.4902610170895822
Rpl18,-0.1748764680527997,0.09007377394016977,0.968,0.4902610170895822
Medag,-0.17474731179509329,0.09031523579038418,0.716,0.4911299982496118
Cd164,-0.17462866763366616,0.09053749618169035,0.842,0.491264898080293
Pdxp,-0.1746111426280108,0.09057036306825876,0.158,0.491264898080293
Hgs,-0.17459859789814275,0.0905938956040758,0.579,0.491264898080293
Recql,-0.17459341131997,0.09060362646894968,0.284,0.491264898080293
Stx8,-0.1745594510600537,0.09066736188439488,0.768,0.491264898080293
Ctnnbip1,-0.17452097392135493,0.0907396172827041,0.726,0.49143463451214625
Hacd1,-0.17441955657002353,0.09093028508910682,0.589,0.4920234038147389
Pold1,-0.17428208242583654,0.0911892466524066,0.221,0.49248964703856307
Alkbh7,-0.1742684216153386,0.0912150115007588,0.421,0.49248964703856307
Pck2,-0.17425353026257426,0.09124310376065542,0.453,0.49248964703856307
Fbxl7,-0.17422960352394423,0.09128825543702539,0.316,0.49248964703856307
Gm11906,-0.17420793405311052,0.09132916271437079,0.116,0.49248964703856307
Cd109,-0.1741904631194921,0.09136215461518095,0.421,0.49248964703856307
Gadd45b,-0.17417804907991752,0.09138560286515521,0.432,0.49248964703856307
Selenbp1,-0.17410809573259448,0.09151782317277672,0.453,0.4929104200955232
Eef1g,-0.17409047291343938,0.09155115627837268,0.937,0.4929104200955232
Gtf2f1,-0.1740716147617013,0.0915868366147341,0.684,0.4929104200955232
Nkap,-0.17399038255121974,0.09174065672267502,0.695,0.4934141329990476
B4galt5,-0.17392962553850383,0.09185583873862592,0.821,0.4936942953154348
Cenph,-0.17385803842966666,0.09199169890056931,0.221,0.49420327906001604
Pdlim2,-0.17378765928229833,0.09212542132251882,0.326,0.4946795076635369
Prr12,-0.1737680308540086,0.09216274328669377,0.495,0.4946795076635369
Snx7,-0.17357855418899434,0.09252363339419524,0.695,0.49617296389642795
Vezf1,-0.17350265793429406,0.0926685032953716,0.726,0.49672799958371733
Rb1cc1,-0.1734663747198783,0.09273782354648535,0.821,0.4968777542715973
3300002I08Rik,-0.17342223701181073,0.0928222052647328,0.389,0.4971080368481921
Kif14,-0.17335788138049202,0.09294534790473484,0.126,0.4975456051235628
Cr1l,-0.1732803660185368,0.09309384252979583,0.737,0.4981184346057302
Banf1,-0.17324383704132132,0.09316388525976496,0.811,0.4981246191200816
Nemp1,-0.17318091347020295,0.0932846360288043,0.358,0.4983634006809403
Cenpk,-0.17313523616346793,0.09337236846171089,0.221,0.4983634006809403
Lrfn3,-0.17313108600395585,0.09338034290212222,0.168,0.4983634006809403
Ipo11,-0.17312327297198837,0.09339535693012445,0.516,0.4983634006809403
Cdc27,-0.17308267447240128,0.09347340431075081,0.642,0.49837263124297737
Ripk3,-0.17303835572536308,0.09355866232699904,0.547,0.4986057960764658
H2-K2,-0.1729231033030442,0.09378066604521469,0.116,0.49951459851697255
Rsph3b,-0.1729066492260165,0.09381239440790981,0.263,0.49951459851697255
Grem2,-0.1728382380965026,0.09394440226491235,0.189,0.4995309904552104
Coro1c,-0.17282061662116827,0.09397842883519676,0.653,0.4995309904552104
Mcm6,-0.17276091271804528,0.09409378765978191,0.453,0.4995309904552104
Hnrnpa1,-0.17274815571969696,0.09411845098246172,0.916,0.4995309904552104
Snrk,-0.17273556861561423,0.09414279084292701,0.621,0.4995309904552104
Ube2o,-0.17272202864534428,0.09416897881652592,0.411,0.4995309904552104
Fam3c,-0.1726952554346019,0.09422077842307013,0.663,0.4995309904552104
Scyl1,-0.1726866852888462,0.09423736430357076,0.611,0.4995309904552104
Vmp1,-0.172668219372628,0.09427310938381835,0.926,0.4995309904552104
Pinx1,-0.17259785153423118,0.09440942073699965,0.432,0.4997649441115451
Mrs2,-0.17249313916538728,0.09461254941969333,0.368,0.5000454677614966
Adgra2,-0.17248926048315136,0.09462008018273677,0.737,0.5000454677614966
Birc5,-0.17244582987450485,0.09470443635966934,0.263,0.5001468462470277
Ints10,-0.17243649648704804,0.094722572529836,0.368,0.5001468462470277
Cops3,-0.17238229420080856,0.09482794981657161,0.705,0.5003785508418975
Map2k6,-0.17231606026177604,0.09495684384531651,0.221,0.5003785508418975
Rprd2,-0.17230561098386543,0.09497719118353669,0.737,0.5003785508418975
Tnks2,-0.17217478063273017,0.09523224130827601,0.905,0.5003785508418975
D17H6S56E-5,-0.17210733686632454,0.09536393169248346,0.316,0.5003785508418975
Ppih,-0.17210310655250174,0.09537219656282221,0.442,0.5003785508418975
Ap5z1,-0.17208857076315426,0.09540059980040924,0.242,0.5003785508418975
Api5,-0.1720883301744873,0.09540106997177204,0.726,0.5003785508418975
Frmd8,-0.1720460946158479,0.09548363727417657,0.474,0.5003785508418975
Wars2,-0.17200575365520437,0.09556255333298098,0.495,0.5003785508418975
Plaur,-0.17198114284525307,0.09561072287936304,0.758,0.5003785508418975
Sfr1,-0.17188679141004734,0.09579556959786348,0.895,0.5003785508418975
Pex12,-0.17185562108493893,0.09585669812152985,0.189,0.5003785508418975
Zfp799,-0.17183201672750248,0.09590300936379946,0.337,0.5003785508418975
Dzip1l,-0.1718080558907499,0.09595003802856915,0.305,0.5003785508418975
Tctn2,-0.17180077601557206,0.09596433005762516,0.253,0.5003785508418975
Stard10,-0.1717797491902755,0.09600561984843907,0.442,0.5003785508418975
H1f5,-0.17177931435118432,0.09600647387744683,0.179,0.5003785508418975
Sms,-0.17177235965520085,0.09602013379375575,0.411,0.5003785508418975
Kif2c,-0.17175011746454283,0.09606383058654222,0.137,0.5003785508418975
Pde5a,-0.17175008301045785,0.09606389828684736,0.263,0.5003785508418975
Krtcap2,-0.17173345058766176,0.09609658443204218,0.863,0.5003785508418975
Rai1,-0.17169099871034443,0.09618005083214973,0.611,0.5003785508418975
Ank,-0.17165353680380907,0.09625375363708774,0.305,0.5003785508418975
Micu2,-0.17164164740952406,0.0962771542025487,0.737,0.5003785508418975
Limk2,-0.1716377879570367,0.0962847512940707,0.537,0.5003785508418975
Dlg4,-0.17160508063334873,0.0963491525669777,0.653,0.5003785508418975
Tmem181a,-0.17153830544481138,0.0964807393095526,0.368,0.5008405693427574
Secisbp2,-0.1715033171772474,0.09654974340421153,0.495,0.5009821819595367
Ttc19,-0.17141902464999884,0.09671614518638047,0.779,0.5014122432007212
Fam216a,-0.17138704958844772,0.09677932612302026,0.537,0.5015232493565405
Pgp,-0.17134900064177422,0.09685455102552312,0.695,0.5016965462309991
Cdh11,-0.17130655481742074,0.09693852307638649,0.905,0.5017284657719343
Pop4,-0.17123001923213557,0.09709008081762494,0.579,0.5020392708161108
Plat,-0.17112450746904942,0.09729932344240005,0.905,0.5020392708161108
Kdm2b,-0.1711228606435366,0.09730259210565291,0.453,0.5020392708161108
Blm,-0.1711066486543521,0.09733477470431043,0.2,0.5020392708161108
Cap1,-0.1710926520048812,0.09736256634015503,0.8,0.5020392708161108
Aurkb,-0.17106047714482678,0.09742647614557155,0.158,0.5020392708161108
Tsg101,-0.17104831825798494,0.09745063626199997,0.737,0.5020392708161108
Galnt2,-0.17096355695062226,0.09761919074073727,0.737,0.5020392708161108
Serpinh1,-0.17091259206012824,0.09772064869183622,0.937,0.5020392708161108
Srsf9,-0.17088419825394108,0.09777720938110569,0.811,0.5020392708161108
Mis18a,-0.1708613965022198,0.09782264928111858,0.232,0.5020392708161108
Pxylp1,-0.17083122611559104,0.09788279909068703,0.242,0.5020392708161108
Slc12a9,-0.17083026293389333,0.09788471983635184,0.358,0.5020392708161108
Rab3a,-0.17082880322214494,0.09788763080258867,0.253,0.5020392708161108
Arpc2,-0.1708228976518989,0.09789940842195333,0.916,0.5020392708161108
Foxm1,-0.17081573305002534,0.09791369845331056,0.179,0.5020392708161108
Tcaim,-0.17081046411283501,0.09792420856594748,0.253,0.5020392708161108
Sclt1,-0.17074013819622147,0.09806457477146047,0.453,0.5023299271676305
Iqgap3,-0.17065329849057376,0.098238119600131,0.105,0.502767331133946
Pex3,-0.17062745982478122,0.09828980344397245,0.537,0.502767331133946
Dkk3,-0.17061363970106178,0.0983174559425756,0.758,0.502767331133946
Tead3,-0.17054674924903723,0.09845138253942569,0.474,0.5032193752554684
Rrp36,-0.17050672543716056,0.09853158584372501,0.516,0.5032193752554684
Sulf1,-0.1704140316160577,0.09871753111243448,0.716,0.5037705672509107
Capza1,-0.17038795060754133,0.09876989967813934,0.863,0.5037705672509107
Vps8,-0.17037884035665693,0.09878819746929614,0.463,0.5037705672509107
Cit,-0.17036931282481413,0.09880733621020195,0.221,0.5037705672509107
Zbtb5,-0.17031584836393385,0.09891478871533065,0.211,0.503916085119659
Casd1,-0.17019931265457894,0.0991493193499272,0.526,0.5043987737199389
Pde7a,-0.17019458782535204,0.09915883737174788,0.484,0.5043987737199389
Mfsd8,-0.17018279230532762,0.09918260221144132,0.274,0.5043987737199389
Clcn4,-0.1701018169924345,0.09934586668688121,0.737,0.5048084306838119
Gm29686,-0.17010113584968076,0.09934724091828497,0.158,0.5048084306838119
Pip5k1a,-0.17005424461372404,0.09944188164583455,0.789,0.5050755807620708
Bcar3,-0.16991715767566104,0.09971897050414774,0.316,0.506030467880733
Xpo1,-0.1698819788691888,0.0997901737405791,0.726,0.506030467880733
Msl3,-0.16981951534204232,0.09991670057725957,0.6,0.5064161350068197
Fam114a1,-0.16977440607446856,0.1000081526658384,0.821,0.5066657759741442
Dpy19l4,-0.1697171949275769,0.10012423388393243,0.547,0.5070399309339422
Snapc1,-0.16959832403313696,0.10036576041367581,0.411,0.5080487712002553
Scarf2,-0.16957747547655355,0.10040816838062051,0.474,0.5080492531589171
Brd1,-0.16953098950688344,0.10050277590167507,0.768,0.5080997180005947
Faf2,-0.16953098950688344,0.10050277590167507,0.768,0.5080997180005947
Fxyd5,-0.1694656058877184,0.10063596190053353,0.811,0.5082855456853712
Qars,-0.16945060890244773,0.10066653016072397,0.726,0.5082855456853712
Nipsnap2,-0.16918411589685967,0.10121093602338173,0.663,0.5095915934598677
Snx18,-0.16917857344782605,0.10122228286847541,0.505,0.5095915934598677
Limd2,-0.169128812370216,0.10132420148439744,0.568,0.509720888486982
Coq5,-0.16911624691783417,0.10134995024370434,0.358,0.509720888486982
Rpl32,-0.16895533253800468,0.10168014469515435,0.968,0.5108257311107608
Tug1,-0.16875758830014242,0.10208706684470313,0.726,0.5125322390052446
Alg10b,-0.16870321220612894,0.10219918630330592,0.547,0.512789648952693
Colec12,-0.16857584459185082,0.10246218620140828,0.905,0.5136799456034693
Phf8,-0.16850896432698073,0.10260049842771454,0.579,0.5137995876845477
Tmsb10b,-0.16850281010158505,0.10261323305665813,0.242,0.5137995876845477
1700120C14Rik,-0.16850223369110406,0.10261442585721209,0.158,0.5137995876845477
Trdmt1,-0.16846109783496296,0.10269957875776299,0.263,0.5140116057292456
Stk38,-0.16840316303624386,0.10281959992004051,0.716,0.514120206383543
Nhlrc3,-0.16838862630014959,0.10284973230059719,0.295,0.514120206383543
Sdhaf4,-0.1683182979196775,0.10299560961669611,0.684,0.5146351579973658
Suox,-0.16827503911898073,0.10308541873682071,0.116,0.5147410325342358
Shcbp1,-0.16821825302081408,0.10320340470314801,0.179,0.5147410325342358
Ethe1,-0.16819808581879075,0.10324533203519418,0.432,0.5147410325342358
Inppl1,-0.1681664515224707,0.10331112613345718,0.589,0.5147410325342358
Eif4g3,-0.16814307847606696,0.10335975926043495,0.853,0.5147410325342358
Ube2s,-0.16799658507954307,0.10366498115238762,0.305,0.5154196168419489
Prep,-0.16798126021465612,0.10369695148310462,0.642,0.5154196168419489
Rpl31,-0.16796147764072228,0.10373823276647504,0.968,0.5154196168419489
Armh4,-0.16795330392227964,0.10375529302262287,0.242,0.5154196168419489
Zc3h14,-0.16794076591990897,0.10378146671266791,0.695,0.5154196168419489
Lig1,-0.16790508221990832,0.10385598642261296,0.368,0.5154196168419489
Wdr47,-0.16786746063533947,0.10393459838408425,0.295,0.5154196168419489
Zdhhc8,-0.16786023325675362,0.10394970563494947,0.421,0.5154196168419489
Rpl4,-0.16784610374887005,0.1039792452319788,0.895,0.5154196168419489
Lpin2,-0.16783029220875617,0.10401230911752324,0.526,0.5154196168419489
Zfp94,-0.16781520852491594,0.10404385862370633,0.105,0.5154196168419489
Prune1,-0.1678103299532177,0.1040540643978416,0.358,0.5154196168419489
Cep104,-0.16771972966337095,0.10424373874920086,0.379,0.5156791794235948
Ttc30b,-0.16768276327150555,0.10432120653118278,0.126,0.5156791794235948
Shmt2,-0.1676326229715599,0.10442635379106996,0.432,0.5157742616081353
Ppig,-0.16758427611912224,0.10452781847516408,0.884,0.516063123532605
Klf16,-0.16753620047160692,0.10462879034010046,0.189,0.5163493159118727
Fbxo45,-0.1674714397327787,0.104764925832657,0.232,0.5168087364308598
Idh3a,-0.16736264457037164,0.10499393879189718,0.568,0.5177256319546782
Clstn2,-0.16734219353063964,0.10503703168498345,0.105,0.5177256319546782
Top1mt,-0.16727571912548359,0.1051771969588964,0.221,0.5179912239070833
Nap1l4,-0.1671972626486594,0.10534281499002308,0.811,0.5185941695716306
Kctd2,-0.1671656244684461,0.1054096593125508,0.484,0.5187105653138514
Rbm17,-0.16710691746561812,0.10553378165001204,0.737,0.5188978434893392
Btbd3,-0.16699238094859195,0.10577627089629348,0.337,0.5198754337502234
Mapkapk5,-0.16696915479843524,0.10582549676737764,0.547,0.5199045579729555
Dcaf10,-0.16693981853625192,0.1058876980520865,0.558,0.519997378532271
Cept1,-0.16678880375385804,0.10620834416132317,0.716,0.5209328383762285
Slc4a2,-0.1667421179748028,0.10630762407920302,0.558,0.5209785704336148
Atxn10,-0.1666737204100406,0.10645320600577604,0.884,0.5209785704336148
Calr,-0.16667134925504307,0.10645825571672493,0.905,0.5209785704336148
Zmynd8,-0.1666620763469036,0.10647800548380869,0.779,0.5209785704336148
Gm17092,-0.16660393700083612,0.10660189783826728,0.211,0.5211828175315273
Tbx2,-0.16659972059193348,0.10661088718724357,0.116,0.5211828175315273
Cdc14a,-0.1665813924950409,0.1066499694074259,0.284,0.5211828175315273
Ltb4r1,-0.1664580459858341,0.10691328000565166,0.2,0.521685894725265
Bysl,-0.16641957672024407,0.10699550480741493,0.379,0.521685894725265
Ccni,-0.1663970043652017,0.10704377424842208,0.768,0.521685894725265
Lims1,-0.16639127130814252,0.10705603670218246,0.821,0.521685894725265
Tbc1d10b,-0.1663515498921955,0.10714102703767828,0.621,0.521685894725265
Aldh1b1,-0.16633572144120823,0.10717490919390742,0.253,0.521685894725265
Trp53inp2,-0.1663262981754217,0.10719508446721235,0.568,0.521685894725265
Fhip1b,-0.16627840681966027,0.10729766592002954,0.411,0.521685894725265
Scaf1,-0.1661566193232399,0.10755887468938614,0.653,0.522435035758681
Nup37,-0.16597788685060727,0.10794311522933218,0.337,0.5234494463752362
Lin54,-0.16597665929089775,0.10794575793859454,0.389,0.5234494463752362
Cdc7,-0.16593786836643568,0.10802929358855962,0.168,0.5234494463752362
Helz2,-0.1658934086184042,0.10812509886542332,0.305,0.5237023243554408
Arpin,-0.16574510089428704,0.10844516221448498,0.274,0.5248081826952071
Ptms,-0.16572621447605537,0.10848597393451465,0.916,0.5248081826952071
Zfp451,-0.16572254928267047,0.10849389544732817,0.684,0.5248081826952071
Ncapd2,-0.16570665546829347,0.108528251655884,0.2,0.5248081826952071
Trip11,-0.16563119285822547,0.1086914878599171,0.811,0.5251745250438731
Slc38a6,-0.1655207055496872,0.10893083200628995,0.379,0.5260907142779345
Bmi1,-0.16542613761362313,0.10913601620560748,0.547,0.5261512466057916
Map2k4,-0.16541103151163886,0.10916881977022151,0.768,0.5261512466057916
Eif4g2,-0.16540911358499322,0.10917298518093786,0.947,0.5261512466057916
Atpaf2,-0.1654009742282464,0.10919066385620115,0.316,0.5261512466057916
Crbn,-0.16537670340021257,0.10924339329324446,0.537,0.5261512466057916
Supt20,-0.1653589040091298,0.10928207583785812,0.642,0.5261512466057916
Ccdc134,-0.16534578338332956,0.10931059707193655,0.189,0.5261512466057916
Tchp,-0.16531606864828183,0.10937521150131109,0.147,0.5261512466057916
Rps2,-0.16531586390006917,0.10937565682752194,0.968,0.5261512466057916
Ermard,-0.16524580261753521,0.10952812254274198,0.2,0.526548143571873
Pcif1,-0.16523765214813718,0.1095458701293028,0.663,0.526548143571873
R3hdm2,-0.16520280605456417,0.10962177245945474,0.811,0.5267021296201173
Gm17066,-0.16511198327341767,0.10981979632775378,0.126,0.5272316251528747
Eif4ebp1,-0.16503362227440058,0.10999087275658878,0.789,0.527841890163214
Smarcal1,-0.16497862735227226,0.11011106041650479,0.253,0.5279319196521052
Tada3,-0.16496548193059404,0.11013980395120505,0.484,0.5279319196521052
Gfod2,-0.16495363659311915,0.11016570974079515,0.358,0.5279319196521052
Edc3,-0.16494458551209334,0.11018550767453782,0.421,0.5279319196521052
Susd6,-0.16489742495591272,0.1102887093301529,0.853,0.5280108284976094
Eef1akmt4,-0.16489686854947608,0.11028992736503743,0.337,0.5280108284976094
Ufsp2,-0.16485404368307577,0.1103837070778997,0.726,0.5280387134997377
Rpl36,-0.16479440080082386,0.11051441882564786,0.958,0.528453455531483
D730003I15Rik,-0.16473297536228096,0.11064916285087487,0.137,0.528887141063079
Dok6,-0.16458312994469348,0.11097840207848901,0.411,0.5295138847024441
Arl5a,-0.1645810976004293,0.11098287275391978,0.663,0.5295138847024441
Nans,-0.16457513413206706,0.11099599177749776,0.695,0.5295138847024441
Smc6,-0.16453047144892277,0.11109428342641174,0.842,0.5297494285547759
Rnf20,-0.16447045545862365,0.1112264703763429,0.642,0.5301168987315198
Atp5b,-0.16444477014803988,0.11128308031814409,0.905,0.5301168987315198
Tpr,-0.16443537259992286,0.11130379792638972,0.874,0.5301168987315198
Ints11,-0.16441215489217512,0.1113549959645464,0.547,0.530150450652779
Mcoln1,-0.16424804837008058,0.11171739350503858,0.274,0.5312980023122361
Epb41,-0.16413294225873293,0.11197212882233312,0.547,0.5320346050778322
Fdxacb1,-0.16411286188662857,0.11201661377835927,0.147,0.5320346050778322
Dna2,-0.16393124577166204,0.112419579300521,0.147,0.5328542808858132
Nlk,-0.16390313366529616,0.112482054137617,0.663,0.5328542808858132
Nav1,-0.16389703529496671,0.11249561038234002,0.8,0.5328542808858132
Gm19710,-0.16385505609527312,0.11258896155155976,0.168,0.5328542808858132
Zfp65,-0.16385445506547627,0.11259029852656167,0.221,0.5328542808858132
Arhgap31,-0.1638474738556288,0.11260582894666246,0.463,0.5328542808858132
Zmat5,-0.16384277455708016,0.11261628395561576,0.537,0.5328542808858132
Rilpl1,-0.1638352717227933,0.1126329778369446,0.484,0.5328542808858132
Asb6,-0.16373872579495172,0.11284796476058127,0.305,0.5336610921151238
Dtx3,-0.16357392565003875,0.1132156739755232,0.632,0.5340612114516796
Def8,-0.163567037920573,0.11323106236907203,0.305,0.5340612114516796
Gpkow,-0.16348922459314066,0.11340502359742304,0.474,0.534416599698203
Ipo9,-0.16348775852502556,0.11340830315907564,0.632,0.534416599698203
Zfp948,-0.1634518320838102,0.11348869277681825,0.358,0.53458561560269
Tubgcp3,-0.1634137028411284,0.11357405971392542,0.411,0.5346806821690969
Fbn2,-0.1633974925581777,0.11361036772023664,0.137,0.5346806821690969
Prkca,-0.16325481016748847,0.1139303376980624,0.684,0.5354057004855716
Setbp1,-0.16316236548139512,0.11413802030428515,0.463,0.5359009340878684
Mcur1,-0.16307101769816396,0.11434352652298489,0.463,0.5362351545075562
Itgb5,-0.16305712748161297,0.11437480059080966,0.758,0.5362351545075562
Baz1a,-0.16302534878086059,0.11444637580561119,0.663,0.536361293636992
Gjc1,-0.1629605789142518,0.11459236443586313,0.326,0.536529027431067
Ppic,-0.1629398409815695,0.11463913734295378,0.916,0.536529027431067
E2f2,-0.1629273869173941,0.11466723368543941,0.105,0.536529027431067
3010003L21Rik,-0.16288074025620933,0.11477251582709411,0.126,0.536529027431067
Trpm4,-0.16284594884818254,0.11485108920320679,0.305,0.536529027431067
Nono,-0.16281951321936397,0.11491081960627464,0.863,0.536529027431067
Pkmyt1,-0.16281346666709082,0.11492448496281343,0.211,0.536529027431067
Zfp780b,-0.16278663995359333,0.11498512916211011,0.274,0.536529027431067
Rab21,-0.16274943509539935,0.11506927507486954,0.863,0.536529027431067
Ppm1f,-0.16266659302373077,0.11525680944811251,0.326,0.536529027431067
Ankrd49,-0.16262100393200044,0.11536011292249998,0.411,0.536529027431067
Ptprk,-0.16261237291342087,0.11537967860549117,0.558,0.536529027431067
Fli1,-0.16258515249013397,0.11544140148283853,0.337,0.536529027431067
H4c4,-0.16257464723835874,0.11546522918979571,0.421,0.536529027431067
Thoc7,-0.16253888275693176,0.11554637767036759,0.842,0.5366983971714134
Mindy2,-0.16234673326117632,0.11598311417043017,0.6,0.5379416900171863
Pxmp2,-0.16229867686041585,0.11609254080243235,0.126,0.5379416900171863
Lsm14b,-0.16220844714121843,0.11629821360876162,0.368,0.5379416900171863
Plekhg2,-0.16219314922639766,0.11633311212144459,0.547,0.5379416900171863
Aff4,-0.16218648015373074,0.11634832853967333,0.874,0.5379416900171863
Slc7a5,-0.16217941640515304,0.11636444714348561,0.326,0.5379416900171863
Zdhhc14,-0.16216444875918465,0.11639860717017744,0.179,0.5379416900171863
Tysnd1,-0.16212200323808099,0.11649552094498453,0.495,0.5379416900171863
Zmym3,-0.1621094019069285,0.11652430494706954,0.274,0.5379416900171863
Ano8,-0.16209989394477417,0.11654602670315152,0.295,0.5379416900171863
Mmgt1,-0.16202152849287652,0.1167251785050573,0.379,0.5379416900171863
Gm56878,-0.16201037932264864,0.11675068398027375,0.516,0.5379416900171863
Spred1,-0.16199709337693907,0.1167810832871467,0.832,0.5379416900171863
Bag2,-0.16198935253475108,0.11679879777273791,0.253,0.5379416900171863
Snhg5,-0.1619733746801681,0.11683536876671632,0.379,0.5379416900171863
Zfp768,-0.16193734152532752,0.1169178759079189,0.263,0.5379416900171863
Ring1,-0.1619237720344479,0.1169489583983485,0.432,0.5379416900171863
Lsp1,-0.1619180036310614,0.11696217352774119,0.621,0.5379416900171863
Rad51ap1,-0.1619025210964621,0.11699764895866588,0.105,0.5379416900171863
Ss18,-0.16189114928859819,0.11702371069583498,0.695,0.5379416900171863
4933439K11Rik,-0.1617974066532896,0.11723871952521682,0.105,0.5387141484444193
Actr1b,-0.16177877721226397,0.11728148447020173,0.632,0.5387141484444193
Zbtb39,-0.1617123251897204,0.11743412701034125,0.116,0.5392090107124923
Brf1,-0.1616652681238159,0.11754231142270992,0.484,0.5394994393166965
Josd2,-0.1616188222078054,0.11764916623767412,0.642,0.539695101887823
Fgl2,-0.16160392049372255,0.1176834654363786,0.337,0.539695101887823
Tubg1,-0.16158814417850087,0.1177197861117855,0.379,0.539695101887823
Abcc1,-0.16150898172275335,0.11790216680089648,0.653,0.5402129463514357
Mier2,-0.16145405223715542,0.11802884577860094,0.284,0.5402129463514357
Rnf217,-0.1614200620860158,0.11810728682909326,0.589,0.5402129463514357
Sirt6,-0.16136427028646014,0.11823612801413734,0.168,0.5402129463514357
Nubp1,-0.16135894667835535,0.11824842760065124,0.611,0.5402129463514357
Bend3,-0.16135282384225147,0.1182625749325175,0.126,0.5402129463514357
Gba,-0.1613049605556948,0.11837321212502043,0.463,0.5402129463514357
Cog3,-0.16126979419160897,0.11845455093694761,0.579,0.5402129463514357
Arvcf,-0.16126857978747447,0.11845736058957936,0.158,0.5402129463514357
Tbc1d9b,-0.1612663062562562,0.118462620783154,0.695,0.5402129463514357
Mapkapk2,-0.16121273296763533,0.11858662367707137,0.8,0.5404643916550997
Acp1,-0.16118320907450373,0.11865500365005488,0.821,0.5404643916550997
Ptbp3,-0.16116473372496995,0.11869780967722977,0.811,0.5404643916550997
Ankrd11,-0.1610725427738412,0.11891158736001169,0.874,0.5408012039818559
B230307C23Rik,-0.161055153871003,0.11895194300958453,0.537,0.5408012039818559
Mettl4,-0.16088587848686045,0.11934534428608486,0.326,0.5419806627480642
Rabgef1,-0.16088525846974733,0.1193467870663681,0.547,0.5419806627480642
Plcd1,-0.1608337344460692,0.11946673049637101,0.379,0.5422836052908901
Zwilch,-0.16076023732936576,0.11963798613204962,0.189,0.5422836052908901
Fam107b,-0.16075041843554988,0.11966087945527915,0.421,0.5422836052908901
Mydgf,-0.1607062239827441,0.11976396319273783,0.832,0.5422836052908901
Mastl,-0.16069862925134634,0.119781684821824,0.168,0.5422836052908901
Jmjd1c,-0.1606638066414993,0.11986296615209319,0.821,0.5422836052908901
Nop56,-0.16062335063550587,0.11995745005291489,0.674,0.5424968372072878
Ranbp3,-0.16051882827090092,0.1202018248156497,0.505,0.5428560400221758
Ascc3,-0.16051182070059414,0.12021822231957766,0.779,0.5428560400221758
Hoxb4,-0.16048718005984292,0.12027589435919465,0.4,0.5428560400221758
Sac3d1,-0.16046455521530478,0.12032886714017033,0.379,0.5428560400221758
Ubald2,-0.16042490106852306,0.12042175489637794,0.737,0.5428560400221758
Pappa,-0.1603147058995624,0.12068017123266213,0.326,0.5432512656954034
Polg,-0.16026206790716996,0.12080376204844526,0.442,0.5432512656954034
Ing2,-0.1602097450010806,0.12092670960334617,0.495,0.5432512656954034
1810055G02Rik,-0.16020926998878202,0.12092782622090456,0.547,0.5432512656954034
Fbxl8,-0.1601854943433882,0.12098372607917571,0.368,0.5432512656954034
Dlgap5,-0.16018541340047743,0.12098391642121335,0.147,0.5432512656954034
Prr5,-0.16015520303253233,0.12105497398528264,0.4,0.5433671299593602
Col4a2,-0.16001711009822103,0.12138019032603323,0.705,0.5444198525381699
Rnps1,-0.15997845481951367,0.12147134592066686,0.747,0.5444219673271545
Fgd5,-0.15989418914050066,0.12167024098937185,0.368,0.5450004599021884
Gnl1,-0.15987530752823723,0.12171484221968827,0.705,0.5450004599021884
Pmf1,-0.1598661027851743,0.12173658977743561,0.316,0.5450004599021884
Ighmbp2,-0.15979097365472086,0.1219142051565452,0.158,0.5453706386894724
Arfip1,-0.15976492477084622,0.12197583473307887,0.716,0.5453706386894724
Ranbp1,-0.15972971380206843,0.12205917914771591,0.895,0.5453706386894724
Mast3,-0.15971530298031777,0.12209330221001606,0.253,0.5453706386894724
Rpl26,-0.15969901248522855,0.12213188494116324,0.937,0.5453706386894724
Matcap1,-0.15964651888569217,0.12225627560152466,0.116,0.5456992941068798
Gm4285,-0.15954838160307475,0.12248908636054699,0.158,0.5465097594712508
Zscan2,-0.15953162128314194,0.12252888086088175,0.137,0.5465097594712508
Itpripl2,-0.159425059658765,0.12278212561793468,0.716,0.5474359384680808
Nup85,-0.15936562706201607,0.1229235423935209,0.453,0.5476396839783018
Sh3bgrl3,-0.1593483595678226,0.12296465295290261,0.916,0.5476396839783018
Aurka,-0.1592856112929124,0.12311413339157296,0.137,0.5476423495362681
Zmym6,-0.15928228268612132,0.12312206677554607,0.242,0.5476423495362681
Mknk1,-0.1592541225298323,0.12318919926128323,0.4,0.5476423495362681
Unc5a,-0.15923327663385767,0.12323891300466365,0.232,0.5476423495362681
Il18rap,-0.15923327663385767,0.12323891300466365,0.232,0.5476423495362681
Jarid2,-0.15920380428264777,0.12330922559995128,0.726,0.5477520798293063
Vbp1,-0.15916137444985354,0.12341050514539434,0.726,0.5479992364203957
mt-Nd6,-0.1590932351493529,0.1235732865807522,0.632,0.548113946056554
Gria3,-0.1590713708959904,0.12362555413310165,0.537,0.5481432896883869
Bcl9,-0.1590480027395162,0.12368143560466094,0.6,0.5481886294961845
Ssrp1,-0.15897815668467358,0.12384857768785695,0.8,0.5484195485096711
Vim,-0.15895713045604207,0.12389892754020092,0.958,0.5484195485096711
Slc7a2,-0.15894990428023334,0.12391623512174045,0.495,0.5484195485096711
Ppp1r16a,-0.15892479762003606,0.1239763830942669,0.211,0.5484835784129929
Mgarp,-0.1588734488203416,0.12409946909510745,0.232,0.548825902550628
Zfp738,-0.15878586434021727,0.1243096305022759,0.421,0.5491485406331225
Gsk3a,-0.15870548308679353,0.12450274782940388,0.632,0.5492306669346124
Pdap1,-0.1587002838433283,0.12451524702213897,0.895,0.5492306669346124
4932422M17Rik,-0.15869653057970048,0.1245242706189203,0.105,0.5492306669346124
Tmem218,-0.15867607703529843,0.12457345385027094,0.442,0.5492306669346124
Gsk3b,-0.15864682162075222,0.12464382823711398,0.884,0.5492306669346124
Pld3,-0.15864491361390579,0.12464841903862905,0.737,0.5492306669346124
Dyrk1b,-0.1585133435803712,0.1249652989882753,0.2,0.550021387445829
Rps7,-0.1584062094291944,0.12522378240596152,0.979,0.5508060817490479
Psme4,-0.15840142737568272,0.1252353296556093,0.842,0.5508060817490479
Hjurp,-0.15836911341783413,0.12531337973986598,0.684,0.5509475468826697
Nup133,-0.15833191537343438,0.12540327286090996,0.284,0.5510230349050248
Got1,-0.15832403078640434,0.12542233317193577,0.505,0.5510230349050248
Ctla2a,-0.1582703521113329,0.12555215579096754,0.284,0.5513916366430678
Cbx3,-0.15821255659026717,0.12569205019807467,0.884,0.5515116439600652
Pdzd11,-0.15818848033671437,0.12575036215497773,0.632,0.5515116439600652
Gprin3,-0.1581876361358456,0.12575240716010797,0.147,0.5515116439600652
Rpl7,-0.15816124776569326,0.1258163436046732,0.979,0.5515116439600652
Limk1,-0.15814654441505577,0.12585197919441687,0.358,0.5515116439600652
Epha2,-0.15814088551830055,0.12586569636920023,0.389,0.5515116439600652
Smpd4,-0.1580459736269395,0.1260959337515967,0.274,0.5515116439600652
Cenpq,-0.15803756935982471,0.12611633637505168,0.189,0.5515116439600652
Hoxa9,-0.15803418225815796,0.126124559789266,0.116,0.5515116439600652
Cdyl2,-0.15803166498991145,0.1261306716344082,0.463,0.5515116439600652
Dock11,-0.15794842589896282,0.12633290127386146,0.6,0.552031650626873
Ubqln2,-0.1579448688128503,0.12634154875677914,0.579,0.552031650626873
Rap1gds1,-0.15789600339040913,0.12646038934241235,0.8,0.552086161045819
Ddx52,-0.157889562734843,0.12647605938510229,0.568,0.552086161045819
Tyro3,-0.15788302569932663,0.12649196543991406,0.116,0.552086161045819
Cog2,-0.1577888105790778,0.12672138189997856,0.453,0.5524878632204078
Dok4,-0.15778225466010573,0.12673735759629293,0.116,0.5524878632204078
Neil3,-0.15776965828020312,0.1267680572309672,0.116,0.5524878632204078
Trpm3,-0.15771492761854222,0.1269015117863663,0.126,0.5528688142303702
Gm14296,-0.15764245893199708,0.12707838400241056,0.232,0.5532379103397185
Vrk1,-0.15753623349798393,0.12733798631325105,0.484,0.5539663774142048
Gm20257,-0.15747145666305598,0.1274964922963751,0.211,0.5542543023180941
2810001A02Rik,-0.1573347872788796,0.12783141138942464,0.516,0.5552594521790961
Itga2,-0.15729889166962893,0.12791948791524183,0.158,0.555288970136771
Ap3d1,-0.157180936286002,0.12820924023358785,0.579,0.5556276590371728
Eif2s3x,-0.1571651985683084,0.12824793718128083,0.8,0.5556276590371728
Chd9,-0.15712512758011096,0.128346506719067,0.842,0.5556276590371728
Ric8a,-0.1571164560395218,0.12836784522965933,0.611,0.5556276590371728
Rps10,-0.15710441316030252,0.12839748426820455,0.979,0.5556276590371728
Pfkp,-0.15706587080325551,0.12849237702417174,0.6,0.555766560133008
Gm43462,-0.15698842087814716,0.12868322382603709,0.105,0.556191313347454
Ctxn1,-0.15695539133657826,0.12876467884150528,0.568,0.5562051931519562
Copg1,-0.15689817372946394,0.12890587794522124,0.8,0.5565526344797811
Col1a2,-0.15684490481522956,0.12903743898261316,0.989,0.5568775960635123
Stra6,-0.15682551527359667,0.12908535181732286,0.147,0.5568775960635123
2810403D21Rik,-0.15677386841417512,0.1292130409455272,0.411,0.5568775960635123
Rps11,-0.15672111873202155,0.12934355624115781,0.968,0.5572400716855335
Cybc1,-0.15669706896811436,0.12940309451175094,0.547,0.5572902453592187
Tbkbp1,-0.15659424171625022,0.12965789270595332,0.105,0.5579936622653697
Rbm27,-0.1564794990239528,0.12994266865565682,0.632,0.5589137013964262
2310011J03Rik,-0.1564552412735926,0.13000293424766932,0.621,0.5589137013964262
Emc4,-0.15643879351222553,0.13004380895969003,0.726,0.5589137013964262
Cep152,-0.1564144104054041,0.13010442203739578,0.221,0.5589137013964262
BC028528,-0.15631723440255824,0.1303462026293325,0.274,0.5597520940523588
Nrp1,-0.15621662462657032,0.13059688790510254,0.411,0.5604277459172861
Hoxd8,-0.15617378394356018,0.13070374391454967,0.105,0.560685906817434
Ormdl1,-0.1560770349340616,0.13094530702848683,0.211,0.5611207357212853
Gm13684,-0.15598554074187646,0.13117406313027252,0.147,0.5617629392350169
Ap2a2,-0.15597118869098942,0.13120997413384936,0.884,0.5617629392350169
Cd320,-0.15592226650367105,0.13133244119964094,0.579,0.5617629392350169
Bcl6,-0.15592028730867197,0.1313373975589017,0.495,0.5617629392350169
Coq4,-0.1559049175417467,0.13137589184408488,0.326,0.5617629392350169
Dhx15,-0.15584744937379807,0.1315198997400418,0.853,0.5618387425059768
Ints12,-0.15583950167749522,0.13153982512390916,0.4,0.5618387425059768
Trim3,-0.1558257379243952,0.13157433717971198,0.379,0.5618387425059768
Sgpl1,-0.15578864555375407,0.1316673791793365,0.516,0.5618387425059768
Cggbp1,-0.15575054038334948,0.13176301390188222,0.821,0.5618387425059768
Dab2ip,-0.1557167227335121,0.1318479323360765,0.611,0.5618387425059768
Cep41,-0.15569813377465228,0.13189462825080547,0.2,0.5618387425059768
Mterf3,-0.1556881885821072,0.13191961599138008,0.432,0.5618387425059768
Sdc3,-0.15567411305080986,0.13195498756030824,0.168,0.5618387425059768
Cdk4,-0.1555886825428868,0.13216982807946998,0.811,0.5618387425059768
Bcdin3d,-0.15558604136751428,0.13217647434917726,0.211,0.5618387425059768
Dtx4,-0.15558470322053258,0.13217984176756137,0.389,0.5618387425059768
Hba-a1,-0.15558374667802968,0.13218224892647326,0.137,0.5618387425059768
Rnls,-0.15558374667802968,0.13218224892647326,0.137,0.5618387425059768
Myo19,-0.15558102683091554,0.1321890936603135,0.189,0.5618387425059768
Mpc2,-0.1555349416574684,0.13230511210987148,0.8,0.5620553515960509
Tyw3,-0.15551490627763576,0.13235557494793518,0.116,0.5620553515960509
Zfp932,-0.15547195464361802,0.13246380606379093,0.305,0.5620553515960509
Norad,-0.1554332789534946,0.13256132018356237,0.863,0.5620553515960509
Thy1,-0.1553963095041467,0.1326545834250106,0.442,0.5620553515960509
Mtpn,-0.15535988867108985,0.13274651153575073,0.895,0.5620553515960509
Zkscan7,-0.15531336419919398,0.1328640123421077,0.116,0.5620553515960509
Hinfp,-0.15526809347797502,0.13297842274023605,0.242,0.5620553515960509
Zbtb38,-0.15525782983278688,0.1330043719608036,0.726,0.5620553515960509
Ciao1,-0.15524443689876372,0.13303823865346628,0.632,0.5620553515960509
Bub1b,-0.15514706319639615,0.13328466486438342,0.179,0.5620553515960509
Csrnp2,-0.15508662936094697,0.13343778105895449,0.116,0.5620553515960509
Dlg2,-0.15508182019685454,0.13344997138850648,0.242,0.5620553515960509
Sipa1,-0.155072894442864,0.1334725987487308,0.495,0.5620553515960509
Dnaaf5,-0.15506848813882812,0.13348377008947243,0.305,0.5620553515960509
Nat14,-0.15502663005430253,0.13358992875246437,0.221,0.5620553515960509
Emsy,-0.15500736503028875,0.13363880946224255,0.589,0.5620553515960509
Il13ra1,-0.1549868380408929,0.1336909071070477,0.8,0.5620553515960509
Trmt1,-0.15498673888220604,0.1336911588100089,0.463,0.5620553515960509
Ube2j1,-0.15493260033411327,0.13382863717224855,0.663,0.5620553515960509
Gtf3c2,-0.15491824089695613,0.13386511928976072,0.579,0.5620553515960509
Gtf2e2,-0.1549174632844348,0.13386709513690725,0.768,0.5620553515960509
Prpf19,-0.15487586615275895,0.13397282225315255,0.695,0.5620553515960509
Srbd1,-0.15485161341086148,0.13403449457950722,0.432,0.5620553515960509
Smchd1,-0.15484881442548612,0.13404161351286092,0.747,0.5620553515960509
Glrx,-0.15484313641768516,0.13405605582936767,0.411,0.5620553515960509
Rpl29,-0.15482719514182644,0.13409660964522793,0.937,0.5620553515960509
Hint3,-0.15478714248237188,0.13419854281258464,0.6,0.5620553515960509
Fez1,-0.15475199861582506,0.13428803174963932,0.137,0.5620553515960509
Gabra4,-0.15470756748159087,0.1344012343788551,0.158,0.5620553515960509
Mbnl3,-0.154705139570067,0.13440742235657718,0.137,0.5620553515960509
Vps37b,-0.15468524745868967,0.13445812921123793,0.421,0.5620553515960509
Shld2,-0.1546820934059859,0.1344661705231473,0.284,0.5620553515960509
Bdh2,-0.15468196931564346,0.13446648690109939,0.295,0.5620553515960509
Pibf1,-0.1546685512225351,0.13450070071079762,0.663,0.5620553515960509
Cdk19,-0.1546685512225351,0.13450070071079762,0.663,0.5620553515960509
Pmm2,-0.15465048651109378,0.13454677304778315,0.453,0.5620553515960509
Itgb3,-0.15463451186614208,0.13458752486687076,0.368,0.5620553515960509
Ctif,-0.1546212431935122,0.13462138080175046,0.505,0.5620553515960509
Ap3m2,-0.1546123299760721,0.13464412712817683,0.232,0.5620553515960509
Pros1,-0.15460054343864676,0.1346742105889763,0.768,0.5620553515960509
Ice1,-0.1545721140989046,0.13474679346862556,0.589,0.5621628732375911
Rbm43,-0.1544909511993572,0.13495417395479525,0.347,0.5626370717622315
Sec24b,-0.1543314451501135,0.13536243703637627,0.726,0.5637519186596497
Gtpbp2,-0.15428812894696614,0.1354734687493978,0.611,0.5638892108156929
Nhlrc2,-0.15423244220692697,0.1356163113173249,0.726,0.5641236799748974
Kpnb1,-0.15420637098793097,0.13568322615753045,0.821,0.5641236799748974
Nosip,-0.15418088962015367,0.13574865131253988,0.621,0.5641236799748974
Tstd2,-0.15414529288063783,0.13584008850002188,0.453,0.5641236799748974
Hectd4,-0.15413686316752037,0.1358617487170944,0.589,0.5641236799748974
Tpm3,-0.1541343768154468,0.13586813792018754,0.895,0.5641236799748974
Gm11476,-0.15411670810844594,0.13591354794263955,0.116,0.5641236799748974
Cox18,-0.1541136029590028,0.13592152962166887,0.505,0.5641236799748974
Atp6v1b2,-0.15406962158704637,0.1360346204545128,0.674,0.5641896631150511
Cd2bp2,-0.15404281178881735,0.1361035924739229,0.463,0.5641896631150511
Rps5,-0.1540318940095308,0.1361316876229901,0.979,0.5641896631150511
Chmp6,-0.15401608795738247,0.1361723697599249,0.474,0.5641896631150511
Rtf1,-0.15397826882495602,0.1362697473616123,0.832,0.5643983637705687
D630045J12Rik,-0.15395576818737594,0.13632770762231086,0.126,0.5644437191107194
Esr1,-0.15385944936353516,0.13657603059508722,0.263,0.5648848948660603
Terf2,-0.1538574877609202,0.13658109143780273,0.537,0.5648848948660603
Grsf1,-0.1538414598114938,0.13662244812951105,0.579,0.5648848948660603
Ubl4a,-0.1538010535176388,0.1367267501106059,0.653,0.5651215451215301
Tigd5,-0.15364433302670788,0.13713186934449675,0.2,0.5658121085950253
Ssx2ip,-0.1536195749400588,0.13719595171105048,0.242,0.5658121085950253
Zfand5,-0.15359723210562193,0.13725380208431912,0.863,0.5658121085950253
Slc2a13,-0.1535906628854544,0.13727081471952268,0.221,0.5658121085950253
Phka1,-0.15353552387413857,0.1374136740290612,0.347,0.5662065834134996
Bcl9l,-0.1534273663959662,0.13769422610420345,0.695,0.5668103073942059
Pwp2,-0.15342444390876872,0.13770181283158978,0.284,0.5668103073942059
Cdh2,-0.15334362576668722,0.13791174099231887,0.758,0.5672319716878104
Dnajc9,-0.1532819945334521,0.1380719934652711,0.421,0.5674988735221724
Brwd1,-0.1532483520966178,0.13815952949718768,0.768,0.5674988735221724
Kars,-0.15321435172584963,0.13824803959661214,0.695,0.5675022945082127
Tnfaip3,-0.15318405994951312,0.13832693164755638,0.358,0.5676320807560524
Adamts2,-0.1530016974713408,0.1388025986754236,0.842,0.5679641663405403
Slc39a7,-0.1529837026270245,0.13884960280811787,0.705,0.5679641663405403
Cenpn,-0.15298303391721096,0.1388513497699641,0.116,0.5679641663405403
ENSMUSG00000121309,-0.15296531547431425,0.13889764414143752,0.158,0.5679641663405403
Ifnlr1,-0.15291018091712194,0.139041773351413,0.158,0.5679641663405403
Krt8,-0.1529042247532598,0.1390573503496813,0.505,0.5679641663405403
Rab18,-0.15285577369956904,0.13918411223120492,0.832,0.5679641663405403
Gtdc1,-0.15284235799851556,0.13921922702873069,0.474,0.5679641663405403
Zfp516,-0.15278352892684452,0.13937328784520997,0.716,0.5679641663405403
Podxl2,-0.152771028544673,0.1394060403106536,0.295,0.5679641663405403
Mdh2,-0.15276227256093042,0.1394289854846625,0.937,0.5679641663405403
Lrrk2,-0.15275491880193348,0.1394482583192226,0.505,0.5679641663405403
Sugct,-0.1527252409927248,0.13952605883688848,0.4,0.5679641663405403
Mbip,-0.15269229181277152,0.13961247376523972,0.537,0.5679641663405403
Dvl1,-0.15268149535614603,0.1396407981545115,0.516,0.5679641663405403
Bap1,-0.15262239850162387,0.13979591521599047,0.389,0.5679641663405403
Pafah1b3,-0.1526150159450666,0.13981530206701542,0.705,0.5679641663405403
Pde11a,-0.15257361426490162,0.1399240620370573,0.105,0.5679641663405403
Itgav,-0.15256691402449765,0.1399416692243511,0.842,0.5679641663405403
Lama5,-0.15255376348761837,0.13997623166108505,0.284,0.5679641663405403
Yju2,-0.1525474254292626,0.139992891747615,0.358,0.5679641663405403
Fzd3,-0.15251997921865657,0.1400650536001569,0.411,0.5679641663405403
Tubd1,-0.15251213254314164,0.1400856893321674,0.147,0.5679641663405403
Heca,-0.15250348076672274,0.14010844504155984,0.568,0.5679641663405403
Dusp28,-0.15250260176959712,0.1401107571167386,0.211,0.5679641663405403
Mettl9,-0.15243483802754892,0.14028908680178284,0.832,0.5684951283256857
Cux1,-0.15235962694462013,0.1404872162410016,0.905,0.5689139984504912
Actr3,-0.1523003636692667,0.14064348325291562,0.853,0.5691964950562354
Resf1,-0.1522972160990499,0.14065178652718002,0.821,0.5691964950562354
Ephb6,-0.15212687788141846,0.14110169114426424,0.105,0.5702059772361882
Sertad1,-0.15210382482819085,0.14116266336677605,0.642,0.5702059772361882
Atp8a2,-0.1520883147925385,0.14120369653224005,0.126,0.5702059772361882
S100a11,-0.15207699046932682,0.14123366172236393,0.958,0.5702059772361882
Gm57269,-0.15199548482745284,0.141449474919638,0.105,0.5706934964247625
Cdin1,-0.15197190785863082,0.14151194921920213,0.295,0.5707066284034852
Slc25a29,-0.15194045587034447,0.14159532322928145,0.137,0.5707066284034852
Romo1,-0.15187747050630573,0.14176239860956866,0.926,0.5708065819507137
Cdc42bpa,-0.1518773416065095,0.14176274068268743,0.789,0.5708065819507137
Rab43,-0.15182208218060989,0.14190944511276676,0.537,0.5709597966774211
Pdha1,-0.15180013135261802,0.14196775267390302,0.779,0.5709597966774211
B930095G15Rik,-0.15174992644753496,0.1421011790402143,0.221,0.5710517310122771
AW554918,-0.15174699070187928,0.1421089841146568,0.442,0.5710517310122771
Spa17,-0.15169722065889135,0.1422413537576897,0.158,0.571300930179897
Fam117b,-0.15168789764056914,0.1422661598432491,0.579,0.571300930179897
Klf13,-0.15152346730729568,0.14270420271744014,0.642,0.5726769258115989
Klhl11,-0.1514718654127644,0.14284188005205004,0.137,0.5730379063765335
Hs2st1,-0.15137809204615663,0.14309233039851846,0.789,0.5736652728077427
Ifitm1,-0.1513775348277226,0.14309381961015985,0.326,0.5736652728077427
Mylk3,-0.15130771539016366,0.14328051032972203,0.116,0.57403039290256
Bola1,-0.15126420702038473,0.14339694062073607,0.589,0.5743052254947225
Ankrd16,-0.1512293199856799,0.1434903514109114,0.347,0.5744550516967096
Sav1,-0.15121450338459355,0.14353003706922035,0.663,0.5744550516967096
Mrgbp,-0.15114439800553173,0.143717923759417,0.4,0.5746717684306946
Cops7b,-0.15111091676818447,0.14380772096027716,0.358,0.5746717684306946
Chkb,-0.15109915664974916,0.14383927182354395,0.421,0.5746717684306946
Slc41a1,-0.15109459280612675,0.1438515174268119,0.358,0.5746717684306946
Gm27003,-0.15107624519718138,0.14390075525727972,0.284,0.5746717684306946
Bin1,-0.15106936793224315,0.14391921443084021,0.705,0.5746717684306946
Tlnrd1,-0.15104954742630014,0.14397242437365562,0.4,0.5746931181697085
Ssr4,-0.1509060284414386,0.14435815689717546,0.895,0.5757368792219911
Cenps,-0.15089993535946017,0.14437455035363803,0.126,0.5757368792219911
Slc41a2,-0.15088092442528284,0.1444257083548461,0.495,0.5757368792219911
Brap,-0.15086299446934837,0.14447396999040318,0.547,0.5757381207018821
Ubl7,-0.15082470234368978,0.14457708070408307,0.411,0.5759107504987173
Lyst,-0.1507895174605478,0.14467187332175369,0.547,0.5759107504987173
Elmod2,-0.15076582335730118,0.1447357346877068,0.316,0.5759107504987173
Jak2,-0.1507241454389338,0.14484811836236425,0.789,0.5759107504987173
Pex19,-0.15066926079608017,0.1449962140222158,0.653,0.5759107504987173
Cryz,-0.15066899369660555,0.1449969350177082,0.295,0.5759107504987173
Sdr39u1,-0.15061634741544602,0.14513909861430438,0.232,0.5760264574138647
Rsad1,-0.1505463992590437,0.14532814583984585,0.137,0.576383324699379
Paip2,-0.1504648441734071,0.1455487970073066,0.895,0.576383324699379
Chchd6,-0.15046461344285955,0.14554942161755197,0.379,0.576383324699379
2310047K21Rik,-0.1504385651768835,0.14561994981201837,0.116,0.576383324699379
Dnajc8,-0.1504339954299787,0.1456323254963852,0.811,0.576383324699379
Nfkbiz,-0.150422356049859,0.1456638505785986,0.663,0.576383324699379
Ppp1r8,-0.1503926624376454,0.14574429855213095,0.358,0.576383324699379
Sec61a1,-0.15038715837952624,0.14575921419966173,0.916,0.576383324699379
Hipk1,-0.1503619900032658,0.14582743354627228,0.716,0.576383324699379
Krt76,-0.1503327391635433,0.14590674869195383,0.147,0.576383324699379
Kdm1a,-0.150322381140118,0.14593484278805827,0.779,0.576383324699379
Cdca2,-0.1503100371491725,0.14596832874874155,0.147,0.576383324699379
Gm11290,-0.15030295059146515,0.14598755530677954,0.211,0.576383324699379
Slx4ip,-0.15028804946292876,0.14602798981723253,0.379,0.576383324699379
Ak1,-0.15015723754212545,0.146383312574294,0.558,0.5770165262457883
Snx14,-0.15013564308450467,0.1464420318521683,0.6,0.5770165262457883
Naa15,-0.1501112739669037,0.14650831722683405,0.779,0.5770165262457883
Appl1,-0.15008402157027026,0.1465824720263069,0.737,0.5770165262457883
Nkiras2,-0.15007124595481566,0.14661724468072396,0.411,0.5770165262457883
Ptbp2,-0.1500698946857098,0.14662092292628465,0.737,0.5770165262457883
Ndrg2,-0.14996359279425445,0.1469105014959057,0.579,0.5775215443618826
Smim36,-0.14996269480238864,0.14691294956035547,0.389,0.5775215443618826
Pdia5,-0.14984810675603338,0.14722558615306863,0.4,0.5780529652022991
Ubac1,-0.14984238109241016,0.14724122089831615,0.558,0.5780529652022991
Rbm22,-0.14983971400593318,0.14724850418655866,0.642,0.5780529652022991
Cwc15,-0.14973172198135362,0.14754363680953209,0.811,0.5784762322552366
Lsm3,-0.14972543285259676,0.147560838136316,0.653,0.5784762322552366
Spindoc,-0.14972209217599844,0.1475699757972674,0.526,0.5784762322552366
Gm30054,-0.1496241613084609,0.1478380324943946,0.158,0.5786369674680528
Fam193a,-0.14960766356863886,0.14788322616485658,0.758,0.5786369674680528
Tmem184c,-0.14960709094839192,0.14788479497896317,0.579,0.5786369674680528
Tspan4,-0.14960149411147106,0.1479001293544977,0.853,0.5786369674680528
Smg9,-0.14956677041049038,0.14799529306547,0.463,0.5787095914311657
Ccdc34,-0.1495550101390158,0.1480275336746763,0.611,0.5787095914311657
Asf1b,-0.14952721501380703,0.14810375457879704,0.137,0.5787095914311657
Snx19,-0.14950879327287844,0.14815428766398797,0.389,0.5787095914311657
Ankrd46,-0.14950682759456943,0.14815968052464423,0.432,0.5787095914311657
Naa30,-0.1494555773758434,0.148300338149126,0.526,0.5790706211891238
D5Ertd579e,-0.1494071363798122,0.14843337800495585,0.589,0.5792475361815952
Zfp410,-0.1493959441902543,0.14846412933068892,0.516,0.5792475361815952
D16Ertd472e,-0.14934936808805643,0.14859215184509195,0.547,0.5793080641326234
Slc25a30,-0.14934102447966346,0.14861509445961477,0.379,0.5793080641326234
Setd5,-0.14932810213029177,0.14865063259703612,0.853,0.5793080641326234
Prrc2b,-0.14916676359742873,0.14909487205347888,0.821,0.5804116059168638
Ube2m,-0.14914584080950558,0.14915255509182668,0.853,0.5804116059168638
Arf6,-0.1491375203047198,0.14917549894723425,0.737,0.5804116059168638
Ccdc88b,-0.14911719836342444,0.1492315479956292,0.137,0.5804415927384257
Txn1,-0.14901497444756837,0.1495137270904606,0.916,0.5809745375971394
Il1r2,-0.14894106137150445,0.14971800624318043,0.411,0.5815801038375501
Spag7,-0.14876230561726536,0.15021291281005447,0.789,0.5827484472085054
Xkr6,-0.14873343165659894,0.15029296879753276,0.221,0.5828566378789387
Ccnl2,-0.14871723601776957,0.1503378868585886,0.747,0.5828566378789387
Mroh1,-0.14862370980043144,0.15059747568249557,0.495,0.5835253491397224
Vps52,-0.14862007648182943,0.15060756700124925,0.421,0.5835253491397224
Tnfsf9,-0.148584970208601,0.15070509863655965,0.2,0.5835645950674394
Map4k4,-0.14854665752463195,0.15081159230453933,0.884,0.5835645950674394
Slc39a13,-0.14852303431505484,0.1508772833267373,0.579,0.5836287180747858
Fbxw2,-0.14846971039670048,0.1510256444414324,0.684,0.5840144646725536
Abhd10,-0.148358492582614,0.15133543342565225,0.295,0.5844864584080965
Lrrc14,-0.1483432205793406,0.15137800961940617,0.453,0.5844864584080965
Brd3,-0.148339668460055,0.15138791371420582,0.705,0.5844864584080965
Itch,-0.1483385272853406,0.15139109566496045,0.821,0.5844864584080965
Cdkn2aipnl,-0.14829748403934112,0.15150557034615167,0.411,0.5847403995969923
St6gal1,-0.1482270029231,0.15170230219152078,0.463,0.5853115496187629
Usp36,-0.14818999630649746,0.1518056742566951,0.432,0.5853151741194028
Abracl,-0.14812564794342672,0.15198554675501133,0.874,0.5853151741194028
Eif5,-0.1481118614105725,0.15202410490342866,0.895,0.5853151741194028
Kif20a,-0.14809439416709458,0.15207296777744683,0.168,0.5853151741194028
Fkbp8,-0.14808031308798625,0.15211236675630313,0.853,0.5853151741194028
Slc43a1,-0.14806237630496696,0.15216256509798692,0.126,0.5853151741194028
Cct4,-0.14805077628632074,0.15219503581350158,0.842,0.5853151741194028
BE692007,-0.1480274145976905,0.15226044548609488,0.105,0.5853151741194028
Gpr137b,-0.1479921784155689,0.15235914200407194,0.158,0.5853151741194028
Pcmtd1,-0.14798342226126496,0.15238367541463121,0.747,0.5853151741194028
Zswim7,-0.1479826957243657,0.1523857111932417,0.547,0.5853151741194028
Ptk2,-0.14790332548179175,0.15260823168886173,0.726,0.5857950888389267
Dvl3,-0.14782271805099206,0.15283446960994637,0.453,0.5864760232044187
Gimap8,-0.14779559724856162,0.15291064498232002,0.126,0.5865808671893663
Ctdspl2,-0.14768245119499296,0.15322874977720885,0.737,0.587613413789507
Msantd2,-0.14757400229091103,0.15353411323667784,0.505,0.5885964551828835
Rxrb,-0.14749996685271347,0.15374283876401562,0.484,0.5886651319943245
Zfp131,-0.1474863291302532,0.15378131025370376,0.526,0.5886651319943245
Cxxc5,-0.14740490433906275,0.15401115627749093,0.611,0.5886651319943245
Asap3,-0.14740380004441947,0.15401427524649913,0.516,0.5886651319943245
Myo1d,-0.14738162946118796,0.15407690381858274,0.684,0.5886651319943245
Hnrnpul1,-0.14737659436877396,0.1540911298521955,0.832,0.5886651319943245
Plk4,-0.14737056336503865,0.15410817100318067,0.274,0.5886651319943245
Gm56860,-0.14734267121960049,0.15418700113014017,0.2,0.5886651319943245
Eeig2,-0.1473237923381338,0.1542403746401511,0.758,0.5886651319943245
Nup88,-0.147307152363875,0.15428742986475713,0.568,0.5886651319943245
Ube2c,-0.14725250435749562,0.15444204130472503,0.2,0.5888935261964406
Gimap9,-0.1472513236648574,0.15444538302595084,0.337,0.5888935261964406
Prdm2,-0.14718961517845044,0.15462011214582527,0.684,0.5891855558663676
Zfp869,-0.14716058881895258,0.15470235207439811,0.526,0.5891937309982295
Dap3,-0.14715082588369235,0.15473002059005855,0.747,0.5891937309982295
Chst2,-0.14713690823560055,0.15476947010647255,0.263,0.5891937309982295
Mrps28,-0.14711419241480925,0.15483387414979488,0.768,0.589252084601137
Preb,-0.14705635520170154,0.15499794498855188,0.705,0.5896895834846458
R3hcc1,-0.1470242796376647,0.1550889919386808,0.389,0.5896957559918302
Pom121,-0.14702117988792143,0.15509779273941865,0.537,0.5896957559918302
Dda1,-0.14694070777490184,0.15532639951260685,0.684,0.5901911642240096
Akip1,-0.14687297912782796,0.155518999346727,0.389,0.5905527321959212
Cpsf2,-0.14685536809368516,0.15556910901438317,0.684,0.5905527321959212
Snai1,-0.14679588765247845,0.15573844118568003,0.463,0.5907581573675468
Niban2,-0.14679384605844373,0.15574425574876835,0.653,0.5907581573675468
Zdhhc15,-0.14678451696679756,0.15577082753607505,0.263,0.5907581573675468
Chml,-0.14673511051158444,0.15591160696851294,0.158,0.5911053567637938
Zfp28,-0.14663366893824997,0.15620095363111472,0.137,0.5918286053167543
Fam104a,-0.1465966365256215,0.1563066827446916,0.8,0.5918986404402428
Arhgef18,-0.14659251369019446,0.15631845691804364,0.589,0.5918986404402428
Psmd11,-0.14657540408436845,0.15636732634933373,0.863,0.5918986404402428
Hoxc9,-0.14650849464726887,0.15655854635927952,0.116,0.5922490441511875
Dtna,-0.14648792594960827,0.15661736453898312,0.221,0.5922518744725073
Sae1,-0.14645468619415025,0.1567124516769494,0.695,0.5922518744725073
Nudt21,-0.146409968569357,0.15684044085030152,0.811,0.5922518744725073
Ccdc126,-0.14640817245662022,0.15684558324756478,0.274,0.5922518744725073
2610507I01Rik,-0.14637416687715107,0.15694296734714286,0.232,0.5922518744725073
Gen1,-0.14634558350693028,0.1570248583718769,0.105,0.5922518744725073
Capn1,-0.14631912462538987,0.1571006911577427,0.674,0.5922518744725073
Lrrc45,-0.14629190025671876,0.15717874637873253,0.284,0.5922518744725073
Nudt4,-0.14627495545691768,0.15722734355776524,0.821,0.5922518744725073
Rasl11a,-0.14626886491489266,0.1572448137869116,0.453,0.5922518744725073
Mif4gd,-0.14625048511761146,0.1572975435289608,0.611,0.5922518744725073
Arl10,-0.1462236745624256,0.15737448388449246,0.147,0.5923496639501884
Prickle1,-0.14612896773419076,0.15764649611495274,0.874,0.5928159971350572
Cyp4f13,-0.14609765105929856,0.1577365193579854,0.368,0.5929681538012281
Tbl2,-0.1460805378781054,0.15778572927416706,0.442,0.5929681538012281
Hmgb1,-0.14602525971430394,0.15794476291330678,0.926,0.5933800902065315
Cisd1,-0.14595274858484142,0.15815355634030198,0.632,0.5934368727824082
Tmsb4x,-0.14588670055601363,0.15834391837190628,0.968,0.5934368727824082
Tipin,-0.1458752988706398,0.15837679730103757,0.611,0.5934368727824082
Abat,-0.14585908089136096,0.158423573690672,0.558,0.5934368727824082
Rapgef4,-0.1458408865124305,0.15847606271895315,0.116,0.5934368727824082
Mcm2,-0.14579326796288436,0.15861349895076943,0.347,0.5934368727824082
Gna13,-0.14579197685410072,0.1586172265729409,0.674,0.5934368727824082
Rbm38,-0.14578979748334983,0.15862351888689738,0.2,0.5934368727824082
Dera,-0.1457445697804527,0.15875414299196142,0.6,0.5934368727824082
Zfp703,-0.145730264474017,0.15879547544146402,0.232,0.5934368727824082
Crcp,-0.14572866777262766,0.15880008930206357,0.305,0.5934368727824082
Nectin3,-0.14569962919853555,0.15888401716848308,0.411,0.5935657729128738
Slc35a3,-0.14566908334796813,0.158972337031636,0.495,0.5937109955641846
Exosc10,-0.14560594491239032,0.15915501050424982,0.589,0.5938992290559031
Zfp821,-0.14556897581750516,0.1592620427817862,0.379,0.5938992290559031
Vrk2,-0.14551386822866624,0.15942168874623924,0.547,0.5938992290559031
Klhdc10,-0.1454927848758015,0.15948279843081442,0.674,0.5938992290559031
Stard7,-0.1454697820233859,0.15954949162931753,0.547,0.5938992290559031
Orc3,-0.14540422252490617,0.1597396850727558,0.516,0.5938992290559031
Bzw2,-0.14539726513289108,0.15975987892936444,0.705,0.5938992290559031
Fastkd3,-0.14539301492599194,0.159772216105406,0.211,0.5938992290559031
Il1rl2,-0.14538094883712158,0.1598072444891265,0.453,0.5938992290559031
Atad3a,-0.1453495477513184,0.15989842999450446,0.463,0.5940286042524799
Slc25a16,-0.14533022795710576,0.15995455190736624,0.421,0.5940532956238004
Dbr1,-0.1451913682058706,0.16035835565033668,0.368,0.5949464690355748
Dsn1,-0.14517938190136806,0.16039324729475768,0.147,0.5949464690355748
Wdr5,-0.14512107848761316,0.16056304667176924,0.389,0.5952085524507358
Stk17b,-0.1450742702024072,0.1606994650092023,0.537,0.5955303939399667
Cmtm7,-0.14504364942232736,0.16078875299295,0.768,0.5956774320229407
Rps19,-0.1449378828534067,0.16109744433327144,0.958,0.5960210301738623
Wars1,-0.14490693028940754,0.16118786603345325,0.411,0.5960210301738623
Shisa4,-0.14488812360042172,0.16124282441322876,0.221,0.5960210301738623
Gm56862,-0.14486274187412085,0.1613170189555568,0.211,0.5960210301738623
Haus8,-0.14483983171697534,0.16138401051275558,0.274,0.5960210301738623
Tnks,-0.14483649019010086,0.16139378319346487,0.747,0.5960210301738623
Shank3,-0.14482057974031898,0.16144032116911675,0.116,0.5960210301738623
Gjb4,-0.1448079833604164,0.16147717257896013,0.116,0.5960210301738623
Knl1,-0.1447780904991416,0.16156465081692226,0.179,0.596160652230727
Zfp386,-0.14464358855059958,0.16195869183586462,0.558,0.5969073240955819
Lysmd1,-0.14461119519458385,0.16205369894012225,0.105,0.5969073240955819
Snapc2,-0.14460814501680055,0.16206264699709144,0.274,0.5969073240955819
Prelid3b,-0.14459435453276856,0.16210310759034113,0.6,0.5969073240955819
Svbp,-0.14458692326484457,0.16212491366963638,0.8,0.5969073240955819
Stx6,-0.14457336251601882,0.16216471151826337,0.547,0.5969073240955819
Tgfbrap1,-0.14449056923427617,0.16240784912604236,0.337,0.5972459756858602
Pofut1,-0.1444742924907914,0.16245568056883647,0.589,0.5972459756858602
Pithd1,-0.14444995778422504,0.16252721094130998,0.316,0.5973260550267245
Mgrn1,-0.14441997577634907,0.16261537334663964,0.653,0.5974671933210227
Chic2,-0.14437495099187986,0.16274783585314492,0.863,0.5975747046867517
Agtpbp1,-0.1443433765869176,0.1628407752152048,0.558,0.5975747046867517
Lmo7,-0.14432213047585943,0.16290333537171173,0.105,0.5975747046867517
Zfp677,-0.14431670535527705,0.16291931274776225,0.147,0.5975747046867517
Cep192,-0.14427109531951451,0.16305368360940173,0.568,0.5975747046867517
Alyref,-0.14425790626670298,0.16309255494782088,0.747,0.5975747046867517
Fgd4,-0.1441886888618821,0.16329666814329857,0.4,0.5981400532021312
Plekha2,-0.14416202656931326,0.1633753423292188,0.463,0.5982457259368497
Plod1,-0.14412860339870856,0.16347400598662748,0.579,0.5983685140079221
Acot13,-0.14411690669410723,0.16350854455400954,0.6,0.5983685140079221
Hpcal1,-0.14409503540381527,0.16357314162465278,0.8,0.5984225202581371
Rpl21,-0.14406103485978042,0.16367360013733573,0.947,0.5986076505784313
Crlf2,-0.14389086011106292,0.16417708849850257,0.653,0.5997226764469039
Satb1,-0.1438151161921803,0.16440155740470658,0.389,0.5997226764469039
Gxylt1,-0.1438117745122956,0.1644114657875988,0.611,0.5997226764469039
Iws1,-0.1438117745122956,0.1644114657875988,0.611,0.5997226764469039
Tfam,-0.14378420927200947,0.16449321609635204,0.632,0.5997226764469039
Atp5g2,-0.14373906383638377,0.16462716908613603,0.947,0.5997226764469039
Gipc1,-0.14371925503042957,0.16468597015920097,0.653,0.5997226764469039
Camk4,-0.14371404671021662,0.1647014332810596,0.168,0.5997226764469039
Wrn,-0.14369934607409857,0.1647450841967802,0.579,0.5997226764469039
Stimate,-0.14369633259015047,0.1647540332579208,0.611,0.5997226764469039
Ttc8,-0.14369385258548326,0.16476139833028966,0.442,0.5997226764469039
Abl1,-0.14367041597982383,0.1648310119748451,0.737,0.5997226764469039
Stambpl1,-0.1436353200386837,0.16493529802635654,0.347,0.5997226764469039
Mta2,-0.14361417084862715,0.16499816550998883,0.663,0.5997226764469039
Klhl6,-0.14358707952126404,0.16507872234668514,0.221,0.5997226764469039
Rpl36a,-0.14357703776655456,0.1651085891889206,0.968,0.5997226764469039
Zbed3,-0.14357046677081592,0.16512813523911868,0.568,0.5997226764469039
Atp9b,-0.1435658911792261,0.1651417467823205,0.789,0.5997226764469039
Tmx2,-0.14353718255263553,0.1652271686254983,0.421,0.5997226764469039
Isg20,-0.14351774507242085,0.1652850229623113,0.411,0.599751366185697
Ppm1m,-0.14338557041184838,0.1656788296651797,0.463,0.5997913025820032
Lrrc40,-0.14338111860555017,0.16569210564131617,0.326,0.5997913025820032
Suv39h2,-0.1433418209737498,0.16580933142170584,0.137,0.5997913025820032
Ccdc88a,-0.14334063907107222,0.1658128580163126,0.747,0.5997913025820032
Shc1,-0.1433269881298929,0.16585359410354591,0.811,0.5997913025820032
Evi5,-0.14331947136655765,0.16587602821134612,0.747,0.5997913025820032
Entr1,-0.143315444521251,0.16588804743038285,0.516,0.5997913025820032
Tubb6,-0.14325687820238228,0.16606292745164686,0.684,0.6000028299447676
Fmnl2,-0.14324158565656145,0.16610861370393548,0.6,0.6000028299447676
Hsp90b1,-0.14316563236293575,0.16633566083369977,0.937,0.6001355594975749
Vasp,-0.14314450295529652,0.16639886375349344,0.821,0.6001355594975749
Tceal1,-0.1431148047772124,0.1664877278651261,0.211,0.6001355594975749
Pdcd10,-0.1431025158161895,0.16652450966598745,0.779,0.6001355594975749
Uchl1,-0.14306809456488218,0.16662756709858878,0.147,0.6001355594975749
Pola2,-0.1430599749903778,0.16665188402720593,0.295,0.6001355594975749
Atp11c,-0.14305247278160307,0.16667435436901282,0.589,0.6001355594975749
Pdzd8,-0.14304454676537148,0.16669809651732448,0.579,0.6001355594975749
Utp3,-0.142992325520922,0.16685458624247182,0.737,0.6001355594975749
Zcrb1,-0.14298929309543826,0.1668636767502272,0.789,0.6001355594975749
Heatr5a,-0.1429612456042384,0.1669477739764123,0.695,0.6001355594975749
C030034I22Rik,-0.1429450689502826,0.16699629208777564,0.126,0.6001355594975749
Zfp282,-0.14288841357673734,0.16716629889221413,0.379,0.6001355594975749
Garem1,-0.14288559848062699,0.1671747495371049,0.453,0.6001355594975749
Akt3,-0.14287603973619178,0.16720344631530884,0.695,0.6001355594975749
Scaf8,-0.14286374488340223,0.1672403626528603,0.821,0.6001355594975749
Stmn1,-0.14284714197950626,0.16729022383929235,0.516,0.6001355594975749
Hnrnpab,-0.14280914297621652,0.1674043822965712,0.905,0.6002518060251609
Baz2a,-0.1427008639351017,0.1677299952198268,0.716,0.6002518060251609
Calcb,-0.14270044207472693,0.16773126473793581,0.221,0.6002518060251609
Cpox,-0.14269468108494274,0.16774860218180335,0.568,0.6002518060251609
Slfn9,-0.14266309069598884,0.16784369559618137,0.211,0.6002518060251609
Zfta,-0.1426308641146836,0.16794074510626295,0.411,0.6002518060251609
Gm16196,-0.14261402077430607,0.16799148487827117,0.105,0.6002518060251609
Cep63,-0.1426047121134864,0.16801953163984154,0.389,0.6002518060251609
Eif4e3,-0.14259536406521667,0.16804770055534982,0.305,0.6002518060251609
Mtmr3,-0.14255439209954793,0.1681712044652096,0.737,0.6002518060251609
Dnaja2,-0.14248284164483552,0.16838704342252142,0.863,0.6005373573278349
B4galt2,-0.14246618325469446,0.16843732443147882,0.284,0.6005373573278349
Kdsr,-0.14246113823537654,0.168452554300004,0.568,0.6005373573278349
St6galnac4,-0.14242152290103893,0.16857218013098052,0.253,0.6006846262171893
R3hdm1,-0.14240348196203062,0.1686266788641251,0.716,0.6006846262171893
Amer1,-0.14239560365964923,0.16865048201012786,0.316,0.6006846262171893
Mrps33,-0.14235651565992383,0.1687686174069108,0.842,0.600772247021873
Depdc5,-0.14233950430001457,0.16882004979720786,0.495,0.6007772192990737
Cyrib,-0.1421588393318552,0.16936698893176902,0.737,0.6019349366465588
Nsmce4a,-0.1421403507064642,0.16942303443614237,0.684,0.6019349366465588
Mindy3,-0.14213027335799247,0.16945358817240605,0.642,0.6019349366465588
Papss1,-0.14205115134919008,0.1696936212072659,0.758,0.6019452011013252
Peak1,-0.14204835727625495,0.169702102189367,0.863,0.6019452011013252
Marchf5,-0.14202824139116968,0.16976317011717987,0.747,0.6019452011013252
Dhx8,-0.14199961050808327,0.16985011587667942,0.484,0.6019452011013252
Trbc1,-0.1418060810985929,0.17043868394345782,0.158,0.603852840988226
Kank2,-0.1417376533525817,0.1706471480029009,0.789,0.6042748980809404
Pkig,-0.14166076741381792,0.17088160392657611,0.705,0.604402619952807
Zfp820,-0.14165967895123865,0.17088492478648962,0.126,0.604402619952807
Fbxo36,-0.14164182407757045,0.17093940614728317,0.211,0.604402619952807
Atxn7l3b,-0.1415961533644515,0.17107882143287492,0.874,0.6046933791417514
Ist1,-0.1415127458474457,0.1713336489503344,0.695,0.6052418073202631
Gm49336,-0.14151237040901388,0.17133479662543302,0.568,0.6052418073202631
Gclc,-0.14148498252327082,0.17141853373353394,0.411,0.6053595101583946
Lpgat1,-0.14144232262673914,0.17154902429038774,0.789,0.6054213095382449
Mast2,-0.1414133390013913,0.17163772280071504,0.695,0.6054213095382449
Chd3,-0.14136035079181508,0.17179996976939035,0.758,0.6056377677689577
Zfp729b,-0.14132286552995155,0.1719148157437214,0.284,0.6056399262927822
Actr1a,-0.14129562401110846,0.17199831276593808,0.6,0.6056399262927822
Snrpd2,-0.14128088806825634,0.17204349182598994,0.874,0.6056399262927822
Ssu72,-0.14124496474634768,0.17215366606456783,0.832,0.6056399262927822
Tsc22d3,-0.14116431408131358,0.17240120498250164,0.432,0.6057731458465905
Gm26532,-0.14115522543446224,0.17242911693409624,0.326,0.6057731458465905
Rbbp7,-0.14113631695426732,0.17248719702346424,0.842,0.6057731458465905
Actg1,-0.14112541993281075,0.17252067531401735,0.989,0.6057731458465905
Acad11,-0.14111944614003277,0.17253903028176026,0.253,0.6057731458465905
Ccdc163,-0.14110201044876264,0.17259261108835414,0.242,0.6057731458465905
Zfp568,-0.1410746199647208,0.17267680822197967,0.379,0.6057731458465905
Usp14,-0.14106429341008295,0.17270855943545477,0.758,0.6057731458465905
Pmpcb,-0.14103077543384043,0.1728116472571753,0.653,0.6057731458465905
Phrf1,-0.141000117812568,0.17290597740287236,0.579,0.6058015963455758
Llph,-0.14098203895700043,0.1729616218117043,0.842,0.6058197762815442
Rps13,-0.14094542198220122,0.1730743645347049,0.968,0.6060378812972299
Septin2,-0.14090229347985478,0.17320722538813363,0.263,0.6062080951223966
Gpr153,-0.14089686597813106,0.17322395055925235,0.611,0.6062080951223966
Paip2b,-0.14083355668705674,0.17341912964810444,0.411,0.6064572398597669
Bet1,-0.14082462791058553,0.17344666958261343,0.758,0.6064572398597669
Zfp330,-0.14079643196946817,0.17353365830326295,0.758,0.6065847555305032
Hoxb8,-0.1407751911134298,0.17359921071735648,0.147,0.6066372884410067
Cdk10,-0.14065372786860494,0.17397441388328186,0.347,0.6069491365510185
Afap1,-0.1406331357993261,0.17403808235941995,0.737,0.6069491365510185
Gmps,-0.14059560462106388,0.1741541687856491,0.8,0.6069491365510185
Tulp4,-0.14057671667299826,0.17421261197827134,0.863,0.6069491365510185
Sorcs2,-0.1405609473667787,0.17426141648787227,0.221,0.6069491365510185
Alg9,-0.14055817363832634,0.17427000195344508,0.389,0.6069491365510185
Gm15050,-0.14053387694134517,0.174345220311302,0.242,0.6069491365510185
Ifnar1,-0.14053312004355026,0.17434756391852851,0.684,0.6069491365510185
Tmem30a,-0.1405293741039135,0.1743591629337782,0.832,0.6069491365510185
Kbtbd2,-0.14052801737957477,0.17436336406663513,0.589,0.6069491365510185
AU040320,-0.1405174316302269,0.17439614567344164,0.547,0.6069491365510185
Abcb6,-0.14050002143372342,0.17445007085354142,0.116,0.6069608811180736
Stat5a,-0.14046467167041435,0.17455959852810765,0.379,0.6070393371247415
Trip4,-0.14032316308397969,0.17499855438813344,0.632,0.6072971836794515
Mapk7,-0.14029497065932658,0.1750861032627385,0.232,0.6072971836794515
Rictor,-0.14029079588686913,0.1750990703515326,0.611,0.6072971836794515
Ccdc43,-0.1402881299239254,0.17510735135808636,0.358,0.6072971836794515
Exosc8,-0.14028287366195571,0.1751236791863705,0.621,0.6072971836794515
Eral1,-0.14026628233447114,0.1751752251110919,0.337,0.6072971836794515
Fbxo17,-0.1402024906745355,0.17537351672987603,0.253,0.6072971836794515
Ermp1,-0.14016607444275284,0.17548678771004944,0.474,0.6072971836794515
Fau,-0.1401595744680851,0.1755070112218091,0.989,0.6072971836794515
Srpr,-0.14015754759362908,0.1755133178299444,0.832,0.6072971836794515
Acads,-0.14014414918390147,0.17555501108749816,0.653,0.6072971836794515
Tspyl4,-0.14014369110076572,0.17555643668202672,0.137,0.6072971836794515
Adnp,-0.14013491314423257,0.1755837560867269,0.768,0.6072971836794515
Bpnt2,-0.14011247206331418,0.17565361305870333,0.842,0.6072971836794515
Ckap2l,-0.14007174451703464,0.17578044616299965,0.116,0.6072971836794515
Me2,-0.14006187417566332,0.17581119434244802,0.547,0.6072971836794515
Vps37d,-0.1399756137998086,0.17608008142170348,0.158,0.6080510605781978
Sec23a,-0.13991659058380082,0.1762642397457356,0.768,0.6084682582630392
Dcaf12,-0.1399044150382092,0.17630224623112462,0.747,0.6084682582630392
Ddi2,-0.13983898219930677,0.1765066005700104,0.663,0.6088632114753665
Enox1,-0.1398226208343023,0.17655772614164456,0.379,0.6088632114753665
Tbpl1,-0.13979732570259057,0.17663678908477892,0.495,0.6088632114753665
Pold3,-0.13977813692761337,0.1766967831950496,0.4,0.6088632114753665
Rnf8,-0.13977220630354284,0.176715328438054,0.526,0.6088632114753665
Fyco1,-0.13974307501003191,0.1768064436033174,0.621,0.6088632114753665
Card19,-0.139729015187457,0.17685043141767848,0.737,0.6088632114753665
Tpx2,-0.13972858064185545,0.17685179107266508,0.2,0.6088632114753665
Cct6a,-0.13970573916142867,0.17692327084405482,0.842,0.6088632114753665
Zfp827,-0.1397055786560152,0.1769237732020949,0.505,0.6088632114753665
Psph,-0.13960949433160957,0.1772246905068606,0.453,0.6095493723620382
Abtb1,-0.13954668172067392,0.17742160993159295,0.274,0.6100519102086588
Pbx3,-0.1395228565105778,0.17749634460016508,0.411,0.6101341567747445
Uxt,-0.13948680385462092,0.17760947804141056,0.579,0.610202473339179
Ube2v2,-0.13947122273695292,0.17765838802169634,0.758,0.610202473339179
Gm15832,-0.13945847427992245,0.17769841346315143,0.147,0.610202473339179
Cdc37l1,-0.13926805219633898,0.17829705475507615,0.621,0.6110071052451739
Gmds,-0.1392573939650846,0.1783306052518731,0.495,0.6110071052451739
Actl6a,-0.13923738834729482,0.17839359238349597,0.611,0.6110071052451739
Lrrc20,-0.1392126225243121,0.1784715894459733,0.263,0.6110071052451739
Nxn,-0.13919641114251652,0.1785226588123383,0.832,0.6110071052451739
Mrpl52,-0.1391831321766018,0.17856449840137545,0.895,0.6110071052451739
Gramd1b,-0.13914972276352483,0.17866979708471778,0.589,0.6110401563127172
Mef2d,-0.13914777477130857,0.17867593810393523,0.779,0.6110401563127172
Cdc5l,-0.13911877347298607,0.17876738257569905,0.758,0.6111788048366795
Wsb1,-0.1389991727400701,0.17914485947424774,0.695,0.6121020972603337
Nsun2,-0.13897296226662065,0.179227661286838,0.621,0.6121020972603337
Rab26os,-0.13893711596337932,0.1793409490819058,0.2,0.6122680624470977
Pomgnt2,-0.13878477877378342,0.17982297614286238,0.137,0.6132162665570431
Atxn2l,-0.13874993200715752,0.17993337167017223,0.716,0.613418510404247
F8,-0.13872478637692312,0.18001306449693497,0.105,0.6134669556986696
2610020C07Rik,-0.13863940975609707,0.18028383699820036,0.358,0.6137368015956584
Fbxl2,-0.1386165226758953,0.18035647408570668,0.2,0.6137368015956584
Pex13,-0.1386076812175344,0.18038454008753882,0.568,0.6137368015956584
Inip,-0.1385530183545013,0.18055813074505375,0.263,0.6139546065168255
A530017D24Rik,-0.13853922446949316,0.1806019547112041,0.168,0.6139546065168255
Top3a,-0.13848228766197737,0.18078292846686264,0.147,0.6142856558314087
Cep20,-0.13845443868055393,0.1808714947383612,0.526,0.6142856558314087
Itga6,-0.138432498255006,0.1809412927380056,0.495,0.6142856558314087
Ipmk,-0.13843193311153357,0.1809430908610777,0.305,0.6142856558314087
Anapc7,-0.138428146251433,0.1809551398913711,0.484,0.6142856558314087
Gprasp1,-0.13839521316940837,0.1810599510718946,0.526,0.6143463437990231
Vps18,-0.13839037623043834,0.1810753486053754,0.263,0.6143463437990231
Kctd3,-0.13832281465276988,0.18129051882545213,0.347,0.6143987949366262
Cox8a,-0.13832155139923138,0.18129454381458973,0.947,0.6143987949366262
Ints13,-0.13832142050443919,0.18129496087641744,0.368,0.6143987949366262
Sik3,-0.13832125490910097,0.1812954885034119,0.726,0.6143987949366262
Ccdc107,-0.13827056224932935,0.18145706035065928,0.611,0.6144973872367024
Mtfr1,-0.13826996576600664,0.18145896213731302,0.453,0.6144973872367024
Mcm3,-0.13826395862876983,0.1814781156942906,0.358,0.6144973872367024
Tcf25,-0.13824733532931183,0.18153112622430953,0.874,0.614503589674453
Plekha8,-0.13812091741190588,0.18193463395884144,0.274,0.6153236563674556
Mxra8,-0.1381039192029268,0.1819889396694698,0.905,0.6153236563674556
Ccdc112,-0.13807515399458176,0.18208086541797033,0.253,0.6153236563674556
Chek1,-0.13804372735271425,0.18218133510446619,0.116,0.615489952335207
Polr3k,-0.13799517097973663,0.1823366473575138,0.705,0.6156682015808965
Phf2,-0.13796582821360298,0.18243054984164137,0.526,0.6157824355984429
Txndc16,-0.13795255147523863,0.1824730495427051,0.295,0.6157824355984429
Ski,-0.1378844949647205,0.18269101624496223,0.832,0.6161716382172083
Pdcd5,-0.13783161881916237,0.18286049534849644,0.853,0.6165700555039025
Dot1l,-0.13781007694649217,0.18292957441230207,0.495,0.6166298147019963
Mrfap1,-0.13773205741061686,0.18317992159078028,0.884,0.6170121806007834
Irak4,-0.13771411979123432,0.1832375146804074,0.526,0.6170121806007834
Gm16867,-0.13768201622060897,0.1833406239515698,0.158,0.6171491089953739
Sergef,-0.1375854341471818,0.18365107829756533,0.505,0.6177125768700141
Ephx2,-0.13751747811857296,0.1838697462794754,0.211,0.618236920632221
Tada2b,-0.13747987214054183,0.18399083578082245,0.368,0.6182977792388288
Keap1,-0.13739807923498196,0.18425440569321824,0.737,0.6186455205395939
Klhl22,-0.1373751273551465,0.18432841534159886,0.537,0.6186455205395939
Prdx5,-0.13736783512698425,0.18435193407934264,0.884,0.6186455205395939
Sra1,-0.137332810867085,0.18446492402450507,0.821,0.618851730305178
Clip3,-0.13726992845764255,0.1846679122260137,0.526,0.6191867137944
Rpl41,-0.13722196560646724,0.18482284848424993,0.968,0.619286512220623
Dubr,-0.13721281841721672,0.1848524077453746,0.474,0.619286512220623
Atxn7l2,-0.1371871735193367,0.18493529791454122,0.116,0.6193913869065263
Gnpnat1,-0.13716994523362463,0.1849909988606507,0.663,0.6194051654544989
St8sia1,-0.1370974647853576,0.1852254698837652,0.147,0.6195070491789749
Ptbp1,-0.13709674194648436,0.1852278093239377,0.789,0.6195070491789749
Ncbp2as2,-0.13704318398198923,0.1854012074352204,0.768,0.6197174857759938
Fbxo9,-0.1370235071335285,0.18546494243204623,0.474,0.6197174857759938
Morc3,-0.1370166533518497,0.1854871461603837,0.737,0.6197174857759938
Map6,-0.1370135562384753,0.185497180301401,0.2,0.6197174857759938
Kif22,-0.1369958476793861,0.18555456072211032,0.284,0.6197367484256964
Lmcd1,-0.13697605727194404,0.185618702160249,0.242,0.6197531492545549
Tyk2,-0.13689511870651094,0.18588119489762572,0.421,0.6200609778669022
Chka,-0.13687255203947285,0.18595442920431185,0.442,0.6200609778669022
Nrip1,-0.13687037739112276,0.18596148757380815,0.747,0.6200609778669022
Pcdhga6,-0.13683272639981794,0.18608372424891537,0.105,0.6202083366619107
Hras,-0.13681222212687325,0.18615031742616908,0.695,0.6202083366619107
Hes1,-0.13680904320028509,0.18616064340214258,0.505,0.6202083366619107
Brsk1,-0.13668191282744685,0.18657393717724757,0.179,0.6207592845464653
Ahr,-0.13666325639789353,0.1866346442637406,0.663,0.6207592845464653
1300002E11Rik,-0.13664488456615206,0.18669443931132204,0.474,0.6207592845464653
Zbtb37,-0.13662841792464483,0.18674804534151992,0.379,0.6207592845464653
Med13l,-0.13662343268410093,0.18676427665829368,0.758,0.6207592845464653
Vwa8,-0.13658508427329563,0.18688916854171456,0.505,0.6207908877764993
Pcbd2,-0.13657746991732886,0.1869139739532302,0.642,0.6207908877764993
Snx25,-0.13656459264687645,0.1869559298908821,0.442,0.6207908877764993
Ubr2,-0.13651052641437528,0.18713215987244805,0.747,0.6209015701665569
Pqbp1,-0.1364379217352754,0.18736900610033044,0.611,0.6213034123851608
Endod1,-0.1364070004024212,0.18746994172913178,0.411,0.6214664799397254
Gnb4,-0.13633712665709985,0.18769817404320763,0.526,0.6220513319726177
Dhrs3,-0.13632059170952762,0.18775221252669305,0.589,0.6220587240088309
ENSMUSG00000121487,-0.13630124934860896,0.18781544035818953,0.137,0.6220918759265184
Khnyn,-0.1362858346818,0.18786584010240326,0.305,0.6220918759265184
Pds5a,-0.13619373668210638,0.1881671680215814,0.832,0.6226558827938409
Hoxc8,-0.13605151372608745,0.18863318459317327,0.189,0.6229149195297666
Tsen15,-0.13597946980094328,0.18886956745859557,0.442,0.6231813400591802
Tubgcp4,-0.13592781491713105,0.18903918418115073,0.495,0.6233641157538092
Lmbr1l,-0.13589297862070254,0.18915363685652595,0.316,0.6233641157538092
Tmem9,-0.13588262301483997,0.18918766929952185,0.653,0.6233641157538092
Syncrip,-0.13586892034434225,0.18923270828934916,0.884,0.6233641157538092
Fam131a,-0.13586727303641927,0.18923812331105436,0.189,0.6233641157538092
Cenpo,-0.13585518803758265,0.18927785248988416,0.168,0.6233641157538092
9530026P05Rik,-0.13583619750821,0.1893402956737022,0.484,0.6233641157538092
Gadd45gip1,-0.13579165242113922,0.1894868239766199,0.758,0.6236755195962924
Ctsw,-0.13573927894587826,0.18965920840923384,0.179,0.6237049881046954
Rnf5,-0.13573262115125223,0.18968113031799963,0.579,0.6237049881046954
Cxcl12,-0.13571537045052715,0.18973793969685593,0.4,0.6237049881046954
Adcy7,-0.13569818377828297,0.1897945504824414,0.621,0.6237049881046954
Gm57354,-0.13562391030333404,0.19003933895085376,0.105,0.6237049881046954
Pars2,-0.13562391030333404,0.19003933895085376,0.105,0.6237049881046954
Rbm3,-0.13562288502899925,0.1900427196217996,0.926,0.6237049881046954
Aga,-0.13560617972040626,0.19009780872777363,0.716,0.6237049881046954
Pop5,-0.13558397120825427,0.190171063667135,0.632,0.6237049881046954
Golga2,-0.13558397120825427,0.190171063667135,0.632,0.6237049881046954
Tmem248,-0.13549094981932058,0.1904781176535206,0.737,0.6238599996360671
Plcb4,-0.13544355319860163,0.1906347070335183,0.158,0.6238871256184946
Dnajc15,-0.1354393098898705,0.1906487306607512,0.653,0.6238871256184946
Taf1d,-0.1354198508106515,0.19071305015690196,0.684,0.6238871256184946
Mettl25,-0.1353359487895803,0.1909905575123739,0.421,0.6238871256184946
Pias3,-0.13533152608179488,0.19100519380097009,0.432,0.6238871256184946
Ddc,-0.13530548688049313,0.1910913831014314,0.126,0.6238871256184946
Amfr,-0.13528412548102697,0.1911621099809424,0.758,0.6238871256184946
Itk,-0.13527814952702472,0.19118189955678852,0.158,0.6238871256184946
Cdh3,-0.13522511004280913,0.1913576066194494,0.326,0.6241749154430358
Tstd3,-0.13515791326783289,0.19158038119123671,0.326,0.6243638535821883
Brf2,-0.13513136031288228,0.19166846277301888,0.284,0.6243638535821883
Hdac7,-0.1351191349021394,0.19170902681111865,0.568,0.6243638535821883
Nkiras1,-0.1350396866216497,0.19197278838211804,0.389,0.6250046827831051
Ehmt2,-0.13496893263525397,0.19220790654951195,0.716,0.6252839521310974
Zranb3,-0.13492559840033738,0.19235201065173485,0.189,0.6252839521310974
B430010I23Rik,-0.13491438781191956,0.19238930317328637,0.105,0.6252839521310974
Atg9a,-0.1348729309508304,0.19252725668598877,0.474,0.6252839521310974
Zfp316,-0.13478230008615102,0.19282909265946352,0.189,0.626094893337528
Etnk1,-0.1346721833673446,0.19319628420661533,0.663,0.6261883247392727
Tmpo,-0.1346678744476997,0.1932106628525554,0.695,0.6261883247392727
Psmd9,-0.1346557204566181,0.19325122427023908,0.705,0.6261883247392727
Gm56549,-0.1346516017039883,0.19326497114642863,0.105,0.6261883247392727
Tgfb3,-0.13455548841763665,0.19358596248957438,0.495,0.6262931363528103
Mtdh,-0.1345499980120422,0.19360431052169616,0.863,0.6262931363528103
Ppp3r1,-0.13452523014814222,0.19368709626381883,0.821,0.6262931363528103
Fastk,-0.13451692645859395,0.19371485678614245,0.558,0.6262931363528103
Rnf38,-0.1345139765097016,0.19372471961475282,0.642,0.6262931363528103
B3galt6,-0.13446841990188046,0.19387707916195096,0.411,0.6263122019093651
Naa12,-0.13441292691938453,0.19406278681672925,0.821,0.6267038439934203
Aldh18a1,-0.13439800832753077,0.19411273388952527,0.495,0.6267038439934203
Nfrkb,-0.13436619680339243,0.194219269075719,0.453,0.6267985515821175
Zbtb11,-0.13432691524142476,0.19435087928210407,0.463,0.6267985515821175
Magoh,-0.1342137515275451,0.19473038650503366,0.789,0.6277631516031396
Mis12,-0.1342065552322479,0.19475453816287958,0.474,0.6277631516031396
Ccdc90b,-0.13418496350387463,0.19482701564927934,0.568,0.6278282278316955
Nuf2,-0.1341007988884099,0.1951097188924722,0.147,0.6279249263202892
Pcgf5,-0.13406615025753604,0.19522618725161137,0.547,0.6279249263202892
Fes,-0.1340574891319169,0.1952553087057529,0.274,0.6279249263202892
Shmt1,-0.13405151555533876,0.19527539559256765,0.168,0.6279249263202892
Bora,-0.13399380155884458,0.19546954278819023,0.305,0.6280177000892807
Ube3c,-0.13398924837769424,0.1954848654000132,0.705,0.6280177000892807
Tdp2,-0.1339759644617208,0.19552957410389396,0.432,0.6280177000892807
Fam114a2,-0.13396088786369748,0.19558032524013022,0.705,0.6280177000892807
Phf20l1,-0.13394967610075897,0.1956180726521121,0.821,0.6280177000892807
Rpl19,-0.13390444996342604,0.19577039193225293,0.968,0.6281707899333407
Dok1,-0.1337980841747463,0.19612896341235886,0.495,0.6285557953696087
Fsd1l,-0.13379121838888094,0.19615212503122545,0.263,0.6285557953696087
Bcap29,-0.13373912103357197,0.1963279388668244,0.579,0.6287835588087385
Ints6,-0.13367695683733827,0.19653787401315997,0.758,0.6290543435770737
Cbfb,-0.13366858171102194,0.19656617007081834,0.737,0.6290543435770737
Skic8,-0.13360646698454487,0.19677612143571419,0.758,0.6290543435770737
Sptbn1,-0.13359479811486957,0.196815580907552,0.895,0.6290543435770737
Homer3,-0.13356450788457808,0.19691803700995786,0.579,0.6290543435770737
Zfp958,-0.1335626251822098,0.19692440648124332,0.379,0.6290543435770737
Alkbh5,-0.13356047158690385,0.19693169260690954,0.779,0.6290543435770737
Id4,-0.13353618056041194,0.19701388838048217,0.168,0.6290543435770737
Ddit3,-0.13352920514175928,0.1970374963100944,0.347,0.6290543435770737
Maff,-0.13352811830599334,0.19704117483079656,0.495,0.6290543435770737
Gm16973,-0.13341941803449137,0.19740933330515956,0.137,0.6300621650704548
Timm21,-0.133348141060158,0.19765101099005383,0.495,0.630665875354126
Tmtc3,-0.13330181921088943,0.19780818787658472,0.526,0.6309767280059155
Parp8,-0.13328635878023476,0.19786066742296363,0.684,0.6309767280059155
Them4,-0.13326460995329822,0.19793450953258293,0.337,0.6309767280059155
Nudt1,-0.1332297090084167,0.19805304745647306,0.474,0.6309767280059155
H2-T23,-0.1332282959386642,0.19805784789671257,0.811,0.6309767280059155
Melk,-0.13321931385001423,0.19808836354954318,0.116,0.6309767280059155
Prpsap2,-0.13320815413415238,0.19812628216278175,0.389,0.6309767280059155
Tmem183a,-0.13311094914312854,0.19845678731165028,0.547,0.6315586125764604
Eloc,-0.13308581055143026,0.19854232514677403,0.842,0.6315642783064687
Igfbp2,-0.13304860644560748,0.19866896636658052,0.105,0.6315642783064687
Dnajc11,-0.13294319225702853,0.19902810734144427,0.495,0.632538508430048
Zswim9,-0.1329194220017282,0.19910915589197054,0.189,0.6326286411206378
Gm47467,-0.1328540188328385,0.1993322810863102,0.116,0.6331700261913563
Map3k6,-0.13282776741560445,0.19942188924010212,0.274,0.6332871261851113
Tubb2b,-0.13277071406310298,0.1996167383888086,0.495,0.6337382807600278
Fam151b,-0.1326651167481478,0.19997773620438947,0.253,0.6338073726275893
Snrpc,-0.13266505237706594,0.1999779564080377,0.842,0.6338073726275893
Pex7,-0.13266502775296468,0.1999780406433766,0.653,0.6338073726275893
Ern1,-0.132561554758012,0.20033223129540026,0.716,0.6338073726275893
Fbxo32,-0.13253525976417274,0.2004223114648155,0.263,0.6338073726275893
Cep57l1,-0.13253445462662575,0.20042507012652452,0.305,0.6338073726275893
Map2k7,-0.13251574629816962,0.20048917859021317,0.495,0.6338073726275893
Lrp6,-0.13248388608312162,0.2005983889573938,0.811,0.6338073726275893
Brcc3,-0.13248098381281712,0.20060833947468393,0.621,0.6338073726275893
Papss2,-0.1324710410131142,0.20064243133640744,0.368,0.6338073726275893
Bckdhb,-0.13246294920192284,0.20067017960058456,0.368,0.6338073726275893
Tex30,-0.13245775578732963,0.20068799019727274,0.284,0.6338073726275893
Rcn3,-0.13244765429310404,0.20072263609692154,0.863,0.6338073726275893
Ier5,-0.13244231572712992,0.20074094793625374,0.674,0.6338073726275893
Parp11,-0.13242804428442317,0.20078990636492552,0.326,0.6338073726275893
Czib,-0.13226751942551235,0.2013411801723692,0.6,0.6351822255201359
Mavs,-0.1322115027389235,0.20153380781825095,0.284,0.6355110563340696
Mrpl18,-0.13220642649641545,0.20155127030233505,0.747,0.6355110563340696
Rad9a,-0.13217112766689054,0.20167272975389436,0.147,0.6357270848398555
Taf10,-0.13210404147791355,0.20190371076456232,0.842,0.635787530854996
N4bp1,-0.13202348941287997,0.20218130604008422,0.547,0.6363046853433452
B3gnt8,-0.13197405644433785,0.20235179537865736,0.221,0.6363046853433452
Ddx59,-0.13195904918404835,0.20240357429879943,0.158,0.6363046853433452
Cnot7,-0.13194206070850983,0.20246220038364182,0.579,0.6363046853433452
Ptdss2,-0.13192142361633746,0.20253343397207535,0.463,0.6363046853433452
Npepps,-0.13187206636874135,0.20270387452638425,0.821,0.6363046853433452
Ago2,-0.13184000069474214,0.2028146588509259,0.8,0.6364087756917389
Cxcl14,-0.13183178792899986,0.20284304027419714,0.368,0.6364087756917389
Yars2,-0.1318027966304792,0.20294325026735213,0.295,0.6365568458620943
Golim4,-0.13173550023286737,0.203176000636507,0.653,0.6368903001468333
Gfpt1,-0.13172605302414567,0.20320868991942354,0.716,0.6368903001468333
Ndor1,-0.13169314395472065,0.2033225914813187,0.253,0.6370779079520831
Nf1,-0.13164745991122592,0.2034807842921828,0.821,0.6370779079520831
Rab8a,-0.13157780279607467,0.20372215969975668,0.737,0.6375915324918244
Cbll1,-0.13156947300988153,0.20375103774224457,0.526,0.6375915324918244
4933406I18Rik,-0.1314630528740945,0.20412023736390855,0.137,0.638375318526244
Pim3,-0.13143588282315766,0.20421457414967573,0.495,0.6383765664710118
Trappc13,-0.13131985780635122,0.2046177742725824,0.6,0.6393040894329682
Pfdn6,-0.13122162738373386,0.20495958113601423,0.8,0.6400389312614104
Ranbp17,-0.1311998422314918,0.20503544099949053,0.189,0.6401093447948213
Nsd3,-0.13115821681215528,0.2051804441201499,0.863,0.6402509535583649
Hat1,-0.13114202355686758,0.2052368735120226,0.611,0.6402509535583649
Zfp946,-0.13108833933450956,0.20542402880470526,0.168,0.6406561854176872
Glp2r,-0.13104616119966137,0.20557115685573513,0.642,0.6407260505274748
Ppm1a,-0.13103892617820867,0.20559640201611065,0.8,0.6407260505274748
Qser1,-0.13100617864017564,0.2057106957182934,0.653,0.6407549892128858
Cenpj,-0.1309408029636405,0.20593900221944392,0.242,0.6409304301837385
Upf2,-0.13089177525308673,0.20611033674240986,0.653,0.641131298773605
Nanp,-0.13086077058604134,0.20621873965579657,0.368,0.641248577475088
Fgd1,-0.13084996039963634,0.20625654533806329,0.379,0.641248577475088
Gabpa,-0.1307586122075156,0.20657620848136407,0.632,0.6419152523902015
Sars,-0.13074009965692074,0.20664103425411143,0.789,0.6419505558315953
Sec61b,-0.1306782392785978,0.20685775737859252,0.947,0.6424243231080222
Cep57,-0.13065640914678575,0.2069342763139167,0.516,0.6424243231080222
Ccny,-0.13058920013383904,0.20716998410416762,0.8,0.642493517573913
Ier3ip1,-0.130582885684034,0.20719213926832092,0.874,0.642493517573913
Cask,-0.13055755558248486,0.20728103060899825,0.632,0.642493517573913
Ttbk2,-0.13055153204812747,0.20730217310274743,0.168,0.642493517573913
Hsf2,-0.1305172546572809,0.20742251541166082,0.295,0.642493517573913
Smg6,-0.13051038972005408,0.20744662307435394,0.821,0.642493517573913
Gins2,-0.13050453660072833,0.20746717910618126,0.326,0.642493517573913
Mccc1,-0.130486930347926,0.2075290206583461,0.421,0.642493517573913
Rassf1,-0.1304515588538411,0.20765330196669604,0.716,0.642493517573913
Hspg2,-0.13038735744854463,0.20787901573638787,0.863,0.642493517573913
Rbmx,-0.13037529577032617,0.20792144066942944,0.568,0.642493517573913
Arhgef9,-0.13037117393691014,0.2079359399441201,0.158,0.642493517573913
B3gnt2,-0.13037015640918379,0.20793951938804248,0.526,0.642493517573913
Ddx27,-0.13021189432041594,0.20849678663960308,0.663,0.6433319500293071
Emd,-0.1302040579394384,0.20852440748880988,0.611,0.6433319500293071
H13,-0.13019545784929548,0.20855472318226445,0.884,0.6433319500293071
Epn2,-0.13016616441923604,0.2086580073841591,0.695,0.6433319500293071
Lsm12,-0.13012024601733044,0.2088199820971971,0.768,0.6433319500293071
Sec22b,-0.1301123877577372,0.2088477106681524,0.779,0.6433319500293071
Zc3h4,-0.13010985905323497,0.2088566339860279,0.474,0.6433319500293071
Tbccd1,-0.13009562790322873,0.2089068580798816,0.263,0.6433319500293071
Grb2,-0.13008424013464198,0.2089470536081224,0.779,0.6433319500293071
Tspan9,-0.13006235069669222,0.20902433247192406,0.653,0.6433319500293071
Trmt112,-0.13004343173276672,0.20909114073073876,0.874,0.6433319500293071
Mkrn2,-0.1300347710720161,0.2091217290717403,0.421,0.6433319500293071
Gm55330,-0.12999347408582118,0.20926762857846162,0.305,0.6434925146900583
Cluh,-0.1299896596149432,0.20928110850875972,0.442,0.6434925146900583
Ccdc47,-0.12997235008929603,0.2093422862870188,0.768,0.6435158298638592
Scoc,-0.12994843457104496,0.20942683286371166,0.726,0.6436109501393873
Ercc8,-0.12990698625342184,0.20957341932471332,0.242,0.6436806765015194
Stbd1,-0.12990609005522438,0.20957658963369355,0.358,0.6436806765015194
Zfp398,-0.12989654775471335,0.2096103477239061,0.463,0.6436806765015194
Siae,-0.12979071148762023,0.20998502769929878,0.411,0.644060250684185
Gm47101,-0.1297858765864863,0.21000215552832385,0.253,0.644060250684185
Ndufs2,-0.12973830502234485,0.21017073273297351,0.821,0.6442481460109301
Zfp157,-0.12969235866932144,0.2103336421979328,0.4,0.6444813198445899
H2az2,-0.1296865762088986,0.2103541511177603,0.863,0.6444813198445899
Ston1,-0.12965492921095625,0.21046642020524275,0.695,0.6445507097373617
Tbc1d31,-0.12964992916657714,0.21048416197886194,0.2,0.6445507097373617
Kctd12b,-0.1295551824904641,0.21082055504255576,0.158,0.6452516962518398
Dync1li2,-0.12952163212944687,0.2109397654949772,0.674,0.6452878786687994
Alg3,-0.1295096677053147,0.21098228884007017,0.295,0.6452878786687994
Smim24,-0.12946958795676342,0.2111247826715446,0.147,0.6453603018170153
Fbxo46,-0.12939988103918174,0.21137277177819144,0.263,0.6459538993995279
Fam135a,-0.1293633227197091,0.2115029143278901,0.526,0.6461871481768388
Cdk17,-0.12933939852396378,0.21158811199024824,0.684,0.6462829968626076
Hdhd2,-0.12931283248866599,0.21168274623374947,0.432,0.646407612926915
Kdm4c,-0.12928537579342828,0.2117805848322107,0.621,0.6465419481516282
Arl6ip1,-0.12924288589223626,0.21193205580288815,0.842,0.6466755258005789
Siah1a,-0.12919203453212358,0.21211343550751896,0.516,0.6468873231960326
Purb,-0.12906390571143503,0.21257094231168,0.895,0.6472971003405413
Rad50,-0.1290514733064052,0.21261537171727027,0.674,0.6472971003405413
Cmya5,-0.12904991210224998,0.21262095142359416,0.116,0.6472971003405413
Mcph1,-0.1290035925976368,0.212786543559094,0.389,0.6476370160998838
Wnt4,-0.12891483420223762,0.213104110569971,0.853,0.6478153854106008
Jmy,-0.12891101871538038,0.21311776947055108,0.642,0.6478153854106008
Srsf10,-0.1288837350944818,0.21321545907334666,0.789,0.6478153854106008
Zc3hc1,-0.12888098533348744,0.2132253064164176,0.421,0.6478153854106008
Bptf,-0.12887344718910915,0.21325230339833123,0.874,0.6478153854106008
Kctd11,-0.12881314767529914,0.21346834641439827,0.663,0.6478629925664441
Fndc4,-0.12878152631930787,0.21358170250122993,0.126,0.6478629925664441
Phf12,-0.1287318656404511,0.2137598121036112,0.695,0.6478629925664441
Far1,-0.12871756620841532,0.2138111170127529,0.642,0.6478629925664441
Wdr90,-0.12871662756466895,0.21381448507677353,0.221,0.6478629925664441
Ccne1,-0.12869771946815567,0.21388233958172126,0.147,0.6478629925664441
Wdr11,-0.12869670653906914,0.21388597505899762,0.568,0.6478629925664441
Nrbp1,-0.12856558131991172,0.21435696349494848,0.747,0.6486350959384694
Cwf19l1,-0.12850213893479007,0.2145851059887611,0.253,0.6486745326559165
Polr1h,-0.12849583106099233,0.21460779887745784,0.674,0.6486745326559165
Brca1,-0.12847612816760318,0.21467869197404763,0.105,0.6486745326559165
Mettl8,-0.1284718341576971,0.21469414448027083,0.326,0.6486745326559165
Eftud2,-0.1284381348094658,0.21481544298642422,0.642,0.648788001974658
Cdca7,-0.12842065281329557,0.2148783873797137,0.232,0.648788001974658
Gnb2,-0.12841637207924378,0.21489380226977722,0.884,0.648788001974658
Gcn1,-0.1283552156062603,0.21511411187585694,0.579,0.6491583076672814
Plk3,-0.12835230911673187,0.21512458617540708,0.368,0.6491583076672814
Srp9,-0.12830136967523983,0.2153082185506001,0.905,0.6493860286704484
Hexim1,-0.12814943032265302,0.21585660689932185,0.537,0.6505497688353808
Tmem39a,-0.12810702260810913,0.2160098437675202,0.695,0.6508243519785716
Pop7,-0.12809421924152792,0.21605612284388992,0.642,0.6508243519785716
Pex2,-0.1280505005100575,0.21621420159712662,0.747,0.651087364582059
Sap30,-0.12802509165894907,0.21630611287730767,0.611,0.651087364582059
Rpl6,-0.12797900270303947,0.21647290077758335,0.958,0.6512628713696926
Prkag1,-0.12793094696785626,0.21664690305992257,0.779,0.6513470403559102
Pogk,-0.12792879852205732,0.21665468455697282,0.295,0.6513470403559102
Mynn,-0.12792633168454723,0.21666361948709129,0.442,0.6513470403559102
Fkbp14,-0.12790413163802605,0.21674404019491497,0.579,0.6514257047860686
Inafm2,-0.1278329468738957,0.21700205283735852,0.358,0.6518193521435677
Ep400,-0.12757784458778637,0.21792846858009485,0.768,0.6540032797403645
Nsun4,-0.12754661036786322,0.21804208898061397,0.295,0.6541807502224468
Plp2,-0.12741037185074053,0.21853817222237187,0.737,0.6552236378681939
Ftsj1,-0.12736511415757343,0.21870314474843036,0.253,0.6552236378681939
Dhx35,-0.12734980020277212,0.21875898682234607,0.158,0.6552236378681939
Dhx57,-0.12732004258518698,0.21886752627453798,0.526,0.6552236378681939
Jun,-0.12730110803226852,0.21893660893385825,0.811,0.6552236378681939
Upf1,-0.12728890711703533,0.2189811320974026,0.495,0.6552236378681939
Nup43,-0.12728553342636365,0.21899344438313958,0.263,0.6552236378681939
Metap2,-0.1272711569397515,0.2190459168605933,0.895,0.6552236378681939
Mfsd14a,-0.12722384724359811,0.21921865436695276,0.589,0.6552236378681939
Ghdc,-0.12716701824653254,0.2194262759917997,0.189,0.6552236378681939
Mpv17l2,-0.12710835463231349,0.21964074591557983,0.389,0.6555044699652368
Zfp687,-0.1270716884086143,0.2197748701164984,0.253,0.6555044699652368
Zc3h10,-0.12703837772416648,0.2198967699510581,0.242,0.6555044699652368
Dnaja4,-0.12699670217812437,0.22004934804445642,0.116,0.6555044699652368
Polr3h,-0.12699389102575306,0.2200596426271919,0.6,0.6555044699652368
Gm35417,-0.12698683084894463,0.2200854988521106,0.126,0.6555044699652368
Mafk,-0.12696165375275464,0.22017772145921657,0.253,0.6555105136525696
Rps3a1,-0.12693346772614963,0.22028099800038886,0.968,0.6556554147225258
Acat2,-0.12691706219819096,0.22034112530272879,0.284,0.655671844240363
Ppp1r15b,-0.1268130395717147,0.22072264436915334,0.6,0.6561566702006497
Lrp12,-0.12675242868637954,0.22094515890414707,0.263,0.6566555749906172
Pigs,-0.1266790961445318,0.22121458859431367,0.442,0.6568429828296646
Zbtb10,-0.1266757097407507,0.22122703610919991,0.189,0.6568429828296646
Gtf2h1,-0.12661092811267122,0.22146525114621918,0.611,0.6569233420290239
Gm16541,-0.1265987885850823,0.22150991073308546,0.126,0.6569233420290239
Lrrfip1,-0.12657943492059726,0.22158112322605536,0.663,0.6569233420290239
Sap30l,-0.126559116005262,0.2216559047565949,0.695,0.6569233420290239
2510039O18Rik,-0.12655874696709468,0.22165726312538706,0.653,0.6569233420290239
Cnnm4,-0.12654483566776456,0.2217084726093414,0.158,0.6569233420290239
Rnf4,-0.12654166573451212,0.22172014275375804,0.8,0.6569233420290239
Ammecr1,-0.12644398274055005,0.22207997602807883,0.716,0.6574246233158636
Hprt,-0.12639451897666595,0.22226234173838125,0.789,0.6578023015165747
Nuak2,-0.12633379234916448,0.22248637621646478,0.2,0.6579787978401707
Asrgl1,-0.12630407297476032,0.22259607576105395,0.389,0.6581411183607424
Tmem132a,-0.12619058766833333,0.22301532081703124,0.305,0.6588825838736134
Nme1,-0.1261189699824841,0.22328018160743357,0.884,0.6588825838736134
Rbm48,-0.12611325811504562,0.2233013151042147,0.337,0.6588825838736134
Pkd1,-0.12610665008444305,0.22332576609634106,0.537,0.6588825838736134
Rpap1,-0.12610278560554464,0.2233400662893422,0.368,0.6588825838736134
Ankrd54,-0.12610260689577887,0.22334072760603038,0.358,0.6588825838736134
Xiap,-0.12601690859738007,0.22365801353476653,0.779,0.6592844581815727
Med30,-0.1260010304550363,0.22371683493483718,0.653,0.6592844581815727
Rangap1,-0.12593621686094575,0.22395705313222067,0.516,0.6592844581815727
Braf,-0.12589526941631307,0.224108909863489,0.789,0.6592844581815727
Pygb,-0.12589034767956359,0.2241271673748489,0.484,0.6592844581815727
Abhd12,-0.1258815293288468,0.22415988225221745,0.579,0.6592844581815727
Madd,-0.12584162318940795,0.22430797056685886,0.179,0.6592844581815727
Ssr2,-0.12582588265922262,0.22436640126016513,0.874,0.6592844581815727
Txndc11,-0.1258160493979741,0.22440290890946557,0.579,0.6592844581815727
Inpp5a,-0.12581403389540916,0.22441039232015386,0.737,0.6592844581815727
Mapk1ip1,-0.1257385654665329,0.22469072726781242,0.284,0.6598865835251108
Pex5,-0.12567932509554133,0.22491095387733792,0.463,0.6599979845049643
Gm56743,-0.1256379119062717,0.22506499784302245,0.421,0.6602383164185611
Atf4,-0.12558062043940388,0.22527822618401142,0.779,0.6603798002420471
Ppp3cc,-0.12545629950133824,0.22574141397846256,0.568,0.6612887875983477
Senp2,-0.12538069605573068,0.22602341975990997,0.6,0.6619178539163998
Slc39a9,-0.12524381511018107,0.22653462372647998,0.537,0.6632531643706036
Unk,-0.1251993366179185,0.22670091036103895,0.411,0.6633510449268795
Dnmt1,-0.1251664221263516,0.2268240191219274,0.558,0.6633510449268795
Dcaf13,-0.1251491511373335,0.22688863587360497,0.589,0.6633510449268795
Psmb4,-0.1251225428998328,0.22698821177816228,0.905,0.6633510449268795
Dnase1l1,-0.12511044926456955,0.2270334798745602,0.242,0.6633510449268795
Sun1,-0.12510195518386547,0.22706527814187344,0.547,0.6633510449268795
Angel2,-0.12506666796687532,0.22719741209453906,0.579,0.6634983296098295
Pafah1b1,-0.12504422682492589,0.2272814716153268,0.895,0.6634983296098295
Cep128,-0.12499047234236446,0.22748291262807355,0.263,0.66392497129929
Atp6v1g1,-0.12492126377930542,0.22774245098796994,0.863,0.6640599241519866
Snhg9,-0.12492065355575527,0.22774474030420788,0.284,0.6640599241519866
Hbp1,-0.1249191512966658,0.22775037625200972,0.779,0.6640599241519866
Gm17227,-0.12490110368068465,0.2278180922034192,0.126,0.6640960993169348
Zfp260,-0.12483563971934353,0.22806383612706665,0.726,0.664307813868506
Dnajc4,-0.12480295836150028,0.2281865875544469,0.526,0.664307813868506
Gga2,-0.12475431044606616,0.2283693952324784,0.516,0.664307813868506
Mov10,-0.12474918505362119,0.22838866125170257,0.421,0.664307813868506
Eva1b,-0.12468467233662292,0.2286312577665096,0.842,0.6648523884723858
Cct8,-0.12465206303112013,0.2287539519169603,0.895,0.6650481115416325
Ldb1,-0.12447157223811958,0.22943389162895544,0.695,0.6663794718889375
Appbp2,-0.12441793955994832,0.22963620746868693,0.821,0.6665825624953101
Lca5,-0.1244104566919162,0.2296644446354394,0.168,0.6665825624953101
Taf15,-0.12434814788271589,0.229899665986371,0.716,0.6666364316053321
Ncoa7,-0.12434199626453935,0.2299228980366049,0.505,0.6666364316053321
Snrpa1,-0.12431831310479897,0.23001235461133282,0.705,0.6666364316053321
Clybl,-0.12431005544782345,0.2300435513473644,0.6,0.6666364316053321
Car2,-0.12430105196280512,0.23007756913238084,0.189,0.6666364316053321
Cenpv,-0.12427993547020774,0.23015736718842494,0.316,0.6667067570160237
Rps26,-0.12422355901377508,0.23037050553077135,0.979,0.6667442681702157
Zgrf1,-0.12414015738673705,0.23068606906198294,0.105,0.6667715326799628
Ttc39c,-0.12412721975539445,0.2307350477459187,0.484,0.6667715326799628
Rhot1,-0.12402791510467395,0.231111232768427,0.611,0.6675353431050557
Cbx8,-0.12401919768504198,0.23114427647749586,0.179,0.6675353431050557
Zfp51,-0.12400248315426579,0.23120764277394357,0.168,0.6675353431050557
Tmem17,-0.12399876376130296,0.2312217449799223,0.116,0.6675353431050557
Clasp1,-0.1239657996316245,0.23134675588105705,0.716,0.667557953867299
Zfp326,-0.12394176948743613,0.23143791590777552,0.653,0.667557953867299
Apobec3,-0.12388456779389169,0.23165501549299441,0.653,0.6678520719953822
Mtrfr,-0.1238623442793738,0.23173939953506376,0.253,0.6678520719953822
Mfsd1,-0.12385259390362745,0.23177642908343113,0.642,0.6678520719953822
Apaf1,-0.12382888997880144,0.23186646804399794,0.589,0.6679467803948456
Bcl11b,-0.12380974345702328,0.2319392136199063,0.189,0.6679467803948456
Gm43672,-0.12372597832094699,0.2322576595190622,0.147,0.6685764843457398
Eif3a,-0.12369417139722697,0.23237865830385335,0.905,0.6685764843457398
Zc3h18,-0.12367854676893184,0.23243811308365347,0.632,0.6685764843457398
Crtap,-0.12366616411286216,0.2324852390645416,0.905,0.6685764843457398
Mllt3,-0.12360302420433365,0.23272564099097956,0.547,0.6686615868338578
Gm17251,-0.12352228803087742,0.2330332924697863,0.284,0.6692252434070136
Mark3,-0.12338241614290586,0.23356695662951485,0.705,0.6701759512826916
Blcap,-0.12336518125368523,0.23363277318426848,0.463,0.6701759512826916
Ift74,-0.12336239382866232,0.2336434190113556,0.6,0.6701759512826916
Zfp956,-0.12334472319651943,0.23371091515172834,0.137,0.6702094478688326
Suds3,-0.12330442472941477,0.23386489321295942,0.705,0.6704908722082149
Orc2,-0.12322602772694344,0.23416464613777274,0.558,0.6710298105432547
Zfp707,-0.12319237330411312,0.2342934067974493,0.263,0.671238591127887
Vps13d,-0.12315987080056813,0.23441780708678475,0.758,0.6714347828461413
Plpp6,-0.12309804461541751,0.23465456805976853,0.221,0.6714728931245075
Zfp275,-0.12309719655358332,0.23465781683750916,0.379,0.6714728931245075
Arf5,-0.12308338529652678,0.23471072977792606,0.937,0.6714728931245075
Brwd3,-0.12306829102977694,0.23476856762160608,0.537,0.6714783686118686
Prkx,-0.12305281812311045,0.23482786663355118,0.4,0.6714880196877945
Twnk,-0.12302334803409615,0.2349408378898538,0.211,0.6716115178813669
Srp19,-0.1230123714290846,0.23498292551175332,0.853,0.6716115178813669
Rpl11,-0.12297204609331988,0.2351375901233924,0.968,0.671638779618744
Lgr5,-0.12288602261733256,0.2354677632048914,0.221,0.671832119930984
Gm35546,-0.12286388179540747,0.23555279573982846,0.126,0.671832119930984
Zfp623,-0.12284734034777597,0.23561633764853712,0.2,0.671832119930984
Gtf3c4,-0.12281420576744691,0.23574365589527485,0.442,0.671832119930984
Rplp0,-0.12274807879252385,0.23599788917416326,0.968,0.671832119930984
Ccdc102a,-0.1227349253434606,0.23604848196650544,0.316,0.671832119930984
Zeb1,-0.12272121971843242,0.23610120665051731,0.726,0.671832119930984
Elp1,-0.12270045271583259,0.23618111162756036,0.526,0.671832119930984
Cyb5b,-0.12269293316323629,0.23621004917025373,0.726,0.671832119930984
Wdpcp,-0.12267721389344637,0.23627054970557265,0.547,0.671832119930984
Sgtb,-0.12266983266618203,0.2362989623909594,0.211,0.671832119930984
Tars,-0.12266903180607212,0.23630204529853024,0.653,0.671832119930984
Galnt12,-0.12264897118449393,0.23637927770481065,0.389,0.671832119930984
Arfgef2,-0.12258872509622036,0.23661132773159177,0.463,0.67226507621231
Cmtr2,-0.12255835225665582,0.23672837493517157,0.221,0.6724385138033132
Ticam1,-0.12252095114513267,0.23687256216271663,0.337,0.6726221194727932
Mir155hg,-0.12236039490144558,0.2374922256985722,0.232,0.6735396907154828
Gpi1,-0.12233666165245291,0.2375839191704869,0.884,0.6735396907154828
Rpn2,-0.12232709196784305,0.23762089863169697,0.895,0.6735396907154828
Gm43713,-0.12227008814924248,0.23784125736005596,0.179,0.6737356669922739
Prim2,-0.12225987886077337,0.23788073822479466,0.442,0.6737356669922739
Nfyb,-0.12222165643888278,0.23802859054990302,0.547,0.6737356669922739
Rmi2,-0.12221125947244987,0.2380688192323077,0.158,0.6737356669922739
Rflnb,-0.12218800126142279,0.23815882865557816,0.274,0.6737356669922739
Gpr88,-0.12215953932936069,0.23826900866847742,0.147,0.6737356669922739
Mrpl28,-0.12215176685200109,0.23829910313869113,0.747,0.6737356669922739
Clk3,-0.12214965800349815,0.2383072689028223,0.558,0.6737356669922739
Pcbp4,-0.1220892472546495,0.2385412705114043,0.368,0.6737626523242606
Parp16,-0.12204602925750661,0.2387087736923509,0.147,0.674077197959562
Smim15,-0.12196909209814734,0.23900716674563352,0.716,0.6743692604805884
Haspin,-0.12191802877724306,0.23920535357598288,0.126,0.6743692604805884
Cnot3,-0.12190119521871288,0.23927071292560645,0.695,0.6743951760792857
Xkr8,-0.12187672630019267,0.23936574004243302,0.168,0.6745046798144786
Fads1,-0.12180840761608566,0.23963120003922406,0.705,0.6747799247533232
Katnal1,-0.12179308091254448,0.2396907817178582,0.358,0.6747799247533232
Aarsd1,-0.12172149398524303,0.23996920785347628,0.516,0.6747799247533232
Gpatch11,-0.12166710602883868,0.24018089114921382,0.537,0.6748327283687005
Pcgf6,-0.12164331205287036,0.24027354034754816,0.253,0.6748327283687005
Zzz3,-0.1216267941502109,0.24033787247369856,0.768,0.6748327283687005
Golph3,-0.12162319200967275,0.2403519032835488,0.758,0.6748327283687005
Slc33a1,-0.1216028424834961,0.24043117802121813,0.568,0.6748327283687005
Klhl5,-0.1216007341077416,0.24043939256222344,0.537,0.6748327283687005
Fry,-0.1215804794204835,0.24051831770400614,0.484,0.6748327283687005
Gm3604,-0.12156928695571949,0.24056193836584422,0.147,0.6748327283687005
Mblac2,-0.12155464192836339,0.2406190230629589,0.168,0.6748327283687005
Pfkm,-0.1215464306663899,0.24065103376110214,0.305,0.6748327283687005
Herc3,-0.12152870847931523,0.24072013180841512,0.347,0.6748327283687005
Pgf,-0.12150468054058597,0.24081383766534054,0.116,0.6748327283687005
Epha3,-0.12150118091260703,0.24082748787075442,0.147,0.6748327283687005
Ppa1,-0.12147194318949114,0.24094154977799306,0.674,0.6748327283687005
Cd5,-0.12145973908583799,0.2409891713727532,0.105,0.6748327283687005
Rcsd1,-0.12142760908236688,0.24111457693945795,0.316,0.6748327283687005
Vsig10,-0.12139395811250987,0.2412459673980685,0.284,0.6748327283687005
Tm2d1,-0.12139231902798686,0.24125236848193538,0.737,0.6748327283687005
Dpysl2,-0.12137902959280829,0.24130427178966307,0.853,0.6748327283687005
Chd4,-0.12133510366230942,0.24147588422625196,0.874,0.6748327283687005
Tlcd1,-0.12130116066565574,0.2416085526175325,0.242,0.6748327283687005
Zfp628,-0.12129984976687185,0.24161367736195716,0.232,0.6748327283687005
Csnk1d,-0.1212927486810276,0.24164143920392545,0.726,0.6748327283687005
Phkg2,-0.12126402056229928,0.24175377491941108,0.484,0.6748327283687005
Tubgcp2,-0.12125136307208502,0.24180328104296936,0.505,0.6748327283687005
Zmym4,-0.12122536234554607,0.24190499740258853,0.768,0.6748327283687005
Rgp1,-0.12118008303292743,0.24208220340935196,0.242,0.6748327283687005
Abcb9,-0.1211306332844535,0.24227583352936222,0.137,0.6748327283687005
Mageh1,-0.12112332101876325,0.242304475222665,0.579,0.6748327283687005
Junos,-0.12111524666830316,0.24233610467687283,0.147,0.6748327283687005
Shroom3,-0.12111207653194185,0.24234852375496266,0.389,0.6748327283687005
Cdc123,-0.1210629269326182,0.24254112472129602,0.779,0.6749688550165882
Sf3b3,-0.1210565672560327,0.24256605391826253,0.853,0.6749688550165882
Sec22a,-0.12104026115880948,0.24262998003308292,0.6,0.674990308215298
Arid1a,-0.12099418570411634,0.24281067636105497,0.789,0.6753365279284659
Otub1,-0.12097309065227045,0.24289343689535148,0.789,0.675365251272767
Tubgcp5,-0.1209238425770076,0.24308672387172486,0.432,0.6755175614212776
Vegfc,-0.12092025550297901,0.24310080643802287,0.442,0.6755175614212776
Cntfr,-0.12088822652459498,0.2432265746572039,0.147,0.6756004123804792
Reps1,-0.12086967947695212,0.2432994239304732,0.547,0.6756004123804792
Zfp9,-0.12085412797940377,0.24336051887888022,0.432,0.6756138150702231
Nipal1,-0.12077649520521666,0.2436656622918669,0.105,0.6761418993023948
Ralb,-0.12076276056168851,0.24371967520452772,0.684,0.6761418993023948
Chst1,-0.12064326149632344,0.24418996688070851,0.2,0.6770770764355027
Ippk,-0.12063748257563751,0.24421272585326767,0.274,0.6770770764355027
Arhgap15,-0.12063412835270503,0.24422593637396206,0.4,0.6770770764355027
Meis2,-0.12059816536686928,0.24436760668763705,0.916,0.677313447252645
Fam89b,-0.12054302130889478,0.2445849479304048,0.747,0.6775258291641969
Cplx2,-0.12052146568959937,0.24466994213841575,0.137,0.6775258291641969
Peg3,-0.12048102735559918,0.2448294462543419,0.168,0.6778064072036877
Mon2,-0.12046715842386156,0.24488416710665423,0.758,0.6778064072036877
Cat,-0.1204278042670733,0.2450394876889425,0.663,0.6780525251878166
Ppil2,-0.12032657075975493,0.2454393423121402,0.705,0.6785144514347803
Pgm3,-0.12032029442459885,0.2454641475499014,0.642,0.6785144514347803
Ppcdc,-0.12031027797086337,0.24550373801127048,0.305,0.6785144514347803
B4galnt1,-0.12028500566803928,0.24560364744896246,0.347,0.6785144514347803
Golga5,-0.12022798331777089,0.24582917794511883,0.663,0.6785743017252661
Mrpl42,-0.12022530416550378,0.24583977783833658,0.768,0.6785743017252661
Hax1,-0.1201649401212637,0.24607868786310572,0.6,0.6790776385135165
Junb,-0.12010930230254566,0.2462990340934968,0.884,0.6792962859283953
Jph1,-0.12009325132459533,0.24636262714698748,0.105,0.6792962859283953
Tmem59,-0.12001232274889867,0.246683433941102,0.926,0.6792962859283953
Uty,-0.11998408866722532,0.246795423624031,0.6,0.6792962859283953
Akr1c13,-0.11998014594976236,0.24681106508847656,0.147,0.6792962859283953
Nudt12,-0.11995356481644005,0.24691653502156707,0.126,0.6792962859283953
Rad54l,-0.11993557965983656,0.24698791502775996,0.105,0.6792962859283953
Nradd,-0.11992335051593854,0.24703645852552247,0.653,0.6792962859283953
Hmgn2,-0.11991319135273266,0.24707679024859197,0.811,0.6792962859283953
Lpcat1,-0.11990299364392583,0.2471172795595311,0.379,0.6792962859283953
Map2k2,-0.11989773460245047,0.24713816201345432,0.821,0.6792962859283953
Vcam1,-0.11984684771927995,0.24734028501441244,0.758,0.6792962859283953
Smarcad1,-0.11983026176481164,0.24740618912227128,0.705,0.6792962859283953
Homer1,-0.11980840901534665,0.24749303924712382,0.432,0.6792962859283953
Dmac1,-0.11980770453323049,0.24749583944367512,0.726,0.6792962859283953
Tmem165,-0.11980583111679749,0.24750328606142202,0.789,0.6792962859283953
Arih2,-0.11978552264431558,0.24758401983845674,0.663,0.6792962859283953
Ccdc186,-0.11977424258759543,0.2476288701181466,0.684,0.6792962859283953
4933434E20Rik,-0.11971424460551602,0.2478675202371561,0.695,0.6797956408148774
Tpst1,-0.11963734204821629,0.2481736420970875,0.653,0.6803244111095273
Llgl2,-0.11961402783556054,0.2482664991082851,0.126,0.6803496272525499
Tmem267,-0.11947439592087457,0.2488231325382514,0.221,0.6813271043071345
Prdm4,-0.11928015072459129,0.24959890515566382,0.305,0.6827462002965923
Gcfc2,-0.11915901793277021,0.250083523752118,0.242,0.6835312701324109
Bbs7,-0.11910846285021257,0.2502859716694986,0.305,0.6835841335335079
Snrnp27,-0.11910557688681382,0.25029753191110665,0.811,0.6835841335335079
Zfp810,-0.11907424862659845,0.2504230464541785,0.347,0.6835841335335079
Stk24,-0.11906138307551184,0.2504746039305079,0.737,0.6835841335335079
Cbr4,-0.11903120330674218,0.2505955751032546,0.305,0.6835841335335079
Txnl1,-0.11902068574148565,0.2506377426467992,0.863,0.6835841335335079
Tagap1,-0.11900771179827566,0.25068976513526753,0.126,0.6835841335335079
Ift52,-0.11896408646644883,0.25086474693478356,0.6,0.6835841335335079
Sparcl1,-0.11896327106049082,0.250868018337384,0.105,0.6835841335335079
Pam16,-0.11893082132215031,0.2509982302234077,0.726,0.6835841335335079
Phf13,-0.1189172572676517,0.25105267279736626,0.368,0.6835841335335079
Synj2,-0.1188985821041124,0.25112764329277115,0.558,0.6835841335335079
Trim14,-0.11887010530659657,0.25124199153247606,0.158,0.6835854503354725
Wdr83os,-0.11885118699487787,0.2513179775421142,0.832,0.6836372805501054
Fbxo3,-0.11881859836787495,0.25144890779935936,0.611,0.68368365850247
Kdm3a,-0.1187557034232348,0.25170173109007604,0.621,0.6838268332735234
Prmt1,-0.11873337195904253,0.2517915404113378,0.811,0.6838268332735234
Rgl3,-0.11870470163501966,0.25190687463249833,0.158,0.6838268332735234
Ikzf1,-0.1187041662549182,0.2519090286900428,0.295,0.6838268332735234
Pcsk7,-0.11860605558091444,0.25230398220631245,0.421,0.6838268332735234
Rpl13,-0.11856103023516237,0.2524853779416456,0.989,0.6838268332735234
Itgae,-0.11854691160993915,0.2525422767241263,0.126,0.6838268332735234
Arl3,-0.1185320893800119,0.25260202052798236,0.747,0.6838268332735234
Msi1,-0.118529956244884,0.2526106193304546,0.137,0.6838268332735234
Dcaf8,-0.11852145405179546,0.252644894201816,0.832,0.6838268332735234
Tcf12,-0.11851892886662486,0.25265507458898,0.853,0.6838268332735234
Fntb,-0.11851383303560015,0.2526756194962548,0.453,0.6838268332735234
Utrn,-0.118497715996553,0.25274060624494843,0.874,0.6838268332735234
1110038B12Rik,-0.11849344254564734,0.2527578394754652,0.758,0.6838268332735234
Actr2,-0.11848550190098882,0.2527898632667249,0.842,0.6838268332735234
Mus81,-0.1184560489275736,0.25290866832262965,0.305,0.6838268332735234
a,-0.11844990104397357,0.2529334719921377,0.126,0.6838268332735234
Atad5,-0.11841253727644951,0.2530842521688623,0.284,0.6838268332735234
Tceanc,-0.11839594811474279,0.25315121689101255,0.158,0.6838268332735234
Nop9,-0.11838137284248393,0.2532100622550932,0.358,0.6838268332735234
Ifitm10,-0.11835804282395217,0.2533042730333112,0.242,0.6838268332735234
Gak,-0.11834133477998171,0.2533717578526806,0.705,0.6838268332735234
Slc12a8,-0.11832149955644956,0.25345188953267467,0.179,0.6838644578918707
Il1b,-0.11827053030991808,0.2536578781626497,0.211,0.6840427306334981
Vat1l,-0.11821371717307555,0.25388761956630357,0.263,0.6842468270175127
Kifbp,-0.11820187473668844,0.25393552604231173,0.568,0.6842468270175127
Kcnd1,-0.11818668681446791,0.25399697514686786,0.147,0.6842506921673441
Chrna1os,-0.11809760300406266,0.25435760602587504,0.168,0.6846159550667298
Nf2,-0.11807914088278385,0.2544323885786116,0.516,0.6846637583288636
Sipa1l2,-0.11806208895931711,0.25450147235943404,0.474,0.6846962085188717
Cep131,-0.11801171383824151,0.25470563597262347,0.168,0.6848877789812495
Mrps16,-0.118002300056304,0.25474380119349216,0.832,0.6848877789812495
Fpgs,-0.11796380675552116,0.2548999008971474,0.484,0.6851540429979963
Yes1,-0.11788651291964862,0.25521354380722966,0.547,0.6855763080968811
Mapk11,-0.11788288008950983,0.25522829159599053,0.168,0.6855763080968811
Tmf1,-0.11785805466302633,0.25532908816672467,0.789,0.685577230401964
Banp,-0.11784718738184548,0.25537322023097925,0.505,0.685577230401964
Exoc5,-0.11784061103253639,0.255399929340217,0.747,0.685577230401964
Gm56901,-0.11779121426119576,0.25560060987821187,0.189,0.6857160276101664
Rpsa,-0.11779115341545353,0.255600857138081,0.989,0.6857160276101664
Fam171a2,-0.11775989700070885,0.2557278959776055,0.211,0.6857160276101664
Gas2,-0.11775838654963453,0.25573403616101864,0.232,0.6857160276101664
Thumpd3,-0.11775761213967276,0.25573718427903097,0.495,0.6857160276101664
1700037C18Rik,-0.11770932951023214,0.25593351430930117,0.189,0.6860566691760557
Top1,-0.11767518576136524,0.2560724140532492,0.863,0.6860566691760557
Atf6,-0.11764997296544852,0.2561750149633353,0.716,0.6860566691760557
Sfrp1,-0.11763509122548906,0.25623558787337963,0.158,0.6860566691760557
Rif1,-0.11759693565043838,0.25639093661532203,0.621,0.6860566691760557
Smyd4,-0.1175899113656458,0.25641954269307377,0.274,0.6860566691760557
Sprtn,-0.11755369067675245,0.2565670843979334,0.253,0.6860566691760557
Kcnip3,-0.11752422449136089,0.2566871550123915,0.116,0.6860566691760557
Cuedc2,-0.11747630248600363,0.25688251248605243,0.811,0.6860566691760557
Mcmbp,-0.11747410498797538,0.2568914731775689,0.779,0.6860566691760557
Adi1,-0.11743645581963998,0.25704502755608394,0.368,0.6861590903925666
Sdhaf1,-0.11743637532521414,0.25704535592452443,0.484,0.6861590903925666
Gimap3,-0.1174102868042666,0.25715179635819274,0.179,0.6862906465598623
Lnx1,-0.11739211631148934,0.2572259492348914,0.147,0.6863359938807424
Nudt2,-0.11733766523272368,0.25744824878794,0.495,0.686471490827625
Gm21814,-0.11729715577551747,0.25761371593711935,0.305,0.6867601881121208
St3gal4,-0.11724327443216373,0.2578339150698729,0.695,0.6868570735299984
Eif5a2,-0.11723320221089363,0.25787509187921925,0.147,0.6868570735299984
Vkorc1l1,-0.11722109447710968,0.25792459611886154,0.705,0.6868570735299984
Rint1,-0.11720943616240073,0.25797226896961456,0.516,0.6868570735299984
Vldlr,-0.11717854888293266,0.2580986014184177,0.442,0.6868570735299984
Piwil2,-0.11717632552655811,0.258107696824132,0.105,0.6868570735299984
Fcho1,-0.11714025840343822,0.25825527236598117,0.126,0.6870399868612287
Nup93,-0.1171217390574448,0.25833107017383183,0.568,0.6870399868612287
Pfdn4,-0.11711758069817739,0.25834809200286896,0.642,0.6870399868612287
4930500G05Rik,-0.11702888408155628,0.25871134492327175,0.147,0.6873823930884129
Stard3nl,-0.11699176372178549,0.2588634729615663,0.653,0.6873823930884129
Zfp688,-0.11699140620411733,0.25886493845017744,0.368,0.6873823930884129
Mybl2,-0.11693981802941997,0.2590764610823647,0.105,0.6873823930884129
Ppp4r1l-ps,-0.11693218136885554,0.259107783042538,0.442,0.6873823930884129
Brip1os,-0.11692707456675508,0.2591287301628744,0.674,0.6873823930884129
Nedd1,-0.11691425424660443,0.2591813217363358,0.558,0.6873823930884129
Ttl,-0.11686271423925579,0.2593928227770133,0.295,0.6873823930884129
Slc25a10,-0.11673917018378674,0.2599002803494394,0.305,0.6880487446732936
Tvp23b,-0.1167311962258132,0.25993305661562593,0.758,0.6880487446732936
Sf3b2,-0.11670810765065368,0.2600279760860035,0.863,0.6880487446732936
Uhrf1bp1l,-0.1166690167756663,0.26018873643445223,0.821,0.6880535995539239
Sfn,-0.11665520557361032,0.2602455508675421,0.126,0.6880535995539239
Immt,-0.11664769275837966,0.2602764594964539,0.8,0.6880535995539239
Cdkl2,-0.11659754580851077,0.26048283411466794,0.147,0.6884475873244151
Abcf1,-0.11656336912506035,0.26062354854700304,0.8,0.6885686828334043
Psmb7,-0.11654523342583252,0.26069823901635053,0.779,0.6885686828334043
Trpc1,-0.11653049518146924,0.2607589480595011,0.179,0.6885710774907478
Pot1b,-0.11650051076037116,0.26088248808886577,0.337,0.6887315594462254
Ppif,-0.11648790352329662,0.26093444356799195,0.263,0.6887315594462254
Mpp2,-0.1164457817074077,0.26110808214706166,0.295,0.6889486382989186
Pigb,-0.11644011587029574,0.26113144439896546,0.189,0.6889486382989186
Khsrp,-0.1164082630270514,0.26126281141364704,0.747,0.6891437997899078
Gm14322,-0.11637795392022329,0.2613878535021918,0.116,0.6892265699150399
Zfp1,-0.11636203156305307,0.26145355847237445,0.516,0.6892265699150399
Cramp1,-0.11634349573483647,0.2615300623019941,0.547,0.6892430768349525
Dym,-0.11632365523748842,0.261611967821919,0.6,0.6893076360846568
Akr7a5,-0.11628748494668074,0.26176133085548486,0.6,0.6894160191649747
AI504432,-0.11625657414879863,0.26188902106511697,0.105,0.6894160191649747
Mrpl54,-0.1162403012164235,0.2619562603501203,0.811,0.6894160191649747
Rcor2,-0.11623029553800551,0.2619976093486949,0.105,0.6894160191649747
Nfat5,-0.11619953268962785,0.2621247662435335,0.895,0.6894421870463034
Vcpip1,-0.11618621823953791,0.26217981394631645,0.674,0.6894421870463034
Tsnax,-0.11602640825416335,0.26284115071545655,0.684,0.6904541051350411
Krt18,-0.11601229704996749,0.26289960107009375,0.368,0.6904541051350411
Eprs,-0.11600987120874215,0.2629096500938959,0.832,0.6904541051350411
Tbc1d10a,-0.1159444978509172,0.2631805568387687,0.484,0.6907123379154306
Gtf2a2,-0.11590320996108346,0.2633517511888044,0.811,0.6910105936459734
Gm2000,-0.11581015890577084,0.26373785125394517,0.705,0.6915380680012647
Trmo,-0.11578880272828329,0.2638265193754683,0.232,0.6915380680012647
Hps4,-0.1157457144801003,0.26400547785112044,0.379,0.6916763852404845
Topors,-0.1157449305845656,0.264008734368047,0.6,0.6916763852404845
Cfap300,-0.11563659463097173,0.26445905377899154,0.126,0.691755062905011
Fbn1,-0.11563230474891258,0.26447689622151904,0.874,0.691755062905011
Parp1,-0.11562494333929793,0.26450751563879776,0.716,0.691755062905011
Trak2,-0.11562252870708366,0.2645175597050052,0.505,0.691755062905011
Chmp5,-0.1156223005816334,0.2645185086443099,0.811,0.691755062905011
Gm56686,-0.11561298064644793,0.26455727899223874,0.137,0.691755062905011
Rcor3,-0.11556724743444485,0.2647475821423147,0.368,0.6920203733752293
Prkar1a,-0.11555805528924681,0.26478584331586524,0.905,0.6920203733752293
Mrap,-0.11554705165738416,0.2648316495093844,0.105,0.6920203733752293
Dtymk,-0.11548837717233724,0.26507599181517577,0.789,0.6922576586976403
Vma21,-0.11548693322702085,0.2650820068645243,0.726,0.6922576586976403
Prkd2,-0.11542909011024026,0.26532304027421594,0.453,0.6926403199818856
Dbt,-0.11542086395516783,0.26535733088337415,0.632,0.6926403199818856
Lamc1,-0.11537842610846269,0.2655342801439328,0.853,0.6927811385339051
Cactin,-0.11536641550820514,0.2655843741710307,0.316,0.6927811385339051
Dhx34,-0.1153194398234125,0.2657803626883905,0.158,0.6929607849203528
Cd247,-0.11530841291197405,0.2658263825554381,0.158,0.6929607849203528
Ppp1r35,-0.1152343332336353,0.26613568764553197,0.505,0.6934659725607427
Stat4,-0.11518315706886155,0.2663495059022696,0.2,0.693717805349372
Gnb5,-0.1151701749011362,0.2664037649625555,0.347,0.693717805349372
Lpar6,-0.11513676459586716,0.26654343797210656,0.337,0.6937694421626058
Mcm5,-0.11512351681587982,0.2665988345247159,0.263,0.6937694421626058
2200002D01Rik,-0.11506862454299613,0.26682845357951684,0.516,0.6939157985984965
Uqcrq,-0.11504214372698326,0.26693927292868996,0.926,0.6939997575503373
Gatad2b,-0.11498446834430064,0.2671807459299314,0.821,0.6939997575503373
Lonrf1,-0.11496892221993536,0.267245859100972,0.105,0.6939997575503373
Fam98a,-0.11489749162240386,0.2675451759822776,0.526,0.6939997575503373
Avpi1,-0.11487722915666665,0.26763012340584214,0.589,0.6939997575503373
Trmt10a,-0.1148640477802809,0.26768539418840553,0.421,0.6939997575503373
Wnt2,-0.11483079203864063,0.26782487301844493,0.379,0.6939997575503373
Olfm1,-0.1148293571125538,0.2678308923873883,0.484,0.6939997575503373
Fgf2,-0.11481742943692722,0.2678809313131053,0.684,0.6939997575503373
Arpc5,-0.11481261497880517,0.26790113069424615,0.874,0.6939997575503373
2810004N23Rik,-0.11473229682677974,0.2682382627518239,0.653,0.6944111303923921
Adcy6,-0.1147209883262013,0.26828575272251126,0.337,0.6944111303923921
Rbp1,-0.11471967551024201,0.2682912662522118,0.947,0.6944111303923921
Postn,-0.11469224859740168,0.2684064705849085,0.2,0.6945446155473288
Mink1,-0.11464273343124318,0.26861453931764384,0.4,0.6947589849716497
Glipr1,-0.11461462775786235,0.2687326912332641,0.232,0.6947589849716497
4732471J01Rik,-0.11459789843214413,0.268803035402843,0.211,0.6947589849716497
Unc45a,-0.11456535212186247,0.2689399231249107,0.547,0.6947589849716497
Rnft1,-0.11456010875977754,0.2689619807768047,0.758,0.6947589849716497
Rrp8,-0.11454752585753433,0.26901491921714693,0.505,0.6947589849716497
Gab1,-0.11451818172867374,0.26913840236756165,0.474,0.6947589849716497
Thsd7a,-0.11451115369297665,0.2691679827540329,0.221,0.6947589849716497
Cpd,-0.1144984851334207,0.2692213091561652,0.705,0.6947589849716497
Aamdc,-0.11447681457665551,0.26931254465259213,0.537,0.6947589849716497
Cep135,-0.11445322988635605,0.2694118625870702,0.274,0.6947589849716497
2600006K01Rik,-0.11444335000407281,0.2694534752935372,0.105,0.6947589849716497
Fancb,-0.11444335000407281,0.2694534752935372,0.105,0.6947589849716497
Fbxo38,-0.11439106636974249,0.26967375900940377,0.674,0.6948419430797569
Aak1,-0.11436379263595159,0.2697887181342406,0.779,0.6948419430797569
Nktr,-0.11431064897175439,0.2700128143271413,0.821,0.6950205180363181
Rnf227,-0.11429955123629246,0.270059627103174,0.116,0.6950205180363181
Kansl3,-0.11429244812916366,0.27008959250082953,0.537,0.6950205180363181
Hars2,-0.11426402280689198,0.2702095309353247,0.211,0.6951801666896171
Dennd3,-0.11421111825065625,0.27043285324414834,0.168,0.6955458341256157
Kptn,-0.11414061959378856,0.2707306377177497,0.347,0.6959243774517277
Sardh,-0.11409794722193868,0.27091099207028513,0.526,0.6962389301772075
C1qbp,-0.1140477140643676,0.27112340578262406,0.8,0.6966357229257366
Rbbp6,-0.11401143998024835,0.2712768625541368,0.842,0.6967318264572236
Mkks,-0.11385852251761254,0.2719244201806285,0.263,0.6977182376063006
Gtf2a1,-0.11385213916351813,0.2719514743064451,0.568,0.6977182376063006
Cdc42se1,-0.11383760860706481,0.2720130649133878,0.768,0.6977271673606168
Ntan1,-0.11376829867726321,0.27230697788096475,0.811,0.6983318845400991
Zfpl1,-0.1136836280162555,0.27266631901297333,0.547,0.698629925893404
Zbtb41,-0.11364299799183332,0.27283886555365294,0.379,0.698629925893404
Pcdh9,-0.11362358192593389,0.2729213471433106,0.147,0.698629925893404
Map4k1,-0.11357512010420315,0.27312729150535486,0.126,0.698629925893404
Fut10,-0.11356669206514365,0.27316311814438293,0.221,0.698629925893404
Etfdh,-0.1135497552492827,0.27323512418958135,0.316,0.698629925893404
Dcun1d1,-0.1134792431977829,0.27353503995820094,0.674,0.698629925893404
4921504A21Rik,-0.11345134738943492,0.2736537530097923,0.305,0.698629925893404
Prrc1,-0.11345042908109593,0.27365766154014715,0.842,0.698629925893404
Lmf1,-0.11345038274099972,0.2736578587751918,0.379,0.698629925893404
Cyren,-0.113435212338999,0.2737224329400513,0.358,0.698629925893404
Vstm4,-0.1134178046431097,0.27379654296781775,0.116,0.698629925893404
Gk5,-0.11339575053026839,0.273890453622892,0.389,0.698629925893404
Klhl7,-0.11338505346438575,0.2739360115854207,0.568,0.698629925893404
Ctcf,-0.11330538938005565,0.27427545489620214,0.758,0.6991654677551519
Foxk1,-0.1133017004677188,0.27429117994865404,0.463,0.6991654677551519
Cdc42bpg,-0.11328203567379734,0.2743750170263867,0.211,0.6991654677551519
Rin3,-0.11314138102196031,0.2749751731999889,0.358,0.7002390041595475
Smap2,-0.11310579376763524,0.27512715930551124,0.663,0.7003941840132997
Rbfox2,-0.11307622818896046,0.2752534709225484,0.895,0.7005019977462991
Garre1,-0.11306244621005908,0.27531236431977035,0.789,0.7005034029216959
Abraxas2,-0.11304613094411857,0.2753820939393498,0.537,0.7005323732902061
Usb1,-0.11293854245188824,0.27584221198696507,0.316,0.7009916521278747
Tamm41,-0.11293257994444182,0.2758677266081566,0.326,0.7009916521278747
Lyrm2,-0.11292201732978531,0.27591292978731874,0.632,0.7009916521278747
Snhg10,-0.11279903557647851,0.2764396014941969,0.126,0.7018404899473665
Gars,-0.11278904633066997,0.27648241021864106,0.737,0.7018404899473665
Cped1,-0.11277577326467285,0.2765392985709162,0.189,0.7018404899473665
Mylip,-0.11270451816908911,0.27684483204715654,0.411,0.7023190150835007
Rcbtb2,-0.11266982848758929,0.27699365920547714,0.568,0.7023305439152682
Srsf7,-0.11266821425117286,0.2770005859774306,0.821,0.7023305439152682
Tpd52l2,-0.11264238583258127,0.27711143285021084,0.832,0.7023305439152682
Rian,-0.1126406356313935,0.27711894519965763,0.568,0.7023305439152682
Chmp1a,-0.11260570936539521,0.2772688869730555,0.684,0.7023305439152682
Ppat,-0.11260136746294656,0.27728753097126296,0.463,0.7023305439152682
Tatdn3,-0.11259288477327335,0.2773239578090296,0.242,0.7023305439152682
Uchl5,-0.11254682610976197,0.2775218014610736,0.505,0.7023305439152682
Ttf2,-0.1125370392213318,0.2775638529355071,0.295,0.7023305439152682
Tmcc2,-0.11250800387858177,0.2776886346599753,0.126,0.7023305439152682
Spast,-0.11250626395059041,0.2776961133339682,0.558,0.7023305439152682
Rhof,-0.11248552358372833,0.27778527134618214,0.158,0.7023305439152682
Mmut,-0.11246390967016592,0.2778782049338321,0.547,0.7023664031549994
Nes,-0.1124414159379745,0.2779749435989471,0.158,0.7023664031549994
Mgst2,-0.1124414159379745,0.2779749435989471,0.158,0.7023664031549994
Eif2b4,-0.11236579381652276,0.2783003365908007,0.495,0.703040635692351
9930104L06Rik,-0.11230493594663192,0.2785623858945036,0.189,0.7035545997970772
Ntf5,-0.11227816900461535,0.27867769456784536,0.179,0.7036007832878379
Extl2,-0.11226080708978547,0.278752504626941,0.495,0.7036007832878379
Gm41764,-0.11222741459043178,0.2788964260104129,0.137,0.7037497095436331
Creld2,-0.11217676301484183,0.2791148287639419,0.558,0.7038511517322331
Ankle2,-0.11215530623320348,0.27920738200221756,0.547,0.7038511517322331
Rpn1,-0.11212499834336849,0.27933814923057404,0.863,0.7039234413394077
Asap2,-0.11211417928571368,0.2793848393452319,0.463,0.7039234413394077
Irf2bp2,-0.11210400292313015,0.27942876064498595,0.842,0.7039234413394077
Pla2g12a,-0.11207425161260898,0.2795571941344926,0.558,0.7039234413394077
Ndufa10,-0.11204161373059446,0.27969813407228766,0.779,0.7039234413394077
Phospho2,-0.1120320903243406,0.2797392678838729,0.347,0.7039234413394077
Islr,-0.11202643579720802,0.27976369301837706,0.484,0.7039234413394077
Hoxa10,-0.11198181733421203,0.2799564756794957,0.116,0.7041348463852456
Gimap1,-0.11195692575503645,0.2800640631228676,0.189,0.7041348463852456
Gm6710,-0.11193454555444422,0.2801608193711213,0.137,0.7041348463852456
Atg16l1,-0.1119048105190589,0.28028940731084073,0.505,0.7041348463852456
Otud3,-0.11188874568173926,0.28035889544880155,0.263,0.7041348463852456
Smim19,-0.11187506994004616,0.2804180586712731,0.621,0.7041348463852456
Mecr,-0.11185484984060473,0.28050554901057395,0.421,0.7041348463852456
Prr16,-0.11184325715528333,0.28055571762063514,0.116,0.7041348463852456
Mrtfa,-0.11183796760671944,0.2805786107105729,0.726,0.7041348463852456
Odad1,-0.11174672051735154,0.28097372326520054,0.158,0.7047527669198377
Coro2a,-0.11172645564583714,0.2810615233737536,0.274,0.7048257542081579
Ttll7,-0.11170211496587897,0.2811670066539906,0.179,0.704943046334196
Ltb,-0.11159632271927879,0.2816257772524059,0.242,0.7052097408695803
Septin4,-0.11155769861818962,0.2817933960231482,0.147,0.7053321056052944
Uqcc2,-0.11150091620654132,0.28203993810472217,0.842,0.7054035748441404
Pgap1,-0.11147201223714348,0.2821654907579612,0.347,0.7054035748441404
Habp4,-0.1114710500887086,0.2821696707658629,0.326,0.7054035748441404
Rasa1,-0.11147024238916965,0.2821731798098115,0.726,0.7054035748441404
Rps18,-0.11139417693169094,0.2825037760303594,1.0,0.7060685128960803
Numbl,-0.11134215763850261,0.2827300113182583,0.674,0.7060685128960803
Agfg1,-0.1113362878227819,0.2827555471109706,0.705,0.7060685128960803
2500002B13Rik,-0.11133067847448147,0.2827799512143684,0.147,0.7060685128960803
Tmem214,-0.11132791040144074,0.2827919945462855,0.674,0.7060685128960803
Adprm,-0.11129081050305031,0.2829534417878324,0.347,0.706324735040853
Kcnd3,-0.11122261387953783,0.28325037257703817,0.126,0.70679601870996
Bnip2,-0.11122041075696511,0.28325996852105667,0.842,0.70679601870996
Dnal4,-0.11112696885488388,0.2836671645276924,0.411,0.7075383167007985
Cacybp,-0.11112404485575436,0.2836799128601031,0.821,0.7075383167007985
Pola1,-0.11109543371959087,0.28380467457989417,0.474,0.7075383167007985
Cklf,-0.11108456180268936,0.2838520922418378,0.358,0.7075383167007985
Prrx1,-0.11105537182329238,0.2839794298928671,0.684,0.7077088033880563
Rnaset2b,-0.11101247306822379,0.2841666394017911,0.453,0.7078237645669951
Clasp2,-0.11097172947489403,0.28434451989126114,0.674,0.7078237645669951
Mzt1,-0.11095650346715666,0.28441101340813213,0.484,0.7078237645669951
Dhps,-0.11095598408162921,0.28441328179986214,0.6,0.7078237645669951
Hnrnpa2b1,-0.11095284010095804,0.2844270132438873,0.937,0.7078237645669951
Prkd1,-0.11092222946901216,0.2845607293012665,0.537,0.7079819056610666
B830012L14Rik,-0.11077499936595651,0.2852044573606567,0.2,0.709269095288663
Hcst,-0.11074988112276257,0.2853143774668312,0.253,0.709269095288663
Ncor2,-0.1107265211848436,0.285416628327687,0.737,0.7093764140613823
Nelfe,-0.11067100808490675,0.2856597174201242,0.495,0.7097988019740998
Ddx31,-0.11054462566209325,0.2862136530824179,0.316,0.710407615709709
Zbtb14,-0.11052996352796955,0.2862779635734046,0.337,0.710407615709709
Ppm1d,-0.11048122491972918,0.2864918080007723,0.389,0.710407615709709
Prdm15,-0.1104644246187064,0.2865655452168759,0.2,0.710407615709709
Sumo3,-0.11042214967601867,0.2867511474671629,0.821,0.710407615709709
Abitram,-0.11040388761921328,0.2868313491771131,0.305,0.710407615709709
Hipk2,-0.11039663494491735,0.2868632049733548,0.747,0.710407615709709
Washc2,-0.11033361709020792,0.28714009612051816,0.611,0.7105366986336792
Mbtps1,-0.11032331965043739,0.2871853584133626,0.768,0.7105366986336792
Plcl2,-0.11027520291532099,0.2873969178217676,0.368,0.7107672074739367
Zhx2,-0.11020688765274367,0.2876974636894207,0.537,0.7109080396768522
Gnl3l,-0.11018779207880648,0.2877815099614055,0.505,0.7109080396768522
BC055324,-0.11018621505558604,0.28778845171818174,0.105,0.7109080396768522
Dact1,-0.11017286148367386,0.2878472360602483,0.505,0.7109080396768522
Gcnt7,-0.11013138287415224,0.2880298816682924,0.168,0.7109080396768522
Nsmce1,-0.11011561599057428,0.2880993292331332,0.663,0.7109080396768522
Kras,-0.11010975620592695,0.28812514235034437,0.832,0.7109080396768522
Pitpnm2,-0.11008828990406824,0.2882197173207355,0.347,0.7109080396768522
Nme4,-0.11000309503543639,0.2885952668844027,0.442,0.7113864441554143
Atn1,-0.10993597317225201,0.28889137682570926,0.768,0.7118240840439752
BC024978,-0.10990789182541033,0.2890153181935217,0.137,0.7119469609234013
Dusp23,-0.1098761585965502,0.28915542012059925,0.463,0.7119469609234013
Adsl,-0.1098747040461028,0.289161843026747,0.421,0.7119469609234013
Amacr,-0.10987094932967502,0.28917842328836746,0.379,0.7119469609234013
Mapk8,-0.1098485167972441,0.289277495096157,0.526,0.7120448715907252
Snx4,-0.10982152189599025,0.2893967461225367,0.811,0.7120503700259128
Med12,-0.10982116232030424,0.28939833478191507,0.4,0.7120503700259128
Rabgap1,-0.10969630891703533,0.28995030522610743,0.758,0.7131162054178353
Ubxn7,-0.1096151129173252,0.29030964244180657,0.621,0.7131940075422784
Ttc14,-0.10960795126752526,0.29034135084644724,0.821,0.7131940075422784
Gm5547,-0.1095818070073441,0.2904571247507072,0.105,0.7131940075422784
Arhgap21,-0.1095453427401298,0.29061864948252664,0.6,0.7133434617338571
Ubap2,-0.10951160911264449,0.29076813130502,0.737,0.7134405640163176
Sptlc2,-0.10950549884410896,0.2907952128171782,0.811,0.7134405640163176
Clcn7,-0.10947786364396979,0.29091771649604925,0.389,0.7135953058157433
Lrp5,-0.1094300845356003,0.291129596354951,0.389,0.7137011902438046
Psmd10,-0.10939823890375981,0.2912708747577619,0.653,0.713878218660226
Zfp54,-0.10937755609968179,0.2913626552233227,0.189,0.7139574288298849
Syde2,-0.10930665520171762,0.2916774249026333,0.126,0.7140483614422684
Thap1,-0.10930454304385039,0.2916868054281111,0.263,0.7140483614422684
Lrp3,-0.10929316171298144,0.29173735568157655,0.179,0.7140483614422684
Cdca4,-0.10927472189890164,0.29181926852619083,0.411,0.7140483614422684
Sin3b,-0.10927374860606269,0.2918235924837782,0.811,0.7140483614422684
Med1,-0.10926206102746981,0.2918755191104067,0.674,0.7140483614422684
Zfp949,-0.1092327415666121,0.2920058091297292,0.337,0.7142215828520387
Cnot11,-0.10920404411316717,0.29213337228983466,0.432,0.7142425984695673
Fam20a,-0.10918222979685645,0.2922303638249339,0.526,0.714334278999589
S100a6,-0.10914435702221478,0.2923988055471893,0.958,0.7146005410553841
Plekha3,-0.10903895866882232,0.2928679094548366,0.6,0.7151111021097909
Enkd1,-0.10903629600993277,0.2928797667723276,0.168,0.7151111021097909
Txnrd2,-0.10902785707827699,0.2929173490063326,0.295,0.7151111021097909
Lyplal1,-0.10898715425395533,0.29309866111404737,0.432,0.7151111021097909
Txndc5,-0.10898651410237992,0.29310151328265643,0.884,0.7151111021097909
Pigl,-0.10893430930107793,0.2933341712805199,0.253,0.715285011081479
Raet1d,-0.10881661667166162,0.29385913206258324,0.263,0.7161288002182742
Zdhhc17,-0.10878479308334928,0.29400118563413763,0.642,0.7161685472140344
Arl1,-0.10875952129185813,0.29411402567772166,0.874,0.7161685472140344
Zfp760,-0.1086901861091896,0.2944237580617698,0.221,0.7165654741699895
Cks2,-0.10868295536952523,0.29445607142123165,0.4,0.7165654741699895
Fxyd6,-0.10862012215326815,0.29473696442782965,0.189,0.7171036944042454
Phf14,-0.10853404174713989,0.295122069613658,0.789,0.7176044329386779
Fbxl14,-0.10849839192239516,0.29528165630598185,0.389,0.7177857875790337
Slc19a1,-0.10848956781989094,0.2953211662406237,0.305,0.7177857875790337
Coq3,-0.10845062897357056,0.29549555659225146,0.411,0.7177857875790337
Parpbp,-0.1083794166062754,0.29581466161867803,0.147,0.7182703017301248
Evi2b,-0.10835579732014995,0.29592055053877203,0.263,0.7183821371449729
Slmap,-0.10831739038425758,0.2960927880705683,0.684,0.7186050458678382
Gm17491,-0.108308632992232,0.2961320702052189,0.179,0.7186050458678382
Chd6,-0.10827390464767472,0.29628788135718787,0.768,0.718779937326425
Septin5,-0.10826588526294179,0.29632386855715864,0.116,0.718779937326425
Huwe1,-0.10821900244649972,0.29653431400708874,0.842,0.7190594010469319
Zfp935,-0.1081855658848809,0.29668446259690645,0.379,0.7191465803914376
Slc36a4,-0.10817885673033303,0.2967145964236847,0.537,0.7191465803914376
Rbpms2,-0.10812158165977995,0.29697192647335585,0.221,0.719479806530586
Kif7,-0.10801010047221096,0.2974732189978824,0.137,0.7200431586581753
Malt1,-0.10800319288503218,0.29750429833457215,0.4,0.7200431586581753
Dis3,-0.10797241955549988,0.29764278285031825,0.432,0.720233150681937
Trim33,-0.10795563790604987,0.29771832059892556,0.726,0.720270778849748
Tpbg,-0.10782083347384903,0.2983255609975332,0.463,0.7207117038185538
8030462N17Rik,-0.10781640283952285,0.2983455330466535,0.6,0.7207117038185538
Fbl,-0.10780864119888367,0.2983805224494332,0.832,0.7207117038185538
Camk2n1,-0.1077816515646362,0.29850221245109787,0.789,0.7208600291432687
Ddx39a,-0.10769288312113807,0.2989026786880553,0.611,0.7213826401056743
Ddhd2,-0.10766402264060178,0.2990329546094549,0.611,0.7213826401056743
Mdm2,-0.1076139703607071,0.2992589784791482,0.705,0.7213826401056743
Sppl2b,-0.10759043047468667,0.29936531761677593,0.316,0.7213826401056743
Nipsnap3b,-0.10757413478255969,0.2994389463407978,0.537,0.7213826401056743
5730455P16Rik,-0.10755080337431712,0.2995443851849788,0.484,0.7213826401056743
Senp8,-0.10754405217718194,0.2995748996076063,0.179,0.7213826401056743
Nsd1,-0.10753417926385671,0.2996195274029643,0.853,0.7213826401056743
Mta1,-0.107520886692902,0.29967961971255935,0.684,0.7213826401056743
Chmp7,-0.1075163408630785,0.29970017205970617,0.463,0.7213826401056743
Nasp,-0.10749343817622088,0.2998037324513413,0.705,0.7213826401056743
Napg,-0.10747588299816244,0.29988312859896576,0.558,0.7213826401056743
Gnpda2,-0.10747171664358127,0.29990197364019733,0.516,0.7213826401056743
Pak3,-0.10746867184587706,0.29991574620423866,0.211,0.7213826401056743
Dgcr2,-0.10746768174663464,0.2999202248194825,0.653,0.7213826401056743
Arhgef10,-0.10744239897569102,0.30003460377798746,0.421,0.7215132160148799
Ptdss1,-0.10742027084027578,0.30013473467868135,0.526,0.721551491063467
Ms4a4b,-0.10741232207655445,0.300170708575166,0.189,0.721551491063467
Gm29521,-0.10730444165169334,0.3006592250345938,0.232,0.7222860822871615
Pcyox1l,-0.10729241088032081,0.30071373643048555,0.453,0.7222860822871615
Nln,-0.10724259430683906,0.30093952415259934,0.526,0.7222860822871615
Arhgap39,-0.10723701547221601,0.3009648164760506,0.337,0.7222860822871615
Stim2,-0.10721750516171458,0.30105327978958873,0.768,0.7222860822871615
Phf3,-0.10721208516479701,0.30107785807006276,0.789,0.7222860822871615
Trappc11,-0.10709287877540034,0.3016187606045024,0.442,0.7232472304236712
2900093K20Rik,-0.10705115954301787,0.30180821311121836,0.126,0.7233156117417963
Zkscan8,-0.10702036706207538,0.3019480957769013,0.232,0.7235064430239979
Vars,-0.1069827089640116,0.30211922494229493,0.663,0.7236235720858794
Kcnab2,-0.10695577194265575,0.30224167341168395,0.137,0.7236235720858794
Rcor1,-0.10695335501054946,0.3022526617241821,0.747,0.7236235720858794
Ugcg,-0.10693295512738606,0.30234541793714376,0.484,0.7236235720858794
Cks1b,-0.10693006088855343,0.30235857925833737,0.716,0.7236235720858794
Notch1,-0.10689782429544688,0.302505197951204,0.2,0.7238301936628351
Hspa9,-0.10688194130562921,0.3025774541793717,0.874,0.723858834893747
Rnmt,-0.10686218000194525,0.30266736972275005,0.516,0.7239297028408486
Dyrk1a,-0.1068411463542954,0.30276309373956384,0.705,0.7240144326888952
Mrpl57,-0.1068061558348802,0.30292237927900767,0.779,0.7242510967747999
Etv1,-0.10667312213263422,0.30352848204747024,0.474,0.7253374335039683
Arhgap32,-0.10663825719024013,0.30368745806507247,0.653,0.7253374335039683
Flywch2,-0.10663441694239988,0.30370497202773666,0.189,0.7253374335039683
Rpusd4,-0.10660524241871482,0.30383804789429536,0.253,0.7253374335039683
Odf2l,-0.10659585602620729,0.303880870827176,0.453,0.7253374335039683
Surf4,-0.10655967011396304,0.30404599639053953,0.874,0.7253374335039683
Mrpl16,-0.10654312307777325,0.30412152427525696,0.579,0.7253374335039683
Zfp626,-0.10653141667414273,0.30417496480639505,0.221,0.7253374335039683
Swi5,-0.1065210094131744,0.30422247981394057,0.884,0.7253374335039683
Fbxo25,-0.1064885029608775,0.3043709212996396,0.411,0.7254212155293308
Arl5b,-0.1064558165032763,0.3045202324807367,0.579,0.7255939350772757
Copg2,-0.10639951327471717,0.30477753681871256,0.558,0.725701554686112
Dcaf4,-0.10639497575247096,0.30479827936054493,0.305,0.725701554686112
Serac1,-0.10638174863212013,0.30485875024042147,0.137,0.7257016284965783
Gid8,-0.10636530101646907,0.3049339552941202,0.611,0.7257367693194254
Zfp871,-0.10632201029566465,0.30513195560940404,0.611,0.7258515447526376
Srrm2,-0.10629687262324662,0.30524696718231925,0.884,0.7259061863652421
Lrrc41,-0.10627655254830036,0.30533995763477706,0.737,0.7259555092827248
AU020206,-0.1061765733756881,0.30579776003742654,0.463,0.7263358368753137
1700123M08Rik,-0.1061590089549247,0.3058782333427858,0.168,0.7263358368753137
Azin1,-0.10610045326624111,0.3061466123768733,0.632,0.7263358368753137
Chpf,-0.10607289046171409,0.3062729944635614,0.526,0.7263358368753137
Senp7,-0.10605643268854938,0.3063484735283112,0.674,0.7263358368753137
Ptprs,-0.10604221718324074,0.3064136788067921,0.863,0.7263358368753137
Elac1,-0.1060367300301065,0.3064388503179421,0.253,0.7263358368753137
Rbbp5,-0.10603469558390552,0.30644818338438595,0.379,0.7263358368753137
A930004D18Rik,-0.10603254860037928,0.3064580329192293,0.126,0.7263358368753137
Endog,-0.10601133072116888,0.3065553834874983,0.4,0.7263358368753137
Ppia,-0.106005039193729,0.30658425376097914,0.989,0.7263358368753137
Zfp692,-0.10595641166091133,0.30680745334096754,0.211,0.7263358368753137
Mindy4,-0.10595297965589728,0.3068232101873082,0.295,0.7263358368753137
Ripor2,-0.1059521101953265,0.3068272020940449,0.274,0.7263358368753137
Gm56494,-0.1059290801070993,0.30693295119866715,0.105,0.7263358368753137
Vps41,-0.10592528700219728,0.3069503705804196,0.789,0.7263358368753137
Cluap1,-0.10591015041267039,0.3070198899760586,0.579,0.7263358368753137
Cox17,-0.10588804531051862,0.30712143281552157,0.863,0.7263358368753137
Trp53rka,-0.1058684711408665,0.3072113677296093,0.411,0.7264054533929537
Gin1,-0.10579206854563364,0.3075625690327855,0.284,0.7269495603103653
Vps37a,-0.10567522315657765,0.30810017997952016,0.642,0.7276472976030879
Slc25a44,-0.10561349117199409,0.30838445842194445,0.274,0.7281009997784671
Klhl15,-0.10560717249512587,0.3084135658260418,0.337,0.7281009997784671
Coq8b,-0.10555214263496228,0.3086671401003317,0.6,0.7284131979529643
Arf1,-0.10551579168878353,0.3088347174260595,0.874,0.7285704356760712
Htra2,-0.10545023330745328,0.3091370901550387,0.537,0.7289491440478298
Cgrrf1,-0.10540071306310621,0.30936561829037634,0.389,0.7290631797058644
Dynlt3,-0.1053904877102517,0.30941282036055473,0.8,0.7290631797058644
Mier1,-0.10536978397025533,0.30950840688729114,0.789,0.7290631797058644
Tm9sf3,-0.10532505110082112,0.30971499836590205,0.937,0.7290631797058644
Ccsap,-0.10525713153392792,0.31002884511238205,0.137,0.7290631797058644
Bcr,-0.10521750692798088,0.3102120402255557,0.705,0.7290631797058644
Noc4l,-0.10520134829655087,0.31028676606274713,0.411,0.7290631797058644
Dcun1d4,-0.10518427590092276,0.31036573031641124,0.263,0.7290631797058644
Pi4ka,-0.1051771839578149,0.3103985362272275,0.663,0.7290631797058644
A930005H10Rik,-0.10516441307657134,0.31045761744880307,0.232,0.7290631797058644
Fhip1a,-0.10515118221177373,0.31051883436801614,0.211,0.7290631797058644
Pcgf3,-0.1051440411695422,0.31055187798981443,0.695,0.7290631797058644
Gna11,-0.10513137226071355,0.31061050623164244,0.779,0.7290631797058644
Mlh3,-0.10512995154388205,0.31061708136830096,0.347,0.7290631797058644
Hells,-0.10510143545529926,0.31074907412371783,0.253,0.7290631797058644
Hook2,-0.10508767060064023,0.3108128006968436,0.379,0.7290631797058644
Ybey,-0.10506188595092607,0.31093219764137875,0.105,0.7290631797058644
Rbm19,-0.10503066945041886,0.31107678683968826,0.263,0.7290631797058644
Ccnk,-0.10502180616291666,0.31111784794041114,0.505,0.7290631797058644
Smarcc1,-0.10501056097604783,0.31116994876812576,0.853,0.7290631797058644
Zfp280b,-0.10499140079943958,0.31125873410541544,0.253,0.7290838120178937
Fat1,-0.1049758364940864,0.31133086882188693,0.716,0.7291105406562115
Ndrg1,-0.10490236140185562,0.31167154475825337,0.505,0.7296237547109277
Zcchc10,-0.10485601411831688,0.31188656372216056,0.411,0.7297476102205389
Fam168a,-0.10482299966020493,0.3120397863562331,0.768,0.7298885822903745
Tbc1d10c,-0.10481248123345888,0.3120886134320632,0.189,0.7298885822903745
Socs6,-0.10479391591293295,0.3121748066877378,0.589,0.7298948910772792
Bckdk,-0.10478571431144697,0.31221288919571133,0.621,0.7298948910772792
Rhobtb3,-0.10477243684440454,0.31227454686137746,0.474,0.7298969211922444
Hmgn5,-0.10474675707616055,0.31239382050707576,0.495,0.730033593388178
Slco5a1,-0.10470376398422823,0.31259357464562004,0.2,0.7303582507822456
Smug1,-0.10465764299754096,0.3128079535832998,0.242,0.7307169452674477
Kctd12,-0.10464295772255063,0.31287623346540155,0.253,0.7307342803382759
Tma7,-0.10453966274879556,0.3133567811334774,0.895,0.7316084073559588
Gm56796,-0.1045363137350635,0.31337236937050855,0.105,0.7316084073559588
Slc37a2,-0.10451003512427036,0.31349470257418466,0.105,0.7316095031697251
Psmd14,-0.10449126642092589,0.31358209429186384,0.811,0.7316712409954157
Uba52,-0.10438784251795197,0.3140639444018787,0.874,0.7326531533773766
Gemin7,-0.10437138643714215,0.3141406571446216,0.779,0.7326774252493138
Zc3h8,-0.1043523634595116,0.3142293510084031,0.105,0.7326774252493138
Bivm,-0.10425537438979383,0.31468181047610827,0.232,0.7331165383589286
Polr2l,-0.10425362313091383,0.314689984067787,0.716,0.7331165383589286
Clock,-0.10414193291618797,0.31521155564593994,0.642,0.7340467704889063
Ppp4r3b,-0.10410501602418208,0.3153840731433302,0.811,0.734174192991094
Mrps2,-0.10405941107375385,0.31559727531447734,0.295,0.734174192991094
Tsr3,-0.10405639550939409,0.3156113762951769,0.558,0.734174192991094
Gm13832,-0.10405504728704522,0.3156176808047619,0.189,0.734174192991094
Pus10,-0.10402832467562127,0.3157426569227503,0.368,0.734174192991094
Ddah2,-0.10400796292892045,0.31583790605183953,0.695,0.734174192991094
Mapkap1,-0.10395974348038582,0.31606354325319885,0.737,0.7341939455030045
Eml4,-0.10395843489965537,0.3160696680523886,0.758,0.7341939455030045
Pigx,-0.10390745343903948,0.31630834593965446,0.768,0.7344641867525491
Carmn,-0.10384981086615372,0.3165783490279341,0.126,0.7346649085385397
Pou5f2,-0.1038293981045374,0.31667399993168643,0.158,0.7347448728849776
Cep76,-0.10375585597193962,0.3170187611262031,0.221,0.7352063967531322
Ankrd34a,-0.10372167680047654,0.3171790734722432,0.105,0.7352063967531322
Dohh,-0.10369172237688143,0.3173196132569381,0.621,0.735390194243593
Poldip3,-0.10366476878665823,0.31744610809707424,0.705,0.7354690889694933
Ubap1,-0.10361341504767083,0.31768720431649156,0.6,0.7354690889694933
Adamts10,-0.1036061809895093,0.31772117635419017,0.6,0.7354690889694933
Zmpste24,-0.10351464874025663,0.318151225501661,0.726,0.7359532430081838
Prex1,-0.10350364061893912,0.3182029706008145,0.263,0.7359532430081838
Sdhd,-0.10346334222134326,0.31839244470314276,0.863,0.7360296656816779
Lck,-0.10342139083429223,0.3185897680086321,0.2,0.7361966446503989
Fkbp1b,-0.10341741051787051,0.31860849398831637,0.179,0.7361966446503989
Wbp11,-0.10340888232724789,0.3186486184932225,0.8,0.7361966446503989
Gm20275,-0.10335003416843523,0.31892558344462985,0.263,0.7366947826894326
Socs7,-0.10332389764294062,0.3190486429699603,0.4,0.7368372871975983
Kat6b,-0.10328128465988852,0.31924934473680416,0.726,0.7371590158182322
Mtf1,-0.1031923708334312,0.31966837930572617,0.558,0.7377211630616984
Magi2,-0.10316455351755163,0.31979954987446674,0.821,0.7377211630616984
Tmem237,-0.10316445712319164,0.319800004475401,0.495,0.7377211630616984
Gm17173,-0.103113330190499,0.3200411804100916,0.137,0.737993941460336
Thbs1,-0.10308597337636709,0.3201702759966733,0.463,0.7380261901974312
Gnl2,-0.10306555594064981,0.3202666467905187,0.621,0.7380261901974312
Chpf2,-0.1030295693638549,0.32043654972437247,0.621,0.7380261901974312
Pkn1,-0.1029412893296109,0.3208535904911645,0.547,0.7383196311604598
Mertk,-0.10294018309305399,0.320858818638734,0.274,0.7383196311604598
Hemk1,-0.10290823114290874,0.3210098493129316,0.147,0.7385256295651216
Orc1,-0.10285545256500653,0.32125942346862857,0.126,0.7389582179287018
Ephb4,-0.10279433531200974,0.3215485844646074,0.547,0.7392240434302387
Haus2,-0.10279198907737469,0.32155968841810084,0.358,0.7392240434302387
Cfap69,-0.10276604930942083,0.3216824691857396,0.442,0.739364741101297
Rlim,-0.10275255221922178,0.32174636690390557,0.716,0.7393700722325731
Yap1,-0.10273070452362625,0.32184981520548855,0.737,0.7394662707945466
Kantr,-0.1027002010185416,0.32199428427602994,0.347,0.739623615920111
Cfl2,-0.10269023416142353,0.322041497795481,0.853,0.739623615920111
Nacc1,-0.10264667798477098,0.3222478778156923,0.589,0.7398145829699843
Zbtb26,-0.10251945669508011,0.32285117000565733,0.211,0.7402896548610635
Bad,-0.10250634393211204,0.32291339280061626,0.758,0.7402896548610635
Mvd,-0.10249411193416244,0.32297144311641546,0.232,0.7402896548610635
Sec61a2,-0.10248708597659675,0.32300478976000313,0.589,0.7402896548610635
Spata5l1,-0.10239442263192715,0.32344479572626095,0.242,0.7407615619283581
Toe1,-0.10238564037159487,0.32348651765525505,0.463,0.7407615619283581
D17H6S53E,-0.1023777129843874,0.32352418129691907,0.221,0.7407615619283581
Tmem203,-0.10236690588787113,0.32357553119303495,0.484,0.7407615619283581
Nup214,-0.10236475025048111,0.3235857743244972,0.568,0.7407615619283581
E230029C05Rik,-0.10231546878442883,0.32382000609016237,0.168,0.7410152111920297
Rpl30,-0.10220822403459039,0.3243301092083587,0.958,0.7416908072214847
2010320M18Rik,-0.10220145470553318,0.32436232437078505,0.516,0.7416908072214847
Hdx,-0.10214630158450412,0.32462487384481664,0.211,0.7420111751343683
Tmem243,-0.1021090377005466,0.3248023408794414,0.411,0.7421619088345114
Cda,-0.102106255490565,0.32481559348091593,0.116,0.7421619088345114
Stt3a,-0.1020593295894713,0.3250391694872048,0.853,0.7421779850047937
Fhip2b,-0.10205510199516311,0.3250593164756763,0.326,0.7421779850047937
Scaf11,-0.1020348068976745,0.32515604575393997,0.832,0.7421779850047937
Abhd2,-0.10202694910334534,0.325193502049656,0.705,0.7421779850047937
Plpbp,-0.10200078361696348,0.3253182468040462,0.547,0.7421805413977166
Mpzl2,-0.10198258107886543,0.32540504601915377,0.221,0.7422263618657425
Vdac3,-0.10194360416873682,0.3255909581338403,0.832,0.7422476068212478
Itpa,-0.10194277474464833,0.32559491506017424,0.621,0.7422476068212478
Rbm8a,-0.10188710429043268,0.32586057194748863,0.821,0.7424615908616035
Zdhhc20,-0.10188673783480372,0.32586232111632996,0.874,0.7424615908616035
Samd1,-0.1018714505899318,0.32593529566252144,0.505,0.7424615908616035
Sass6,-0.10179838731640446,0.32628421175250344,0.2,0.7424615908616035
Rfx7,-0.10178843510899767,0.3263317573223392,0.747,0.7424615908616035
Gm49066,-0.10176615323319449,0.3264382225775372,0.116,0.7424615908616035
Srp72,-0.10176063171632566,0.3264646084252789,0.874,0.7424615908616035
Snrpd1,-0.10175789740509414,0.32647767546977613,0.853,0.7424615908616035
Pcnp,-0.10168779689709945,0.32681279408295594,0.853,0.7424615908616035
Apbb1ip,-0.101654036436432,0.3269742658680703,0.674,0.7424615908616035
Usp42,-0.1016480838333516,0.32700274166050225,0.316,0.7424615908616035
Htra3,-0.10163109247820787,0.32708403284961707,0.589,0.7424615908616035
Fzd6,-0.10161805359219471,0.3271464231227138,0.2,0.7424615908616035
Mef2c,-0.10159200727844256,0.32727107590183924,0.474,0.7424615908616035
Triap1,-0.1015832934771293,0.3273127852941806,0.484,0.7424615908616035
Lars2,-0.10156085977142229,0.3274201818615966,0.947,0.7424615908616035
Ube2i,-0.10148965557708428,0.3277612057596556,0.926,0.7426924929075782
Cct2,-0.10147749537311537,0.3278194682505414,0.853,0.7426924929075782
Efnb2,-0.101475029681131,0.3278312827858886,0.453,0.7426924929075782
Stk19,-0.10140658627820293,0.3281593426174717,0.579,0.7432954587451391
Gm56582,-0.10134921566894103,0.32843449017552273,0.168,0.7437783710934556
Srprb,-0.10132718940528936,0.32854016650182905,0.495,0.7438773862318426
Hcfc2,-0.10130650853012345,0.32863940774258704,0.358,0.743961796524367
Tmem65,-0.10129017751220698,0.3287177888489209,0.579,0.7439989614908564
Pknox1,-0.10126639187049884,0.3288319699251555,0.474,0.7441171245554735
Ehhadh,-0.10125098409383919,0.3289059472252399,0.147,0.7441442827083956
Rb1,-0.10121085437680898,0.32909867169556717,0.442,0.7442998212561075
Hmgcr,-0.1011301154589626,0.3294866414742267,0.579,0.7445058690246503
Cop1,-0.10112737660201172,0.3294998074454062,0.811,0.7445058690246503
Znhit2,-0.10110306858940026,0.3296166732912823,0.442,0.7445405265219623
Ranbp6,-0.10109839122290462,0.3296391637370494,0.137,0.7445405265219623
2410018L13Rik,-0.10106611573810004,0.329794382428094,0.211,0.7445995430356063
Slc25a12,-0.10105427587257393,0.3298513341722653,0.558,0.7445995430356063
Mff,-0.10100774547726123,0.33007521389039063,0.779,0.7449648671394586
Scube3,-0.1009879991701691,0.33017025194854366,0.126,0.7450393187645488
Dnai4,-0.1009513742190994,0.33034657226917785,0.158,0.7451459219130301
Zdhhc13,-0.10094738136485393,0.3303657983444386,0.358,0.7451459219130301
Ccnd2,-0.10089939151938629,0.33059693098507625,0.747,0.7451459219130301
Pik3r2,-0.1008926947254541,0.3306291928176589,0.537,0.7451459219130301
Itpk1,-0.10086442649981481,0.3307653971961949,0.368,0.7451459219130301
Xpo5,-0.10086270192624365,0.3307737078395242,0.421,0.7451459219130301
Cdk7,-0.1008509375929948,0.3308304031837027,0.768,0.7451459219130301
Tmem39b,-0.10084555614075812,0.33085633984606777,0.295,0.7451459219130301
Mrps30,-0.10083181799609801,0.3309225586260166,0.579,0.7451459219130301
Gm10130,-0.10080945677886405,0.33103035923015,0.179,0.7451459219130301
Npm1,-0.10079092906329985,0.331119695932633,0.947,0.7451459219130301
Icmt,-0.10075308567030541,0.3313022163823821,0.432,0.7451459219130301
Gpbp1,-0.10075268787768964,0.33130413529457736,0.8,0.7451459219130301
Bdp1,-0.1007464827551618,0.3313340691066613,0.653,0.7451459219130301
Vps33a,-0.10073428681235219,0.33139290794004417,0.389,0.7451459219130301
Rtel1,-0.10065364761026098,0.33178211575326544,0.158,0.7458361984574317
Sox4,-0.10064417636498023,0.33182784810190724,0.905,0.7458361984574317
Egln3,-0.10058575726539697,0.332110016039033,0.632,0.7461839828831095
H4c9,-0.10057846143791128,0.33214526605589834,0.316,0.7461839828831095
Aldh9a1,-0.1005735458699443,0.33216901711586744,0.516,0.7461839828831095
Fggy,-0.10052823544589455,0.33238799902846383,0.463,0.7465362335081865
Plekhg1,-0.10051305839334186,0.3324613691011238,0.379,0.7465613725074235
Naa35,-0.10045846271267354,0.3327253848155153,0.716,0.7468405355939479
Abraxas1,-0.10044786684421814,0.3327766401174641,0.242,0.7468405355939479
Alg13,-0.10043280203882786,0.3328495216029973,0.379,0.7468405355939479
Armc7,-0.10041992585205009,0.3329118228838017,0.242,0.7468405355939479
Sh3pxd2b,-0.1003650953986614,0.3331772023101086,0.832,0.7471906365591098
Abhd6,-0.10030005621202766,0.333492166123446,0.305,0.747418036207347
Pla2g6,-0.10025983381123948,0.33368704479329403,0.263,0.747418036207347
Slit2,-0.10024135703808311,0.3337765895014404,0.368,0.747418036207347
L2hgdh,-0.10019558679867545,0.33399847326620313,0.274,0.7477754369769348
Ptpn21,-0.1000985353378532,0.33446926629259977,0.358,0.7484108237747383
Spon2,-0.10008221137579551,0.3345484945482067,0.358,0.748448625682936
Slfn10-ps,-0.09998100601251494,0.3350399597560082,0.158,0.7493031814052403
Msantd4,-0.09997270457768251,0.3350802927999821,0.611,0.7493031814052403
Vapa,-0.09996500830778701,0.3351176883606347,0.884,0.7493031814052403
Hacd2,-0.09993273301322154,0.33527454023891157,0.747,0.7493535260607267
Fto,-0.09990945154449651,0.3353877126846606,0.8,0.7493535260607267
Cbwd1,-0.09990236954242633,0.3354221434699691,0.495,0.7493535260607267
Tns3,-0.09988803497037195,0.33549184114883324,0.832,0.7493535260607267
Cyhr1,-0.0998107457700484,0.3358677954334768,0.305,0.7496443616830016
Ints2,-0.09978666782969053,0.3359849711251427,0.389,0.7496443616830016
Arl2,-0.09975280839026948,0.33614979242823184,0.632,0.7496443616830016
Ppard,-0.09974500510887639,0.33618778457224274,0.589,0.7496443616830016
Nrd1,-0.0997411024379755,0.33620678667968384,0.779,0.7496443616830016
Rpl38,-0.09966054249322279,0.33659918497030816,0.958,0.7502212739205233
Grb10,-0.09964950475622722,0.3366529710905122,0.832,0.7502212739205233
Deptor,-0.09957181491358942,0.33703170209016153,0.274,0.7504674188837837
Tbca,-0.09954634351280124,0.3371559315167656,0.916,0.7504674188837837
Tnfrsf18,-0.09954554318669717,0.3371598353461862,0.168,0.7504674188837837
Rabl3,-0.09953736946443818,0.3371997067526419,0.368,0.7504674188837837
Nolc1,-0.09952447678402972,0.3372626032913175,0.621,0.7504674188837837
1810030O07Rik,-0.09951660483908066,0.3373010099762517,0.558,0.7504674188837837
Nup54,-0.09951170407008028,0.3373249218922091,0.6,0.7504674188837837
Rpl37,-0.09947156611515433,0.3375208040255976,0.958,0.7504674188837837
Rad21,-0.09942515660228572,0.3377473823752025,0.842,0.7504674188837837
Exosc2,-0.09940716806031387,0.33783523103845536,0.232,0.7504674188837837
Cers5,-0.0993826328827985,0.337955074062922,0.737,0.7504674188837837
Capn5,-0.09936671690106147,0.33803283065575873,0.147,0.7504674188837837
Leng8,-0.09935788606231641,0.3380759780746553,0.568,0.7504674188837837
Samd8,-0.0993425005763045,0.3381511597682557,0.684,0.7504955592120973
Mtx2,-0.0992999520160325,0.3383591297275744,0.726,0.7507841513063473
Poln,-0.09929031426577145,0.33840624859414936,0.126,0.7507841513063473
Ncaph2,-0.09922923562804217,0.3387049578073017,0.726,0.7511692701130904
Rnf41,-0.0991651371742822,0.3390186146136064,0.558,0.7516214354800514
Polr2k,-0.09915841313887044,0.3390515283611958,0.832,0.7516214354800514
Axl,-0.09911939888440865,0.33924254058322667,0.895,0.7517443059127393
Stk35,-0.09911230326923991,0.33927728772725363,0.263,0.7517443059127393
Gtf3c5,-0.09905168048322564,0.33957424835671557,0.168,0.7522068938261642
Fkbp9,-0.09902337195711107,0.33971297377645926,0.821,0.7522068938261642
Elf4,-0.09901708646407115,0.3397437805704846,0.726,0.7522068938261642
Acox3,-0.09901131496273535,0.33977206971277507,0.284,0.7522068938261642
Drg1,-0.09900575982418441,0.339799299751238,0.768,0.7522068938261642
Tmsb15b2,-0.09896608385490768,0.33999382243939713,0.179,0.7524242637240786
Larp1,-0.09895387708530648,0.34005368371101874,0.853,0.7524242637240786
Eef2,-0.09893755512664597,0.34013373600829955,0.968,0.7524242637240786
Mtmr11,-0.09893461536978768,0.34014815553379685,0.295,0.7524242637240786
Ostm1,-0.09891135950141747,0.3402622392956146,0.474,0.7525379825423548
Tomm7,-0.09888830236305882,0.3403753719801643,0.895,0.7525793859082555
Rwdd1,-0.0988567425739227,0.34053026239997,0.832,0.7525793859082555
Wiz,-0.09884548651734906,0.3405855160789092,0.589,0.7525793859082555
Gm19951,-0.09883022602142276,0.34066043575363913,0.653,0.7525793859082555
Pcmtd2,-0.09882657683677849,0.3406783525504776,0.547,0.7525793859082555
Tmem159,-0.09879829188194639,0.3408172463932351,0.537,0.7525793859082555
Zfyve16,-0.09879718603325824,0.34082267741021344,0.547,0.7525793859082555
Gm56936,-0.09879262756450245,0.34084506542592596,0.463,0.7525793859082555
Exog,-0.09870812381994111,0.3412602566031079,0.168,0.7527714337122198
Rad9b,-0.09869263653695741,0.3413363845969476,0.116,0.7527714337122198
Foxo4,-0.09866955526484636,0.34144986081347084,0.263,0.7527714337122198
Slc25a1,-0.0986281463301243,0.3416535022415894,0.726,0.7527714337122198
Tlk1,-0.09861530405791828,0.3417166736741565,0.758,0.7527714337122198
Atp11b,-0.09860141924724496,0.3417849816491513,0.653,0.7527714337122198
Galnt6,-0.098591615171269,0.3418332191418403,0.158,0.7527714337122198
Gm11508,-0.09859143227485112,0.3418341190597718,0.137,0.7527714337122198
Prickle3,-0.09854787937678927,0.34204845786092153,0.242,0.7530208715687724
Rtkn,-0.09851313020111156,0.3422195311579226,0.221,0.7532593786641936
Gabrb1,-0.0984933094493921,0.34231713459568425,0.211,0.7533361134696446
Farp1,-0.09845643209148514,0.3424987765713262,0.768,0.753486653338395
Tnfaip8l2,-0.09842898403102239,0.342634013237506,0.168,0.753486653338395
Samd4,-0.09841551374322549,0.34270039366373695,0.653,0.753486653338395
Actb,-0.09840425531914894,0.3427558804187102,0.989,0.753486653338395
Ttc13,-0.09840300075582577,0.34276206384061914,0.516,0.753486653338395
Dnajb11,-0.09836649569456005,0.3429420186711619,0.726,0.7536062990821085
Ikzf4,-0.0983001502822907,0.34326922611731125,0.168,0.754143070754213
Cpsf6,-0.09829149984857075,0.3433119034515306,0.779,0.754143070754213
Stk38l,-0.09823760366327473,0.3435778780008487,0.358,0.7544864815357485
Zap70,-0.09822319804015008,0.34364899083667444,0.126,0.7544864815357485
Slc66a2,-0.09822162684903171,0.34365674752386177,0.589,0.7544864815357485
Txnl4a,-0.09819058719470587,0.343810007249566,0.663,0.7545038326546968
Pank4,-0.0981545218719804,0.343988135359269,0.263,0.7546620758740623
Ddx51,-0.09811840284218133,0.3441665868093322,0.189,0.7549156389878794
Sh3tc2,-0.09804196243015725,0.34454444371058923,0.432,0.7553304976507293
G3bp1,-0.09798980284654853,0.344802426083316,0.884,0.755424781395149
Dpp8,-0.09797254727561745,0.3448877991684881,0.695,0.755424781395149
Thada,-0.09797252768132304,0.34488789612010173,0.579,0.755424781395149
Dazap1,-0.09795310061422637,0.34498402871471856,0.811,0.755424781395149
Jaml,-0.09793512132755086,0.34507301211276176,0.168,0.755424781395149
Cox11,-0.09792577143415092,0.3451192924580422,0.432,0.755424781395149
Ndrg3,-0.09789437436272934,0.3452747309871891,0.463,0.755424781395149
Pde3a,-0.09787680692557328,0.34536172183918,0.6,0.755424781395149
Hdac9,-0.09787111954472544,0.34538988769165335,0.2,0.755424781395149
Harbi1,-0.09786799723799244,0.3454053510335111,0.284,0.755424781395149
Prkcq,-0.09782997278128347,0.345593703427837,0.137,0.7554343532342206
Tpgs1,-0.09780088428202702,0.34573783543685477,0.589,0.7554343532342206
Nbea,-0.0977853257024683,0.34581494286011916,0.632,0.7554343532342206
Txndc17,-0.09777299855541732,0.34587604314367504,0.863,0.7554343532342206
Spring1,-0.09776553159608325,0.3459130568902927,0.242,0.7554343532342206
Cnn3,-0.09768940786449172,0.3462905441914518,0.905,0.7560070446576082
Gorasp2,-0.09766082132264822,0.3464323676275274,0.8,0.7560070446576082
Arpp19,-0.09762897748420682,0.3465903939870357,0.853,0.7560070446576082
Scap,-0.09762746614078892,0.3465978952131238,0.558,0.7560070446576082
Morf4l2,-0.09761938965357969,0.34663798283378355,0.905,0.7560070446576082
Ptgr2,-0.09760614517370735,0.34670372805657323,0.611,0.7560070446576082
Psmc2,-0.09760095115239603,0.34672951316291345,0.832,0.7560070446576082
Nckap5l,-0.09757958464128136,0.3468355973196636,0.295,0.7560070446576082
Ttpal,-0.09757915115613854,0.3468377497721532,0.368,0.7560070446576082
Gale,-0.0975493938461799,0.3469855284561135,0.221,0.7561121443099409
Tmem209,-0.09753801230981392,0.3470420610720484,0.4,0.7561121443099409
Vps4a,-0.09749566576648949,0.3472524489425559,0.558,0.7561594046034187
Ptprv,-0.0974956187954082,0.3472526823505664,0.126,0.7561594046034187
Msl1,-0.09747551304534544,0.34735260056726436,0.695,0.7562161769400925
A730049H05Rik,-0.09744711351242542,0.34749376650421127,0.126,0.7562187468540742
Gbf1,-0.09741411793200447,0.3476578231560331,0.768,0.7562187468540742
Zdhhc24,-0.09736360625624106,0.34790906508965636,0.179,0.7566281732533062
Sh3bp2,-0.09734049770802675,0.3480240434258405,0.189,0.7566646289279282
Patl1,-0.09730268847934716,0.3482122173606085,0.505,0.7567392025065749
Slc1a4,-0.09723085993457391,0.3485698783028347,0.105,0.7567895626398838
Dapk3,-0.09722974414790196,0.3485754360288419,0.716,0.7567895626398838
Peds1,-0.09722133586915488,0.34861731939095664,0.621,0.7567895626398838
Pstk,-0.09720387016766512,0.34870432968764997,0.526,0.7567895626398838
Sox12,-0.09720131960660001,0.3487170371595313,0.579,0.7567895626398838
Lats2,-0.09717730120989931,0.3488367164376269,0.705,0.7567895626398838
Hexa,-0.09716321309037494,0.3489069269025634,0.758,0.7567895626398838
Kmt2b,-0.09713779999311309,0.34903359958932567,0.484,0.7568803377765999
Gon4l,-0.09712188726593009,0.3491129318960725,0.726,0.7569156687028066
Gm4673,-0.0970928962893258,0.3492574942815544,0.116,0.7570923874054204
Ppp1cb,-0.09706891082584558,0.3493771251304656,0.842,0.7572150074804153
Ninj1,-0.09704140298518028,0.349514355830456,0.621,0.7573757210713381
Palm,-0.09698109920234518,0.3498153161959138,0.632,0.7577543751694635
Uxs1,-0.09694947542616507,0.34997320681673505,0.568,0.7579038703304851
Capza2,-0.09694199250585885,0.350010573913762,0.853,0.7579038703304851
Trim9,-0.09691454870948082,0.3501476399851654,0.326,0.7580639584027915
Qki,-0.09688658228362106,0.35028735074796247,0.842,0.7582297134362331
Cd53,-0.096862420553036,0.3504080825496517,0.263,0.7582435019425593
Ap1s1,-0.09673802226098999,0.3510300891960061,0.768,0.7589289630645133
Eif2b2,-0.096727265317946,0.3510839075436586,0.589,0.7589289630645133
Zbtb43,-0.09672084170931461,0.3511160481238753,0.389,0.7589289630645133
Fam8a1,-0.09669759385186603,0.35123238430829484,0.642,0.7590437794077928
Arfip2,-0.09665360781957652,0.3514525635364746,0.558,0.7591755552966765
Pgrmc2,-0.09662345436487912,0.35160355123794984,0.695,0.7591755552966765
Tbc1d8b,-0.09662226657276111,0.35160949970890465,0.547,0.7591755552966765
Rasgrp1,-0.09657401841873521,0.35185117979837455,0.126,0.7594035518885395
Tspo,-0.09650793623489452,0.3521823603173597,0.916,0.7598658760701775
Tuba1b,-0.09644886241579508,0.3524785816761684,0.884,0.7599122875717853
Pwwp2a,-0.09644460439899533,0.35249993918259404,0.484,0.7599122875717853
Ncoa2,-0.0964388416507781,0.3525288454553812,0.695,0.7599122875717853
Exosc9,-0.09641531040436686,0.3526468948405087,0.495,0.7599122875717853
Eif1ad,-0.09638268482796106,0.35281060852486634,0.558,0.7601054494277497
Pde10a,-0.09626315067129826,0.35341082961999115,0.421,0.7606871116071197
Rps3,-0.09623239200731631,0.35356538187033726,0.937,0.7606871116071197
Cers2,-0.09622264955107077,0.3536143432976996,0.779,0.7606871116071197
Sec23b,-0.09621754503828608,0.3536399980836964,0.642,0.7606871116071197
Mmadhc,-0.09615782570812562,0.35394022761641997,0.747,0.7611965454039682
Gm47469,-0.09609296451477092,0.3542664864961538,0.232,0.7612468426042581
Ptpra,-0.09607541220222118,0.35435480866366753,0.821,0.7612468426042581
Slc35b4,-0.09606685635326588,0.3543978661341851,0.379,0.7612468426042581
Sfxn2,-0.09606094934359798,0.3544275951681157,0.337,0.7612468426042581
Erp29,-0.09605082690745781,0.3544785433711405,0.874,0.7612468426042581
Cx3cr1,-0.09603034169260852,0.3545816633893476,0.189,0.7612468426042581
Tbc1d8,-0.09599765252099081,0.354746255195994,0.2,0.7612468426042581
Xpo7,-0.09599324975053457,0.35476842701692635,0.705,0.7612468426042581
Gm12258,-0.0959893993171267,0.35478781804059534,0.189,0.7612468426042581
Cxcr6,-0.09584643917399335,0.3555082401666848,0.126,0.7622477570859615
Ccdc117,-0.09582277156545939,0.3556275963891896,0.347,0.7622542496733623
Stk36,-0.0958206619191621,0.355638236584507,0.116,0.7622542496733623
Gm41077,-0.09577979863047255,0.355844373313671,0.147,0.7625599483093429
Sema4c,-0.09568826627772638,0.3563063813741997,0.453,0.7628156301701592
Riiad1,-0.09568053072474604,0.3563454434906793,0.168,0.7628156301701592
Mtss1,-0.09566427947852549,0.35642751583626087,0.663,0.7628156301701592
Myl6,-0.09566069428891377,0.3564456234053257,0.989,0.7628156301701592
Ung,-0.0956541432869862,0.3564787117533761,0.105,0.7628156301701592
Tnfaip6,-0.09562854202314548,0.3566080390187386,0.337,0.7628349767500436
Rsf1,-0.09558734164653976,0.3568162277730691,0.726,0.762937447933565
Dbf4,-0.09558343772343741,0.35683595851085304,0.253,0.762937447933565
Slc41a3,-0.09556744184923717,0.3569168099922627,0.347,0.762937447933565
Zfp511,-0.09556433600580987,0.3569325098590116,0.474,0.762937447933565
Slc25a40,-0.09555619835830831,0.35697364724667013,0.368,0.762937447933565
Cpz,-0.09549822737245857,0.3572667868410113,0.653,0.7630206882959841
Ccnd3,-0.09544885168557189,0.35751658048776214,0.853,0.763282642588293
Pias2,-0.0954294051950951,0.3576149907714691,0.642,0.763357012300983
Ergic2,-0.09535766026600206,0.35797820593884944,0.768,0.7635893264714452
Lemd2,-0.09531995397313714,0.35816918895755745,0.589,0.7636584156688181
Zfp383,-0.09529402947855091,0.3583005335420404,0.168,0.7636584156688181
Trim46,-0.09525272526459298,0.3585098599320601,0.137,0.7636584156688181
Ofd1,-0.09520690212760236,0.35874217636591155,0.432,0.7639009973263624
Nin,-0.09518183697323297,0.35886929232861287,0.558,0.7639009973263624
Ltn1,-0.09517011495739677,0.35892874917039086,0.726,0.7639009973263624
Rapgef1,-0.09516931763457798,0.3589327936019089,0.653,0.7639009973263624
Axin2,-0.09506455398618884,0.3594644538364675,0.547,0.7641958370694708
Bccip,-0.0950631040583842,0.3594718154217016,0.716,0.7641958370694708
C030013E06Rik,-0.09499759672179452,0.3598045070026945,0.126,0.764328557706641
Tra2b,-0.09497917828200747,0.35989808283702784,0.853,0.764328557706641
Tmem234,-0.09495585797204019,0.3600165844430936,0.863,0.764328557706641
Mbd3,-0.09494905641866934,0.360051150915788,0.832,0.764328557706641
Ypel3,-0.0949139724818988,0.3602294850876604,0.768,0.764328557706641
Mbtps2,-0.09489108114439929,0.360345872803569,0.421,0.764328557706641
Bckdha,-0.09487019467737347,0.36045208730013956,0.589,0.764328557706641
Osgin1,-0.09484552039409518,0.3605775889811774,0.2,0.764328557706641
Zfp106,-0.09484202923681725,0.3605953483562957,0.811,0.764328557706641
Fbxo30,-0.09483477880661474,0.36063223272509726,0.295,0.764328557706641
Cyp2r1,-0.09480357558986335,0.36079099622261657,0.126,0.764328557706641
Armcx6,-0.09480035514705061,0.3608073844491747,0.116,0.764328557706641
Lrrc28,-0.09478266224013372,0.36089742851376216,0.295,0.7643844459630873
Ssh1,-0.09474075395200227,0.3611107666285842,0.632,0.7647014065095962
2010204K13Rik,-0.09469280531780297,0.3613549491174758,0.168,0.7649807087817293
Cited2,-0.09468983433113695,0.3613700824693903,0.505,0.7649807087817293
Ndufaf2,-0.09464760230256433,0.36158524255426416,0.579,0.7651663742243655
Dnm2,-0.09460427584489925,0.36180606052311814,0.789,0.7654458595676771
Luzp1,-0.09455409712288096,0.36206190567957597,0.811,0.7656353119927208
Zrsr2,-0.09452662682925818,0.3622020150896834,0.642,0.7656769530192733
Alkbh4,-0.09448578381133603,0.36241039247048923,0.147,0.765967537826644
Hpse,-0.0944647520555307,0.3625177233906859,0.253,0.7660595397310745
Cytip,-0.09444641294622076,0.36261132896573356,0.253,0.7661225104507413
Pik3r4,-0.09440575094963802,0.3628189270175808,0.474,0.766320421049028
Eaf1,-0.0943935651555579,0.3628811553110419,0.432,0.766320421049028
Dgkd,-0.09435639216106975,0.36307102449820783,0.453,0.7665542098030563
Trip6,-0.09433590594492658,0.3631756884605357,0.684,0.7665690285332508
Tmem115,-0.09433002643616271,0.3632057302678158,0.474,0.7665690285332508
Rnf121,-0.09430752194044752,0.3633207328732394,0.568,0.7666769841140572
Camk2g,-0.09424164731053553,0.3636574946085792,0.621,0.7672253972680578
Phactr4,-0.09422725267981757,0.36373110784667073,0.621,0.7672253972680578
Celf1,-0.0942010626432664,0.36386506556454135,0.853,0.7672253972680578
S100a8,-0.09419216742914692,0.36391057002189675,0.432,0.7672253972680578
Trpc4ap,-0.09413972544202316,0.3641789139949625,0.779,0.7672253972680578
Serinc1,-0.09412893610925784,0.3642341377565226,0.863,0.7672253972680578
Lnpk,-0.09412778834709164,0.36424001272721884,0.442,0.7672253972680578
Nudt3,-0.09412743182630937,0.36424183763731366,0.737,0.7672253972680578
Arl2bp,-0.0940138198673134,0.36482366544922196,0.6,0.7676651277051145
4833438C02Rik,-0.09398392593398192,0.36497685266785385,0.2,0.7676651277051145
Cenpl,-0.09397898577915592,0.36500217159522785,0.126,0.7676651277051145
Magee1,-0.0939719222221378,0.3650383751060653,0.284,0.7676651277051145
Kif23,-0.09394127511686803,0.3651954791405664,0.168,0.7676651277051145
Pign,-0.09391631917894462,0.36532343963579783,0.684,0.7676651277051145
Elmod3,-0.09389375907187705,0.36543913931071337,0.2,0.7677738837626834
Wnk1,-0.09379717596847319,0.36593472084098333,0.895,0.7685129859592866
Castor2,-0.09375325186700643,0.3661602380146053,0.316,0.7686164296925464
Csnk1a1,-0.09367737418489046,0.3665500136443747,0.926,0.7691780530674454
Faap20,-0.09367065740537811,0.3665845292893889,0.495,0.7691780530674454
Rpp40,-0.09365568391466296,0.36666148103244023,0.189,0.7691780530674454
Prkch,-0.09363662424515748,0.3667594467921057,0.221,0.7691780530674454
Pygo1,-0.0936328159287494,0.366779023274468,0.337,0.7691780530674454
Cfap68,-0.09361965534930758,0.36684667958604955,0.442,0.7691780530674454
Ythdf1,-0.0935875688982755,0.3670116626752957,0.663,0.7691934078796083
Rap1a,-0.09355207359734459,0.3671942264865987,0.895,0.7693325336602598
Uap1l1,-0.09354897678052346,0.36721015705705273,0.558,0.7693325336602598
Bahcc1,-0.0935372926833049,0.3672702659232622,0.263,0.7693325336602598
Letm2,-0.0934998734584243,0.3674628098014284,0.242,0.7693471477838827
Gpank1,-0.09349857986809207,0.36746946718918694,0.316,0.7693471477838827
Slc23a2,-0.0934722365199924,0.36760505778536734,0.421,0.7694493789160244
Gm4013,-0.09346419316464931,0.36764646346641394,0.147,0.7694493789160244
Stk4,-0.09342835067497034,0.3678310086034735,0.621,0.7695314893172234
Nsrp1,-0.0934138852118354,0.3679055041792043,0.768,0.7695314893172234
Lrrc8e,-0.09337266974187104,0.36811781008351885,0.126,0.7697649853139692
Casc3,-0.09331899638928462,0.3683944005140356,0.632,0.7699239953228038
Atat1,-0.09330072782913001,0.3684885713852192,0.421,0.7699239953228038
Dpcd,-0.09330036840169333,0.3684904243115008,0.568,0.7699239953228038
Trp53bp2,-0.09329570480988784,0.3685144666544643,0.495,0.7699239953228038
Klhdc2,-0.09328298218086957,0.36858006085669315,0.811,0.7699270686684612
Thap12,-0.0932193521321924,0.3689082262662736,0.611,0.7700409660343445
Serinc3,-0.0931599098035388,0.3692149554204315,0.895,0.7700409660343445
Tor1aip1,-0.09315552825452068,0.3692375708820447,0.821,0.7700409660343445
Coro2b,-0.09315317491856798,0.3692497180271065,0.179,0.7700409660343445
Pabpn1,-0.09314955502334604,0.36926840321113774,0.853,0.7700409660343445
Thoc3,-0.09314765537596997,0.36927820904702,0.621,0.7700409660343445
Dusp10,-0.09310892392116407,0.3694781726123778,0.137,0.7700409660343445
Rab22a,-0.09310299756947708,0.3695087751452353,0.758,0.7700409660343445
Hmgxb3,-0.09307555735179857,0.36965049132090055,0.537,0.7700409660343445
Zfp951,-0.09306201947017659,0.36972042052946075,0.189,0.7700409660343445
Magt1,-0.09304973300020293,0.3697838926384718,0.863,0.7700409660343445
Tspan13,-0.09299570478024193,0.3700630823740425,0.284,0.7700409660343445
Sec13,-0.09295444642492272,0.3702763708227883,0.747,0.7700409660343445
Elp3,-0.09294841613273218,0.3703075512029881,0.547,0.7700409660343445
Bltp1,-0.09292840545810306,0.3704110303941185,0.726,0.7700409660343445
Stat3,-0.09292134695338784,0.37044753554485876,0.926,0.7700409660343445
Cage1,-0.09292116776450089,0.3704484623019426,0.105,0.7700409660343445
Dedd2,-0.09291227959327823,0.3704944333122685,0.179,0.7700409660343445
Cox7a2,-0.0928581513115603,0.3707744684743759,0.905,0.7700897842885022
Btbd7,-0.09284342948941693,0.3708506548545665,0.768,0.770114806786368
Ndrg4,-0.09282177526685241,0.3709627342254146,0.2,0.7702143437393313
Snhg8,-0.09273645033495159,0.37140456598189786,0.758,0.7707318741349201
Pdcd2l,-0.09270277534909162,0.37157903101319834,0.463,0.7709606748532006
Btbd2,-0.09255835690015565,0.3723278082045208,0.4,0.7717598236020092
Spef1,-0.0925532672133971,0.37235421385744194,0.105,0.7717598236020092
Ptger2,-0.0925308015150877,0.3724707811224457,0.495,0.7717598236020092
Nek6,-0.09239974170531368,0.37315125156235796,0.768,0.7725740757224822
Uba6,-0.09239503549767217,0.37317570055290794,0.653,0.7725740757224822
Rpl35,-0.09239168497469154,0.3731931072866158,0.947,0.7725740757224822
Gabra3,-0.09236643465089996,0.37332430440569264,0.653,0.7726400995467932
Tent5a,-0.09236077818147538,0.3733536984734317,0.484,0.7726400995467932
Anks3,-0.09234327208819221,0.37344467851291274,0.453,0.7726952016034023
Tlcd3a,-0.09232575184474666,0.3735357456078554,0.179,0.7727504647680082
Ppp2r3c,-0.0922860085147836,0.37374237445909086,0.505,0.7727988558328388
Plekha5,-0.09224667150389831,0.373946959330408,0.579,0.7729105147269748
Arpc1a,-0.0922368267622135,0.37399817076145603,0.863,0.7729105147269748
0610043K17Rik,-0.0922327955917755,0.3740191417670161,0.126,0.7729105147269748
Sri,-0.0922242283178161,0.37406371292399854,0.853,0.7729105147269748
Gm14798,-0.09218429030879269,0.374271532669721,0.126,0.7729935535048098
Dusp18,-0.09217057015165053,0.3743429425118463,0.2,0.7729935535048098
Zfp788,-0.09216314615335738,0.37438158594401116,0.4,0.7729935535048098
Mrpl47,-0.09213152929361353,0.3745461853507469,0.4,0.7729935535048098
Rab15,-0.09203024117734773,0.3750737941244735,0.168,0.7738108632992762
Emx2os,-0.09202915156847617,0.37507947234128325,0.116,0.7738108632992762
Mettl5,-0.09197378227305154,0.3753680839995971,0.379,0.7739027279171472
Pon2,-0.09197186648903521,0.37537807241132004,0.853,0.7739027279171472
Capg,-0.09197013924768987,0.37538707794785964,0.768,0.7739027279171472
Man2c1os,-0.09196936035112575,0.37539113902228816,0.221,0.7739027279171472
Mir142hg,-0.09195878655498319,0.375446272184341,0.326,0.7739027279171472
Mier3,-0.0919179932979231,0.37565901969104054,0.526,0.774081846419755
Elk4,-0.09191722890370946,0.3756630069057494,0.747,0.774081846419755
Hic2,-0.091840205869937,0.3760649044114309,0.116,0.774353155872919
Gspt2,-0.09181579694434855,0.3761923218960602,0.211,0.774353155872919
Setx,-0.09180566563334358,0.37624521623741225,0.789,0.774353155872919
Tjp2,-0.0917763281053783,0.37639840936699065,0.611,0.7744837321884142
Enpep,-0.0917530470983875,0.37652000382215256,0.368,0.7744837321884142
Map4,-0.09174411305140993,0.3765666718177698,0.8,0.7744837321884142
Igkc,-0.09167209601318022,0.3769429890858663,0.474,0.7748595223341888
Oaz1,-0.09159375678627375,0.37735260124698033,0.947,0.7754360231340908
Akap17b,-0.09154084054708206,0.37762943696479845,0.211,0.7756632376675208
Uba3,-0.09153820913901205,0.3776432066083435,0.632,0.7756632376675208
Fbxl4,-0.09153158504443443,0.3776778705466487,0.347,0.7756632376675208
Dus1l,-0.0915135572320041,0.3777722199965512,0.411,0.7756632376675208
Guf1,-0.09149224414596752,0.3778837815162651,0.379,0.7756632376675208
Katna1,-0.09148674895410946,0.37791254886394576,0.484,0.7756632376675208
Psmc6,-0.09144290401596562,0.3781421248003288,0.821,0.7756632376675208
Sel1l,-0.0914349263959058,0.3781839054022067,0.8,0.7756632376675208
3110040N11Rik,-0.09143100864017104,0.3782044245997259,0.537,0.7756632376675208
Mmp9,-0.09142452533315085,0.3782383823222565,0.116,0.7756632376675208
Arhgap5,-0.09140079030518149,0.37836271542286104,0.821,0.7757494087944192
Ireb2,-0.0913845753028501,0.37844767000257584,0.684,0.7757494087944192
Psmc1,-0.09133654882369995,0.3786993608960163,0.8,0.7758135516598649
Mfap1a,-0.0912504096496069,0.3791510416792153,0.6,0.7761156765492456
Tmem129,-0.09120282283650048,0.3794007084313541,0.326,0.7761156765492456
Edem1,-0.09118903983773481,0.3794730402438622,0.737,0.7761156765492456
Zfp236,-0.09114202441885322,0.37971983526989195,0.474,0.7761818183325235
Rnf34,-0.0910909835484051,0.3799878707228097,0.495,0.7761818183325235
Yeats4,-0.09108258653652555,0.38003197765318253,0.674,0.7761818183325235
Spata48,-0.09105923031597511,0.38015467700257244,0.116,0.7761818183325235
Stn1,-0.09105655606232221,0.3801687274295745,0.4,0.7761818183325235
Eif2s1,-0.09104975261424181,0.38020447390242307,0.811,0.7761818183325235
Tyms,-0.09100815845375125,0.38042306087684163,0.558,0.7761818183325235
Gm51425,-0.09099442950834466,0.3804952263434025,0.189,0.7761818183325235
Ptpn2,-0.09092234679152529,0.3808742610254683,0.747,0.7764644677911396
Mtf2,-0.0909206780764175,0.3808830383799994,0.632,0.7764644677911396
Xkr4,-0.09091888772425027,0.3808924556750073,0.221,0.7764644677911396
Dlst,-0.09088676049575287,0.3810614695697051,0.684,0.7764939723117222
Ppp2r5d,-0.09086842275871822,0.38115796045250483,0.421,0.7764939723117222
Rcn2,-0.09085035579257211,0.3812530410018815,0.768,0.7765403330465803
Lmtk2,-0.09075231443226879,0.38176925039870124,0.295,0.7773811235221221
Cox6a1,-0.09074736403590818,0.3817953265103651,0.874,0.7773811235221221
Fkbp11,-0.09073004849165384,0.38188654424100155,0.695,0.7774017802850093
Nfya,-0.09072085832287612,0.3819349630966328,0.411,0.7774017802850093
Smurf1,-0.09067425756386614,0.3821805384952216,0.526,0.777637980971382
Cdc25a,-0.09064625348025122,0.3823281594543503,0.316,0.7777967345538168
Fgfrl1,-0.09062991656519699,0.3824142938860424,0.284,0.7777967345538168
Rnf24,-0.09062259573636866,0.38245289587788245,0.337,0.7777967345538168
Atxn7l3,-0.09060002920358422,0.38257190171416433,0.568,0.7778005549635965
Rnf141,-0.09059767229750774,0.38258433227409017,0.537,0.7778005549635965
Esyt1,-0.09056418792285442,0.38276095854411474,0.611,0.7778962134798891
Dnajc14,-0.0905188900339886,0.38299997797904617,0.663,0.7781185677824717
Rpl3,-0.09049868771945858,0.3831066067781952,0.958,0.7781362765754849
2310009B15Rik,-0.09048464869314592,0.38318071597700054,0.621,0.7781362765754849
Dolpp1,-0.09048040578580754,0.3832031151320765,0.284,0.7781362765754849
Zfp740,-0.09040727664700256,0.3835893024400113,0.653,0.7787887646934759
Rpl22,-0.09036811323322588,0.38379621667119324,0.916,0.7790771214828432
Hnrnpa3,-0.0903456127173721,0.38391512528648364,0.937,0.7791867662803936
Zfp182,-0.09026581269202238,0.3843370237855356,0.537,0.7796102608093924
Smim29,-0.09021335241470402,0.38461453044025684,0.642,0.7796102608093924
Dlg3,-0.09018469145512596,0.3847661933398395,0.537,0.7796102608093924
Commd2,-0.09017190414938207,0.38483387050380224,0.737,0.7796102608093924
Fkbp7,-0.0901672174583179,0.3848586767369042,0.768,0.7796102608093924
Gng10,-0.09016200937134297,0.38488624379975245,0.695,0.7796102608093924
Gtf2ird2,-0.09014641881808767,0.38496877366827986,0.211,0.7796102608093924
Aimp2,-0.09013860395585982,0.3850101462847796,0.495,0.7796102608093924
Rbm15,-0.09011484480572185,0.38513594588477507,0.558,0.7796102608093924
Crtc2,-0.09009297799881433,0.3852517477728321,0.411,0.7796102608093924
Ikbkg,-0.09008597508263966,0.3852888381301389,0.316,0.7796102608093924
1810024B03Rik,-0.0900856653837471,0.3852904784738801,0.263,0.7796102608093924
Rngtt,-0.09008527994219476,0.3852925200002444,0.674,0.7796102608093924
Nrp2,-0.09002261291416386,0.385624528114224,0.221,0.7798877731291035
Snrnp40,-0.08994083657350666,0.3860580353027061,0.663,0.7802859871185917
Kcnb1,-0.08982097615629484,0.3866939599506012,0.242,0.7813925239190286
Kcmf1,-0.0898046694850658,0.3867805242691522,0.8,0.7814359338549067
Tssc4,-0.0897388399458089,0.3871301000483941,0.568,0.7817096138489811
Cwc27,-0.08973012314726683,0.38717640322810787,0.547,0.7817096138489811
Wwp2,-0.08969568621147528,0.38735936292774864,0.474,0.7819322394530495
Ints1,-0.08968485578817419,0.3874169145087192,0.411,0.7819322394530495
Tut1,-0.08963720327891478,0.38767019519494716,0.347,0.7821197603807313
Hcls1,-0.0896274810086419,0.3877218828049305,0.221,0.7821197603807313
Bcl2l12,-0.08961424218649675,0.3877922725031755,0.432,0.7821197603807313
2810402E24Rik,-0.08960488808839508,0.38784201207108226,0.253,0.7821197603807313
Net1,-0.08959695071923209,0.3878842213110505,0.463,0.7821197603807313
Cyth1,-0.08957497673146336,0.3880010886659182,0.411,0.7821909119562928
4930503L19Rik,-0.0895379985906342,0.3881978023603099,0.274,0.7824561042370725
Polr2m,-0.08945525825202578,0.3886381749881961,0.853,0.78270557080337
Lmnb1,-0.08945237058006816,0.3886535495766479,0.484,0.78270557080337
Tmed9,-0.08945127337377254,0.3886593914351746,0.874,0.78270557080337
Camk2d,-0.08944126261905226,0.3887126941534518,0.905,0.78270557080337
Champ1,-0.0893944611382956,0.3889619488432984,0.411,0.7829910685329964
Phlpp1,-0.08937764325487907,0.38905154066754855,0.474,0.7829910685329964
Map2k5,-0.08936567130316816,0.3891153248885142,0.789,0.7829910685329964
Ociad2,-0.08927723347792302,0.38958669826793546,0.463,0.7833814811688112
Alad,-0.08922748488003211,0.3898520082641308,0.389,0.7833814811688112
Gm26542,-0.08921307437602129,0.38992887987513913,0.221,0.7833814811688112
Inafm1,-0.08921125906907068,0.38993856411901195,0.484,0.7833814811688112
AI467606,-0.08919589870525023,0.39002051387581693,0.168,0.7833814811688112
Phf1,-0.08918881743783845,0.390058296927684,0.295,0.7833814811688112
Dnmbp,-0.0891487291037655,0.39027223488177054,0.495,0.7833814811688112
Orc5,-0.08914373604781857,0.39029888605441987,0.4,0.7833814811688112
Ehd4,-0.08914373604781857,0.39029888605441987,0.4,0.7833814811688112
Atp8b1,-0.0891430167313879,0.39030272560164925,0.347,0.7833814811688112
Syt12,-0.08913130027239952,0.3903652685701642,0.368,0.7833814811688112
Abcc5,-0.08911123384421649,0.39047239795572963,0.495,0.7833814811688112
Spsb3,-0.08909822087158184,0.3905418801894319,0.547,0.7833814811688112
Rbck1,-0.08907328433532503,0.39067504845108547,0.705,0.7833814811688112
Smo,-0.08904278204857924,0.390837976313293,0.758,0.7833814811688112
Zfp566,-0.08903700696905177,0.390868828451965,0.179,0.7833814811688112
Rbl1,-0.08902874725906701,0.39091295673135906,0.305,0.7833814811688112
Zfp27,-0.08902474851821376,0.39093432145076845,0.2,0.7833814811688112
Mideas,-0.08902360379538606,0.39094043767498265,0.579,0.7833814811688112
Lap3,-0.08900928750898612,0.3910169340484274,0.684,0.7834003782395627
Ephb2,-0.08896250292373907,0.3912669810018,0.221,0.783482521330004
Mtrf1,-0.08895321729069011,0.3913166207610509,0.179,0.783482521330004
Rbm18,-0.08895312358588024,0.39131712171366984,0.537,0.783482521330004
Lpcat2,-0.08892823460543338,0.39145019354525945,0.295,0.7835845172157545
Arfgap2,-0.08890150098058251,0.3915931580796369,0.537,0.7835845172157545
Eif1b,-0.08881652304761406,0.3920478051553039,0.811,0.7835845172157545
Rtf2,-0.08880159634701797,0.392127698174063,0.737,0.7835845172157545
Rnf2,-0.08879522232609215,0.3921618171643443,0.632,0.7835845172157545
Zfyve26,-0.08878061326320155,0.3922400235388086,0.347,0.7835845172157545
Bmyc,-0.08874155734168668,0.39244914642832873,0.474,0.7835845172157545
Agrn,-0.08873462207384875,0.39248628790931106,0.526,0.7835845172157545
Rgs16,-0.08872914677853604,0.39251561206122376,0.463,0.7835845172157545
Cib2,-0.08872350829323399,0.39254581157884605,0.168,0.7835845172157545
Gm9776,-0.0887165900376004,0.3925828673920062,0.105,0.7835845172157545
Gm56656,-0.0887161625755232,0.3925851570484067,0.126,0.7835845172157545
Dcp2,-0.08867968517446145,0.39278057381059683,0.558,0.7835845172157545
Pole4,-0.0886762371393704,0.39279904862682946,0.705,0.7835845172157545
Twf2,-0.0886655119277929,0.3928565183824273,0.537,0.7835845172157545
Stoml2,-0.08866213684349507,0.39287460440245126,0.758,0.7835845172157545
Gm56655,-0.08865136611803633,0.39293232466769445,0.147,0.7835845172157545
Phf20,-0.08864815006785119,0.3929495604450626,0.716,0.7835845172157545
Adam9,-0.08863393195097152,0.39302576499794806,0.811,0.7835845172157545
BC065397,-0.08857523940513626,0.3933404314758139,0.211,0.7835845172157545
Cgas,-0.088573202253047,0.39335135588952397,0.168,0.7835845172157545
Proser1,-0.08857175191819845,0.393359133552486,0.526,0.7835845172157545
Ect2,-0.08856055806055306,0.3934191655675142,0.147,0.7835845172157545
Zfp52,-0.08855467120486298,0.39345073862636304,0.411,0.7835845172157545
0610009L18Rik,-0.0885517299615917,0.39346651400479926,0.168,0.7835845172157545
Tab3,-0.08854096495589253,0.39352425540035796,0.316,0.7835845172157545
Psen1,-0.08852734444088742,0.39359732042630347,0.705,0.7835845172157545
Sirt1,-0.08849279189510065,0.3937827081602284,0.284,0.7835845172157545
Grk5,-0.08845855394533807,0.39396645925504903,0.379,0.7836375960373458
Ugdh,-0.08845134085432903,0.39400517758619613,0.811,0.7836375960373458
Minpp1,-0.08841951779633292,0.3941760240089289,0.653,0.7838131897907888
Dnah7b,-0.08833346924207638,0.3946382082043677,0.2,0.7843769187071415
Cyp2s1,-0.0882933950811409,0.39485356464358345,0.2,0.7844995794520209
Pheta1,-0.08827335800067314,0.39496126907532825,0.2,0.7844995794520209
Lrrcc1,-0.0882611619181301,0.3950268346925955,0.442,0.784500033766787
Gas2l1,-0.08820986965718891,0.39530265054678215,0.453,0.7846616775185467
Tomm22,-0.0882004591589208,0.3953532664108277,0.853,0.7846616775185467
Ciapin1,-0.08813831360529804,0.3956876229083751,0.589,0.7846616775185467
Phactr2,-0.08813598695466712,0.3957001440540736,0.579,0.7846616775185467
Snx29,-0.08810375923841422,0.3958736055434716,0.432,0.7846616775185467
Fahd2a,-0.08806312278156973,0.39609239037906174,0.232,0.7846616775185467
Wdtc1,-0.08805090992239527,0.39615815789301656,0.484,0.7846616775185467
Tom1l2,-0.08804606364818499,0.396184257380194,0.695,0.7846616775185467
Gnai1,-0.08802815181365374,0.3962807299754595,0.337,0.7846616775185467
Dpm1,-0.08799171136870061,0.3964770401646145,0.8,0.7846616775185467
Agpat3,-0.08798543425667878,0.3965108617461145,0.758,0.7846616775185467
Mtmr14,-0.087977264877697,0.39655488157892593,0.389,0.7846616775185467
Zfand2a,-0.08797270735980992,0.39657944054193794,0.253,0.7846616775185467
Elfn1,-0.08796640738261759,0.39661339053125044,0.211,0.7846616775185467
Dnajb12,-0.08792960174070663,0.39681176718790223,0.621,0.7846616775185467
Rspry1,-0.0879235886519631,0.3968441823926485,0.747,0.7846616775185467
B4gat1,-0.08790617977522648,0.39693803858146515,0.589,0.7846616775185467
Dnpep,-0.08788830914443885,0.39703439791927064,0.747,0.7847229655665321
Irs1,-0.08782708142011253,0.3973646461227077,0.274,0.7849880398149641
Ube2z,-0.08775196585721032,0.39777002463456845,0.726,0.7852329551625098
Scd1,-0.08774247154137303,0.39782128035674025,0.621,0.7852329551625098
Ubtd1,-0.08773140829281231,0.3978810110109694,0.495,0.7852329551625098
Cercam,-0.08767653788118253,0.3981773358065772,0.558,0.7855283072319637
Rps6kb2,-0.08764112389306179,0.3983686566355352,0.316,0.7855283072319637
Rps9,-0.08758398656215007,0.3986774506529669,1.0,0.7855283072319637
Myo1e,-0.08757857423399454,0.3987067084860795,0.421,0.7855283072319637
Tcf4,-0.08757349904354766,0.3987341449837274,0.811,0.7855283072319637
Mon1b,-0.0875707268262319,0.3987491320726636,0.232,0.7855283072319637
Psmb1,-0.0875227636400621,0.3990084822192832,0.905,0.7855283072319637
Nsa2,-0.08751140791742511,0.39906990035702317,0.884,0.7855283072319637
Stx16,-0.08750610325768386,0.39909859285982674,0.758,0.7855283072319637
Gabre,-0.0874924270722992,0.39917257194441647,0.263,0.7855283072319637
Map7d1,-0.08748509555150646,0.3992122339476283,0.705,0.7855283072319637
Sipa1l3,-0.08740145000878087,0.3996649040674073,0.495,0.7855283072319637
R3hcc1l,-0.0873548619288065,0.39991715949553164,0.589,0.7855283072319637
Cbfa2t2,-0.08734698604237451,0.39995981350899423,0.653,0.7855283072319637
2610035D17Rik,-0.08733726247731044,0.40001247784238214,0.453,0.7855283072319637
Slc29a3,-0.08729042226636977,0.4002662291368909,0.432,0.7855283072319637
Tbc1d32,-0.087284225122554,0.40029980855741887,0.358,0.7855283072319637
B4galt6,-0.0872792108357653,0.40032697984866816,0.695,0.7855283072319637
Hpf1,-0.08727293645085914,0.40036098086384386,0.632,0.7855283072319637
Per1,-0.08726758224683744,0.4003899967508123,0.463,0.7855283072319637
Zfp783,-0.08726697712397079,0.40039327615430553,0.158,0.7855283072319637
Gmcl1,-0.08725306353890112,0.40046868383190704,0.453,0.7855283072319637
Desi1,-0.08723146215088518,0.4005857738511852,0.621,0.7855283072319637
Nudt6,-0.08722505517448101,0.4006205066671694,0.179,0.7855283072319637
Urgcp,-0.08722103925363171,0.4006422782557221,0.6,0.7855283072319637
Cfap410,-0.087215107603443,0.4006744369036458,0.4,0.7855283072319637
Ms4a6b,-0.08718081767614187,0.4008603708372206,0.211,0.7855283072319637
Cul4b,-0.08717995240627757,0.4008650633417924,0.526,0.7855283072319637
Cav2,-0.08715598963232433,0.4009950304072195,0.284,0.7855283072319637
Atp23,-0.0871506785764676,0.401023839388167,0.221,0.7855283072319637
Dok2,-0.08712362727527082,0.40117059385950293,0.158,0.7855283072319637
Zswim6,-0.0870895784214245,0.401355355441251,0.653,0.7855283072319637
Ripk2,-0.08708864016446756,0.4013604474793503,0.4,0.7855283072319637
Nars2,-0.08705203821211695,0.40155912063586185,0.295,0.7855283072319637
Rpe,-0.08703950273873531,0.40162717576415097,0.558,0.7855283072319637
Zc3h7a,-0.08703379078546541,0.401658188236383,0.716,0.7855283072319637
Ppp5c,-0.08701147382164541,0.4017793694847386,0.547,0.7855666649410936
Mrps27,-0.08698183702228034,0.4019403308401597,0.379,0.7857534276127967
Eif3j2,-0.08689836351953484,0.4023938909167044,0.168,0.7862748922168391
Lcorl,-0.08681652395981605,0.402838865796482,0.495,0.7869974392480246
Hltf,-0.08676703182765987,0.40310810321147783,0.642,0.7873840742290406
Slx4,-0.08675143105279992,0.4031929934749937,0.284,0.7873840742290406
Gusb,-0.08669166349896139,0.40351831092123713,0.621,0.7874279797222971
Slc35e4,-0.0866638475512948,0.4036697670741638,0.347,0.7875955302664096
Trmu,-0.08663114354757649,0.40384788121814685,0.337,0.7876232242518851
Pdlim4,-0.08662951798506682,0.4038567356434204,0.663,0.7876232242518851
Gm16091,-0.08661430117415016,0.4039396270281387,0.105,0.7876232242518851
Ppil3,-0.08657848374218488,0.4041347768666901,0.537,0.7876232242518851
Zfp606,-0.08657150149762148,0.40417282580919656,0.316,0.7876232242518851
Prpf8,-0.08655840535640183,0.40424419741866924,0.832,0.7876232242518851
Ror2,-0.08652655900135339,0.4044177852670323,0.695,0.7876232242518851
Ets2,-0.08649473612288781,0.4045912889629477,0.516,0.7876232242518851
Gpr176,-0.08649112608937255,0.4046109742398005,0.463,0.7876232242518851
Vps39,-0.08647481763140835,0.4046999102186929,0.411,0.7876232242518851
Hnrnpm,-0.08647477526400914,0.40470014127857545,0.884,0.7876232242518851
Grk4,-0.08645662950939138,0.40479911025721527,0.105,0.7876232242518851
Safb,-0.08638713956899681,0.4051782478204896,0.726,0.7879136445545422
Alyref2,-0.08629985136544616,0.4056547885822812,0.316,0.7885214580714668
Gnpat,-0.08625029363041392,0.40592549035175407,0.568,0.7885641189358253
Hint1,-0.0862381393508433,0.40599189750243636,0.863,0.7885641189358253
Raf1,-0.08619993650717464,0.4062006673457401,0.695,0.7885641189358253
Glmn,-0.0861972136889171,0.4062155493343751,0.474,0.7885641189358253
Dmtf1,-0.08619307802883604,0.4062381540433365,0.684,0.7885641189358253
Sugt1,-0.0861820768516716,0.4062982879218874,0.863,0.7885641189358253
Zfp771,-0.08617394810607085,0.40634272407061023,0.779,0.7885641189358253
Bcas3,-0.08615733357315133,0.4064335570299846,0.695,0.7885641189358253
Thoc1,-0.08613879527605717,0.4065349214314288,0.674,0.7885641189358253
Oxa1l,-0.0861352112891121,0.4065545198026642,0.579,0.7885641189358253
Urb1,-0.0860938945165987,0.4067804930026365,0.179,0.7885641189358253
1500011B03Rik,-0.08608854878439662,0.4068097357203645,0.653,0.7885641189358253
Ciao2b,-0.08606755909074784,0.40692456741287364,0.674,0.7885641189358253
Rsl24d1,-0.08600274624407994,0.4072792695110814,0.653,0.7887512910631306
Rarb,-0.0859991636176844,0.40729888148496995,0.337,0.7887512910631306
Ankrd28,-0.08596782843131476,0.407470439827737,0.674,0.7887512910631306
Coa4,-0.08596590151611114,0.40748099096065615,0.337,0.7887512910631306
Tnk1,-0.08590477868273569,0.40781576197567215,0.105,0.7889545904493291
Spcs3,-0.0858867460321913,0.4079145579669722,0.716,0.7889545904493291
Gla,-0.0856681528788411,0.4091132858866273,0.358,0.7910182324703277
Gins1,-0.08564662088420111,0.4092314751680709,0.137,0.7911193563585618
Serf2,-0.08559230101479189,0.4095297261303965,0.958,0.7914410786492307
Rab35,-0.08557890805096319,0.40960328164164783,0.6,0.7914558420777704
Prkab1,-0.08555582474575185,0.40973007562726527,0.589,0.7915271522204052
Ncdn,-0.08553583536870309,0.40983989356319195,0.316,0.7915271522204052
Fam171b,-0.08550266457494138,0.41002216574481387,0.168,0.7915271522204052
Ift80,-0.0854761803175306,0.41016772970540083,0.4,0.7915274719660476
Atic,-0.08543359254941635,0.41040186584961913,0.716,0.7915411420653472
Aldoc,-0.0854234235417524,0.41045778388242493,0.284,0.7915411420653472
Tpk1,-0.08537330347155951,0.4107334525981664,0.389,0.7915411420653472
Mlh1,-0.08534971287855515,0.4108632422134546,0.4,0.7915411420653472
Prrc2c,-0.0853458186277645,0.41088466972320825,0.874,0.7915411420653472
Rpl37a,-0.085330645754462,0.41096816232733924,0.979,0.7915411420653472
Coro1b,-0.08529150226582052,0.41118360511295826,0.284,0.7915411420653472
Col16a1,-0.08526982063874947,0.41130296752000073,0.726,0.7915411420653472
Yy1,-0.08526524722470957,0.4113281478132733,0.8,0.7915411420653472
Jak1,-0.0851776771364604,0.411810464619326,0.874,0.7915631365923904
Purg,-0.08517105342550686,0.4118469599853195,0.453,0.7915631365923904
Msl2,-0.08512984606606189,0.4120740469556222,0.621,0.7915631365923904
Nr2f2,-0.08512256470784613,0.41211418091436436,0.811,0.7915631365923904
Nlrp5-ps,-0.08510251899330534,0.4122246822286162,0.126,0.7915631365923904
Fam161a,-0.08510114262204012,0.4122322700620489,0.116,0.7915631365923904
Acbd5,-0.08508125232159211,0.41234193291906285,0.758,0.7915631365923904
Pdpr,-0.08505568451394419,0.4124829230406536,0.379,0.7915631365923904
Lrif1,-0.08502595926497437,0.4126468741291658,0.642,0.7915631365923904
Prpf40b,-0.08501519439653286,0.4127062576658672,0.358,0.7915631365923904
Hcfc1,-0.08501162944964363,0.41272592450863543,0.642,0.7915631365923904
Mtr,-0.08500594387105896,0.41275729143041195,0.421,0.7915631365923904
Rufy1,-0.08497673815717728,0.41291843912292026,0.484,0.7915917172063426
Stxbp4,-0.08496866303551985,0.41296300150517884,0.463,0.7915917172063426
Hspe1-rs1,-0.08493247008338996,0.41316276595079315,0.105,0.7915917172063426
Hspbap1,-0.08493130252688226,0.4131692111338966,0.242,0.7915917172063426
Zdhhc7,-0.084922885272013,0.4132156780693309,0.4,0.7915917172063426
Dsel,-0.08490399415569133,0.41331997639422924,0.516,0.7915917172063426
Ncln,-0.08488381705465586,0.41343139160899534,0.579,0.7915917172063426
Syvn1,-0.08487426951517649,0.41348411792374484,0.495,0.7915917172063426
Rab1b,-0.08485704937555825,0.4135792260972242,0.768,0.7915917172063426
Rbm41,-0.08483180691003858,0.41371866522607226,0.389,0.7915917172063426
Dnajc25,-0.08479876955954863,0.4139012045764119,0.621,0.7915917172063426
Pex14,-0.0847920849288624,0.4139381444799045,0.684,0.7915917172063426
Pnpla8,-0.08479076838380874,0.4139454200590169,0.747,0.7915917172063426
Zfp280c,-0.08478833097819173,0.41395889000904684,0.453,0.7915917172063426
Sh2b3,-0.08467645964356735,0.4145774044319238,0.305,0.7923519991855109
Clec16a,-0.08466867955475368,0.4146204389841397,0.337,0.7923519991855109
Ybx3,-0.08464704891972018,0.4147400996907443,0.926,0.7924545475790526
Mrps24,-0.08457626289559525,0.41513182847500585,0.853,0.7927360711363423
Pygl,-0.08450761932480683,0.4155119063031777,0.684,0.7930553601439991
Frg1,-0.08447674556061262,0.41568291951061254,0.768,0.7930553601439991
Matn2,-0.08447650364862856,0.41568425964938716,0.358,0.7930553601439991
Cldn12,-0.0844641206189944,0.41575286224174046,0.189,0.7930553601439991
Lias,-0.08443170647624043,0.4159324693232732,0.621,0.7930553601439991
Esd,-0.08442726246647102,0.4159570971371158,0.895,0.7930553601439991
Cnpy3,-0.08440294169284006,0.4160918930029701,0.663,0.7930553601439991
Fhod1,-0.08437395937968357,0.41625255818455775,0.484,0.7930553601439991
Asf1a,-0.08435683493339992,0.4163475054996649,0.495,0.7930553601439991
Abcb8,-0.08435178091749039,0.4163755301364013,0.274,0.7930553601439991
Zfp472,-0.08430649007219587,0.416626717807542,0.284,0.7933281517025886
Med15,-0.08427766799974774,0.41678661375482884,0.758,0.7933349510707404
Kctd20,-0.08425811993742774,0.4168950806223706,0.579,0.7934156337030913
Ndufb8,-0.08424145947187743,0.41698753792819454,0.821,0.7934658269261223
Rbm12b1,-0.08422942389961512,0.4170543367737377,0.126,0.7934671877107065
Ahctf1,-0.08416353781505606,0.41742012229223546,0.579,0.7938905576427311
Slc7a6,-0.08414171117143181,0.41754134017771694,0.579,0.7938905576427311
Chn1,-0.08410602860973383,0.41773955314732014,0.116,0.7939076141832531
Plekhm3,-0.08410105252130132,0.4177671991403642,0.358,0.7939076141832531
Uba1,-0.08406571750794053,0.4179635427751609,0.863,0.7939076141832531
Tfdp2,-0.0840637816058994,0.4179743014134246,0.789,0.7939076141832531
Phka2,-0.0840574783837705,0.4180093322350449,0.411,0.7939076141832531
Mcts1,-0.08402850060269303,0.4181704011944608,0.8,0.7939076141832531
E2f6,-0.08400746851341695,0.41828732764691423,0.284,0.7939076141832531
Mirg,-0.0840065542826708,0.41829241067924927,0.137,0.7939076141832531
Nvl,-0.08396956812031386,0.41849808007661216,0.611,0.7939076141832531
Gm15886,-0.08390760426245797,0.41884277444637175,0.105,0.7939076141832531
Nrde2,-0.08387197830912926,0.4190410299287344,0.316,0.7939076141832531
Med26,-0.0838666609173827,0.41907062543088924,0.432,0.7939076141832531
Fchsd2,-0.08385677513589229,0.41912565085976927,0.695,0.7939076141832531
Gm11944,-0.0838547002426014,0.4191372004920164,0.221,0.7939076141832531
Ddx42,-0.08384063091242887,0.4192155205049588,0.758,0.7939307184074196
Il21r,-0.08381583705705253,0.4193535615478222,0.147,0.7940669000953637
Ifi30,-0.08380067921261702,0.4194379665631913,0.737,0.7940792710847484
F3,-0.08367714512444244,0.42012622069235783,0.389,0.7948857338377744
Rnf13,-0.08360730754723064,0.4205156003225563,0.642,0.7952639491373341
Taf1a,-0.08357132112542291,0.42071632409668136,0.253,0.7953044844534252
Mboat7,-0.08356783988205638,0.42073574458633767,0.6,0.7953044844534252
Ythdc1,-0.08351399772357085,0.4210361747692948,0.779,0.7956218681861698
Grpel2,-0.0834970659251662,0.42113067694786155,0.358,0.7956752223623876
Rel,-0.08348265996546965,0.42121109119413147,0.379,0.7957019465021926
Col3a1,-0.08341265397536395,0.4216019916738458,1.0,0.7960977983433206
Bcl2,-0.08340230441086899,0.4216597994788088,0.505,0.7960977983433206
Gm2682,-0.08339653120907141,0.42169204785859016,0.158,0.7960977983433206
Rrad,-0.08338550429763295,0.4217536467544013,0.158,0.7960977983433206
Eps15,-0.08337390382076967,0.42181845532274553,0.811,0.7960977983433206
Kalrn,-0.0833379710752568,0.42201923781458806,0.632,0.7962885845783357
Srd5a1,-0.08333207616443349,0.42205218224839913,0.126,0.7962885845783357
Zbtb17,-0.0832600346799432,0.42245491473718655,0.305,0.796547764015295
Ubn1,-0.08322701121601216,0.4226395993556542,0.789,0.796656798205089
Stag2,-0.0832259668892599,0.4226454405402196,0.842,0.796656798205089
Slc35f6,-0.08318171506825012,0.42289299495412824,0.421,0.7967124917239004
Klhl26,-0.08318171506825012,0.42289299495412824,0.421,0.7967124917239004
Serpine1,-0.08317324225052193,0.4229404032854286,0.453,0.7967124917239004
Copz2,-0.08311499457506716,0.42326640193887255,0.8,0.7968293460564692
Prr3,-0.08308896687372355,0.42341211967438497,0.358,0.7968293460564692
Tbc1d20,-0.08308468424984802,0.42343609898249823,0.726,0.7968293460564692
Abcf2,-0.08307383131795111,0.42349687032262273,0.505,0.7968293460564692
Puf60,-0.08305684474412345,0.4235919972663652,0.684,0.7968293460564692
Mipep,-0.08300734706343502,0.4238692606153267,0.358,0.7971722794341709
Eif6,-0.08293143616720489,0.42429468153746563,0.842,0.7973871092847629
Nsun7,-0.08291023742672508,0.42441352767048934,0.242,0.7974856379874125
Rab33b,-0.08282567863880352,0.42488777858199167,0.442,0.7979017082344285
Cmip,-0.0828088903366857,0.4249819725858387,0.726,0.7979294049786029
Snx16,-0.08272636319419296,0.42544518147803156,0.295,0.7984752860290902
Sgk3,-0.08270970508994267,0.42553871535772037,0.4,0.7984752860290902
Dtd2,-0.08269009038685438,0.42564886543414626,0.558,0.7985571761355927
Gripap1,-0.08267735645015567,0.4257203840290432,0.632,0.7985665756970352
Ccn2,-0.08262709657438529,0.426002729813446,0.179,0.7988465995424092
Msrb3,-0.08259989402497837,0.4261555908712954,0.737,0.7990084602735233
Pprc1,-0.08255055357776507,0.4264329331740272,0.484,0.7994036266386487
Atrip,-0.08250130423964613,0.4267098665883169,0.358,0.7997979032353919
Utp18,-0.08244524743716088,0.4270252044601216,0.621,0.8001391432510424
Tmem60,-0.08237494342878658,0.42742087631323666,0.642,0.8006306492812844
Rbm45,-0.0823330574700806,0.42765671085485824,0.263,0.8008104634698819
4930430F08Rik,-0.0823223594382601,0.42771695696113543,0.221,0.8008104634698819
Med14,-0.08229424985664827,0.42787527960582483,0.547,0.8009819897454223
Brd7,-0.08207343990158619,0.42912012258804166,0.726,0.8021368856992956
Mrps6,-0.08206833055577009,0.42914895164148037,0.484,0.8021368856992956
Sart1,-0.08206477640491923,0.42916900629148125,0.611,0.8021368856992956
Ten1,-0.08206111876632037,0.4291896454409434,0.568,0.8021368856992956
Mettl7b,-0.08204182289614587,0.4292985366559102,0.105,0.8021368856992956
Ptch1,-0.08201529759069773,0.4294482510836214,0.305,0.8021368856992956
Esf1,-0.08193434413106854,0.42990535401524566,0.768,0.8024240153368278
Stambp,-0.0819157779369391,0.4300102270251184,0.516,0.8024240153368278
Steap2,-0.08187663397665966,0.43023138349367074,0.663,0.8024240153368278
Tcp1,-0.08187119488184412,0.43026211855902896,0.895,0.8024240153368278
Rcan3,-0.08183516483640543,0.4304657476656002,0.284,0.8024240153368278
Umps,-0.08183202179528018,0.43048351363421766,0.358,0.8024240153368278
Pde4b,-0.08180626030363851,0.4306291456577217,0.579,0.8024240153368278
2610307P16Rik,-0.08177481000977506,0.4308069751101491,0.558,0.8024240153368278
Agbl5,-0.0817726557636791,0.4308191574011928,0.147,0.8024240153368278
Plekhb2,-0.08175993894627971,0.4308910751827133,0.505,0.8024240153368278
Pfkfb2,-0.08173842256738874,0.431012772977315,0.284,0.8024240153368278
Tor1b,-0.08172339840919637,0.43109776204995,0.716,0.8024240153368278
Dnajc30,-0.08171858418629903,0.4311249973014555,0.537,0.8024240153368278
Cwc22,-0.08167035537548395,0.4313978938014762,0.505,0.8024240153368278
Gab2,-0.08167032841083277,0.43139804640502444,0.779,0.8024240153368278
Tmem168,-0.08166758309205312,0.4314135834030425,0.589,0.8024240153368278
Ankrd52,-0.08166528258557257,0.4314266032532581,0.6,0.8024240153368278
Sec31a,-0.08166071761001666,0.4314524396614109,0.874,0.8024240153368278
Zdhhc12,-0.08162756073638047,0.43164012421287434,0.526,0.8025908247744591
Siah1b,-0.08159914464460247,0.4318010105943728,0.158,0.8025908247744591
Dnaaf10,-0.08159193515922639,0.43184183473352766,0.337,0.8025908247744591
Mepce,-0.08158584034410488,0.4318763487022387,0.537,0.8025908247744591
Stk11ip,-0.08154252929107643,0.43212165758890053,0.105,0.8027981962973741
Eed,-0.0815278354805034,0.43220489969780773,0.6,0.802828624794489
Prorsd1,-0.08145807388801313,0.4326002316954036,0.758,0.803063506010407
Denr,-0.08141446796979439,0.43284744664741437,0.8,0.8031036608617647
Wfdc2,-0.08140730622684932,0.4328880563918831,0.253,0.8031036608617647
Trmt61a,-0.08137058377953321,0.433096320390141,0.2,0.8033659074500885
Pex11g,-0.08131649731812132,0.43340316474042784,0.326,0.803524808784058
Pip4p1,-0.08130472080610915,0.43346999186795776,0.495,0.803524808784058
B230219D22Rik,-0.08126242874222646,0.433710031211323,0.842,0.8035646972736118
Rpp21,-0.08116920313957394,0.43423942369201074,0.653,0.8040539836910565
Osbpl9,-0.0811636711951185,0.43427084902444424,0.779,0.8040539836910565
Camkmt,-0.0811142893647309,0.43455142978985184,0.411,0.8042014515238518
Adamts3,-0.08109300363562738,0.4346724041333553,0.337,0.8042837110139491
Rasal2,-0.08106415442041447,0.4348363949823085,0.579,0.8043568933219193
Spats2l,-0.08102010731612165,0.4350868446784294,0.411,0.8046641684309919
Socs4,-0.08101136886534491,0.4351365408197243,0.611,0.8046641684309919
Rwdd4a,-0.0809404701065438,0.43553986583161197,0.579,0.804843863898324
Mrps17,-0.08091315796130708,0.43569529426753806,0.768,0.804843863898324
Vamp3,-0.08090613735738524,0.43573525232760635,0.642,0.804843863898324
Ankrd10,-0.08088220801238089,0.43587146281225675,0.632,0.804843863898324
Wdr44,-0.08087880809039154,0.43589081778880956,0.568,0.804843863898324
Ergic1,-0.08084771140599567,0.4360678667052216,0.832,0.804843863898324
Homez,-0.08084187317447565,0.4361011112125013,0.147,0.804843863898324
Chac2,-0.080838793838241,0.43611864638485986,0.253,0.804843863898324
Ccl25,-0.08081836180700099,0.43623500599903775,0.389,0.804843863898324
Ythdf3,-0.08079404856978536,0.436373491862475,0.789,0.8049679700096386
Naa50,-0.08076960447178516,0.4365127482181609,0.779,0.8049933729382133
Mtg1,-0.08076809469383957,0.4365213501458072,0.242,0.8049933729382133
Bag6,-0.08069678347784479,0.43692775370930015,0.758,0.8053681358923077
Wdr41,-0.08068536086025849,0.4369928712699579,0.442,0.8053681358923077
Ggh,-0.08067148206378479,0.43707199830575816,0.705,0.8053771891010364
Paip1,-0.08064312154978803,0.43723371503856,0.705,0.8053771891010364
Phc2,-0.08062801463664561,0.43731987119517435,0.811,0.8053771891010364
Dedd,-0.08062388949713611,0.43734339892738905,0.474,0.8053771891010364
Ewsr1,-0.08060216559731728,0.43746731301049047,0.832,0.8053771891010364
St3gal5,-0.08056549133566936,0.4376765497149758,0.505,0.8054264635989887
Pitpnm1,-0.0805635536156554,0.43768760651352234,0.232,0.8054264635989887
Pan2,-0.08051688708471116,0.43795393753774214,0.263,0.8054264635989887
2310039H08Rik,-0.0805111366366191,0.43798676232221423,0.674,0.8054264635989887
Nt5c2,-0.08046191308213214,0.43826779782288805,0.642,0.805615653468986
Zfp609,-0.08033977858317944,0.4389655492343233,0.653,0.8060159731285
Pgs1,-0.08033940586896436,0.4389676795019142,0.526,0.8060159731285
Gpr19,-0.08032784233421789,0.4390337743920042,0.168,0.8060159731285
Arf4,-0.08031476565010591,0.43910852492149,0.916,0.8060159731285
Pou6f1,-0.08030700324062982,0.43915290075026114,0.305,0.8060159731285
Tll1,-0.08029702482957606,0.43920994864924057,0.147,0.8060159731285
Ssbp3,-0.08029456799317097,0.4392239953510265,0.874,0.8060159731285
Ufd1,-0.08027092991976537,0.4393591564983297,0.663,0.8061407995225313
Med17,-0.08015450793722753,0.4400251934287668,0.484,0.8066554863305377
Efnb1,-0.08014550766817603,0.44007670666429943,0.768,0.8066554863305377
Ptgr1,-0.0801201882492911,0.4402216411623131,0.284,0.8066554863305377
Cdc14b,-0.08008175657793293,0.4404416848361248,0.326,0.8066554863305377
Cd6,-0.08007092708666126,0.440503701176557,0.105,0.8066554863305377
Bloc1s6,-0.08005388887145828,0.4406012824666625,0.4,0.8066554863305377
Pgls,-0.08002921756757925,0.44074260159911416,0.863,0.8066554863305377
St3gal2,-0.08002053676224898,0.44079233200039436,0.632,0.8066554863305377
Scyl3,-0.08001630173718034,0.44081659466455525,0.295,0.8066554863305377
Tenm4,-0.07991986879656748,0.4413692674193632,0.168,0.8072899762273975
Ttc4,-0.07986841180511325,0.44166433543124417,0.463,0.807655144002886
Plxdc1,-0.0797975805134181,0.4420706824953399,0.147,0.8080255984812309
Matr3,-0.07978432326480626,0.4421467604514058,0.895,0.8080255984812309
Rab10os,-0.07978004367609963,0.4421713208434216,0.411,0.8080255984812309
H2-DMb1,-0.07976119318020054,0.4422795122425648,0.558,0.8080417077748745
Spata1,-0.07971771546462263,0.4425291070414168,0.211,0.8083747129539467
Fastkd2,-0.07969702332739681,0.44264792330816494,0.242,0.8084687580105167
Bend7,-0.07967674792476433,0.4427643640516966,0.105,0.808486874235909
Tiparp,-0.07967184717107087,0.4427925114495992,0.779,0.808486874235909
Chd1,-0.07951718622010989,0.44368132102691715,0.8,0.8091253981728728
Manea,-0.07949145128198444,0.4438293124579996,0.484,0.8092723697316935
Hoxa2,-0.07944536804576775,0.4440943881666779,0.116,0.8093869639825898
Sars2,-0.07940314824282749,0.4443373190168257,0.126,0.8095096901413478
Spryd7,-0.07937394240513719,0.4445054117432321,0.432,0.8095096901413478
Ash1l,-0.07936978979099853,0.44452931480260893,0.874,0.8095096901413478
Tinagl1,-0.07936337435381743,0.44456624442342363,0.337,0.8095096901413478
Smco4,-0.07926819857675418,0.4451143135034128,0.421,0.8102763551656266
2010315B03Rik,-0.0792496144155359,0.44522137448027144,0.389,0.8102763551656266
Tnfsf10,-0.07920373293048803,0.4454857536808423,0.105,0.8103160221463057
Trip10,-0.07918562243103665,0.44559013458210117,0.568,0.8103160221463057
Pomk,-0.07918105727951463,0.4456164482578543,0.232,0.8103160221463057
Thyn1,-0.07910442599638905,0.44605828337563735,0.6,0.810667768710005
Klhl23,-0.07904606126572926,0.4463949631128179,0.105,0.8108720608314076
Tox,-0.0789910449861326,0.44671245740860865,0.211,0.811326043882191
Tfpi,-0.07891099385995326,0.4471746513888888,0.589,0.8117971029976395
Tmem241,-0.07888379841356952,0.4473317315514105,0.442,0.8119595012453191
Cttnbp2nl,-0.07887022124654128,0.44741016445042003,0.547,0.811978933534508
Ndufb3,-0.07883788946018097,0.4475969704411056,0.863,0.8120726539870587
Tnfsf11,-0.07876647448621711,0.44800974506703517,0.253,0.8124147231439479
Mrps31,-0.07874178914526224,0.4481524744459886,0.463,0.8124147231439479
Sh3glb2,-0.07870655279750462,0.44835625322130457,0.6,0.8124147231439479
Klrk1,-0.0787021816315137,0.4483815361482977,0.116,0.8124147231439479
Fam91a1,-0.07870087388629289,0.4483891003322238,0.737,0.8124147231439479
Dse,-0.07869293449313883,0.44843502443892513,0.716,0.8124147231439479
Snhg7,-0.07868824881977127,0.4484621291744888,0.621,0.8124147231439479
Rexo5,-0.07866462306625777,0.4485988085938104,0.137,0.8125080774831542
Cmtr1,-0.07865594807387372,0.44864900089225557,0.579,0.8125080774831542
Pag1,-0.0785713740522807,0.4491384987095697,0.411,0.8131492693012369
Mvb12b,-0.07850193353550816,0.4495406295148545,0.358,0.8135093200580044
Prkaca,-0.078473975752878,0.44970259003790247,0.726,0.8135491765537578
Fam169b,-0.07843032783746773,0.44995550916398463,0.137,0.8135491765537578
Pdcd1,-0.07841537460669419,0.4500421743341586,0.105,0.8135491765537578
Taok1,-0.07840628450827904,0.4500948628093686,0.832,0.8135491765537578
Agpat4,-0.07833582396738491,0.4505033862708143,0.579,0.8141472244060306
Dctn4,-0.0782785398278566,0.45083566642006956,0.779,0.8144205890735626
Eaf2,-0.07823611557511709,0.45108183883965103,0.116,0.8145062471488659
Cst7,-0.07819051616825773,0.45134651894902067,0.126,0.814567511351404
Septin7,-0.07817365054024684,0.4514444367713796,0.895,0.8146217842371437
Nsfl1c,-0.07814981307416495,0.4515828515868311,0.684,0.8146266975665686
Ctf1,-0.07810157383896635,0.4518630301368769,0.232,0.8148481267547897
Maml2,-0.07809280748710906,0.45191395641042187,0.811,0.8148481267547897
Dnajc27,-0.0780771100438305,0.4520051553743888,0.189,0.8148481267547897
Abr,-0.07806950872594383,0.4520493211686516,0.589,0.8148481267547897
Mthfr,-0.07805513670629852,0.45213283320182374,0.389,0.8148481267547897
A930015D03Rik,-0.0780429902504468,0.45220341975642664,0.516,0.8148481267547897
Cox6b2,-0.07802355451139331,0.45231637918053413,0.305,0.8148481267547897
Trim62,-0.0779967843569675,0.4524719914942452,0.116,0.8148839360839062
Efna1,-0.07797789278588946,0.4525818242724242,0.253,0.8149158913197525
Ddx5,-0.07785151599533496,0.4533169410481013,0.895,0.815734807749448
Poglut2,-0.07780835816711332,0.4535681360963568,0.589,0.815734807749448
Mettl14,-0.07780031479499454,0.45361496013465163,0.389,0.815734807749448
Zbtb3,-0.07778264589862309,0.453717828040087,0.116,0.815734807749448
Gpr180,-0.0777657023736792,0.45381648500791794,0.653,0.815734807749448
Arv1,-0.07759857977526305,0.4547902263033353,0.137,0.8165340951015014
Zfp560,-0.07759409729304585,0.45481635946021837,0.653,0.8165340951015014
3110056K07Rik,-0.07757905151925924,0.45490408336420496,0.347,0.8165573054700894
Acaca,-0.07755006479691239,0.4550731159519674,0.579,0.8165573054700894
Daam1,-0.07754951111887817,0.45507634499751504,0.505,0.8165573054700894
Crip2,-0.07754100046733621,0.45512598064137877,0.526,0.8165573054700894
Ptpn1,-0.07751025216577408,0.45530533523130245,0.789,0.8165573054700894
Alg2,-0.07746292018002597,0.4555814988051956,0.463,0.8169305639417539
Sdhaf3,-0.07741900196610568,0.45583782728423416,0.274,0.8172681487534419
Haus1,-0.07732821862015964,0.4563679368639677,0.305,0.8179442530071531
Ppp1r2,-0.07731886735556043,0.4564225609005318,0.832,0.8179442530071531
Gucd1,-0.0773077649001064,0.4564874189556869,0.411,0.8179442530071531
Mrps18b,-0.0772631887618269,0.4567478740649862,0.632,0.8181667497983424
Lage3,-0.07724351060184612,0.4568628782448252,0.726,0.8182015787002965
Mcat,-0.07722488449353165,0.456971748710268,0.347,0.8182015787002965
Mrpl34,-0.07715263490404708,0.4573941865556108,0.779,0.8184639221066753
Abhd18,-0.07714513777502299,0.4574380340475819,0.4,0.8184639221066753
Fam20b,-0.07714153648083565,0.45745909729806766,0.453,0.8184639221066753
Rbfox1,-0.07712146843708749,0.45757648108751603,0.547,0.8184788828556526
Herc4,-0.07710514742869218,0.45767195964794305,0.705,0.8184788828556526
Osbpl10,-0.07704493362743481,0.4580243079698618,0.305,0.8189870239455147
Pter,-0.0770028619061756,0.45827058454602365,0.4,0.819251766224669
Ngdn,-0.07690658565996636,0.45883443469437357,0.674,0.8196265103697598
Myo18a,-0.07689520115700176,0.4589011342996455,0.432,0.8196265103697598
Dnal1,-0.0768542445828865,0.4591411351644821,0.347,0.8196265103697598
Mnat1,-0.07685287919085004,0.45914913739789254,0.747,0.8196265103697598
Asphd2,-0.0768323682447396,0.4592693563561042,0.126,0.8196265103697598
Acot11,-0.07677821260209959,0.45958685728527815,0.147,0.8198275732319618
Gde1,-0.07675287114500855,0.4597354693979876,0.716,0.8199708528017879
Zfp61,-0.07673280857335796,0.4598531428513426,0.147,0.8200183932662205
Srpk2,-0.07672277333366517,0.45991200899103246,0.768,0.8200183932662205
Tbc1d7,-0.07668577517716936,0.46012907389603364,0.337,0.8200341960480277
Gm10138,-0.07667755278681959,0.4601773215894249,0.168,0.8200341960480277
Tpcn1,-0.07665732582298738,0.4602960220821384,0.358,0.8200341960480277
Prkcb,-0.07665109281724557,0.4603326034272661,0.442,0.8200341960480277
Pced1a,-0.07663746656468963,0.4604125811133277,0.284,0.8200341960480277
Tshz3,-0.07663701394246085,0.460415237857444,0.621,0.8200341960480277
Xpr1,-0.0766241760483089,0.46049059560068917,0.768,0.8200341960480277
Entpd7,-0.07661034086986845,0.46057181494573773,0.463,0.8200341960480277
Dgka,-0.07660715130912306,0.46059054036377933,0.347,0.8200341960480277
Gm4924,-0.07655440287365664,0.4609002790052441,0.316,0.8203423732605938
Smox,-0.07652066658157168,0.4610984384444896,0.221,0.8205734326964558
Fcsk,-0.07650578842964981,0.4611858442647263,0.147,0.8206073550809971
Ccndbp1,-0.07645153933668171,0.4615046227112879,0.558,0.8206884787997017
Alkbh2,-0.07644286993394465,0.461555577062302,0.463,0.8206884787997017
Parn,-0.0763720300935455,0.4619720535126035,0.589,0.8206884787997017
Unc13d,-0.07635925496962805,0.4620471820531026,0.116,0.8206884787997017
Ccdc28a,-0.07635546841499033,0.46206945148794365,0.168,0.8206884787997017
Ccr2,-0.07634687432905407,0.46211999709875773,0.147,0.8206884787997017
Xrcc4,-0.07629552966765503,0.46242204094553596,0.568,0.8211034376860471
Jakmip1,-0.07620797130007144,0.4629373680267498,0.105,0.8218969359599563
Eif4e,-0.07619224213943016,0.463029975780472,0.853,0.821939816557677
Zbed6,-0.07615319107164084,0.46325993862202697,0.663,0.8221514411995013
Zbtb40,-0.07611187602070314,0.4635033016981155,0.189,0.8223265292204158
Ripk1,-0.07608782374302882,0.46364501202328157,0.6,0.8223797043428055
Iqsec2,-0.0760804041262138,0.4636887314400594,0.579,0.8223797043428055
Kpna3,-0.07600263893524604,0.4641470916414373,0.737,0.8227596185245825
Kdm5a,-0.07599858235714232,0.46417100855496596,0.779,0.8227596185245825
Gypc,-0.07597358215353348,0.4643184205158529,0.442,0.8228309972790677
Pms2,-0.0759529303768752,0.4644402116100036,0.242,0.8228309972790677
Rufy2,-0.07594489275331248,0.4644876171486476,0.389,0.8228309972790677
Jmjd4,-0.07594053497277295,0.4645133202476063,0.2,0.8228309972790677
9330151L19Rik,-0.07588651522657519,0.46483200461918606,0.126,0.822944725306307
Pigc,-0.07587527754321835,0.46489831529546766,0.316,0.822944725306307
Cntln,-0.07585970388369058,0.46499022000636303,0.621,0.8229860807217573
Gpr155,-0.07580871149770577,0.4652912104993969,0.179,0.823210357854408
Ift46,-0.07575505706759819,0.46560802911922405,0.6,0.823210357854408
Sub1,-0.07575063852851832,0.46563412495812195,0.895,0.823210357854408
Fap,-0.07574594739031942,0.4656618316390906,0.379,0.823210357854408
Dock2,-0.07570576820728106,0.46589917381390644,0.305,0.823210357854408
Lig4,-0.07566835508842124,0.46612023600782926,0.168,0.823210357854408
Mterf2,-0.0756658138979296,0.4661352531702211,0.147,0.823210357854408
Ttll12,-0.07566357659933445,0.46614847470255094,0.432,0.823210357854408
Slc9a6,-0.07565843463885026,0.4661788623915212,0.368,0.823210357854408
Srgap1,-0.07563210351019237,0.46633448967381697,0.589,0.823210357854408
Frrs1,-0.07562020789138467,0.4664048067427983,0.695,0.823210357854408
Kcp,-0.07561153173351878,0.46645609667013255,0.158,0.823210357854408
Inpp5e,-0.0755990111427463,0.46653011875470995,0.242,0.823210357854408
Ccdc167,-0.0755945126252695,0.4665567156824557,0.389,0.823210357854408
Ttyh3,-0.07556471999789735,0.466732881798239,0.453,0.8232129874568062
Ptpn14,-0.07553984115695515,0.4668800201283422,0.684,0.8232129874568062
Zfp324,-0.07553639504303039,0.46690040311577663,0.179,0.8232129874568062
Rab5a,-0.07552282828281175,0.4669806521646923,0.758,0.8232129874568062
Dock5,-0.07545122662481371,0.467404309398186,0.6,0.8236166044825388
ENSMUSG00000121477,-0.0753846245031697,0.46779857314905393,0.263,0.8240046347081406
Tuft1,-0.07528579801301659,0.4683839289970644,0.463,0.8243538870483109
Pcolce,-0.0752773293462629,0.46843410802229724,0.832,0.8243538870483109
Kdm5d,-0.07527002770166685,0.46847737449187177,0.368,0.8243538870483109
Twist1,-0.0752681332386247,0.4684886006372718,0.611,0.8243538870483109
Zfp961,-0.07523985413771109,0.46865619339691456,0.211,0.8243538870483109
Etaa1,-0.07518816923779385,0.46896258219869214,0.358,0.8244185072802813
Sema3a,-0.07512337182399936,0.4693468561265448,0.632,0.8244185072802813
Pnck,-0.07512096555303001,0.46936112954935927,0.147,0.8244185072802813
Cdkn1b,-0.07508823233310284,0.4695553186182502,0.642,0.8245368344377113
Tm2d2,-0.07507614153195953,0.4696270580645805,0.8,0.8245368344377113
Ube2g2,-0.07506182742374942,0.4697119969645994,0.579,0.8245368344377113
Dennd4a,-0.074936656970668,0.47045510530085466,0.505,0.8252549263984691
Rpl10a,-0.07490463696625257,0.47064530326359366,0.958,0.8253305325377492
AW209491,-0.07488578918445533,0.47075727810062473,0.389,0.8254063431884056
Caskin2,-0.07483849554704668,0.47103831369354676,0.2,0.8256579609515936
B3galnt2,-0.0748186791439722,0.4711560968669195,0.558,0.8257438702497595
Atp2b4,-0.07475727644390893,0.47152115886531354,0.747,0.8262533137401294
Syne2,-0.07466206314736278,0.47208754079340653,0.611,0.826775175414301
Meg3,-0.07465652540470684,0.47212049372713105,0.842,0.826775175414301
Pde6d,-0.07465415159259732,0.47213461973334925,0.484,0.826775175414301
Mlx,-0.0746339587957391,0.4722547916541109,0.442,0.826775175414301
Ift172,-0.07463041820798554,0.4722758642039494,0.326,0.826775175414301
Rpgrip1l,-0.07461683056577413,0.47235673863329264,0.358,0.826775175414301
Mgat5,-0.07461556650256283,0.47236426279188015,0.495,0.826775175414301
C1qtnf12,-0.07457350087046083,0.4726146895906733,0.474,0.8268518982828522
Gm11613,-0.07453277988374944,0.4728571798807153,0.116,0.8269230232061076
Arrb1,-0.0745071075241203,0.47301009139320926,0.337,0.8269230232061076
Fbxl5,-0.07450584076140483,0.4730176372673278,0.632,0.8269230232061076
Tgfbr1,-0.07449729174990914,0.47306856387130447,0.768,0.8269230232061076
Rfng,-0.07442754247990731,0.4734841723125237,0.232,0.8272881922230024
Dennd4b,-0.07438428696555766,0.47374201410705485,0.179,0.827377507401223
Ndel1,-0.07434413869424225,0.47398140187792226,0.726,0.8276752024939227
9130008F23Rik,-0.07428075884993797,0.4743594431357726,0.305,0.8282148951186886
Dclk1,-0.07426101307653953,0.4744772538778941,0.8,0.8282917004081637
Nr4a1,-0.07422839861690549,0.47467187868149574,0.316,0.8282917004081637
Lgr4,-0.07422770459100075,0.47467602070743287,0.284,0.8282917004081637
Tex2,-0.07421998840430177,0.47472207310700754,0.505,0.8282917004081637
Lpar1,-0.07416457768068616,0.4750528509698122,0.126,0.8285821588603334
Haus3,-0.07415266627169595,0.4751239731362089,0.411,0.8285858453807494
Cep170b,-0.07413525830916777,0.4752279251677185,0.568,0.8286467757027006
Nudcd2,-0.07411518940696739,0.4753477822934399,0.747,0.8287354177431875
Hmg20a,-0.07404759229328998,0.47575161126244925,0.653,0.8289580026742459
Lifr,-0.07402289659186397,0.4758991909189332,0.295,0.8290948324671548
Klf11,-0.073931865276718,0.4764434004084912,0.242,0.8295109576341264
Haus5,-0.07389671516038034,0.4766536269065763,0.137,0.8295109576341264
Paxbp1,-0.07389028763604275,0.4766920741734444,0.653,0.8295109576341264
Taf1,-0.07388379600456355,0.4767309066033347,0.663,0.8295109576341264
Sema6b,-0.07386517174891108,0.47684232489666,0.116,0.8295109576341264
Phf11b,-0.07386468260617737,0.4768452513475252,0.168,0.8295109576341264
Taf12,-0.07385586821465878,0.4768979878860977,0.642,0.8295109576341264
AU041133,-0.07380615292339292,0.47719549348672896,0.211,0.8298242357401626
Zmat1,-0.07376525973016645,0.47744028088575396,0.326,0.8298242357401626
Fitm2,-0.07375989764460193,0.4774723834389778,0.253,0.8298242357401626
Lancl2,-0.07375649320178818,0.4774927662804017,0.2,0.8298242357401626
Meis1,-0.07370902625042769,0.477777005863107,0.874,0.8300779206190604
Frs2,-0.07355612100899103,0.478693245143441,0.811,0.8312504323571464
Irf9,-0.0735501901316245,0.4787288031772855,0.463,0.8312504323571464
Tbrg1,-0.07352842283563188,0.47885931917572067,0.853,0.8313568313104219
Rabac1,-0.07346310688892253,0.4792510661820888,0.905,0.8317336586098536
Fktn,-0.07345746199481097,0.4792849307746616,0.368,0.8317336586098536
Pomt1,-0.07338920805116213,0.4796944984068007,0.189,0.8318548406433601
Clip2,-0.07335988548733076,0.4798705103396744,0.358,0.8320296343174687
Piga,-0.07331142451964934,0.4801614785961874,0.221,0.8322937597090259
Gskip,-0.07326232984135307,0.48045634822078354,0.611,0.8325290852838667
Atxn3,-0.07319779616713659,0.48084409427492547,0.547,0.8329471825813776
Taco1,-0.07316399794263831,0.4810472354189438,0.358,0.832987331363608
Map7,-0.07313840167288857,0.48120111004854593,0.211,0.8331336306204602
Cstf1,-0.07311796217478402,0.4813240031378402,0.389,0.8332262551436055
Jpx,-0.0730750081835638,0.48158232004705603,0.242,0.8333790599360272
Mapk1,-0.07306642827118263,0.48163392685399886,0.8,0.8333790599360272
Mogs,-0.07304598649628119,0.4817568928021254,0.537,0.8333790599360272
Golga3,-0.07304558441619999,0.48175931165286623,0.674,0.8333790599360272
Man1a2,-0.07302656786834273,0.4818737196464583,0.884,0.8334248766970184
Gm57286,-0.07301810805241768,0.48192462054696417,0.137,0.8334248766970184
Syn3,-0.07295011594358541,0.48233381895746763,0.537,0.8340124084421535
Smarca2,-0.07289778100454403,0.4826489139799085,0.8,0.8342567351057496
Dek,-0.07289202720481561,0.4826835628199919,0.832,0.8342567351057496
Asb7,-0.07281732855446965,0.48313351170746466,0.516,0.8346990337073843
Hddc2,-0.07278249826114104,0.4833433892769672,0.632,0.8346990337073843
Tbc1d5,-0.07278001228983032,0.48335837090355416,0.695,0.8346990337073843
Poc5,-0.07277697093377103,0.4833766998758343,0.242,0.8346990337073843
Crot,-0.07276716324205772,0.48343580923209095,0.726,0.8346990337073843
Mvb12a,-0.07271733214163581,0.48373619274974455,0.758,0.8349890429169144
A430105J06Rik,-0.07270630479787085,0.4838026794014303,0.116,0.8349890429169144
Zfp563,-0.07264565113955336,0.48416846285830206,0.179,0.8352929128955171
Max,-0.07264250391822477,0.4841874468020987,0.621,0.8352929128955171
BC034090,-0.07262470371996295,0.4842948245324006,0.179,0.8353581321879808
Sf3b1,-0.07257829428848718,0.4845748440177392,0.884,0.835514126372786
Hsd17b12,-0.07254877927289019,0.4847529729624649,0.747,0.8356681904322062
Gm15564,-0.07244026334670833,0.48540818794900054,0.589,0.8365575014645686
Arl6ip4,-0.07239236638570892,0.4856975379137316,0.726,0.8366443862575146
Klc3,-0.0723812511063653,0.4857646994669298,0.368,0.8366443862575146
Skp2,-0.07237574520800544,0.48579796943915066,0.263,0.8366443862575146
Sorl1,-0.07234854238719393,0.48596236315434804,0.242,0.8366443862575146
Cebpg,-0.07216911804392849,0.487047412289895,0.547,0.8380348736115427
Flvcr1,-0.07216149607752347,0.4870935337875656,0.274,0.8380348736115427
Atxn7,-0.07215993640632315,0.48710297184433715,0.653,0.8380348736115427
Bltp2,-0.07213886830467021,0.48723047101770667,0.8,0.8381341354598286
Sf3a3,-0.07209836534545727,0.4874756351538829,0.695,0.8381357812351811
Amz2,-0.07206430169935428,0.487681872879017,0.579,0.8381357812351811
Cbx4,-0.07204339169749961,0.48780849504707147,0.495,0.8381357812351811
Snhg17,-0.07203494277452831,0.48785966311757145,0.326,0.8381357812351811
Sox5,-0.07201507788810704,0.48797997936755355,0.832,0.8381821776913833
Cisd2,-0.07199060372007691,0.48812823444046805,0.737,0.8382373728442076
Rnf26,-0.07189959491136189,0.4886797403205795,0.389,0.8383618222540595
Asns,-0.0718948113460757,0.48870873746807686,0.189,0.8383618222540595
Polr2c,-0.0718890293852376,0.48874378793485085,0.779,0.8383618222540595
Asph,-0.07187495557368997,0.48882910948618896,0.779,0.8383618222540595
Mrpl44,-0.07178408961315981,0.4893801683642717,0.516,0.8387079191478461
Dennd5b,-0.07169255210842741,0.4899356323766795,0.389,0.8390389504016055
Picalm,-0.07168316763919907,0.4899925976693643,0.842,0.8390389504016055
Wipf1,-0.07166905551012698,0.49007826724435277,0.716,0.8390659852848915
Efr3a,-0.07163570077738046,0.49028078313313395,0.779,0.8391733945943748
Tbc1d12,-0.07158338852384062,0.4905984902534253,0.516,0.839597501777776
Trpv2,-0.07154529239961548,0.49082992729199326,0.126,0.8397087951243389
Cdc25b,-0.07153814962657512,0.4908733266409374,0.221,0.8397087951243389
Bub3,-0.07149496266190428,0.4911357729972722,0.779,0.8398983202076398
Klhl18,-0.07148794069127024,0.4911784523853413,0.421,0.8398983202076398
A130010J15Rik,-0.07147305796592768,0.49126891575136145,0.242,0.8399068590953435
Mospd1,-0.07143596849280537,0.49149439922282745,0.495,0.8401727294231903
Cast,-0.07139007484952554,0.4917734828250273,0.874,0.8403671377159887
Selenos,-0.07138781632242912,0.4917872193024935,0.895,0.8403671377159887
Commd3,-0.07138273977911962,0.49181809583828207,0.821,0.8403671377159887
Plekhm1,-0.07132937663727779,0.49214272288586824,0.326,0.8406351455655667
Jrkl,-0.07130603749226262,0.49228473877301293,0.274,0.8406351455655667
Mmab,-0.0712867846848072,0.4924019060609591,0.242,0.8406351455655667
Cxxc1,-0.07127790266369229,0.4924559645555837,0.526,0.8406351455655667
R3hdm4,-0.07126752409370402,0.4925191354362224,0.8,0.8406351455655667
9230112E08Rik,-0.07125772110907058,0.49257880684636146,0.116,0.8406351455655667
Sike1,-0.07123040888622584,0.4927450782452285,0.653,0.8406351455655667
Tesk2,-0.07115784858740294,0.493186954669266,0.189,0.8412694650822385
Lockd,-0.07113338035750384,0.4933360079278777,0.221,0.841288659744802
Gm57094,-0.07113299749426176,0.493338340406692,0.126,0.841288659744802
Ddost,-0.0710124695070008,0.49407290953424776,0.905,0.8418757517371841
Hotairm1,-0.07098128525588308,0.4942630585728166,0.516,0.8418757517371841
Wdr91,-0.07094393910279027,0.49449083107580405,0.358,0.8419901986466773
Mcemp1,-0.0709389763623306,0.4945211027614199,0.126,0.8419901986466773
9030624G23Rik,-0.07082160935584851,0.49523730114178255,0.263,0.842665713520968
Numa1,-0.07080000814565628,0.4953691756732935,0.758,0.842665713520968
Slc25a4,-0.07077948751068434,0.4954944704219155,0.916,0.842665713520968
Uqcrb,-0.0707785618570523,0.4955001226637167,0.895,0.842665713520968
Pccb,-0.07077448581895497,0.4955250122391315,0.526,0.842665713520968
Gm35254,-0.0707266099662811,0.4958174064596853,0.158,0.842665713520968
Adgra3,-0.07072622914326644,0.49581973263929424,0.505,0.842665713520968
Loxl1,-0.07072451477978021,0.4958302045494827,0.874,0.842665713520968
Ube2r2,-0.07071050298883821,0.4959157976457518,0.874,0.8426919023963405
Zfp53,-0.07065854352378859,0.49623326742280527,0.474,0.8429788697631643
Poc1b,-0.0706466214994574,0.4963061254447768,0.274,0.8429788697631643
Galm,-0.07061634085189651,0.49649120214044506,0.158,0.8430395074217831
Tomm70a,-0.07059306167663348,0.4966335101299828,0.695,0.8430395074217831
Miga2,-0.0705611218325387,0.49682879648327594,0.316,0.8430395074217831
Dcaf7,-0.07055820449117356,0.4968466356763037,0.663,0.8430395074217831
Rpl39,-0.07054196018366327,0.49694597381206773,0.979,0.8430395074217831
Taok3,-0.07053794347666618,0.4969705386182225,0.779,0.8430395074217831
Rpgr,-0.07049353284769777,0.49724218125615804,0.168,0.8430395074217831
Wrap53,-0.07048580957598914,0.49728942946232524,0.242,0.8430395074217831
Card11,-0.07046705260701275,0.4974041876644769,0.147,0.8430395074217831
Stx12,-0.07046023242745394,0.4974459180771086,0.747,0.8430395074217831
Ralgps2,-0.0704587649090517,0.4974548975743873,0.221,0.8430395074217831
Ypel5,-0.07044079520425917,0.4975648580488997,0.684,0.8430395074217831
Fhl3,-0.07044035638437553,0.4975675434410425,0.2,0.8430395074217831
Msl3l2,-0.0704107823407052,0.4977485415780344,0.284,0.8430395074217831
Cacnb1,-0.07040764368187663,0.49776775272312557,0.168,0.8430395074217831
Dgcr6,-0.07036981876077172,0.4979993025388587,0.632,0.8430395074217831
Scara3,-0.07030904211647804,0.4983714721461068,0.695,0.8430395074217831
4930523C07Rik,-0.07029845912284129,0.49843629264629963,0.453,0.8430395074217831
Rpl36al,-0.07029828375569788,0.49843736680163553,0.905,0.8430395074217831
Slc39a10,-0.07026738984976007,0.49862661643647654,0.621,0.8430940628593704
Ado,-0.07024993880666978,0.49873353450032465,0.6,0.8430940628593704
Atp5g3,-0.07014424369169137,0.4993813574675493,0.905,0.8437102286041769
BC031181,-0.07013740352939864,0.49942329710304034,0.758,0.8437102286041769
Itpr2,-0.07012237033121907,0.49951547782224404,0.726,0.8437102286041769
Otud7b,-0.07011892504599267,0.499536604909394,0.589,0.8437102286041769
Orai2,-0.07009457805214178,0.49968591820567676,0.4,0.8438437158784193
Ep300,-0.07002854044442929,0.5000910256802429,0.789,0.8442261781954021
Notch2,-0.06998800919403744,0.5003397493622865,0.726,0.8442507129714156
Mterf1a,-0.06998653409513521,0.5003488026571661,0.221,0.8442507129714156
Sall2,-0.06995422441559512,0.5005471220224493,0.305,0.8443480323298046
Gm42047,-0.06990128735199437,0.5008721425032021,0.232,0.8446589627859477
Msrb2,-0.06987753778551971,0.501017994717275,0.158,0.8447570386872454
Pes1,-0.06986627920410986,0.5010871443044398,0.516,0.8447570386872454
Smpdl3a,-0.06985745160406283,0.5011413664170274,0.4,0.8447570386872454
Pank2,-0.06983742178118989,0.5012644077205388,0.663,0.8447971046741004
Pten,-0.06977103560711642,0.5016723242190992,0.853,0.8449815674614194
Zkscan6,-0.0697224457851839,0.5019709987867169,0.305,0.8452062519186804
Gm12122,-0.06969684220265246,0.5021284175160408,0.474,0.845256580762222
Tollip,-0.06968334773931224,0.5022113959808936,0.568,0.845256580762222
Mrtfb,-0.06968323646959902,0.5022120802163481,0.674,0.845256580762222
Tbc1d24,-0.06966064384791945,0.5023510200092786,0.179,0.8453169572119601
Gsdme,-0.06965129334916619,0.502408529428439,0.779,0.8453169572119601
Aars,-0.06964306189036736,0.5024591591256566,0.653,0.8453169572119601
Smc1a,-0.06961396392618568,0.5026381548857646,0.821,0.8453264500580994
Hirip3,-0.06959823452489787,0.5027349279069473,0.389,0.8453264500580994
Kank3,-0.0695589720321801,0.5029765273708999,0.147,0.8453607824464352
5430403G16Rik,-0.06955872484379452,0.5029780486214153,0.2,0.8453607824464352
Rccd1,-0.06953882390488549,0.5031005311292196,0.137,0.845448296328697
Gm49041,-0.06943124602319198,0.503762899287916,0.116,0.8457638552057785
Gatad1,-0.06941743327585968,0.5038479785956048,0.821,0.8457638552057785
Fchsd1,-0.06940605326338677,0.503918079132263,0.116,0.8457638552057785
Hspd1,-0.0694053739745451,0.5039222636913583,0.863,0.8457638552057785
Alg12,-0.06932829159648138,0.5043972241535841,0.211,0.8460339754056878
Inpp5f,-0.0693106471839285,0.5045059768389043,0.474,0.8460339754056878
Rpa1,-0.06926841893736317,0.5047663032453358,0.558,0.8461713154904751
Wdr24,-0.06925843783013255,0.504827844410332,0.263,0.8461713154904751
Zfp664,-0.0692516387803779,0.5048697679831567,0.6,0.8461713154904751
Smndc1,-0.06916285369383986,0.5054173907245068,0.642,0.8468527226387319
Cep83os,-0.06899562332702532,0.5064496957692135,0.242,0.8476766005040173
Camsap1,-0.06899127757020884,0.5064765364505786,0.495,0.8476766005040173
Tnik,-0.06897723780891218,0.5065632552035633,0.284,0.8476766005040173
Letm1,-0.068972961614719,0.5065896693027858,0.484,0.8476766005040173
Akt1,-0.06895471578023826,0.5067023820297326,0.768,0.8476766005040173
Plaat3,-0.06894057427943188,0.5067897493611576,0.6,0.8476766005040173
Sdha,-0.06894014455363942,0.5067924043636647,0.821,0.8476766005040173
Hoxb5,-0.06893042767863315,0.50685244067741,0.242,0.8476766005040173
Slc2a10,-0.06892605557146202,0.5068794552116322,0.168,0.8476766005040173
Pdpk1,-0.06892313914062682,0.5068974757740354,0.705,0.8476766005040173
Ifi208,-0.06887623888878869,0.5071873168896599,0.105,0.8480156651567092
Fam204a,-0.06884218898059905,0.5073977971971216,0.589,0.8480235790154155
Nufip2,-0.06883292300260928,0.5074550828675626,0.874,0.8480235790154155
Commd10,-0.06879913751652734,0.5076639854155899,0.621,0.8480235790154155
Ercc1,-0.06878865905803963,0.5077287848823234,0.6,0.8480235790154155
Pdhx,-0.06878674686982007,0.5077406104390624,0.305,0.8480235790154155
Cdc42ep4,-0.06876143970687723,0.507897131069795,0.316,0.8481670170730219
Nfu1,-0.06868005191388864,0.5084006699675452,0.768,0.8483640449517819
Nup155,-0.06867693941555177,0.5084199318240554,0.516,0.8483640449517819
Stx5a,-0.06865349146080539,0.5085650528014958,0.8,0.8483640449517819
Mars2,-0.0686502704692301,0.5085849894049492,0.116,0.8483640449517819
Mknk2,-0.0686407965786297,0.5086436311991642,0.621,0.8483640449517819
Bpnt1,-0.06864020250392414,0.5086473085381558,0.4,0.8483640449517819
Litaf,-0.06863451461093444,0.5086825174483773,0.863,0.8483640449517819
Plaa,-0.06860408335816327,0.5088709128118623,0.705,0.8484199009759404
Extl3,-0.06858854084804987,0.5089671480577745,0.663,0.8484199009759404
Hectd3,-0.06851131279611207,0.5094454634726334,0.242,0.8488927506794338
Rnf128,-0.06849660974235634,0.5095365537282779,0.168,0.8488976551429765
Zc2hc1a,-0.0684172657486478,0.5100282606147395,0.663,0.8490726779371983
Taf13,-0.06839995201948593,0.5101355888975112,0.537,0.8490726779371983
Gpc3,-0.06837693522308767,0.5102782886445631,0.295,0.8490726779371983
Dnajc2,-0.0683553706673351,0.5104120034087203,0.716,0.8490726779371983
Fbxw17,-0.06833912015083514,0.5105127794594113,0.326,0.8490726779371983
Rsu1,-0.06833550442416803,0.5105352034402191,0.874,0.8490726779371983
8430429K09Rik,-0.06826041453634822,0.5110010096998069,0.168,0.8491417547850438
Nxt1,-0.06824544577397759,0.5110938917591312,0.547,0.8491417547850438
Zfp710,-0.06824486726405449,0.51109748162168,0.421,0.8491417547850438
Pdcd2,-0.06820441867341451,0.5113485118248553,0.484,0.8491456886559688
Myo1c,-0.06819777459598167,0.5113897520515571,0.811,0.8491456886559688
Ulk1,-0.06819636858932641,0.5113984794465972,0.432,0.8491456886559688
Apol9a,-0.0681332487762218,0.5117903569197519,0.316,0.8491456886559688
Ccdc137,-0.06812078402205285,0.5118677621973539,0.337,0.8491456886559688
Atxn1l,-0.06812078402205285,0.5118677621973539,0.337,0.8491456886559688
Tmem192,-0.06810638944485181,0.5119571590216784,0.495,0.8491456886559688
Nudc,-0.0681031740789281,0.5119771289908428,0.779,0.8491456886559688
Spg21,-0.06808076399065813,0.5121163244922403,0.789,0.8491456886559688
Ccdc174,-0.0680435510674015,0.5123475075475814,0.6,0.8491456886559688
Fancl,-0.06803827385651863,0.5123802962375948,0.358,0.8491456886559688
Smim10l1,-0.06800848367921901,0.5125654105786579,0.695,0.8491456886559688
Tspyl1,-0.06799433230723292,0.5126533583533177,0.705,0.8491456886559688
2810002D19Rik,-0.06798090901810462,0.5127367883975793,0.158,0.8491456886559688
Eif4ebp2,-0.06797650977499954,0.5127641326179229,0.779,0.8491456886559688
Eif4b,-0.06797119785967584,0.512797150699128,0.874,0.8491456886559688
Golgb1,-0.06791515069590781,0.5131455980008433,0.874,0.8494883765608886
Soga1,-0.06788139787007146,0.513355499088368,0.4,0.8495219693225328
Rab6a,-0.06787142170000394,0.5134175470228199,0.884,0.8495219693225328
Cpne2,-0.06786638109735968,0.5134488990899992,0.274,0.8495219693225328
9530077C05Rik,-0.06780949641578725,0.5138027843391312,0.168,0.84956166018754
Mcts2,-0.0677848469997422,0.5139561695669306,0.242,0.84956166018754
Brd2,-0.06777499855527817,0.5140174597566228,0.821,0.84956166018754
Timm44,-0.06773930181351466,0.5142396439576398,0.663,0.8497012587184166
Usf1,-0.06763559595081212,0.5148854101529909,0.505,0.8500893640690016
Smoc2,-0.06762930081066076,0.5149246227095735,0.147,0.8500893640690016
Tomm40,-0.06759067416515235,0.5151652622827889,0.716,0.8503697146314884
Psmc5,-0.06750416590687028,0.5157044071644973,0.789,0.8510774530935165
Plrg1,-0.06749559414627955,0.5157578445749362,0.379,0.8510774530935165
2310058D17Rik,-0.0674708486290611,0.5159121270309889,0.126,0.8510774530935165
Cep85,-0.06745004381233648,0.5160418583732035,0.411,0.8510774530935165
Adgrl1,-0.0674361109464851,0.5161287480107283,0.642,0.8510774530935165
Rabl6,-0.06737715921453778,0.5164964717317296,0.768,0.8511665043182163
Scmh1,-0.06735434340025628,0.5166388259791864,0.684,0.8511665043182163
Ubqln4,-0.06735113270815433,0.5166588599906219,0.379,0.8511665043182163
Ptges2,-0.0673233162413669,0.516832445193125,0.463,0.8511665043182163
Marchf6,-0.06729033863934378,0.5170382763193144,0.684,0.8511665043182163
Wdsub1,-0.06723316866060787,0.517395204146577,0.389,0.8511665043182163
Dennd2b,-0.06722752031508433,0.517430475123541,0.821,0.8511665043182163
Oxld1,-0.06721671349232475,0.517497961517177,0.242,0.8511665043182163
Gls,-0.06717136870070549,0.5177811792954106,0.821,0.8511665043182163
Grin2d,-0.06716812918723537,0.5178014159017418,0.105,0.8511665043182163
Dnajc19,-0.06715920920040143,0.5178571393929523,0.737,0.8511665043182163
H3f3b,-0.06710061246453591,0.5182232712479461,0.958,0.851554238110591
Itgb3bp,-0.06701393058786441,0.5187651297270409,0.484,0.8518272368098936
Jcad,-0.06692334836541519,0.5193316772331376,0.337,0.8520984086112094
Usp31,-0.06690671731462856,0.5194357304515436,0.337,0.8520984086112094
Chil3,-0.06688878523326762,0.5195479355083092,0.126,0.8520984086112094
Bcl10,-0.06685282161886331,0.5197730049909377,0.705,0.8523510613119625
Sgce,-0.06682587848330322,0.5199416544276321,0.653,0.852373187585688
Pcna,-0.06682016397095052,0.519977427748406,0.737,0.852373187585688
Map4k3,-0.06679396582805841,0.5201414462763668,0.789,0.852373187585688
Sap25,-0.06677414020516295,0.520265585854186,0.137,0.8524602742018575
Ngrn,-0.0667501983452711,0.5204155195740259,0.442,0.8525174292625343
Gm46218,-0.06674589493699712,0.5204424715994317,0.158,0.8525174292625343
Klhl8,-0.06669213687508645,0.5207792152100388,0.137,0.8528443812054898
Sde2,-0.06667873759062432,0.5208631662893615,0.684,0.8528443812054898
Inf2,-0.06666857382605598,0.520926850307772,0.653,0.8528443812054898
Rnf157,-0.06663606516052747,0.5211305692753996,0.368,0.8528643317021862
Zfp30,-0.06663273157997311,0.5211514617888682,0.221,0.8528643317021862
2810013P06Rik,-0.0665681455004769,0.5215563251371366,0.232,0.85339126977783
Slc25a33,-0.06655869150941011,0.5216156016406674,0.347,0.85339126977783
Gli2,-0.06651159306818079,0.5219109595616218,0.263,0.8535138021890359
Mmachc,-0.06650470069205441,0.5219541892740043,0.137,0.8535138021890359
Zpr1,-0.0664786443480254,0.522117633786743,0.558,0.8535138021890359
Nbeal2,-0.06647149807774913,0.5221624649611958,0.147,0.8535138021890359
Gm9993,-0.06642071122646795,0.5224811255723398,0.116,0.8538765312028153
Atpsckmt,-0.06640234460917337,0.5225963905719154,0.453,0.8539486746865799
Zfp697,-0.06634893988690117,0.5229316202908982,0.463,0.8542639407935803
Ctdnep1,-0.06629461355020769,0.5232727465417245,0.811,0.854550532879776
Gcnt1,-0.06627754104614406,0.5233799715051889,0.253,0.854550532879776
Gm5617,-0.06627362154355965,0.523404589759453,0.558,0.854550532879776
Ext1,-0.06623095995338449,0.5236725834674292,0.853,0.854550532879776
Mcm7,-0.06619079722874675,0.5239249429342175,0.474,0.854550532879776
Zbtb7a,-0.06618927253291394,0.5239345244544661,0.811,0.854550532879776
Mrpl30,-0.06618927253291394,0.5239345244544661,0.811,0.854550532879776
Sufu,-0.06617189248590127,0.524043750695603,0.516,0.854550532879776
Trap1,-0.06615101213962361,0.5241749900199826,0.568,0.854550532879776
Slc20a2,-0.06614363320601709,0.5242213728236242,0.589,0.854550532879776
Psmd1,-0.06613973339779448,0.5242458872339366,0.863,0.854550532879776
Smg8,-0.06609983163579365,0.5244967451224802,0.305,0.854550532879776
Pbx2,-0.06609835244206295,0.5245060458097763,0.579,0.854550532879776
Dgcr8,-0.06602746999720792,0.5249518288814535,0.432,0.854550532879776
Tdrd3,-0.06601734303797742,0.5250155333846291,0.558,0.854550532879776
Acot4,-0.0660156901395774,0.5250259314529289,0.126,0.854550532879776
Heatr3,-0.06601525428284366,0.5250286733617147,0.421,0.854550532879776
Dnajb4,-0.06592397202607164,0.525603075080197,0.6,0.8549871432471745
Atp6ap1,-0.06589358566595192,0.5257943540722554,0.779,0.8549871432471745
Ddx23,-0.0658818420808248,0.5258682881049135,0.453,0.8549871432471745
Coro1a,-0.06587515705251447,0.525910377340861,0.316,0.8549871432471745
Ppp1r13l,-0.06583283040537986,0.5261769071116602,0.221,0.8549871432471745
Cyfip2,-0.06582897754797717,0.5262011718236186,0.242,0.8549871432471745
Gm33228,-0.06581679235307862,0.5262779160366355,0.179,0.8549871432471745
Tab1,-0.06572591270877756,0.5268504672672939,0.337,0.85537052931605
Cpsf1,-0.06572027124432438,0.5268860193904811,0.358,0.85537052931605
Gm16536,-0.06570040580018927,0.5270112196506805,0.126,0.8554325696661582
Krt23,-0.06564921299635532,0.5273339267413022,0.179,0.855519316090098
Ecscr,-0.06560628191875792,0.5276046303323212,0.453,0.8557272452249332
S100a10,-0.06559305998240814,0.5276880158081318,0.905,0.8557468943555159
Il6,-0.06557188301803939,0.5278215842414518,0.263,0.8558479084385026
Snrnp70,-0.0655319939551328,0.5280732206160401,0.884,0.8560340524178301
Atxn2,-0.06551509002223387,0.528179875614637,0.811,0.8560340524178301
Ptcd2,-0.06550848354837956,0.528221561952503,0.432,0.8560340524178301
Zkscan17,-0.06544670576638073,0.5286114547529426,0.484,0.8564347236835219
Snapc3,-0.06539481811397659,0.5289390401722571,0.674,0.856638835213449
Rsrc1,-0.06538868080148133,0.5289777939547731,0.811,0.856638835213449
Usp3,-0.06535207640279098,0.529208960293124,0.674,0.8567091797545557
Cacul1,-0.065340545171349,0.5292817935014577,0.526,0.8567115792089515
Eif3k,-0.0653263530035419,0.5293714405188291,0.926,0.8567227396516393
Cd27,-0.06526184427542774,0.5297790155692876,0.116,0.8570542495204038
Pskh1,-0.06520559425538325,0.5301345389736483,0.484,0.8572756935426223
Ssc5d,-0.06512545998387673,0.5306412265640382,0.168,0.8576199119535504
Tnfrsf9,-0.06512235884219313,0.5306608398876564,0.137,0.8576199119535504
Tmem184b,-0.06511615347897232,0.5307000871004314,0.579,0.8576199119535504
Mrpl21,-0.0650632307846424,0.5310348674414795,0.779,0.8577675093643574
Gm13056,-0.06506104310951087,0.5310487085859985,0.168,0.8577675093643574
Atp6v1d,-0.06501307646570806,0.531352232731923,0.747,0.8577825180957487
1810044D09Rik,-0.06500991667737552,0.5313722303319879,0.116,0.8577825180957487
Fbxo7,-0.06495076676754909,0.5317466462786882,0.432,0.8580559699076186
Tnfrsf12a,-0.06491721653858443,0.5319590759776001,0.705,0.8580559699076186
Gmfg,-0.06491623847048683,0.5319652694374335,0.242,0.8580559699076186
Zfp607a,-0.0649154276382128,0.5319704039304,0.158,0.8580559699076186
Atp8a1,-0.06483037090478878,0.5325091520975762,0.4,0.8586942505016919
Fam207a,-0.06479202636035038,0.5327521147256041,0.547,0.8588553237596687
Seh1l,-0.06476793968325437,0.5329047634075592,0.674,0.8588553237596687
Klhl42,-0.06476687809280332,0.5329114917098673,0.379,0.8588553237596687
Hoxc6,-0.06475894766376274,0.5329617556735378,0.179,0.8588553237596687
Cdipt,-0.06473378156635533,0.5331212768889183,0.726,0.8588553237596687
Il31ra,-0.06472803475262041,0.5331577077478217,0.895,0.8588553237596687
Snx30,-0.06472431703352963,0.5331812761975989,0.495,0.8588553237596687
Gm26740,-0.06462331591613696,0.5338217701884871,0.305,0.8595431413988792
Trim35,-0.06462001100036503,0.5338427346201726,0.8,0.8595431413988792
Psmb5,-0.0646120302953661,0.5338933611811139,0.863,0.8595431413988792
Arsa,-0.06461183125488255,0.5338946238488249,0.495,0.8595431413988792
Cbx5,-0.06451786172518624,0.5344909109173189,0.811,0.8597513697495008
Ambra1,-0.06451456076358528,0.5345118632987532,0.726,0.8597513697495008
Spred3,-0.06449958089471484,0.5346069509964508,0.347,0.8597513697495008
Dock8,-0.06449801291789514,0.534616904526658,0.274,0.8597513697495008
Ccnh,-0.06449724217907886,0.5346217972169489,0.674,0.8597513697495008
Ptprcap,-0.06447932494521987,0.5347355430174408,0.2,0.8597513697495008
Men1,-0.0644754607770938,0.5347600758838128,0.411,0.8597513697495008
Ppp2ca,-0.06446734420297588,0.5348116082834198,0.884,0.8597513697495008
Aox3,-0.06444304364803934,0.5349659080481293,0.305,0.8597691952795995
Ints15,-0.06441205969663347,0.5351626769976109,0.337,0.859942156451574
Zswim4,-0.06440354329824666,0.5352167681487976,0.4,0.859942156451574
Wdr7,-0.06433156502801736,0.5356740400311095,0.484,0.8603144585163165
Cdk16,-0.06432873587315165,0.535692017367122,0.705,0.8603144585163165
Heatr5b,-0.06431649555858002,0.5357697996039859,0.484,0.8603144585163165
Jpt1,-0.06426284592840337,0.5361107872572674,0.832,0.8603144585163165
Pbdc1,-0.06425763152500849,0.5361439348217083,0.621,0.8603144585163165
Ptcd3,-0.0642406449640692,0.536251924131228,0.537,0.8603144585163165
Rhod,-0.06420661717920412,0.5364682826517244,0.421,0.8603144585163165
Cebpd,-0.0641938754301779,0.5365493095028376,0.768,0.8603144585163165
Tpst2,-0.06419285568677764,0.5365557944784605,0.621,0.8603144585163165
Itga4,-0.06418267901906546,0.5366205142982556,0.211,0.8603144585163165
4921524J17Rik,-0.06417544027493535,0.536666552368386,0.684,0.8603144585163165
Ahnak2,-0.06414581766110508,0.5368549711515755,0.695,0.8605016204267745
Miip,-0.06412070454161091,0.5370147322909591,0.347,0.8605279448308483
Shfl,-0.06403994941119225,0.5375286283267015,0.4,0.861068502928673
Gm15614,-0.06400890082820196,0.5377262747810916,0.168,0.8610935424508624
Zcchc7,-0.06394199749731366,0.5381522843614387,0.811,0.8613863823217652
Zfp266,-0.06390529992944627,0.5383860283044911,0.747,0.8614606932105576
Nsf,-0.06388461098541852,0.5385178279306286,0.674,0.8615567701483088
Atp6v1h,-0.06385541647037284,0.5387038396670161,0.684,0.8616451682679679
Gfm1,-0.06385341311005467,0.5387166051626247,0.453,0.8616451682679679
Dhfr,-0.06379185532690616,0.5391089266451718,0.263,0.862042999364573
Zfp574,-0.06377330518393161,0.539227178454174,0.295,0.8621172745271993
Mafg,-0.06369463098408502,0.539728845822105,0.758,0.8625508752873411
Rfc3,-0.06365102159532907,0.5400070208114152,0.316,0.8625755311260921
Gm16845,-0.06364950764789352,0.5400166792266873,0.116,0.8625755311260921
Zmiz2,-0.0635570693843882,0.5406065616456232,0.558,0.8629112025565783
Map3k12,-0.06354415356949622,0.5406890074176494,0.347,0.8629112025565783
Mrpl39,-0.06354047820371647,0.5407124695814589,0.516,0.8629112025565783
Trp53,-0.06353955330793963,0.5407183738498516,0.758,0.8629112025565783
Cnst,-0.06351503812473043,0.5408748832783166,0.168,0.8629112025565783
Nhsl1,-0.06351352640722031,0.5408845350892858,0.547,0.8629112025565783
Ice2,-0.06349535016269955,0.5410005909637312,0.295,0.8629112025565783
Gm14418,-0.06347068135895233,0.5411581216028374,0.179,0.8630210607099573
3222401L13Rik,-0.0634294281520598,0.5414216076774452,0.147,0.8631934959641568
Alkbh8,-0.06339698484549408,0.541628868783053,0.495,0.8631934959641568
Tsacc,-0.06335815920572144,0.5418769540426291,0.326,0.8631934959641568
Hdac6,-0.06335740147088069,0.5418817963166591,0.274,0.8631934959641568
Csde1,-0.06335247723322256,0.5419132649769146,0.905,0.8631934959641568
Rnf167,-0.06323172652004623,0.542685210810494,0.568,0.8638451994508648
Gm10134,-0.06317270166790975,0.5430627461640904,0.284,0.8638451994508648
Psma2,-0.06313653201277973,0.5432941584481962,0.884,0.8638451994508648
Ndufa8,-0.06312637406731647,0.5433591573404166,0.863,0.8638451994508648
Nox4,-0.06309494451430052,0.5435602935961976,0.105,0.8638451994508648
Gm20400,-0.06308559229562474,0.5436201509983667,0.168,0.8638451994508648
Virma,-0.06305827123583013,0.5437950336173827,0.674,0.8638451994508648
Slc30a9,-0.06305064596738326,0.5438438480187234,0.663,0.8638451994508648
Slc25a5,-0.06304228031855895,0.5438974045526077,0.863,0.8638451994508648
Fbxo28,-0.06303626628598344,0.5439359077320859,0.653,0.8638451994508648
Pecam1,-0.0630326152361358,0.543959283219061,0.126,0.8638451994508648
Ccr1,-0.06302982578223616,0.5439771427540592,0.158,0.8638451994508648
Pja2,-0.06298807342948078,0.5442444973161421,0.821,0.8640565734821357
Eps8l2,-0.06298656245037249,0.5442541738357118,0.2,0.8640565734821357
Sf1,-0.06295436669998467,0.5444603798770582,0.768,0.8642696696435533
Gimap6,-0.06286681626071866,0.5450213124757608,0.211,0.8644135098434867
Zfp976,-0.0628481276051842,0.5451410865866789,0.253,0.8644135098434867
Rcbtb1,-0.06283826732544871,0.5452042855172969,0.526,0.8644135098434867
Ptpn18,-0.06282758307558227,0.5452727696785358,0.347,0.8644135098434867
Zfp445,-0.06281606820577838,0.5453465826699253,0.674,0.8644135098434867
Cd8a,-0.06280587979557611,0.545411896814451,0.105,0.8644135098434867
Cog7,-0.06278803240617778,0.5455263190558889,0.411,0.8644135098434867
Mrpl10,-0.06278783735783322,0.5455275696042646,0.537,0.8644135098434867
Zfyve1,-0.06275206638125083,0.5457569381268026,0.495,0.8644135098434867
Aldh1a2,-0.06272272925068054,0.5459450870382675,0.8,0.8645690662184751
Irgq,-0.06262104682969998,0.5465974554546945,0.453,0.8652598085226786
Zranb2,-0.06256554153800852,0.5469537234048636,0.811,0.8653674208620632
C920021L13Rik,-0.06251681507685171,0.5472665737305071,0.105,0.8657483202611592
Zfp81,-0.06250194288561985,0.5473620786163355,0.274,0.8657853349949072
Lactb,-0.06244450696342325,0.5477309915350849,0.368,0.8658178522454414
Eif2d,-0.06242916347390317,0.5478295637649322,0.421,0.8658178522454414
Trim16,-0.06242334565312088,0.5478669418447588,0.158,0.8658178522454414
Ftsj3,-0.06238960583125077,0.54808373642099,0.537,0.8658178522454414
H2az1,-0.06238007034677349,0.5481450140506319,0.884,0.8658178522454414
Mdm4,-0.0623121905683714,0.5485813242661842,0.684,0.8658178522454414
Zfp982,-0.06230555534633009,0.5486239824698128,0.221,0.8658178522454414
Fndc5,-0.062301694998314144,0.5486488015986519,0.116,0.8658178522454414
Trim13,-0.06225653070841117,0.5489392144552102,0.126,0.8658178522454414
Dgkz,-0.06224962990329387,0.5489835941925573,0.495,0.8658178522454414
Ankrd39,-0.06221639945842023,0.5491973267440824,0.526,0.8658178522454414
Tab2,-0.06221598873177151,0.549199968720417,0.821,0.8658178522454414
Disp1,-0.06221290018920401,0.5492198357963438,0.6,0.8658178522454414
St8sia4,-0.0621990650102143,0.5493088349808519,0.211,0.8658178522454414
Avl9,-0.06219129268664778,0.5493588359910423,0.684,0.8658178522454414
Rpf1,-0.06218497046590417,0.5493995098099141,0.474,0.8658178522454414
Ehd3,-0.06215053843948281,0.549621052866899,0.116,0.8658178522454414
Isoc2a,-0.062130046505165876,0.5497529229365963,0.179,0.8658178522454414
Vamp4,-0.06212218435434803,0.5498035216645539,0.611,0.8658178522454414
Tmed2,-0.06210615307898807,0.5499067017172179,0.905,0.8658178522454414
Slc6a9,-0.062099950390801545,0.5499466258061454,0.137,0.8658178522454414
Snx21,-0.06208604333611358,0.5500361447601482,0.463,0.8658178522454414
Ston2,-0.062054838208622114,0.5502370361636169,0.2,0.8658178522454414
Pdrg1,-0.06203872292498353,0.5503407965546129,0.526,0.8658178522454414
Col4a1,-0.06203862436791325,0.5503414311565391,0.705,0.8658178522454414
Mad2l1bp,-0.06202262330306868,0.5504444655686582,0.326,0.8658178522454414
6720427I07Rik,-0.06201634536294209,0.5504848931717721,0.453,0.8658178522454414
Wsb2,-0.06201431832614589,0.5504979468430934,0.747,0.8658178522454414
9530068E07Rik,-0.06194580531628842,0.5509392437007046,0.884,0.8658418624783464
Gpr35,-0.0619271346383902,0.5510595324561125,0.158,0.8658418624783464
Fancc,-0.06192006080435744,0.5511051100545397,0.221,0.8658418624783464
Flt3l,-0.06191042344080812,0.5511672077294338,0.221,0.8658418624783464
Papolg,-0.06190227386945046,0.5512197215611293,0.316,0.8658418624783464
Ccpg1,-0.061866144394543986,0.551452560147776,0.747,0.8658881413775634
Csnk2a2,-0.061836628644272626,0.5516428114745403,0.789,0.8658881413775634
Cd200r3,-0.06176157341432528,0.5521267420532369,0.189,0.8658881413775634
Klf6,-0.06175126308535004,0.5521932355609298,0.832,0.8658881413775634
Xpo6,-0.061689277146303796,0.5525930775864163,0.611,0.8658881413775634
Gm52870,-0.06167589953147161,0.5526793885933594,0.105,0.8658881413775634
Hspa4l,-0.06167497831157335,0.5526853324496424,0.463,0.8658881413775634
Phtf1,-0.061668360275860326,0.5527280339681666,0.642,0.8658881413775634
Thap2,-0.061649199468170296,0.5528516741277275,0.484,0.8659131295658263
Dhx29,-0.061636880266757066,0.5529311740671217,0.379,0.8659246911469844
Aldh16a1,-0.06159523387300745,0.5531999730444874,0.389,0.8662326651467346
Zc3h12b,-0.061545672598083315,0.5535199392510468,0.284,0.8665426048918776
Cc2d1b,-0.06154221749142715,0.5535422486483469,0.4,0.8665426048918776
Setd7,-0.06153032919039302,0.5536190139396873,0.726,0.8665497979890269
Khdc4,-0.06150443575165954,0.5537862311399033,0.695,0.866632703481333
Dnttip1,-0.0614997746019748,0.5538163349556315,0.705,0.866632703481333
Map3k10,-0.06141575005245171,0.5543591386969673,0.4,0.8669275207339573
Rrn3,-0.061387242302382274,0.5545433586666811,0.526,0.867092343731064
Eif4a3,-0.06131207395966927,0.555029245295946,0.758,0.867513166918566
Pcdh11x,-0.06122916314798842,0.5555654163645214,0.105,0.8679787295860931
Cwc25,-0.06118177258823734,0.5558719953073771,0.589,0.8679787295860931
Ctns,-0.061059959935824526,0.5566603980716314,0.211,0.8689306150748094
Tanc1,-0.06101764586402987,0.5569343910340054,0.705,0.8689306150748094
Terf1,-0.06101708285772247,0.5569380370599282,0.526,0.8689306150748094
Ifngr2,-0.061007401521387526,0.5570007351335086,0.695,0.8689306150748094
Ssr3,-0.06100019717883243,0.5570473939454543,0.926,0.8689306150748094
Smtnl2,-0.060946888067875835,0.557392707764862,0.126,0.869057816145007
Ly75,-0.06092225471694797,0.5575523067941668,0.189,0.8691937870264296
Nlrx1,-0.060883202251867496,0.5578053718338182,0.211,0.8694541883278344
4930444A19Rik,-0.06087413014340165,0.5578641681417204,0.126,0.8694541883278344
Ttc5,-0.06083813132862196,0.5580975055844114,0.579,0.8696426549800653
Lgalsl,-0.060818803698619986,0.5582228028519195,0.537,0.8696426549800653
1600010M07Rik,-0.060809961102776436,0.5582801321672588,0.368,0.8696426549800653
Gm57383,-0.06080870537529837,0.5582882736696928,0.105,0.8696426549800653
Zfp973,-0.06079961187101679,0.5583472330508307,0.137,0.8696426549800653
Supt16,-0.060753676040555794,0.5586451118260644,0.811,0.8696819442599864
Zfyve27,-0.0607374849816481,0.5587501236283214,0.326,0.8696819442599864
Gm20939,-0.060727888441932706,0.5588123692186416,0.147,0.8696819442599864
Scamp5,-0.06068610803629919,0.5590834061352203,0.347,0.8697738348620874
Tarbp2,-0.06066430850133266,0.5592248485162399,0.368,0.8698498940263425
Zswim3,-0.060590411165270495,0.5597044452559281,0.179,0.8701762623576238
Inpp5b,-0.060575298578228146,0.5598025507320881,0.368,0.8702161090937574
Ncoa6,-0.06048615051107388,0.5603814347745522,0.642,0.8703839126097371
Nubpl,-0.06047022874562537,0.5604848529708466,0.274,0.8703839126097371
Map2k3,-0.06044790819206869,0.5606298491508905,0.747,0.8703839126097371
Pnkp,-0.06043904909688464,0.5606874035269419,0.505,0.8703839126097371
Snhg16,-0.060431488170643956,0.5607365263894283,0.211,0.8703839126097371
Ppp1r11,-0.06043029185454617,0.5607442989677596,0.789,0.8703839126097371
2310014F06Rik,-0.06042554738757811,0.5607751247217448,0.305,0.8703839126097371
Ccnt2,-0.06042516142306888,0.5607776324461171,0.695,0.8703839126097371
Gng7,-0.06030941177022894,0.5615299327227823,0.105,0.8708795017982017
Mul1,-0.06028399337534058,0.5616952006476998,0.368,0.8708795017982017
Gm14403,-0.06025890696531689,0.5618583327190936,0.263,0.8708795017982017
Vcpkmt,-0.06021796336542892,0.5621246294062566,0.158,0.8708795017982017
Nup205,-0.060185843310156646,0.5623335798434443,0.474,0.8708795017982017
Gm37768,-0.06018193648325743,0.562358997422212,0.179,0.8708795017982017
Nbas,-0.06017675371646461,0.5623927170308227,0.621,0.8708795017982017
Tdrd7,-0.06011650921369649,0.5627847443594765,0.305,0.8708795017982017
Hus1,-0.06011378766843335,0.5628024572554915,0.274,0.8708795017982017
Tmub2,-0.06010490105708956,0.5628602966897958,0.495,0.8708795017982017
Ccdc14,-0.06007329666176765,0.5630660200433661,0.137,0.8708795017982017
Sgcb,-0.0600154935828739,0.5634423714857544,0.463,0.8708795017982017
Rnf216,-0.06000035332867181,0.5635409682397634,0.716,0.8708795017982017
Ddx3x,-0.05999848881367387,0.563553110948201,0.874,0.8708795017982017
Ppid,-0.05998086803046653,0.5636678729400149,0.674,0.8708795017982017
Hmces,-0.05997074418844461,0.5637338132877491,0.389,0.8708795017982017
Atp5a1,-0.059964159861588075,0.5637767014193733,0.926,0.8708795017982017
Rnf181,-0.05996306998036161,0.5637838006950915,0.589,0.8708795017982017
Dcun1d2,-0.05995493808581557,0.5638367716223782,0.337,0.8708795017982017
Tex9,-0.05991387011559286,0.564104323230122,0.253,0.8708795017982017
Jund,-0.05990741217255082,0.5641464012230817,0.874,0.8708795017982017
Ydjc,-0.05990585182255033,0.5641565682121872,0.221,0.8708795017982017
Sntb1,-0.05985891888806583,0.5644624162087206,0.242,0.8708795017982017
Nme2,-0.05984075642061006,0.5645807966801888,0.937,0.8708795017982017
Ncf4,-0.05982265614812529,0.5646987834640276,0.211,0.8708795017982017
Rsbn1l,-0.05981899260102684,0.5647226657476192,0.726,0.8708795017982017
Heph,-0.059816158960923335,0.5647411382814159,0.263,0.8708795017982017
Cert1,-0.05977576975394981,0.565004467086294,0.653,0.8708795017982017
Nhp2,-0.0597607367663687,0.5651024937108429,0.663,0.8708795017982017
Pitrm1,-0.059734590880330556,0.5652730041264846,0.516,0.8709396844022458
Atg13,-0.05971642778591056,0.5653914690778924,0.589,0.8710104399818135
Nrgn,-0.05965304107701156,0.5658049874368103,0.189,0.8713121051883778
Irs2,-0.05961537051665764,0.566050808015708,0.347,0.871467117815695
Pi4k2a,-0.059571056659403814,0.5663400442054717,0.516,0.8716131941938233
Ctse,-0.05955634867912134,0.5664360584904142,0.158,0.8716131941938233
Snrpa,-0.05953163236547381,0.5665974248755221,0.768,0.8716485310236225
Adamts20,-0.059511619056364214,0.5667281024553212,0.179,0.8716485310236225
Higd2a,-0.05947821045644145,0.5669462767078652,0.832,0.8718396445224561
Lyn,-0.059456006562216536,0.5670913007376668,0.337,0.8718503205092605
Tuba4a,-0.059413509316148014,0.5673689189056019,0.547,0.8719994641749126
Angptl2,-0.059409299183937475,0.5673964255663915,0.611,0.8719994641749126
Spata5,-0.059391617506205224,0.5675119546683822,0.6,0.8719994641749126
Tent4a,-0.05931516057810165,0.5680116388601327,0.463,0.8723606738032251
Msh3,-0.05930388436164052,0.5680853520828237,0.432,0.8723622998412156
Stxbp3,-0.05927709568697047,0.5682604891139864,0.789,0.8724080926725015
Rpl9,-0.05923877899024716,0.5685110373455671,0.937,0.872454346382328
Srp54a,-0.05921800011032838,0.5686469296425805,0.6,0.872454346382328
Arcn1,-0.05921382852092148,0.5686742133613248,0.874,0.872454346382328
Bud13,-0.059124762382218365,0.569256885248173,0.326,0.872454346382328
Cptp,-0.059115752652295704,0.5693158426379032,0.274,0.872454346382328
Ccdc59,-0.059112790552516274,0.5693352264947104,0.758,0.872454346382328
Gm56906,-0.05909427190430602,0.5694564187781302,0.789,0.872454346382328
Pxk,-0.05907906330012737,0.5695559580745055,0.747,0.872454346382328
Rrp9,-0.05907694815250227,0.5695698022211169,0.421,0.872454346382328
Sertad2,-0.0590588508307746,0.569688259973868,0.6,0.872454346382328
Wdr53,-0.05904812646666117,0.5697584627825307,0.221,0.872454346382328
A430093F15Rik,-0.05904803845215879,0.5697590389514615,0.105,0.872454346382328
Cmss1,-0.059000559910414335,0.5700698873620045,0.989,0.8725277384389227
Rfx3,-0.05899078136901957,0.5701339186678763,0.505,0.8725277384389227
Thap7,-0.05898754232252856,0.5701551291573073,0.495,0.8725277384389227
Zfp101,-0.05894189732216573,0.5704540690605008,0.253,0.8727627430185312
Trac,-0.0588890252778966,0.5708004323990941,0.147,0.8728604050795904
Gramd4,-0.05887182469594623,0.5709131341844464,0.389,0.8728604050795904
Tspan31,-0.05885789605687881,0.5710044051573727,0.8,0.8728604050795904
Taf4,-0.058804859179408475,0.5713520054087566,0.295,0.8728604050795904
Eps15l1,-0.05879523230204598,0.5714151099565754,0.642,0.8728604050795904
Cish,-0.05878784752162308,0.5714635196842597,0.242,0.8728604050795904
Gpn3,-0.05877915128006897,0.5715205289428609,0.579,0.8728604050795904
Ccnt1,-0.058725859158367234,0.571869949974529,0.716,0.8729411965086724
Fam76b,-0.058722825433422575,0.5718898442368372,0.547,0.8729411965086724
Cd37,-0.058713338209174896,0.5719520607090636,0.242,0.8729411965086724
Ddx47,-0.05865374357372862,0.5723429500144217,0.6,0.8731385846739536
Timm23,-0.058597588416469136,0.5727113935073022,0.842,0.8731929731510224
H1f3,-0.05859723672039036,0.5727137013937871,0.137,0.8731929731510224
Ier5l,-0.05859116564184536,0.5727535414765297,0.758,0.8731929731510224
Gm15706,-0.05855836766699971,0.5729687931612236,0.2,0.8731953960354213
Ptgs2,-0.058554938798559795,0.5729912988559244,0.168,0.8731953960354213
Cnpy4,-0.05853905820020237,0.5730955380105652,0.579,0.8732434168645757
Synpr,-0.0584795220172515,0.5734864081776607,0.221,0.8736172675703086
Uba2,-0.05842879454204045,0.5738195450055341,0.737,0.8738313101759456
Nelfcd,-0.05842488141344524,0.5738452470006938,0.337,0.8738313101759456
Tmem265,-0.05840659388571126,0.5739653692432849,0.263,0.8739033969698354
Rdh11,-0.05835199946999162,0.5743240441910276,0.326,0.8742942773094323
Megf8,-0.05834261840758425,0.5743856864979663,0.579,0.8742942773094323
Pkd2,-0.05831375498600784,0.5745753653481327,0.789,0.8742942773094323
Rnaseh1,-0.05831211098812956,0.5745861699216066,0.442,0.8742942773094323
Hmgn1,-0.05821953118373918,0.575194769325168,0.884,0.8744311561469654
Coa5,-0.05821908393882097,0.5751977101429584,0.621,0.8744311561469654
Gm35162,-0.058166957837875406,0.5755405084071619,0.158,0.8744311561469654
Decr1,-0.05816179610449659,0.5755744588175435,0.747,0.8744311561469654
Tmem231,-0.058133581654874,0.5757600509355082,0.126,0.8744311561469654
Btg2,-0.05808735385096217,0.5760641933603756,0.558,0.8744311561469654
Gstm5,-0.058046836952457256,0.5763308238704448,0.547,0.874571238602149
Supt4a,-0.0580186555569521,0.5765163116128933,0.821,0.874571238602149
Ptpn9,-0.05792351404259672,0.5771427301388932,0.811,0.8750160475725581
Cstf3,-0.05789245393620906,0.5773473003803606,0.642,0.8750160475725581
Commd1,-0.05788558689535674,0.5773925330988072,0.779,0.8750160475725581
Clcf1,-0.057859425686699675,0.5775648701926566,0.337,0.8750748454794869
Hdac4,-0.057853192224800426,0.5776059366685609,0.684,0.8750748454794869
Entrep3,-0.05782777784608973,0.5777733823384789,0.411,0.8750748454794869
Eno3,-0.05782438567915968,0.5777957337354354,0.432,0.8750748454794869
N4bp2l1,-0.057799762653950336,0.5779579898157015,0.211,0.8752101883865718
Tsn,-0.0577583897716277,0.5782306683627763,0.863,0.8752177011738896
Mpi,-0.057738828898333434,0.5783596100116878,0.326,0.8752177011738896
Cep78,-0.05768780705388421,0.5786959991161182,0.189,0.8752177011738896
Xpot,-0.057685256772784355,0.5787128155965855,0.589,0.8752177011738896
Mycbp,-0.05767719943335843,0.5787659469459288,0.537,0.8752177011738896
Pglyrp1,-0.05766733586614329,0.5788309919114158,0.189,0.8752177011738896
Avpr1a,-0.057655272080123006,0.5789105507389882,0.105,0.8752177011738896
Gm57463,-0.05750279651725087,0.5799165390526853,0.168,0.8760767343238037
Rapgef6,-0.057488104504449175,0.5800135151515107,0.811,0.8761130049596413
Kin,-0.05746279584939107,0.5801805849951538,0.663,0.8762551300675234
Ctla4,-0.05728737152901922,0.5813392217508525,0.105,0.877453178574794
Dnajc7,-0.05725185843877142,0.5815739069589795,0.758,0.8775014737037691
Cd200r1,-0.057250546657367125,0.5815825765882778,0.116,0.8775014737037691
Apmap,-0.05719955590301389,0.581919623104834,0.389,0.8775014737037691
Pa2g4,-0.057181896317975794,0.582036373071098,0.779,0.8775014737037691
Rps27,-0.057168853928270515,0.5821226050292345,0.958,0.8775014737037691
Rad51d,-0.057160910663940884,0.5821751261367722,0.347,0.8775014737037691
Gm20300,-0.05704556809168458,0.582938020001418,0.2,0.8780252933744189
Ciz1,-0.05704203297271692,0.5829614090764443,0.432,0.8780252933744189
Psme3ip1,-0.05698445529415062,0.5833424154611238,0.568,0.8783501166516481
2700049A03Rik,-0.05692880762225342,0.5837107589647059,0.389,0.8783501166516481
Khdrbs1,-0.056924805471496386,0.583737254140075,0.905,0.8783501166516481
Twist2,-0.05689859631166254,0.5839107785368958,0.137,0.8783501166516481
Rhoc,-0.05689679818713157,0.5839226843430221,0.905,0.8783501166516481
Arhgef11,-0.056879183753217454,0.5840393195395384,0.558,0.8783501166516481
Gm32036,-0.05687244429732146,0.584083948136495,0.126,0.8783501166516481
Kif11,-0.05686578228813716,0.5841280654171241,0.158,0.8783501166516481
Eif3j1,-0.056825433751401415,0.5843952948463672,0.821,0.8786419114976622
Hykk,-0.05680512312607158,0.5845298338265674,0.2,0.8787341573501434
Emb,-0.05672176481931895,0.5850821533879987,0.389,0.8793442753448117
Crnkl1,-0.056707123160290765,0.5851791914396853,0.568,0.8793800440070465
Nmt2,-0.056669245883674536,0.5854302583960116,0.632,0.8796472422176087
Paics,-0.05665142765169018,0.5855483823557892,0.8,0.8797146430112565
Entpd1,-0.05662243256758422,0.5857406252658139,0.168,0.8797907684403438
Xcl1,-0.05659553490243134,0.585918987654962,0.116,0.8797956769254188
Pttg1,-0.05658262107994442,0.5860046299269852,0.589,0.8797956769254188
Thoc2l,-0.05655176208624622,0.5862093046551414,0.684,0.8797956769254188
Tmem245,-0.05654387406868841,0.5862616277922372,0.653,0.8797956769254188
Nutf2,-0.05652317938092731,0.586398910811107,0.211,0.8797956769254188
Zcchc17,-0.056510715152361175,0.5864816022412803,0.747,0.8797956769254188
Akap9,-0.056510715152361175,0.5864816022412803,0.747,0.8797956769254188
Rab12,-0.056475535996031334,0.5867150199946648,0.832,0.8798800061642568
Acyp1,-0.05646775553781172,0.5867666499491735,0.537,0.8798800061642568
Anapc11,-0.05636328648349264,0.5874600914273054,0.832,0.8802872749885612
Ropn1l,-0.05634360730437912,0.5875907590252695,0.116,0.8802872749885612
Mmp16,-0.05631841454457391,0.587758055500853,0.116,0.8802872749885612
Luc7l2,-0.05630154684084306,0.5878700802472092,0.916,0.8802872749885612
Vwa1,-0.05630099563962358,0.5878737411451129,0.147,0.8802872749885612
Tinf2,-0.05628464535630649,0.5879823390862214,0.232,0.8802872749885612
Plekhn1,-0.05626599919392941,0.5881061973014123,0.137,0.8803629361673181
Yod1,-0.056210757873180785,0.5884732106026989,0.274,0.8804030643079813
Ddx6,-0.05620230007438922,0.5885294118683841,0.884,0.8804030643079813
Zdbf2,-0.056167257985742576,0.5887622891843647,0.116,0.8804030643079813
Ago3,-0.05616090784208467,0.5888044944702973,0.705,0.8804030643079813
Tmcc1,-0.056152216735194924,0.5888622608476047,0.758,0.8804030643079813
Dnaaf2,-0.056147675495948283,0.588892445706714,0.263,0.8804030643079813
Gemin8,-0.056133350528111,0.5889876659799308,0.305,0.8804030643079813
Spire1,-0.05612357630578686,0.5890526407568928,0.579,0.8804030643079813
Arg1,-0.056120612411088205,0.5890723440821282,0.126,0.8804030643079813
Zbed5-ps,-0.056112169911222864,0.5891284696188892,0.295,0.8804030643079813
Rem1,-0.05606179602768113,0.5894634044279268,0.316,0.8804030643079813
Ndufaf5,-0.05605731876035777,0.5894931778564558,0.263,0.8804030643079813
Mrpl23,-0.056020452297305484,0.589738362479509,0.863,0.8804030643079813
Gm16599,-0.056012140392562505,0.589793648138498,0.263,0.8804030643079813
Hnrnpl,-0.0559852393243915,0.5899725935436635,0.811,0.8804030643079813
Mrpl17,-0.05596417112093274,0.5901127560215402,0.811,0.8804030643079813
Rrs1,-0.055902750798779155,0.5905214590359293,0.611,0.8807939327508576
Rexo1,-0.05584968084249674,0.5908747002396413,0.368,0.880871500848977
Gm43259,-0.05584204793539717,0.5909255138229403,0.105,0.880871500848977
Araf,-0.05580967096223523,0.5911410749133521,0.811,0.8809520772600992
Plpp1,-0.05577793309721532,0.5913524154294718,0.674,0.8811576634477126
Adgrg1,-0.05575821946720078,0.5914837044918404,0.389,0.8812439309881533
Ldlrap1,-0.05574606384542899,0.5915646652093244,0.379,0.8812552028744861
Dcaf15,-0.05569692967566041,0.5918919670917888,0.158,0.8812925900830708
Samsn1,-0.05569432395149909,0.5919093271212423,0.221,0.8812925900830708
Osbpl6,-0.05563181904905214,0.5923258203597112,0.105,0.8815828453704628
Nrm,-0.055602898298006576,0.592518574749043,0.2,0.8815828453704628
Pole3,-0.05559304268091858,0.5925842680784563,0.663,0.8815828453704628
Tmem19,-0.05558314221011651,0.5926502636916684,0.526,0.8815828453704628
Etaa1os,-0.05557926182746589,0.5926761308641504,0.105,0.8815828453704628
Mettl13,-0.05551625446180127,0.593096218008032,0.137,0.8816950557994044
Dmxl2,-0.055514447525784286,0.5931082673183801,0.337,0.8816950557994044
Abt1,-0.05545306121795132,0.5935176791997121,0.474,0.8820362821464895
Wdcp,-0.05544440955721795,0.593575391105378,0.274,0.8820362821464895
Zfp971,-0.0554359764023841,0.5936316478742218,0.189,0.8820362821464895
Gm35188,-0.055377039663177745,0.5940248762235687,0.168,0.8820827114124771
Pnn,-0.055376828354467895,0.5940262862948238,0.758,0.8820827114124771
Tm9sf2,-0.055365381214207324,0.594102675758529,0.853,0.8820827114124771
Lsg1,-0.055320462490991505,0.5944024716692231,0.568,0.8821803476357958
Scrib,-0.055311345402316796,0.5944633291181164,0.326,0.8821803476357958
Crybg1,-0.055292414569486525,0.5945897032055945,0.253,0.8822429723953343
Zfp513,-0.055206236006466104,0.5951651467355432,0.305,0.8826303760618835
Fbxo22,-0.05519931437906761,0.5952113756397233,0.537,0.8826303760618835
Cdkn2c,-0.05518862971435319,0.5952827406845844,0.6,0.8826303760618835
Tmem158,-0.055158667792988586,0.5954828829273717,0.358,0.8826303760618835
Irag1,-0.055112300907312534,0.5957926679880745,0.474,0.8826303760618835
Arl15,-0.05510063129616758,0.5958706460321258,0.716,0.8826303760618835
U2surp,-0.05510027542148286,0.595873024110603,0.789,0.8826303760618835
Osbpl2,-0.0550638413240514,0.5961165119483993,0.484,0.8826303760618835
Rps27l,-0.05500630649250623,0.5965011060756871,0.905,0.8826303760618835
Abtb3,-0.05500223425503745,0.5965283313387755,0.158,0.8826303760618835
Nr6a1,-0.05499364566188626,0.5965857528769607,0.611,0.8826303760618835
Ror1,-0.05497906811693609,0.5966832209614303,0.842,0.8826303760618835
Padi2,-0.054945409135189305,0.5969082981973066,0.116,0.8826303760618835
Pum2,-0.05494153063104549,0.5969342361530969,0.884,0.8826303760618835
Cep19,-0.05492295101374126,0.59705849654072,0.305,0.8826303760618835
Slc25a36,-0.05488021140967622,0.5973443827302864,0.558,0.8826575520214487
Ccdc61,-0.05486583654510556,0.5974405502861897,0.337,0.8826711809137787
Slc45a3,-0.054782681291172385,0.5979969930870263,0.337,0.8827697372370719
Emp1,-0.05477895887878614,0.5980219074445192,0.537,0.8827697372370719
Zfp553,-0.05473409435192472,0.5983222252199264,0.305,0.8827857518913699
Cmc4,-0.05473152740283392,0.5983394101064492,0.274,0.8827857518913699
Brd8,-0.054709390317575185,0.5984876198125045,0.674,0.8827857518913699
Ndufab1,-0.05469942638825775,0.5985543345308142,0.853,0.8827857518913699
Ywhab,-0.05469833194074943,0.5985616627414649,0.916,0.8827857518913699
Hook3,-0.0546584970118112,0.5988284170338902,0.832,0.8827915939939794
St7,-0.05460523751419504,0.5991851516697828,0.568,0.8829671227416646
D030056L22Rik,-0.05451407725085778,0.5997959671672304,0.474,0.8834335350560518
Dock10,-0.054445910902302073,0.6002528940091878,0.379,0.883566892738313
Actr3b,-0.05442300295256826,0.6004064833806237,0.105,0.883566892738313
Dnajb6,-0.054395197205596546,0.6005929341616854,0.884,0.883566892738313
Spg11,-0.05436229687790439,0.6008135797798244,0.505,0.883566892738313
Bola2,-0.05436063561318223,0.600824721985469,0.8,0.883566892738313
Rad23b,-0.054338577322154955,0.6009726770177559,0.863,0.883566892738313
Ccdc97,-0.05433357346982664,0.6010062423932677,0.4,0.883566892738313
Fam98b,-0.05428411609604153,0.6013380426423061,0.568,0.883566892738313
Gnpda1,-0.05426114073828994,0.6014922076742415,0.389,0.883566892738313
Evc2,-0.05425661390504182,0.6015225848693299,0.474,0.883566892738313
Nxpe3,-0.054239008216047685,0.6016407338546867,0.168,0.883566892738313
Ggps1,-0.054219334033672614,0.6017727763542344,0.695,0.883566892738313
Gm48027,-0.054204653733268,0.6018713109872686,0.126,0.883566892738313
1700008J07Rik,-0.05420222272093525,0.6018876287083785,0.116,0.883566892738313
Pisd,-0.05418545512733772,0.6020001834266158,0.442,0.883566892738313
Timm8b,-0.054177934407657065,0.6020506702971543,0.8,0.883566892738313
Arhgef25,-0.054166453927480325,0.6021277428074896,0.579,0.883566892738313
Cox7c,-0.05415395058244751,0.6022116871465331,0.926,0.883566892738313
Epg5,-0.05414230868112803,0.6022898526313498,0.368,0.883566892738313
Rps27rt,-0.05413334262197949,0.6023500551727191,0.558,0.883566892738313
Wdr18,-0.054118698135946226,0.602448391206764,0.558,0.883566892738313
Lynx1,-0.05410931070267105,0.6025114304794789,0.316,0.883566892738313
Acly,-0.05410477057731955,0.6025419197553937,0.705,0.883566892738313
Acvr2a,-0.0541016451524654,0.602562908987386,0.453,0.883566892738313
Mrps18c,-0.05409474461682844,0.6026092516560377,0.789,0.883566892738313
Zfp428,-0.054059797408553975,0.6028439746200895,0.432,0.8836130120350695
Wdr76,-0.05400867691779032,0.6031873983565355,0.253,0.8836130120350695
Lgi3,-0.053988084262590864,0.6033257627725661,0.116,0.8836130120350695
Snrnp200,-0.0539779174075405,0.6033940802168827,0.695,0.8836130120350695
Isg20l2,-0.053961288302488204,0.6035058289273519,0.474,0.8836130120350695
Nim1k,-0.05394983915941718,0.6035827732629369,0.2,0.8836130120350695
Cnot6,-0.0539476635144851,0.6035973952454101,0.821,0.8836130120350695
4930509H03Rik,-0.05392159693406838,0.6037725945958219,0.158,0.8836540155182878
Gm57146,-0.053860542191566524,0.6041830452146855,0.232,0.8838842304711719
Blzf1,-0.05383813723161529,0.6043336971752578,0.421,0.8838842304711719
Clic1,-0.053830000549183805,0.6043884127003494,0.905,0.8838842304711719
Ess2,-0.05380781756222344,0.6045375944070495,0.326,0.8838842304711719
Sgms2,-0.05380417721734,0.6045620774625722,0.432,0.8838842304711719
Zbtb22,-0.05378510791696238,0.6046903347526481,0.442,0.8838842304711719
1700066M21Rik,-0.053723895961557425,0.6051021184072196,0.137,0.8839959793916952
Pde12,-0.05371829404082781,0.6051398096942899,0.337,0.8839959793916952
Piezo1,-0.0537116934332231,0.6051842217539547,0.547,0.8839959793916952
Eif4h,-0.053641235804429276,0.6056583840479047,0.832,0.8841347508918151
Rap1gap2,-0.05363192815194539,0.6057210344662339,0.221,0.8841347508918151
Cyb5r1,-0.053610574720134294,0.605864776598727,0.295,0.8842370697241905
Gm5820,-0.05359833769598312,0.6059471577595603,0.126,0.884238361450109
Sarnp,-0.053582701342108366,0.6060524308049524,0.884,0.884238361450109
Ilf3,-0.053537687089299575,0.6063555379216263,0.695,0.8843726441414583
Mphosph8,-0.05352999421128173,0.6064073452105778,0.758,0.8843726441414583
Rad52,-0.05352733016382325,0.606425286554226,0.263,0.8843726441414583
Mrps7,-0.05345819864214195,0.6068909426066826,0.684,0.8843726441414583
Ak6,-0.05343588136834742,0.6070413008292452,0.642,0.8843726441414583
Pawr,-0.05341704315709553,0.6071682322924411,0.389,0.8843726441414583
Cox10,-0.05341607180546615,0.607174777554937,0.474,0.8843726441414583
Nmral1,-0.05340883798678793,0.6072235221985285,0.2,0.8843726441414583
Atp5o,-0.05332408596443649,0.6077947464854903,0.842,0.88472074166853
Rnf11,-0.05324122908464248,0.608353425405274,0.779,0.8852943689720542
C87436,-0.053240435522132895,0.6083587772456416,0.484,0.8852943689720542
Lmln,-0.05315672318901855,0.6089234548567825,0.116,0.88530226834269
Calm2,-0.05314843631162331,0.6089793660793648,0.884,0.88530226834269
Ap2b1,-0.05313611299800513,0.609062515127663,0.832,0.88530226834269
Zfp341,-0.0531030136052638,0.6092858711312451,0.137,0.88530226834269
Pwp1,-0.05307594899366088,0.6094685308213152,0.453,0.88530226834269
Ccl4,-0.05306477958317243,0.6095439204121778,0.126,0.88530226834269
Vkorc1,-0.053048640506438406,0.6096528607044327,0.874,0.8853533984613114
Stx17,-0.05302564632405412,0.6098080883096126,0.6,0.8853659796639807
Nicn1,-0.05300129652104995,0.6099724861788969,0.379,0.8853892216574003
Ctsa,-0.05295942887998742,0.6102552011220646,0.842,0.8855797710812364
Pheta2,-0.052947985136029684,0.6103324859708599,0.2,0.8855797710812364
Btbd10,-0.05293816891262743,0.6103987828323738,0.453,0.8855797710812364
Mrnip,-0.05290772614582007,0.6106044073440873,0.168,0.8856758393211873
Rassf5,-0.05287842775979163,0.6108023307216923,0.474,0.8856758393211873
Fpgt,-0.05287546230942813,0.6108223651921649,0.326,0.8856758393211873
Mettl22,-0.052867836814158686,0.6108738840660632,0.2,0.8856758393211873
Gimap7,-0.05284628630498057,0.6110194924575065,0.105,0.8856758393211873
Tex10,-0.052814349564061155,0.611235304398789,0.526,0.8856758393211873
Dram2,-0.05280536949379465,0.6112959930434275,0.642,0.8856758393211873
Dnlz,-0.05278259283250999,0.6114499328702341,0.684,0.8856758393211873
Sec22c,-0.05277374788527569,0.6115097174599322,0.126,0.8856758393211873
Gnb1,-0.05276572374332065,0.6115639562821801,0.905,0.8856758393211873
Nfs1,-0.05273689471766552,0.6117588420571118,0.568,0.8856758393211873
Usp37,-0.05273479420580228,0.6117730426880668,0.558,0.8856758393211873
Dcaf5,-0.05271477712891359,0.6119083764859137,0.674,0.8856758393211873
Rock1,-0.052701561910409055,0.6119977306250841,0.853,0.8856758393211873
Ppan,-0.05268031925944533,0.6121413738090434,0.516,0.8856758393211873
1810014B01Rik,-0.052671530939811945,0.6122008048729339,0.168,0.8856758393211873
Phaf1,-0.052662608750560544,0.6122611437990195,0.453,0.8856758393211873
Mrpl4,-0.052650898756814495,0.6123403399980467,0.737,0.8856758393211873
Unkl,-0.05264461423845536,0.6123828448442157,0.389,0.8856758393211873
Fbxo11,-0.05258188102984533,0.6128072062928978,0.832,0.8858837231717765
Ankfy1,-0.05255459772550661,0.6129918052315537,0.642,0.8858837231717765
Pum1,-0.05254166546840209,0.6130793133700628,0.905,0.8858837231717765
Ube2n,-0.05252631064042231,0.6131832212587729,0.853,0.8858837231717765
Bcl2l11,-0.052516785038518594,0.6132476859474019,0.516,0.8858837231717765
Ap4b1,-0.05251427964393084,0.6132646417408352,0.326,0.8858837231717765
Dph6,-0.052504443371849015,0.6133312127832189,0.642,0.8858837231717765
Cradd,-0.05250341563054692,0.6133381686288814,0.526,0.8858837231717765
Ptpn11,-0.052488851294595434,0.6134367450474189,0.747,0.8858957029673945
Mdfi,-0.052479409909619135,0.6135006512515184,0.316,0.8858957029673945
Atg4d,-0.052469488813970434,0.6135678076019699,0.284,0.8858957029673945
Natd1,-0.052421884078338525,0.613890090605776,0.326,0.8859443383862867
Polg2,-0.052420917525009304,0.6138966349107942,0.179,0.8859443383862867
Tpcn2,-0.05230766055810899,0.6146636805478436,0.295,0.8868232066957072
Polr2g,-0.05229828371095203,0.6147272049078347,0.779,0.8868232066957072
Mrpl50,-0.05222601973423947,0.6152168595637015,0.568,0.8873163763100738
Csk,-0.0522046161395366,0.6153619209118493,0.705,0.887418998845613
Pdxdc1,-0.05215722392386738,0.615683170925932,0.747,0.8876690481877602
Gm12353,-0.05214240316722462,0.615783648889759,0.137,0.8876833225424366
Cryzl1,-0.052125043242379675,0.6159013502650551,0.653,0.8876833225424366
Nos1ap,-0.05209386343161301,0.6161127757329429,0.274,0.887743269897698
Eef1a1,-0.052085666293393056,0.616168364460611,1.0,0.887743269897698
Mpnd,-0.052065808436090134,0.616303039097382,0.547,0.8878165075515616
Zfp521,-0.052040397270034205,0.6164753944285419,0.274,0.8878167030615522
Rex1bd,-0.052005710351428334,0.6167106976179171,0.842,0.8878167030615522
Fancm,-0.05199149542340583,0.6168071376073698,0.179,0.8878167030615522
Ccdc130,-0.05196133518070896,0.6170117787868062,0.305,0.8878167030615522
Usp33,-0.05193297657442137,0.6172042223238757,0.695,0.8878167030615522
Zfp974,-0.051907839855382505,0.6173748235254202,0.211,0.8878167030615522
Cstf2t,-0.05189907526954928,0.6174343129494035,0.4,0.8878167030615522
Parva,-0.05187865596278082,0.6175729180994212,0.874,0.8878167030615522
Isl1,-0.051862176731438205,0.617684788000308,0.274,0.8878167030615522
Stau2,-0.05182893028523206,0.6179105093424908,0.432,0.8878167030615522
Ap5b1,-0.05182142048404858,0.6179615008315077,0.105,0.8878167030615522
Lat,-0.051793403026445646,0.618151755118614,0.158,0.8878167030615522
Tmem33,-0.05179031704561506,0.6181727122036629,0.747,0.8878167030615522
Rab11b,-0.05178210325300712,0.6182284940621797,0.832,0.8878167030615522
Nol3,-0.05177163379676123,0.6182995978179978,0.189,0.8878167030615522
Igsf8,-0.05175732437012832,0.6183967865832412,0.726,0.8878500796968763
Dnhd1,-0.0517425846516692,0.6184969047318718,0.105,0.8878876536484439
Gatad2a,-0.05171975803056654,0.6186519661541027,0.747,0.887987021734951
Cars,-0.0516984638661978,0.6187966326452727,0.495,0.887987021734951
Gdpd1,-0.05166927785805668,0.6189949376845576,0.189,0.887987021734951
Tmem161a,-0.05166194706549246,0.6190447512204968,0.516,0.887987021734951
Rab11fip3,-0.0516430246916219,0.6191733387728402,0.432,0.887987021734951
Eid1,-0.05161300272202164,0.6193773774826195,0.842,0.887987021734951
Cct7,-0.05159151486274243,0.6195234334200801,0.863,0.8880871376641477
Slc25a22,-0.05157702386968459,0.6196219390363915,0.274,0.8880882281107435
Med19,-0.051566164776246204,0.619695760443685,0.547,0.8880882281107435
Trim44,-0.0515562783330675,0.6197629729391508,0.758,0.8880882281107435
Ppwd1,-0.05153700435100862,0.6198940151408463,0.442,0.8880882281107435
Zfp937,-0.051493253944750135,0.6201915145899357,0.232,0.8884084366119491
Kctd9,-0.051323080184957626,0.6213492644934027,0.453,0.8892938647681234
1110065P20Rik,-0.051319631924264024,0.6213727337307978,0.716,0.8892938647681234
Pcdhb17,-0.051306552478044075,0.6214617573090817,0.147,0.8892938647681234
Rpl23,-0.05127379619260918,0.6216847326949069,0.989,0.8892938647681234
Cherp,-0.051270345602475356,0.6217082232046596,0.558,0.8892938647681234
Zfp142,-0.051237540919382304,0.6219315658896516,0.326,0.8892938647681234
Gm13483,-0.05122515230813165,0.6220159196397383,0.242,0.8892938647681234
Pabpc1,-0.05121852210079197,0.622061066565426,0.968,0.8892938647681234
Nek8,-0.05121141512085262,0.6221094615216873,0.168,0.8892938647681234
Ipp,-0.05120331253751768,0.6221646379965149,0.221,0.8892938647681234
Atp6v0a2,-0.05113275363398994,0.6226452139489317,0.663,0.8892938647681234
Cops6,-0.05112430048052849,0.6227027989049347,0.853,0.8892938647681234
Rfxank,-0.051116576265573824,0.6227554201382834,0.221,0.8892938647681234
Zfp384,-0.05111187741328434,0.6227874320084115,0.516,0.8892938647681234
Srp68,-0.051093055182876546,0.6229156692462436,0.716,0.8892938647681234
Pex1,-0.05107794857881374,0.623018599788773,0.326,0.8892938647681234
Klhdc8b,-0.051068389447827246,0.6230837357444434,0.221,0.8892938647681234
Ogg1,-0.05105138944650192,0.6231995809868169,0.305,0.8892938647681234
Fcgr3,-0.05103348426152493,0.6233216044546869,0.263,0.8892938647681234
Tert,-0.05101778606903241,0.6234285956839833,0.137,0.8892938647681234
Morf4l1,-0.05100708761691257,0.6235015155994053,0.937,0.8892938647681234
Ptprj,-0.05093254054975827,0.6240097240493254,0.768,0.8892938647681234
Snapin,-0.05089545742573415,0.6242625957920405,0.611,0.8892938647681234
Fbxl9,-0.050876778426645945,0.6243899853473809,0.116,0.8892938647681234
Srxn1,-0.05084517985237831,0.6246055107087098,0.432,0.8892938647681234
Gigyf1,-0.05079967571878783,0.6249159376493096,0.516,0.8892938647681234
Dnmt3b,-0.050770276052323454,0.6251165355347112,0.105,0.8892938647681234
Ncbp3,-0.0507502585993963,0.6252531329467661,0.589,0.8892938647681234
Smarcd3,-0.050741335950020325,0.6253140244340898,0.337,0.8892938647681234
Hebp2,-0.05072386920410942,0.6254332313038939,0.2,0.8892938647681234
Lama2,-0.050723792616915044,0.6254337540166195,0.158,0.8892938647681234
Uggt1,-0.050720163940251986,0.6254585201899451,0.674,0.8892938647681234
Aph1b,-0.050717718830737196,0.6254752086035665,0.105,0.8892938647681234
Dhrs13,-0.050713025487912004,0.6255072422361814,0.116,0.8892938647681234
Mafb,-0.050709815553007055,0.625529151514777,0.211,0.8892938647681234
Lgi2,-0.050698882282802976,0.6256037785420118,0.684,0.8892938647681234
Tmem64,-0.05068817511361051,0.6256768659334575,0.516,0.8892938647681234
Hdac3,-0.05067419094760248,0.6257723276329603,0.579,0.8892938647681234
Gpr89,-0.050625708427435356,0.6261033371463565,0.379,0.8892938647681234
Klhl12,-0.050625708427435356,0.6261033371463565,0.379,0.8892938647681234
Gpr68,-0.05058652127036143,0.6263709376833138,0.221,0.8892938647681234
Ptprc,-0.05057502544215399,0.6264494493668209,0.337,0.8892938647681234
Basp1,-0.05057473251589509,0.6264514499846846,0.558,0.8892938647681234
Tpp2,-0.05056259018377078,0.626534381653287,0.747,0.8892938647681234
Phf7,-0.05056092436752052,0.6265457594775787,0.253,0.8892938647681234
Pcnx2,-0.05052740034004903,0.6267747531898269,0.232,0.8893032815715646
Kmt5a,-0.05048171491423341,0.6270868751525682,0.705,0.8895831887945282
Il27ra,-0.05044376275849678,0.627346213506832,0.137,0.8897408440321912
Tmem68,-0.05042689226675546,0.6274615091339517,0.432,0.8897885746765244
Bbs5,-0.05041409197596555,0.6275489943304975,0.295,0.8897885746765244
Anapc15,-0.05037074697877064,0.6278452794083011,0.6,0.8898183729566351
Dclre1a,-0.05034016511873852,0.6280543574732917,0.316,0.8898183729566351
Gm32342,-0.050326175565967975,0.6281500092102617,0.179,0.8898183729566351
Bloc1s3,-0.05031063037680078,0.6282563046142691,0.263,0.8898183729566351
Lzic,-0.050301175001829145,0.6283209625969439,0.505,0.8898183729566351
0610009B22Rik,-0.05029483972857968,0.6283642861913308,0.621,0.8898183729566351
Rrp1,-0.050199543254696506,0.629016120427405,0.821,0.8904153053926028
Cep44,-0.05016817101643572,0.6292307709049917,0.347,0.8904153053926028
Tppp3,-0.050150893722509235,0.6293489962065525,0.137,0.8904776570176851
Akna,-0.05013343750705693,0.6294684553262415,0.274,0.8905056721375278
Tbxa2r,-0.05012129010238308,0.6295515899849194,0.284,0.8905056721375278
Slc52a2,-0.05007570286426544,0.6298636220412508,0.263,0.8906810163525261
Ube3b,-0.05004513775395945,0.6300728681785815,0.716,0.8907561182686637
Rhbdd3,-0.050043385401497394,0.6300848655192381,0.179,0.8907561182686637
Mrpl40,-0.05001681566128601,0.6302667848746375,0.716,0.8907561182686637
Trak1,-0.050013766433286866,0.6302876639302546,0.705,0.8907561182686637
Ddb2,-0.04998936882645121,0.630454732736879,0.284,0.8908873691857957
Odr4,-0.04996065302267493,0.6306513953090194,0.768,0.891060402856601
Snx27,-0.04993707846430448,0.6308128668752406,0.653,0.8911836795588909
Dmd,-0.04988299373126134,0.6311833803369369,0.221,0.8913924779705482
Adat1,-0.04984562132496592,0.6314394574395473,0.232,0.8914767737485036
Zscan29,-0.049826628156755454,0.6315696160079916,0.337,0.8914767737485036
Atxn1,-0.04981153051404145,0.6316730868879137,0.863,0.8914767737485036
Snrpf,-0.049790899112421794,0.6318144945643948,0.874,0.8914767737485036
Atp1a1,-0.04979079596355416,0.6318152015802799,0.895,0.8914767737485036
Alkbh1,-0.049773819813794466,0.6319315661448335,0.568,0.8914767737485036
Prdx2,-0.04975494067410251,0.6320609854618082,0.905,0.8914767737485036
Ccnyl1,-0.04973886796936809,0.6321711749890557,0.463,0.8914767737485036
Uvssa,-0.04971256890170939,0.6323514906515026,0.537,0.8914767737485036
Rbm14,-0.049683269892314814,0.6325524002967757,0.432,0.8914767737485036
Mybbp1a,-0.04963798962282979,0.6328629493757076,0.705,0.8914767737485036
Ptpn12,-0.04962774546087721,0.6329332165172883,0.737,0.8914767737485036
Trub1,-0.04962562979271328,0.6329477287941014,0.253,0.8914767737485036
Man2a1,-0.0496255338235275,0.63294838709127,0.947,0.8914767737485036
Fam219a,-0.049625202677586716,0.6329506585771034,0.516,0.8914767737485036
Mpv17,-0.04962312668648811,0.6329648988545256,0.674,0.8914767737485036
Hnrnpr,-0.04961828187026088,0.6329981324304809,0.884,0.8914767737485036
Mllt6,-0.049614367625728184,0.6330249831747932,0.505,0.8914767737485036
Tmem144,-0.049600299934852626,0.6331214879633988,0.137,0.8915081160990418
Ppp1r15a,-0.049585520274146984,0.6332228835039584,0.453,0.8915463370347125
Mgat1,-0.04956613773824064,0.6333558672438927,0.674,0.891565309844494
1500015A07Rik,-0.04954156215696917,0.6335244972684855,0.116,0.891565309844494
Tex261,-0.049540268543177245,0.633533374164506,0.758,0.891565309844494
Bmpr1a,-0.04950905062409852,0.6337476101122311,0.832,0.8916502460149738
Slc9a9,-0.049496862729638894,0.633831258900385,0.284,0.8916502460149738
Uckl1,-0.04946457706927191,0.6340528662922217,0.4,0.8916546653106373
Frk,-0.04944478753409411,0.6341887167766411,0.6,0.8916546653106373
Elf2,-0.04938519086703184,0.6345979070529353,0.758,0.8919135046218651
Ccdc124,-0.049361893943741825,0.6347578934330671,0.684,0.8920339450434032
Txn2,-0.04928507279596393,0.6352855642734002,0.789,0.8925665539703623
Rtraf,-0.04925090552232462,0.6355203117935792,0.863,0.8927919016854458
Gm42984,-0.049172563127187374,0.6360587021394274,0.147,0.8934437104104007
Mrps14,-0.04912402773132445,0.6363923455874343,0.811,0.8934496155740416
Ate1,-0.049095639426534894,0.6365875269497372,0.558,0.8934496155740416
Snrpe,-0.04908276584934682,0.63667604630821,0.905,0.8934496155740416
Dffb,-0.049081755069704115,0.6366829966954666,0.147,0.8934496155740416
Ino80d,-0.04907538086654728,0.636726828121156,0.779,0.8934496155740416
Trmt2b,-0.0490343999500132,0.6370086582286283,0.453,0.8934496155740416
Ikzf2,-0.04897116129525211,0.6374436585254217,0.558,0.8934496155740416
Akt1s1,-0.048963642098064045,0.6374953890718125,0.684,0.8934496155740416
Plekha7,-0.04892613870077476,0.6377534307510111,0.189,0.8934496155740416
Insig2,-0.04891482463149743,0.637831285552277,0.642,0.8934496155740416
Ccar2,-0.0489004283241781,0.6379303556487624,0.484,0.8934496155740416
Aifm1,-0.04889803412792124,0.6379468322446116,0.568,0.8934496155740416
Timm10,-0.04887884713373217,0.638078881387337,0.653,0.8934592570049861
Acin1,-0.04880269300569863,0.6386031023275391,0.905,0.8938490034541506
Irf5,-0.04880092156827805,0.6386152984589172,0.347,0.8938490034541506
Taf1b,-0.048800218322666566,0.6386201402461635,0.432,0.8938490034541506
Scrn3,-0.0487951549919914,0.6386550013020037,0.316,0.8938490034541506
Fez2,-0.04877152647818999,0.6388176941190384,0.642,0.8939210406130041
Il33,-0.048716519686543794,0.6391965065632794,0.726,0.8939210406130041
Serp1,-0.04870498531441625,0.6392759514789275,0.874,0.8939210406130041
ENSMUSG00000121485,-0.04869038466051952,0.6393765217610127,0.232,0.8939210406130041
Dhrs4,-0.048670674080085324,0.6395122999041485,0.663,0.8940003758509141
Nbl1,-0.04865627519448676,0.639611495460289,0.6,0.8940003758509141
Slc31a1,-0.04864972304787866,0.6396566360402435,0.642,0.8940003758509141
Psmd6,-0.04855377766530618,0.6403177956549819,0.789,0.8945552741516668
Rbm4b,-0.04854886206407957,0.6403516766330953,0.495,0.8945552741516668
Agap3,-0.048488869648801135,0.6407652361661695,0.495,0.8949098273836802
Zbtb2,-0.0484725704600332,0.6408776140815687,0.316,0.8949098273836802
Cd226,-0.04846880068169208,0.6409036067021125,0.147,0.8949098273836802
Cpeb3,-0.04840469828267565,0.6413456590156232,0.274,0.894917473550483
1700030K09Rik,-0.04839751876353994,0.641395177017106,0.284,0.894917473550483
Pecr,-0.04839742286984456,0.6413958384180046,0.432,0.894917473550483
Arhgef2,-0.04839263273860434,0.6414288774125039,0.653,0.894917473550483
Tmed4,-0.048392352043556984,0.6414308134734286,0.663,0.894917473550483
Zfp763,-0.04836585744293229,0.6416135676482897,0.242,0.895018600247583
Gm56501,-0.048287184566725545,0.6421563624377868,0.147,0.8955135242497685
Ctc1,-0.04820465995640582,0.6427259339907226,0.358,0.8959848247913909
Espl1,-0.048194972194596904,0.6427928109230483,0.105,0.8959848247913909
Ube2d1,-0.04816742288237313,0.6429830059658835,0.632,0.8960418932953068
Tle1,-0.04813543939445389,0.6432038425646764,0.663,0.8961416265576782
Dock7,-0.048092578869780155,0.6434998305341912,0.8,0.8963558299411054
2900026A02Rik,-0.04807089289862704,0.6436496116091803,0.326,0.8963558299411054
Zfp639,-0.048070525404206046,0.6436521499493225,0.558,0.8963558299411054
Noct,-0.04806993938277911,0.6436561976973607,0.453,0.8963558299411054
Strn4,-0.04803826985264218,0.6438749599058131,0.611,0.8964851108387857
Tmem87a,-0.04803488270585872,0.6438983589467551,0.621,0.8964851108387857
Klc4,-0.04795914693618564,0.6444216464019963,0.274,0.8967457086149871
Rwdd2b,-0.047922957111546254,0.6446717570043956,0.158,0.8967457086149871
Ier2,-0.04792132831964252,0.6446830146385083,0.779,0.8967457086149871
Plpp5,-0.047892117920090405,0.6448849202037776,0.653,0.8969226499347571
Tmco3,-0.04782609367022193,0.6453413821527085,0.442,0.8971786277292182
Nup210l,-0.04781657050530884,0.6454072318824946,0.274,0.8971786277292182
Ift20,-0.047798128607785255,0.6455347596564509,0.842,0.8972029007055221
Gdi1,-0.047767023100209874,0.6457498809339477,0.474,0.8973468969851675
Serhl,-0.04773311263901685,0.6459844340892464,0.505,0.8974434864367302
Nat10,-0.047697853656066304,0.6462283514739788,0.337,0.8974434864367302
Slx1b,-0.04760301101921424,0.6468846470084848,0.179,0.8978024617923491
Cyp4v3,-0.047599797385990905,0.6469068895618415,0.295,0.8978024617923491
Utp23,-0.04759957803060097,0.6469084077999181,0.432,0.8978024617923491
Nlrc5,-0.04754571426773091,0.6472812621596071,0.263,0.8978024617923491
Ptk7,-0.04750980621524741,0.6475298723528635,0.768,0.8978024617923491
Nt5dc1,-0.04750915371202741,0.6475343903312435,0.505,0.8978024617923491
Ifrd2,-0.047507023504244905,0.6475491401293048,0.368,0.8978024617923491
Id2,-0.04749925780553911,0.6476029118525493,0.516,0.8978024617923491
Bri3bp,-0.047492447069769815,0.6476500726523975,0.632,0.8978024617923491
Copb1,-0.04749022786091675,0.6476654398190289,0.821,0.8978024617923491
Tmem51,-0.04747086059763673,0.6477995569274542,0.316,0.8978024617923491
Prrx2,-0.047465674334839704,0.6478354733879331,0.579,0.8978024617923491
Ube2v1,-0.04740761318167911,0.648237619712575,0.789,0.8981453721176682
Parp6,-0.04737494210498869,0.6484639523045985,0.432,0.8981453721176682
Aatf,-0.04735756498466953,0.6485843472962436,0.663,0.8981453721176682
Cflar,-0.0473477201087929,0.6486525601769589,0.8,0.8981453721176682
Maml1,-0.04727972315840952,0.6491237745683652,0.558,0.8985507448976667
Rnf114,-0.04718573207271676,0.6497753540939772,0.684,0.898973393832025
Hectd1,-0.04717659305297228,0.6498387230872519,0.863,0.898973393832025
Zfp280d,-0.04717650094472145,0.649839361768775,0.632,0.898973393832025
Klhdc3,-0.04716988951315999,0.6498852063053384,0.558,0.898973393832025
Jkamp,-0.04714361660620172,0.6500673989850958,0.811,0.898973393832025
Rnf122,-0.04714289200063546,0.6500724241425286,0.368,0.898973393832025
Foxo1,-0.04712265486424127,0.6502127755051099,0.6,0.898973393832025
Adamts14,-0.04711850526463344,0.6502415558854857,0.232,0.898973393832025
Gm57395,-0.047110746658839533,0.6502953686289722,0.179,0.898973393832025
Itga10,-0.046968807834528704,0.6512801553682658,0.242,0.8996687558107187
Zfp831,-0.04685904575800909,0.6520421071336706,0.137,0.9004105325306478
Anxa6,-0.04683764483047587,0.6521907108096376,0.779,0.900470934830154
Nedd4,-0.046831146135413566,0.6522358391120054,0.958,0.900470934830154
4933421O10Rik,-0.046797135175720116,0.6524720387824127,0.189,0.9004864103057963
Stat5b,-0.04675371789800297,0.6527736133702056,0.6,0.9007850881559848
Gm10516,-0.046707376678881696,0.6530955591329559,0.116,0.9007850881559848
Tcf19,-0.046702233915242954,0.6531312913084328,0.168,0.9007850881559848
Rala,-0.04670118433356792,0.6531385839498629,0.811,0.9007850881559848
Vps53,-0.046687916573143876,0.6532307730300694,0.589,0.9008087621192193
Rptor,-0.046636011777522496,0.6535914758920583,0.695,0.901163237703447
Prkci,-0.04661918051622639,0.6537084587593457,0.421,0.901163237703447
Elp5,-0.046573331069629124,0.654027170127281,0.632,0.901163237703447
Zfp874b,-0.04656774067029652,0.6540660346862863,0.221,0.901163237703447
Ctnna1,-0.04655040955812448,0.6541865267609661,0.884,0.901163237703447
Pnpt1,-0.04653291922733564,0.6543081347684023,0.516,0.901163237703447
Odc1,-0.04652661452299533,0.6543519727755723,0.747,0.901163237703447
Cep97,-0.046515647481998997,0.6544282318374693,0.263,0.901163237703447
Bmpr2,-0.046399526241686286,0.655235895682201,0.853,0.9013680531806059
Smyd1,-0.04639246718131641,0.6552850067233453,0.116,0.9013680531806059
Macroh2a1,-0.04634344583529053,0.6556260967208762,0.853,0.9014884060015138
1110059G10Rik,-0.04633631628113851,0.6556757099701191,0.621,0.9014884060015138
Tespa1,-0.046308451970352486,0.6558696268923131,0.137,0.9015485529589014
Trim26,-0.046261124740844414,0.6561990449715246,0.547,0.9017948876013615
Mfap2,-0.046204667960529154,0.6565920947230102,0.653,0.902045851047776
Zfp414,-0.0461514295411472,0.6569628240499439,0.421,0.9021272974890414
Eml1,-0.04615085001136215,0.6569668601019554,0.716,0.9021272974890414
Bcas2,-0.04611988044154731,0.6571825575427666,0.779,0.9021805017386526
Ptges3,-0.046102135978268934,0.6573061571757919,0.884,0.9021805017386526
Bace2,-0.04601100713034283,0.657941063331172,0.179,0.9027667374731971
Tmx3,-0.04600971894518401,0.657950040020703,0.768,0.9027667374731971
Eml3,-0.04599373528427331,0.6580614258405608,0.442,0.9027667374731971
Gm47283,-0.04596530306024932,0.658259580792691,0.705,0.9027667374731971
Cdh1,-0.0459488770865315,0.6583740703973207,0.147,0.9028206330813876
Zfat,-0.045902790602794286,0.6586953368468494,0.253,0.9030056440267085
Mtor,-0.04589977113781598,0.6587163875421841,0.526,0.9030056440267085
Gins4,-0.045896075882029215,0.6587421499860124,0.453,0.9030056440267085
Arsk,-0.045886370655268995,0.6588098144144221,0.421,0.9030056440267085
Ctla2b,-0.04580471722845389,0.6593792074062896,0.137,0.9031941421142042
Slc35d1,-0.04579611762008544,0.6594391862761608,0.484,0.9031941421142042
Taf4b,-0.045778925382665744,0.6595591017955369,0.168,0.9031941421142042
9330160F10Rik,-0.04576957294413538,0.659624338485838,0.137,0.9031941421142042
Nfe2l1,-0.04568359228357111,0.6602242044083055,0.779,0.9038093743393598
Rer1,-0.045634874325750974,0.6605641930204202,0.863,0.904068649902677
Cd3g,-0.045585674759568186,0.6609076125993252,0.168,0.9040982943349024
Lrp8,-0.04557071336233135,0.6610120590922084,0.126,0.9040982943349024
Mis18bp1,-0.04556886391126552,0.6610249706821161,0.189,0.9040982943349024
Traf3ip2,-0.045556264151545,0.6611129361422873,0.589,0.9040982943349024
Nmt1,-0.04544577336001069,0.661884526802915,0.789,0.9045813736255052
Dcaf17,-0.045419380884151865,0.6620688857683801,0.484,0.9045813736255052
Wdr5b,-0.04540094487189159,0.6621976785244597,0.126,0.9046161696488401
Irak1bp1,-0.04537557335368066,0.6623749383368243,0.453,0.9046161696488401
Gm47547,-0.045356504909412676,0.6625081735502215,0.411,0.9046161696488401
Sesn2,-0.0453524395889088,0.6625365801550225,0.126,0.9046161696488401
Ankrd42,-0.045328186947417394,0.6627060564701157,0.126,0.9046161696488401
Cwf19l2,-0.04532658061092978,0.6627172820737439,0.768,0.9046161696488401
Hnrnph3,-0.045312999464160744,0.6628121945384585,0.747,0.9046161696488401
Mpdu1,-0.04530374128720407,0.6628768987842582,0.653,0.9046161696488401
Ahcyl1,-0.045291367294731114,0.6629633829408383,0.768,0.9046161696488401
Katnb1,-0.04528924657832466,0.662978205469648,0.211,0.9046161696488401
Cdkn1a,-0.04528635129200438,0.6629984419846584,0.337,0.9046161696488401
Zkscan5,-0.04520573636120579,0.6635619946842096,0.232,0.9051375622804808
Zswim1,-0.04518828307480823,0.6636840295942865,0.158,0.9051375622804808
Ikzf5,-0.045185123328873145,0.6637061237535236,0.347,0.9051375622804808
Pgd,-0.045177776824333986,0.6637574944515394,0.737,0.9051375622804808
Gdap2,-0.045127878207624615,0.6641064534610187,0.316,0.9052265548047906
Snf8,-0.04509249219857112,0.6643539640072762,0.779,0.9052265548047906
Echs1,-0.045082210473353715,0.6644258871903572,0.832,0.9052265548047906
Gm20045,-0.04506781751021466,0.6645265745946837,0.105,0.9052610144268626
Usp20,-0.04501572567119639,0.6648910380053045,0.263,0.9055842245855363
Zpbp,-0.04500686539202921,0.6649530371925502,0.116,0.9055842245855363
Slc25a45,-0.04499539248295723,0.6650333214254207,0.147,0.9055842245855363
Plcb3,-0.044937157862156886,0.6654408893953285,0.484,0.9057487889525859
Senp3,-0.044892937448341295,0.6657504407917547,0.526,0.9057487889525859
Ogfod2,-0.04487580048143732,0.6658704179231194,0.253,0.9057487889525859
5530601H04Rik,-0.044853943971551895,0.6660234491204068,0.337,0.9057487889525859
Mrpl13,-0.044848080224376946,0.6660645072367328,0.789,0.9057487889525859
Dmxl1,-0.04484063684738812,0.6661166273818486,0.768,0.9057487889525859
Slc30a6,-0.044829332316816135,0.6661957871982704,0.495,0.9057487889525859
Foxn3,-0.044812068756766445,0.6663166820932289,0.811,0.9057487889525859
Eif4g1,-0.04478533233744326,0.6665039312558942,0.884,0.9057487889525859
Ndufs7,-0.04477319445620944,0.6665889459506198,0.853,0.9057487889525859
Senp5,-0.04473286058266972,0.66687147789339,0.758,0.9057487889525859
Impdh2,-0.044718762612111045,0.6669702427511803,0.758,0.9057487889525859
Ralgapa2,-0.04471255084572971,0.6670137617545797,0.537,0.9057487889525859
Lman2l,-0.04470507907319858,0.6670661096930472,0.411,0.9057487889525859
Hnrnpdl,-0.04469635277400195,0.6671272489812953,0.832,0.9057487889525859
Slc12a6,-0.04468564815933181,0.6672022519603853,0.526,0.9057487889525859
Ruvbl1,-0.044679335426019734,0.6672464843064143,0.674,0.9057487889525859
Gsto1,-0.044637374755270104,0.6675405251417407,0.642,0.9057487889525859
Kdm7a,-0.04463273314936086,0.6675730544395903,0.611,0.9057487889525859
Cebpzos,-0.044618302909092716,0.6676741883593518,0.611,0.9057487889525859
Aaas,-0.04461815603459811,0.6676752177555076,0.263,0.9057487889525859
Gm16124,-0.04460671808744275,0.6677553845422046,0.189,0.9057487889525859
Hmbs,-0.04457980700353557,0.6679440148385873,0.537,0.9057487889525859
Bard1,-0.04457635506118415,0.6679682123440194,0.126,0.9057487889525859
Rsl1,-0.04457077603425448,0.6680073210539417,0.158,0.9057487889525859
Lurap1,-0.044564054209911726,0.6680544418964387,0.147,0.9057487889525859
Ramac,-0.0445543674889105,0.6681223493048931,0.705,0.9057487889525859
Fam149a,-0.044553512419412786,0.6681283437788834,0.368,0.9057487889525859
Ncoa5,-0.04446543431268745,0.668745927783714,0.474,0.9061767695405771
Arfrp1,-0.04444706316134142,0.668874770006334,0.537,0.9062149069973312
Arhgap9,-0.04441032751027549,0.6691324365688118,0.232,0.9062149069973312
Naa10,-0.04440863792184423,0.6691442883887683,0.674,0.9062149069973312
Sppl3,-0.04438998739543437,0.6692751201219242,0.842,0.9062149069973312
Psmg1,-0.04438084203594761,0.6693392775895048,0.579,0.9062149069973312
Cdk13,-0.04437805627428678,0.6693588210233636,0.695,0.9062149069973312
Ldb3,-0.044377108402290595,0.6693654708433605,0.179,0.9062149069973312
Kmt2e,-0.044375341913336086,0.6693778637594179,0.874,0.9062149069973312
Zxdc,-0.044335033517247116,0.6696606739511463,0.368,0.9062955818672784
Acss2,-0.04433457428637736,0.6696638962543928,0.232,0.9062955818672784
Sh3bp1,-0.044256263203526436,0.6702134721414053,0.526,0.9066758474427172
Kif18a,-0.044250995602539145,0.6702504456431284,0.158,0.9066758474427172
Cdc16,-0.044249491963445325,0.6702609998901599,0.705,0.9066758474427172
Cd44,-0.04419318863109,0.6706562466977807,0.874,0.9066758474427172
Clpx,-0.04417400783970119,0.6707909154568601,0.653,0.9066758474427172
Atm,-0.04416910639757642,0.6708253302592233,0.516,0.9066758474427172
Gas8,-0.0441625362587863,0.6708714626515306,0.474,0.9066758474427172
Fyn,-0.0441553000518305,0.670922273270304,0.579,0.9066758474427172
Ankrd9,-0.044115409581660915,0.6712023995474647,0.189,0.9066758474427172
Hoxb2,-0.04410819942566252,0.6712530368432632,0.526,0.9066758474427172
Ndufs1,-0.04410581118957376,0.6712698098716846,0.726,0.9066758474427172
Rfx1,-0.044087218781109654,0.6714003933393908,0.253,0.9066758474427172
Nxf1,-0.043906055718443915,0.6726732994043976,0.568,0.9073811453476158
Lpp,-0.043881354778430755,0.6728469272352183,0.937,0.9073811453476158
Lst1,-0.043842252494617866,0.6731218200622586,0.274,0.9074976076226745
Trir,-0.043784811853085394,0.6735257112286328,0.863,0.9077602935343162
Ube4b,-0.04378362772464255,0.6735340383467838,0.779,0.9077602935343162
6230400D17Rik,-0.043724079678191544,0.6739528473942088,0.147,0.908015987036906
B130055M24Rik,-0.04370209748560079,0.6741074761074863,0.253,0.908015987036906
Gm49417,-0.04367505113817887,0.6742977460447479,0.105,0.908015987036906
Sltm,-0.04367438576999382,0.6743024271407734,0.811,0.908015987036906
Ppil1,-0.04366275446984942,0.6743842593759348,0.474,0.908015987036906
Prkag2,-0.043658914967596496,0.674411273099538,0.621,0.908015987036906
Traf3ip3,-0.04365475468451113,0.6744405442183832,0.126,0.908015987036906
Kat6a,-0.04364780670901564,0.6744894301975651,0.747,0.908015987036906
Gtf3a,-0.0436299120220222,0.6746153434994002,0.684,0.9080836804257061
Zbtb18,-0.04360022870940188,0.6748242254748871,0.211,0.9082015134740278
Surf1,-0.043595975082233354,0.674854160341074,0.484,0.9082015134740278
Camta2,-0.04357879917821163,0.6749750407718216,0.421,0.908262390961253
Ulk3,-0.0435413094814162,0.6752389140905768,0.211,0.9084138533877374
Nfatc2ip,-0.04345165550574175,0.6758701078023102,0.147,0.9084281154364094
Phykpl,-0.0434431533807711,0.6759299772268528,0.474,0.9084281154364094
Nucb2,-0.04343584729127179,0.6759814261375299,0.758,0.9084281154364094
Rbm7,-0.04343178243595209,0.6760100511751932,0.779,0.9084281154364094
Zfp518a,-0.04340447523024522,0.676202362653794,0.368,0.9084281154364094
Ube2d2a,-0.04337819434711508,0.6763874658633162,0.853,0.9084281154364094
Farp2,-0.04337696763054329,0.6763961064225921,0.558,0.9084281154364094
Zmym5,-0.043368589616327835,0.6764551193232908,0.674,0.9084281154364094
Cndp2,-0.04336247970956943,0.6764981574035904,0.432,0.9084281154364094
Usp38,-0.04327795818354091,0.6770936322185559,0.547,0.9089739760787344
Gfm2,-0.04323749872053547,0.6773787493420365,0.442,0.9090478660389809
Aspscr1,-0.04322717438161692,0.6774515120610312,0.632,0.9090478660389809
Ddah1,-0.04320430079158512,0.6776127285308797,0.221,0.9090610091028237
Rfesd,-0.043157128728489556,0.6779452501193437,0.326,0.9091776757944098
Ino80,-0.04314257118761064,0.6780478804547359,0.695,0.9091776757944098
Crkl,-0.04312699939729958,0.6781576677308546,0.537,0.9091825721800325
Slc26a2,-0.043015673604472816,0.6789427542631474,0.568,0.9096257141751407
Cops5,-0.04295651629227691,0.67936008022322,0.758,0.9098802546837929
Ghr,-0.042886329384315476,0.6798553400072809,0.832,0.909951502136209
Cd59a,-0.04285391848824996,0.6800840868578141,0.211,0.909951502136209
Prkdc,-0.042841586826369175,0.6801711278148144,0.337,0.909951502136209
Zfp251,-0.042841586826369175,0.6801711278148144,0.337,0.909951502136209
Fgfr1op2,-0.04270793879123727,0.6811147286651826,0.874,0.9109363139886472
Meis3,-0.04267621222302634,0.6813388012733599,0.368,0.9109837141470911
Stx4a,-0.042646360939986104,0.6815496547166919,0.758,0.9109837141470911
Ap1b1,-0.04262532863523802,0.681698230326771,0.474,0.9110163334438949
Rnaset2a,-0.04261997173301179,0.6817360742930336,0.453,0.9110163334438949
Mrps15,-0.04256119787726839,0.6821513353416042,0.747,0.9110163334438949
Itgal,-0.04255932234832156,0.6821645882716989,0.211,0.9110163334438949
Ltv1,-0.04248962812095688,0.682657132474003,0.495,0.9110163334438949
Dpp3,-0.042476224651710824,0.6827518729476201,0.663,0.9110163334438949
Zfp622,-0.042460924243237594,0.6828600276708485,0.695,0.9110163334438949
Btbd1,-0.04245730768184195,0.6828855931660529,0.789,0.9110163334438949
Slbp,-0.042456687350050974,0.6828899783313341,0.6,0.9110163334438949
Wnk3,-0.04245429545675624,0.6829068868772588,0.137,0.9110163334438949
Trit1,-0.04244964150966935,0.6829397865685432,0.368,0.9110163334438949
Psmd3,-0.04214088190415349,0.6851237915572783,0.789,0.9126856374179576
Lcmt2,-0.04212570252539626,0.6852312295735838,0.242,0.9126856374179576
D330041H03Rik,-0.04212229439433128,0.6852553528210951,0.116,0.9126856374179576
Parp4,-0.04204324475517044,0.6858149662056039,0.653,0.9129478032096837
Hnrnpul2,-0.04201702043123862,0.6860006526298112,0.811,0.9129478032096837
Tspan8,-0.042005575063096275,0.6860816996316335,0.126,0.9129478032096837
Slc6a6,-0.04199846282746169,0.6861320646220179,0.726,0.9129478032096837
S100a9,-0.0419978362567862,0.6861365017210115,0.389,0.9129478032096837
Pcnx3,-0.04193230481755223,0.6866006254072098,0.537,0.9133467595077659
Pacs1,-0.0419070861009345,0.6867792669082885,0.695,0.9133467595077659
Kmt2a,-0.0419018046499,0.6868166812355808,0.789,0.9133467595077659
Larp4,-0.04182445612646504,0.6873647123429922,0.789,0.9138731149487661
Rae1,-0.0418041700723482,0.687508470213694,0.568,0.9139630427209725
Calca,-0.04173095983103232,0.6880273696849144,0.516,0.9141467995802552
Mical3,-0.04170844250531185,0.6881869970361618,0.621,0.9141565741136404
Ddx21,-0.041673168405965466,0.6884370857767677,0.674,0.9142899307352431
Rpa3,-0.04167280221946721,0.6884396821668471,0.568,0.9142899307352431
Jmjd7,-0.04155651111404717,0.6892644092519484,0.189,0.9151827669897317
Trappc2,-0.04149447171265182,0.6897045363543883,0.337,0.9155646620240068
Fut8,-0.0414800894982437,0.6898065830780549,0.6,0.9155988992945175
Gse1,-0.04144103296352644,0.6900837305259193,0.547,0.9157642962449949
Baz2b,-0.041411815604405676,0.6902910853500588,0.821,0.9158540641303813
Aif1,-0.0413992590258114,0.6903802060834581,0.126,0.9158540641303813
Mpc1,-0.04137455381249017,0.6905555644828434,0.842,0.9158992052587246
Clk1,-0.041346688204235295,0.6907533750759924,0.8,0.9159167640873995
Pwwp2b,-0.04132650110133721,0.6908966909658347,0.126,0.9159167640873995
Ndufs5,-0.04131806188953129,0.6909566073578917,0.863,0.9159167640873995
Psmb6,-0.04127274264157173,0.6912783957810321,0.832,0.9160335170668638
Nek9,-0.0412418359318839,0.6914978797344599,0.768,0.916122511443222
Rab3gap1,-0.04124179747596507,0.6914981528450005,0.726,0.916122511443222
Mfsd4a,-0.04121159439739726,0.6917126646333448,0.368,0.9162876457794972
Eri1,-0.04111885899526194,0.6923714527367864,0.505,0.9166726246565877
ENSMUSG00000121513,-0.04107966336539082,0.6926499656013417,0.8,0.9168391728558385
Icos,-0.04105972204493187,0.6927916785771251,0.126,0.9168581016331028
Ppp4r1,-0.0410315778922285,0.6929917029702182,0.6,0.9168581016331028
Hes6,-0.041004824046866915,0.6931818657784565,0.474,0.9168581016331028
Znrf2,-0.041002489210540484,0.6931984623898553,0.516,0.9168581016331028
Crk,-0.040991701196246004,0.6932751482241143,0.811,0.9168581016331028
Gfer,-0.040924761258537744,0.693751055096171,0.505,0.917184421772707
Gramd1a,-0.04080794031183117,0.6945818736564107,0.474,0.9177838314477895
Epsti1,-0.04080727155463235,0.6945866308291884,0.295,0.9177838314477895
Fam110a,-0.040763678522944304,0.6948967533224859,0.179,0.9180925745095828
Zdhhc18,-0.0407423211317934,0.6950487089574503,0.516,0.9181805309612755
Vta1,-0.040676067199853526,0.695520175514505,0.705,0.9182714890673462
Zfp955a,-0.04065210485374933,0.6956907213934124,0.274,0.9183331675209655
Nsun5,-0.0406211271215299,0.6959112199334072,0.253,0.9184222925632469
Iglon5,-0.04050495816555686,0.696738332104675,0.2,0.9190676329030361
Tigd2,-0.04048178947195182,0.6969033335173609,0.6,0.9190676329030361
Epb41l4aos,-0.040481728309354106,0.6969037691201534,0.642,0.9190676329030361
Arhgap44,-0.04047719996691927,0.6969360204532475,0.295,0.9190676329030361
Ggta1,-0.0404612986873426,0.6970492753136459,0.568,0.9191160387317096
Ghitm,-0.04041701097221912,0.6973647439885435,0.874,0.9192291668756661
Ddx10,-0.040398696065767514,0.6974952191255467,0.653,0.9192971559983952
Gpc4,-0.040356039153204605,0.6977991404821666,0.484,0.9192971559983952
Letmd1,-0.040323066494773685,0.6980340962863691,0.316,0.9193554319749554
Set,-0.040304402532048436,0.6981671041410162,0.916,0.9193554319749554
Ndufaf3,-0.04028536480438956,0.6983027850097103,0.453,0.9193554319749554
Tmem104,-0.040224961889904105,0.6987333361272264,0.232,0.9193635855290128
Tgs1,-0.04021662672573533,0.6987927565494341,0.642,0.9193635855290128
Brd3os,-0.040210879592733034,0.6988337282540115,0.126,0.9193635855290128
2310022B05Rik,-0.040209461818069954,0.6988438357993514,0.642,0.9193635855290128
Supt3,-0.04016970293448218,0.6991273047058737,0.526,0.9193635855290128
Cpsf7,-0.040160365805978565,0.6991938816146532,0.695,0.9193635855290128
Reep4,-0.040159658942525545,0.6991989218846677,0.368,0.9193635855290128
Llgl1,-0.040155608219794206,0.6992278057009198,0.432,0.9193635855290128
Gmeb2,-0.040118847239206085,0.6994899506965819,0.474,0.9195064195413158
Gatb,-0.04010435451558497,0.6995933089588445,0.211,0.9195064195413158
Rbms2,-0.04006653513930697,0.6998630525071878,0.789,0.9195064195413158
Zfp213,-0.04006507503026119,0.6998734673604023,0.211,0.9195064195413158
Castor1,-0.040054123855032486,0.6999515830787919,0.2,0.9195064195413158
Znhit1,-0.04005233435719025,0.6999643480248245,0.758,0.9195064195413158
Tpmt,-0.04004250462118796,0.7000344675341426,0.284,0.9195064195413158
Fryl,-0.039968902492139,0.7005595813917731,0.726,0.9195490911388683
Dmac2l,-0.03994258007706191,0.70074741266933,0.253,0.9195490911388683
Tent4b,-0.03993070561164282,0.7008321522764343,0.621,0.9195597915400663
Zfp952,-0.03986513407638801,0.7013001555713395,0.232,0.9197718151769606
Rad17,-0.039836886619470595,0.7015018003400151,0.642,0.9198353299860829
Gm12963,-0.03979663119204038,0.7017891998691708,0.147,0.920011237343502
Clint1,-0.03965020253917368,0.7028349660455178,0.863,0.9203840084601905
Pnpla6,-0.03964333490322308,0.7028840270260206,0.295,0.9203840084601905
Nif3l1,-0.03960355144019663,0.7031682558611809,0.411,0.9203840084601905
Fkbp3,-0.039581348946851336,0.7033268970265902,0.789,0.9203840084601905
4921511C10Rik,-0.039540036514296016,0.7036221162672589,0.116,0.9203840084601905
Cse1l,-0.03943760088759388,0.7043543122703706,0.558,0.9208783898081464
Fuom,-0.03942495229239263,0.7044447414331494,0.568,0.9208783898081464
Zbtb7b,-0.03939946436119087,0.7046269759148116,0.474,0.920996384160078
Ppm1b,-0.0393508687648809,0.704974472580443,0.674,0.9210344216947227
Cep290,-0.039340748559071465,0.7050468476197593,0.358,0.9210344216947227
Ptpn23,-0.03932489511006977,0.7051602294465282,0.547,0.9210344216947227
Tsga10,-0.03931353185755142,0.7052415019299969,0.126,0.9210344216947227
Tmub1,-0.03927980670656007,0.7054827311155085,0.274,0.9210344216947227
A830082K12Rik,-0.03926683163235532,0.7055755469573779,0.158,0.9210344216947227
Cd2,-0.039251348780259376,0.7056863075671469,0.168,0.9210344216947227
Cgnl1,-0.03923338746213914,0.7058148062148762,0.284,0.9210344216947227
Zfp995,-0.03913350218425363,0.7065295547540923,0.263,0.9210344216947227
Rps4x,-0.03911687820879988,0.706648535579985,0.979,0.9210344216947227
Mbd5,-0.039111122290833064,0.7066897333788484,0.779,0.9210344216947227
Rhbdf2,-0.03910043618407702,0.706766221087678,0.537,0.9210344216947227
Mapk1ip1l,-0.03908387714706715,0.7068847510925074,0.832,0.9210344216947227
Fam217b,-0.03907397045789941,0.7069556667664099,0.116,0.9210344216947227
Spn,-0.03903526649214766,0.7072327477660575,0.158,0.9210344216947227
Triqk,-0.03900728550225467,0.7074330869379926,0.253,0.9210344216947227
Spry4,-0.0389835880641817,0.7076027721879827,0.4,0.9210344216947227
Nostrin,-0.038983147857759165,0.7076059244165169,0.179,0.9210344216947227
Coil,-0.03897833966200418,0.7076403552480264,0.284,0.9210344216947227
Tepsin,-0.03896329654778457,0.7077480807274225,0.137,0.9210344216947227
Nynrin,-0.038962713994129025,0.7077522525772284,0.432,0.9210344216947227
Gm44759,-0.038960603038775916,0.7077673698642136,0.116,0.9210344216947227
Mrpl45,-0.03895757467143859,0.7077890572560321,0.495,0.9210344216947227
St6galnac3,-0.03892596995587141,0.7080154056169156,0.211,0.9210344216947227
Mxd4,-0.03892013112869839,0.7080572252231603,0.842,0.9210344216947227
Zgpat,-0.038912488426068,0.7081119660892983,0.242,0.9210344216947227
Haghl,-0.03890756399405513,0.7081472381251119,0.453,0.9210344216947227
Eng,-0.03884821246729414,0.7085724014022294,0.221,0.9213589802508739
Erg28,-0.038825473873248015,0.7087353124700544,0.695,0.9213712534460744
Zfp874a,-0.03880555529984527,0.7088780302198142,0.253,0.9214570216357376
Spty2d1,-0.03872046578939561,0.709487814723361,0.579,0.9217954245529665
Cdk2,-0.03871566541755678,0.7095222215139931,0.379,0.9217954245529665
Vamp5,-0.03867327493156798,0.7098260817190936,0.6,0.9218433562145404
Smc3,-0.0386676762240798,0.7098662173365238,0.842,0.9218433562145404
Snhg12,-0.03862983964469738,0.7101374782793006,0.526,0.9219961831422538
Map3k4,-0.03858725525033437,0.7104428208465633,0.379,0.9220237756467186
Upp2,-0.038584037824990876,0.710465892586278,0.337,0.9220237756467186
Scaper,-0.03854508934952899,0.7107452077509726,0.684,0.9222434340369916
Pqlc3,-0.03852830638524084,0.7108655769144963,0.411,0.9222434340369916
Proca1,-0.03851319468833538,0.7109739656439314,0.126,0.9222843999013273
Plekhf2,-0.03849352673815184,0.7111150427354264,0.4,0.9222908824972276
Exosc4,-0.03848163354267849,0.7112003566753677,0.737,0.9222908824972276
Zbtb44,-0.038442160074328255,0.7114835388015605,0.611,0.9223475329723965
Zfp429,-0.03840688451634912,0.7117366383151686,0.232,0.9225056719261807
Marchf3,-0.03840364051246484,0.7117599153721117,0.589,0.9225056719261807
Il1rap,-0.03836091564040388,0.7120665084877025,0.642,0.9225056719261807
Rprd1a,-0.03834658582507314,0.712169349310959,0.642,0.9225393653227624
Srek1ip1,-0.0383035963790809,0.7124779026752457,0.642,0.9228395013399864
Adpgk,-0.038249991501373815,0.7128627123300055,0.368,0.923004794938432
Ppp2cb,-0.03824298615629886,0.7129130064344982,0.747,0.923004794938432
Antxr1,-0.038224472163333065,0.7130459315212476,0.779,0.9230773584663741
Apbb1,-0.03820079983715401,0.7132159044290678,0.316,0.9230983469311003
Taf7,-0.038166843570632096,0.7134597429206465,0.316,0.9233144140168358
Chfr,-0.03810485736762089,0.7139049374418714,0.537,0.9235209674767509
Cpt2,-0.03810287877847075,0.713919149555071,0.505,0.9235209674767509
Nherf2,-0.03810178433680669,0.71392701092023,0.6,0.9235209674767509
Lsm11,-0.03802769034074573,0.7144592968996512,0.242,0.9237715030141675
Grtp1,-0.038027428167308176,0.7144611805777478,0.168,0.9237715030141675
Slc9a8,-0.03802127821594068,0.7145053675766282,0.474,0.9237715030141675
Pnkd,-0.037983269781519245,0.7147784765826113,0.684,0.9240251042557509
Akirin2,-0.03796576522873947,0.7149042673577841,0.716,0.9240882267375297
Mms19,-0.03793864223201183,0.7150991929989678,0.505,0.92416782666856
St3gal6,-0.03792056386005105,0.7152291275217628,0.358,0.9241906842579152
H2ac8,-0.0378654238521292,0.7156254849375909,0.211,0.9245228316812626
Eif3c,-0.037822797327588746,0.7159319446249632,0.895,0.9247197567891495
Hspa14,-0.037769923130781556,0.7163121416245433,0.632,0.9247345473284672
Senp6,-0.03776878248417981,0.7163203443164987,0.874,0.9247345473284672
Cfap43,-0.03775667611951582,0.7164074063772392,0.137,0.9247345473284672
Uqcrh,-0.03774205906726996,0.716512528701947,0.916,0.9247345473284672
Dipk1a,-0.03774147401807202,0.7165167363451019,0.684,0.9247345473284672
Wrap73,-0.03773938874603027,0.7165317335811539,0.326,0.9247345473284672
Mapk9,-0.03773552442715272,0.7165595259718547,0.621,0.9247345473284672
Wwp1,-0.03770174413518961,0.7168024913833675,0.642,0.9247478374160005
Tank,-0.03767074858892187,0.7170254522664578,0.621,0.9247478374160005
Gpx8,-0.037643831333126654,0.7172190959499098,0.842,0.9247478374160005
Atg12,-0.037634923907656465,0.7172831802198464,0.547,0.9247478374160005
Lars,-0.03762590011665825,0.7173481036752112,0.716,0.9247478374160005
Wdr19,-0.03760857545822466,0.7174727549990949,0.242,0.9247478374160005
Dctn2,-0.03759841407333703,0.7175458698456323,0.789,0.9247478374160005
Tmem260,-0.03759600597254331,0.7175631973766294,0.537,0.9247478374160005
Srrd,-0.037595174085388844,0.7175691832682909,0.253,0.9247478374160005
Rap2a,-0.03758518950942246,0.7176410291875512,0.758,0.9247478374160005
Jazf1,-0.037546633447955585,0.7179184897341027,0.158,0.9248046987417985
Sanbr,-0.03754597045004351,0.717923261178671,0.516,0.9248046987417985
Dync1li1,-0.0375009005512762,0.7182476443160437,0.726,0.9249248675785862
Atmin,-0.0374316158411602,0.7187464069774402,0.242,0.9253686584364276
Ralgapa1,-0.03727632765013411,0.719864714324215,0.747,0.9258340557021528
Fam32a,-0.03726745297809498,0.719928643087612,0.779,0.9258340557021528
Leng9,-0.03725895112978134,0.7199898880197009,0.2,0.9258340557021528
Fbxl15,-0.037142388390029556,0.7208297514519196,0.432,0.9263725985777048
Cracr2a,-0.0371215315729947,0.7209800649699598,0.116,0.9263725985777048
Scarb1,-0.03710824402294944,0.7210758328786433,0.421,0.9263725985777048
Hhat,-0.03710505754377158,0.7210987995614858,0.284,0.9263725985777048
Larp6,-0.03709865448603934,0.7211449506178749,0.2,0.9263725985777048
Uprt,-0.03700428342443002,0.7218252608301909,0.147,0.9263725985777048
Sema6d,-0.03700160620642583,0.7218445637499167,0.453,0.9263725985777048
Slc5a3,-0.03699143624782426,0.7219178914153508,0.189,0.9263725985777048
mt-Atp8,-0.036985028017999216,0.7219640974699894,0.853,0.9263725985777048
Trrap,-0.03697897677539952,0.7220077304114418,0.758,0.9263725985777048
Hps6,-0.036968413462998964,0.7220839001048227,0.2,0.9263725985777048
Nfam1,-0.036958879395688385,0.7221526504683342,0.147,0.9263725985777048
Ubr4,-0.03695593001014938,0.7221739189977177,0.737,0.9263725985777048
Gcc1,-0.036948634956310226,0.7222265258004409,0.232,0.9263725985777048
Ncbp1,-0.03689430327283448,0.7226183683610963,0.579,0.9264381106580647
Bfar,-0.03684942776053873,0.7229420665687267,0.8,0.9264381106580647
Etfa,-0.03683888689629324,0.7230181075152835,0.832,0.9264381106580647
Spen,-0.03683118408509421,0.7230736766771131,0.684,0.9264381106580647
Cbx1,-0.03682721964589927,0.7231022772582374,0.811,0.9264381106580647
Dnm1l,-0.03679498937246719,0.7233348096480874,0.653,0.9264381106580647
Steap3,-0.03675802411808759,0.7236015345360398,0.2,0.9265490849640279
Zfp930,-0.036751718365070456,0.7236470373525895,0.242,0.9265490849640279
Itga3,-0.036731253004637164,0.7237947236446463,0.274,0.9265490849640279
Gpatch2l,-0.03666401914105556,0.7242799814967922,0.484,0.9267295117041756
Itgam,-0.03664377378276311,0.7244261229629474,0.137,0.9268177366452968
Sema4d,-0.03662320129196173,0.724574635961037,0.253,0.9268874819853082
Ttc32,-0.036604942781381426,0.7247064528556093,0.337,0.9268874819853082
Ptpn7,-0.0365546944773772,0.7250692607612036,0.116,0.9271441610994419
Gm14295,-0.036538246393330004,0.7251880340840031,0.326,0.9271441610994419
Gm57453,-0.036511352346090396,0.7253822528031795,0.179,0.9271874795070273
Eif3i,-0.03650749516954271,0.7254101093103202,0.905,0.9271874795070273
Snx3,-0.03646865571118061,0.7256906275730786,0.863,0.9274472980596014
Tjap1,-0.03641520556156685,0.7260767308504855,0.547,0.9275151463337598
Sap130,-0.03640783816062074,0.7261299554874109,0.484,0.9275151463337598
Lum,-0.03632915421852971,0.7266984764244112,0.305,0.9279733553049294
Dmpk,-0.03631355928518427,0.7268111732503033,0.432,0.9279904037873662
Tmem161b,-0.03626221847822686,0.7271822287996524,0.442,0.9281680685869488
Idh3b,-0.03622346650236215,0.7274623427513629,0.705,0.9283282335440126
Ift122,-0.036163423845839135,0.727896424557992,0.316,0.928680852587938
Acss3,-0.03612641756068843,0.728164006396073,0.116,0.9288287713585094
Hace1,-0.03610441549237284,0.7283231124979959,0.432,0.9288833099881972
Inpp4b,-0.036076071591502966,0.7285280960011249,0.284,0.9288833099881972
Pak1ip1,-0.036042082183724754,0.728773933075982,0.695,0.9288833099881972
Cycs,-0.036039123161383205,0.7287953362598714,0.705,0.9288833099881972
Snn,-0.03602285600384924,0.7289130034869551,0.337,0.9288833099881972
Cdc42ep1,-0.036006224953062604,0.7290333094030697,0.337,0.9288833099881972
Grpel1,-0.036002094481521606,0.7290631894807091,0.768,0.9288833099881972
Fbh1,-0.0359947916893892,0.7291160193055196,0.568,0.9288833099881972
Mfsd5,-0.03593640597699765,0.7295384384343432,0.568,0.929298539176868
Med24,-0.035923709192675284,0.7296303100382446,0.474,0.9293169759869738
Coq10a,-0.03589064173866375,0.7298695979924672,0.379,0.9294338289994057
Ptpa,-0.035814610094377634,0.7304198883532995,0.832,0.9300266807484695
Rhobtb2,-0.03573315294431844,0.7310095981305376,0.358,0.9301635441009789
Itgb8,-0.035726825457639534,0.7310554125790274,0.474,0.9301635441009789
Mthfsd,-0.0357248582387521,0.7310696565071158,0.432,0.9301635441009789
Gimap4,-0.03570487669185948,0.7312143409063299,0.179,0.9301792898903869
Zfp870,-0.03570175142014693,0.7312369715395488,0.189,0.9301792898903869
N4bp2l2,-0.03566052620552296,0.7315355119789455,0.747,0.9302860489345137
Ccdc12,-0.03562419209617798,0.7317986656825742,0.842,0.9302860489345137
Mblac1,-0.03560287770936798,0.7319530518725286,0.126,0.9302860489345137
Pygo2,-0.03559226306300037,0.7320299407694086,0.547,0.9302860489345137
Synj2bp,-0.03557585538746474,0.7321487976116161,0.747,0.9302860489345137
Adrm1,-0.03556110370642387,0.7322556638628377,0.674,0.9302924300075222
Ppp2r5a,-0.03553503650042912,0.7324445161558045,0.811,0.9304339087476454
Usp2,-0.035505052421512015,0.7326617652114695,0.305,0.9305477376554625
Lrrc4,-0.035501276648661796,0.7326891239938988,0.316,0.9305477376554625
Mthfd2,-0.03548682322567394,0.7327938547941824,0.284,0.9305663645599057
Slc50a1,-0.035477861556761546,0.7328587943098583,0.832,0.9305663645599057
Pum3,-0.035450642495950424,0.7330560450669092,0.705,0.9306277559023391
Cox14,-0.035449799178626874,0.733062156685627,0.832,0.9306277559023391
Eif5a,-0.03542127584632684,0.7332688783934128,0.926,0.930791777446845
Prdm10,-0.035393052340676905,0.7334734458514038,0.379,0.9308546310472261
Themis,-0.03535227807170209,0.7337690156707191,0.158,0.9310298956943965
Hsp90ab1,-0.035337469686210515,0.733876370231776,0.979,0.9310298956943965
Dlc1,-0.035318956147267384,0.7340105927954016,0.768,0.9310298956943965
Gm16740,-0.03529232766532873,0.7342036624574493,0.189,0.9310298956943965
Gja1,-0.035288437205098194,0.7342318716024185,0.621,0.9310298956943965
Cand2,-0.03525450717066559,0.7344779081595821,0.179,0.9311452057092285
Lix1,-0.035236030278121236,0.734611900765519,0.168,0.9311810922736825
Atad2,-0.03522136392272459,0.7347182653900796,0.432,0.9311810922736825
Abhd17c,-0.03504306957452021,0.7360117070525818,0.495,0.9320174378518227
Mgat3,-0.035038012804296415,0.736048402299436,0.389,0.9320174378518227
Prickle2,-0.03502319161204765,0.7361559580196373,0.589,0.9320174378518227
Rnf169,-0.03501970869807286,0.7361812338716857,0.674,0.9320174378518227
Rpl7a,-0.03499685036920134,0.7363471260007084,0.947,0.9320174378518227
Larp4b,-0.034986769939404756,0.7364202875953625,0.832,0.9320174378518227
Sec11c,-0.034977784451692084,0.7364855043173226,0.716,0.9320174378518227
Rtca,-0.034965743731510616,0.7365728988622029,0.432,0.9320298025754526
Nprl3,-0.03491151421359286,0.7369665517408446,0.379,0.9323314073071669
Rgs7bp,-0.03487529846462612,0.7372294802268837,0.126,0.9323618156721379
Zfp706,-0.034853972574960604,0.737384321607917,0.853,0.932368739421468
Lrrc47,-0.034831855944230695,0.7375449154177853,0.421,0.932378239815604
Irak3,-0.03475659993869919,0.7380914505272402,0.432,0.9325850065643561
Ints8,-0.03473794729169275,0.738226932647263,0.6,0.9325850065643561
Zfp60,-0.03473726065191872,0.7382319201570676,0.316,0.9325850065643561
Strap,-0.03473416689952357,0.7382543922207216,0.779,0.9325850065643561
Rbm4,-0.034721427981480896,0.7383469261121645,0.653,0.9326037809624194
Rabgap1l,-0.034706019276428336,0.7384588579823856,0.779,0.932628458660346
Ulk2,-0.03467362187894306,0.7386942168481183,0.821,0.932628458660346
Fbxo33,-0.03462080984461066,0.7390779344985949,0.463,0.932628458660346
Zfp87,-0.034606799562336726,0.7391797400712412,0.358,0.932628458660346
Atg5,-0.034592174208417995,0.7392860198534541,0.642,0.932628458660346
Fam118b,-0.034590475600279016,0.73929836364688,0.358,0.932628458660346
Hnrnpk,-0.03458463583608117,0.7393408017451674,0.916,0.932628458660346
Rabl2,-0.03458134670949384,0.7393647044714227,0.232,0.932628458660346
Gm16701,-0.03456446645276466,0.7394873804961031,0.116,0.932628458660346
Pak2,-0.0345320587765762,0.7397229191761472,0.874,0.9326771574268208
Sugp1,-0.03451423743084097,0.7398524547823986,0.463,0.9327016151218652
Nt5c3,-0.03450765540555814,0.7399002984955247,0.705,0.9327016151218652
Rab40b,-0.03447737098529733,0.7401204439683402,0.474,0.9328804437760018
Eif3f,-0.03443061519065733,0.7404603653456275,0.916,0.9330466891410731
Zfp36,-0.0343782178202142,0.7408413610370403,0.653,0.9331572641393039
Gmfb,-0.0343772891205967,0.7408481144316199,0.853,0.9331572641393039
Ints9,-0.034348639312389344,0.7410564621211277,0.474,0.9331634158635085
Galc,-0.034320852046448205,0.7412585550597821,0.242,0.9331634158635085
Fbxl18,-0.03427342614008658,0.7416035176663496,0.2,0.9331634158635085
Lrpprc,-0.03426967690458995,0.7416307907230417,0.547,0.9331634158635085
Ppp2r1a,-0.03426652267469636,0.7416537357788787,0.821,0.9331634158635085
Il2rg,-0.03423207145967905,0.7419043615951342,0.211,0.9331634158635085
Ormdl3,-0.0341741647070941,0.7423256824974076,0.537,0.9331634158635085
Snrpd3,-0.03415155780663771,0.7424901875606815,0.811,0.9331634158635085
Krt10,-0.03414620852337083,0.7425291147220203,0.4,0.9331634158635085
Srsf1,-0.03414453507215146,0.7425412926931583,0.811,0.9331634158635085
Cep85l,-0.03412661855793898,0.7426716779937138,0.516,0.9331634158635085
Serbp1,-0.034123720616501825,0.7426927681002498,0.937,0.9331634158635085
Hlx,-0.03409878323375504,0.7428742606604601,0.4,0.9331634158635085
Adgre5,-0.034064115149558476,0.7431265959572833,0.579,0.9331634158635085
Zfyve21,-0.034060696869754194,0.7431514777372257,0.758,0.9331634158635085
Nol10,-0.034035549514267315,0.7433345343412483,0.4,0.9331634158635085
Kctd6,-0.034032128460711464,0.7433594385181927,0.242,0.9331634158635085
6030443J06Rik,-0.03401210966517004,0.7435051742490016,0.168,0.9331634158635085
Pi4kb,-0.033978569630201204,0.7437493641190396,0.632,0.9331634158635085
Mocs3,-0.03395711506241254,0.7439055784505089,0.211,0.9331634158635085
Map3k11,-0.03395626652191468,0.7439117570303757,0.316,0.9331634158635085
Ntn4,-0.03394774167313541,0.7439738309358457,0.284,0.9331634158635085
Nmd3,-0.03394770638356255,0.7439740879011792,0.579,0.9331634158635085
Sash3,-0.03392277723190095,0.7441556195690064,0.2,0.9331634158635085
Hnrnph1,-0.033902817723614455,0.744300972857664,0.905,0.9331634158635085
Ncl,-0.03386353917796045,0.7445870414290334,0.916,0.9331634158635085
4933407K13Rik,-0.033855168843647004,0.7446480076790762,0.242,0.9331634158635085
Fnbp1,-0.03384715951877595,0.7447063459507945,0.747,0.9331634158635085
Ssna1,-0.033798327658496816,0.7450620583177778,0.695,0.9331634158635085
Arl5c,-0.03377153507969574,0.7452572497665507,0.295,0.9331634158635085
Cilk1,-0.033660381846309304,0.7460672039599674,0.389,0.9338040971762894
Ip6k1,-0.03358116455875939,0.7466446150644435,0.684,0.934117626213857
Zscan12,-0.033505461256049425,0.7471965436811246,0.274,0.934117626213857
Zfp830,-0.033488214140073025,0.7473223047482698,0.453,0.934117626213857
Pef1,-0.033477145470627606,0.7474030178259785,0.663,0.934117626213857
Pls3,-0.033448851519429834,0.7476093505701535,0.726,0.9341176328177573
Ylpm1,-0.03341219022405523,0.7478767283653527,0.758,0.9341176328177573
Id3,-0.03340990211026995,0.7478934170036702,0.853,0.9341176328177573
Aasdhppt,-0.033359810089973935,0.7482587984043633,0.642,0.9341176328177573
Top2b,-0.03334394334071887,0.7483745453102035,0.811,0.934165003174926
Ppp1r16b,-0.03331678153394447,0.7485727018757948,0.137,0.9342181094920142
Necap2,-0.033273973046699074,0.7488850405781002,0.705,0.9344954590098045
Tcerg1,-0.033264988910654956,0.7489505956568125,0.726,0.9344954590098045
Nudt22,-0.03318259076261436,0.7495519183110808,0.389,0.9347779158461306
Pde4a,-0.033180880659577604,0.7495643998359869,0.295,0.9347779158461306
Fem1c,-0.03318062933585458,0.7495662341772753,0.589,0.9347779158461306
Thap4,-0.0331635441331149,0.7496909375418537,0.421,0.9348363368018524
Sdhb,-0.033077041294366435,0.7503224127527203,0.789,0.9350488700277589
Helq,-0.033056156974155024,0.7504748940584971,0.221,0.9350488700277589
Dnajb5,-0.033053686899965476,0.750492929282103,0.211,0.9350488700277589
Cyp2j6,-0.033032747030458956,0.7506458269314811,0.305,0.9350488700277589
Stau1,-0.03301744704841238,0.750757549636271,0.758,0.9350488700277589
Dhrs11,-0.03301440741464169,0.7507797460985446,0.211,0.9350488700277589
Ccrl2,-0.03301219773651741,0.7507958820635982,0.137,0.9350488700277589
Eef1akmt1,-0.032994609611970885,0.7509243214989538,0.579,0.9351118365731113
Vps36,-0.03297309901270273,0.7510814145170914,0.611,0.9352104681226503
Runx1t1,-0.03289086758781182,0.751682048384817,0.2,0.9355116922089916
Evc,-0.03277669518352029,0.7525162305412151,0.379,0.936026352440523
Uri1,-0.032745677605665616,0.7527429046128888,0.8,0.936211317141802
Rhbdd1,-0.03269248215235409,0.753131701712895,0.526,0.9365008639671428
Tusc3,-0.03265083433067021,0.7534361420099581,0.842,0.9366854169717921
Zfp449,-0.03258233307608005,0.7539369595094896,0.211,0.9371139826946626
Mtmr4,-0.03250100194235025,0.7545317093776118,0.347,0.9375769200036013
Rxylt1,-0.03249936731747478,0.7545436643620221,0.632,0.9375769200036013
Zfp395,-0.0324542094288093,0.7548739537404994,0.779,0.9378645977125268
Alg5,-0.0324244215557366,0.7550918494081165,0.768,0.9378645977125268
Pilra,-0.03237307249278357,0.7554675082825323,0.147,0.9379483374985385
Tbk1,-0.032321771865739944,0.7558428696201448,0.6,0.9382203386259772
2310022A10Rik,-0.03220006083972234,0.7567336431971031,0.305,0.9386731714289008
Dnttip2,-0.03219976475600934,0.7567358105504884,0.758,0.9386731714289008
Armt1,-0.0321971544959543,0.756754917917195,0.442,0.9386731714289008
Pcf11,-0.032182929854653514,0.7568590462957148,0.547,0.9387053578011204
Asxl1,-0.032166916144155254,0.7569762763603484,0.737,0.9387363358190435
Steap1,-0.03213138446888412,0.7572364093949069,0.537,0.9387363358190435
Tha1,-0.03213061899485652,0.7572420138495741,0.211,0.9387363358190435
Tiam1,-0.032114559068990245,0.7573596002590123,0.337,0.9387363358190435
Pik3ca,-0.03211454437318829,0.7573597078602077,0.768,0.9387363358190435
Apool,-0.03211214181535127,0.7573772992111545,0.568,0.9387363358190435
Rhbdf1,-0.03210476667817538,0.7574313001927954,0.442,0.9387363358190435
Fbxw4,-0.03208294895915549,0.7575910570222422,0.568,0.9387428065345949
Gtf2i,-0.032082313802466,0.7575957080102228,0.832,0.9387428065345949
Chst14,-0.03207043926379703,0.7576826619020659,0.379,0.9387428065345949
Dele1,-0.031986803063643626,0.7582951915543041,0.316,0.9389919761366379
Bcam,-0.031971724130906945,0.7584056416078673,0.463,0.9389919761366379
C1qtnf1,-0.03196981800289169,0.7584196039454579,0.642,0.9389919761366379
Gm16675,-0.03195701581292418,0.758513381658533,0.116,0.9390112561680591
Rnf113a1,-0.031875954892064365,0.759107244559685,0.105,0.9393306358753303
Gm4258,-0.031866795873024094,0.7591743535263901,0.347,0.9393306358753303
Rpl7l1,-0.03177656027399364,0.7598356132880972,0.853,0.9399253342853174
Smc5,-0.031756567963144196,0.7599821432781979,0.558,0.9399253342853174
2310001H17Rik,-0.031755112894997314,0.7599928082652608,0.221,0.9399253342853174
Apoc2,-0.03174456183809873,0.7600701440514844,0.105,0.9399253342853174
Srpk1,-0.03165734753948072,0.7607094865483388,0.663,0.9401131525319103
Gpd1l,-0.03165200688959787,0.7607486425189571,0.463,0.9401131525319103
Gatm,-0.03164422141541843,0.760805724254959,0.737,0.9401131525319103
Gm12610,-0.0316396254283092,0.7608394218305371,0.211,0.9401131525319103
Zswim8,-0.03163257517097877,0.7608911148750815,0.684,0.9401131525319103
Zfp637,-0.03158041838248876,0.7612735651816155,0.547,0.9403211495743354
Wbp1,-0.03156606426277977,0.7613788297703813,0.389,0.9403211495743354
Acvrl1,-0.03151959226790124,0.7617196575740836,0.411,0.9403211495743354
Sec24a,-0.03151039784552281,0.7617870952927506,0.579,0.9403211495743354
Snupn,-0.031505246771372585,0.7618248773118065,0.358,0.9403211495743354
Shc2,-0.0315041812973222,0.7618326924041169,0.126,0.9403211495743354
Cep350,-0.03149486622807569,0.7619010180571277,0.758,0.9403211495743354
Caprin1,-0.0314921532275813,0.7619209181484725,0.895,0.9403211495743354
Sf3a2,-0.031477550570167954,0.7620280325531461,0.547,0.9403566892975976
Rundc3b,-0.03143817925389993,0.7623168540492073,0.2,0.9405889251803837
Gcnt2,-0.03143053963690965,0.7623729007958269,0.705,0.9405889251803837
Tns2,-0.03138609042781396,0.7626990191415995,0.421,0.9407979374186549
Dennd1a,-0.03128351011089964,0.7634517963334091,0.768,0.9413396712441203
Fcgr2b,-0.031248204857976355,0.763710931959112,0.232,0.9413691777058883
Arhgef5,-0.03120482483478349,0.7640293709257847,0.579,0.9414177349503742
Aprt,-0.031200114782409343,0.7640639482877818,0.905,0.9414177349503742
Cfdp1,-0.031173695905239295,0.764257902708245,0.853,0.9414899324575772
Ube2d-ps,-0.0311227750383422,0.7646317797440685,0.474,0.9417308215598554
Gm56915,-0.031091886391968488,0.7648586002166838,0.126,0.9417493042715994
Stk25,-0.03108830203037874,0.7648849220658074,0.747,0.9417493042715994
Chpt1,-0.03105753890299686,0.765110842845967,0.695,0.9418377988570356
Selenot,-0.031009877450649412,0.7654609017552083,0.842,0.9419530604361419
Trnt1,-0.03099365652929774,0.7655800502547074,0.663,0.9419530604361419
Timm29,-0.03098070624941199,0.7656751786338589,0.421,0.9419530604361419
9130019O22Rik,-0.030915255438846496,0.766156011325772,0.137,0.9420619415868384
Ttc17,-0.030909574654358535,0.7661977492451018,0.611,0.9420619415868384
Slc38a2,-0.03089043704359802,0.7663383622113579,0.863,0.9420619415868384
Spopl,-0.03087144542703088,0.7664779099755605,0.568,0.9420718870996576
Mien1,-0.030782481457230695,0.7671317040402599,0.737,0.9421931465619926
Mia3,-0.030764296420461728,0.7672653655277343,0.863,0.9421931465619926
Pcid2,-0.03075381942049835,0.7673423754155673,0.389,0.9421931465619926
Zc3h12d,-0.03075124877869347,0.7673612709444263,0.137,0.9421931465619926
Proser3,-0.030709974202565687,0.7676646787607583,0.116,0.9424693044867509
Hspa5,-0.03067872312136401,0.7678944275588069,0.884,0.9424702058410104
Mrps34,-0.030660107739824975,0.7680312919296625,0.653,0.9424702058410104
Fam174a,-0.030651474992463165,0.7680947641982123,0.642,0.9424702058410104
Klrd1,-0.030645815925737944,0.7681363733122452,0.137,0.9424702058410104
Mettl2,-0.030589311802186367,0.7685518641546247,0.4,0.942697511716551
Rgl1,-0.030588590275681685,0.7685571701668459,0.621,0.942697511716551
H2ac24,-0.030560441639405897,0.7687641799057887,0.305,0.9427588099406399
Fxr2,-0.030484321092709966,0.7693240642328065,0.6,0.9431547766444673
Ppp1r3f,-0.030445450224610857,0.769610014174513,0.116,0.9431547766444673
Cnppd1,-0.030441912728822466,0.7696360389655373,0.526,0.9431547766444673
Tmem250-ps,-0.030418956155996386,0.7698049330043327,0.568,0.9431681459778596
Abhd5,-0.030327667646851703,0.7704766588635914,0.474,0.943566059778369
Mrps11,-0.03030676384585055,0.7706304986129558,0.558,0.943566059778369
Bloc1s2,-0.030296119077039236,0.7707088412972705,0.705,0.943566059778369
Abcf3,-0.030289805390114062,0.7707553094512145,0.474,0.943566059778369
Hspa13,-0.030267758563042476,0.7709175784138579,0.705,0.943566059778369
Kif3c,-0.030256415481064888,0.7710010695606169,0.189,0.943566059778369
Rpl22l1,-0.030250218741183294,0.7710466819810277,0.958,0.943566059778369
Mks1,-0.03024668102289042,0.7710727224573463,0.105,0.943566059778369
Adam23,-0.03020349736355739,0.7713906096683737,0.221,0.9436665359437761
Commd8,-0.030106370146629764,0.7721057286886893,0.621,0.9443489339273803
Pcmt1,-0.030033756575526597,0.7726404854445922,0.737,0.94448014348917
Zfp719,-0.03000036147211162,0.7728864566529178,0.316,0.94448014348917
Fam177a,-0.02997807452368632,0.7730506233774102,0.137,0.94448014348917
Vezt,-0.029958712379672212,0.7731932539632711,0.495,0.94448014348917
Atp6ap2,-0.029934247036310042,0.773373487872652,0.726,0.94448014348917
Ilkap,-0.02991019077915146,0.7735507198048782,0.768,0.9445073693833237
Zbtb34,-0.029902155877891294,0.7736099186788645,0.284,0.9445073693833237
Mcrip1,-0.02986982645653804,0.7738481257772036,0.853,0.9445073693833237
Erf,-0.029860107021835842,0.7739197438484875,0.558,0.9445073693833237
Rassf8,-0.029853849473233583,0.7739658538654552,0.768,0.9445073693833237
Wdr35,-0.029825867172961963,0.7741720567210421,0.442,0.9446213364089153
St6galnac6,-0.029816398479861325,0.7742418355054991,0.505,0.9446213364089153
Dusp11,-0.02980246933157737,0.7743444885225914,0.821,0.9446213364089153
Mrps35,-0.029757595619602954,0.7746752186827432,0.558,0.9447572230118079
Bank1,-0.029755494056335773,0.7746907087011554,0.137,0.9447572230118079
Cpsf4,-0.029734570390105602,0.7748449358380426,0.211,0.9447572230118079
Dynlt2b,-0.029721871539049424,0.7749385425988013,0.474,0.9447572230118079
Gpatch1,-0.029710642221097705,0.7750213197035571,0.389,0.9447572230118079
Rnasek,-0.02965251488175449,0.7754498465469302,0.853,0.9450687234297543
Arpc3,-0.029641943737815757,0.775527786454016,0.874,0.9450687234297543
Fam50a,-0.029480996419088988,0.7767147080434753,0.589,0.9458431541052745
Etfrf1,-0.029463774953625056,0.7768417398393688,0.495,0.9459019136245108
Slc36a2,-0.02943773983240197,0.777033795512841,0.116,0.9459099102714206
Shld3,-0.029394201487570836,0.7773549987768626,0.126,0.9459099102714206
Cd46,-0.02935262241937339,0.7776617824698476,0.168,0.9459099102714206
Metrn,-0.029341457731317237,0.7777441649269973,0.305,0.9459099102714206
Exd2,-0.0293007871202513,0.778044287675827,0.242,0.9459099102714206
Epc1,-0.029297479077294575,0.7780687003218661,0.768,0.9459099102714206
Crebzf,-0.029292387682155842,0.7781062741447767,0.589,0.9459099102714206
Tasor,-0.029292319399201707,0.778106778067418,0.674,0.9459099102714206
Atp5c1,-0.029291876733685912,0.7781100449051054,0.884,0.9459099102714206
Mad1l1,-0.029286938235918256,0.7781464909029323,0.442,0.9459099102714206
Nol4l,-0.029253327281760298,0.7783945517064168,0.189,0.9459099102714206
Srd5a3,-0.029234105269688768,0.7785364269831896,0.505,0.9459099102714206
Ap1g1,-0.029196897027011972,0.7788110770158188,0.758,0.9459099102714206
H2aj,-0.02919454644365457,0.77882842859492,0.863,0.9459099102714206
Osbpl8,-0.029172863707669285,0.7789884917240364,0.653,0.9459099102714206
AI480526,-0.029163970620810296,0.7790541436390503,0.2,0.9459099102714206
Uqcc5,-0.029115509079097046,0.7794119311338437,0.737,0.9461733266123767
Ap1m1,-0.02911323823413911,0.779428697719915,0.558,0.9461733266123767
Shank1,-0.029064143537199657,0.7797912088139827,0.105,0.9463372635620684
Pycrl,-0.029000513897368276,0.7802611147890779,0.347,0.9466247151341729
P4htm,-0.028998826919892848,0.7802735742219463,0.221,0.9466247151341729
Dynlt1c,-0.02898759346463356,0.7803565420573495,0.168,0.9466297232251561
Pcsk5,-0.028967770337161164,0.7805029573284916,0.147,0.9466738988483103
Pml,-0.028911619244863872,0.7809177355248103,0.474,0.9468293265806684
Aurkaip1,-0.028879461295714084,0.7811553082400298,0.779,0.9468293265806684
Rbsn,-0.028851039634083645,0.7813652951791606,0.474,0.9468293265806684
Zfp263,-0.028849618078613765,0.7813757984281853,0.453,0.9468293265806684
Mylpf,-0.028827636040061503,0.7815382190492318,0.105,0.9468293265806684
Zfp959,-0.028818261090974424,0.7816074914117205,0.274,0.9468293265806684
Aldh4a1,-0.02876728677531278,0.7819841751434025,0.232,0.9468293265806684
Cabin1,-0.028739041835033598,0.7821929177981143,0.537,0.9468293265806684
Ptrhd1,-0.0287257704966415,0.7822910042138548,0.568,0.9468293265806684
Arl6ip6,-0.028711976843133803,0.7823929545894205,0.6,0.9468293265806684
Ufl1,-0.02870793029322066,0.7824228637724552,0.705,0.9468293265806684
Ffar4,-0.028690874884320382,0.7825489285505364,0.126,0.9468293265806684
Gcsh,-0.028681301705550947,0.7826196910080708,0.621,0.9468293265806684
Usp12,-0.02868122589615767,0.7826202513785301,0.558,0.9468293265806684
Dld,-0.028661174145782394,0.7827684744865455,0.758,0.9468293265806684
Tbc1d17,-0.02863199193095174,0.7829842041074746,0.484,0.9468293265806684
Ndnf,-0.028548873628067042,0.7835987463593463,0.137,0.9468293265806684
Ranbp2,-0.028522179927557952,0.7837961367031974,0.737,0.9468293265806684
Map3k7,-0.028510565166468948,0.7838820279710181,0.684,0.9468293265806684
Strn3,-0.02849376520400852,0.7840062684348224,0.863,0.9468293265806684
Npc1,-0.028466401049620955,0.7842086456746785,0.495,0.9468293265806684
9930021J03Rik,-0.02846387362935705,0.7842273384562961,0.632,0.9468293265806684
Ptcd1,-0.028443958539725905,0.7843746345959978,0.253,0.946845017987895
Grb14,-0.028338007922156,0.785158395009039,0.137,0.947546157859209
Fam227a,-0.028302063824198944,0.7854243370550491,0.105,0.947546157859209
Ttc26,-0.02830086917578744,0.7854331764048715,0.211,0.947546157859209
Parvb,-0.028295299380792754,0.7854743883590284,0.221,0.947546157859209
Thumpd2,-0.028272786337277794,0.7856409726020329,0.337,0.947546157859209
Slc22a18,-0.028266276501459145,0.7856891436367357,0.116,0.947546157859209
Vsig8,-0.028266276501459145,0.7856891436367357,0.116,0.947546157859209
Spidr,-0.02825454612281894,0.7857759473224368,0.684,0.947555669328161
Pitpnc1,-0.028218824800669954,0.786040297841265,0.505,0.9477792585037225
Rab7,-0.02818471747984703,0.7862927268243315,0.874,0.9478348582183622
Zer1,-0.028183778379370635,0.7862996774390247,0.368,0.9478348582183622
Sgf29,-0.028138649521300116,0.7866337118135387,0.326,0.9479236228166558
Cox6b1,-0.028071011095606842,0.7871344296277807,0.926,0.9482861882276231
Etv6,-0.028040152580282595,0.7873628996803518,0.747,0.9482861882276231
Vegfb,-0.028016457935032636,0.7875383421445509,0.495,0.9482861882276231
Kctd18,-0.02799844661343279,0.7876717106232456,0.274,0.9482927999064846
Ganc,-0.027978791838328836,0.787817255375255,0.432,0.9483029358687406
Pdk2,-0.02796174579274529,0.7879434882359854,0.2,0.9483598098686323
Bzw1,-0.027927664458882416,0.7881958907223856,0.895,0.948568513571583
Epas1,-0.02782022607483678,0.788991710275863,0.274,0.9489259021340244
Hadh,-0.027812745056485948,0.7890471318883276,0.8,0.9489259021340244
Rev3l,-0.027743672817330804,0.7895588891891805,0.705,0.9490270130399329
Ran,-0.0277223283787608,0.7897170485433711,0.874,0.9490270130399329
Il7r,-0.027721655356287917,0.7897220356859727,0.158,0.9490270130399329
H1f0,-0.02768318731416648,0.7900071005895832,0.779,0.9490270130399329
Ndufv3,-0.02765927531952177,0.7901843127944979,0.874,0.9490270130399329
Akr1a1,-0.027615182383712397,0.7905111142851023,0.905,0.9490270130399329
Gimap5,-0.02760564947491221,0.7905817736530211,0.147,0.9490270130399329
Nek7,-0.027568733967675733,0.7908554129706521,0.863,0.9490270130399329
Fmr1,-0.0275674071794575,0.7908652483728194,0.747,0.9490270130399329
Hsdl2,-0.02755484795340773,0.7909583507913304,0.358,0.9490270130399329
Zfp667,-0.027554218699264776,0.7909630155733736,0.189,0.9490270130399329
Clptm1,-0.02753918357343809,0.7910744760443993,0.747,0.9490270130399329
Uimc1,-0.027499714171494133,0.7913670960587716,0.653,0.9490270130399329
Fem1a,-0.027487597749489934,0.7914569311338011,0.316,0.9490270130399329
Tmem42,-0.0274528911131517,0.7917142724477698,0.305,0.9490270130399329
Calm1,-0.027438971244448645,0.7918174911829805,0.937,0.9490270130399329
Naca,-0.02738297334394977,0.7922327635736232,0.937,0.9491134992013488
Fmnl1,-0.027338521785354692,0.7925624512457139,0.211,0.9491134992013488
Rrp12,-0.02733322530246242,0.7926017365567841,0.147,0.9491134992013488
Jam3,-0.027326545159330543,0.7926512855533612,0.495,0.9491134992013488
Pea15a,-0.027293671001591104,0.7928951368664847,0.758,0.9491134992013488
Arxes2,-0.02729050359707566,0.7929186328406114,0.2,0.9491134992013488
Sec24d,-0.02727464562433595,0.793036270901371,0.884,0.9491134992013488
Cblb,-0.027266945173145575,0.7930933962771309,0.874,0.9491134992013488
Hspe1,-0.027248067457536575,0.7932334441980124,0.853,0.9491134992013488
Rnf146,-0.027217691575891215,0.7934588072182746,0.589,0.949128469491825
Foxk2,-0.02721588405973439,0.7934722179748167,0.547,0.949128469491825
Morc2a,-0.02717179785445404,0.7937993314961331,0.547,0.9493729312894799
Man1b1,-0.02714382195112062,0.7940069273255844,0.505,0.9493729312894799
Eipr1,-0.027129556554593287,0.7941127895538949,0.421,0.9493729312894799
Mthfd2l,-0.027128910376631142,0.7941175848709479,0.558,0.9493729312894799
Xpnpep2,-0.027119526338508178,0.7941872251220299,0.105,0.9493729312894799
Skic3,-0.02711392200415041,0.7942288164359905,0.632,0.9493729312894799
Gabpb2,-0.0270906950112155,0.7944011965034987,0.621,0.9494699548494434
B930036N10Rik,-0.026987086013706852,0.79517025506651,0.232,0.9499349419327785
Zfp942,-0.02698498979138612,0.7951858167207759,0.4,0.9499349419327785
Arid3a,-0.02694278189450646,0.7954991710969456,0.474,0.9500666290706706
Zcchc24,-0.02692401522720136,0.7956385065718152,0.863,0.9500666290706706
Bbln,-0.026899947525927184,0.7958172096213736,0.705,0.9500666290706706
Ift88,-0.02688374818546153,0.7959374959047469,0.347,0.9500666290706706
Neu1,-0.02688371164256925,0.795937767255058,0.389,0.9500666290706706
Eif3d,-0.026883027613368117,0.7959428465382951,0.811,0.9500666290706706
Rbm34,-0.02686705738103117,0.7960614364853633,0.474,0.9500666290706706
Zfp580,-0.02685291758492637,0.7961664380535594,0.358,0.9500666290706706
Parp12,-0.026798225761004716,0.7965726115459866,0.453,0.9504568564873955
1110059E24Rik,-0.02677532498173001,0.7967427022447746,0.684,0.9504709017240942
Acsl3,-0.026748843168900742,0.796939402154976,0.242,0.9506111068621893
Chchd7,-0.02665186536509177,0.7976598358912783,0.589,0.9510787046069099
Ap3s2,-0.026642763391089872,0.797727461821953,0.547,0.9510787046069099
Cd82,-0.026579323543194408,0.7981988492439043,0.589,0.9511358525344601
Bloc1s5,-0.026532566670318104,0.7985463207884871,0.232,0.9511358525344601
Dpp9,-0.02652971065852411,0.7985675463812687,0.516,0.9511358525344601
2510009E07Rik,-0.026462810295417718,0.7990647850235987,0.516,0.9511943291999866
Tulp3,-0.026460222595619285,0.7990840197795293,0.368,0.9511943291999866
Fnip2,-0.026460222595619285,0.7990840197795293,0.368,0.9511943291999866
Esyt2,-0.02642903853255322,0.7993158249678216,0.895,0.9511943291999866
Pcdhga12,-0.02642830337351473,0.7993212899461098,0.189,0.9511943291999866
Mid1ip1,-0.026427182417535708,0.7993296228556562,0.653,0.9511943291999866
Dph3,-0.026385651041127188,0.7996383726750391,0.832,0.9514674403636105
Wdr45b,-0.026374773832804857,0.7997192403932075,0.768,0.9514693737020653
Uqcrfs1,-0.026269133884208838,0.8005047411725474,0.768,0.952026587486012
Mgat4b,-0.026194029298014607,0.8010633127327597,0.758,0.9523146829367894
Htatip2,-0.026176544358614807,0.8011933669638795,0.663,0.9523738993302941
Cacfd1,-0.026148063170768714,0.8014052236828259,0.526,0.952394691320565
Zfp839,-0.02612093912836931,0.8016069986612687,0.105,0.9524405411597098
Tor1a,-0.026108638878996525,0.8016985041570244,0.632,0.9524405411597098
Lamtor3,-0.02610502725978045,0.8017253726577153,0.832,0.9524405411597098
Vps29,-0.026068386975383506,0.8019979696645454,0.821,0.9526375580831666
Ahi1,-0.026061408116779358,0.8020498937838537,0.516,0.9526375580831666
Atg101,-0.026032153443726797,0.8022675638231945,0.611,0.952703920246021
Yipf6,-0.026014211075114622,0.8024010718815713,0.495,0.952703920246021
Adnp2,-0.025989058709454466,0.8025882386358858,0.4,0.9527454594164029
Atp5k,-0.025970952741282728,0.8027229778023174,0.863,0.9527454594164029
Napa,-0.025951086937555202,0.8028708197732726,0.737,0.9527643736922004
Setdb1,-0.025889651959979738,0.8033280648151528,0.505,0.9529302582726279
Prpf4,-0.025856460812625107,0.8035751257189578,0.389,0.9530251835787071
Vgll4,-0.025838071861071565,0.8037120136330362,0.737,0.9530251835787071
Utp15,-0.025830974410735154,0.803764848853327,0.4,0.9530251835787071
Fam111a,-0.025746343883722808,0.8043949278622364,0.547,0.9532280076611671
Slc35e2,-0.025738850023611322,0.8044507261014116,0.316,0.9532280076611671
Gps1,-0.025720886816437173,0.8045844816311187,0.632,0.9532280076611671
Coq2,-0.025665296587287608,0.8049984467244674,0.589,0.9532280076611671
Ranbp9,-0.02566297720169363,0.805015719718443,0.726,0.9532280076611671
4930581F22Rik,-0.0256274259182524,0.8052804899523724,0.2,0.9532280076611671
Tmem109,-0.02562372439607297,0.8053080585154447,0.705,0.9532280076611671
F11r,-0.02560236125697028,0.8054671736679223,0.789,0.9532280076611671
Esyt3,-0.025585038983872967,0.8055961977973904,0.137,0.9532280076611671
Crtc1,-0.025569674548162502,0.8057106434256303,0.379,0.9532280076611671
Efemp2,-0.025568071728871045,0.805722582639559,0.842,0.9532280076611671
Tmem167b,-0.025499959887008483,0.8062299809453837,0.568,0.9536403685559276
Gm36220,-0.02544256975387886,0.8066575703247425,0.537,0.9537703049620071
Macrod2,-0.02538132728496496,0.8071139245191568,0.253,0.9539876214740033
Tefm,-0.025356925331937775,0.8072957760434372,0.2,0.9539876214740033
Hmox1,-0.025342283080572306,0.8074048999225303,0.558,0.9539963229059064
Ncoa1,-0.02530309302187852,0.8076969886643528,0.674,0.9540731369627838
Tcf7,-0.025301576781973582,0.8077082899330972,0.232,0.9540731369627838
Mtmr9,-0.025276091027399104,0.807898253485019,0.547,0.9542036523307715
Irx3,-0.025256709063194063,0.8080427285831013,0.211,0.9542270151082879
Nfix,-0.025186907212467184,0.8085630918813345,0.926,0.9545910317536529
Lrrc73,-0.02516330757205088,0.8087390428449418,0.137,0.9545910317536529
Nae1,-0.025161814495007803,0.8087501750441773,0.621,0.9545910317536529
Batf,-0.025153831922864085,0.8088096927686526,0.147,0.9545910317536529
Rbm25,-0.025130015253707463,0.8089872753246846,0.863,0.9545910317536529
Stx2,-0.02512642310350765,0.8090140600618727,0.526,0.9545910317536529
Wdr43,-0.02512169620133674,0.8090493063712461,0.716,0.9545910317536529
Stard4,-0.02511479464736936,0.8091007687313172,0.326,0.9545910317536529
Asb13,-0.025039985672739063,0.8096586439288012,0.274,0.9548739158877433
Med21,-0.025018712556565195,0.8098173019626312,0.737,0.9549368005611774
Taf6l,-0.02491320432244064,0.8106043114330951,0.326,0.9550504150510483
Nop16,-0.02490150633499512,0.8106915809481001,0.568,0.9550504150510483
Noa1,-0.0248596022114427,0.8110042137583791,0.295,0.9550504150510483
Borcs5,-0.024849952168546432,0.811076213740494,0.368,0.9550504150510483
Atosb,-0.024849346898142596,0.8110807297788594,0.347,0.9550504150510483
Tbrg4,-0.024824818312592534,0.8112637474541768,0.411,0.9550504150510483
Nub1,-0.024823309557585053,0.8112750052155372,0.695,0.9550504150510483
Gzf1,-0.02480532042849621,0.8114092362756091,0.389,0.9550504150510483
Nlrc3,-0.02480292391959737,0.8114271189277334,0.263,0.9550504150510483
Lnx2,-0.0247753331343809,0.8116330072164973,0.442,0.9550504150510483
Nat9,-0.024773467689583214,0.8116469280237472,0.389,0.9550504150510483
Aff1,-0.02473493244033111,0.8119345088788341,0.8,0.9550504150510483
Slco3a1,-0.024641832951313277,0.8126293946639558,0.684,0.9550504150510483
Pradc1,-0.024640281795534437,0.8126409735750237,0.263,0.9550504150510483
Zbtb8os,-0.024620795539046097,0.8127864360473709,0.663,0.9550504150510483
Mrpl38,-0.02461365907657101,0.8128397104390087,0.663,0.9550504150510483
Slc16a4,-0.02460659829399442,0.8128924207113737,0.379,0.9550504150510483
Gm36738,-0.024604189141404595,0.8129104057484562,0.221,0.9550504150510483
Srf,-0.024551238934789825,0.8133057192084591,0.358,0.955313672581471
Atp5mpl,-0.02454838474576462,0.8133270292247756,0.905,0.955313672581471
Katnip,-0.024533096243994437,0.8134411789269809,0.484,0.955313672581471
Gsap,-0.02447741405724861,0.8138569560070825,0.295,0.9555080151341586
Nup160,-0.02446207769253667,0.8139714812126786,0.432,0.9555490393938827
Gins3,-0.024436977011065394,0.8141589304683883,0.116,0.9555702009265278
Zfp729a,-0.024427693600847778,0.8142282606545602,0.253,0.9555702009265278
Dusp19,-0.02434825987468454,0.8148215445628932,0.368,0.9560026069736504
Htatsf1,-0.024343815332354274,0.8148547435705027,0.611,0.9560026069736504
Gm15867,-0.024248178253173082,0.8155691946089769,0.158,0.9565363178903727
Git2,-0.02419069049217421,0.8159987261040558,0.6,0.9565363178903727
Galnt10,-0.024189265250521588,0.8160093757783308,0.379,0.9565363178903727
Trappc14,-0.024182237106237753,0.8160618918860192,0.305,0.9565363178903727
Rock2,-0.024178756213458573,0.8160879023160508,0.884,0.9565363178903727
Polr1f,-0.024148977668241433,0.8163104260085733,0.705,0.9565363178903727
8430419K02Rik,-0.02412464488317114,0.8164922664342475,0.2,0.9565363178903727
Rab5c,-0.02411807331905492,0.8165413778115055,0.895,0.9565363178903727
Gm48742,-0.024107125642446707,0.8166231948353507,0.126,0.9565363178903727
Adgrg2,-0.024099830634393516,0.8166777148782699,0.347,0.9565363178903727
Tpd52,-0.024097980544064188,0.8166915418700407,0.505,0.9565363178903727
Kctd1,-0.024075821584821876,0.8168571553055196,0.242,0.9565363178903727
Dynlrb1,-0.024072260911562685,0.8168837681059284,0.905,0.9565363178903727
Uqcc3,-0.02403703980253762,0.817147025107729,0.758,0.9567151813101689
Runx3,-0.024013771975705464,0.8173209495137699,0.232,0.9567151813101689
Vps11,-0.023976036559883777,0.8176030363397973,0.368,0.9567151813101689
Ccdc127,-0.023972855528724555,0.8176268168404182,0.726,0.9567151813101689
Trp53bp1,-0.02393697369609855,0.8178950708319384,0.495,0.9568051113834402
Itm2a,-0.023927807406141317,0.8179636017414993,0.453,0.9568051113834402
Plekha1,-0.023924292861750854,0.8179898782669288,0.589,0.9568051113834402
Alg8,-0.023820086019757155,0.8187690730270798,0.379,0.9572115097988497
Stim1,-0.023819256533112305,0.8187752761262662,0.558,0.9572115097988497
Leng1,-0.02380451278599215,0.8188855352492144,0.411,0.9572115097988497
Tkt,-0.023772508281714486,0.819124888737887,0.884,0.9572115097988497
Arl14ep,-0.023742195529091063,0.8193516053397343,0.516,0.9572115097988497
Tatdn2,-0.023718179241433653,0.8195312396663387,0.411,0.9572115097988497
Lin52,-0.023691675852534747,0.8197294875468386,0.379,0.9572115097988497
Cdk2ap1,-0.023690785407882456,0.8197361483547604,0.737,0.9572115097988497
Tmc8,-0.02365600145710351,0.8199963533262636,0.116,0.9572115097988497
Tra2a,-0.023645547015206495,0.8200745626807134,0.811,0.9572115097988497
Os9,-0.023642553578462813,0.8200969568120412,0.832,0.9572115097988497
Usp40,-0.0236298654803982,0.8201918790549205,0.642,0.9572115097988497
Gm4117,-0.023586563566865497,0.820515848983742,0.158,0.9573349333153037
Telo2,-0.02356086922604383,0.8207080993943775,0.326,0.9574460334702903
Abca6,-0.02351630581230047,0.8210415572610381,0.337,0.9575761027715672
Ddx39b,-0.023473804229231156,0.821359616564672,0.895,0.9578540128294499
Synrg,-0.023380475978082252,0.8220581370057287,0.6,0.9583326265270433
Mexis,-0.023366284719343457,0.822164364434001,0.116,0.9583326265270433
Polr2h,-0.02336565206607665,0.8221691001794847,0.632,0.9583326265270433
Fgf14,-0.023351654024990467,0.8222738845769308,0.211,0.9583569391161598
Faah,-0.023318908520438553,0.8225190180499686,0.168,0.9583569391161598
Sh2d3c,-0.023293507698697577,0.8227091808261962,0.221,0.9583569391161598
Zbtb6,-0.023288232608621503,0.8227486739742962,0.368,0.9583569391161598
Fbxo10,-0.02327517804269875,0.822846411816849,0.232,0.9583778122693671
Gpn1,-0.023232006026371668,0.8231696543550421,0.505,0.9584823408241209
4632404H12Rik,-0.023185525265773693,0.8235177035065202,0.126,0.958787653059516
Pla2g7,-0.023132489785570306,0.8239148762829573,0.326,0.9590083522987939
Rexo4,-0.02310149664744685,0.8241469986346264,0.484,0.9590083522987939
Dnaaf9,-0.02309597231764436,0.8241883745574508,0.726,0.9590083522987939
1700086O06Rik,-0.023094530098430672,0.8241991765171702,0.179,0.9590083522987939
Cxcl1,-0.023076697627723967,0.8243327411868588,0.211,0.9590083522987939
Gpsm3,-0.023073191898027135,0.8243589995856773,0.516,0.9590083522987939
Pabpc4,-0.023057679446890012,0.8244751923043375,0.768,0.9590083522987939
Pdlim5,-0.022951972377357042,0.8252670692683347,0.821,0.9596253983458266
Abtb2,-0.02293516669107693,0.8253929808249157,0.358,0.9596253983458266
Terf2ip,-0.022887106428725806,0.8257530822814932,0.495,0.9597705931803506
Mrps5,-0.022852568247237134,0.8260118890265724,0.674,0.959830131766385
Wdr45,-0.022841839283034005,0.8260922887174731,0.421,0.9598306667922101
Bag5,-0.022736769445623438,0.8268797457510599,0.663,0.9602613564721668
Tmem160,-0.022712339154082398,0.8270628657330453,0.789,0.9602613564721668
Szrd1,-0.022712339154082398,0.8270628657330453,0.789,0.9602613564721668
Fbxl19,-0.022673983298153635,0.8273503850006503,0.358,0.9602613564721668
Elk1,-0.022670706419240197,0.8273749498633496,0.295,0.9602613564721668
Tmed8,-0.022669652509412164,0.8273828504500436,0.274,0.9602613564721668
Srsf2,-0.022640456167393894,0.8276017263190647,0.895,0.9602613564721668
D330050I16Rik,-0.022623098305089403,0.8277318590433502,0.116,0.9602613564721668
Esrra,-0.02258683250529792,0.8280037604911678,0.547,0.9602613564721668
Eif3b,-0.02258000110304424,0.8280549809391505,0.874,0.9602613564721668
Nelfb,-0.022574475220284423,0.8280964133969761,0.558,0.9602613564721668
Csf2ra,-0.022568335917462334,0.8281424457624125,0.337,0.9602613564721668
Stx3,-0.022525934182716298,0.8284603889386415,0.263,0.9602628989939821
Sar1b,-0.02252248368746932,0.8284862631873845,0.789,0.9602628989939821
Chmp1b,-0.022514830567707873,0.8285436523342762,0.537,0.9602628989939821
Tm7sf3,-0.02250406785642933,0.8286243611818913,0.705,0.9602637491275909
Mrpl24,-0.02248872155873149,0.8287394451135749,0.821,0.9603044313335933
Smyd3,-0.022415628634244577,0.8292876282838737,0.663,0.9606615101596209
Rad54l2,-0.02240141190634142,0.8293942605741274,0.579,0.9606923487086193
Bsdc1,-0.022321239723281257,0.829995648296824,0.505,0.961203486603006
Ecsit,-0.022304286178379235,0.8301228328212666,0.347,0.9612580628493538
Emc10,-0.022259584949702014,0.8304581998678651,0.884,0.9614609590023582
Btk,-0.022219226548496483,0.8307610113328393,0.158,0.9616260930370579
Pus7l,-0.02219795336346989,0.8309206352482583,0.284,0.9616878548736947
C1qtnf7,-0.022190767511146372,0.8309745560351945,0.189,0.9616878548736947
Trmt61b,-0.022156030214121172,0.8312352268088679,0.347,0.9618041214507157
Prpf18,-0.022117665539226353,0.8315231388709265,0.579,0.961849656177778
Psd4,-0.022089059982803933,0.8317378269972648,0.147,0.961849656177778
Srm,-0.022080214897915545,0.8318042129191785,0.663,0.961849656177778
Gm10033,-0.022068568101215595,0.8318916286162507,0.4,0.961849656177778
Babam1,-0.022054722971772498,0.8319955466862998,0.674,0.961849656177778
Echdc2,-0.02199108251080165,0.8324732531625261,0.432,0.9620812438237261
Selenok,-0.021977494092537943,0.8325752602435259,0.874,0.9620812438237261
Polr3c,-0.021956216970208782,0.8327349913320785,0.484,0.9620812438237261
Cntrl,-0.021932232593633545,0.8329150543982591,0.537,0.9620812438237261
Carns1,-0.021930033414748258,0.8329315651984159,0.137,0.9620812438237261
Ccn3,-0.021907443867837405,0.8331011651905749,0.147,0.9621088477871724
Fuca2,-0.021874109157326044,0.8333514527208618,0.358,0.9621466888805602
Rab8b,-0.02186829331177152,0.8333951216284143,0.684,0.9621466888805602
Mars1,-0.02184971890471504,0.8335345929654024,0.442,0.9621466888805602
Txlna,-0.021832387531513685,0.8336647352690089,0.6,0.9622044099178111
Yipf1,-0.021723045080524556,0.8344858974121765,0.716,0.9624169662098369
Dnajb14,-0.02171278928228765,0.8345629276117438,0.674,0.9624169662098369
Gm26549,-0.021706132515123794,0.8346129267111286,0.105,0.9624169662098369
Tmem86a,-0.021684360340838135,0.8347764625013303,0.232,0.9624169662098369
Man2c1,-0.0216544360690895,0.8350012420323623,0.453,0.9624169662098369
Rnf44,-0.021652030475242636,0.8350193124970726,0.579,0.9624169662098369
1700037H04Rik,-0.021640438173929216,0.8351063933489807,0.263,0.9624169662098369
Snu13,-0.0216261090554772,0.8352140357980404,0.863,0.9624198587166095
Spon1,-0.021612925764402748,0.8353130733054104,0.358,0.9624416151212035
Usp5,-0.021588446196655713,0.8354969792192247,0.589,0.9624826062569224
Gng2,-0.02155911711189775,0.8357173294066511,0.263,0.9625396036439599
Lekr1,-0.02151209300286743,0.836070649245244,0.126,0.9625755379698576
Plbd2,-0.02135508581576889,0.8372505720785852,0.632,0.9635644224046366
Zfp523,-0.02128329918367557,0.8377901750966428,0.284,0.9640006355903584
Scly,-0.021224820754834676,0.8382297990105858,0.368,0.9642333833049808
Maea,-0.021213664469576735,0.8383136743833342,0.705,0.9642333833049808
Noc3l,-0.02118767759169774,0.8385090563747957,0.379,0.9642922693255375
Tsen2,-0.02118549160515763,0.8385254921319177,0.432,0.9642922693255375
Mrpl55,-0.021123928926254042,0.838988391316665,0.663,0.964633017677411
Srsf4,-0.02111875989689229,0.8390272605341108,0.758,0.964633017677411
Ggnbp2,-0.021108035080609395,0.8391079084770576,0.842,0.964633017677411
Cd300ld,-0.02094405280212308,0.8403412208206279,0.105,0.96498599606544
Micu3,-0.020934292784558276,0.840414638199076,0.558,0.96498599606544
Tmc6,-0.020914855776447007,0.8405608524726417,0.495,0.9650294822322303
Fgd6,-0.020907889795882362,0.8406132551567332,0.232,0.9650294822322303
Cep43,-0.020864248848406538,0.8409415668492145,0.442,0.9650975497602188
Ube2f,-0.020859879814675866,0.8409744366741859,0.663,0.9650975497602188
Slc25a17,-0.020857819910335418,0.8409899341760703,0.621,0.9650975497602188
Iqck,-0.020857271682599765,0.8409940587275064,0.126,0.9650975497602188
Thap11,-0.02084078322448164,0.841118110447142,0.537,0.9651476636218304
Selenom,-0.020819695696152815,0.8412767691512528,0.895,0.9652374741709597
Cpt1c,-0.020786240278147922,0.8415284946029347,0.579,0.9652918975999816
Gkn1,-0.02078198679367703,0.8415604998380908,0.137,0.9652918975999816
Plekho1,-0.020684382607901484,0.8422949907029463,0.579,0.9656675215669127
Wdhd1,-0.02059192750561747,0.8429908582166128,0.168,0.9660876128803488
Trim32,-0.02056167802648849,0.8432185585044701,0.379,0.9660876128803488
BC004004,-0.0205501823499922,0.8433050945780741,0.726,0.9660876128803488
Mettl3,-0.020482363413377096,0.843815653442347,0.305,0.9663037244522901
Car5b,-0.020415493840544554,0.8443191284663867,0.232,0.9664463703689898
Get1,-0.020412618762525207,0.8443407769356801,0.284,0.9664463703689898
Chst12,-0.020406805397168035,0.8443845501747094,0.695,0.9664463703689898
Pramel12,-0.020402550896339113,0.8444165858394233,0.263,0.9664463703689898
Csnk1g1,-0.02040167793521249,0.8444231591189367,0.726,0.9664463703689898
Ppil4,-0.020375599781283494,0.844619529012629,0.621,0.9665159986933953
Tfb1m,-0.020372218852771865,0.8446449882809858,0.126,0.9665159986933953
Med9,-0.020341191100210876,0.8448786427551266,0.558,0.9666084748658218
Cic,-0.020303348057274725,0.8451636379407825,0.611,0.9667256316358946
Suco,-0.020297201766882628,0.8452099274113469,0.589,0.9667256316358946
Greb1l,-0.02021936943168094,0.8457961504141386,0.642,0.9668821119491059
Arhgap30,-0.02021065100157194,0.8458618217301397,0.242,0.9668821119491059
Map1lc3a,-0.020176978956490045,0.8461154652974597,0.874,0.9668821119491059
Glrx3,-0.02016281868976324,0.8462221359316684,0.832,0.9668821119491059
Srsf3,-0.020098405953048803,0.8467073981588711,0.863,0.9668821119491059
A4galt,-0.020078101677411152,0.8468603750813564,0.179,0.9668821119491059
Pfn2,-0.020066516830897448,0.846947660432316,0.421,0.9668821119491059
Rasa3,-0.02005178926312156,0.8470586271002453,0.505,0.9668821119491059
Stk3,-0.01988629571678558,0.8483057631647164,0.779,0.9675403232809713
Mrps23,-0.019886182336872588,0.8483066177082199,0.621,0.9675403232809713
1110004F10Rik,-0.019804077832397463,0.8489254846990721,0.863,0.9675403232809713
Rnf139,-0.019786750526191717,0.8490561018941927,0.453,0.9675403232809713
Znhit3,-0.019775165752251224,0.8491434328426382,0.379,0.9675403232809713
Rbms3,-0.019759139119380424,0.8492642514136094,0.905,0.9675403232809713
Aco2,-0.019727851828675792,0.8495001242012492,0.832,0.967580147060411
Hmgcl,-0.019724737484746815,0.8495236037570462,0.705,0.967580147060411
Ntng2,-0.019703022203651145,0.8496873225140591,0.358,0.967588060277942
Eea1,-0.019689262355118912,0.8497910659089096,0.779,0.967588060277942
Suclg1,-0.01967720109181756,0.8498820047993505,0.768,0.967588060277942
Armc8,-0.019629428166063386,0.8502422199311357,0.579,0.9677560275583607
Brip1,-0.01959092666805081,0.8505325494691425,0.189,0.9677754832242262
Ino80b,-0.01958317415664895,0.8505910115045414,0.421,0.9677754832242262
Dctd,-0.019563833285451134,0.8507368654014279,0.305,0.9677754832242262
Mbtd1,-0.019551608231669244,0.850829059896864,0.737,0.9677754832242262
Rita1,-0.01954457327801352,0.850882114479054,0.221,0.9677754832242262
Rrp1b,-0.019542529276952637,0.8508975295767993,0.495,0.9677754832242262
Nr2c2ap,-0.019483846170941434,0.8513401196772604,0.537,0.9679962894853092
Cyp4f17,-0.01944334523527381,0.8516456060718705,0.211,0.9680599024993821
Dnmt3a,-0.01944260611796837,0.8516511812153497,0.789,0.9680599024993821
Cystm1,-0.019428560312603125,0.8517571297623321,0.4,0.9680599024993821
A930037H05Rik,-0.019422984450535197,0.851799189631546,0.316,0.9680599024993821
Cog5,-0.019410785039848368,0.8518912137300987,0.747,0.9680728566399105
Mak16,-0.019358339640268597,0.8522868489139676,0.6,0.9681327444770896
Ndufa11,-0.01932416596900868,0.8525446663601786,0.8,0.9681327444770896
G0s2,-0.019317641613739247,0.8525938900108814,0.137,0.9681327444770896
Wipf2,-0.019281881517308648,0.8528636956602079,0.568,0.9681327444770896
Lins1,-0.019269970931913523,0.8529535633634319,0.242,0.9681327444770896
Nkg7,-0.019260645435389852,0.8530239273746933,0.168,0.9681327444770896
Peg13,-0.01925606477544307,0.8530584904177476,0.253,0.9681327444770896
Pycr2,-0.019254175757781558,0.8530727439466651,0.663,0.9681327444770896
Msh6,-0.01915145927143929,0.8538478591988897,0.389,0.9685778770245319
Edrf1,-0.019123063791351612,0.8540621606163404,0.274,0.9686281949342267
Kat2b,-0.01912149307814943,0.8540740151385573,0.747,0.9686281949342267
Flnc,-0.019101837802602217,0.8542223606185122,0.811,0.9687036976417303
Faim,-0.019044096439871466,0.8546581848933809,0.621,0.9687036976417303
Fbxo44,-0.019024288042743774,0.8548077061487183,0.147,0.9687036976417303
Abcb10,-0.018996663734189765,0.8550162334159586,0.284,0.9687036976417303
Pou2f1,-0.01899509848753685,0.8550280492718463,0.495,0.9687036976417303
Fubp1,-0.01897619366383024,0.8551707620029606,0.842,0.9687547345267756
Timm50,-0.01895706827054933,0.8553151445588696,0.547,0.9687547345267756
Lrrn2,-0.018936136709486708,0.8554731678055238,0.621,0.9688268581767707
Tmbim4,-0.01889413476997505,0.8557902794976802,0.789,0.9688268581767707
Rbm33,-0.018886696605921672,0.8558464395028655,0.642,0.9688268581767707
Sumo2,-0.018844678770417362,0.8561636981849272,0.926,0.9688268581767707
Ufsp1,-0.018815485327879706,0.8563841388349139,0.105,0.9688369929065818
Zfp207,-0.018780937222514223,0.8566450269608132,0.863,0.9688369929065818
Hycc2,-0.018776464954625996,0.8566788001739967,0.432,0.9688369929065818
Snrnp35,-0.0187639468305189,0.8567733346300725,0.221,0.9688526491715277
Slc45a4,-0.018708267474333882,0.8571938388494171,0.368,0.9690543661674937
Frmd6,-0.018647487619800146,0.8576529088078504,0.737,0.9691049525556977
D6Wsu163e,-0.018616354772964097,0.8578880734095805,0.232,0.9691049525556977
Pot1a,-0.01857058012170399,0.8582338586511652,0.274,0.9691049525556977
Lrrc57,-0.01857058012170399,0.8582338586511652,0.274,0.9691049525556977
Rrp7a,-0.018561886047168675,0.8582995373856663,0.558,0.9691049525556977
Slc27a4,-0.01853921789273552,0.8584707867958067,0.379,0.9691049525556977
Fcgrt,-0.018534765292267566,0.8585044252934577,0.726,0.9691049525556977
Gapvd1,-0.018526505768383692,0.8585668249981192,0.705,0.9691049525556977
Ubn2,-0.01849933439955069,0.8587721075366556,0.842,0.9691049525556977
Polm,-0.018460466373163738,0.8590657758743417,0.337,0.9692237071181131
Gm43696,-0.018402308110178095,0.8595052278857751,0.179,0.9692255573088511
Cdk9,-0.01838375360850971,0.8596454373240173,0.758,0.9692255573088511
Pdlim1,-0.01835269510593036,0.8598801445674787,0.789,0.9692255573088511
Tdp1,-0.018350793798164306,0.85989451303217,0.347,0.9692255573088511
Deaf1,-0.018334770822869155,0.8600156028445454,0.505,0.9692255573088511
Chm,-0.018306339085026505,0.8602304768883505,0.642,0.9692255573088511
Rpp25,-0.018267027617495053,0.8605275917095796,0.537,0.9692255573088511
Myo1h,-0.01826475085878599,0.8605447999748954,0.116,0.9692255573088511
Cox5b,-0.018262359105176144,0.8605628774682461,0.863,0.9692255573088511
Naga,-0.018256184731368898,0.8606095453171753,0.642,0.9692255573088511
Tmem186,-0.01825018958051531,0.8606548590011635,0.358,0.9692255573088511
Hibch,-0.018207499077859523,0.8609775434799225,0.305,0.9692609960776847
Ears2,-0.018157943526187114,0.8613521474009342,0.189,0.9695334651994346
Sell,-0.01814408627971508,0.8614569035971835,0.168,0.9695334651994346
Plscr2,-0.01808109105598097,0.8619331568339528,0.611,0.9695334651994346
Tsr2,-0.018078991197024524,0.8619490329305945,0.347,0.9695334651994346
Olfml2b,-0.018077845003893464,0.8619576988085903,0.695,0.9695334651994346
Fgd3,-0.01807587690115201,0.8619725788331533,0.137,0.9695334651994346
Rdx,-0.018024093483696484,0.862364109494776,0.863,0.9695334651994346
Riok3,-0.017996062234110644,0.862576065622603,0.863,0.9695334651994346
Gdpd5,-0.017993998956238242,0.8625916673235711,0.242,0.9695334651994346
3830406C13Rik,-0.017932338373028538,0.8630579448650197,0.589,0.9695674348797054
Ing3,-0.017907386377303484,0.8632466452903048,0.358,0.969639733312922
Atp10d,-0.01789522084800939,0.8633386503564866,0.568,0.969639733312922
1700123O20Rik,-0.017848292650189647,0.8636935744643508,0.663,0.9696566003567062
Ppox,-0.017836419605568383,0.8637833761485241,0.263,0.9696566003567062
Dennd11,-0.01777905732497525,0.8642172596943849,0.168,0.9698451586783542
Wdr48,-0.017761730256170546,0.8643483281369595,0.432,0.9698451586783542
Gemin6,-0.01771658772883816,0.8646898203694087,0.347,0.9698451586783542
Zfp189,-0.017684869194865636,0.864929778234495,0.147,0.9698451586783542
Map4k5,-0.017682780476980072,0.8649455802867432,0.705,0.9698451586783542
Zmynd19,-0.017674831122339044,0.8650057210711769,0.411,0.9698451586783542
Dck,-0.017666635020405275,0.8650677294258254,0.189,0.9698451586783542
Lrig2,-0.017649177513899026,0.8651998085031057,0.547,0.9698451586783542
4931414P19Rik,-0.017639465166124003,0.8652732912730308,0.147,0.9698451586783542
Trim2,-0.017619323367400453,0.8654256860043644,0.611,0.9698491900722445
Cib1,-0.01759533777140764,0.8656071696866141,0.674,0.9698491900722445
Mtmr6,-0.017589520764918248,0.8656511843095065,0.653,0.9698491900722445
Ccbe1,-0.017540001659755722,0.8660258892753869,0.221,0.9700971396105998
Fgf13,-0.017527833399016427,0.8661179695424184,0.105,0.9700971396105998
Sidt2,-0.017519803436547982,0.866178735252445,0.747,0.9700971396105998
Slc3a2,-0.017517565326033976,0.8661956720051005,0.842,0.9700971396105998
Klhdc4,-0.01748296336380313,0.8664575277424622,0.358,0.9702009909708023
Epb41l5,-0.01747937096908454,0.8664847145756324,0.211,0.9702009909708023
Fubp3,-0.017468044888177933,0.8665704300802541,0.642,0.9702009909708023
Cdkn2aip,-0.0174626033259657,0.8666116122396814,0.337,0.9702009909708023
Csf3r,-0.017378412427012633,0.8672488207333111,0.158,0.9704139533653108
Dpm3,-0.017363895830285074,0.8673586998535243,0.853,0.9704139533653108
Invs,-0.017353561175438122,0.8674369265279896,0.421,0.9704139533653108
Penk,-0.017352045160905744,0.8674484018880553,0.284,0.9704139533653108
Atp5e,-0.017320321671754013,0.8676885367969261,0.916,0.9704504448532038
Mrps10,-0.017275160428806398,0.8680304111743545,0.516,0.9704504448532038
Cfap418,-0.017267925082278767,0.8680851856094356,0.368,0.9704504448532038
Vps26b,-0.01724943012114697,0.8682252026114909,0.526,0.9704504448532038
Fam53a,-0.017219617887394255,0.8684509061337282,0.411,0.9704504448532038
AI838599,-0.017178915159174236,0.8687590768265852,0.368,0.9706141467811303
Pcbp1,-0.017126454389087355,0.8691562995675066,0.905,0.9707869478053072
Ndufb4b,-0.017115266463112823,0.8692410165718545,0.137,0.9707912646245239
Lyar,-0.01709983471774737,0.8693578709690927,0.611,0.9708314691895364
Prps1,-0.017028500464197613,0.8698980745107033,0.484,0.9708733654778616
Pcbd1,-0.017020061435918724,0.8699619859549641,0.274,0.9708733654778616
Ptk2b,-0.017016250464318424,0.8699908479284569,0.758,0.9708733654778616
Tnfaip2,-0.01699878555507875,0.8701231186730465,0.832,0.9708733654778616
Anpep,-0.01697061463721434,0.8703364790613504,0.189,0.9710211953251844
Gas1,-0.016945858315323217,0.8705239857100869,0.811,0.9710867061167713
Sec63,-0.016872261612339196,0.8710814561223786,0.916,0.9711467310248131
Elof1,-0.016831446410061835,0.8713906448107591,0.821,0.9711467310248131
Dync1i1,-0.016831333195028185,0.871391502479084,0.126,0.9711467310248131
Fundc2,-0.016817111867926483,0.8714992383097292,0.853,0.9711467310248131
Nle1,-0.016714206040567166,0.872278886855786,0.337,0.9715063116339314
Tmem35a,-0.016680869489401975,0.8725314817950168,0.2,0.9716643945383756
Bud23,-0.01659110858717069,0.8732116741209196,0.547,0.9720612433867867
Abcc9,-0.016526450432225667,0.8737016994075031,0.116,0.9724808457599102
Krit1,-0.016519999403112898,0.8737505924925387,0.705,0.9724808457599102
Frmd5,-0.016470254305781615,0.874127632172415,0.221,0.9726052982857262
Calcoco1,-0.01645062799969505,0.8742763962035415,0.642,0.9726052982857262
Clcn5,-0.016371753752506074,0.8748742934973025,0.632,0.9728267904875141
Kpna6,-0.016311778335179432,0.8753289774093346,0.579,0.9728267904875141
Taf11,-0.016306171502999598,0.8753714858363439,0.611,0.9728267904875141
2410002F23Rik,-0.016276749584541336,0.8755945551079515,0.389,0.9728267904875141
Ivd,-0.016215367136078743,0.8760599720239937,0.421,0.9728267904875141
Prrg1,-0.01619711773725884,0.8761983516216578,0.389,0.9728267904875141
Dxo,-0.016160069840540005,0.8764792859141062,0.411,0.9728267904875141
Zbtb7c,-0.01615095854460666,0.8765483792406532,0.747,0.9728267904875141
Retreg3,-0.016118792825594423,0.8767923076503845,0.589,0.9728267904875141
Riok2,-0.01610627623279206,0.8768872302198748,0.442,0.9728267904875141
Eny2,-0.01608993726227338,0.8770111433240186,0.863,0.9728267904875141
Tmco1,-0.016075921637480457,0.8771174387713909,0.863,0.9728267904875141
Peli3,-0.016072980755731672,0.8771397428944584,0.116,0.9728267904875141
Zfp646,-0.01606174359687861,0.8772249682093108,0.389,0.9728267904875141
Mettl16,-0.015963414278449727,0.8779707810292608,0.642,0.9728267904875141
Vipas39,-0.015962727440590112,0.8779759909647634,0.474,0.9728267904875141
Pttg1ip,-0.01596109638718958,0.8779883631676181,0.821,0.9728267904875141
Tfip11,-0.01595541280437642,0.8780314756819514,0.463,0.9728267904875141
Ldlr,-0.015928429195271574,0.8782361632631117,0.484,0.9729637951928568
Urb2,-0.015892116373926346,0.8785116314013663,0.284,0.9730763004404184
Igdcc4,-0.015861627935044673,0.8787429270988137,0.274,0.9730763004404184
Tmem43,-0.015790909897610735,0.8792794574180774,0.621,0.9730917130412432
Rpia,-0.01578532170766361,0.8793218567562624,0.263,0.9730917130412432
Ndufb7,-0.01575859419720664,0.8795246514112477,0.853,0.9730917130412432
Mfsd3,-0.01573918963672326,0.8796718881459831,0.168,0.9730917130412432
Rpgrip1,-0.01569814294293969,0.8799833532139122,0.379,0.9730917130412432
Emp2,-0.015688278063664383,0.880058211304674,0.684,0.9730917130412432
Megf9,-0.015648448972591676,0.8803604588389964,0.326,0.9731023158133771
Tep1,-0.015638039197295815,0.880439457417075,0.453,0.9731023158133771
Oaz2,-0.015621930817857035,0.8805617043483225,0.779,0.9731023158133771
Trim21,-0.01560038729384009,0.880725203116333,0.242,0.9731023158133771
Clic4,-0.015591515449350751,0.8807925350428735,0.884,0.9731023158133771
Ankrd13a,-0.01556243046396259,0.8810132784097614,0.547,0.9731414256537052
Derl1,-0.015553997182942878,0.8810772853298753,0.821,0.9731414256537052
Akap8l,-0.01540788297100025,0.8821863840154828,0.589,0.9737279389979568
Rnf144b,-0.015303416781070294,0.8829794875142214,0.126,0.9741026126064842
Dusp5,-0.01520548230583726,0.8837231073058555,0.474,0.9742235890383811
Pdk3,-0.01520476586968763,0.8837285476020054,0.589,0.9742235890383811
4930453N24Rik,-0.01519352860945772,0.883813879043142,0.663,0.9742235890383811
Uvrag,-0.015158694731268404,0.8840784025666255,0.705,0.9742235890383811
Mief2,-0.015133648290630528,0.884268609538467,0.126,0.9742235890383811
Clk4,-0.015132224047790266,0.884279425680498,0.589,0.9742235890383811
Cog6,-0.015094573322108343,0.8845653646616585,0.453,0.9742235890383811
Itfg1,-0.015083788655046306,0.8846472716986316,0.684,0.9742235890383811
Intu,-0.01505088111453468,0.8848972043044819,0.242,0.97440945818818
Casp8ap2,-0.01501972451272566,0.8851338489242495,0.568,0.9744913005715627
Ammecr1l,-0.014975935228432,0.8854664599491928,0.568,0.9746333476509639
Ccdc9,-0.014957654219217324,0.8856053232051657,0.432,0.9746333476509639
Sem1,-0.014952538578607535,0.8856441824289885,0.926,0.9746333476509639
Tbc1d19,-0.01491877474296959,0.8859006647031448,0.484,0.9746333476509639
Tmem131l,-0.014907081811282476,0.8859894911726576,0.389,0.9746333476509639
Zfp37,-0.014906564680376587,0.8859934196393995,0.211,0.9746333476509639
Jrk,-0.014866869234225182,0.886294980595662,0.126,0.974692372737449
Vac14,-0.01483137431418842,0.8865646444405682,0.379,0.974692372737449
Eif4enif1,-0.014817126544343277,0.8866728919716669,0.674,0.974692372737449
Pear1,-0.014801023173328,0.8867952399495581,0.663,0.974692372737449
Surf6,-0.014796690360127361,0.8868281596551588,0.4,0.974692372737449
Layn,-0.014776765030819466,0.8869795501388293,0.526,0.974692372737449
Arih1,-0.014772468531738801,0.8870121950032019,0.863,0.974692372737449
Mcl1,-0.014768427652875355,0.8870428978334302,0.874,0.974692372737449
Pelo,-0.014766652874997689,0.8870563827506264,0.442,0.974692372737449
Usp18,-0.014760599413772864,0.887102377719234,0.137,0.974692372737449
Cln5,-0.014687926764101111,0.887654582916672,0.526,0.9748646829198168
Washc4,-0.014686534817537428,0.887665160186754,0.653,0.9748646829198168
Hdac8,-0.014611024525984827,0.88823898518385,0.568,0.9753164604574748
Celsr1,-0.014575837536328443,0.8885064012070023,0.126,0.9754525554432956
Rps6ka1,-0.014573300572971853,0.8885256822437709,0.326,0.9754525554432956
Hoxc4,-0.014562647024132258,0.8886066504071597,0.421,0.9754525554432956
Ttc3,-0.01453884535809901,0.8887875498621209,0.853,0.9754774063283744
Nr2c2,-0.014527600501950521,0.888873015960585,0.695,0.9754774063283744
B130024G19Rik,-0.014420935000246778,0.8896837860849306,0.263,0.9759211784690079
6430590A07Rik,-0.01439664231607846,0.8898684519639007,0.2,0.9760345759322696
Gm15787,-0.014357563762905888,0.890165528023956,0.126,0.9762712362973729
Traf7,-0.014279473672224109,0.8907592160985578,0.621,0.976743918510994
Spata2,-0.01422767567268225,0.8911530490642207,0.316,0.976855148216182
Atf2,-0.014225096628083186,0.8911726588676019,0.789,0.976855148216182
Dhx36,-0.014222586153190388,0.8911917473631104,0.8,0.976855148216182
Ube4bos1,-0.014190449828289164,0.8914361026611721,0.105,0.976861666939189
Epm2aip1,-0.014174092483175412,0.8915604830679351,0.537,0.9769088081946247
AU022252,-0.01413657118077246,0.8918458030230533,0.432,0.9771322709095539
Flywch1,-0.014076531612250122,0.8923023852992582,0.453,0.9774950646828532
Gata3,-0.014070338995474694,0.8923494802276983,0.158,0.9774950646828532
Ublcp1,-0.013957046533052957,0.8932111365847383,0.589,0.9776949896576258
Iqank1,-0.013952280874447208,0.89324738496945,0.137,0.9776949896576258
Glo1,-0.01393297074386562,0.8933942632493962,0.832,0.9776949896576258
Ipo4,-0.013928580501483963,0.8934276571687556,0.642,0.9776949896576258
Zfp334,-0.01386555790276939,0.8939070524283887,0.274,0.9776949896576258
Sdhc,-0.013820482939761809,0.8942499484474329,0.779,0.9776949896576258
Leprotl1,-0.013817705276358644,0.8942710794335743,0.768,0.9776949896576258
Erh,-0.013781759871756344,0.8945445396111082,0.853,0.9776949896576258
Oxsr1,-0.013759174678881516,0.8947163662388418,0.516,0.9776949896576258
Phgdh,-0.013749835268209498,0.8947874212676523,0.568,0.9776949896576258
Irf8,-0.013746196952101202,0.8948151021101192,0.284,0.9776949896576258
Tmem101,-0.013744776052588455,0.8948259125561855,0.358,0.9776949896576258
Cdc42,-0.013726485359786681,0.8949650729846728,0.937,0.9776949896576258
Ndufa9,-0.01368895113908056,0.8952506532171514,0.737,0.9779179942847831
Coq9,-0.01366800877967012,0.895409999587446,0.484,0.9780030806009701
Rpl15,-0.013633866300007543,0.8956697920231012,0.979,0.9781088852043088
Traf6,-0.013550786801018195,0.8963019954711577,0.495,0.9785583725219859
S1pr2,-0.013522972479480538,0.8965136663932759,0.411,0.9785583725219859
Btg1,-0.013508367890577046,0.8966248122834717,0.853,0.9785583725219859
Daxx,-0.013490378815786267,0.8967617180055951,0.547,0.9785788468822698
Usp27x,-0.013480927336874704,0.896833649628758,0.105,0.9785788468822698
Tm9sf1,-0.013436113718164205,0.8971747204375855,0.726,0.9787731117839442
Macf1,-0.013416289826971678,0.8973256035440114,0.874,0.9788487800266145
Abcg2,-0.013343822675556201,0.897877194760131,0.621,0.979083119840928
Wdfy3,-0.013336680148504743,0.897931563475886,0.758,0.979083119840928
Grap2,-0.013315745524763277,0.8980909199597412,0.211,0.979083119840928
Ubp1,-0.013302366053559979,0.8981927679726678,0.663,0.979083119840928
Btd,-0.01325936230952243,0.8985201348168992,0.474,0.9793510583466329
Gm20707,-0.01321360251783897,0.8988685007847288,0.116,0.9794796319893877
Acvr2b,-0.013212572363814888,0.8988763434933396,0.147,0.9794796319893877
Larp1b,-0.013210195953005486,0.8988944354827464,0.379,0.9794796319893877
Ddt,-0.013102545104257575,0.89971405240077,0.663,0.9796033269109976
Wipf3,-0.01309710328936354,0.8997554873282286,0.137,0.9796033269109976
Cyb5d2,-0.01304078912749678,0.9001842889384348,0.211,0.9796033269109976
Spaca6,-0.013010337784599164,0.9004161712438887,0.4,0.9796033269109976
AW146154,-0.013010099317508551,0.9004179871672284,0.274,0.9796033269109976
Memo1,-0.012999840537106615,0.9004961081124372,0.716,0.9796033269109976
Klhdc1,-0.012971891337379783,0.900708946982772,0.221,0.9796033269109976
Hspb11,-0.012948964109148276,0.900883547757841,0.6,0.9796033269109976
Rpl10,-0.012948834636604498,0.9008845337607537,0.947,0.9796033269109976
Egr1,-0.012929035305423027,0.9010353180644386,0.716,0.9796033269109976
Kri1,-0.012915487205367577,0.90113849735383,0.4,0.9796033269109976
Smpd2,-0.01290345709618859,0.9012301173428198,0.474,0.9796033269109976
Pard3,-0.012901678347416352,0.9012436642077992,0.832,0.9796033269109976
Gm14634,-0.01288609664037108,0.9013623349473392,0.116,0.9796033269109976
Nthl1,-0.012859109756706632,0.9015678729769906,0.232,0.9796493620664911
Gnptg,-0.012836510882949131,0.9017399959549853,0.453,0.9797477270320795
Mrm2,-0.012814056725052944,0.9019110212142405,0.274,0.9798448816249897
Stk39,-0.012768234186351085,0.9022600489281178,0.863,0.980108084368929
Cep164,-0.012740913326020363,0.9024681592416097,0.547,0.980108084368929
Zfp825,-0.012664325654885901,0.9030515831567343,0.295,0.9802234066378419
Bbs2,-0.012663495703801661,0.9030579057795722,0.221,0.9802234066378419
Esco1,-0.012661144672469905,0.9030758161262435,0.505,0.9802234066378419
Tmem50a,-0.012628454866951308,0.9033248547302801,0.926,0.9803540213480854
Arap1,-0.012610129193476653,0.9034644681027464,0.663,0.9803540213480854
Ubtd2,-0.012594557562691785,0.9035831022246548,0.674,0.9803540213480854
Ccdc3,-0.012592732862721083,0.9035970040337141,0.158,0.9803540213480854
Mdn1,-0.012507419797848853,0.9042470095423528,0.537,0.9807504771357208
Ppp1r21,-0.01244104787675178,0.9047527449901387,0.537,0.9811012365115352
Rmnd1,-0.01237260619250002,0.905274291256943,0.326,0.9812363760604641
Sp3,-0.012333749817770533,0.9055704064491389,0.863,0.9812363760604641
Tprn,-0.012323655020027783,0.9056473386176151,0.189,0.9812363760604641
Prmt3,-0.012317740984419425,0.9056924097206375,0.505,0.9812363760604641
Vti1a,-0.012293430327162935,0.9058776853538906,0.758,0.9812363760604641
Trappc1,-0.012279332356604262,0.9059851306827458,0.758,0.9812363760604641
Aff3,-0.01225364046571938,0.9061809414919866,0.137,0.9812363760604641
Zscan18,-0.012245832629597686,0.9062404500462562,0.105,0.9812363760604641
Eif2b3,-0.012242790323813027,0.9062636375608097,0.558,0.9812363760604641
Rmnd5a,-0.012238376636145073,0.906297277464025,0.674,0.9812363760604641
Myef2,-0.012224129399083204,0.9064058670815119,0.674,0.9812654626316575
Zc3h11a,-0.012181254687167688,0.9067326600150583,0.305,0.9815280046408881
Irf2bpl,-0.012170862416616855,0.9068118726977074,0.821,0.9815280046408881
Tanc2,-0.012139569653071216,0.9070504000659854,0.684,0.981602524090753
Csf1r,-0.01204708399858703,0.9077554150042875,0.358,0.9819692347443773
Sla,-0.012019522509078357,0.907965529135887,0.211,0.981989612617002
2900060B14Rik,-0.01201694642709092,0.90798516813828,0.116,0.981989612617002
D3Ertd751e,-0.01200763047548983,0.9080561896299303,0.137,0.981989612617002
Tango6,-0.011983667468365178,0.908238878368451,0.568,0.9820987223135799
Zfp467,-0.011895013662553938,0.9089147970782048,0.453,0.9822474412658221
Gm26760,-0.011883794330783588,0.9090003406941761,0.126,0.9822474412658221
Card6,-0.011874317846031015,0.9090725964989248,0.232,0.9822474412658221
Psma4,-0.011857218574811219,0.9092029759986868,0.863,0.9822474412658221
Smarcc2,-0.011836075511547537,0.9093641921612197,0.779,0.982254035199691
Lypla2,-0.011767610611938718,0.9098862631721909,0.621,0.9827262996781755
Prpf4b,-0.011747162283876768,0.9100421969186627,0.768,0.9827262996781755
Sh3bgr,-0.011746539024528251,0.9100469497894257,0.105,0.9827262996781755
Ilf2,-0.011689525534190583,0.9104817384330055,0.663,0.9830189940981114
Mphosph10,-0.011621199867957815,0.9110028292079377,0.589,0.983336452634727
Dctpp1,-0.011618756765918005,0.9110214624059885,0.568,0.983336452634727
Rufy3,-0.011604144602594445,0.9111329083395181,0.453,0.9833683443085478
Git1,-0.01159218313919887,0.9112241388529332,0.589,0.9833784140937596
Tmed7,-0.011553194658449449,0.9115215133902282,0.821,0.9834675917690147
Snx5,-0.011552337764745553,0.9115280492620482,0.8,0.9834675917690147
Umad1,-0.011546294477221122,0.9115741440060148,0.579,0.9834675917690147
Selplg,-0.011495224739442488,0.9119636864577295,0.274,0.9834675917690147
Nbeal1,-0.011477512657081648,0.9120987930155279,0.832,0.9834675917690147
Zfp346,-0.011471487374216141,0.9121447540328271,0.442,0.9834675917690147
Slc25a32,-0.011448655017705736,0.9123189224755142,0.347,0.9834675917690147
Cmtm3,-0.011437616339365396,0.9124031285605628,0.747,0.9834675917690147
Eif3g,-0.011414372306278632,0.9125804436230504,0.832,0.9834675917690147
Golm1,-0.011378765647850146,0.9128520741860497,0.558,0.9834675917690147
Ppp6r2,-0.011357471313610501,0.9130145258944983,0.6,0.9834675917690147
Anapc2,-0.011356599091027157,0.913021180043508,0.611,0.9834675917690147
Gga3,-0.011353356484293179,0.9130459178050379,0.242,0.9834675917690147
Efs,-0.011342349751202702,0.9131298885004692,0.463,0.9834675917690147
Cdr2l,-0.011340235745187128,0.91314601642474,0.653,0.9834675917690147
Zfp141,-0.011323648683570343,0.9132725616910564,0.389,0.9834675917690147
Cables1,-0.011283666468039568,0.9135776011015719,0.284,0.9834791505105358
Pold4,-0.011272161685546388,0.9136653777512934,0.853,0.9834791505105358
Dcp1b,-0.011213461824159898,0.9141132491010977,0.326,0.9835474997108562
Znrf3,-0.011210056779177168,0.9141392299205671,0.568,0.9835474997108562
Atp2b1,-0.011153385589837554,0.9145716497560055,0.874,0.983564481426907
Myo1f,-0.011150178460447035,0.9145961219542067,0.253,0.983564481426907
Mtmr12,-0.011120677285927057,0.9148212362151198,0.316,0.983564481426907
Rhbdd2,-0.011095028328887396,0.9150169608690186,0.547,0.9835817949108601
Vps51,-0.011031339905147527,0.9155029828269586,0.295,0.9838399995348869
Tapt1,-0.010995199356611406,0.9157787940359547,0.474,0.9839292053217512
Gm20528,-0.010927402547304458,0.916296220921438,0.232,0.9842519882450981
Micos13,-0.010880155666468416,0.9166568308981142,0.874,0.9842970220254864
Plscr1,-0.010869535300736956,0.9167378927506838,0.758,0.9842970220254864
Micos10,-0.010840527728773818,0.9169593026009164,0.895,0.9842970220254864
Ank2,-0.010832049020490783,0.9170240203329021,0.316,0.9842970220254864
Zfp68,-0.010823239827086805,0.9170912612211203,0.589,0.9842970220254864
H2-DMa,-0.010805047524329396,0.9172301255646813,0.421,0.9842970220254864
Gphn,-0.010793028653861695,0.9173218686154071,0.947,0.9842970220254864
Ccdc8,-0.010734684802454195,0.9177672372254722,0.326,0.9844230138794215
Itpr1,-0.01072166851922894,0.9178666006749334,0.611,0.984441650228131
Slc35a2,-0.010692301302710264,0.9180907881941001,0.474,0.9845941491467095
Serinc5,-0.010633655608103927,0.9185385049635,0.495,0.9847765397811701
Cdkn2d,-0.010622290986559526,0.9186252684387386,0.516,0.9847765397811701
Wdr81,-0.010548636427813837,0.9191876089948917,0.232,0.9847765397811701
Zdhhc3,-0.01054111162661356,0.9192450618695223,0.632,0.9847765397811701
Zfp120,-0.010513582441334863,0.9194552544535043,0.379,0.9848257447559474
Hsf1,-0.010486595056434294,0.919661315623308,0.453,0.9848257447559474
Slit3,-0.010471607393289586,0.919775755658772,0.937,0.9848257447559474
Cnnm3,-0.010462030142604653,0.9198488847202628,0.421,0.9848257447559474
Eri3,-0.010430667228574842,0.9200883673459093,0.726,0.9848257447559474
Rras2,-0.010428694356785641,0.920103432145006,0.779,0.9848257447559474
Nfkb1,-0.010416935488011151,0.9201932231545743,0.853,0.9848257447559474
1700052K11Rik,-0.010402708158278018,0.9203018647305345,0.137,0.9848408418697127
Ctsh,-0.01038286444232934,0.9204533961407442,0.484,0.9848408418697127
Endov,-0.01034325765080942,0.9207558516618266,0.253,0.9848844314353592
Parl,-0.01032646120144919,0.9208841204160991,0.663,0.9848844314353592
Magi1,-0.010317760445363788,0.9209505659186824,0.432,0.9848844314353592
Mrpl3,-0.010311332626578386,0.9209996539151089,0.632,0.9848844314353592
Nhej1,-0.01030234163421916,0.9210683168641333,0.221,0.9848844314353592
Nudt13,-0.010282596510201022,0.9212191096407131,0.263,0.9849327957579722
Gm39090,-0.01027493682011308,0.9212776071589728,0.105,0.9849327957579722
Nlrc4,-0.01014354376614744,0.9222811288705306,0.105,0.9852585723105484
Opa1,-0.01013834434650196,0.9223208422395739,0.642,0.9852585723105484
Prpsap1,-0.01000470243740339,0.923341669437729,0.6,0.985953528600693
Lysmd4,-0.009999425554552435,0.9233819796047966,0.232,0.985953528600693
Dtnbp1,-0.009948113048741918,0.9237739664878881,0.832,0.9862644967228937
Cinp,-0.009894745109653894,0.9241816745707844,0.579,0.9863350974117346
Spag9,-0.009888129943816944,0.9242322129573937,0.895,0.9863350974117346
9330133O14Rik,-0.009826170115636771,0.9247055867577217,0.189,0.986405478871059
Cdon,-0.00981360511134519,0.9248015867393701,0.716,0.986405478871059
Rpp25l,-0.009808691064001446,0.9248391316639132,0.632,0.986405478871059
Hmg20b,-0.009808363014259868,0.9248416380768056,0.726,0.986405478871059
Gm14226,-0.00979998356423138,0.9249056602067491,0.116,0.986405478871059
Fam122a,-0.009779236047262189,0.9250641810486864,0.411,0.986405478871059
Cybrd1,-0.009771971238927809,0.9251196883124008,0.179,0.986405478871059
Psma7,-0.009730350479524566,0.9254377014689111,0.926,0.9864256466037016
Tm9sf4,-0.009726487263457378,0.9254672198709668,0.811,0.9864256466037016
Prdm5,-0.009713468957315891,0.925566692035718,0.695,0.9864441036102313
Rcan1,-0.009601868308666158,0.9264194732974171,0.474,0.9869149690251164
Tmem251,-0.009574138070923156,0.9266313830959406,0.432,0.9869377841642242
Retsat,-0.009573015059791698,0.9266399650655234,0.253,0.9869377841642242
Socs2,-0.00949534479410765,0.9272335359190227,0.421,0.9872986000393512
Rreb1,-0.00947373999926397,0.9273986509417718,0.716,0.9873448840093858
Snrpb,-0.009439942750896062,0.9276569531704297,0.895,0.9875197499396683
Serpina3g,-0.009430726615304365,0.9277273906320861,0.347,0.9875197499396683
Becn1,-0.00937314165363085,0.9281675159502452,0.684,0.9875482325680953
Srsf11,-0.009357710979484547,0.9282854571972511,0.884,0.9875482325680953
Chmp2b,-0.009355902304837517,0.9282992815388157,0.663,0.9875482325680953
S100a13,-0.009330377614093435,0.9284943780678961,0.853,0.9875482325680953
Ipcef1,-0.009288761691204314,0.9288124760814774,0.126,0.987624105588939
Wfs1,-0.009255686486719303,0.9290652997214615,0.358,0.9878054594665358
Acap2,-0.009176397650038384,0.9296714044977217,0.832,0.9879968855096892
Dhdh,-0.009147201785698533,0.9298945955122266,0.232,0.9879968855096892
Zfp846,-0.009147201785698533,0.9298945955122266,0.232,0.9879968855096892
Ms4a4d,-0.00905679714997733,0.9305857380790171,0.116,0.9884592141821265
Hoxb6,-0.009036865518277143,0.9307381221577542,0.379,0.9884827171114956
Rcc1,-0.009032366894829304,0.9307725160042117,0.316,0.9884827171114956
Bod1l,-0.00899829620421154,0.9310330047228825,0.821,0.9886719101183028
Isca2,-0.008948923885936978,0.9314104954887015,0.579,0.9888550137443752
Brd9,-0.008941648338062231,0.9314661241423412,0.579,0.9888550137443752
Pim1,-0.008897491797618609,0.9318037509808818,0.747,0.9890530090193995
Csnk2a1,-0.008871955071859115,0.9319990137290741,0.821,0.9890853948952618
Apba3,-0.008761444719367763,0.9328440608485752,0.442,0.9898072321146025
B4galt1,-0.008743357547812353,0.9329823763843408,0.874,0.9898665187988672
Gbe1,-0.008715865121957309,0.9331926192370035,0.611,0.9899146372628943
Snrpb2,-0.008689462325127835,0.9333945336846963,0.821,0.9899539056578172
Snhg3,-0.008649956769011905,0.9336966588864036,0.705,0.9900994244678132
Dgkq,-0.008609687729445254,0.9340046326224505,0.126,0.9902819627048263
Dstyk,-0.00859788919844689,0.9340948684938205,0.642,0.9902819627048263
Fam53b,-0.008586404042353356,0.9341827084553294,0.358,0.9902819627048263
Smyd5,-0.008584313137052622,0.9341987000547654,0.389,0.9902819627048263
Nmrk1,-0.008484368829937663,0.9349631214686445,0.211,0.9905067031136046
Lipt2,-0.008442330469201106,0.9352846684341746,0.221,0.9905067031136046
Acot2,-0.008438132230695797,0.9353167808867462,0.316,0.9905067031136046
Eif3m,-0.008421086356146194,0.9354471663567625,0.874,0.9905067031136046
Stam2,-0.008415982528538632,0.935486206337396,0.705,0.9905067031136046
Rbx1,-0.008405129622291509,0.9355692224325288,0.884,0.9905067031136046
Scfd1,-0.008402065493928513,0.9355926607006075,0.779,0.9905067031136046
Rabep2,-0.00839481468216509,0.9356481241537856,0.379,0.9905067031136046
Pitpna,-0.008377010705365631,0.9357843129713547,0.853,0.9905635410250423
2810021J22Rik,-0.008331249084650239,0.9361343680138964,0.168,0.990660523709564
Tmem175,-0.008317945146228209,0.9362361392159266,0.516,0.990660523709564
Rnf138,-0.008311932827604116,0.9362821320151093,0.6,0.990660523709564
Slc30a7,-0.008289475001547562,0.9364539308606817,0.779,0.990660523709564
Cox7b,-0.008279052677957135,0.9365336609901352,0.884,0.990660523709564
Rbbp8,-0.008278354352426428,0.9365390031595496,0.737,0.990660523709564
Iqce,-0.008269432990854753,0.9366072515558508,0.274,0.990660523709564
Zbed5,-0.008266832210284384,0.9366271476077479,0.168,0.990660523709564
Derl2,-0.00825589001430627,0.93671085617211,0.716,0.990660523709564
Mospd3,-0.00821682546222452,0.9370097083349197,0.421,0.990725217328054
C330018D20Rik,-0.008166482098520481,0.937394858683422,0.316,0.9907834567087894
Wasf1,-0.008139192416884312,0.9376036435782662,0.589,0.9908296909385884
Naa80,-0.00809721138463681,0.9379248356776697,0.326,0.9909074792768835
Rnf145,-0.008075387832779965,0.938091809117471,0.621,0.9909376780234608
Gm17106,-0.008048780039175727,0.9382953907298124,0.232,0.9909376780234608
Trappc3,-0.008012166759305286,0.9385755328256883,0.726,0.9909845605555786
Ppp2r5c,-0.007909655986762939,0.9393599213157919,0.874,0.9914640097783679
Pura,-0.007840127315654918,0.9398919714574286,0.842,0.9916891838138921
Trappc6a,-0.007816914262921299,0.940069609217935,0.642,0.9916900191424834
Xxylt1,-0.007786529901525763,0.940302129810602,0.358,0.9917339359060168
Cep250,-0.007677231541035317,0.9411385921202713,0.326,0.9917339359060168
Fyb,-0.007644442945452144,0.9413895363261585,0.411,0.9917339359060168
Gm20732,-0.007633844500591072,0.9414706516792155,0.284,0.9917339359060168
Katnbl1,-0.007626913513500078,0.9415236984135388,0.547,0.9917339359060168
Wwc2,-0.0076090833477603596,0.9416601638514969,0.726,0.9917339359060168
Steep1,-0.007579530116914061,0.9418863569660275,0.674,0.9917339359060168
Ndufaf6,-0.007574274328573736,0.9419265839526336,0.295,0.9917339359060168
Clasrp,-0.007574042428903362,0.9419283588800047,0.495,0.9917339359060168
6720489N17Rik,-0.007515682686834631,0.9423750451117917,0.105,0.991892573069917
Tmco4,-0.00750920078554578,0.9424246587720196,0.368,0.991892573069917
Tial1,-0.007490749426532092,0.942565890057554,0.8,0.991892573069917
Zfand2b,-0.007468015270462857,0.9427399053780205,0.442,0.991892573069917
Faap24,-0.007431041149950308,0.9430229241922639,0.189,0.9919295883290855
Uhmk1,-0.007367283241775356,0.9435109764084187,0.537,0.99193253340906
Acap1,-0.007332750641773556,0.943775324291112,0.147,0.99193253340906
Tia1,-0.007290234381666616,0.9441007956477943,0.779,0.99193253340906
Ccs,-0.007280338138614822,0.9441765548921097,0.674,0.99193253340906
Ankzf1,-0.007264681541477699,0.9442964127007156,0.263,0.99193253340906
Zfyve9,-0.007264615080145096,0.9442969214926993,0.653,0.99193253340906
Parvg,-0.007192532924390897,0.9448487565728382,0.116,0.99193253340906
Rasl11b,-0.007167340164585675,0.9450416294418362,0.116,0.99193253340906
Adrb1,-0.007167340164585675,0.9450416294418362,0.116,0.99193253340906
Slc39a3,-0.007161218731984716,0.9450884949041951,0.4,0.99193253340906
Pygm,-0.007106023956978758,0.9455110724909371,0.126,0.99193253340906
Gm2245,-0.007095224914144582,0.9455937529808893,0.105,0.99193253340906
Metap1d,-0.007065097107244105,0.9458244229354535,0.474,0.99193253340906
Tmed10,-0.0070449424387251025,0.9459787372429564,0.895,0.99193253340906
Iars2,-0.007043685091854798,0.9459883641908948,0.695,0.99193253340906
Sephs1,-0.0070196623991589345,0.9461722967946686,0.474,0.99193253340906
Rab4a,-0.007017448974881502,0.946189244283071,0.347,0.99193253340906
Gkap1,-0.006992807857425054,0.9463779151283784,0.737,0.99193253340906
Phlda1,-0.00696700126749644,0.9465755128751934,0.621,0.99193253340906
Taf2,-0.006947025410615132,0.9467284676679766,0.484,0.99193253340906
Rab24,-0.0069440659543779934,0.946751128337938,0.768,0.99193253340906
Ints6l,-0.006938067016296685,0.9467970625670059,0.326,0.99193253340906
Npm3,-0.006923134384254082,0.9469114033823611,0.726,0.99193253340906
Asb3,-0.006879549825982736,0.9472451413098177,0.663,0.99193253340906
Ccser2,-0.006879503967230883,0.9472454924666236,0.747,0.99193253340906
Zfp983,-0.006858738914721991,0.9474044989086783,0.158,0.99193253340906
Psmd13,-0.0068539462236904295,0.9474411987837041,0.779,0.99193253340906
Cep295,-0.006822778664123194,0.9476798660262173,0.474,0.99193253340906
Itsn1,-0.006809319779839103,0.947782929576445,0.758,0.99193253340906
Pank1,-0.0067879022968739735,0.9479469391353665,0.147,0.99193253340906
Manba,-0.00677353507138807,0.9480569608578906,0.579,0.99193253340906
Riok1,-0.006759665531699363,0.9481631723132039,0.695,0.99193253340906
Spata6,-0.006749343020780809,0.948242221588901,0.642,0.99193253340906
Abcg1,-0.00673502076675937,0.948351901528496,0.189,0.99193253340906
Cnep1r1,-0.006734723176015489,0.9483541804910884,0.684,0.99193253340906
Gucy1a2,-0.006726415977460474,0.9484177975391461,0.158,0.99193253340906
Lamp1,-0.00670774460537436,0.9485607852588345,0.905,0.99193253340906
Pld1,-0.006688814715005254,0.9487057544078117,0.537,0.9919977351889399
Igflr1,-0.006605119951637416,0.9493467267609113,0.158,0.9920113839511758
Brpf3,-0.00660291793211784,0.949363591259524,0.368,0.9920113839511758
Gle1,-0.006590018714971126,0.9494623823075633,0.558,0.9920113839511758
Caprin2,-0.006481732024119378,0.950291746014797,0.284,0.9921441858450101
Adam10,-0.006471473557163057,0.9503703179896573,0.821,0.9921441858450101
Zfp709,-0.00646889532612754,0.9503900653330959,0.189,0.9921441858450101
Pym1,-0.006444156096746766,0.9505795510603271,0.474,0.9921441858450101
Ufc1,-0.006433171779950768,0.950663684363025,0.863,0.9921441858450101
Psmc4,-0.006387246135594773,0.9510154532041337,0.821,0.9922164992539135
Arel1,-0.0063638955651043345,0.9511943111997421,0.463,0.9922164992539135
Yipf4,-0.0063420974584363155,0.9513612799958103,0.832,0.9922164992539135
Slc22a15,-0.0063269927119312935,0.951476980329085,0.253,0.9922164992539135
Fbxl17,-0.006298300028432135,0.9516967652073556,0.874,0.9922164992539135
Upf3a,-0.006297128994305744,0.9517057353616767,0.558,0.9922164992539135
Pds5b,-0.0062866898496279746,0.9517856997691947,0.684,0.9922164992539135
Cadm1,-0.006274312608483622,0.9518805107182242,0.158,0.9922164992539135
Ppm1l,-0.006224101282174145,0.9522651415368875,0.326,0.9922164992539135
Cct5,-0.006219795920495716,0.9522981221518048,0.884,0.9922164992539135
Mief1,-0.006216154944528966,0.952326013396563,0.547,0.9922164992539135
Cyc1,-0.006215970504350703,0.9523274262791992,0.726,0.9922164992539135
D11Wsu47e,-0.006154949441722615,0.9527948791318662,0.232,0.9922164992539135
Glb1,-0.006145660811493596,0.9528660362413841,0.832,0.9922164992539135
Rbm42,-0.0061381824775613315,0.9529233255411819,0.726,0.9922164992539135
Get4,-0.006137345407498804,0.9529297381017352,0.684,0.9922164992539135
4930511M06Rik,-0.006022381299900897,0.9538104744076156,0.232,0.9925960335450649
Srebf1,-0.006017337563421092,0.9538491155879163,0.632,0.9925960335450649
Ankrd17,-0.005990040627707982,0.9540582452970643,0.874,0.9925960335450649
Wdfy2,-0.005969939092035758,0.9542122509584727,0.568,0.9925960335450649
Map3k1,-0.005969292673104951,0.9542172034525656,0.747,0.9925960335450649
Arhgap18,-0.005940437383505772,0.9544382780340583,0.421,0.9927183302455768
Wapl,-0.005911607834345028,0.9546591588493696,0.884,0.9927814024733328
Gm10353,-0.005910938737986284,0.9546642852466978,0.2,0.9927814024733328
Scn1b,-0.005876707387871468,0.9549265571057248,0.463,0.9928821589165603
Chchd2,-0.005858267720122725,0.9550678391205919,0.958,0.992885475862311
Ndufv1,-0.005854705603809484,0.9550951316906549,0.779,0.992885475862311
Vhl,-0.005822628125417997,0.9553409083717257,0.621,0.9929018451181298
Gosr2,-0.005820272318147745,0.9553589586615936,0.653,0.9929018451181298
Mtus1,-0.005744874581120194,0.9559366709953594,0.526,0.9932443413500589
Adipor2,-0.005685514665647648,0.9563915144136104,0.611,0.993399466950691
Igfbp7,-0.0056557879503863545,0.9566192996594878,0.937,0.9934772419184199
Aldh1l1,-0.005593462099511431,0.9570968917787633,0.284,0.9937123195050195
Ndufs4,-0.005592234292375504,0.957106300403329,0.863,0.9937123195050195
Zfp672,-0.005569111984470843,0.9572834865867127,0.505,0.9937123195050195
Ppfibp2,-0.005554102736150453,0.957398503528188,0.305,0.9937123195050195
Spns1,-0.005526801257526513,0.9576077189435179,0.495,0.9937123195050195
Cfap36,-0.005442444557633781,0.9582541753540519,0.674,0.9937123195050195
Dglucy,-0.005389974645824781,0.9586562852335068,0.2,0.9937123195050195
Arf2,-0.005383905427311677,0.9587027981354517,0.579,0.9937123195050195
Farsa,-0.005380845656694679,0.9587262474689553,0.642,0.9937123195050195
Zcchc14,-0.005362122199642821,0.9588697402280693,0.779,0.9937123195050195
Ccdc71l,-0.005345102380887603,0.9590001777881009,0.526,0.9937123195050195
Lrrc25,-0.005311328486615521,0.9592590194826203,0.126,0.9937123195050195
Rnf14,-0.005296964796898871,0.9593691034741575,0.695,0.9937123195050195
Ids,-0.005244175364195371,0.9597736906942532,0.484,0.9937123195050195
Mgat2,-0.005243517998002922,0.9597787289253898,0.853,0.9937123195050195
Ndufa12,-0.005226398021368602,0.959909941582489,0.874,0.9937123195050195
Sec23ip,-0.005225424703903093,0.9599174014128178,0.705,0.9937123195050195
Trim12c,-0.005189115765249449,0.960195687714009,0.442,0.9937123195050195
Commd4,-0.005182942959238584,0.960242999056069,0.716,0.9937123195050195
Anxa2,-0.005172353458985297,0.9603241623791643,0.958,0.9937123195050195
Fbxw5,-0.005166626289082317,0.960368058494724,0.432,0.9937123195050195
Btc,-0.0051662097948205025,0.9603712507357385,0.137,0.9937123195050195
Lsm14a,-0.005117563312798332,0.9607441084070185,0.758,0.9937123195050195
Arntl2,-0.0051162986564848075,0.9607538016527702,0.305,0.9937123195050195
Ccnl1,-0.005112137727554998,0.9607856940785419,0.716,0.9937123195050195
Hmga1,-0.005109400124061979,0.9608066771229005,0.358,0.9937123195050195
Atp5md,-0.005065262425535522,0.9611449851920247,0.874,0.9937123195050195
5031439G07Rik,-0.005059669924494498,0.9611878512686942,0.558,0.9937123195050195
Ncbp2,-0.005056221741309161,0.9612142813741869,0.726,0.9937123195050195
Kdm2a,-0.005055314827849988,0.9612212328153171,0.905,0.9937123195050195
Rnaseh2a,-0.005055138000773805,0.9612225881853409,0.632,0.9937123195050195
Sart3,-0.005007345584392677,0.9615889185144231,0.411,0.9937123195050195
Pigu,-0.004998734189620926,0.9616549259684397,0.6,0.9937123195050195
Efl1,-0.004998301389950165,0.961658243440687,0.579,0.9937123195050195
Rinl,-0.004994969808782025,0.9616837805153933,0.189,0.9937123195050195
Bclaf3,-0.004929465121418748,0.9621858916970809,0.453,0.9938511882701692
Arhgap24,-0.004929211346786246,0.962187836977235,0.389,0.9938511882701692
Gabpb1,-0.004917555663944259,0.9622771825071917,0.463,0.9938511882701692
Cnot8,-0.004886802312220908,0.9625129216384412,0.674,0.9939225727795975
Spata13,-0.004810983250174568,0.9630941246965731,0.463,0.9939225727795975
Slc25a20,-0.004791894170365593,0.9632404581207913,0.495,0.9939225727795975
Dusp12,-0.004777790442441474,0.963348575524239,0.505,0.9939225727795975
Ap2m1,-0.00475129680480024,0.9635516742073463,0.863,0.9939225727795975
Tbcel,-0.004714205359123518,0.9638360189753951,0.389,0.9939225727795975
Mark2,-0.0046940155881082905,0.9639907966141057,0.8,0.9939225727795975
Arhgap35,-0.004686570826815425,0.9640478695437609,0.684,0.9939225727795975
Bcl2a1b,-0.004678658289219652,0.9641085287325084,0.2,0.9939225727795975
Mlxip,-0.004671057667980569,0.9641667968968495,0.621,0.9939225727795975
Tmem201,-0.004658133764726228,0.9642658750351771,0.253,0.9939225727795975
Wac,-0.004647663680048045,0.96434614193459,0.853,0.9939225727795975
Sbf2,-0.004635004760925538,0.9644431895887611,0.811,0.9939225727795975
Ppp2r3d,-0.004616125054341125,0.9645879289143886,0.516,0.9939225727795975
Trmt13,-0.004610683957656278,0.9646296427348986,0.389,0.9939225727795975
Mtx1,-0.004568681994638612,0.9649516513005142,0.568,0.9939225727795975
Rhbdl3,-0.004568636232988041,0.9649520021358466,0.4,0.9939225727795975
Wdfy4,-0.004552125788520233,0.9650785812061515,0.168,0.9939225727795975
Psmg4,-0.00453292047018066,0.9652258219012915,0.726,0.9939225727795975
Rpap2,-0.0045264583945899715,0.9652753647168295,0.379,0.9939225727795975
Zfp39,-0.004509181205609665,0.9654078244437971,0.168,0.9939225727795975
Timmdc1,-0.004496792938595422,0.9655028026523165,0.547,0.9939225727795975
Pik3ip1,-0.004482863399991769,0.96560959803733,0.368,0.9939225727795975
Fosb,-0.00447474267162677,0.9656718585499967,0.253,0.9939225727795975
Gm40528,-0.004471714865426916,0.9656950723783446,0.116,0.9939225727795975
Dhcr24,-0.004431292781109866,0.9660049864010386,0.316,0.9939660653141519
Tamalin,-0.004419869357180988,0.9660925701170129,0.274,0.9939660653141519
Setd1b,-0.004394993582658472,0.966283294778257,0.684,0.9939660653141519
Midn,-0.0043798259215507025,0.9663995874471065,0.821,0.9939660653141519
Naalad2,-0.004292717543976928,0.9670674736149224,0.126,0.9942477095330404
Ccdc88c,-0.004274971801714987,0.967203538367472,0.242,0.9942477095330404
Pbx1,-0.004245572655428114,0.9674289571837561,0.874,0.9942477095330404
Gng5,-0.004228152294699883,0.9675625295197108,0.926,0.9942477095330404
Cers6,-0.004197427290881627,0.9677981187000735,0.768,0.9942477095330404
Tmem87b,-0.00412406170069779,0.9683606729574248,0.621,0.9942672868912634
Gemin5,-0.004120464626655417,0.9683882550800562,0.411,0.9942672868912634
Sys1,-0.004108299674456726,0.968481535393517,0.811,0.9942672868912634
Atg10,-0.004066483177825918,0.9688021856612782,0.621,0.9942672868912634
Tmem164,-0.004032101298423491,0.9690658307596014,0.663,0.9942672868912634
Pik3ap1,-0.003980715029283985,0.9694598741073028,0.158,0.9942672868912634
Zfp40,-0.0038784855123970767,0.9702438184918015,0.284,0.9942672868912634
Gas5,-0.003871518950881151,0.9702972424250336,0.916,0.9942672868912634
Cdk6,-0.0038702981755952114,0.9703066041038656,0.779,0.9942672868912634
Gab3,-0.003827082369340272,0.9706380128879124,0.2,0.9942672868912634
Axin1,-0.0038251438866460023,0.9706528786353746,0.663,0.9942672868912634
Aamp,-0.0038134676349112157,0.970742421152863,0.853,0.9942672868912634
Tfeb,-0.003801370576459315,0.9708351911239699,0.474,0.9942672868912634
Ell2,-0.003797506298210441,0.9708648255986099,0.484,0.9942672868912634
Adam17,-0.003797470035081146,0.9708651036943994,0.726,0.9942672868912634
Pdzrn4,-0.0037663175908806976,0.9711040077903472,0.116,0.9942672868912634
Als2,-0.003764153739922787,0.9711206021805856,0.284,0.9942672868912634
Vps26c,-0.0037241202129225494,0.9714276181293569,0.516,0.9942672868912634
Bhlhb9,-0.0037148098514006166,0.9714990196184655,0.463,0.9942672868912634
Pias4,-0.0037141413368162856,0.9715041464889176,0.368,0.9942672868912634
Ptger3,-0.0036871168702786654,0.97171139938827,0.737,0.9943189681655835
L3mbtl2,-0.0036667857255982712,0.9718673218806912,0.2,0.9943840999311363
Taf5,-0.0036172164411354445,0.9722474803223669,0.232,0.994527301195508
Kctd17,-0.0036037066933003233,0.972351090819014,0.653,0.994527301195508
Tubb2a,-0.003584968806704598,0.9724947983123561,0.832,0.994527301195508
Tlr5,-0.0034734081987348423,0.9733504141821375,0.147,0.9948150461121684
Gpatch2,-0.0034578798012138974,0.9734695118897958,0.6,0.9948150461121684
Sirt4,-0.003457038924300743,0.9734759611561115,0.168,0.9948150461121684
1190005I06Rik,-0.0034136189536075885,0.9738089812350574,0.116,0.9948544573886953
Rsph9,-0.0033710184634665403,0.9741357204734182,0.232,0.9950076893857603
Zfp329,-0.0033513871328493595,0.9742862912147096,0.4,0.9950076893857603
Ppme1,-0.0033481007095391064,0.9743114979078172,0.674,0.9950076893857603
Crppa,-0.0033126848469516613,0.9745831372986304,0.389,0.9950076893857603
Trmt12,-0.0032918479645001383,0.9747429573821826,0.137,0.9950076893857603
Chtop,-0.003291564102585935,0.9747451346262481,0.737,0.9950076893857603
Mir100hg,-0.0032398379426051634,0.9751418815722016,0.842,0.9952000486219655
Dennd2c,-0.0032139764753228604,0.9753402449502871,0.189,0.9952333068002123
Ythdc2,-0.0031875032315482883,0.9755433023481602,0.347,0.9952439968376146
Eda2r,-0.003181638311226624,0.975588288186199,0.211,0.9952439968376146
Ezh1,-0.003147250124359661,0.9758520582474773,0.411,0.9952439968376146
F8a,-0.0031263430514319453,0.9760124244702781,0.263,0.9952439968376146
Xab2,-0.003121049260398059,0.9760530302712284,0.463,0.9952439968376146
Gm56517,-0.003082664310003161,0.9763474622348406,0.558,0.9952461141908252
Zfp46,-0.0030442040953663433,0.9766424746929644,0.432,0.9952800173341904
Ankrd29,-0.003009264597913761,0.9769104839061826,0.189,0.9952800173341904
Cnih1,-0.002981627676809108,0.9771224793135704,0.832,0.9952800173341904
Drg2,-0.002939308395380123,0.9774471022438417,0.453,0.9952800173341904
Dtd1,-0.002933882047675275,0.9774887269626074,0.568,0.9952800173341904
Polr2a,-0.0029198839477004683,0.9775961046161964,0.821,0.9952800173341904
Tdrkh,-0.002916975598436066,0.9776184142455551,0.137,0.9952800173341904
Dennd1b,-0.002908952512141198,0.9776799585529331,0.642,0.9952800173341904
Foxred1,-0.0028914155388965967,0.9778144834077804,0.263,0.9952800173341904
Lpcat4,-0.0028894613239782807,0.977829474087751,0.326,0.9952800173341904
Sec24c,-0.002867757565772295,0.977995962993365,0.737,0.9952800173341904
Mtpap,-0.002860899907185841,0.9780485680917371,0.568,0.9952800173341904
St13,-0.0028513994566984197,0.9781214462016695,0.874,0.9952800173341904
Efhb,-0.002815049781981179,0.9784002868000722,0.147,0.9954472362922353
Dhdds,-0.002808361479651767,0.9784515934638929,0.579,0.9954472362922353
Dnajb2,-0.0027664752275879147,0.9787729092523825,0.4,0.9955971311403702
Ikzf3,-0.002756727859614948,0.9788476832774273,0.158,0.9955971311403702
Zfp90,-0.0027097777015791962,0.9792078499559631,0.358,0.9956261033467058
Zkscan14,-0.0026407832185773817,0.9797371318390269,0.189,0.9957813990069224
Eif5b,-0.0025781695333292835,0.9802174718935408,0.874,0.9959779288335233
Coa6,-0.0025454753627280062,0.9804682876039748,0.653,0.996148479375607
Socs1,-0.002511288668781734,0.9807305553470861,0.337,0.9963306352527678
Mrpl35,-0.0024077830634557824,0.9815246246631928,0.674,0.9967156772945667
Gm36440,-0.0023294116348673284,0.9821258828350807,0.232,0.9968625741049647
Gata6os,-0.0022979409169776354,0.9823673260295929,0.663,0.9968625741049647
Mrpl41,-0.0022834288128495313,0.9824786633584526,0.632,0.9968625741049647
E4f1,-0.002273258118623585,0.9825566934513701,0.347,0.9968625741049647
Hivep1,-0.0022626953890458536,0.9826377314335916,0.579,0.9968625741049647
Lxn,-0.002225984062840738,0.9829193845992941,0.632,0.9968625741049647
Izumo4,-0.0021328290688294813,0.983634088857309,0.242,0.997255298903125
Lrrc4c,-0.002066766656266016,0.9841409411272846,0.284,0.9975164848991479
Rnf40,-0.001978812509432358,0.9848157636268042,0.263,0.9975656373505504
Ap1ar,-0.001974100496291936,0.9848519165485436,0.484,0.9975656373505504
Rab11fip2,-0.0019111161769765894,0.985335166660321,0.505,0.9977005589233082
Sc5d,-0.0018686142102305344,0.9856612679737311,0.484,0.9977005589233082
Gm22146,-0.0018626470688808613,0.9857070517539093,0.137,0.9977005589233082
Meak7,-0.0018466170651544342,0.9858300445723481,0.168,0.9977005589233082
Septin1,-0.0018337778651439892,0.9859285556678743,0.4,0.9977005589233082
Lzts2,-0.0018236463439191726,0.9860062917548769,0.674,0.9977005589233082
Galnt7,-0.0018206575180471985,0.9860292241335529,0.368,0.9977005589233082
Rnf103,-0.001806309803872614,0.9861393100670384,0.516,0.9977005589233082
Rnf113a2,-0.001801562446688978,0.9861757352468563,0.442,0.9977005589233082
Ddx19b,-0.001748747725878606,0.9865809701227463,0.316,0.9977005589233082
Stip1,-0.0017266621421497962,0.9867504286050566,0.821,0.9977005589233082
Zfp933,-0.0016693321738913372,0.987190313270671,0.379,0.9977289162885624
Gpx1,-0.0016603972266278268,0.9872588701944208,0.874,0.9977289162885624
Gmppa,-0.001615171628193503,0.9876058829306025,0.579,0.9978437684556193
Zfp597,-0.0015451908694081632,0.9881428447394334,0.305,0.9978596817566003
Ccm2,-0.0015414758946185382,0.988171349861424,0.663,0.9978596817566003
Borcs8,-0.001488926984829918,0.9885745609240781,0.705,0.9978596817566003
Oxsm,-0.0014808725849078058,0.9886363630933552,0.242,0.9978596817566003
Ube2h,-0.0014335017664282802,0.988999845191012,0.8,0.9978596817566003
Rap2c,-0.0014217575627176327,0.9890899602562122,0.632,0.9978596817566003
Dip2b,-0.0014114868100783646,0.9891687694190234,0.642,0.9978596817566003
Hddc3,-0.0013742266531381836,0.9894546735571499,0.168,0.9979321516506257
Primpol,-0.0012840337524035674,0.9901467459618447,0.284,0.9982109134142627
Zfp12,-0.0012486107903948778,0.990418557121854,0.147,0.9983111907928157
Pierce2,-0.0012297217163124523,0.990563499180868,0.274,0.9983111907928157
Atpif1,-0.0011620418558281136,0.9910828314242981,0.926,0.9984970176882914
Polh,-0.001146564462582263,0.9912015956352379,0.295,0.9984970176882914
Mocs2,-0.0011278376446938474,0.9913452942335406,0.758,0.9984970176882914
Ptger4,-0.0011022406482675464,0.9915417109915037,0.453,0.9985273273400137
Usp25,-0.0010228607387665091,0.9921508303179855,0.874,0.9988472465225011
Dlx4os,-0.0009699212525010493,0.9925570623823948,0.116,0.9989365853219676
Fam234a,-0.0009478383751450886,0.9927265162910952,0.632,0.9989365853219676
Atg2b,-0.0009199102509890827,0.9929408244136648,0.421,0.9989365853219676
Ifit2,-0.0009112127521829789,0.9930075652913235,0.179,0.9989365853219676
Gm35612,-0.000901836241121933,0.9930795166718716,0.168,0.9989365853219676
Rtl6,-0.000897347735181618,0.9931139595878957,0.126,0.9989365853219676
Cab39,-0.000886650127499994,0.9931960486027858,0.779,0.9989365853219676
Immp1l,-0.0008437252914036202,0.9935254367374614,0.705,0.9991765839234399
Gm45871,-0.0007613517203959902,0.9941575417807804,0.221,0.9995687158065509
Zfp202,-0.0007053972745462175,0.9945869180774589,0.116,0.9996041018918593
Clpb,-0.000674971348366411,0.9948203974366797,0.411,0.9996041018918593
Trim6,-0.0006676081348383845,0.9948769005775887,0.116,0.9996041018918593
Zfp143,-0.0006621126940822738,0.9949190709945697,0.442,0.9996041018918593
Ndufaf1,-0.0006313167548226331,0.9951553903471604,0.442,0.9996041018918593
Polr1a,-0.0005723697732435855,0.9956077340078993,0.516,0.9996041018918593
Cbx7,-0.0005302730518711039,0.9959307740540774,0.211,0.9996041018918593
Gm15417,-0.0005296919397924435,0.9959352333721656,0.379,0.9996041018918593
C3ar1,-0.0004992936050694335,0.9961685032493028,0.105,0.9996041018918593
Cyp39a1,-0.0004915055410151329,0.9962282671265501,0.221,0.9996041018918593
Prr5l,-0.0004912588162018301,0.9962301604384202,0.116,0.9996041018918593
Bclaf1,-0.0004910916173567943,0.9962314434855393,0.832,0.9996041018918593
Mlf2,-0.0004910916173567943,0.9962314434855393,0.832,0.9996041018918593
Gpd2,-0.0004724402703177345,0.9963745698750539,0.495,0.9996041018918593
Nudcd3,-0.00045777311058272773,0.9964871225566732,0.768,0.9996041018918593
Pbxip1,-0.0004359644048152039,0.9966544780785547,0.789,0.9996041018918593
Gjb3,-0.00041957537336905035,0.9967802442302411,0.6,0.9996041018918593
Capn7,-0.00040123482926085485,0.9969209859932213,0.642,0.9996041018918593
Xrcc1,-0.00038638145611337476,0.9970349679547783,0.326,0.9996041018918593
Ndufa7,-0.0003783183554341883,0.9970968426814787,0.874,0.9996041018918593
Bag1,-0.00035009105456024843,0.9973134538423981,0.905,0.9996824529275522
Akr1b10,-0.00030609165798011666,0.9976510975730584,0.411,0.9998161028761966
Mettl21a,-0.0002925614229665861,0.9977549263335308,0.442,0.9998304492755841
Otulin,-0.00021190326840681985,0.9983738842377023,0.737,0.9998304492755841
Bcl7c,-0.0002111071732142843,0.9983799933515319,0.779,0.9998304492755841
Sat1,-0.00017579209871580804,0.9986509959687919,0.789,0.9998304492755841
Galnt11,-0.00016006205324440122,0.9987717060439658,0.579,0.9998304492755841
Gm32618,-0.00014329831418636956,0.9989003485633664,0.189,0.9998304492755841
Nkd1,-0.00011301507648363724,0.9991327378374792,0.737,0.9998304492755841
Ncapg2,-0.00010553702074549868,0.9991901233892475,0.284,0.9998304492755841
Cdk15,-7.883583237938424e-05,0.9993950245984828,0.105,0.9998304492755841
Lmo1,-7.331596856644657e-05,0.9994373832717002,0.179,0.9998304492755841
Txlng,-6.637192109707529e-05,0.9994906709359759,0.537,0.9998304492755841
Gm2a,-6.31403508030164e-05,0.9995154695622903,0.832,0.9998304492755841
Fbf1,-3.2945769835124424e-05,0.9997471786460117,0.347,0.9998304492755841
Lamtor5,-1.4053938886551766e-05,0.999892151984191,0.8,0.999892151984191
Rab3gap2,4.266984060833467e-05,0.9996725574539387,0.684,0.9998304492755841
Zfp764,4.4107645753839164e-05,0.9996615239336926,0.158,0.9998304492755841
Trp53i11,5.891922798567821e-05,0.9995478618793621,0.211,0.9998304492755841
Dad1,6.302632400449893e-05,0.9995163445882798,0.895,0.9998304492755841
Serpinb1a,8.817241056069454e-05,0.9993233769897488,0.547,0.9998304492755841
Ivns1abp,0.00010983364524951879,0.9991571516944053,0.558,0.9998304492755841
Pcdh19,0.00011336741912349925,0.9991300340095444,0.116,0.9998304492755841
Tgds,0.00014227586884737846,0.9989081946625996,0.4,0.9998304492755841
Hmox2,0.00019881369210880478,0.9984743316736451,0.695,0.9998304492755841
Enoph1,0.00020998992180074717,0.9983885669696757,0.326,0.9998304492755841
Trim37,0.0002182837883702908,0.9983249210981264,0.421,0.9998304492755841
Mr1,0.0002788583904152375,0.9978600811515198,0.432,0.9998304492755841
Rbak,0.00033431992168491906,0.9974344787267491,0.263,0.9996824529275522
Nek3,0.00033953698087953106,0.9973944439306339,0.126,0.9996824529275522
Nmnat1,0.00037705355262743955,0.9971065485432498,0.179,0.9996041018918593
Usp30,0.0003983018889430773,0.9969434928147731,0.137,0.9996041018918593
Poli,0.0004313382730455033,0.9966899780809927,0.147,0.9996041018918593
Gm57349,0.0004540402874163192,0.9965157674632044,0.147,0.9996041018918593
Wdr70,0.00046862355306461346,0.996403858549255,0.558,0.9996041018918593
Polr2b,0.00048621439512782136,0.9962688702191481,0.653,0.9996041018918593
Pyroxd1,0.00048660725114787773,0.9962658555279196,0.411,0.9996041018918593
Ppp1r7,0.0005175793804408762,0.9960281823460355,0.705,0.9996041018918593
Zdhhc21,0.0005575030258866093,0.9957218177489463,0.516,0.9996041018918593
Klc1,0.0005851899229570376,0.9955093554216725,0.663,0.9996041018918593
Exosc1,0.0006189691208726176,0.995250142726296,0.621,0.9996041018918593
Zfp975,0.0006324971491336306,0.995146332326285,0.263,0.9996041018918593
Ccdc122,0.0006390440103497296,0.9950960935274484,0.695,0.9996041018918593
Arrb2,0.0006689075171729316,0.9948669294968309,0.389,0.9996041018918593
Ing4,0.0007065097850334967,0.9945783810168325,0.663,0.9996041018918593
Fip1l1,0.0008162810697618992,0.9937360333609108,0.779,0.9992285865978106
Tsen54,0.0008338650636961909,0.9936011003619449,0.295,0.9991765839234399
Lyrm4,0.0009099457342070295,0.9930172878481918,0.305,0.9989365853219676
Mcub,0.0009334771876428901,0.9928367176544339,0.632,0.9989365853219676
Aimp1,0.0009957943459955262,0.9923585245079467,0.842,0.9988472465225011
Hps1,0.0010046085184988443,0.992290888825355,0.411,0.9988472465225011
Cracdl,0.0010086510120470178,0.992259868709743,0.253,0.9988472465225011
Vmac,0.001042331329620239,0.9920014228999806,0.295,0.9988227324746387
Kdm4b,0.0010810183011312096,0.9917045595676506,0.337,0.9986075684945305
Bmt2,0.001103395780467351,0.9915328471545795,0.642,0.9985273273400137
Mcfd2,0.0011370701911718169,0.9912744490612702,0.821,0.9984970176882914
Mrpl14,0.0011511080947665306,0.9911667305134318,0.821,0.9984970176882914
Acadvl,0.001162039434556155,0.9910828500036684,0.768,0.9984970176882914
Trim12a,0.001209378205742998,0.99071960195048,0.505,0.9983693042903411
Rheb,0.0012277290433919859,0.9905787896315155,0.832,0.9983111907928157
Eif4ebp3,0.0012334254067172827,0.9905350795256858,0.295,0.9983111907928157
Tsfm,0.001293195354890187,0.9900764463816873,0.547,0.9982109134142627
Nsmce3,0.001296848287432406,0.990048416413013,0.642,0.9982109134142627
2410006H16Rik,0.0013108794995007305,0.9899407511280125,0.853,0.9982109134142627
Ntmt1,0.0013131090954157918,0.9899236428520957,0.663,0.9982109134142627
Bin2,0.0013944217289943847,0.9892997128034122,0.211,0.9978596817566003
Nars,0.001403118906733698,0.9892329777852451,0.832,0.9978596817566003
Nbr1,0.0014041243994655857,0.9892252624623838,0.747,0.9978596817566003
Adprs,0.0014311933046828893,0.9890175583589894,0.474,0.9978596817566003
Mrpl2,0.0014426143150028934,0.9889299233118661,0.726,0.9978596817566003
Sh3bp4,0.0014474091452031104,0.988893131932452,0.442,0.9978596817566003
Zfp74,0.0014755187615451777,0.9886774435214503,0.411,0.9978596817566003
Oip5os1,0.0015013372302050568,0.9884793360744951,0.832,0.9978596817566003
Arid5a,0.0015108532945324264,0.9884063186271832,0.305,0.9978596817566003
Zhx1,0.0015634274747311067,0.988002914892242,0.537,0.9978596817566003
Ctu1,0.0015708902585385622,0.9879456529032582,0.221,0.9978596817566003
Cmtm6,0.001591431131944139,0.9877880429635622,0.663,0.9978437684556193
Rybp,0.0015940918127440122,0.9877676276175223,0.632,0.9978437684556193
Smim12,0.0016104284461214947,0.9876422771573412,0.589,0.9978437684556193
Ndufs8,0.0016212666142474057,0.9875591164088211,0.758,0.9978437684556193
Nbdy,0.0016830500341700426,0.9870850577326444,0.726,0.9977212129131965
Ubr1,0.001695421210362356,0.9869901353337511,0.674,0.9977092570257913
Sorbs1,0.0017073721613687066,0.9868984374391714,0.368,0.9977005589233082
Sh3bp5l,0.0017140160160591302,0.986847460189952,0.358,0.9977005589233082
Lrch4,0.0017387165525101862,0.9866579373342645,0.326,0.9977005589233082
Rhobtb1,0.0017413608423007285,0.9866376482092165,0.284,0.9977005589233082
Psma1,0.001741638152590202,0.986635520461396,0.811,0.9977005589233082
Tgif1,0.0017462703069623265,0.9865999788572595,0.421,0.9977005589233082
Phf10,0.0017554023780162401,0.9865299103593199,0.642,0.9977005589233082
Exoc3,0.0018267749774365503,0.9859822866855913,0.716,0.9977005589233082
Mirt1,0.0018395027555189656,0.9858846303798465,0.105,0.9977005589233082
Ap3b1,0.0018661481459558182,0.9856801892133138,0.832,0.9977005589233082
Npas3,0.0019178353463139503,0.9852836132665834,0.221,0.9977005589233082
Il2rb,0.0019271626023180245,0.9852120492080647,0.179,0.9977005589233082
Slfn1,0.0019738171474843027,0.9848540905433018,0.158,0.9975656373505504
Serpinb2,0.0019829949490738096,0.9847836738835349,0.305,0.9975656373505504
Strip1,0.0020042394351666216,0.9846206760653832,0.484,0.9975656373505504
Vps54,0.0020166626487467367,0.9845253595446108,0.589,0.9975656373505504
Tars2,0.002017065541048461,0.9845222683760422,0.411,0.9975656373505504
Ogt,0.0020415380092975305,0.9843345051675277,0.832,0.9975656373505504
Kat7,0.0020993179459541157,0.9838911962686188,0.642,0.9973475385054712
Dst,0.0021145499695439007,0.9837743313978264,0.905,0.9973132722976783
Serpinb9,0.0021747250538435396,0.9833126526176927,0.495,0.9970135973636748
Pced1b,0.0021828987383038095,0.9832499424213262,0.537,0.9970135973636748
Ap1s3,0.0022157817990201417,0.9829976578165055,0.232,0.9968625741049647
Pfn1,0.0022192974817890143,0.982970684980697,0.916,0.9968625741049647
Uqcrc2,0.0022440435966096365,0.9827808296880252,0.842,0.9968625741049647
Coa8,0.0022516063675380735,0.9827228073530488,0.716,0.9968625741049647
Zfand1,0.002256590501563498,0.9826845686274364,0.474,0.9968625741049647
Nupr1,0.0022693849980187078,0.9825864082764721,0.884,0.9968625741049647
Cd68,0.0023098891398082187,0.9822756591338875,0.326,0.9968625741049647
Hnrnpd,0.0023125780908319752,0.9822550295040369,0.863,0.9968625741049647
Ubr7,0.0023500249237597974,0.9819677386546555,0.568,0.9968625741049647
Usf3,0.0023598905278960102,0.9818920504511983,0.537,0.9968625741049647
Fbxw11,0.0024131183146594484,0.9814836934932115,0.747,0.9967156772945667
Mob3b,0.002414734246953553,0.9814712963358092,0.295,0.9967156772945667
Rnf215,0.0024478967695811186,0.981216880085461,0.421,0.9966560425671374
Ecd,0.002491336493336882,0.9808836220479633,0.474,0.9964018316353549
Arpc4,0.002597012165022051,0.9800729201448077,0.821,0.9959153310916306
Carm1,0.0026054281599521816,0.9800083568241924,0.621,0.9959153310916306
Slc35e1,0.00263581414505048,0.9797752517587892,0.389,0.9957813990069224
R74862,0.0026435379225620633,0.9797159993287372,0.126,0.9957813990069224
Xist,0.0026825450552312594,0.9794167604713273,0.316,0.9956698876453498
Akap11,0.0026927123767065604,0.9793387634677682,0.758,0.9956698876453498
Pbrm1,0.002717658577874255,0.9791473934437155,0.884,0.9956261033467058
Mrpl27,0.002718920896649749,0.9791377098372938,0.716,0.9956261033467058
Zfp422,0.0027283304530295663,0.9790655265489394,0.579,0.9956261033467058
9630014M24Rik,0.002762418348238117,0.9788040303695928,0.274,0.9955971311403702
Dhodh,0.002866411156455657,0.978006291291686,0.295,0.9952800173341904
Dgke,0.002945961399283911,0.9773960681074267,0.211,0.9952800173341904
Tmem221,0.0029694830196234736,0.9772156382243308,0.105,0.9952800173341904
Arhgap26,0.002987206108185143,0.9770796885345314,0.442,0.9952800173341904
Cep120,0.0029988244180312613,0.9769905675374081,0.484,0.9952800173341904
Brox,0.003032248155309842,0.9767341844247266,0.589,0.9952800173341904
Alkbh6,0.0030336902006294487,0.9767231229957676,0.379,0.9952800173341904
Mpg,0.0030408046835845304,0.9766685503317108,0.726,0.9952800173341904
Ncf1,0.003091149348877401,0.9762823774252523,0.189,0.9952461141908252
Pak4,0.00310454736026342,0.976179607791837,0.284,0.9952439968376146
Tef,0.0031078508426510575,0.9761542684437718,0.326,0.9952439968376146
Zfp229,0.0031134822610161973,0.976111072726958,0.168,0.9952439968376146
Zfp322a,0.003117492298172502,0.9760803138343241,0.653,0.9952439968376146
Clp1,0.0031749109197990225,0.9756398895509625,0.316,0.9952439968376146
Rwdd3,0.003221559395863125,0.9752820820567314,0.137,0.9952333068002123
Cldnd1,0.003265124279047597,0.9749479310416906,0.779,0.9950866888828273
Gm16062,0.003286019608661018,0.9747876613845838,0.158,0.9950076893857603
B230216N24Rik,0.0033067328841137546,0.9746287890928385,0.168,0.9950076893857603
Sap18,0.0033207944532556537,0.9745209364241729,0.874,0.9950076893857603
Lmbrd1,0.0033746715103904045,0.9741077019945543,0.642,0.9950076893857603
mt-Co1,0.0034294512877939528,0.9736875507545768,0.989,0.9948150461121684
Tecr,0.0034306257269638915,0.973678543091329,0.832,0.9948150461121684
Ptges3l,0.003434971973199482,0.9736452084668229,0.379,0.9948150461121684
Uhrf1bp1,0.003439656394902947,0.9736092801715441,0.274,0.9948150461121684
Rab29,0.003465709993339195,0.973409456815636,0.232,0.9948150461121684
Ftl1-ps1,0.0034877453618038156,0.9732404533703445,0.179,0.9948150461121684
Ppp1r10,0.0034921181448901795,0.9732069158183656,0.611,0.9948150461121684
Pcbp2,0.003570128593206855,0.9726086137929193,0.926,0.9945589870389696
Ttc12,0.003594736603894992,0.9724198855039208,0.221,0.994527301195508
Gria4,0.0036264482894516753,0.9721766786447985,0.105,0.994527301195508
2700062C07Rik,0.0036572198498161564,0.9719406843334568,0.516,0.9943840999311363
Fabp3,0.003704500080609048,0.9715780858745059,0.253,0.9942672868912634
Ccdc173,0.0037103849664867875,0.9715329542949074,0.221,0.9942672868912634
Fam199x,0.00372287199136906,0.9714371907711716,0.347,0.9942672868912634
Pole2,0.0037254656224095743,0.9714173001554225,0.242,0.9942672868912634
Ifi209,0.0037601768005147895,0.9711511010250867,0.158,0.9942672868912634
Nop2,0.003778214739391495,0.9710127697832854,0.4,0.9942672868912634
Ano10,0.003820804457630097,0.9706861566865754,0.547,0.9942672868912634
Thop1,0.003841448458879219,0.9705278431903769,0.4,0.9942672868912634
Brd4,0.003856949931672813,0.9704089671630489,0.842,0.9942672868912634
Klhl24,0.0038721556631333524,0.9702923597134224,0.621,0.9942672868912634
Tent2,0.0038843719871428308,0.9701986774390986,0.779,0.9942672868912634
Slc39a8,0.0038850095051322494,0.9701937885707632,0.411,0.9942672868912634
Acyp2,0.003924759533463754,0.969888963819133,0.726,0.9942672868912634
Cgn,0.003947634294968605,0.9697135497145657,0.158,0.9942672868912634
Cmpk1,0.003965869747028629,0.9695737129830296,0.789,0.9942672868912634
Slc2a8,0.003967620887866196,0.9695602845838627,0.242,0.9942672868912634
Osbpl3,0.0040133992141901135,0.9692092423765577,0.474,0.9942672868912634
Rfx5,0.004037471714251648,0.9690246494340151,0.2,0.9942672868912634
Dip2c,0.004042916235277571,0.9689828999392389,0.821,0.9942672868912634
Tlcd2,0.004053261026678834,0.9689035745848931,0.389,0.9942672868912634
AB124611,0.004057903409353204,0.9688679762224931,0.158,0.9942672868912634
Rit1,0.00406973375853511,0.9687772599232592,0.705,0.9942672868912634
Plek,0.004116894441567776,0.9684156310567716,0.274,0.9942672868912634
Dhx38,0.004147391979035526,0.9681817788524194,0.421,0.9942672868912634
Lsm7,0.004157458815860483,0.9681045878990926,0.811,0.9942672868912634
H1f2,0.004192917305667676,0.9678327000101754,0.589,0.9942477095330404
ENSMUSG00000095041,0.004202979299920965,0.967755547523411,0.684,0.9942477095330404
Lig3,0.00420504234593363,0.9677397287147994,0.4,0.9942477095330404
Mvk,0.004221484247436747,0.9676136576676378,0.379,0.9942477095330404
Akap13,0.004222763708301428,0.9676038472194621,0.895,0.9942477095330404
Fadd,0.00424164881858498,0.9674590435118766,0.274,0.9942477095330404
6820431F20Rik,0.004286528260071447,0.9671149295890511,0.832,0.9942477095330404
Sdad1,0.004314174871309893,0.9669029516958875,0.537,0.9942477095330404
Polr1g,0.004329072080442372,0.9667887296441361,0.611,0.9942477095330404
Epc2,0.004384416055400951,0.9663643941474314,0.726,0.9939660653141519
Zfp442,0.004394637778488247,0.9662860227726282,0.221,0.9939660653141519
Mttp,0.004416465062692356,0.9661186710175038,0.137,0.9939660653141519
Zfp26,0.004438011331554959,0.9659534752721584,0.547,0.9939660653141519
Chp1,0.00447634735978839,0.9656595556092054,0.726,0.9939225727795975
Psmc3,0.004497784892384239,0.9654951975358307,0.874,0.9939225727795975
Ube2e1,0.004558112372134514,0.965032684328925,0.747,0.9939225727795975
Dph5,0.004588594949686457,0.9647989876817678,0.442,0.9939225727795975
Csdc2,0.004608432309890928,0.9646469048766677,0.179,0.9939225727795975
Me1,0.004626327117264307,0.9645097157071051,0.484,0.9939225727795975
Hid1,0.004639884963760125,0.9644057762037526,0.232,0.9939225727795975
Spi1,0.004697464272783871,0.9639643584151717,0.158,0.9939225727795975
Tnrc18,0.004698466280401427,0.9639566768629215,0.842,0.9939225727795975
Tex264,0.004764566351455737,0.9634499503439051,0.705,0.9939225727795975
Sos1,0.004810648677421007,0.9630966894601154,0.6,0.9939225727795975
Crebbp,0.004833744633697588,0.962919641656915,0.832,0.9939225727795975
Hook1,0.004840814121483849,0.9628654490972997,0.158,0.9939225727795975
Rps6kc1,0.004853187970682799,0.962770595310461,0.4,0.9939225727795975
Abcc4,0.004858992013429403,0.9627261036397033,0.2,0.9939225727795975
Itih5,0.004912647036573825,0.9623148092636784,0.484,0.9938511882701692
Stard3,0.004918752164268773,0.9622680108260955,0.432,0.9938511882701692
Trmt11,0.0049602545600880435,0.9619498804554891,0.411,0.9938511882701692
Rab4b,0.0049994829912765465,0.96164918629669,0.684,0.9937123195050195
Tmem18,0.005037934759831155,0.9613544506280043,0.295,0.9937123195050195
Cdkal1,0.0050440949964221755,0.9613072324377553,0.642,0.9937123195050195
Drosha,0.005056505772948129,0.9612121042880972,0.579,0.9937123195050195
Fdps,0.005061860039118584,0.9611710642007478,0.495,0.9937123195050195
Scimp,0.00507177188307372,0.9610950908557463,0.105,0.9937123195050195
Atp9a,0.005077760195848412,0.9610491911739572,0.768,0.9937123195050195
Tmem9b,0.005210856319904363,0.9600290587886378,0.621,0.9937123195050195
Zfp944,0.005229105894758028,0.9598891875540583,0.484,0.9937123195050195
Prkra,0.005240638891552992,0.9598007951894689,0.505,0.9937123195050195
Igf2bp2,0.005241457736382856,0.9597945193342865,0.526,0.9937123195050195
Tnfsf12,0.005254714115239298,0.9596929190903587,0.568,0.9937123195050195
Gm28403,0.00526528679929141,0.959611887824487,0.116,0.9937123195050195
Pdss2,0.005287629714066998,0.9594406483955078,0.537,0.9937123195050195
Tmtc1,0.005288674150149611,0.9594326437266816,0.337,0.9937123195050195
Atp8b4,0.005312271362770936,0.9592517932622598,0.147,0.9937123195050195
Crlf3,0.005323433297312547,0.9591662482391615,0.474,0.9937123195050195
Strada,0.005327496466626474,0.9591351082400652,0.453,0.9937123195050195
Cibar1,0.005362122199642821,0.9588697402280693,0.779,0.9937123195050195
Nadk2,0.005399046376984434,0.9585867621188171,0.316,0.9937123195050195
Mib1,0.0054215510233856295,0.958414294379371,0.811,0.9937123195050195
Kdm1b,0.005552796922324078,0.9574085101140615,0.137,0.9937123195050195
Odf2,0.005586501938355143,0.9571502272227536,0.632,0.9937123195050195
Acox1,0.005650832413854499,0.9566572725127651,0.705,0.9934772419184199
Fmc1,0.0056822004410099014,0.9564169099650195,0.684,0.993399466950691
Slc27a3,0.005698205607074806,0.9562942693094081,0.147,0.993399466950691
Paqr7,0.005720879288931843,0.9561205324484727,0.274,0.9933494188032198
Rnpepl1,0.0057484911586731064,0.9559089595424126,0.453,0.9932443413500589
Fam241b,0.005775377389674621,0.955702949699677,0.137,0.9931733873155636
Nfxl1,0.005837862696858175,0.9552241810182224,0.505,0.9929018451181298
Anks6,0.005891922798567822,0.9548099799218216,0.211,0.9928469237829144
Ddx54,0.005966574432597674,0.9542380290839247,0.621,0.9925960335450649
Zyg11b,0.005992812719279687,0.9540370073606219,0.695,0.9925960335450649
Arhgap4,0.0060097612545391785,0.9539071595658547,0.211,0.9925960335450649
Slc24a5,0.006012718305499865,0.9538845048377631,0.484,0.9925960335450649
Tti1,0.006017659996972903,0.9538466453499943,0.305,0.9925960335450649
Dancr,0.006062893900624391,0.9535001022986926,0.295,0.9925960335450649
Nom1,0.006132852113960026,0.9529641600229976,0.611,0.9922164992539135
Il10rb,0.006147141408797804,0.9528546938526682,0.705,0.9922164992539135
St7l,0.006187337977827351,0.9525467642193385,0.537,0.9922164992539135
Atp13a3,0.006188025619755369,0.9525414965335681,0.747,0.9922164992539135
Laptm4b,0.006194216877499185,0.9524940684524656,0.495,0.9922164992539135
Mkrn1,0.0061950815212602215,0.952487444868924,0.747,0.9922164992539135
Pcdhb22,0.006228030757971356,0.952235040412861,0.105,0.9922164992539135
Dcps,0.006239211188958017,0.9521493948673607,0.495,0.9922164992539135
Tdrp,0.006248436813487679,0.9520787241508677,0.168,0.9922164992539135
Psme3,0.006340155233829669,0.9513761571194623,0.589,0.9922164992539135
Eif2ak3,0.006363029181455455,0.9512009474714711,0.558,0.9922164992539135
Ppfia1,0.006435190523750576,0.9506482219512634,0.653,0.9921441858450101
Rgs2,0.006439024031340583,0.9506188595471441,0.232,0.9921441858450101
Rhob,0.006465164854076063,0.9504186380438273,0.768,0.9921441858450101
Hps3,0.006478577941840187,0.9503159038110542,0.263,0.9921441858450101
Ago4,0.006506104310951088,0.9501050749319444,0.168,0.9921441858450101
Gnl3,0.006518371020382162,0.9500111233414821,0.789,0.9921441858450101
Nrbp2,0.006560884789678502,0.949685512690391,0.284,0.9920718593069014
Fibp,0.0065766240831014264,0.9495649683899965,0.726,0.9920322435794561
Zfp953,0.006591993476772224,0.9494472581783009,0.168,0.9920113839511758
Copz1,0.006630877963560279,0.9491494568013089,0.789,0.9920113839511758
Ndufb5,0.006634583011040303,0.9491210816270601,0.874,0.9920113839511758
Dtwd1,0.006646124971563161,0.9490326877172055,0.432,0.9920113839511758
Rxra,0.006659370583283092,0.948931247183885,0.453,0.9920113839511758
Slc4a1ap,0.0066607054913056145,0.9489210239351076,0.484,0.9920113839511758
Tnfaip8,0.006710117918273191,0.9485426100391554,0.821,0.99193253340906
G6pdx,0.00673463655271024,0.9483548438561278,0.516,0.99193253340906
Sharpin,0.006744310697861301,0.9482807590495412,0.442,0.99193253340906
1810037I17Rik,0.006764699021487727,0.9481246262805276,0.853,0.99193253340906
Lipa,0.00678877324707244,0.9479402695810768,0.726,0.99193253340906
Nadk,0.006797302241624374,0.9478749565160292,0.716,0.99193253340906
Inpp5d,0.006822148663299829,0.9476846903386723,0.253,0.99193253340906
Cyp4f18,0.006876564964987834,0.9472679974752168,0.137,0.99193253340906
Ube2b,0.00690781293440944,0.9470287225367289,0.874,0.99193253340906
Anxa8,0.00693150334197459,0.9468473212146957,0.295,0.99193253340906
Irf3,0.006942795527745863,0.9467608560564084,0.642,0.99193253340906
U2af2,0.0069440659543779934,0.946751128337938,0.768,0.99193253340906
Pdcd6ip,0.0069622490371314665,0.9466119004460107,0.884,0.99193253340906
Zfp866,0.006963265806912775,0.9466041150855851,0.326,0.99193253340906
Dlg1,0.006979781146874689,0.9464776585742396,0.863,0.99193253340906
Ppp6r1,0.007047240902601174,0.9459611389434159,0.505,0.99193253340906
Ace,0.00708302848369458,0.9456871329541678,0.147,0.99193253340906
Wdr62,0.007095224914144582,0.9455937529808893,0.105,0.99193253340906
Snip1,0.007126764280843785,0.945352280395235,0.379,0.99193253340906
2610044O15Rik8,0.007148056938097432,0.9451892617460138,0.326,0.99193253340906
Fbxl20,0.007149426825823164,0.9451787738299486,0.726,0.99193253340906
Spns2,0.007193311887922291,0.9448427929683457,0.2,0.99193253340906
Mat2b,0.007204644494248161,0.9447560329196083,0.768,0.99193253340906
Nampt,0.007210657096598044,0.9447100019632335,0.589,0.99193253340906
Tufm,0.00722939183436076,0.9445665747348602,0.642,0.99193253340906
5430416N02Rik,0.007266641035689742,0.9442814118838447,0.316,0.99193253340906
Ddx49,0.007281323512066129,0.9441690114871909,0.421,0.99193253340906
Dtnb,0.007281579404420955,0.9441670525356363,0.495,0.99193253340906
Tsc2,0.007327778814800409,0.9438133842483818,0.432,0.99193253340906
Cpt1a,0.007379018467233996,0.9434211443674837,0.653,0.99193253340906
Eif3h,0.0074441091574202626,0.9429228941742152,0.895,0.9919112660197827
Qtrt2,0.007445678379837987,0.9429108825060801,0.253,0.9919112660197827
Brk1,0.007475290467560723,0.9426842181376415,0.874,0.991892573069917
Ramp1,0.007482741954181135,0.9426271817931361,0.211,0.991892573069917
Pin1,0.007516870141087951,0.942365956143177,0.789,0.991892573069917
Mosmo,0.007542692329755407,0.9421683107255544,0.768,0.991892573069917
Dido1,0.007583322256150126,0.9418573326126124,0.695,0.9917339359060168
Abce1,0.00760626182223066,0.9416817589099903,0.747,0.9917339359060168
Ndufb2,0.007619925219022963,0.9415771840118197,0.853,0.9917339359060168
Atr,0.007627539899802085,0.9415189043171084,0.463,0.9917339359060168
Taf3,0.007631931360419795,0.941485293989212,0.6,0.9917339359060168
Arid4b,0.007659396693170713,0.9412750886162823,0.8,0.9917339359060168
Ext2,0.007683015676218185,0.9410943244214316,0.853,0.9917339359060168
Jagn1,0.007714515935567778,0.9408532467574255,0.663,0.9917339359060168
Pmm1,0.0077403239508228505,0.9406557369264553,0.747,0.9917339359060168
Rasal3,0.007741386900448243,0.9406476022049757,0.147,0.9917339359060168
Gm14966,0.007760845277246425,0.9404986889105049,0.126,0.9917339359060168
Hoxb7,0.007776907533911785,0.9403757673748157,0.474,0.9917339359060168
Akap8,0.007777899504528128,0.9403681760494706,0.611,0.9917339359060168
2310030G06Rik,0.007827810587868949,0.939986224784368,0.389,0.9916891838138921
Ppip5k1,0.00783494829942406,0.9399316035964561,0.116,0.9916891838138921
Ppm1g,0.00785836231203497,0.9397524303091502,0.684,0.9916891838138921
Gtpbp3,0.007882275433053518,0.9395694407437033,0.347,0.9915979849705235
Susd3,0.00793061376768619,0.9391995525393398,0.126,0.9913818925133937
Cbfa2t3,0.007954866409177586,0.9390139745436008,0.126,0.9912731486148246
Ctdspl,0.007980380040443021,0.9388187511383179,0.842,0.9911542024899133
Fxr1,0.008028756209769996,0.9384485997172293,0.874,0.9909376780234608
Spin1,0.00803648113035826,0.9383894935112604,0.842,0.9909376780234608
Il4ra,0.008040453314501421,0.9383591010007708,0.726,0.9909376780234608
Ifrd1,0.008071711515076642,0.9381199371313184,0.684,0.9909376780234608
Dmap1,0.008107683568039372,0.9378447132622414,0.421,0.9909074792768835
Foxo3,0.00812129429664767,0.937740578840635,0.663,0.990887189134868
Gm14326,0.00815146942595837,0.9375097154644226,0.495,0.9908176352065243
Rabggtb,0.00816751599176794,0.9373869487698392,0.611,0.9907834567087894
Mob1a,0.008170733942618833,0.9373623295231402,0.747,0.9907834567087894
Hipk3,0.008174814451683063,0.9373311112754548,0.726,0.9907834567087894
Mapk3,0.008235608187519335,0.936866015384534,0.8,0.990660523709564
Spg20,0.008238827066111025,0.9368413902918828,0.474,0.990660523709564
Trib1,0.008313292789437987,0.9362717286141045,0.589,0.990660523709564
Mfap3,0.00842582257034688,0.935410938445533,0.716,0.9905067031136046
Smap1,0.00846814136575873,0.9350872423881527,0.853,0.9905067031136046
Mrpl32,0.008474838196671537,0.9350360193592889,0.832,0.9905067031136046
Laptm5,0.008486935418283853,0.9349434902439617,0.284,0.9905067031136046
Cnot4,0.008497508728363487,0.9348626179168844,0.811,0.9905067031136046
Ube2k,0.008513340394637808,0.9347415271128974,0.842,0.9905067031136046
Acsl1,0.008560114300488069,0.934383778772381,0.232,0.9903907160769755
Cln8,0.008671625204588475,0.9335309448151932,0.284,0.9900111335802882
Capzb,0.008696261795276572,0.9333425345755191,0.905,0.9899539056578172
Pald1,0.00873032841215612,0.9330820135325624,0.305,0.9898847620149741
Gtf2b,0.008813531156730994,0.9324457585680233,0.663,0.9894720480005529
D130040H23Rik,0.008884847499096939,0.9319004332115126,0.305,0.9890681960196792
Polr1c,0.00893265862636735,0.9315348597037251,0.632,0.9888550137443752
Sacm1l,0.008933561908979508,0.9315279531594785,0.705,0.9888550137443752
Nol12,0.00909505703975447,0.9302932352757856,0.747,0.9882359440817798
Acot9,0.009135257273349821,0.9299859082227457,0.642,0.9879968855096892
Psmd12,0.009138675240158677,0.9299597786570082,0.821,0.9879968855096892
Vasn,0.0091533558924544,0.9298475493105971,0.705,0.9879968855096892
Dpy19l1,0.009191763667910541,0.9295539394589882,0.663,0.9879968855096892
Dpyd,0.00919535732890605,0.9295264680486683,0.116,0.9879968855096892
Sos2,0.009227445980285971,0.9292811729763464,0.663,0.9879474981341412
Ubxn8,0.00930681826938989,0.9286744563387255,0.537,0.9875648035833032
Dcaf6,0.009316248532819737,0.9286023747198776,0.684,0.9875648035833032
Ubap2l,0.009337387664892904,0.9284407967196822,0.853,0.9875482325680953
Erlin2,0.009342824383213509,0.9283992413636185,0.526,0.9875482325680953
Atad1,0.009394420261426865,0.9280048797482898,0.705,0.9875482325680953
Sertad3,0.009403348928902044,0.9279366372280333,0.484,0.9875482325680953
E2f3,0.009407523764633973,0.9279047288032134,0.642,0.9875482325680953
Col18a1,0.009490187524026193,0.9272729501660502,0.747,0.9872986000393512
Snhg18,0.009556041422448758,0.92676967739249,0.874,0.9869377841642242
Dhx9,0.009561709290475917,0.9267263634019117,0.853,0.9869377841642242
Gfra4,0.009602952078855151,0.9264111914126432,0.147,0.9869149690251164
Clta,0.009640112168100798,0.92612722860302,0.874,0.9867787411337707
Zfhx3,0.00964043869357491,0.9261247334645485,0.789,0.9867787411337707
Lama4,0.009668708533214219,0.9259087127116705,0.779,0.9867210360813906
Wdr25,0.009738021107326557,0.9253790913588189,0.2,0.9864256466037016
Ppib,0.009759308169128978,0.9252164422183276,0.916,0.9864210461477055
Gm56648,0.009775643215043645,0.9250916322835309,0.105,0.986405478871059
Apobr,0.009839511073608262,0.9246036594638555,0.211,0.986405478871059
Dctn5,0.009840363542584992,0.9245971464904887,0.484,0.986405478871059
Sbno2,0.009898081671416923,0.924156184099798,0.695,0.9863350974117346
Rab1a,0.009904044404933495,0.9241106305450235,0.884,0.9863350974117346
Dhx37,0.009939797245990614,0.9238374943484955,0.253,0.9862644967228937
Itga7,0.01000081868255839,0.9233713374655801,0.305,0.985953528600693
Pals2,0.010035191366494108,0.9231087679631723,0.895,0.985924833386747
Smcr8,0.01007182436852769,0.9228289411904637,0.189,0.9857136461946355
Tardbp,0.010153470223426407,0.9222053107340145,0.716,0.9852585723105484
Tbc1d14,0.010182665880453391,0.921982318763003,0.505,0.985159891553562
Cd52,0.010200502460813169,0.9218460886531319,0.463,0.9851019923868062
Myo9b,0.010216945379025968,0.9217205048882375,0.747,0.9850554608093518
Ubl5,0.010220368129572565,0.9216943636688942,0.926,0.9850554608093518
Fbrsl1,0.010235755555278146,0.9215768434041953,0.516,0.9850554608093518
Actr6,0.010259670986883181,0.9213941945036042,0.4,0.9849697376606815
Cfp,0.010327494041699336,0.9208762329089651,0.105,0.9848844314353592
Naif1,0.010341627900043655,0.9207682974237037,0.116,0.9848844314353592
Tbcc,0.01038977299306169,0.9204006404552123,0.611,0.9848408418697127
P3h4,0.010425173477031374,0.9201303175638709,0.832,0.9848257447559474
Luc7l3,0.01043095558961009,0.9200861654306987,0.853,0.9848257447559474
Rnf10,0.010441640470726191,0.9200045764613387,0.863,0.9848257447559474
Abcd3,0.01051081118879261,0.919476414003908,0.653,0.9848257447559474
Ggnbp1,0.010543285295552044,0.9192284655706517,0.137,0.9847765397811701
Wdr83,0.01055593075876913,0.9191319161879099,0.505,0.9847765397811701
Phtf2,0.010556237948288636,0.9191295707796379,0.411,0.9847765397811701
B3galnt1,0.010567355674616159,0.9190446868155514,0.347,0.9847765397811701
Gcc2,0.010586243282153586,0.9189004818032662,0.726,0.9847765397811701
Tmem198b,0.010593979351085856,0.9188414184406575,0.337,0.9847765397811701
Pcca,0.010620656837351953,0.9186377444683966,0.611,0.9847765397811701
Ssbp1,0.010658065742356856,0.9183521484365358,0.758,0.9847765397811701
Nudt5,0.010735939373875457,0.9177576601693211,0.695,0.9844230138794215
Ppp1r3c,0.010752451535271719,0.9176316119261198,0.263,0.9844230138794215
Lztr1,0.010779714733948384,0.91742349836756,0.589,0.984318107845527
Tma16,0.01079384940627995,0.9173156035720124,0.526,0.9842970220254864
Grwd1,0.010820639223498702,0.9171111118328621,0.421,0.9842970220254864
Chchd5,0.010844492960592571,0.9169290362883525,0.432,0.9842970220254864
Tubb4b,0.010879375285903188,0.9166627872641986,0.821,0.9842970220254864
Oasl1,0.010889274908216062,0.916587227324698,0.274,0.9842970220254864
Nacc2,0.010932108823835435,0.9162603013759856,0.558,0.9842519882450981
Fam120a,0.010988249837650114,0.9158318313213869,0.863,0.9839292053217512
1700109H08Rik,0.010998255890659933,0.9157554673196497,0.211,0.9839292053217512
Nckap1l,0.011040431337730316,0.9154336019728931,0.2,0.9838399995348869
Abcb1b,0.011047942064880878,0.9153762846784657,0.779,0.9838399995348869
Rab34,0.011102611720375896,0.9149590922303956,0.8,0.9835817949108601
Mrps25,0.011118608536183716,0.9148370224515447,0.663,0.983564481426907
Oas2,0.01112615364140593,0.9147794473460255,0.158,0.983564481426907
Mysm1,0.011158904513333347,0.9145295374571236,0.716,0.983564481426907
Tbl3,0.011185088859024741,0.9143297402992069,0.347,0.9835474997108562
Plekhh3,0.01119196677640119,0.9142772598878671,0.411,0.9835474997108562
Adgrf4,0.011203342021475148,0.9141904644296641,0.158,0.9835474997108562
Pacs2,0.011208427984298932,0.9141516578134642,0.526,0.9835474997108562
Lrrc61,0.011253225652007317,0.9138098539751767,0.126,0.9835169340874818
Phb2,0.011268562333508533,0.9136928395057073,0.863,0.9834791505105358
Mtm1,0.011291922737552588,0.9135146098781576,0.295,0.9834791505105358
Nfatc2,0.011302584224421286,0.9134332688352742,0.158,0.9834791505105358
Tlk2,0.011331777816792614,0.9132105430020947,0.747,0.9834675917690147
Shroom2,0.01133219725737773,0.913207343024947,0.379,0.9834675917690147
Pex10,0.011398741500955687,0.9126996842552625,0.126,0.9834675917690147
Fos,0.011418082766645195,0.9125521384150024,0.589,0.9834675917690147
C1qb,0.011422994142447082,0.912514672203981,0.126,0.9834675917690147
Ndfip1,0.011458570389582253,0.9122432861078793,0.937,0.9834675917690147
Prmt9,0.011507447714680943,0.9118704518949201,0.326,0.9834675917690147
Zfp148,0.01151050341272834,0.9118471437897184,0.853,0.9834675917690147
Znrf1,0.011673119622581319,0.9106068558907282,0.758,0.9830656823125314
Rtcb,0.011720985031384175,0.9102418229597822,0.8,0.9828483424710526
Secisbp2l,0.011847604722146632,0.9092762813083712,0.705,0.9822474412658221
Gm13205,0.011851653467700765,0.9092454096643099,0.105,0.9822474412658221
Timm22,0.011876702064318002,0.9090544173664769,0.632,0.9822474412658221
Antkmt,0.011883545873188623,0.9090022351111855,0.789,0.9822474412658221
Septin8,0.011911997169826763,0.9087853055477695,0.684,0.9822474412658221
Pacc1,0.011921323795768893,0.9087141952743172,0.211,0.9822474412658221
Gm49797,0.011930991588500247,0.9086404845556754,0.495,0.9822474412658221
Ccdc181,0.012042285361117821,0.9077919968070781,0.2,0.9819692347443773
Zfc3h1,0.012051050432546544,0.9077251775444655,0.716,0.9819692347443773
Hbb-bs,0.012103812144564215,0.9073229698018179,0.253,0.981727214419251
Baz1b,0.012129654811390753,0.9071259771225948,0.789,0.981602524090753
Zmat2,0.012149330661213908,0.9069759964324984,0.811,0.981602524090753
Uros,0.012241770269064143,0.906271412120484,0.189,0.9812363760604641
Arhgef7,0.012265066569505403,0.906093856720575,0.516,0.9812363760604641
Ccdc93,0.012274943634343723,0.9060185789423435,0.474,0.9812363760604641
Scyl2,0.012275947976351292,0.9060109244238487,0.495,0.9812363760604641
Lratd2,0.012303623003877799,0.9058000046255523,0.168,0.9812363760604641
Pacrg,0.012306663164850974,0.9057768350327285,0.116,0.9812363760604641
Slc11a2,0.012373385501861595,0.9052683524580086,0.474,0.9812363760604641
Slc12a2,0.01243702811275947,0.9047833756885342,0.347,0.9811012365115352
Baiap2,0.012500919533645452,0.9042965380502678,0.495,0.9807504771357208
Pik3c3,0.012541699911408868,0.9039858196299126,0.505,0.9805906347724602
Cyp51,0.01257926390665909,0.9036996206276438,0.547,0.9803687517958184
Kmt2c,0.01259176293384771,0.9036043936253236,0.811,0.9803540213480854
Fam185a,0.012665687412674176,0.90304120920798,0.316,0.9802234066378419
Cnot6l,0.01267679383152169,0.9029566004818546,0.768,0.9802234066378419
Ube2d3,0.012698156062386484,0.9027938660035147,0.863,0.9802234066378419
Aste1,0.012739384902561641,0.9024798018474957,0.337,0.980108084368929
Ypel1,0.01274753646144236,0.9024177084385221,0.116,0.980108084368929
Scai,0.012866742296374866,0.9015097412205437,0.526,0.9796493620664911
Gm8113,0.012889064359641348,0.9013397325427452,0.337,0.9796033269109976
Bms1,0.012896833797670334,0.901280560208803,0.642,0.9796033269109976
Sumf2,0.012905868336774937,0.9012117534958295,0.495,0.9796033269109976
Ppp1r12b,0.012925304254023525,0.9010637327504766,0.705,0.9796033269109976
Gm15545,0.012929076510219016,0.9010350042604682,0.105,0.9796033269109976
Coro7,0.012938806094922092,0.9009609069453319,0.368,0.9796033269109976
Cad,0.012953375618560666,0.9008499518357814,0.379,0.9796033269109976
Hira,0.012975014625476485,0.9006851621564897,0.558,0.9796033269109976
Kctd7,0.012981633731805272,0.900634755859159,0.105,0.9796033269109976
Disc1,0.013001509642172993,0.900483397758659,0.211,0.9796033269109976
Phax,0.013024987564739193,0.9003046143702635,0.737,0.9796033269109976
Zfp317,0.013074031633936849,0.89993116191967,0.305,0.9796033269109976
Nfasc,0.013119570079178598,0.8995844230102489,0.168,0.9796033269109976
Pcyox1,0.013127524278864686,0.8995238600614993,0.768,0.9796033269109976
Gm20033,0.013201006137936358,0.898964399477226,0.116,0.9794796319893877
H2ac18,0.01330627203159146,0.8981630344819019,0.189,0.979083119840928
Klhl28,0.013328803706533776,0.8979915192779508,0.579,0.979083119840928
Jade3,0.0133346416994244,0.8979470801796331,0.442,0.979083119840928
Eef1e1,0.013368539482517329,0.8976890547597067,0.6,0.979083119840928
Pex26,0.013453759514845601,0.8970404182666649,0.221,0.9787155204114353
Kdelr1,0.013504810228299712,0.8966518876061371,0.916,0.9785583725219859
Ccdc82,0.013517747930104334,0.8965534267620698,0.537,0.9785583725219859
Ksr1,0.013518222918976126,0.8965498119454525,0.526,0.9785583725219859
Rubcn,0.013531221371061513,0.8964508904047449,0.379,0.9785583725219859
Rmdn1,0.013648262882135219,0.8955602461128609,0.726,0.97807821312326
Sh3gl1,0.01373621494661592,0.8948910473185777,0.716,0.9776949896576258
Hacd4,0.013743356126856832,0.8948367156127552,0.484,0.9776949896576258
Synpo,0.013783209802425526,0.8945335088023377,0.705,0.9776949896576258
Gm43813,0.013785211114292404,0.8945182832186795,0.168,0.9776949896576258
A630072M18Rik,0.013826378833972489,0.8942050958641364,0.211,0.9776949896576258
Rpl9-ps6,0.01384271982493469,0.8940807847122703,0.358,0.9776949896576258
Plpp2,0.013854552592807354,0.8939907706547718,0.453,0.9776949896576258
Tgif2,0.013861932658128599,0.8939346298105549,0.347,0.9776949896576258
Ahcy,0.013884349330923139,0.893764107299391,0.379,0.9776949896576258
Prps2,0.0138929754050943,0.893698490470326,0.516,0.9776949896576258
Tmem14a,0.013919654891280376,0.8934955494619374,0.232,0.9776949896576258
Tprgl,0.013933797846507428,0.8933879720004954,0.674,0.9776949896576258
Entpd6,0.013939036823681,0.8933481225538565,0.147,0.9776949896576258
Nsun3,0.01395490241941005,0.8932274450392941,0.221,0.9776949896576258
Nab1,0.01399772313100556,0.8929017526150834,0.8,0.9776949896576258
Otud5,0.01404301576516237,0.8925572781950756,0.653,0.9775549794114998
Kyat3,0.014060913418452529,0.8924211625762835,0.221,0.9774950646828532
Atp5j,0.014201931675680426,0.8913487968565411,0.895,0.976855148216182
Tnpo1,0.014209372970523961,0.891292215344282,0.853,0.976855148216182
Gm10605,0.014256865024872424,0.890931111965408,0.147,0.9768431980064517
Chchd1,0.014346737473797493,0.8902478324082628,0.821,0.9762723284067961
Erbin,0.014432144670267185,0.8895985754372964,0.874,0.975916865717279
Tbc1d23,0.014435501624351012,0.8895730576928111,0.705,0.975916865717279
Coprs,0.014451218136237275,0.8894535907898378,0.253,0.975916865717279
Sf3b4,0.014465929789905567,0.8893417644161674,0.737,0.9759026288927912
Mef2b,0.014528326231358342,0.8888675000436455,0.358,0.9754774063283744
Psmg2,0.014653448023267656,0.8879165893921458,0.589,0.9750516269280679
Arhgef6,0.014694614842674935,0.8876037611156578,0.179,0.9748646829198168
Ebf1,0.014698312797973335,0.8875756610505928,0.189,0.9748646829198168
Hip1r,0.014706616776256726,0.8875125611919679,0.221,0.9748646829198168
Ube2e3,0.014775833359071712,0.8869866289787083,0.811,0.974692372737449
Malsu1,0.014789592803441975,0.8868820856529074,0.768,0.974692372737449
Eloa,0.01479000804931052,0.8868789306730323,0.705,0.974692372737449
Vav1,0.014909001410792367,0.8859749086553883,0.221,0.9746333476509639
Cfap20,0.01491102690816036,0.8859595217108037,0.695,0.9746333476509639
Rnf166,0.014999214600872841,0.8852896339413979,0.421,0.9745734514288407
Skp1,0.015021066824805755,0.885123653415379,0.842,0.9744913005715627
Gnasas1,0.015088612734078927,0.8846106337908751,0.137,0.9742235890383811
Bbip1,0.015095639622261393,0.8845572664260166,0.695,0.9742235890383811
Ndufb11,0.015097704740012517,0.884541582498606,0.874,0.9742235890383811
Gm10076,0.015106544125765477,0.8844744506144592,0.926,0.9742235890383811
Trappc12,0.015114612889666918,0.8844131720322022,0.474,0.9742235890383811
Adam8,0.01511954157096343,0.8843757412799982,0.147,0.9742235890383811
Dicer1,0.015151752281548301,0.8841311240641293,0.611,0.9742235890383811
Vps13b,0.01521252364446132,0.883669638812189,0.747,0.9742235890383811
Nup35,0.015214276440149568,0.8836563290170458,0.505,0.9742235890383811
Tcf20,0.01522602145707409,0.8835671444595141,0.684,0.9742235890383811
Myd88,0.01525276396342529,0.8833640834521245,0.611,0.9742235890383811
Map1a,0.015301243443658508,0.8829959886407074,0.453,0.9741026126064842
Ehd2,0.015332847325227978,0.8827560401868755,0.8,0.9740168879363917
Med27,0.01536165221337386,0.8825373519530159,0.463,0.9738650845418493
Hbs1l,0.015379076633809954,0.8824050691061293,0.663,0.9738086088931336
Zfas1,0.015399387847504784,0.8822508743531916,0.789,0.9737279389979568
Hectd2,0.015417300818544196,0.8821148897588361,0.179,0.9737279389979568
Adgrl3,0.015458607580869217,0.8818013264870465,0.2,0.9735002323584008
Zfp319,0.01545972983672063,0.8817928075980874,0.158,0.9735002323584008
Fgfr2,0.015481192702380846,0.8816298885432227,0.779,0.9734899826870034
Cnot2,0.015485129542183047,0.8816000055464113,0.811,0.9734899826870034
Tmem132d,0.01554413658954241,0.8811521262352864,0.389,0.9731414256537052
Mob4,0.015554084894374693,0.8810766196136768,0.789,0.9731414256537052
Ttc9c,0.015596900867650025,0.8807516628784555,0.484,0.9731023158133771
Prpf3,0.015598143235007987,0.8807422340836562,0.442,0.9731023158133771
Slc35f5,0.015625508436692345,0.8805345534593407,0.589,0.9731023158133771
Bud31,0.015678213143781563,0.8801345884590573,0.747,0.9730917130412432
Chd1l,0.015685249364322324,0.8800811943267072,0.421,0.9730917130412432
Heatr6,0.015704542113302928,0.8799347946764242,0.621,0.9730917130412432
Rbm6,0.015706373687142748,0.8799208963085484,0.779,0.9730917130412432
Wdr37,0.015709566831362178,0.8798966661450284,0.526,0.9730917130412432
Sdf4,0.01571208652866395,0.8798775462982302,0.905,0.9730917130412432
Xrcc6,0.015763207860168858,0.879489644745026,0.421,0.9730917130412432
BC029722,0.015768792342507748,0.8794472721919022,0.526,0.9730917130412432
Gm16023,0.015776364130230838,0.8793898213972327,0.221,0.9730917130412432
Atp7a,0.01580798382314876,0.8791499143357968,0.737,0.9730917130412432
Actr5,0.015830500075458866,0.8789790841637134,0.263,0.9730917130412432
Pafah2,0.015866642769695075,0.8787048821523935,0.263,0.9730763004404184
Pitpnb,0.015881205605600787,0.8785944030406765,0.768,0.9730763004404184
Itm2c,0.015882365032764908,0.8785856072931426,0.874,0.9730763004404184
Usp53,0.015977506437874215,0.8778638876014577,0.737,0.9728267904875141
Emg1,0.01597932851400936,0.8778500667451486,0.8,0.9728267904875141
Dars2,0.01597957167303072,0.8778482223321835,0.2,0.9728267904875141
Usp24,0.0159830887671862,0.8778215444969018,0.568,0.9728267904875141
Zscan22,0.01599685713418667,0.8777171100998429,0.168,0.9728267904875141
Pvr,0.016000589697327754,0.8776887986076041,0.474,0.9728267904875141
Med29,0.01600278461300476,0.8776721502435754,0.747,0.9728267904875141
Ccdc125,0.01602180685445333,0.8775278693911446,0.232,0.9728267904875141
Zfp938,0.01602735779834373,0.8774857670672962,0.316,0.9728267904875141
Gm11423,0.016035191616023837,0.8774263503779602,0.116,0.9728267904875141
Lncppara,0.016042815935175172,0.8773685233119679,0.621,0.9728267904875141
Mboat1,0.01605190247615168,0.8772996067853892,0.295,0.9728267904875141
Rbks,0.016066670825847007,0.8771875987475772,0.179,0.9728267904875141
Ttc7b,0.016079726276021986,0.8770885839194477,0.526,0.9728267904875141
Sfpq,0.016081814677317754,0.8770727452925561,0.884,0.9728267904875141
Gpaa1,0.016113627510789943,0.8768314798370993,0.537,0.9728267904875141
Orai1,0.016120827320286142,0.8767768787388761,0.411,0.9728267904875141
Fance,0.01612298750864074,0.8767604966600604,0.516,0.9728267904875141
Ppp1r18os,0.01623665935515015,0.8758985243646495,0.137,0.9728267904875141
Mfsd10,0.01629936433356178,0.8754230951447168,0.716,0.9728267904875141
Anapc10,0.01630016493872223,0.8754170252410478,0.642,0.9728267904875141
Hadha,0.016327857680533145,0.8752070731592967,0.811,0.9728267904875141
Folr1,0.016347229686210746,0.8750602097419525,0.295,0.9728267904875141
P2ry10,0.016371574524118793,0.8748756521979423,0.105,0.9728267904875141
Tfb2m,0.016392927474834406,0.8747137815795385,0.495,0.9728267904875141
Pdp2,0.01644112495474355,0.8743484292242965,0.158,0.9726052982857262
Asah2,0.016453515836157825,0.8742545066244263,0.505,0.9726052982857262
2610008E11Rik,0.016460418942022652,0.8742021819945701,0.495,0.9726052982857262
Gm56596,0.016463468532712616,0.8741790666726369,0.116,0.9726052982857262
Rnf115,0.016642230491900143,0.8728242699857971,0.663,0.9717200750783
Cd3e,0.016653198574378584,0.8727411572601679,0.179,0.9717176442157675
Jam2,0.016667270004177445,0.8726345303552447,0.6,0.9716890295813246
Stat6,0.01671028248211685,0.8723086154514379,0.726,0.9715063116339314
Pip4k2a,0.016712009073571794,0.8722955331370941,0.674,0.9715063116339314
E2f4,0.016754824271312228,0.8719711350969624,0.516,0.9714007625820401
Atad2b,0.016790682935379653,0.8716994609437724,0.758,0.971188218200972
Plek2,0.01680568063523298,0.8715858390554283,0.379,0.9711517417908805
Mau2,0.01681695056507422,0.8715004602975231,0.632,0.9711467310248131
Cd300c2,0.016822192648774627,0.8714607478107685,0.147,0.9711467310248131
Emc1,0.01686312566730945,0.8711506622528178,0.558,0.9711467310248131
Sh2d2a,0.016866552689596165,0.8711247019400036,0.116,0.9711467310248131
Usp1,0.016883381113725247,0.8709972255703282,0.611,0.9711467310248131
Mettl24,0.016908677722382012,0.8708056083746856,0.453,0.9711467310248131
Slc17a5,0.01693082839283804,0.870637827213046,0.4,0.9710867061167713
Ttc27,0.016937071741566456,0.8705905377464667,0.411,0.9710867061167713
Slc12a7,0.017006598765128948,0.8700639447708131,0.232,0.9708733654778616
Rab13,0.017013253276138517,0.8700135469225705,0.611,0.9708733654778616
Paf1,0.01702884813935597,0.8698954414741171,0.621,0.9708733654778616
Slfn5,0.017030196005513212,0.869885233738085,0.337,0.9708733654778616
Exoc4,0.01707141569311588,0.8695730767816936,0.768,0.9708733654778616
Pigg,0.01713523239068444,0.8690898319819719,0.221,0.9707869478053072
Polr3f,0.017163722561079935,0.8688741088749112,0.295,0.9706523469725585
Tmem29,0.01719770222204217,0.8686168327619945,0.537,0.970545534242813
Fbxl6,0.01722378515550659,0.8684193557971954,0.568,0.9704504448532038
Kansl2,0.017225786323427156,0.8684042050523044,0.695,0.9704504448532038
Pla2g15,0.017231188560404728,0.8683633052165902,0.4,0.9704504448532038
Ints4,0.017278613850020517,0.8680042676294962,0.4,0.9704504448532038
Dr1,0.017279461975952256,0.8679978470563995,0.589,0.9704504448532038
Atg4a,0.017288292720981542,0.8679309961204859,0.347,0.9704504448532038
Mgmt,0.017296767295996027,0.8678668423537219,0.568,0.9704504448532038
Rnf187,0.01737892465025567,0.8672449436558186,0.821,0.9704139533653108
Psma3,0.017384609768772936,0.8672019125413832,0.884,0.9704139533653108
Prr15,0.017420980767514357,0.8669266267238227,0.189,0.970372705050148
Pyroxd2,0.01744788564252915,0.8667229985790585,0.263,0.9702352269195185
Nfx1,0.017608380609594142,0.86550848199673,0.726,0.9698491900722445
Smim1,0.01763269786062562,0.8653244927893069,0.747,0.9698451586783542
Cxcr4,0.017642430727890422,0.8652508539717014,0.137,0.9698451586783542
Ocrl,0.017676562607444758,0.8649926214677293,0.516,0.9698451586783542
Tmc4,0.01769776250714053,0.8648322359392019,0.495,0.9698451586783542
Csad,0.017718224575393255,0.8646774375888218,0.653,0.9698451586783542
Filip1l,0.01774751136413037,0.864455887908685,0.768,0.9698451586783542
C9orf72,0.01780714536870336,0.8640047990139539,0.326,0.9697238382651471
Smim11,0.017820394508147642,0.8639045845978888,0.8,0.9697020049796065
Htt,0.017842144774921152,0.863740073656763,0.621,0.9696566003567062
Gm31718,0.017865011195240966,0.8635671268111641,0.137,0.9696566003567062
Selenoo,0.01788111578572067,0.8634453259416808,0.379,0.969639733312922
Polr3a,0.017891141337423658,0.8633695031537119,0.326,0.969639733312922
Wwc1,0.01794701452531748,0.8629469594891612,0.137,0.9695334651994346
Tarsl2,0.017950724792969965,0.8629189017763126,0.211,0.9695334651994346
Ndufb6,0.01796093389701316,0.8628416995692005,0.8,0.9695334651994346
Chordc1,0.01796196254954583,0.8628339208732336,0.726,0.9695334651994346
Dhrs1,0.01796423717983129,0.8628167201090476,0.695,0.9695334651994346
Dand5,0.017972452369830038,0.8627545973391574,0.232,0.9695334651994346
Ccdc15,0.017973683019474957,0.8627452913128728,0.221,0.9695334651994346
Nr2f6,0.018031304344542885,0.8623095867033996,0.758,0.9695334651994346
Utp6,0.01804118512898826,0.8622348771224784,0.568,0.9695334651994346
Ercc4,0.01804473895664557,0.8622080065791735,0.368,0.9695334651994346
Trafd1,0.01804713431327384,0.8621898953408879,0.653,0.9695334651994346
Carf,0.01810350220261223,0.8617637195729346,0.2,0.9695334651994346
Kazald1,0.018203307624069166,0.8610092266315137,0.179,0.9692609960776847
Cd3d,0.018213781333864372,0.8609300563903339,0.179,0.9692609960776847
Thap3,0.01821873939390719,0.8608925791453128,0.653,0.9692609960776847
Pld2,0.018266513542573016,0.8605314772002342,0.358,0.9692255573088511
Pno1,0.01829577519134412,0.8603103165501014,0.547,0.9692255573088511
Fh1,0.018317167588614094,0.8601486388199571,0.621,0.9692255573088511
Mcee,0.01833923644030724,0.8599818546807352,0.632,0.9692255573088511
Prr14,0.018376902975239657,0.8596972061013465,0.568,0.9692255573088511
Cd93,0.018421306165982785,0.8593616711900918,0.105,0.9692237071181131
Ptpn22,0.018424095490096232,0.8593405943575803,0.2,0.9692237071181131
Aox1,0.018427204271590468,0.8593171037411718,0.337,0.9692237071181131
C2cd3,0.018429388418120266,0.8593005999371433,0.421,0.9692237071181131
Fars2,0.018437682330406113,0.8592379301950162,0.716,0.9692237071181131
Rusf1,0.01850063758750296,0.8587622616005655,0.211,0.9691049525556977
Nras,0.01850653411059855,0.8587177120500215,0.853,0.9691049525556977
Mms22l,0.01852313079605632,0.8585923227563114,0.263,0.9691049525556977
Ldlrad3,0.01852886855959334,0.85854897430733,0.505,0.9691049525556977
C630043F03Rik,0.018536238128050907,0.8584932982884745,0.158,0.9691049525556977
Epb41l2,0.018544605311746228,0.8584300862707386,0.874,0.9691049525556977
Prpf40a,0.01857663461859324,0.8581881209783235,0.853,0.9691049525556977
Lpar2,0.018614195949594965,0.8579043807254298,0.253,0.9691049525556977
Dync2h1,0.01865423510909951,0.8576019427125073,0.568,0.9691049525556977
Tnpo2,0.01865764115159561,0.8575762159299289,0.495,0.9691049525556977
Aig1,0.018716021627779186,0.8571352751791054,0.611,0.9690543661674937
Taok2,0.018731350510617376,0.8570195052253229,0.484,0.9690397588511586
Clec4n,0.018789206717086577,0.8565825789215009,0.105,0.9688369929065818
Ahdc1,0.018790305696900978,0.8565742799155258,0.663,0.9688369929065818
1810009A15Rik,0.01879259475471123,0.8565569940207823,0.758,0.9688369929065818
Alox15,0.018841763938672835,0.8561857076799961,0.105,0.9688268581767707
Eif2s2,0.018856302978925682,0.8560759264741512,0.947,0.9688268581767707
Nucb1,0.018857036650572003,0.8560703867479299,0.853,0.9688268581767707
Lypla1,0.018867181188985317,0.8559937892114949,0.684,0.9688268581767707
Fbxo21,0.01890839712349995,0.8556825971593288,0.379,0.9688268581767707
Arpc1b,0.01891329089349496,0.855645649266469,0.937,0.9688268581767707
H4c8,0.018962639026483936,0.8552730889849228,0.253,0.9687547345267756
Nol6,0.019001091835169785,0.8549828063955057,0.358,0.9687036976417303
Gga1,0.01902661738116158,0.8547901231572416,0.537,0.9687036976417303
Trmt10b,0.019037129330512922,0.854710774678435,0.242,0.9687036976417303
Sugp2,0.019042553150695925,0.8546698340380005,0.337,0.9687036976417303
Man1c1,0.019074929415558394,0.8544254561777158,0.716,0.9687036976417303
Stk26,0.019089090461895115,0.8543185721242925,0.716,0.9687036976417303
Slc25a38,0.019148749095345422,0.8538683125097586,0.211,0.9685778770245319
Tpp1,0.01917012933855669,0.8537069615027219,0.768,0.9685778594692601
Nme7,0.019183434593737662,0.8536065533203986,0.484,0.9685554607558142
Rnh1,0.01921454924134493,0.8533717555687894,0.853,0.9683805565744689
Pigyl,0.0192546412974335,0.8530692312261094,0.768,0.9681327444770896
Nubp2,0.01925878194092438,0.8530379882058358,0.484,0.9681327444770896
Kcnip1,0.019273091701457627,0.8529300163634569,0.263,0.9681327444770896
Fundc1,0.019310632989078466,0.8526467679096299,0.589,0.9681327444770896
Bcap31,0.01937578040973272,0.852155275979559,0.853,0.9681327444770896
Scand1,0.019386344864299743,0.8520755798420617,0.821,0.9681327444770896
Ly86,0.01945821875101328,0.8515334170625577,0.137,0.9680599024993821
Man2b2,0.019513750090391087,0.8511145774739755,0.589,0.9678314927294273
Zfp804b,0.019528507319650293,0.8510032794880591,0.137,0.9677965880671647
Pde1c,0.019541655323123498,0.8509041206294791,0.389,0.9677754832242262
Slc25a14,0.019612296355205172,0.8503714038878633,0.284,0.9677754832242262
Cox16,0.019635890334882406,0.8501934923944563,0.863,0.9677560275583607
Gm50321,0.019670374279535732,0.8499334781170529,0.358,0.967588060277942
Macroh2a2,0.019692955832960234,0.8497632184084793,0.389,0.967588060277942
5730471H19Rik,0.019750752502609888,0.8493274762539716,0.147,0.9675403232809713
Csf1,0.01975613620165895,0.8492868896334811,0.684,0.9675403232809713
Ankrd26,0.019760537339913675,0.8492537106324407,0.4,0.9675403232809713
Nedd8,0.019762030958018695,0.8492424507057916,0.863,0.9675403232809713
Fam136a,0.019775137518462823,0.8491436456831571,0.663,0.9675403232809713
Gm50240,0.019818925013227243,0.848813566501895,0.168,0.9675403232809713
Tle3,0.019832153990121,0.8487138488677327,0.674,0.9675403232809713
Mob3c,0.019835945945735643,0.8486852662315388,0.274,0.9675403232809713
Itpr3,0.019853168184284828,0.8485554525714991,0.432,0.9675403232809713
Use1,0.019929912192389335,0.8479770391562805,0.842,0.9673786517006613
Leprot,0.019952790301417934,0.84780462425768,0.874,0.9672738619785218
Arl13b,0.01996535280582141,0.847709953268221,0.621,0.9672577600391077
Bmf,0.019977772646318046,0.8476163595184016,0.147,0.9672428843126258
Aim2,0.0200121756363248,0.8473571156339726,0.168,0.9670389589789097
Gigyf2,0.020033216163874462,0.8471985726504819,0.758,0.9669499298302602
Cdk5,0.02005185116825551,0.8470581606621665,0.474,0.9668821119491059
Large1,0.020061412104991808,0.8469861222785547,0.758,0.9668821119491059
Phkb,0.02006506793681106,0.8469585771703607,0.589,0.9668821119491059
Muc1,0.02007862956476198,0.846856397788895,0.116,0.9668821119491059
Bcl2l2,0.020087602759978247,0.846788791107876,0.484,0.9668821119491059
Anapc4,0.020142016865640024,0.8463788430762869,0.768,0.9668821119491059
Cdc73,0.02015165469785785,0.8463062372978267,0.747,0.9668821119491059
Prkrip1,0.020171340215064622,0.8461579421398565,0.442,0.9668821119491059
Marchf8,0.020192685965693364,0.8459971461509913,0.705,0.9668821119491059
Ppcs,0.02020317337632774,0.8459181475595785,0.4,0.9668821119491059
mt-Nd1,0.020226834500524538,0.8457399208421712,0.979,0.9668821119491059
Tmem128,0.02026024515923181,0.8454882692704483,0.726,0.9668359665838354
U2af1l4,0.02026983096862205,0.8454160711013805,0.6,0.9668359665838354
Lsm4,0.02029443625166653,0.8452307554687783,0.779,0.9667256316358946
Retreg1,0.02034010639947223,0.8448868113364537,0.463,0.9666084748658218
Mid2,0.020451086625153485,0.844051135131736,0.347,0.9664463703689898
Ppp3cb,0.020486537600800894,0.8437842271902173,0.726,0.9663037244522901
Serpinb6a,0.0204922442526852,0.8437412638514317,0.874,0.9663037244522901
Mrps9,0.020534614199237983,0.8434222900075405,0.695,0.9661296924366093
Washc1,0.020558867062401946,0.8432397184438944,0.547,0.9660876128803488
Qrsl1,0.02057092429364345,0.8431489566743692,0.284,0.9660876128803488
Pikfyve,0.020609831702214212,0.8428560920365884,0.6,0.9660340871595378
Zfp629,0.02063135130135827,0.842694118451742,0.158,0.9659406472792427
Tmem222,0.02066359370693403,0.8424514487688487,0.642,0.9657546825823531
Ppp1r3e,0.02071164032130412,0.8420898573875608,0.284,0.9655245337712417
2610306M01Rik,0.020737945394509176,0.8418919033508816,0.179,0.9653897510776465
Gpr107,0.020759969340024668,0.8417261737213131,0.663,0.9652918975999816
Gm56589,0.020760102526571185,0.841725171516917,0.105,0.9652918975999816
Hivep2,0.0207731754141924,0.841626801657124,0.832,0.9652918975999816
Trmt5,0.02094199099266439,0.8403567301712576,0.221,0.96498599606544
Eif2ak4,0.020946562517906796,0.8403223423096868,0.484,0.96498599606544
Osmr,0.02094762745830043,0.8403143316733904,0.874,0.96498599606544
Klhl21,0.020965393792586596,0.8401806931270884,0.326,0.96498599606544
Arhgap27,0.020999363293004766,0.8399251868200163,0.147,0.9649776785138203
Tox4,0.021000427429194224,0.8399171830400304,0.674,0.9649776785138203
Uqcc4,0.021016881989127753,0.8397934240017366,0.663,0.9649776785138203
Hck,0.021039347024581285,0.8396244649006468,0.158,0.9649091644393248
Rbm15b,0.021052048803968198,0.8395289382781899,0.484,0.9648917356089045
Zbtb21,0.02107058679094734,0.8393895233024637,0.389,0.9648238566238447
Ttf1,0.02110334787322778,0.8391431556292628,0.516,0.964633017677411
Ngly1,0.02122198803590041,0.8382510958348159,0.726,0.9642333833049808
Mpp7,0.021266494428572816,0.837916503290357,0.347,0.9640536081839131
Bcorl1,0.021302770485306335,0.8376438065302646,0.358,0.963924591241028
Shld1,0.02138646463152091,0.8370147286316438,0.274,0.9633853380636646
Rps6kb1,0.02144663604332858,0.8365625201106952,0.789,0.9629571641232018
Dusp1,0.021468909095547575,0.8363951440508306,0.705,0.9628568067706925
Mrrf,0.021526361542488815,0.835963437857697,0.442,0.9625443995356125
Cyb561a3,0.021530412739137823,0.8359329983992945,0.589,0.9625443995356125
Arhgap1,0.021547005479404614,0.8358083281228473,0.779,0.9625443995356125
Nt5c3b,0.02155892430057901,0.8357187780451638,0.568,0.9625396036439599
Cotl1,0.021586850129743512,0.8355089701853837,0.8,0.9624826062569224
Coq6,0.021637113176976176,0.8351313709453061,0.379,0.9624169662098369
Nr1h2,0.02163802114942467,0.8351245501801723,0.642,0.9624169662098369
Lrrfip2,0.02168551117661857,0.834767818134048,0.621,0.9624169662098369
Usp32,0.021699094395875265,0.8346657908683064,0.695,0.9624169662098369
Plec,0.021713840033376612,0.8345550354612989,0.789,0.9624169662098369
Tmem127,0.021716255311686167,0.8345368944622759,0.663,0.9624169662098369
Acadm,0.021742837878328237,0.8343372402505946,0.632,0.9624169662098369
Mdc1,0.021754955898557405,0.83424622868064,0.326,0.9624169662098369
Ccdc62,0.02175671923487191,0.8342329854447401,0.242,0.9624169662098369
Cep89,0.021853200733637074,0.8335084482477914,0.337,0.9621466888805602
Fam219b,0.021880257461331667,0.8333052880629253,0.368,0.9621466888805602
Nfyc,0.021921299729238605,0.8329971359033443,0.716,0.9620812438237261
Slc7a7,0.021933646267734086,0.8329044409795299,0.347,0.9620812438237261
Npr2,0.02193759255333419,0.8328748136719869,0.211,0.9620812438237261
Scamp1,0.021958895035839084,0.8327148862498813,0.663,0.9620812438237261
C1galt1c1,0.022006540720619416,0.8323572130923506,0.453,0.9620812438237261
Rab2b,0.02206221071864722,0.831939345176919,0.495,0.961849656177778
Mfn2,0.022098375116909708,0.8316679144434822,0.347,0.961849656177778
Yif1a,0.022108574337111532,0.8315913680916053,0.737,0.961849656177778
Gm57315,0.02212172006718065,0.8314927101533762,0.516,0.961849656177778
Agpat1,0.02217559630432282,0.8310883994384631,0.537,0.9617269094118762
Celf4,0.02223284274864639,0.8306588454142315,0.716,0.961600535758646
Apobec1,0.022262309798920726,0.8304377560554728,0.221,0.9614609590023582
Crem,0.022325518957718855,0.8299635464172411,0.558,0.961203486603006
Plekhg3,0.022455623920029852,0.8289876610239051,0.621,0.9604066813888488
Tmsb15b1,0.022460016862227192,0.8289547151642227,0.168,0.9604066813888488
Psenen,0.022542977700865115,0.8283325872965299,0.811,0.9602628989939821
Traf1,0.022551430705400215,0.8282692036929594,0.221,0.9602628989939821
Riox1,0.022574437857117383,0.8280966935434724,0.4,0.9602613564721668
Etv3,0.022574437857117383,0.8280966935434724,0.4,0.9602613564721668
Fkbp2,0.0226010247874892,0.8278973519810252,0.821,0.9602613564721668
Dis3l2,0.022607903882315993,0.8278457761770639,0.684,0.9602613564721668
Tacc2,0.02268472333809978,0.827269874308577,0.747,0.9602613564721668
Jup,0.02273269738884886,0.8269102676650446,0.421,0.9602613564721668
Nt5dc3,0.022781999840988543,0.8265407407165284,0.347,0.9600730070410523
Ncoa3,0.022819926940993118,0.8262564989135424,0.632,0.9598356987669218
Afdn,0.022820971658489234,0.8262486696735274,0.695,0.9598356987669218
Kics2,0.02286239139002143,0.8259382788678766,0.105,0.959830131766385
Msto1,0.022880740540500235,0.8258007827222621,0.547,0.9597705931803506
1810034E14Rik,0.02291874620936835,0.8255160106199753,0.126,0.9596253983458266
Hnrnpu,0.022928073352867583,0.8254461268571642,0.916,0.9596253983458266
Ccl5,0.022946562610922188,0.8253075998359783,0.221,0.9596253983458266
Hmbox1,0.022977900003517297,0.8250728229916638,0.632,0.9595747177122151
Morn2,0.0230535700840732,0.8245059732473098,0.368,0.9590083522987939
Nup188,0.02306531526586858,0.8244179973519417,0.463,0.9590083522987939
Pip4k2b,0.02315806888531496,0.8237233136515596,0.579,0.9589340534239167
Swt1,0.02323120674684944,0.8231756390920575,0.526,0.9584823408241209
Lrrc49,0.023252109959933896,0.8230191261713979,0.568,0.9584823408241209
Icam1,0.023294232596155054,0.8227037537528962,0.674,0.9583569391161598
Capn2,0.023315428959034386,0.8225450671152954,0.853,0.9583569391161598
Coasy,0.023339358615562068,0.822365926247207,0.463,0.9583569391161598
Timm10b,0.02337806215459233,0.8220762052442666,0.863,0.9583326265270433
Ndufaf4,0.023439165807384636,0.8216188535123474,0.547,0.9580632780540697
Tubb4a,0.02354186590204643,0.8208502930409901,0.189,0.9574460334702903
Aifm2,0.023545084958826193,0.8208262058250899,0.453,0.9574460334702903
Smim20,0.023600002715218754,0.8204152987007272,0.758,0.9573106405733363
Entpd2,0.023622013515886723,0.8202506224969072,0.495,0.9572115097988497
Gm57352,0.023635005856214843,0.8201534225453564,0.232,0.9572115097988497
Ssb,0.023638148003907976,0.8201299155178017,0.905,0.9572115097988497
Dock9,0.02365959683378637,0.819969456832135,0.547,0.9572115097988497
Rcc1l,0.023682616320166813,0.8197972563143041,0.337,0.9572115097988497
Chchd3,0.023708751625582752,0.8196017578338171,0.811,0.9572115097988497
AI662270,0.023718886504127012,0.8195259494292189,0.158,0.9572115097988497
Mfn1,0.023754576856013704,0.8192590005261975,0.505,0.9572115097988497
Nkapd1,0.023791041550417814,0.8189862811468388,0.579,0.9572115097988497
Relch,0.023829921885777875,0.8186955189232953,0.705,0.9572115097988497
Rras,0.023835480351591797,0.8186539525637287,0.8,0.9572115097988497
Traf5,0.02389647788404189,0.8181978443132073,0.611,0.9569551448147944
Snx6,0.023966549949744252,0.817673956076035,0.758,0.9567151813101689
Agpat5,0.023997489565918885,0.8174426639709705,0.611,0.9567151813101689
Mllt1,0.024001038770943044,0.8174161325435069,0.389,0.9567151813101689
Sema3f,0.024019463267106404,0.8172784069285896,0.495,0.9567151813101689
Rrnad1,0.024083357749475953,0.8168008300008196,0.347,0.9565363178903727
Ccdc136,0.024112598091881526,0.8165822964572693,0.295,0.9565363178903727
Manbal,0.024121359943504263,0.8165168157388156,0.726,0.9565363178903727
Gtf2e1,0.024181547843765833,0.8160670422768356,0.337,0.9565363178903727
Nxnl2,0.02422017119519743,0.8157784482348589,0.274,0.9565363178903727
Sbf1,0.024306872437328906,0.8151307053222848,0.537,0.9561620143419962
Eya2,0.024335723177272492,0.8149151896706348,0.232,0.9560026069736504
Lhfp,0.024413802817554855,0.8143320022094697,0.947,0.9555985487225471
Garnl3,0.024441384232114664,0.8141260170459501,0.505,0.9555702009265278
Ptp4a2,0.024510237112860694,0.8136118610658885,0.895,0.955313672581471
Trpv4,0.02451255529048106,0.8135945515459072,0.116,0.955313672581471
Adcy5,0.024530038584704032,0.8134640090287167,0.211,0.955313672581471
Tti2,0.024628625579622334,0.8127279850078599,0.305,0.9550504150510483
A530072M11Rik,0.0246406837552574,0.8126379730627935,0.126,0.9550504150510483
Mgp,0.02465040104386298,0.8125654371578022,0.968,0.9550504150510483
Zfp800,0.024658884153474243,0.8125021152282534,0.547,0.9550504150510483
Smad4,0.024684479562706002,0.812311066337729,0.842,0.9550504150510483
Wasl,0.024685546448236582,0.8123031031444186,0.758,0.9550504150510483
Macir,0.02470957536402951,0.8121237572843651,0.463,0.9550504150510483
Ttyh2,0.024744138322009477,0.8118658049551684,0.579,0.9550504150510483
Ncapd3,0.024751059732119638,0.811814151087636,0.379,0.9550504150510483
Ggt7,0.02475755204794259,0.8117657002449294,0.168,0.9550504150510483
Zfp24,0.024794751411699623,0.8114881025776982,0.621,0.9550504150510483
Uqcrc1,0.024807142271051776,0.8113956418251743,0.832,0.9550504150510483
Diaph2,0.024821173460119115,0.8112909440355927,0.832,0.9550504150510483
Gm56812,0.024842230022615694,0.8111338306136001,0.295,0.9550504150510483
Elp2,0.02493150040352032,0.8104678233572543,0.621,0.9550504150510483
Kif3a,0.024966372092801517,0.8102076975709885,0.474,0.9549586556135133
Atp6v1c1,0.024979520315670547,0.8101096235959151,0.695,0.9549368005611774
Scamp2,0.024983573069490637,0.8100793942708817,0.789,0.9549368005611774
Ddx20,0.024996469332310898,0.8099832034284974,0.337,0.9549368005611774
Ddx56,0.024998435680755555,0.8099685370466807,0.516,0.9549368005611774
ENSMUSG00000121502,0.02505787471909536,0.8095252307423844,0.137,0.9548103581064646
Atp1b2,0.02508200397014847,0.8093452878946595,0.526,0.9546919021270436
Uba5,0.025098671551799547,0.8092209959143474,0.642,0.9546390742723099
Polk,0.025235332403821666,0.808202079806545,0.389,0.954280890179682
Hhex,0.025252114316243243,0.8080769792305382,0.179,0.9542270151082879
Vps33b,0.02531882411829312,0.8075797395307454,0.347,0.9540731369627838
Birc2,0.025353932151124157,0.8073180829347337,0.611,0.9539876214740033
Birc6,0.025354265250394203,0.8073156004812878,0.863,0.9539876214740033
Sptlc1,0.025404146028457097,0.8069438808814285,0.589,0.9539209587223897
Pde8a,0.02542076427436081,0.8068200485546163,0.579,0.9538684839499092
Cpped1,0.025452333879672363,0.8065848179751552,0.484,0.9537703049620071
Nsmce2,0.025464435247145454,0.8064946531588588,0.811,0.9537655176281313
Mettl7a1,0.025478480557796824,0.8063900075915152,0.305,0.9537356994829909
Xrn2,0.02551658491006769,0.8061061256345611,0.853,0.9535878079304605
Ccdc85b,0.025571842075221642,0.8056944978402845,0.832,0.9532280076611671
Ccdc166,0.025587273029689855,0.8055795573205533,0.179,0.9532280076611671
Slc25a37,0.02561716173517056,0.8053569371358249,0.421,0.9532280076611671
Saysd1,0.025631759427714552,0.8052482147144913,0.495,0.9532280076611671
Hyls1,0.025655327552509977,0.8050726890656752,0.137,0.9532280076611671
Fam133b,0.025677120479291698,0.80491039295707,0.726,0.9532280076611671
Gm11973,0.025677518619421774,0.8049074280080036,0.2,0.9532280076611671
Slc38a4,0.025702766428411447,0.8047194132440958,0.326,0.9532280076611671
Rere,0.025718642274053804,0.8046011950753653,0.874,0.9532280076611671
Sgms1os1,0.02578055790535297,0.8041401874792725,0.126,0.9532280076611671
Htra1,0.025788977856822493,0.8040774998950847,0.8,0.9532280076611671
Ric1,0.0258255876366812,0.8038049499543239,0.6,0.9530251835787071
Abcd1,0.025828760381491896,0.8037813308290218,0.326,0.9530251835787071
Ube3a,0.02589065299588368,0.8033206138262258,0.842,0.9529302582726279
Coa7,0.025906127785579422,0.8032054328957235,0.358,0.9529302582726279
Rbm26,0.025910484559659816,0.8031730056016634,0.726,0.9529302582726279
Gan,0.025963890825857757,0.8027755320159697,0.453,0.9527454594164029
Eri2,0.025964417491082168,0.8027716125849206,0.232,0.9527454594164029
5930430L01Rik,0.02601124421960478,0.8024231486173075,0.221,0.952703920246021
Gm38134,0.0260158246851968,0.8023890648761802,0.105,0.952703920246021
Mrpl19,0.02614220272331551,0.8014488182812516,0.568,0.952394691320565
Ccdc22,0.026145144184640992,0.8014269373119443,0.295,0.952394691320565
Tvp23a,0.026193904988948545,0.8010642373333533,0.337,0.9523146829367894
Metrnl,0.02621209676926399,0.8009289312861675,0.716,0.9523146829367894
Setd2,0.026222803914925357,0.800849296881541,0.821,0.9523146829367894
Pwwp3b,0.02631411601816366,0.8001702458405024,0.126,0.9517230452508086
Setdb2,0.02631610655448388,0.8001554446828417,0.316,0.9517230452508086
Ftx,0.026344558238051707,0.7999438924070401,0.474,0.9516423576866472
Slc35a1,0.026442936628906944,0.7992125120067094,0.621,0.9511943291999866
A630089N07Rik,0.02645730715515316,0.7991056908240726,0.411,0.9511943291999866
Rraga,0.026473371118161136,0.7989862861074857,0.768,0.9511943291999866
Zdhhc9,0.026531645656891183,0.7985531656517649,0.495,0.9511358525344601
Klf4,0.026539144708800987,0.7984974340244082,0.495,0.9511358525344601
Gm57204,0.026540572454801438,0.7984868233831223,0.116,0.9511358525344601
0610030E20Rik,0.026554590980529178,0.7983826432481994,0.547,0.9511358525344601
Il17re,0.026562076716489087,0.7983270136675673,0.295,0.9511358525344601
Pou2af3,0.026593954122645615,0.7980901308414002,0.105,0.9511358525344601
Tcirg1,0.026621867259933263,0.797882721739731,0.526,0.9511358525344601
Shoc2,0.026646268128902154,0.7977014221116825,0.8,0.9510787046069099
Ebf4,0.02665365299904319,0.7976465542875009,0.126,0.9510787046069099
Map2k3os,0.026653939873924937,0.7976444228953792,0.116,0.9510787046069099
9130401M01Rik,0.026784445559622536,0.7966749599412732,0.568,0.9504709017240942
Lcor,0.026854761127467427,0.7961527477734941,0.747,0.9500666290706706
Dph2,0.026916690821280353,0.7956928892817969,0.158,0.9500666290706706
Fam120b,0.026970598506207977,0.7952926549785561,0.653,0.9499680569366815
Tnfrsf10b,0.027000312098413387,0.7950720708807174,0.242,0.9499349419327785
Dpy30,0.027039907531534988,0.7947781522408032,0.758,0.9497314165958721
Gnai3,0.02705879608595091,0.7946379517645568,0.853,0.9496583942308185
Acp5,0.027112286957292453,0.794240950679006,0.621,0.9493729312894799
Tctn1,0.027214417430118768,0.793483099588485,0.158,0.949128469491825
BC002059,0.027249920351329556,0.7932196978628429,0.274,0.9491134992013488
Atp8b2,0.027268753434546173,0.7930799816907389,0.579,0.9491134992013488
Mlkl,0.027278859570897943,0.7930050104319397,0.537,0.9491134992013488
Retreg2,0.027280251428928634,0.792994685233974,0.684,0.9491134992013488
Wdr4,0.02728164586229074,0.792984340967271,0.432,0.9491134992013488
Vps28,0.027353704023127916,0.7924498437400518,0.768,0.9491134992013488
Neu3,0.027361951090439107,0.7923886765659592,0.253,0.9491134992013488
Thra,0.027420552736619166,0.7919540737854529,0.758,0.9490959740435105
Tmem138,0.027443366583540064,0.7917848984372029,0.579,0.9490270130399329
Glul,0.02745859050420317,0.7916720113085116,0.632,0.9490270130399329
Psmd2,0.02747062459412528,0.7915827801839144,0.863,0.9490270130399329
Nop58,0.027472080140952194,0.7915719876861137,0.779,0.9490270130399329
Fam120c,0.027476526197526656,0.7915390215865947,0.495,0.9490270130399329
Pja1,0.02750094198667758,0.7913579927916291,0.621,0.9490270130399329
Yipf3,0.027522177355581483,0.7912005539525603,0.832,0.9490270130399329
Cybb,0.02752317095039564,0.7911931876544706,0.158,0.9490270130399329
Usp15,0.027564201078638696,0.7908890151427752,0.789,0.9490270130399329
Npepl1,0.027578867807698852,0.7907802924980176,0.474,0.9490270130399329
Pianp,0.027600359330464858,0.7906209857378115,0.158,0.9490270130399329
Mettl26,0.027604010079993344,0.7905939252678258,0.495,0.9490270130399329
Rps6ka3,0.027632022294999257,0.7903862984445719,0.758,0.9490270130399329
Lsm1,0.027659133899020576,0.7901853608960324,0.747,0.9490270130399329
Rarres1,0.027691335348621417,0.7899467178055042,0.316,0.9490270130399329
Wnk4,0.027752269850180887,0.7894951887673294,0.137,0.9490270130399329
Ccdc115,0.02779155284378444,0.7892041358133063,0.411,0.9489259021340244
Nr6a1os,0.02779352714913876,0.7891895086842352,0.126,0.9489259021340244
Cyth3,0.02780325900425593,0.7891174088991171,0.632,0.9489259021340244
Rtl8b,0.027811555064569875,0.7890559477997471,0.368,0.9489259021340244
Lrch1,0.02783798442593802,0.7888601553276837,0.516,0.9489259021340244
Cdh24,0.02784203243212155,0.7888301682797351,0.126,0.9489259021340244
Rnf135,0.027886661615139224,0.7884995821186728,0.326,0.9488388938162862
Rrm2b,0.02799059431979589,0.7877298564393501,0.389,0.9482927999064846
Cand1,0.02801266750008343,0.7875664086787588,0.758,0.9482861882276231
Atp5g1,0.028017098740971698,0.7875335972800745,0.884,0.9482861882276231
Pip5k1c,0.02804793795396036,0.787305256688091,0.621,0.9482861882276231
Tmem140,0.02804793795396036,0.787305256688091,0.621,0.9482861882276231
3110082I17Rik,0.028096241903090294,0.7869476393494435,0.421,0.9482067542065999
Ccz1,0.028159265697752563,0.7864811103880689,0.726,0.9478348582183622
Dapk2,0.02816273181382631,0.7864554549070428,0.158,0.9478348582183622
Trim23,0.028180189564739836,0.7863262396794668,0.432,0.9478348582183622
Ddr1,0.028276525039742154,0.7856133075740673,0.8,0.947546157859209
Blmh,0.02830463291751526,0.78540532811135,0.8,0.947546157859209
Smim30,0.028440792682890136,0.7843980506309312,0.821,0.946845017987895
Hand2,0.028470982199347628,0.78417476383733,0.4,0.9468293265806684
Rbm12b2,0.028471871019265172,0.7841681902389716,0.242,0.9468293265806684
Myo1g,0.028472258469706743,0.7841653247098335,0.168,0.9468293265806684
Tmem177,0.028472258469706743,0.7841653247098335,0.168,0.9468293265806684
Osbp,0.028478234816859252,0.7841211248490033,0.632,0.9468293265806684
Ncf2,0.02849499560128465,0.7839971691158544,0.284,0.9468293265806684
Lfng,0.028508231783669433,0.7838992836713409,0.326,0.9468293265806684
Mrto4,0.02851415476984709,0.783855482543552,0.611,0.9468293265806684
2610029K11Rik,0.02851520305261731,0.7838477304484768,0.168,0.9468293265806684
Tmem71,0.028548673714172402,0.7836002246000153,0.158,0.9468293265806684
Cyth4,0.028556185830392045,0.7835446776348842,0.211,0.9468293265806684
Carmil1,0.028578431385572617,0.78338019332458,0.474,0.9468293265806684
Polr2i,0.028579957546108283,0.7833689091962592,0.674,0.9468293265806684
Rab27b,0.02861811695984619,0.7830867806372613,0.126,0.9468293265806684
Cops4,0.028625792405185327,0.783030036237294,0.747,0.9468293265806684
Ezr,0.02871057555714266,0.7824033118505804,0.779,0.9468293265806684
Abhd8,0.028738455759303543,0.7821972493215696,0.337,0.9468293265806684
Atf6b,0.028753985661173747,0.7820824743616304,0.526,0.9468293265806684
Tfap4,0.028769211942941596,0.7819699478616335,0.158,0.9468293265806684
Chmp4b,0.02878809332465986,0.7818304153813771,0.863,0.9468293265806684
Txndc9,0.028819816079947408,0.7815960013370143,0.821,0.9468293265806684
Zdhhc4,0.028901988995172746,0.780988878641939,0.442,0.9468293265806684
Ptprb,0.02895064010214626,0.7806294888396036,0.221,0.9466738988483103
C1qc,0.02895765394072572,0.7805776808268741,0.126,0.9466738988483103
C77080,0.0290340281510206,0.7800136015998582,0.537,0.9465005876108638
Setd1a,0.02906292725158729,0.7798001903625472,0.421,0.9463372635620684
Igf2r,0.029068981443646016,0.7797554840277428,0.789,0.9463372635620684
Rhoh,0.02916928177965053,0.7790149345979882,0.179,0.9459099102714206
Gramd1c,0.02917208846649851,0.7789942147670516,0.147,0.9459099102714206
Nfkb2,0.02917495656547207,0.7789730417324163,0.6,0.9459099102714206
Cnnm2,0.029179755489445736,0.7789376152184033,0.179,0.9459099102714206
Otulinl,0.029207650479691066,0.7787316983658524,0.242,0.9459099102714206
Zfp119a,0.02922165032862657,0.7786283592288656,0.179,0.9459099102714206
Fam110b,0.029356881270706223,0.7776303577311646,0.284,0.9459099102714206
Cog1,0.029365182813303487,0.7775691042602924,0.368,0.9459099102714206
Dcxr,0.0293831317038708,0.7774366718557282,0.358,0.9459099102714206
Mrps21,0.029393143002174132,0.7773628081980106,0.853,0.9459099102714206
Sh3bgrl,0.02942165222524328,0.7771524771466948,0.905,0.9459099102714206
Lefty1,0.029449885417134187,0.7769441983917865,0.526,0.9459099102714206
Sort1,0.02953114324535845,0.7763448402718366,0.274,0.9454886395317924
Top3b,0.029535783244742604,0.7763106195647458,0.463,0.9454886395317924
Apol9b,0.029550093194733774,0.7762050841791343,0.295,0.9454886395317924
Zfhx4,0.029591534461880096,0.7758994792047562,0.684,0.9452338724443493
Manf,0.029594360582556944,0.7758786394694428,0.895,0.9452338724443493
Pnma8b,0.029601337473355773,0.7758271927503658,0.189,0.9452338724443493
Mri1,0.02968768389635703,0.7751905652052475,0.663,0.9448495702384943
Them6,0.029708635010577765,0.7750361161544356,0.137,0.9447572230118079
Naip2,0.029739638825768907,0.7748075758887856,0.147,0.9447572230118079
D2hgdh,0.029798474053252467,0.7743739330617935,0.274,0.9446213364089153
Akap1,0.029862792593619847,0.7738999549083587,0.295,0.9445073693833237
Mctp2,0.02986687510716538,0.7738698727213953,0.368,0.9445073693833237
Amdhd2,0.029931609596695948,0.7733929183630814,0.368,0.94448014348917
Bcat2,0.02993373641478095,0.7733772497020852,0.537,0.94448014348917
Cdkn1c,0.029947765503141453,0.7732738970978525,0.253,0.94448014348917
Mon1a,0.029954470375890514,0.7732245035486747,0.358,0.94448014348917
Cdk11b,0.029958187437180317,0.7731971210395137,0.758,0.94448014348917
Dus4l,0.029986231143676653,0.7729905401662979,0.179,0.94448014348917
Lrwd1,0.029988591467052995,0.7729731538259664,0.4,0.94448014348917
Dcun1d5,0.030017037523326885,0.772763626603131,0.853,0.94448014348917
Thnsl2,0.030048806272695888,0.7725296444352644,0.211,0.94448014348917
Zadh2,0.030063470442452837,0.7724216472265313,0.695,0.94448014348917
Urod,0.030186248132319123,0.7715175967289777,0.579,0.9437257318586832
Wnt5b,0.030224084513915866,0.7712390570795771,0.137,0.9435772731153945
Gm15675,0.03023298636904004,0.7711735286109231,0.168,0.9435772731153945
Selenow,0.030272057764213562,0.7708859346773749,0.916,0.943566059778369
Sema3b,0.03029606566723817,0.7707092343850893,0.2,0.943566059778369
Ficd,0.03035708719007981,0.7702601632815886,0.158,0.9435333381475245
Tfcp2,0.03035795745224182,0.7702537593743437,0.474,0.9435333381475245
Atxn7l1,0.03042404010375473,0.7697675289134425,0.589,0.9431681459778596
Klhl36,0.03044179293689651,0.7696369202600558,0.316,0.9431547766444673
Epm2a,0.03045690990923544,0.7695257088598774,0.105,0.9431547766444673
Ctso,0.03046271895155945,0.769482974576417,0.579,0.9431547766444673
Fech,0.030546303694717076,0.7688681588158262,0.695,0.9427900309335809
Bach2,0.030574705650732618,0.7686592779730607,0.695,0.942726450523242
Trim27,0.030631559683017354,0.768241197330884,0.674,0.9425025090785659
Zcchc8,0.03066709543366046,0.7679799160365213,0.568,0.9424702058410104
Atf1,0.030680909173809317,0.7678783556884583,0.779,0.9424702058410104
Ccnc,0.030756974338210678,0.7673191853466503,0.368,0.9421931465619926
Cript,0.030775869729583356,0.7671802999836543,0.758,0.9421931465619926
Smim13,0.030778014160211007,0.7671645384024867,0.421,0.9421931465619926
Rbm10,0.030804747192215376,0.7669680583725379,0.632,0.9421931465619926
Nptn,0.03085002372784909,0.7666353225935567,0.905,0.9420724919026543
Adgrb2,0.030850542675184136,0.7666315091118342,0.379,0.9420724919026543
Gemin2,0.0308832244016814,0.7663913588257049,0.316,0.9420619415868384
Trappc6b,0.030893009005017333,0.7663194643688169,0.811,0.9420619415868384
Utp14b,0.030911516281007464,0.7661834836303406,0.116,0.9420619415868384
Ciao2a,0.03092601629576714,0.7660769508753635,0.747,0.9420619415868384
Lrig3,0.030946651472194872,0.7659253501054708,0.411,0.9420619415868384
Azi2,0.03098246350780596,0.7656622702037148,0.747,0.9419530604361419
C5ar1,0.030982482125098004,0.7656621334455621,0.105,0.9419530604361419
Zfp248,0.031040755699264316,0.7652341050059879,0.158,0.9418929675865603
Afg3l1,0.031078007720092594,0.7649605200766977,0.621,0.9417493042715994
Mfsd13a,0.031078845811510124,0.7649543653280582,0.295,0.9417493042715994
Wdr33,0.031142718289870596,0.7644853436781749,0.863,0.9416470580163978
Atg16l2,0.031170772200441725,0.7642793680073294,0.274,0.9414899324575772
Ccl9,0.031215269759871947,0.7639526944585155,0.147,0.9414177349503742
2810405F17Rik,0.031226425778572736,0.7638708003495025,0.116,0.9414177349503742
S100a16,0.03125307364555393,0.7636751941896132,0.884,0.9413691777058883
Pxn,0.03127055357311344,0.763546892484637,0.695,0.9413602565009792
Polr3gl,0.031301840387211746,0.7633172649447,0.463,0.9412704529311916
Cd86,0.031351481846096846,0.7629529667224701,0.147,0.9409178586110004
Ddx55,0.031358612132988205,0.7629006447232709,0.316,0.9409178586110004
Slc49a4,0.03139646007520364,0.7626229346135768,0.442,0.9407979374186549
Blvra,0.031542881119533676,0.7615488503484426,0.568,0.9403211495743354
Khdrbs3,0.03154723789150359,0.7615168977818125,0.516,0.9403211495743354
Star,0.031589953816964514,0.7612036403710781,0.389,0.9403211495743354
Rnf220,0.03164527418132167,0.7607980054844444,0.474,0.9401131525319103
Cyria,0.03169755151160754,0.76041474299189,0.642,0.9401050060856285
Usp34,0.03170167700629078,0.7603845000799845,0.874,0.9401050060856285
Pigv,0.031738735460916184,0.7601128504964132,0.2,0.9399253342853174
Ogfr,0.03185773278964723,0.75924076132007,0.726,0.9393306358753303
Zfp113,0.03187647012935342,0.7591034694221597,0.326,0.9393306358753303
Cnot9,0.031882809304142154,0.759057022825677,0.432,0.9393306358753303
Msh5,0.031944419433021565,0.7586056551971592,0.116,0.9390286703043599
Neurl4,0.032020377024610296,0.7580492866906118,0.242,0.9388239077147164
Npat,0.03203597583705236,0.7579350449177538,0.547,0.9387792535926831
Rap2b,0.03204203615214234,0.7578906620992192,0.674,0.9387792535926831
Pdcd11,0.03206134577192467,0.7577492530135165,0.6,0.9387428065345949
Ctr9,0.03222891324013437,0.7565224506493562,0.568,0.9386731714289008
Eya3,0.03225675365317859,0.7563186825612546,0.537,0.9385198864730243
Poglut3,0.0322695883174396,0.7562247493738632,0.632,0.938500316871522
Mrc1,0.03227416776582876,0.7561912345762878,0.137,0.938500316871522
Rin1,0.03232882674550635,0.7557912464362093,0.305,0.9382203386259772
Psmd8,0.03237452176364428,0.7554569049431521,0.895,0.9379483374985385
Ube2q2,0.03240047401840951,0.7552670374373759,0.716,0.9378934035071437
Id1,0.03241432203293887,0.755165730880712,0.505,0.9378645977125268
Gtf3c3,0.03242304868000144,0.7551018923354861,0.6,0.9378645977125268
Acad10,0.032444854877446805,0.7549423793936898,0.211,0.9378645977125268
Rtn4,0.03256136463028614,0.7540902816606753,0.916,0.937207536683545
Gm46367,0.03258859724377365,0.7538911575046127,0.253,0.9371139826946626
Zfp655,0.03266755511323802,0.7533139106751321,0.474,0.9366304365202766
ENSMUSG00000121395,0.0327136027083458,0.7529773275527432,0.147,0.9364058800544576
Etv5,0.032788611295811114,0.7524291540902333,0.516,0.9360150075799244
Glod4,0.032805977490032286,0.7523022569623182,0.758,0.9359541186764642
Anapc16,0.03283361894391389,0.7521002907084295,0.726,0.935799812490789
Idh3g,0.03283361894391389,0.7521002907084295,0.726,0.935799812490789
Rnf31,0.032886644126474365,0.7517129013435788,0.316,0.9355116922089916
Cops7a,0.032898928505915526,0.7516231633668843,0.621,0.9355116922089916
Cdk8,0.03292503682734462,0.7514324518096925,0.947,0.9354535457624654
Ppp3ca,0.03294876160457417,0.751259164105418,0.895,0.9353347971188049
Stx11,0.03305267289914237,0.7505003330384719,0.463,0.9350488700277589
Trnp1,0.03306628223153134,0.7504009659885599,0.232,0.9350488700277589
Sytl2,0.03308060299426289,0.750296408906473,0.126,0.9350488700277589
Ranbp10,0.0331168983800693,0.7500314334847364,0.632,0.9350488700277589
Gm12185,0.033128344082238644,0.7499478798500108,0.179,0.9350488700277589
Uspl1,0.033197702731054976,0.7494416234282771,0.4,0.9347779158461306
Rab10,0.03321703075922292,0.749300564929678,0.863,0.9347779158461306
Gtpbp10,0.033321200791342556,0.7485404604601291,0.326,0.9342181094920142
Ttc1,0.03336070371561633,0.7482522796293118,0.684,0.9341176328177573
Snapc4,0.03336743401277933,0.7482031843674468,0.158,0.9341176328177573
Aif1l,0.03337383570727266,0.7481564870839708,0.105,0.9341176328177573
Zfp943,0.033378874803714785,0.7481197299374478,0.484,0.9341176328177573
Ptprf,0.03339310248212262,0.7480159507093633,0.811,0.9341176328177573
Mrps18a,0.03341122861404739,0.7478837419716377,0.779,0.9341176328177573
Foxj2,0.03343203900426336,0.7477319637325235,0.547,0.9341176328177573
Gstp1,0.03348332763028841,0.7473579369917931,0.863,0.934117626213857
Bvht,0.033492897899616604,0.7472881514503911,0.126,0.934117626213857
Dctn3,0.033494437976987104,0.7472769215353458,0.821,0.934117626213857
Gm28198,0.03349947569742357,0.7472401879232342,0.221,0.934117626213857
Btrc,0.03349981335220299,0.7472377258616494,0.589,0.934117626213857
Spry2,0.03352799534084631,0.7470322415165258,0.568,0.934117626213857
Bcl2l1,0.03352985957871635,0.7470186493556144,0.6,0.934117626213857
Gid4,0.03355784680972088,0.7468146037209162,0.589,0.934117626213857
Igf2bp3,0.03361013473281815,0.746433436572604,0.179,0.9340725662248313
Tnpo3,0.033650239023002994,0.7461411267018674,0.737,0.9338040971762894
Arrdc4,0.033659515083174364,0.7460735209975784,0.379,0.9338040971762894
Ppm1k,0.03371941851321472,0.745636979647611,0.295,0.9334650416670697
Tomm34,0.03376315181766823,0.7453183274865534,0.632,0.9331634158635085
Sh2b1,0.03376680620644449,0.7452917026050643,0.4,0.9331634158635085
Nol7,0.03377285612897503,0.745247625174922,0.842,0.9331634158635085
Klra2,0.03379429347996271,0.7450914474100572,0.105,0.9331634158635085
Acad8,0.033802803799056466,0.7450294499482559,0.421,0.9331634158635085
Kifap3,0.03382672961451236,0.7448551596873045,0.695,0.9331634158635085
Hlcs,0.03383371262075741,0.7448042936247187,0.474,0.9331634158635085
Boc,0.033838573165441366,0.7447688887792014,0.579,0.9331634158635085
Tnip1,0.03385906179109141,0.7446196527726394,0.716,0.9331634158635085
Prss23,0.0339086770227058,0.744258302119968,0.537,0.9331634158635085
Tshz1,0.03391771853382446,0.7441924582257855,0.747,0.9331634158635085
Nup210,0.03392622049934891,0.74413054519624,0.168,0.9331634158635085
Cox6c,0.03398955606967086,0.7436693740140006,0.916,0.9331634158635085
Lrg1,0.03400761752748231,0.7435378780064822,0.147,0.9331634158635085
Metap1,0.034011816687522824,0.7435073071772986,0.642,0.9331634158635085
Wnt9a,0.03405531377572201,0.7431906620047073,0.211,0.9331634158635085
Pkp2,0.03414771921988427,0.7425181211972567,0.126,0.9331634158635085
Yrdc,0.034155641749055436,0.7424604688218388,0.568,0.9331634158635085
Adm,0.03418388799681232,0.7422549319802683,0.168,0.9331634158635085
Arhgap12,0.03420761618554635,0.7420822852511337,0.674,0.9331634158635085
Med8,0.034224356998729964,0.7419604864730732,0.695,0.9331634158635085
Sh3rf1,0.034230078053807844,0.7419188640553739,0.853,0.9331634158635085
Uqcr10,0.03423458891466334,0.7418860466927206,0.916,0.9331634158635085
As3mt,0.034255669123990654,0.7417326903193968,0.495,0.9331634158635085
Tomm5,0.03427213835860466,0.741612885336753,0.853,0.9331634158635085
Rc3h2,0.034272166428134285,0.7416126811510098,0.758,0.9331634158635085
Bcor,0.034312281757453475,0.7413208891290646,0.589,0.9331634158635085
Foxp2,0.03437242291741153,0.7408835012109589,0.105,0.9331572641393039
Nisch,0.03439434324182829,0.740724101996573,0.863,0.9331572641393039
Lmo4,0.03442724410427969,0.7404848755580316,0.758,0.9330466891410731
Ube2q1,0.03446676448011881,0.7401975504167543,0.779,0.9328804437760018
Exosc5,0.0345316980664487,0.7397255409490809,0.558,0.9326771574268208
Nol9,0.034558386253731234,0.7395315694932252,0.379,0.932628458660346
Sp1,0.034569682532852475,0.7394494723212107,0.684,0.932628458660346
Amd1,0.034587954596540155,0.7393166839148535,0.579,0.932628458660346
Mindy1,0.03459543620060072,0.73926231512605,0.716,0.932628458660346
Atrnl1,0.034609597246937435,0.7391594103653305,0.716,0.932628458660346
Kcnj8,0.03462584773777198,0.7390413277991847,0.337,0.932628458660346
Eeig1,0.034770039182913784,0.7379938405319386,0.358,0.9325850065643561
Wdr59,0.03481016257799193,0.7377024467600765,0.4,0.932378239815604
Echdc1,0.034813406769714235,0.737678887630222,0.547,0.932378239815604
Tasp1,0.03482460055359457,0.7375976008901894,0.526,0.932378239815604
Dpysl5,0.0348654212991118,0.7373011942872449,0.232,0.9323618156721379
Fermt3,0.03487035822575362,0.7372653490001386,0.242,0.9323618156721379
Fcho2,0.0348976124730136,0.7370674756221591,0.705,0.9323608491145454
Ppp2r2b,0.03492540613924653,0.7368657035718735,0.421,0.9323020550882493
Ctss,0.03499664400736092,0.736348623707054,0.347,0.9320174378518227
Sfmbt1,0.035001425608073844,0.7363139206753553,0.463,0.9320174378518227
D8Ertd738e,0.03501546556407543,0.73621202709536,0.874,0.9320174378518227
Zfx,0.035019611767165185,0.736181937312911,0.695,0.9320174378518227
Kbtbd3,0.0350974015237375,0.7356174761306075,0.179,0.9319994761950199
Scaf4,0.035125495576152174,0.7354136534233788,0.537,0.9318395669749376
Bag3,0.035194836706202715,0.7349106611035203,0.747,0.9313005074269096
Tmem179b,0.03521852223941628,0.7347388746731797,0.716,0.9311810922736825
Zkscan3,0.0352590243672414,0.7344451511042633,0.758,0.9311452057092285
Wdr82,0.03530866497495523,0.7340852069229844,0.642,0.9310298956943965
Cope,0.03531671906932858,0.7340268120803208,0.874,0.9310298956943965
Bbs10,0.03533609865296263,0.7338863099045955,0.126,0.9310298956943965
Psmb2,0.03540779571045163,0.7333665817610489,0.874,0.930817393996291
Knop1,0.03557249202389781,0.732173162524457,0.768,0.9302860489345137
Erg,0.03558123901389542,0.7321097980427206,0.105,0.9302860489345137
Pex16,0.03560396924181188,0.7319451453319592,0.368,0.9302860489345137
Mrpl15,0.035606743215475946,0.7319250521153836,0.779,0.9302860489345137
Pde1a,0.03562439998645424,0.7317971599265272,0.505,0.9302860489345137
Gas7,0.03565049277921444,0.7316081770469216,0.495,0.9302860489345137
9330159M07Rik,0.03574839355831635,0.7308992516624119,0.126,0.9301635441009789
Ubxn1,0.03576444482096608,0.7307830417853963,0.842,0.9301635441009789
Lsm2,0.03576969827841398,0.730745008487508,0.705,0.9301635441009789
Galk2,0.03578646457958486,0.730623630357176,0.695,0.9301635441009789
Ttc38,0.03588963691956389,0.7298768696289994,0.253,0.9294338289994057
Tmem259,0.03599215357625101,0.7291351042424219,0.747,0.9288833099881972
Tatdn1,0.036003079866213504,0.7290560611122645,0.537,0.9288833099881972
Ccdc50,0.036079069030130945,0.7285064175780462,0.895,0.9288833099881972
Csf2rb,0.036096202849597386,0.7283825044838543,0.147,0.9288833099881972
Abl2,0.03615315129763964,0.7279706991386419,0.716,0.928680852587938
Nudt16l1,0.03617822969320169,0.7277893768573231,0.516,0.928646870130274
Iqgap2,0.03623510886946828,0.7273781835476341,0.421,0.9283194993469859
Krcc1,0.03627701288725284,0.7270752986684367,0.853,0.9281302478324387
Gtpbp8,0.036282088005473404,0.7270386182416302,0.453,0.9281302478324387
Dctn1,0.03632610174388019,0.7267205346824561,0.695,0.9279733553049294
Smg5,0.036356417726002746,0.7265014705946791,0.463,0.9278909857919703
Arsg,0.0364140310507888,0.7260852158329023,0.147,0.9275151463337598
Slc30a1,0.03642490729963389,0.7260066441446609,0.411,0.9275151463337598
Zcchc4,0.036446852159054355,0.7258481197531199,0.295,0.9275151463337598
Ykt6,0.03653357276220241,0.7252217840464694,0.621,0.9271441610994419
Ddrgk1,0.036570135629197996,0.724957764522278,0.758,0.9271027669207575
mt-Co2,0.03660414333706607,0.7247122246088176,0.989,0.9268874819853082
Gm10369,0.03669424657648075,0.7240618026332535,0.126,0.9265490849640279
Zfp507,0.03670285984454747,0.7239996368884528,0.421,0.9265490849640279
Rfk,0.03670630833081802,0.7239747481479639,0.621,0.9265490849640279
Glrx5,0.03671857432773784,0.7238862231643681,0.779,0.9265490849640279
Ggact,0.03674068037671169,0.7237266906698011,0.316,0.9265490849640279
Sap30bp,0.03679180086168732,0.7233578152260645,0.642,0.9264381106580647
Aph1a,0.03679334532174484,0.7233466716870696,0.821,0.9264381106580647
Slc4a7,0.0368148605678683,0.7231914415706207,0.674,0.9264381106580647
Slc35b2,0.036818720475465354,0.7231635939501845,0.716,0.9264381106580647
Fgr,0.036848137933637885,0.7229513711317079,0.189,0.9264381106580647
Lman2,0.036865857154408245,0.7228235516101408,0.853,0.9264381106580647
Smad5,0.036867085362852686,0.7228146920771896,0.747,0.9264381106580647
1700028E10Rik,0.036888267708411915,0.7226619015441482,0.126,0.9264381106580647
Sbno1,0.03695362886665179,0.7221905130882961,0.811,0.9263725985777048
Gm10762,0.03699783866582541,0.7218717282631596,0.221,0.9263725985777048
Snx24,0.037000050558690226,0.7218557801535134,0.779,0.9263725985777048
Zfp503,0.03701427675963495,0.7217532097585659,0.832,0.9263725985777048
Catspere2,0.03702076053377382,0.7217064636138244,0.116,0.9263725985777048
Slc25a25,0.03704165889720125,0.7215557993903072,0.305,0.9263725985777048
Myc,0.037045877226272214,0.7215253891459892,0.421,0.9263725985777048
Rpl10-ps3,0.03707197536131353,0.721337255401406,0.463,0.9263725985777048
Usp35,0.037127610813294125,0.720936251245169,0.158,0.9263725985777048
Tsbp1,0.037252941377617234,0.7200331816562591,0.137,0.9258340557021528
Zfp369,0.03725342924106694,0.7200296671051961,0.347,0.9258340557021528
Srsf5,0.037277695489575255,0.7198548612544312,0.905,0.9258340557021528
Atp1b3,0.037363570761170556,0.7192363606076568,0.853,0.9254040914933707
Dcakd,0.03737354664152226,0.7191645229033758,0.589,0.9254040914933707
Usp10,0.037387372842936195,0.7190649625362824,0.558,0.9253818869424589
Smim27,0.03739604878678634,0.719002490782837,0.568,0.9253818869424589
Cd24a,0.037403154299698975,0.7189513284052984,0.232,0.9253818869424589
Asah1,0.03740715005352039,0.7189225580124295,0.832,0.9253818869424589
Ltbr,0.03746217998450193,0.7185263690921875,0.695,0.9251845698326965
Atp13a2,0.03751182009984668,0.7181690480840095,0.379,0.9249228531958277
Adck1,0.03752523184220672,0.7180725176669834,0.347,0.9248977386427236
Cdc42se2,0.03754748517770351,0.7179123600454956,0.611,0.9248046987417985
Atf5,0.0375842113692092,0.7176480677140246,0.674,0.9247478374160005
Svep1,0.037615846953153766,0.7174204355209801,0.126,0.9247478374160005
Klhl25,0.03762974694018649,0.7173204266941546,0.211,0.9247478374160005
Arhgef10l,0.037694907049634845,0.7168516706873009,0.558,0.9247478374160005
Grik5,0.03779690428779826,0.7161181223674247,0.253,0.9247345473284672
Wdyhv1,0.03785349275299909,0.7157112579955602,0.368,0.9245341661917904
Slain2,0.03791189782163218,0.7152914157415513,0.674,0.9241906842579152
Brdt,0.0379357768782385,0.7151197865892889,0.179,0.92416782666856
Zfp715,0.038047056702833024,0.7143201571321391,0.232,0.9237715030141675
Txnl4b,0.03807297467838239,0.7141339611931692,0.137,0.9236891599748338
Lgals9,0.03813501036121072,0.7136883619870424,0.758,0.9235107406378293
Fam222b,0.03820739294439916,0.7131685629499578,0.505,0.9230983469311003
Rabepk,0.03827448657782397,0.712686862279051,0.526,0.9229110391916053
Rcc2,0.03828292952696702,0.7126262538639148,0.8,0.9229110391916053
Rbm5,0.03836828650463297,0.7120136119934882,0.832,0.9225056719261807
Inpp1,0.03837162949085809,0.7119896217348354,0.505,0.9225056719261807
Slc35b3,0.038383282809461274,0.7119059962641434,0.621,0.9225056719261807
Ica1,0.03845115741761247,0.7114189885356121,0.2,0.9223475329723965
B3gntl1,0.038466668254544326,0.7113077128376661,0.305,0.9223187589678031
Cog8,0.038480372709529,0.711209401269412,0.579,0.9222908824972276
Cnpy2,0.03853751931820657,0.7107994999237303,0.884,0.9222434340369916
Tmem38a,0.038600138943159994,0.7103504361725903,0.137,0.9220237756467186
Gm20186,0.0386080414969042,0.7102937716610975,0.905,0.9220237756467186
Arpc5l,0.03864309319642196,0.7100424557736003,0.768,0.9219725063775946
Ino80c,0.0386857861983974,0.7097363946987302,0.463,0.9218433562145404
Pink1,0.03869814337020917,0.7096478161918351,0.516,0.9218433562145404
Vps37c,0.038761909351090036,0.7091907911553652,0.463,0.9215642672513497
Fbxo6,0.03877274644184528,0.7091131295337287,0.389,0.9215630854325664
Clcn3,0.03877335081369021,0.709108798523693,0.779,0.9215630854325664
Aida,0.038825473873248015,0.7087353124700544,0.695,0.9213712534460744
Gm7072,0.03887694619826992,0.7083665568258468,0.453,0.9211910806680323
Rusc1,0.038904472334209975,0.708169382950419,0.305,0.9210344216947227
Map3k5,0.038923081461385074,0.7080360938589819,0.621,0.9210344216947227
Zfp592,0.03895433284849599,0.7078122735502048,0.558,0.9210344216947227
Poglut1,0.03895686316344542,0.7077941526930656,0.442,0.9210344216947227
Zfp335os,0.03899745841700207,0.7075034519416674,0.105,0.9210344216947227
Miga1,0.039015750233679966,0.7073724787844212,0.316,0.9210344216947227
Vapb,0.0390418422268408,0.7071856695073563,0.8,0.9210344216947227
Cdk5rap1,0.03904812000638526,0.7071407254539821,0.274,0.9210344216947227
Lamb2,0.03905616579666671,0.707083125277238,0.716,0.9210344216947227
Tmem126a,0.03906747194701329,0.7070021868230434,0.811,0.9210344216947227
Cc2d2a,0.03910383087423912,0.7067419226736367,0.568,0.9210344216947227
Tet3,0.039130419187030085,0.7065516197950718,0.705,0.9210344216947227
Xpo4,0.03913481160719903,0.7065201832747999,0.611,0.9210344216947227
Dclre1b,0.03920930653801411,0.70598709862426,0.137,0.9210344216947227
Med10,0.039223712783214015,0.7058840241075531,0.779,0.9210344216947227
Prpf38b,0.039226098352707316,0.705866956229019,0.716,0.9210344216947227
Lamp2,0.03936941805528501,0.7048418234402396,0.926,0.920996384160078
Atp6v1e1,0.039369890043315266,0.7048384482884786,0.863,0.920996384160078
Dnajc13,0.03937898629858007,0.7047734027514265,0.747,0.920996384160078
Usp16,0.03942626727551187,0.7044353399745457,0.653,0.9208783898081464
Pigm,0.03942812035106497,0.7044220915049015,0.305,0.9208783898081464
Mgst3,0.03945071617735568,0.7042605508890185,0.432,0.9208783898081464
Slc25a27,0.039531477506878354,0.7036832845560548,0.158,0.9203840084601905
Exoc8,0.039536503917821604,0.7036473622933381,0.242,0.9203840084601905
Stox2,0.039549309243657765,0.7035558493819134,0.105,0.9203840084601905
9330020H09Rik,0.03955605827246537,0.7035076193315503,0.126,0.9203840084601905
Nhsl2,0.039564577320808925,0.703446742006226,0.674,0.9203840084601905
Yipf2,0.03958560798993706,0.7032964643440263,0.358,0.9203840084601905
Tmed3,0.03959453732460411,0.7032326619507157,0.895,0.9203840084601905
Naxe,0.039597657422954395,0.703210368530023,0.737,0.9203840084601905
Plcd3,0.03959999779274458,0.7031936465141277,0.232,0.9203840084601905
1110002L01Rik,0.039633000691699546,0.7029578548045723,0.211,0.9203840084601905
Gm17586,0.03967316184188346,0.702670958343784,0.189,0.9203840084601905
Was,0.03967482735557833,0.7026590614269701,0.158,0.9203840084601905
Arl4a,0.039688148564285444,0.702563909392101,0.779,0.9203840084601905
Mrpl58,0.03972173497449243,0.7023240254461641,0.716,0.9203840084601905
Slc35e3,0.03974574291866553,0.702152571575511,0.305,0.9202866419503505
Dhx30,0.039760670138644025,0.7020459756440531,0.568,0.9202473831395355
Mterf4,0.03982320310985007,0.7015994876544801,0.379,0.9198629666157832
Mccc2,0.039847687560909784,0.7014246952628921,0.326,0.9198346784645637
Zbed4,0.03986513407638801,0.7013001555713395,0.232,0.9197718151769606
Gm56730,0.039870505155198854,0.7012618164099462,0.937,0.9197718151769606
Bag4,0.03989732727033568,0.7010703693513257,0.347,0.9197718151769606
Zfp385a,0.03994593327176322,0.7007234839688868,0.421,0.9195490911388683
Hycc1,0.039949163478396346,0.7007004331986719,0.484,0.9195490911388683
Kdm6a,0.03995733530248309,0.7006421202328669,0.611,0.9195490911388683
Fbxo4,0.03996181689555215,0.7006101409636942,0.516,0.9195490911388683
Atp11a,0.039992026401045475,0.7003945888493355,0.526,0.9195490911388683
Nudcd1,0.040022268421536396,0.7001788285055592,0.537,0.9195064195413158
Nav2,0.0400243512726496,0.7001639693732666,0.168,0.9195064195413158
Dok3,0.0400486028487272,0.699990966097806,0.105,0.9195064195413158
Wfdc17,0.040108075063942705,0.6995667744719373,0.326,0.9195064195413158
Rcl1,0.040184510895329255,0.6990217235649456,0.537,0.9193635855290128
Tmem229b,0.040205267450715065,0.6988737384314867,0.147,0.9193635855290128
Mturn,0.040205412723147115,0.6988727027424404,0.189,0.9193635855290128
Abhd4,0.04026269193684049,0.6984643857007476,0.674,0.9193635855290128
Il17rc,0.04028637129261381,0.6982956115843593,0.411,0.9193554319749554
Stmp1,0.04030893690444097,0.6981347893100796,0.863,0.9193554319749554
Lin37,0.040317604279125625,0.698073021565714,0.389,0.9193554319749554
Fmod,0.040358495864762846,0.6977816356443627,0.158,0.9192971559983952
Tgm1,0.0403691822250744,0.6977054938274655,0.189,0.9192971559983952
Sf3a1,0.04037327859952879,0.6976763073783698,0.6,0.9192971559983952
Mapk8ip1,0.040430084462307246,0.6972716140127078,0.337,0.9192073198781929
Psmb3,0.040442682032592644,0.6971818785315309,0.884,0.9191899435080808
2700033N17Rik,0.04051230948785934,0.6966859808475474,0.179,0.9190676329030361
Cd84,0.04057389410248349,0.6962474717794225,0.189,0.918664109192915
Snap47,0.04060183752723878,0.6960485354483359,0.558,0.9185025568884677
Fxn,0.040627664770862514,0.6958646830414239,0.4,0.9184222925632469
Lat2,0.04066941513478744,0.6955675183699104,0.179,0.9182714890673462
Eml2,0.04068587173641568,0.6954503985969434,0.505,0.9182714890673462
Uck1,0.04070234200730474,0.6953331886979244,0.411,0.9182650238336975
Tpgs2,0.040717357845241914,0.6952263354429562,0.232,0.9182249048139451
Gm43305,0.040732826280765536,0.6951162677136666,0.211,0.9181805309612755
Rsl1d1,0.04086885428209254,0.694148614653067,0.8,0.9174069803125344
Afmid,0.04089152495455353,0.6939873914676695,0.358,0.9172948711308133
C230035I16Rik,0.040907946946741935,0.6938706144722967,0.137,0.917241491574245
Sash1,0.04096661076061048,0.6934535137599528,0.453,0.9168920096592614
Capn6,0.04097582955654899,0.6933879762681765,0.2,0.9168920096592614
Ktn1,0.0409958714555623,0.693245503865068,0.842,0.9168581016331028
Slc27a1,0.041021760514445366,0.6930614813886766,0.421,0.9168581016331028
Timm13,0.04105197254547754,0.6928467532421381,0.842,0.9168581016331028
Ascc1,0.04110392840012931,0.6924775404261108,0.505,0.916711998665525
Cul9,0.04115755524224953,0.692096528478206,0.411,0.9164096843226531
Armc10,0.041169475485006955,0.6920118470665833,0.611,0.9163986156091835
Eif3e,0.041177198349605974,0.6919569858539428,0.895,0.9163986156091835
Slc16a13,0.04120275866144067,0.691775423418934,0.116,0.9162876457794972
Nsdhl,0.04127384195738729,0.6912705894612834,0.316,0.9160335170668638
Med28,0.041306636892261626,0.691037725149309,0.779,0.9159167640873995
Eya4,0.04130810257551157,0.6910273185632205,0.305,0.9159167640873995
Erp44,0.041332238250060785,0.6908559596651437,0.789,0.9159167640873995
B3galt4,0.041372971717101144,0.690566794803634,0.158,0.9158992052587246
Cspp1,0.04140035932929721,0.6903723964741069,0.611,0.9158540641303813
Cdip1,0.041446387131344326,0.6900457346193887,0.632,0.9157642962449949
Rasl10a,0.041538375388678044,0.6893930591220455,0.158,0.9152523729409995
Paox,0.041639492944014984,0.6886758716586494,0.389,0.9145024542142672
Arl8a,0.04171831608923446,0.6881170006270949,0.705,0.9141565741136404
Ap5s1,0.041739812789436594,0.6879646140092314,0.253,0.9141467995802552
Snx15,0.04175929363607271,0.6878265282152901,0.442,0.9140822495053668
Caap1,0.04176971913761557,0.6877526334946994,0.495,0.9140822495053668
Setd4,0.04178543556631131,0.6876412428531704,0.411,0.9140383486037881
Vopp1,0.04189072709348901,0.6868951582047655,0.432,0.9133499628532248
Pdcl,0.041902049135490074,0.686814949258549,0.526,0.9133467595077659
Rnf25,0.04192326397468828,0.6866646659307581,0.484,0.9133467595077659
Rbfa,0.04202069392499667,0.6859746406193981,0.695,0.9129478032096837
Zfp93,0.0420895346434928,0.6854872472024767,0.147,0.9126907714748433
Zfp407,0.042094092899691536,0.6854549792156421,0.705,0.9126907714748433
Cfap298,0.04209610343902748,0.6854407467468306,0.463,0.9126907714748433
Ppt2,0.042191137952143354,0.6847681293526171,0.421,0.9123403161492314
C2cd5,0.04220519385505246,0.6846686679836421,0.547,0.9123090330129388
Ap2s1,0.042207759253273865,0.6846505154776972,0.884,0.9123090330129388
Gm13091,0.042211016986424085,0.6846274643360142,0.158,0.9123090330129388
Tmem50b,0.04221376588122772,0.6846080138689656,0.358,0.9123090330129388
Aftph,0.04231594467168944,0.6838851693002906,0.642,0.9116697266335728
Pnp2,0.04232711385307707,0.6838061722955411,0.232,0.9116656352156964
Trappc9,0.0423409424194664,0.6837083708004486,0.6,0.9116364695392544
Trip12,0.042347013959607646,0.6836654319387985,0.905,0.9116364695392544
Thg1l,0.042365850162794594,0.6835322258304418,0.221,0.9116040692598151
Ppp6r3,0.04241832130921428,0.6831612107963152,0.695,0.9112104707877535
H2bc6,0.042480763377673994,0.6827197910723314,0.211,0.9110163334438949
Dlat,0.042483361114185915,0.6827014292880235,0.663,0.9110163334438949
Helz,0.04248883706226161,0.6826627238208083,0.779,0.9110163334438949
Arhgap25,0.04250040312033589,0.6825809745238401,0.211,0.9110163334438949
Hacl1,0.04251041061603435,0.6825102441555574,0.221,0.9110163334438949
B3galt1,0.042563385817398366,0.682135874962252,0.126,0.9110163334438949
BC005537,0.042567820881817195,0.6821045364003103,0.874,0.9110163334438949
Ptgir,0.042650185317246875,0.681522640001004,0.105,0.9109837141470911
Pik3cb,0.04265561844062814,0.6814842620817174,0.474,0.9109837141470911
Kctd15,0.04268859068554628,0.681251373638705,0.137,0.9109837141470911
Ppm1h,0.04270508866056856,0.6811348569159719,0.463,0.9109363139886472
Ap3m1,0.04271172791338866,0.6810879693955121,0.663,0.9109363139886472
Setd6,0.042847164017023945,0.6801317616352289,0.263,0.909951502136209
Nxt2,0.04285040040147826,0.6801089182528818,0.358,0.909951502136209
9130004C02Rik,0.04286041420359189,0.6800382396319988,0.105,0.909951502136209
Psmd5,0.04289843079328616,0.6797699391485569,0.674,0.909951502136209
Ctnnb1,0.042907159646904044,0.6797083412608005,0.905,0.909951502136209
Heatr1,0.042944937297568875,0.6794417756976056,0.442,0.9098881776490241
Gpr132,0.04296902306816996,0.6792718429601983,0.189,0.9098635674278337
Trappc2l,0.04297343487507454,0.6792407180027993,0.842,0.9098635674278337
Ilrun,0.04303771505801614,0.6787872873161152,0.768,0.9095189107024433
Qdpr,0.04304540671986532,0.6787330381968733,0.611,0.9095189107024433
Ano6,0.04305122766931644,0.6786919842589183,0.874,0.9095189107024433
Tmem154,0.04307590417865503,0.6785179564215811,0.274,0.9094625030982277
Nudt19,0.04310762115786714,0.6782943013651376,0.579,0.909264226469935
Emc9,0.04313825722972259,0.6780782948895594,0.284,0.9091776757944098
Fdx2,0.043154881060399795,0.6779610957450676,0.674,0.9091776757944098
Il1rapl1,0.043155368444105925,0.6779576597722163,0.632,0.9091776757944098
Sumf1,0.043213863303551855,0.677545328754743,0.411,0.9090610091028237
Cyfip1,0.043251140300066236,0.6772826122877571,0.832,0.9090244048445226
Adck2,0.043252487609331695,0.6772731176015814,0.221,0.9090244048445226
Relt,0.04328087197628194,0.6770731005288639,0.105,0.9089739760787344
Ptp4a3,0.04335714940075483,0.6765357048581971,0.337,0.9084281154364094
Tmem220,0.04336804684903742,0.6764589425248659,0.137,0.9084281154364094
Itsn2,0.04338280555676312,0.676354986502355,0.768,0.9084281154364094
Ddx24,0.043391160011260324,0.67629614285695,0.821,0.9084281154364094
Med20,0.04339346397517113,0.6762799154925718,0.432,0.9084281154364094
9530018F02Rik,0.04341222826959719,0.6761477596240688,0.126,0.9084281154364094
Nr4a2,0.043460331573951794,0.6758090156002163,0.189,0.9084281154364094
Tbxas1,0.04349705953448338,0.6755504203399503,0.147,0.9084281154364094
Ywhaq,0.04356249631918457,0.6750897845252646,0.842,0.9083149980720363
1700010K24Rik,0.04367505113817887,0.6742977460447479,0.105,0.908015987036906
Stab1,0.04372751260898533,0.6739287004497067,0.126,0.908015987036906
Bnip3l,0.04378228640845859,0.6735434709000769,0.895,0.9077602935343162
Gorab,0.04386528913976595,0.6729598650221137,0.411,0.9073811453476158
Cd302,0.04386851261902906,0.6729372041138089,0.832,0.9073811453476158
Nfib,0.04388188206893862,0.6728432206258634,0.916,0.9073811453476158
Fam168b,0.04388473952341432,0.6728231341732996,0.789,0.9073811453476158
Adamts15,0.04390900059156601,0.6726526004494764,0.389,0.9073811453476158
Itpripl1,0.04392240917055112,0.67255835717497,0.263,0.9073811453476158
Gmeb1,0.04393040735387738,0.6725021437104284,0.442,0.9073811453476158
Csgalnact2,0.043982018233953944,0.672139451355922,0.663,0.9071918156958808
Ino80dos,0.04401262308481033,0.6719244130539399,0.232,0.9070035331690451
6030442K20Rik,0.04401854430688207,0.671882811928384,0.126,0.9070035331690451
E430024I08Rik,0.044032021384643794,0.6717881288086586,0.347,0.9070035331690451
Fbxo34,0.04407942712583561,0.6714551208012527,0.495,0.9066758474427172
Cenpc1,0.044095809283716446,0.6713400568758714,0.568,0.9066758474427172
Cox15,0.044109190211967166,0.6712460784131438,0.316,0.9066758474427172
Nudt16,0.04412616834522812,0.6711268429291193,0.316,0.9066758474427172
Zzef1,0.044148241022367966,0.6709718412246951,0.726,0.9066758474427172
Nod1,0.04416994342037469,0.6708194531705609,0.747,0.9066758474427172
Ndufv2,0.04417960830825222,0.6707515933681449,0.842,0.9066758474427172
Pir,0.04420658660071401,0.6705621854316298,0.221,0.9066758474427172
Supt6,0.0443485682806739,0.6695657067324493,0.811,0.9062955818672784
Gtpbp4,0.044466291283578485,0.6687399178320763,0.747,0.9061767695405771
Alkbh3,0.04447974678663192,0.6686455568952453,0.642,0.9061767695405771
Psmg3,0.04448994856907174,0.6685740171270669,0.558,0.9061767695405771
Ppp1r14b,0.044566613996070134,0.6680364973185571,0.895,0.9057487889525859
Milr1,0.04458638203874565,0.6678979259437903,0.137,0.9057487889525859
Tnfrsf21,0.044638951147170765,0.6675294776134062,0.179,0.9057487889525859
Snhg15,0.04469093678134628,0.6671651962796519,0.347,0.9057487889525859
Slc25a53,0.044702726523550514,0.6670825922063643,0.2,0.9057487889525859
Stap1,0.04470907402614731,0.6670381204800009,0.189,0.9057487889525859
Igsf6,0.044805031402283375,0.6663659663933534,0.105,0.9057487889525859
Zcchc2,0.04480914413165428,0.6663371637800751,0.453,0.9057487889525859
Bend4,0.0448266651016432,0.666214464868411,0.242,0.9057487889525859
Zbtb12,0.0449378432653599,0.6654360918824291,0.326,0.9057487889525859
Smim7,0.0449465237996578,0.6653753332283682,0.789,0.9057487889525859
Gtf2h2,0.04499079141551546,0.6650655194799083,0.4,0.9055842245855363
Dnajc6,0.0450835866837018,0.6644162600860817,0.221,0.9052265548047906
Adamts1,0.04508836639437276,0.6643828246517037,0.568,0.9052265548047906
Selenoi,0.04509250530081391,0.6643538723558224,0.674,0.9052265548047906
Ankrd13c,0.04510837832052004,0.6642428426765964,0.747,0.9052265548047906
Ccdc66,0.04516195700766006,0.6638681203687191,0.242,0.9051856144977527
Fam13b,0.04524922490849447,0.6632579571435251,0.674,0.9048674345440638
2210408I21Rik,0.045376763106231933,0.6623666256349496,0.495,0.9046161696488401
Cryzl2,0.045425565597079144,0.6620256819776631,0.189,0.9045813736255052
Marf1,0.04542645329431089,0.6620194809907909,0.705,0.9045813736255052
Rab5if,0.04547508376723915,0.661679808885608,0.832,0.9044614600739407
Maoa,0.04550855195653316,0.6614460814537857,0.579,0.9042449163173863
Tmem131,0.04551306731058148,0.6614145506488276,0.726,0.9042449163173863
Fign,0.045522208079348564,0.6613507222919921,0.126,0.9042449163173863
Mrpl49,0.04556343975807907,0.6610628389454076,0.474,0.9040982943349024
Lancl1,0.04557044085811897,0.6610139615221646,0.547,0.9040982943349024
G3bp2,0.0456214106029452,0.6606581646290521,0.853,0.9040942081947834
Thumpd1,0.045645422925712005,0.6604905715267956,0.484,0.904068649902677
Rerg,0.04572485904647803,0.6599362695128397,0.116,0.9035182198450018
Spin4,0.04576957294413538,0.659624338485838,0.137,0.9031941421142042
Ndufb4,0.04577617648276058,0.6595782761167164,0.547,0.9031941421142042
A330023F24Rik,0.04578817263220514,0.659494601341218,0.411,0.9031941421142042
Aup1,0.04579061991684547,0.6594775317123782,0.674,0.9031941421142042
Rhot2,0.04580191386639003,0.6593987595121484,0.337,0.9031941421142042
Ncor1,0.04597395728485183,0.6581992637184888,0.905,0.9027667374731971
Hgh1,0.045978287666083716,0.6581690832194931,0.189,0.9027667374731971
Adss,0.046008082026513845,0.6579614469219237,0.726,0.9027667374731971
Pigk,0.046110316334209055,0.6572491754960422,0.747,0.9021805017386526
Mmgt2,0.04613882295427246,0.6570506230367921,0.6,0.9021391458893953
Rida,0.04615265165993235,0.6569543128113376,0.232,0.9021272974890414
Tbx18,0.04619173201570807,0.6566821674030657,0.158,0.902045851047776
Zfp945,0.046202231741464074,0.6566090576839575,0.537,0.902045851047776
Atp5d,0.04622353056705366,0.6564607636356556,0.863,0.902045851047776
Rsrc2,0.04629742445255256,0.6559463773265093,0.842,0.9015508416391251
Dexi,0.04632107126073337,0.6557818022636375,0.611,0.9015310395900498
Gm56688,0.046345767121906016,0.6556099436390639,0.2,0.9014884060015138
Rasgrp2,0.046355162088821567,0.6555445687255994,0.274,0.9014884060015138
Kpna4,0.04639205226450738,0.6552878934133013,0.8,0.9013680531806059
Tradd,0.046431745584629563,0.6550117590575824,0.674,0.9012979820082961
Dock1,0.04643738509131321,0.6549725304892129,0.821,0.9012979820082961
BC024063,0.04646740480166957,0.6547637283022296,0.158,0.901163237703447
Lztfl1,0.046468924275999565,0.6547531602999996,0.579,0.901163237703447
Gstp2,0.04647245863050552,0.6547285789921217,0.137,0.901163237703447
Zfp408,0.0464906439403467,0.6546021066409657,0.358,0.901163237703447
Elmo1,0.046508400683220825,0.654478624229305,0.4,0.901163237703447
Tgfbr2,0.046536401008753996,0.6542839256729196,0.884,0.901163237703447
Polr1b,0.04653961582651981,0.654261573113996,0.358,0.901163237703447
Il1r1,0.04657611389869546,0.6540078241924259,0.905,0.901163237703447
Ggcx,0.046600865592690485,0.6538357630838487,0.474,0.901163237703447
Fcer1g,0.04670285544709687,0.6531269728328675,0.358,0.9007850881559848
B9d2,0.046723232689145286,0.6529853957188019,0.558,0.9007850881559848
Acsl5,0.0468031100696643,0.652430541792884,0.632,0.9004864103057963
Pcdhb19,0.046811553632622516,0.6523719011433744,0.147,0.9004864103057963
1110038F14Rik,0.04691117983987,0.651680155591295,0.768,0.9000142199430272
Dennd6a,0.04694843329369347,0.6514215653032189,0.695,0.8997605814558552
Ptpn4,0.047020061240241995,0.6509244845936073,0.621,0.8992808982298288
Prdx1,0.04704111988882298,0.6507783716714529,0.958,0.8991824981195783
Whamm,0.047049607316170916,0.6507194864007753,0.432,0.8991824981195783
Timm9,0.047065519201728696,0.6506090964558788,0.579,0.8991555503160379
Atp5j2,0.04709531280755426,0.6504024212724911,0.916,0.898973393832025
Syngap1,0.04709610290321879,0.6503969408199264,0.211,0.898973393832025
Kmt5b,0.04712636615090776,0.6501870355668511,0.747,0.898973393832025
Cdc23,0.04718120096204596,0.6498067720231433,0.589,0.898973393832025
Cul2,0.047297267877081745,0.649002177588665,0.589,0.898486007875833
Specc1l,0.047343568756589155,0.6486813248108952,0.674,0.8981453721176682
Aptx,0.04736523264033363,0.6485312218828667,0.337,0.8981453721176682
Mad2l2,0.04738926745856267,0.6483647078571085,0.411,0.8981453721176682
Ppp1ca,0.04739170701178511,0.6483478075174725,0.926,0.8981453721176682
Ndufs6,0.047476189957322036,0.647762650317298,0.821,0.8978024617923491
Tkfc,0.04751137345862199,0.6475190207012365,0.568,0.8978024617923491
Kdm4a,0.047529401707153314,0.6473941977357249,0.589,0.8978024617923491
Lyrm1,0.04757164954999935,0.647101722735437,0.253,0.8978024617923491
Dnajc10,0.04763965875198397,0.6466310186241824,0.789,0.8977912396647268
Gdpd2,0.04768665833012593,0.6463058072139923,0.295,0.8974434864367302
Zfp286,0.04769567858952747,0.6462433995470773,0.105,0.8974434864367302
Ccdc84,0.04769827005347915,0.6462254706685991,0.2,0.8974434864367302
Arhgap45,0.047713992107743984,0.6461167029697479,0.463,0.8974434864367302
Cpeb4,0.04776153553722488,0.6457878351668886,0.589,0.8973468969851675
Usp46,0.047811459500035604,0.6454425740255673,0.516,0.8971786277292182
Pdia6,0.047853204649579664,0.6451539331244246,0.884,0.8970889722090291
Bphl,0.04786349311578503,0.645082803063544,0.516,0.8970889722090291
Plekho2,0.04792328269483576,0.6446695066973536,0.632,0.8967457086149871
Serpinb6b,0.04792403385094867,0.6446643150061112,0.579,0.8967457086149871
Etfb,0.04793838133257337,0.6445651542122113,0.842,0.8967457086149871
Herpud2,0.047949319613634855,0.6444895598531672,0.653,0.8967457086149871
Gm7160,0.04800101199143209,0.6441323632459764,0.179,0.8967069316515291
Dmac2,0.04814200617157556,0.6431584983650199,0.347,0.8961416265576782
Rab3ip,0.048168285819773574,0.6429770480661702,0.4,0.8960418932953068
Mrm1,0.048194972194596904,0.6427928109230483,0.105,0.8959848247913909
Abhd17b,0.04823252382285961,0.6425335989498615,0.716,0.8959355385659026
Gpalpp1,0.04831417700400577,0.6419701098974976,0.568,0.8953577778533225
Ttll1,0.04836023125032702,0.6416523786900303,0.253,0.895018600247583
Ddx3y,0.04839902585934571,0.6413847822670709,0.611,0.894917473550483
Exoc3l4,0.04843675308506561,0.6411245923639903,0.537,0.894917473550483
H2-Ab1,0.0484690078199193,0.6409021784728492,0.632,0.8949098273836802
4632427E13Rik,0.04858523887889031,0.6401009654518313,0.642,0.8944131609659185
Cd1d1,0.04859100330157336,0.6400612404151818,0.284,0.8944131609659185
Sphk2,0.04869571670326434,0.6393397935373599,0.337,0.8939210406130041
Chrac1,0.04869689824190188,0.6393316549702737,0.8,0.8939210406130041
Smim8,0.048729952236543854,0.6391039927625703,0.547,0.8939210406130041
Mrpl37,0.04874997184801114,0.638966122243033,0.442,0.8939210406130041
Sfxn5,0.04875740205058968,0.6389149552472699,0.526,0.8939210406130041
Usp39,0.04889065945066721,0.6379975850696954,0.526,0.8934496155740416
Pptc7,0.0489015132897491,0.6379228890927274,0.463,0.8934496155740416
Antxr2,0.04891076483339468,0.6378592229467116,0.674,0.8934496155740416
Sec62,0.048922433277269944,0.6377789282184532,0.895,0.8934496155740416
Rspo3,0.04893077329680449,0.6377215401285207,0.105,0.8934496155740416
Snhg4,0.04893507858402638,0.6376919160686437,0.526,0.8934496155740416
Lrrk1,0.04893946685291346,0.6376617216097786,0.768,0.8934496155740416
Ddit4l,0.048967702817119506,0.6374674519353377,0.137,0.8934496155740416
Golga4,0.04899093799726157,0.6373076071359365,0.779,0.8934496155740416
Pus7,0.049017143820423,0.6371273459208737,0.505,0.8934496155740416
Gm55594,0.049060077169408065,0.6368320672222842,0.211,0.8934496155740416
Zfp512,0.049062816911680206,0.6368132262769659,0.611,0.8934496155740416
Dnajc24,0.049093353484523844,0.636603244828343,0.653,0.8934496155740416
Fam20c,0.04913512579369507,0.6363160485581545,0.358,0.8934496155740416
Coq10b,0.04928721557832193,0.6352708434091285,0.621,0.8925665539703623
Tcof1,0.04940888267319094,0.6344352261231273,0.526,0.8917892484266436
Adal,0.04943364397861525,0.634265219989852,0.158,0.8916546653106373
Gabarap,0.04943578063769963,0.6342505510086884,0.926,0.8916546653106373
Prpf6,0.049475981352023544,0.6339745840942478,0.747,0.8916546653106373
Aldh3a2,0.049488191883063325,0.6338907720482898,0.6,0.8916502460149738
Insr,0.04949376533933501,0.6338525178543283,0.653,0.8916502460149738
Gm26510,0.04954172612765512,0.6335233720903645,0.137,0.891565309844494
Slc35b1,0.04967344026532573,0.6326198101532343,0.705,0.8914767737485036
Mtrr,0.04967623603026136,0.6326006369824754,0.158,0.8914767737485036
Rgs3,0.04967663963531531,0.6325978691058121,0.589,0.8914767737485036
Prorp,0.049699904337092864,0.6324383310359079,0.368,0.8914767737485036
Apc,0.04975143167881683,0.6320850413699396,0.705,0.8914767737485036
Skap2,0.049834557761233945,0.6315152737354108,0.821,0.8914767737485036
Gng12,0.0498984528576706,0.6310774665649941,0.884,0.8913477403888818
Utp14a,0.049906338905291885,0.631023440441512,0.463,0.8913477403888818
Snx12,0.05003004552137995,0.6301761990853283,0.695,0.8907561182686637
Tk2,0.05010465309289561,0.6296654581866921,0.221,0.8905056721375278
Tmem219,0.05011223950005267,0.6296135336858777,0.663,0.8905056721375278
Cnih4,0.05017093357180069,0.6292118681204273,0.853,0.8904153053926028
Tmbim1,0.050179331392996816,0.6291544074981442,0.558,0.8904153053926028
Zfp787,0.05022086302433619,0.6288702670584505,0.421,0.8903248787372734
Hexb,0.05025371831598706,0.6286455244684181,0.958,0.8901116523929595
Neat1,0.05031609300658661,0.6282189512008519,0.863,0.8898183729566351
Abcg3,0.05034773047073628,0.6280026329288402,0.116,0.8898183729566351
Pdss1,0.05036512420723174,0.6278837182341436,0.274,0.8898183729566351
Plcg2,0.05039546804555183,0.6276762911226919,0.168,0.8897885746765244
Tmem67,0.050395872383731,0.6276735273070995,0.253,0.8897885746765244
Dagla,0.05045449889840245,0.6272728456776259,0.211,0.8897408440321912
Smg1,0.05052143611177414,0.6268154969551221,0.853,0.8893032815715646
Bcl2l13,0.050531155928573324,0.6267490980032087,0.537,0.8893032815715646
Smu1,0.050554935422081275,0.6265866657731594,0.716,0.8892938647681234
Sirpa,0.05056008802986181,0.6265514718470213,0.558,0.8892938647681234
Gm57457,0.05057754460105294,0.6264322442121284,0.179,0.8892938647681234
Ptgfrn,0.05058593432646091,0.6263749461629979,0.789,0.8892938647681234
Armcx1,0.050596416579398416,0.6263033602100416,0.305,0.8892938647681234
Zfp867,0.05062455041396891,0.62611124427311,0.158,0.8892938647681234
Commd5,0.05066010930523206,0.6258684609830795,0.6,0.8892938647681234
Nsun6,0.050691442797660434,0.6256545602607195,0.337,0.8892938647681234
Wdr74,0.05073239533060044,0.6253750410785555,0.579,0.8892938647681234
Gm33989,0.050743144105277686,0.6253016847049845,0.558,0.8892938647681234
Zfp532,0.050744049668703446,0.625295504739452,0.705,0.8892938647681234
Eif1a,0.05074575773735715,0.6252838481936552,0.853,0.8892938647681234
Ccl24,0.05076153575250564,0.6251761770467249,0.295,0.8892938647681234
Ltbp4,0.05085215460385199,0.6245579350903518,0.726,0.8892938647681234
Tnrc6a,0.050918764872682216,0.6241036560192328,0.863,0.8892938647681234
Acd,0.050941613781911727,0.6239478598431687,0.463,0.8892938647681234
Nop53,0.05094355214521634,0.6239346437988034,0.821,0.8892938647681234
Ebag9,0.05096320993971457,0.6238006208096327,0.516,0.8892938647681234
Rusc2,0.051016039681970826,0.6234404986903623,0.421,0.8892938647681234
Tcta,0.051062328537363776,0.623125036314808,0.284,0.8892938647681234
Clpp,0.05107201391372912,0.62305903827822,0.8,0.8892938647681234
Lrrc8b,0.05107703691620888,0.6230248117361414,0.4,0.8892938647681234
Rassf9,0.05108453665252892,0.6229737103178572,0.2,0.8892938647681234
Supv3l1,0.05109888901427798,0.622875921721078,0.347,0.8892938647681234
Ino80e,0.05118121529889626,0.6223151250307322,0.653,0.8892938647681234
Cs,0.05119849936370808,0.6221974154410788,0.8,0.8892938647681234
Sat2,0.05124377963624369,0.6218890884690433,0.242,0.8892938647681234
Cox4i1,0.05125459320723861,0.6218154652701058,0.958,0.8892938647681234
Foxj3,0.05125507819534578,0.6218121633606188,0.632,0.8892938647681234
Cir1,0.051270895467975836,0.6217044798714795,0.779,0.8892938647681234
Asap1,0.0512729844841172,0.6216902585115976,0.811,0.8892938647681234
Zbtb45,0.05137331587991242,0.6210073978742988,0.337,0.8892938647681234
Gm11110,0.051404523395778015,0.6207950633587618,0.253,0.8891669242214784
Mtif2,0.0515399752856839,0.6198738152285939,0.621,0.8880882281107435
Rela,0.05161267021530219,0.6193796374639973,0.758,0.887987021734951
Trio,0.05162011753030464,0.6193290204079789,0.8,0.887987021734951
Pbx4,0.05164557490562592,0.6191560080494272,0.2,0.887987021734951
Suclg2,0.05165832142694185,0.6190693884665612,0.726,0.887987021734951
Zeb2,0.051659436010910255,0.6190618145063832,0.905,0.887987021734951
Jtb,0.05178132059772841,0.618233809377046,0.789,0.8878167030615522
Plpp3,0.05178337186508575,0.6182198784683831,0.442,0.8878167030615522
Gm57390,0.051802599479605124,0.618089303253905,0.242,0.8878167030615522
Amhr2,0.05185140082294366,0.617757945390716,0.147,0.8878167030615522
Mettl27,0.05185308175826621,0.6177465333146299,0.232,0.8878167030615522
Slc9a1,0.05187617266239028,0.6175897755220342,0.695,0.8878167030615522
C2cd2l,0.051886422456109346,0.617520197983667,0.242,0.8878167030615522
Sdccag8,0.05189030188798808,0.6174938645470842,0.568,0.8878167030615522
Gm16364,0.05194147303033229,0.6171465620503762,0.168,0.8878167030615522
Zeb2os,0.0519667115941134,0.6169752969769661,0.232,0.8878167030615522
Glud1,0.05197251662726425,0.6169359077995675,0.853,0.8878167030615522
Pcdh18,0.052023526512037,0.6165898345534608,0.232,0.8878167030615522
Inhbb,0.052084206591979855,0.6161782636235043,0.105,0.887743269897698
Vps50,0.05212305032299159,0.6159148630050004,0.421,0.8876833225424366
H2-Eb1,0.05217485761924188,0.6155636317541755,0.642,0.887603281670756
Sez6l,0.05227148370712848,0.6149087798030453,0.516,0.8869785823035997
Ucp2,0.052342791159022566,0.6144257101686998,0.568,0.8866013101785337
Agl,0.05243949313442526,0.613770869130531,0.611,0.8859443383862867
Gsr,0.052455600328239295,0.6136618247560481,0.832,0.8859249164176831
Phlpp2,0.05251612682403303,0.6132521405349187,0.295,0.8858837231717765
Zfp444,0.05254156839407101,0.613079970259212,0.432,0.8858837231717765
Gm26885,0.05262767523310888,0.6124974168665779,0.116,0.8857348529828978
Ralgps1,0.052648490609196526,0.6123566271636004,0.232,0.8856758393211873
Rnf150,0.052658342510652885,0.6122899964141153,0.495,0.8856758393211873
Unc13b,0.05267555594152243,0.6121735854632706,0.158,0.8856758393211873
Bbc3,0.05275327942441824,0.611648077234437,0.274,0.8856758393211873
Noc2l,0.05278601331422293,0.6114268139018397,0.674,0.8856758393211873
Nr2c1,0.052804735253595504,0.6113002794319073,0.411,0.8856758393211873
Zfp267,0.052863802512899336,0.6109011411158041,0.368,0.8856758393211873
Ssh2,0.052981955552520936,0.6101030806646202,0.768,0.8854717381288643
Eif4a1,0.053011105779515504,0.6099062565708109,0.916,0.8853892216574003
Mia2,0.053025511418959816,0.6098089990689698,0.8,0.8853659796639807
Gm48226,0.05306513334063621,0.6095415326112321,0.232,0.88530226834269
Mst1r,0.053065501604661156,0.6095390468978837,0.379,0.88530226834269
Imp3,0.05306767323561947,0.6095243888848885,0.8,0.88530226834269
Kdm3b,0.053073003457147466,0.6094884117604722,0.621,0.88530226834269
Scfd2,0.05310090635663401,0.6093000921411629,0.558,0.88530226834269
Vps4b,0.05311294091951491,0.6092188774620636,0.811,0.88530226834269
Trub2,0.053173614943981796,0.6088094938376774,0.411,0.88530226834269
Ubfd1,0.05318805482681466,0.6087120818944887,0.663,0.88530226834269
Mcm9,0.05319887756567373,0.6086390758042675,0.421,0.88530226834269
Xylt1,0.053216116308121564,0.608522797709134,0.358,0.88530226834269
Kpna1,0.053320751841581,0.607817223121821,0.568,0.88472074166853
Chmp3,0.053335322750376155,0.6077189975681642,0.789,0.88472074166853
Hibadh,0.05338901450569499,0.6073571103181865,0.758,0.8843726441414583
Scp2,0.053394212326830545,0.6073220815614768,0.842,0.8843726441414583
Elmo3,0.05340544624575873,0.6072463778293289,0.179,0.8843726441414583
Cdkl5,0.05343102692556986,0.6070740088454221,0.137,0.8843726441414583
Nr1d2,0.05343621743108964,0.607039036551551,0.526,0.8843726441414583
Phpt1,0.053466701070684304,0.6068336634803628,0.632,0.8843726441414583
Tbl1xr1,0.05349845059945425,0.6066197943894651,0.821,0.8843726441414583
Pex6,0.053511685972005056,0.6065306489310162,0.484,0.8843726441414583
Utp25,0.05357762753179817,0.6060865923823101,0.284,0.884238361450109
Zfp276,0.05363613720962908,0.6056927026698151,0.211,0.8841347508918151
Agpat2,0.05365831309788552,0.6055434430912401,0.526,0.8841347508918151
Gm16759,0.05368875167723892,0.6053385960884107,0.137,0.8840063881334891
Cpne1,0.05369868770883255,0.6052717347222261,0.716,0.8840063881334891
Kmt2d,0.05372099157443366,0.6051216598056499,0.516,0.8839959793916952
E130102H24Rik,0.05373349238669628,0.6050375533846981,0.274,0.8839959793916952
Tfg,0.05377777649861091,0.6047396479820669,0.768,0.8838842304711719
Ddr2,0.053784424118833614,0.604694934100585,0.8,0.8838842304711719
Mrpl33,0.053792829582665666,0.6046383985260785,0.884,0.8838842304711719
Arglu1,0.05381253199660671,0.6045058882378092,0.8,0.8838842304711719
Atrx,0.05383848654962087,0.6043313482179509,0.895,0.8838842304711719
Ift81,0.053923988777639896,0.6037565175404787,0.347,0.8836540155182878
Ppp4c,0.05395293332804192,0.603561978375054,0.758,0.8836130120350695
Gm56663,0.05395819119034747,0.6035266427414405,0.137,0.8836130120350695
Acad9,0.05396428883491897,0.6034856644697436,0.368,0.8836130120350695
Or2v1,0.05398637995984545,0.6033372148076389,0.126,0.8836130120350695
Ndufb1,0.054016966372593435,0.6031317045216742,0.884,0.8836130120350695
Tmem170,0.05402998748128819,0.6030442250190798,0.2,0.8836130120350695
Irf2,0.05409724944911772,0.6025924295021389,0.832,0.883566892738313
Ubxn2a,0.05415190283173083,0.602225435728356,0.579,0.883566892738313
Tmem216,0.05415467795032833,0.6022068036379294,0.411,0.883566892738313
Auh,0.05423239794979015,0.6016850969618316,0.726,0.883566892738313
Fosl2,0.054236578437315046,0.6016570405229433,0.811,0.883566892738313
Calhm2,0.05427717384187246,0.6013846234332345,0.358,0.883566892738313
Fut11,0.054315424369283626,0.6011279918584813,0.611,0.883566892738313
Coa3,0.0543319980195086,0.6010168105397156,0.737,0.883566892738313
Rnf111,0.054418166356478136,0.6004389132120236,0.758,0.883566892738313
Naf1,0.054428244742777916,0.6003713375643045,0.526,0.883566892738313
Ankmy2,0.05444722061104466,0.6002441134224222,0.442,0.883566892738313
Ehmt1,0.054460460268154154,0.6001553549440071,0.758,0.883566892738313
Ptgs1,0.054531341465262485,0.5996802677460276,0.768,0.8833714850725742
Slc8b1,0.05454051108777875,0.5996188198163187,0.253,0.8833714850725742
Dkc1,0.05459163699789308,0.599276263754353,0.621,0.8829930174129974
Pon3,0.05461696141789023,0.5991066162764803,0.695,0.8829597571660365
Smim26,0.05463750374411039,0.5989690196225016,0.547,0.88286533496285
Lcp2,0.05465595104249682,0.5988454679004716,0.232,0.8827915939939794
Mycbp2,0.05466551260634487,0.5987814333123571,0.832,0.8827915939939794
Nob1,0.054689479701207244,0.598620937111646,0.6,0.8827857518913699
Traf3,0.05471422373821026,0.598455258243785,0.758,0.8827857518913699
Gart,0.05473660536707603,0.5983054150061011,0.568,0.8827857518913699
Hs6st1,0.054782681291172385,0.5979969930870263,0.337,0.8827697372370719
Nlrp3,0.05481718211446518,0.5977660988164877,0.105,0.8827176913650926
Kansl1,0.054825607302648204,0.5977097199063195,0.853,0.8827176913650926
Fer,0.05482914840473955,0.5976860245899467,0.621,0.8827176913650926
Mkln1,0.0548466374550466,0.5975690026117744,0.853,0.8827176913650926
Eid2,0.05487820373974114,0.5973578135859325,0.611,0.8826575520214487
Tnrc6b,0.054902931132807954,0.5971924023591857,0.895,0.8826303760618835
Srsf6,0.054913217938664716,0.5971235959181593,0.863,0.8826303760618835
Sgms1,0.05491868794344787,0.5970870095661658,0.768,0.8826303760618835
U2af1,0.05493031676611505,0.5970092330407846,0.821,0.8826303760618835
Mapre2,0.05495035494108184,0.5968752232665573,0.611,0.8826303760618835
Ddx18,0.054958234093452005,0.596822533362624,0.779,0.8826303760618835
Mtrex,0.05495875470353506,0.5968190519833985,0.684,0.8826303760618835
Lysmd3,0.055022506142422545,0.5963928075570661,0.611,0.8826303760618835
Mapk14,0.05504419290323389,0.5962478401879518,0.811,0.8826303760618835
Naa60,0.055044400058584644,0.5962464555129878,0.358,0.8826303760618835
Kcnn4,0.055067495023047724,0.596092092389882,0.189,0.8826303760618835
Ro60,0.05511399564816224,0.595781343863127,0.695,0.8826303760618835
Wdr27,0.055154631592737376,0.595509846596076,0.221,0.8826303760618835
Hspb8,0.05517103342362161,0.5954002782547357,0.653,0.8826303760618835
Tshz2,0.05518139669230603,0.595331053687679,0.916,0.8826303760618835
Ddx50,0.055261838141706696,0.5947938437703544,0.832,0.8823436721214042
Ercc6l2,0.05528301067908473,0.5946524840172767,0.495,0.8822429723953343
Mapk8ip3,0.05531369612188636,0.5944476375695389,0.4,0.8821803476357958
Rdh5,0.055329092788106424,0.5943448661823639,0.253,0.8821803476357958
Slc35a5,0.05536523071279825,0.5941036801193222,0.484,0.8820827114124771
Hp,0.055380300182235595,0.5940031188437603,0.484,0.8820827114124771
Atp5l,0.05539999546399813,0.593871700240441,0.926,0.8820827114124771
Napsa,0.055487418358329675,0.5932885208618037,0.158,0.8818538338682443
Igf1,0.05551471611381269,0.5931064762681746,0.811,0.8816950557994044
Ccdc73,0.05555880352882957,0.5928125171584173,0.189,0.8815828453704628
Naa40,0.055561180010223234,0.5927966734971286,0.558,0.8815828453704628
2700097O09Rik,0.055622130486581906,0.5923903906665482,0.326,0.8815828453704628
Renbp,0.0556761892495758,0.5920301517123385,0.505,0.8812925900830708
Hdhd3,0.0556802611219543,0.5920030214125946,0.137,0.8812925900830708
Wdr26,0.05571527041997706,0.5917697826674738,0.895,0.8812925900830708
Hivep3,0.055715540432044866,0.5917679839559634,0.537,0.8812925900830708
Vgll3,0.055816241716437134,0.5910973249289255,0.453,0.8809520772600992
Ccdc32,0.05583982993867179,0.5909402797816699,0.579,0.880871500848977
Gm14399,0.05584540015720231,0.5909031972588447,0.189,0.880871500848977
Ear1,0.05586769730498634,0.5907547693735868,0.137,0.880871500848977
Foxp4,0.055934412061043486,0.5903107627064335,0.579,0.880589057996788
Acsf3,0.05596822728364776,0.590085770022138,0.189,0.8804030643079813
Mrpl51,0.05599089252402224,0.5899349865226526,0.8,0.8804030643079813
Cd33,0.055999349203631234,0.589878731820781,0.126,0.8804030643079813
Slc24a3,0.05600310471900346,0.5898537505263247,0.263,0.8804030643079813
Slc16a9,0.05604785448661403,0.5895561166780838,0.126,0.8804030643079813
Sfxn3,0.05605547793588407,0.5895054193729821,0.737,0.8804030643079813
Bicral,0.0560598893311258,0.5894760837066298,0.621,0.8804030643079813
Zkscan1,0.05607196009694669,0.5893958168057893,0.653,0.8804030643079813
Mt2,0.056084711174291396,0.5893110314277477,0.789,0.8804030643079813
Nudt9,0.056116300757912116,0.5891010075458247,0.579,0.8804030643079813
Sorbs2,0.05618719117921436,0.5886298151042515,0.442,0.8804030643079813
Mtx3,0.05629417757414395,0.5879190253596971,0.2,0.8802872749885612
Acbd6,0.05631413311841293,0.5877864891377753,0.8,0.8802872749885612
Smpd1,0.05633565800682339,0.5876435452428417,0.611,0.8802872749885612
Ss18l2,0.05635048724987285,0.5875450754353495,0.589,0.8802872749885612
Limd1,0.056435984305951994,0.5869775005726406,0.779,0.8798800061642568
Spout1,0.056436103727568146,0.5869767079632802,0.347,0.8798800061642568
Selenof,0.05644856654783856,0.5868939940616474,0.916,0.8798800061642568
Psmd7,0.056461504806964,0.5868081303622799,0.832,0.8798800061642568
Snx2,0.05653473894700386,0.5863222259364331,0.789,0.8797956769254188
Gm56555,0.056551588241940155,0.5862104577837026,0.874,0.8797956769254188
Tprkb,0.05657100074840717,0.5860816988707125,0.537,0.8797956769254188
Chchd10,0.05662168251435346,0.585745598643467,0.326,0.8797907684403438
Spr,0.056749780385778784,0.584896499855337,0.768,0.8791752971661281
Hmcn1,0.056891826973981735,0.583955600495115,0.474,0.8783501166516481
Edem2,0.05693082182505176,0.5836974246789031,0.589,0.8783501166516481
Ift43,0.05694082197699558,0.5836312244329747,0.705,0.8783501166516481
Gm14636,0.05697489346215084,0.5834056996297473,0.211,0.8783501166516481
Slc7a4,0.057011215439217514,0.5831653224604875,0.116,0.878222253453289
Ndufa5,0.05706484593685949,0.5828104813855695,0.832,0.8780182496858887
Hvcn1,0.057111986478438403,0.5824986623471544,0.116,0.8776586069522253
Hnrnph2,0.057123041537484695,0.5824255478920245,0.768,0.8776585785064682
Prxl2c,0.057125660922318175,0.5824082247763767,0.716,0.8776585785064682
Ogdh,0.05716306426033086,0.5821608862762093,0.832,0.8775014737037691
Mnt,0.057187769864175286,0.5819975410476377,0.495,0.8775014737037691
Slc25a11,0.0572102468599648,0.5818489489372536,0.705,0.8775014737037691
Zfp335,0.057232152924134576,0.5817041479567711,0.305,0.8775014737037691
Commd9,0.057240159735968056,0.5816512263731581,0.474,0.8775014737037691
Akap12,0.05733979686228874,0.5809928531084745,0.189,0.8770406320434314
Cltb,0.057361695283696654,0.5808482006898816,0.811,0.8769325217758593
Asxl2,0.05736447923444828,0.5808298121870019,0.747,0.8769325217758593
Ikbkb,0.05743235626720213,0.5803815549782257,0.611,0.8764484128566917
Cd2ap,0.05752696208534002,0.5797570480756715,0.905,0.8759460017924484
Hypk,0.057541906365148957,0.5796584270542751,0.832,0.8759072154090964
Cetn4,0.05755587175464539,0.5795662729721984,0.316,0.8758781925207283
Pfkfb4,0.05758096922933871,0.5794006780664718,0.347,0.8757381598116977
Zbtb46,0.05758730542655239,0.5793588748448908,0.505,0.8757381598116977
Hsd17b11,0.05766475650669423,0.5788480019686146,0.547,0.8752177011738896
Marchf1,0.057670746823144714,0.5788084980869418,0.158,0.8752177011738896
Ldlrad4,0.05768831164766308,0.578692671865973,0.863,0.8752177011738896
Il3ra,0.05773229434307681,0.5784026875512089,0.684,0.8752177011738896
Ppp2r2a,0.05774535860662534,0.578316565906956,0.832,0.8752177011738896
Tenm3,0.057754074071708975,0.5782591155128225,0.726,0.8752177011738896
Rgmb,0.057836295001475115,0.5777172635390592,0.6,0.8750748454794869
Hmgcs2,0.057885717600313615,0.5773916721390588,0.347,0.8750160475725581
Lyrm9,0.05788819403810718,0.577375359838278,0.179,0.8750160475725581
Amn1,0.05789854758174399,0.5773071633377473,0.516,0.8750160475725581
C1qa,0.057932242346356556,0.5770852492227314,0.168,0.8750160475725581
Nrip2,0.057939560522942836,0.577037056852892,0.126,0.8750160475725581
Rp2,0.05801894915351224,0.5765143790405107,0.589,0.874571238602149
Fignl2,0.058023172631226805,0.5764865787191276,0.105,0.874571238602149
Wdr77,0.0580769485500277,0.5761326623035432,0.516,0.8744311561469654
Tjp1,0.05808363870173314,0.5760886393452047,0.758,0.8744311561469654
Hsdl1,0.058089335168668245,0.5760511563252744,0.284,0.8744311561469654
Arhgef1,0.058109014391047493,0.5759216748325291,0.768,0.8744311561469654
Slc25a28,0.05811447997536176,0.5758857158500472,0.674,0.8744311561469654
Snhg20,0.05812294361983203,0.5758300341921956,0.484,0.8744311561469654
E430018J23Rik,0.058140599341810546,0.5757138866230389,0.232,0.8744311561469654
Vps16,0.058156552196837304,0.5756089506680868,0.537,0.8744311561469654
Elovl5,0.05816440016653818,0.5755573309325988,0.547,0.8744311561469654
Zfp748,0.0581716663731759,0.5755095396406589,0.263,0.8744311561469654
Tspan3,0.058190431686393394,0.5753861249616774,0.853,0.8744311561469654
Gm28875,0.058245011168387796,0.5750272395787337,0.253,0.8744311561469654
Ikbke,0.05824943644040474,0.5749981459288581,0.463,0.8744311561469654
Atg4c,0.05828568093780937,0.5747598847211142,0.4,0.8744311561469654
Itgb2,0.058331477982877904,0.574458893453397,0.242,0.8742942773094323
Palb2,0.058444944821676836,0.5737134733082662,0.137,0.8738313101759456
Rc3h1,0.058506577818493326,0.5733087645567736,0.758,0.8734574718986399
Gorasp1,0.05857511513596682,0.5728588755316918,0.253,0.8731953960354213
Pkp3,0.058588423287701336,0.5727715379809655,0.2,0.8731929731510224
Pld4,0.058594381843210516,0.5727324357197572,0.126,0.8731929731510224
Tfpt,0.05864927482486379,0.572372266175455,0.4,0.8731385846739536
Gpatch3,0.058684707148559265,0.5721398401431843,0.147,0.8730058534247317
Kcnab1,0.058693406683129515,0.5720827804009394,0.316,0.8730058534247317
Swap70,0.058717598288650495,0.5719241230506191,0.347,0.8729411965086724
Hyal2,0.05875464106018093,0.5716812229592858,0.368,0.8729411965086724
Zfp438,0.058776845338376224,0.5715356462676555,0.253,0.8728604050795904
Zranb1,0.05878196665605182,0.5715020721153005,0.737,0.8728604050795904
Gon7,0.05878944804665399,0.5714530275396772,0.442,0.8728604050795904
Efcab7,0.058821029272368756,0.571246017174959,0.211,0.8728604050795904
Npc2,0.05885070358084897,0.5710515383729657,0.947,0.8728604050795904
Prdm16,0.05889849546184434,0.5707383862364064,0.168,0.8728604050795904
Zfp654,0.05891457721205477,0.5706330300647382,0.526,0.8728604050795904
ENSMUSG00000095742,0.05895549347463151,0.5703650169594777,0.242,0.8727377034067095
Nectin2,0.05901834659083343,0.5699534262503547,0.842,0.8725277384389227
Zfp7,0.05903925759822572,0.5698165223894575,0.2,0.872454346382328
Cep162,0.05905121353036094,0.5697382541246763,0.442,0.872454346382328
Plekhj1,0.059064951497117664,0.5696483261859904,0.747,0.872454346382328
Capn10,0.059066925614870584,0.5696354042724687,0.316,0.872454346382328
Galnt4,0.059068676922308855,0.5696239409158061,0.379,0.872454346382328
Slc30a2,0.05907702174324572,0.5695693205494642,0.116,0.872454346382328
Irag2,0.05910314437435115,0.569398352828437,0.179,0.872454346382328
Eef1d,0.059129757775269444,0.5692241978976331,0.874,0.872454346382328
Hnrnpc,0.05925875041400777,0.5683804401461634,0.895,0.872454346382328
Bcl2a1d,0.0592917028045983,0.5681649886230586,0.158,0.8723730202553792
Ptma,0.05934371270932442,0.5678250122043025,0.979,0.8721856110447819
Lcp1,0.059373368921071805,0.5676311994662377,0.284,0.8719994641749126
Vps13c,0.05937553926225132,0.5676170168227256,0.789,0.8719994641749126
Bax,0.05939126555022314,0.5675142544019218,0.811,0.8719994641749126
Samd10,0.05945491314032405,0.5670984428397872,0.116,0.8718503205092605
Zfp931,0.05950835707965547,0.5667494029900408,0.316,0.8716485310236225
Sfi1,0.05952747406003454,0.5666245755017101,0.495,0.8716485310236225
Mplkip,0.05955998584913381,0.5664123141838368,0.684,0.8716131941938233
Dag1,0.05959338276246466,0.566194313191546,0.842,0.8715762972424221
Tm4sf1,0.05962805835345294,0.5659680074539603,0.726,0.8714513805462556
Ndufb10,0.059677534397337514,0.5656451824655044,0.842,0.8711777457495269
Eif2a,0.05968671056666475,0.5655853186769,0.695,0.8711777457495269
Pou2f2,0.05975170182398762,0.5651614123437652,0.147,0.8708795017982017
Fem1b,0.05975690119664717,0.5651275058591001,0.632,0.8708795017982017
Rin2,0.05975961554094762,0.5651098052840323,0.716,0.8708795017982017
Lilrb4a,0.05977688690789053,0.5649971827057112,0.158,0.8708795017982017
Herc2,0.05978214615379396,0.564962890491772,0.663,0.8708795017982017
Kat8,0.05980747103981485,0.5647977767255841,0.305,0.8708795017982017
Ndufa2,0.059809555761072844,0.5647841857299316,0.905,0.8708795017982017
Borcs7,0.05986689013397159,0.5644104644323713,0.674,0.8708795017982017
Nudt8,0.05988294525625551,0.5643058336949935,0.474,0.8708795017982017
Coq8a,0.05988586047873562,0.5642868362653202,0.137,0.8708795017982017
Sowahc,0.05990585182255033,0.5641565682121872,0.221,0.8708795017982017
Cutc,0.059911882445173766,0.5641172741277228,0.347,0.8708795017982017
Tyw1,0.05997648836062522,0.5636963989095378,0.484,0.8708795017982017
Slc10a3,0.059986398225221275,0.5636318542694607,0.158,0.8708795017982017
Lamc2,0.05999406844071141,0.5635818992520629,0.105,0.8708795017982017
Ap5m1,0.060009661972204406,0.5634803472824923,0.411,0.8708795017982017
Dph1,0.06002034705150453,0.5634107663338652,0.105,0.8708795017982017
Zfp651,0.06004363350099929,0.563259139721312,0.421,0.8708795017982017
Mef2a,0.06004647361366859,0.5632406480307337,0.832,0.8708795017982017
Tsr1,0.06007168170847014,0.5630765332611265,0.558,0.8708795017982017
Polr1d,0.06008266825001381,0.5630050135866206,0.884,0.8708795017982017
Rbbp4,0.06009626528896973,0.5629165061881328,0.821,0.8708795017982017
Spata7,0.060097612545391775,0.5629077368324292,0.211,0.8708795017982017
Guca1a,0.0602587079599424,0.5618596269026035,0.326,0.8708795017982017
Focad,0.060262808279934736,0.5618329617456304,0.484,0.8708795017982017
Itga2b,0.06027437022934882,0.5617577754411329,0.211,0.8708795017982017
ENSMUSG00000121495,0.06029655016888719,0.5616135547091707,0.147,0.8708795017982017
Engase,0.06042473950495273,0.5607803737777068,0.137,0.8703839126097371
Pycard,0.06043934576511006,0.5606854761339299,0.716,0.8703839126097371
Zfr2,0.06046430705170739,0.5605233190473602,0.242,0.8703839126097371
Larp7,0.06049616631310774,0.5603163828192559,0.695,0.8703839126097371
Abca7,0.06059101049334298,0.5597005548029053,0.442,0.8701762623576238
Hnrnpll,0.06060519431034433,0.5596084863367067,0.653,0.8701762623576238
Mfap5,0.06065624263175332,0.5592771867979816,0.579,0.8698498940263425
Srpx,0.060695875812107045,0.5590200352140953,0.726,0.8697738348620874
Lgi4,0.060717542839538875,0.558879477130845,0.189,0.8696819442599864
Tada1,0.06072996183249237,0.5587989204010364,0.484,0.8696819442599864
Brms1,0.0607505680575674,0.558665268818328,0.526,0.8696819442599864
Calcrl,0.0607644675866983,0.558575125367333,0.137,0.8696819442599864
Pias1,0.06095752644767129,0.5573237886631593,0.726,0.869057816145007
Tmem208,0.060981825435832915,0.5571663867294876,0.779,0.8689306150748094
Vegfd,0.06099083103199505,0.5571080564493298,0.516,0.8689306150748094
Atpaf1,0.061013612550976475,0.5569605110009797,0.453,0.8689306150748094
Med22,0.061162267376372106,0.5559982019886196,0.495,0.8680107152876552
Rasgrp4,0.06117660592640217,0.555905424378867,0.105,0.8679787295860931
Parp2,0.06118204591561265,0.5558702268654359,0.484,0.8679787295860931
Rgs10,0.06118735762660974,0.5558358603629974,0.579,0.8679787295860931
Pggt1b,0.061191575182081334,0.5558085737182961,0.621,0.8679787295860931
A630001G21Rik,0.06119324374850886,0.5557977786426562,0.2,0.8679787295860931
Rft1,0.06124750564051293,0.5554467769442581,0.358,0.8679787295860931
Xpnpep3,0.06135333623122103,0.5547625014774384,0.421,0.8672091336075515
Angptl4,0.06136550581971427,0.5546838418092925,0.789,0.867199074037002
Vti1b,0.0614147276073547,0.5543657453315003,0.789,0.8669275207339573
Nrros,0.06143222585356786,0.5542526838329958,0.168,0.8669275207339573
Ccdc141,0.06145985031264267,0.5540742163860225,0.326,0.8668103082927651
Erlin1,0.06148472660849373,0.5539135270930209,0.495,0.8666718425600602
Gm49708,0.06166284755745618,0.5527636048687452,0.705,0.8658881413775634
Tbck,0.06166693913443954,0.5527372037994422,0.632,0.8658881413775634
Gtpbp6,0.06168192674657046,0.5526405008107904,0.432,0.8658881413775634
Hdnr,0.06170807144366699,0.5524718296876199,0.211,0.8658881413775634
Gm9856,0.06172297259560047,0.5523757068182933,0.126,0.8658881413775634
Creb1,0.06173165139978388,0.552319726172495,0.695,0.8658881413775634
Plppr2,0.06173887747697146,0.5522731181007983,0.232,0.8658881413775634
Gpnmb,0.06177147787858327,0.5520628696959191,0.126,0.8658881413775634
Xpc,0.06177903499377981,0.552014137430307,0.326,0.8658881413775634
Bbx,0.06179485162393009,0.551912150181862,0.821,0.8658881413775634
Hopx,0.06182710465340465,0.551704207566569,0.284,0.8658881413775634
Uqcr11,0.06183582677330284,0.5516479805818837,0.895,0.8658881413775634
Ccdc77,0.06187557840658105,0.5513917574990512,0.432,0.8658881413775634
Slc30a5,0.06190480222881761,0.5512034291768072,0.642,0.8658418624783464
Pcdhgc3,0.061912407028609756,0.5511544263441628,0.105,0.8658418624783464
Prcc,0.06191463740131606,0.5511400549545372,0.421,0.8658418624783464
Mcrs1,0.06191850403333872,0.5511151407699899,0.621,0.8658418624783464
Cops2,0.06200538905903981,0.5505554511446611,0.789,0.8658178522454414
Ctsf,0.06202262330306868,0.5504444655686582,0.326,0.8658178522454414
Gpatch4,0.062038245800989926,0.5503438687251774,0.432,0.8658178522454414
Nr3c1,0.06205293365029778,0.5502492984211025,0.832,0.8658178522454414
2610037D02Rik,0.06215964128037622,0.5495624790200124,0.495,0.8658178522454414
Sec16a,0.06216699341818957,0.549515172593281,0.716,0.8658178522454414
Zfp638,0.062193245540971165,0.5493462726562335,0.832,0.8658178522454414
Pxmp4,0.062200859322534933,0.5492972921018775,0.505,0.8658178522454414
Ccnq,0.06220676983735199,0.5492592703690098,0.484,0.8658178522454414
Atp6v0e,0.06224199641688739,0.5490326879021309,0.895,0.8658178522454414
Phc1,0.062283285195944324,0.5487671702564105,0.337,0.8658178522454414
Osgepl1,0.06231404132246328,0.5485694259547791,0.295,0.8658178522454414
Akap7,0.06239495705925912,0.5480493494259753,0.505,0.8658178522454414
Isoc2b,0.062421203708921874,0.5478807036262584,0.221,0.8658178522454414
Hagh,0.062444390050373146,0.5477317425949764,0.6,0.8658178522454414
Fam13c,0.062475938571411094,0.5475290902460329,0.421,0.8658178522454414
Cox7a2l,0.06256825365898602,0.5469363126753712,0.926,0.8653674208620632
Gm13431,0.06257216293985084,0.546911217134219,0.232,0.8653674208620632
Folh1,0.06259088973615497,0.5467910086620071,0.179,0.8653674208620632
Alg14,0.06263247556257306,0.5465241126836959,0.6,0.8652577823039475
Ash2l,0.06268910749374502,0.546160753602613,0.684,0.8647965407499109
Rce1,0.06274927073709632,0.5457748661716892,0.484,0.8644135098434867
Usp4,0.06275091454342967,0.545764324654457,0.663,0.8644135098434867
Neurl1a,0.06277960118478298,0.545580376932185,0.105,0.8644135098434867
Gm13594,0.06280587979557611,0.545411896814451,0.105,0.8644135098434867
Gpr65,0.06281434146271325,0.5453576519148525,0.126,0.8644135098434867
Exosc3,0.06281711701557002,0.5453398593535043,0.684,0.8644135098434867
B3gat3,0.06283163144630223,0.5452468198404834,0.579,0.8644135098434867
Msrb1,0.06283465478000597,0.5452274408277793,0.758,0.8644135098434867
Wasf2,0.0630483968904255,0.5438582462616934,0.853,0.8638451994508648
Lrrc42,0.06306647910227368,0.5437424920162468,0.558,0.8638451994508648
N4bp2,0.06311677590404266,0.5434205777847707,0.516,0.8638451994508648
Fkbp5,0.06314434741727708,0.5432441516526663,0.8,0.8638451994508648
Arhgef3,0.06315176747381047,0.5431966765739997,0.463,0.8638451994508648
Synpo2,0.0631592504250613,0.5431488011401278,0.232,0.8638451994508648
Trnau1ap,0.0631926538774562,0.5429351132440614,0.747,0.8638451994508648
Pfdn5,0.06329062605585507,0.5423086053134445,0.884,0.8633650787587547
Ubl3,0.06329894074502916,0.5422554512558482,0.8,0.8633650787587547
9930111J21Rik2,0.06330432485978386,0.5422210331070131,0.358,0.8633650787587547
Rnf7,0.06333813051430699,0.5420049537283995,0.842,0.8632250271145898
Gm28375,0.0633651446262678,0.5418323149940096,0.137,0.8631934959641568
Plin3,0.06337437339892814,0.5417733429832134,0.779,0.8631934959641568
Itpkb,0.06341606070267618,0.5415069996896801,0.589,0.8631934959641568
Nploc4,0.06344507743143511,0.541321647613211,0.589,0.863167200915249
Cmas,0.06349272282520199,0.5410173676060566,0.684,0.8629112025565783
Alg1,0.06351398295415524,0.5408816201807952,0.337,0.8629112025565783
Fbxw9,0.06356281863189829,0.5405698643511517,0.442,0.8629112025565783
Sptan1,0.0635951808527841,0.5403633200153788,0.853,0.8629112025565783
Utp20,0.06367444976615688,0.5398575687336028,0.495,0.8625508752873411
Ttc33,0.06368194881806669,0.539809735376065,0.495,0.8625508752873411
Gopc,0.06369508054357542,0.5397259785455577,0.611,0.8625508752873411
Fdxr,0.06374552806481304,0.5394042734746675,0.463,0.8622855960072338
Hsbp1,0.06380269005442876,0.5390398642979307,0.874,0.862042999364573
Mea1,0.06392385345595772,0.538267845969868,0.589,0.8613863823217652
Flot1,0.06392735269660413,0.5382455579268284,0.674,0.8613863823217652
Acp6,0.06394390714971386,0.5381401222652593,0.221,0.8613863823217652
Crim1,0.06396920271199506,0.537979033991452,0.684,0.8613834192739517
Fuz,0.06401774716588246,0.53766995785269,0.263,0.8610935424508624
Cnp,0.06403388801633667,0.5375672106232475,0.295,0.861068502928673
Ergic3,0.06408146995568392,0.537264376457595,0.842,0.8608130995631629
Mgat4a,0.06412614382827621,0.5369801274013422,0.463,0.8605279448308483
Ifi35,0.06419285568677764,0.5365557944784605,0.621,0.8603144585163165
Fastkd1,0.06420129664066754,0.5365021160837471,0.147,0.8603144585163165
Rap1b,0.06422382416058442,0.5363588702759773,0.895,0.8603144585163165
Tada2a,0.0642763821978868,0.5360247429625515,0.516,0.8603144585163165
Bcl7b,0.06427910497365731,0.5360074362640121,0.705,0.8603144585163165
Sytl1,0.06439024031340582,0.5353012663054406,0.232,0.8599628451337202
Prepl,0.06444318432767952,0.534965014719569,0.368,0.8597691952795995
Slc10a6,0.0645120263671109,0.5345279502944402,0.126,0.8597513697495008
Cbx6,0.06457437129543155,0.5341322877568522,0.716,0.859695225079963
Parg,0.06459590534688074,0.5339956590084259,0.621,0.8595905453430983
Pdzd4,0.06474847395396754,0.5330281428557646,0.179,0.8588553237596687
Ppt1,0.06487238100487148,0.5322430267548159,0.684,0.8583803925110913
Ankra2,0.06494014011610284,0.5318139263807014,0.6,0.8580559699076186
Cap2,0.06499414647416565,0.531472042065102,0.337,0.8578283114767684
Snrpg,0.06501891065292933,0.5313153104405222,0.905,0.8577825180957487
Gm10785,0.06504035551211662,0.5311796053049374,0.137,0.8577825180957487
Osbpl11,0.06505654359203247,0.5310771770312845,0.547,0.8577675093643574
Il6ra,0.06507621934595692,0.5309526941607194,0.295,0.8577675093643574
Zfp110,0.0651354596864643,0.5305779854171804,0.6,0.8576199119535504
Rmdn3,0.06519500341265926,0.5302014908176491,0.442,0.8572756935426223
Paxip1,0.06523055238259319,0.5299767785677224,0.358,0.8571432085483085
Taf9b,0.06523756309635446,0.5299324680446276,0.263,0.8571432085483085
Sh3d21,0.06530556825271693,0.5295027443120526,0.253,0.8567227396516393
Rad23a,0.06530933469160537,0.5294789493271523,0.674,0.8567227396516393
Tfe3,0.06535776432250451,0.5291730362773324,0.632,0.8567091797545557
Usp7,0.06538155093662444,0.52902281694909,0.716,0.856638835213449
Ap4m1,0.06540449574455998,0.5288779340990185,0.305,0.856638835213449
Dimt1,0.06547615628667078,0.5284255682399666,0.453,0.8562490955272981
BC051226,0.06552190776732808,0.5281368579005115,0.158,0.8560340524178301
Mrpl46,0.06562925620737164,0.5274597563855421,0.516,0.8556078485437995
Faap100,0.0656689952250415,0.5272092125867887,0.221,0.8554325696661582
Gba2,0.06567628452746652,0.5271632619834239,0.158,0.8554325696661582
A130014A01Rik,0.06568154977328489,0.5271300719616239,0.2,0.8554325696661582
Nopchap1,0.06572771572478489,0.526839105037769,0.568,0.85537052931605
Tmem41b,0.06578473650494077,0.526479835513491,0.526,0.8550579446788159
H2-Q7,0.06580296113507265,0.5263650339704434,0.632,0.8549871432471745
Phip,0.0658065784705776,0.5263422489579572,0.842,0.8549871432471745
Arl16,0.06584110048192816,0.5261248253225741,0.411,0.8549871432471745
Abi2,0.06585072969995638,0.5260641874444278,0.674,0.8549871432471745
Mn1,0.0658585436897371,0.5260149831489078,0.147,0.8549871432471745
Srrm1,0.06588045741341104,0.5258770058935021,0.853,0.8549871432471745
Pcx,0.06594935174722037,0.5254433391999953,0.147,0.8549871432471745
Fdx1,0.0659656231688631,0.525340942344938,0.747,0.8549428970907659
Myo6,0.06604444727613062,0.524845040590616,0.463,0.854550532879776
Fam241a,0.06604493838512406,0.5248419516429991,0.316,0.854550532879776
Hint2,0.06606936959434458,0.5246882972619257,0.663,0.854550532879776
Ccdc51,0.06608266284835579,0.524604701969114,0.305,0.854550532879776
Zfp13,0.0661014652153982,0.5244864738037888,0.189,0.854550532879776
Gm26771,0.06616120598852578,0.5241109165102652,0.126,0.854550532879776
Upf3b,0.06617843238434339,0.5240026488537446,0.558,0.854550532879776
Kif21a,0.06620541161971218,0.5238331074063868,0.295,0.854550532879776
Ttc21b,0.06624359501586104,0.523593204685135,0.379,0.854550532879776
Smarca4,0.06629746300733594,0.5232548514224302,0.842,0.854550532879776
Clec12a,0.06637977086344153,0.5227380762201399,0.105,0.8540639653252442
Zfp777,0.06646741355875356,0.5221880895211675,0.421,0.8535138021890359
Bbs9,0.06647440964524451,0.5221441993954462,0.326,0.8535138021890359
Tsc22d2,0.06650169126611379,0.521973065280033,0.726,0.8535138021890359
Mlycd,0.06665734490320847,0.5209972129709559,0.411,0.8528443812054898
Selenon,0.06667289289056437,0.5208997874728812,0.768,0.8528443812054898
Rac2,0.06679516752702733,0.5201339222339368,0.305,0.852373187585688
Gmpr2,0.06680567880305699,0.5200681116933091,0.463,0.852373187585688
Ttc7,0.06688878007193948,0.5195479678056687,0.442,0.8520984086112094
Fah,0.06689521483892019,0.5195077026081365,0.526,0.8520984086112094
Tmem276,0.0669041780415693,0.5194516185050456,0.442,0.8520984086112094
Klf5,0.06693747930116573,0.5192432744604676,0.179,0.8520984086112094
Slc7a6os,0.06698408272909234,0.5189517787825391,0.453,0.851935193853151
Ubtf,0.06700594339106775,0.5188150731065838,0.832,0.8518272368098936
Accs,0.06702967011425957,0.5186667187282837,0.316,0.8518166176679665
2810001G20Rik,0.06704239242857804,0.5185871797089705,0.284,0.8518024988735442
Ndufaf8,0.06704763821285668,0.5185543852381361,0.779,0.8518024988735442
Plin2,0.06704763821285668,0.5185543852381361,0.779,0.8518024988735442
H2bc4,0.06714971999994433,0.5179164221328298,0.8,0.8511665043182163
Znrd2,0.06715101462167827,0.5179083339220034,0.747,0.8511665043182163
Tesk1,0.06716150890421635,0.5178427727652861,0.495,0.8511665043182163
Golga1,0.06716693519158905,0.517808874660273,0.558,0.8511665043182163
Apex2,0.06719413619147394,0.5176389665950754,0.621,0.8511665043182163
Sel1l3,0.06720406957265576,0.5175769258934024,0.126,0.8511665043182163
Gabrg3,0.06723098620958548,0.5174088322717667,0.232,0.8511665043182163
Plekhm2,0.06727378013007446,0.5171416427178652,0.611,0.8511665043182163
Brms1l,0.06731992322157446,0.5168536209450485,0.442,0.8511665043182163
Sun2,0.06733383936205449,0.5167667734716513,0.263,0.8511665043182163
Washc5,0.06733893215342392,0.5167349923761766,0.516,0.8511665043182163
Tle4,0.06736611713046392,0.516565363885396,0.442,0.8511665043182163
Gm14305,0.06738151510009374,0.5164692964172086,0.442,0.8511665043182163
Slc16a6,0.0674309277656133,0.5161610738258505,0.242,0.8510774530935165
Senp1,0.06745759235631714,0.5159947864482899,0.6,0.8510774530935165
Tbc1d13,0.06747390291787266,0.5158930829874717,0.442,0.8510774530935165
Ppp2r5e,0.06764479958584292,0.5148280832693413,0.789,0.8500893640690016
Sft2d3,0.06766986088741808,0.51467199992838,0.537,0.8500229302806133
Micu1,0.06771250473324218,0.5144064670295803,0.653,0.8497012587184166
Chmp2a,0.06771320591643036,0.5144021015173041,0.811,0.8497012587184166
Plscr3,0.06772318116714239,0.5143399984305161,0.779,0.8497012587184166
Lrp10,0.06777154835596291,0.5140389323946429,0.768,0.84956166018754
Arl6,0.06778262840685706,0.513969976291929,0.389,0.84956166018754
Fam229b,0.06782653225796619,0.5136967895789311,0.158,0.84956166018754
Irak1,0.06783543706764893,0.5136413894847034,0.747,0.84956166018754
Rgs1,0.06785244099869782,0.5135356102780839,0.168,0.8495483704338597
Clec7a,0.06789875730335516,0.5132475392589559,0.137,0.8495219693225328
Tns4,0.06791968043487866,0.5131174319396337,0.116,0.8494883765608886
Rtn4rl1,0.06798266233439171,0.5127258905796741,0.116,0.8491456886559688
Tmem255a,0.06803889797766358,0.5123764183537336,0.495,0.8491456886559688
Btbd9,0.06804171872357773,0.5123588922565199,0.821,0.8491456886559688
Polr1has,0.06806669923852554,0.5122036946289884,0.189,0.8491456886559688
Gtf3c6,0.06812816818989155,0.5118219062905942,0.726,0.8491456886559688
Lrpap1,0.06814754966088953,0.5117015567992784,0.8,0.8491456886559688
Ercc2,0.06815144714118952,0.5116773571005153,0.147,0.8491456886559688
Sec14l1,0.0681952880443964,0.5114051866805416,0.747,0.8491456886559688
M6pr,0.0682611061961169,0.5109967181195796,0.737,0.8491417547850438
Mark1,0.06828999530825314,0.5108174847692466,0.442,0.8491417547850438
Ms4a6d,0.06829757183195699,0.5107704839767722,0.116,0.8491417547850438
Cavin3,0.06831215524069725,0.5106800223913888,0.863,0.8491417547850438
Barx1,0.06833136100214598,0.5105609007001393,0.495,0.8490726779371983
Ociad1,0.06834796798070616,0.5104579092050096,0.789,0.8490726779371983
Bid,0.06835329586689828,0.510424869518737,0.189,0.8490726779371983
Rmnd5b,0.06835903598373531,0.5103892747079941,0.432,0.8490726779371983
AI837181,0.06837841957485633,0.51026908532727,0.684,0.8490726779371983
Cables2,0.06844455592724459,0.5098591116475111,0.221,0.8490726779371983
Mtmr1,0.06845157462478366,0.5098156132874969,0.537,0.8490726779371983
Vrk3,0.06850849659987117,0.5094629100854502,0.589,0.8488927506794338
Pfdn2,0.0685770022582392,0.5090385981205461,0.811,0.8484212170507214
Rnpc3,0.06859151700781585,0.5089487197118232,0.453,0.8484199009759404
Otud1,0.06862818944297665,0.5087216726620163,0.147,0.8483640449517819
Armc6,0.06865089145734746,0.5085811457144024,0.147,0.8483640449517819
Ldah,0.06868955982301451,0.5083418321130313,0.632,0.8483640449517819
Sestd1,0.06881353214724532,0.5075749750497052,0.621,0.8480235790154155
Fam98c,0.06882601029768667,0.5074978219176649,0.474,0.8480235790154155
Slc35c2,0.0688674753286576,0.5072414847301978,0.484,0.8480156651567092
AI987944,0.06900017667867983,0.5064215737100519,0.474,0.8476766005040173
Acot8,0.06900441361114286,0.5063954066202876,0.379,0.8476766005040173
Casp9,0.06903880107101372,0.5061830572125477,0.284,0.8476766005040173
Nepro,0.06907098455795016,0.5059843595303122,0.221,0.8476766005040173
Cerk,0.06918706918398411,0.5052680000697946,0.568,0.8467205689934436
Vps45,0.06927089675211563,0.504751026223788,0.411,0.8461713154904751
Vps35l,0.06932018633658146,0.5044471800321368,0.705,0.8460339754056878
Timm17b,0.06932727646508066,0.5044034806637994,0.705,0.8460339754056878
Plxna2,0.06933544942886566,0.5043531097746454,0.389,0.8460339754056878
Gm26749,0.06937735591721357,0.5040948764081088,0.147,0.8459353153084783
Twf1,0.06942645809956573,0.5037923895514083,0.8,0.8457638552057785
Slc38a9,0.06944643242739262,0.5036693675820928,0.4,0.8457638552057785
Abca3,0.06945712855699293,0.5036034964895308,0.505,0.8457638552057785
Ptpmt1,0.06949014515287644,0.5034001951631275,0.737,0.8457151452810511
Man2a2,0.0695076857242989,0.5032922055710997,0.747,0.8456520448211857
Rab28,0.06958492578249252,0.5028168157170771,0.726,0.8453264500580994
Pdgfd,0.06959512032174095,0.5027540887710604,0.274,0.8453264500580994
Ppp1r13b,0.06959870077490307,0.5027320592273021,0.495,0.8453264500580994
Prxl2a,0.06972968135174928,0.5019265169463683,0.547,0.8452062519186804
Arrdc3,0.06976705161908023,0.5016968097303622,0.326,0.8449815674614194
Zfp426,0.06977342458891936,0.5016576418829348,0.389,0.8449815674614194
Slc39a4,0.06978728477178735,0.5015724636222393,0.242,0.8449815674614194
Yif1b,0.06983067558852316,0.5013058524862968,0.705,0.8447971046741004
Mto1,0.06992847123443834,0.5007052264436838,0.305,0.8444960884828362
Uchl3,0.06995439281567808,0.5005460882631514,0.579,0.8443480323298046
Slk,0.06998906482630904,0.5003332705608807,0.779,0.8442507129714156
Eepd1,0.0700232758786147,0.500123328517023,0.116,0.8442261781954021
Thbs3,0.07006662470481247,0.49985737699605526,0.537,0.8440145585138005
P2ry6,0.07013664329773821,0.4994279584859944,0.116,0.8437102286041769
Appl2,0.07013666850101477,0.4994278039509932,0.316,0.8437102286041769
Zfp35,0.07024717159645102,0.49875048958858226,0.179,0.8430940628593704
Cd248,0.07028444381247131,0.4985221427654002,0.705,0.8430641363639662
Osgep,0.07029916130119493,0.4984319916895563,0.726,0.8430395074217831
Patj,0.07030462581889015,0.4983985212924512,0.326,0.8430395074217831
Krt19,0.0703247377313011,0.4982753451251525,0.537,0.8430395074217831
2410022M11Rik,0.07034364658384419,0.4981595516738577,0.274,0.8430395074217831
Arhgap17,0.07036185154745668,0.4980480819838503,0.611,0.8430395074217831
Cers4,0.07037174861424705,0.49798748734326703,0.516,0.8430395074217831
Dnm1,0.07039097443095449,0.49786978860435993,0.547,0.8430395074217831
Gm14325,0.07042726351078052,0.49764766978353037,0.632,0.8430395074217831
Dpp7,0.07045029529082054,0.49750672339724045,0.389,0.8430395074217831
Gli3,0.07055195914701703,0.496884826336794,0.747,0.8430395074217831
Cntnap2,0.07063690581192829,0.4963655042246665,0.105,0.8429788697631643
Flad1,0.07066578713380527,0.4961890029251841,0.368,0.8429788697631643
Pphln1,0.07073598392449297,0.4957601493569255,0.516,0.842665713520968
Fnbp4,0.07076274854457706,0.49559668740995544,0.716,0.842665713520968
Ggct,0.07083652652770189,0.4951462431689462,0.663,0.842665713520968
Cd59b,0.0708471346982733,0.4950814937209922,0.105,0.842665713520968
E230016M11Rik,0.0709147237208392,0.49466905285549034,0.126,0.842122687882585
Crebrf,0.07097298863586404,0.49431365451379594,0.632,0.8418757517371841
Zbtb4,0.07097927640539195,0.4942753090563011,0.705,0.8418757517371841
Rarg,0.07098942690876103,0.4942134103295738,0.589,0.8418757517371841
Pcnx4,0.07101162269621997,0.49407807253766767,0.568,0.8418757517371841
Eif2s3y,0.07102564259979118,0.49399259687404595,0.611,0.8418757517371841
Rhog,0.07106236847643865,0.4937687257723198,0.558,0.841783485779958
Aar2,0.07111373991120688,0.4934556689178853,0.421,0.8413692440637672
Plagl2,0.07123939135654633,0.4926903914807058,0.221,0.8406351455655667
Slc7a8,0.07124100477480014,0.49268056906267654,0.6,0.8406351455655667
Kcnt2,0.07126484538216063,0.49253544055041765,0.232,0.8406351455655667
Ier3,0.07129626237185868,0.49234422562739866,0.726,0.8406351455655667
Tspan32,0.0714853875912575,0.491193970558678,0.189,0.8398983202076398
Creb3,0.07153854341414238,0.49087093394256587,0.737,0.8397087951243389
Sirt7,0.07165532717456606,0.49016161455479546,0.484,0.8390890370629355
Tob2,0.07171405023691584,0.48980514836696054,0.621,0.8389572634011548
Aasdh,0.07172272953431154,0.4897524741332606,0.2,0.8389572634011548
Dnase2a,0.07172747852000734,0.4897236540395634,0.411,0.8389572634011548
Elmo2,0.07173383161513763,0.4896851005167022,0.474,0.8389572634011548
Ccng1,0.07179127708779105,0.48933656776420453,0.726,0.8387079191478461
P2rx7,0.07181536637382568,0.489190452540578,0.421,0.838622182132313
Flcn,0.07184069910805066,0.48903682003740345,0.274,0.8384785232313442
Ptpre,0.07184692629274163,0.4889990586662917,0.442,0.8384785232313442
Zmynd11,0.0718858974047123,0.4887627746765306,0.8,0.8383618222540595
Cc2d1a,0.07189072890213724,0.4887334852603943,0.358,0.8383618222540595
Ndufb9,0.07193390101744483,0.48847180935724066,0.884,0.8383618222540595
Adssl1,0.07194291889564643,0.48841715935195273,0.221,0.8383618222540595
Polr2f,0.07196367308877528,0.48829139743461025,0.842,0.8383618222540595
Zhx3,0.07200743325833467,0.4880262850204431,0.432,0.8381821776913833
Tmem35b,0.07205459787093478,0.48774063300845105,0.126,0.8381357812351811
Smyd2,0.07205513750727449,0.48773736521995437,0.684,0.8381357812351811
Fam210a,0.07207727231881167,0.4876033370387106,0.484,0.8381357812351811
Ints3,0.0720886255999259,0.48753459953694855,0.463,0.8381357812351811
Stxbp6,0.07208915382602486,0.4875314015609873,0.316,0.8381357812351811
LTO1,0.07226282160441154,0.48648058969100416,0.379,0.837324031023493
Exoc6,0.07233966132089588,0.486016040155423,0.442,0.8366443862575146
Hoxaas3,0.07234779983975301,0.4859668509765376,0.358,0.8366443862575146
Tmem107,0.07235535884406911,0.4859211667546076,0.411,0.8366443862575146
Spock2,0.0724183874933057,0.48554033060924284,0.126,0.8366443862575146
Dlgap4,0.07250827709333282,0.484997468409074,0.779,0.8359696530559505
Nmnat3,0.07257511695749073,0.4845940181610795,0.411,0.835514126372786
Vps13a,0.07259484446555325,0.48447497570545506,0.642,0.835514126372786
Mdh1,0.07267319663809665,0.4840023261915215,0.853,0.8352135571402125
Tmem134,0.07275724161567851,0.48349560918088264,0.8,0.8346990337073843
Ccdc171,0.07276348105470927,0.48345800217039814,0.411,0.8346990337073843
Stk40,0.07282412151084516,0.4830925849332349,0.642,0.8346990337073843
9530077C14Rik,0.07292438996090166,0.4824886946433057,0.137,0.8341600801414214
9430038I01Rik,0.07308143642045441,0.481543657165313,0.379,0.8333790599360272
Yars,0.07317526646673712,0.48097950187505156,0.653,0.832987331363608
Churc1,0.073190938815706,0.4808853060426509,0.811,0.8329471825813776
Faf1,0.07325418910535664,0.4805052520210874,0.779,0.8325290852838667
Hdac5,0.07329547729267617,0.48025724926658686,0.6,0.8323396062274695
Pgap2,0.07333265775332011,0.4800339788450637,0.737,0.832192894021467
Sf3b6,0.0733882218196425,0.4797004178074977,0.853,0.8318548406433601
Iffo1,0.07339677632017831,0.4796490746606117,0.263,0.8318548406433601
Dync2i2,0.07343224217174583,0.47943624408470076,0.295,0.8317571135276697
Ensa,0.07344604056676496,0.47935345361707227,0.726,0.8317336586098536
Bnc2,0.07347610558014767,0.47917308990956053,0.768,0.8317336586098536
Pfdn1,0.07357265273989497,0.4785941381517159,0.821,0.8312504323571464
Ssh3,0.07361319532300249,0.4783511338585509,0.232,0.8309551597568896
Btaf1,0.07372821052101285,0.47766211646896806,0.737,0.8299984127992618
Abi3,0.07378796700456117,0.47730434638349095,0.284,0.8298242357401626
4932438H23Rik,0.07379705813711292,0.47724992919906417,0.295,0.8298242357401626
Rslcan18,0.07389671516038034,0.4766536269065763,0.137,0.8295109576341264
Dop1a,0.07390339876689288,0.47661364961519936,0.558,0.8295109576341264
Nufip1,0.07393976797992136,0.4763961426492642,0.516,0.8295109576341264
Agps,0.0740093508843946,0.47598014953376255,0.747,0.8291155745614227
Reep1,0.07407243658197288,0.4756031685747195,0.137,0.8288196291838399
Oas1a,0.07407445183710719,0.4755911286782949,0.263,0.8288196291838399
Ube4a,0.07407484329606899,0.47558878997346654,0.684,0.8288196291838399
Nt5c,0.0741835210797378,0.47493975313824266,0.758,0.8285052471205694
Agap1,0.07421558522031978,0.4747483536444559,0.768,0.8282917004081637
Dusp16,0.07438577040063064,0.47373317024155204,0.516,0.827377507401223
Med11,0.07441027940717894,0.4735870666567138,0.4,0.8273475788370671
Igf1r,0.07444800828874489,0.4733622041395895,0.811,0.8271954570083031
Slco2a1,0.0744751229076898,0.47320063786101385,0.253,0.8270334874522842
Dennd2a,0.07449777635698553,0.4730656769795166,0.474,0.8269230232061076
Mrpl11,0.07454093356279402,0.4728086199660778,0.695,0.8269230232061076
Arhgap19,0.07457611720813044,0.47259911180785075,0.147,0.8268518982828522
Trim25,0.07458688138336901,0.472535024388947,0.684,0.8268518982828522
Mpzl3,0.07474664107647962,0.4715844056851093,0.126,0.8262533137401294
Pdzd2,0.07483849554704668,0.47103831369354676,0.2,0.8256579609515936
Zdhhc1,0.07492346542645366,0.47053345766002497,0.568,0.8252549263984691
Tmem185a,0.07492770029129424,0.4705083035283293,0.432,0.8252549263984691
Rchy1,0.07493959970278244,0.470437627646608,0.811,0.8252549263984691
Tmem63a,0.07496471874873661,0.4702884534312922,0.589,0.8252549263984691
Idh2,0.07496769064072745,0.4702708059878137,0.811,0.8252549263984691
Trim39,0.07506197440560808,0.46971112474226095,0.253,0.8245368344377113
Eci2,0.07511947962323909,0.46936994384675634,0.789,0.8244185072802813
Isy1,0.07512564002398955,0.46933340192388606,0.537,0.8244185072802813
Eml6,0.07515115352252386,0.46918207884955376,0.284,0.8244185072802813
Lpin1,0.07515205036691577,0.4691767600601021,0.379,0.8244185072802813
Lima1,0.07515754759299413,0.46914415914802354,0.905,0.8244185072802813
Dhrs7b,0.07521830825262131,0.4687839044528914,0.516,0.8243538870483109
Xrcc5,0.07522151057668532,0.4687649218021157,0.537,0.8243538870483109
Dync2i1,0.07524554019107312,0.4686224930499606,0.421,0.8243538870483109
Ogfrl1,0.07525632199858125,0.4685585945902917,0.295,0.8243538870483109
Trim34a,0.0753338216645324,0.46809943191168335,0.274,0.8242366738471304
Mllt10,0.07535702807182137,0.4679619885012515,0.747,0.8241155171508546
Diablo,0.07537924965034695,0.4678303985013238,0.716,0.8240046347081406
Nol11,0.07542898640887975,0.46753594437094725,0.589,0.8237276719093124
Pfas,0.07548377391973682,0.46721170551835123,0.253,0.8233980549183684
Acp2,0.07551311135052587,0.46703813363502655,0.484,0.8232129874568062
2310057M21Rik,0.07552160162210497,0.4669879083840559,0.337,0.8232129874568062
Gm56829,0.07552472741945011,0.46696941808577763,0.105,0.8232129874568062
G930009F23Rik,0.0756000963271804,0.4665237028600048,0.189,0.823210357854408
Ube2w,0.07565235302630816,0.466214804583698,0.8,0.823210357854408
Adam22,0.07570867769500199,0.46588198497942657,0.105,0.823210357854408
Scarletltr,0.07570867769500199,0.46588198497942657,0.105,0.823210357854408
Nagk,0.07574607871989544,0.4656610559714327,0.684,0.823210357854408
Sil1,0.07574743685510162,0.46565303450249096,0.716,0.823210357854408
Acot6,0.07579241787401055,0.4653874086046601,0.116,0.823210357854408
Gm8773,0.0758857920399462,0.4648362718014828,0.232,0.822944725306307
Dhrs9,0.07589711364494299,0.464769470823328,0.389,0.822944725306307
C1galt1,0.07593262940755567,0.46455995090820357,0.695,0.8228309972790677
Gatd1,0.07599756026965036,0.46417703472020666,0.558,0.8227596185245825
Trappc4,0.07600370149847195,0.4641408270559524,0.8,0.8227596185245825
Usp48,0.07610874038450172,0.46352177477836043,0.674,0.8223265292204158
mt-Nd5,0.07614874281745916,0.4632861373495316,0.926,0.8221514411995013
Isyna1,0.07635655484519899,0.4620630619287398,0.768,0.8206884787997017
Gm14964,0.07635897835918143,0.46204880883083277,0.389,0.8206884787997017
Unc93b1,0.07636851180814447,0.4619927433389629,0.568,0.8206884787997017
Afg1l,0.07639879428282269,0.46181467918070873,0.389,0.8206884787997017
Pdxk,0.07643740760385402,0.46158768345471335,0.253,0.8206884787997017
Adar,0.07647350606573161,0.4613755272623038,0.558,0.8206884787997017
Ankrd12,0.07648326449497024,0.46131818468150465,0.863,0.8206884787997017
Trim5,0.07657329231275585,0.46078934711721176,0.179,0.8202665219920476
Ints14,0.07671339779145092,0.45996700913200594,0.505,0.8200183932662205
Neurl3,0.07678742521615319,0.45953283751022656,0.189,0.8198275732319618
Akt2,0.07681540847027385,0.4593687742519783,0.821,0.8196821032015906
Tmem276-zftraf1,0.07683545463424907,0.45925126527107496,0.337,0.8196265103697598
Acacb,0.07683712028169541,0.4592415021268217,0.137,0.8196265103697598
Gm42595,0.07686902065958286,0.4590545410599667,0.147,0.8196265103697598
Ipo8,0.07686910202447463,0.4590540642519608,0.6,0.8196265103697598
Gna12,0.07695518122057642,0.458549782799894,0.768,0.8194384941328066
Ercc6,0.07698189524983513,0.4583933450048926,0.379,0.8192808713119597
Tent5b,0.07699632962386528,0.458308829327151,0.105,0.819251766224669
Sumo1,0.07711396761065167,0.45762035986001026,0.863,0.8184788828556526
Ei24,0.07717229083817649,0.4572792384511921,0.758,0.8184639221066753
Rab40c,0.07717624624056243,0.45725610914651027,0.505,0.8184639221066753
Auts2,0.0772316778920056,0.4569320393206433,0.737,0.8182015787002965
Ctsd,0.07727727615440508,0.4566655535847324,0.895,0.8181413461491915
Mbnl1,0.07734211577345007,0.4562867653673235,0.905,0.8179442530071531
Col4a6,0.07751925072045472,0.45525284268468047,0.611,0.8165573054700894
Dtx3l,0.07752096260541341,0.45524285688261146,0.579,0.8165573054700894
Vdr,0.07764354289293268,0.4545281345069826,0.263,0.8162607405063327
Kbtbd11,0.07770546333842983,0.45416733487174643,0.126,0.815734807749448
Cd99l2,0.07770850068013475,0.45414964089936594,0.653,0.815734807749448
Ppip5k2,0.07770902865982353,0.45414656520342567,0.421,0.815734807749448
Cd200,0.07772462035899284,0.4540557424370515,0.421,0.815734807749448
5031425E22Rik,0.07773581634521595,0.45399053122943334,0.589,0.815734807749448
Mettl17,0.07773972564114154,0.45396776269426886,0.158,0.815734807749448
Csnk2b,0.07776998591471439,0.45379154213332795,0.821,0.815734807749448
Gar1,0.07781017634597523,0.4535575520421632,0.621,0.815734807749448
Yeats2,0.07782312329081091,0.4534821887422389,0.663,0.815734807749448
Gprc5b,0.07793411141089947,0.4528364196076783,0.768,0.8150512502217648
Eefsec,0.07795849584653243,0.45269461060082716,0.421,0.8149181693379508
Nt5m,0.0779703854231416,0.4526254750738261,0.526,0.8149158913197525
Pard6b,0.07799688166420614,0.4524714258028181,0.137,0.8148839360839062
Ppp4r2,0.07802746869813541,0.45229362888560776,0.8,0.8148481267547897
Nrtn,0.07803745224997996,0.4522356047062345,0.158,0.8148481267547897
Abca2,0.07815034740018664,0.4515797487065064,0.316,0.8146266975665686
9130019P16Rik,0.07819051616825773,0.45134651894902067,0.126,0.814567511351404
Rpusd1,0.07820375465359389,0.4512696677355682,0.263,0.814567511351404
Zfp273,0.0782314243311423,0.4511090650070757,0.105,0.8145062471488659
Plxnb2,0.07824730764580658,0.45101688808092777,0.811,0.8145062471488659
2310061I04Rik,0.07827466674754724,0.4508581373841901,0.221,0.8144205890735626
Slc38a1,0.07829718478290215,0.45072750023900887,0.726,0.8144205890735626
Ap1g2,0.07840458673455884,0.45010470390993695,0.232,0.8135491765537578
Baiap2l1,0.0784368590636683,0.4499176587371311,0.663,0.8135491765537578
Arnt,0.07844658996420471,0.4498612685250334,0.737,0.8135491765537578
Zfp652,0.07846690411407894,0.44974356147305605,0.726,0.8135491765537578
Tbc1d15,0.0785053950792344,0.4495205789213542,0.684,0.8135093200580044
Phf6,0.0785457008394392,0.4492871491736614,0.558,0.8132957636255318
Wdr12,0.07863509481837942,0.44876966775578175,0.547,0.812604041734832
Arfgap3,0.07869336839426115,0.44843251454176913,0.589,0.8124147231439479
Tcn2,0.0787015253851213,0.4483853319616421,0.747,0.8124147231439479
Pdia4,0.07871403891275998,0.4483129552045081,0.884,0.8124147231439479
Pgam5,0.07885853356561602,0.4474776882816557,0.484,0.811978933534508
F420014N23Rik,0.07891642874120781,0.44714326336211596,0.189,0.8117971029976395
Nop10,0.07896051647643886,0.4468886893759072,0.832,0.8115233655983843
1700088E04Rik,0.07907111605355199,0.4462504159420133,0.147,0.8107321446838786
Gm16201,0.07908244942981141,0.44618503954787403,0.168,0.8107321446838786
Pigo,0.079100669430876,0.446079949018656,0.189,0.810667768710005
Tff1,0.07910978400095885,0.4460273826015839,0.137,0.810667768710005
Ifngr1,0.07911781077527338,0.44598109269807906,0.758,0.810667768710005
Il18r1,0.07921996979562695,0.44539218323420804,0.316,0.8102763551656266
Trmt44,0.07923001154128116,0.44533431978207494,0.105,0.8102763551656266
Chn2,0.07924065378865164,0.4452730006661444,0.242,0.8102763551656266
Scpep1,0.07926517476320925,0.44513173232295833,0.768,0.8102763551656266
Sgsh,0.07939022385580138,0.4444117002722746,0.284,0.8095096901413478
Zfp212,0.07941303503162316,0.44428042418891833,0.368,0.8095096901413478
Slc7a11,0.07944536804576775,0.4440943881666779,0.116,0.8093869639825898
Cnbp,0.07947619456967316,0.44391706085659555,0.895,0.8093094670065507
Fbxl3,0.07953658289393584,0.4435697967696247,0.684,0.8090448959156743
Arid1b,0.0795373202273328,0.4435655576649662,0.842,0.8090448959156743
Zfp595,0.07955643609960632,0.44345566392602753,0.221,0.8090448959156743
Gm26632,0.07956294696325705,0.4434182376265391,0.337,0.8090448959156743
Ccdc71,0.07956799679681349,0.44338921096689676,0.453,0.8090448959156743
Phf21a,0.07959473319899871,0.44323554677994614,0.863,0.8090448959156743
Zfp608,0.0795956242593096,0.44323042603587515,0.421,0.8090448959156743
Ube2g1,0.07977445439723369,0.4422033986524667,0.789,0.8080255984812309
Nfic,0.07978977513195139,0.4421154735117123,0.842,0.8080255984812309
Naa16,0.07991496028354987,0.44139740933895766,0.558,0.8072899762273975
Sirt3,0.07999892954835335,0.4409161286572265,0.295,0.8066554863305377
Col4a5,0.08000201258627387,0.44089846346017125,0.821,0.8066554863305377
Slc16a10,0.0800210218296074,0.4407895530740207,0.274,0.8066554863305377
Lsm10,0.08004485355738865,0.4406530344767041,0.6,0.8066554863305377
Numb,0.08005239494146371,0.4406098390859623,0.716,0.8066554863305377
Zc3h7b,0.08006012881369959,0.440565543645827,0.579,0.8066554863305377
Pik3r5,0.08015248415368902,0.4400367763012295,0.305,0.8066554863305377
Gm56680,0.0802023201406269,0.4397515963123707,0.105,0.8064911282912226
Ifitm6,0.08021374721982703,0.4396862210394037,0.116,0.8064911282912226
Dcp1a,0.08025047562442049,0.4394761319439223,0.421,0.8062322255539611
Mpeg1,0.08033104982917959,0.43901544041812124,0.158,0.8060159731285
Gbp9,0.08034005704251088,0.438963957689263,0.284,0.8060159731285
Cd300lf,0.08034900126099188,0.4389128383978673,0.126,0.8060159731285
A530020G20Rik,0.08038867710359264,0.4386861178517849,0.432,0.8060159731285
Pcyt1a,0.0804847045317486,0.4381376603191546,0.568,0.8054997530932612
Car13,0.08050343693802638,0.43803071602410226,0.516,0.8054264635989887
Plxnb1,0.0805067386977318,0.4380118676350051,0.232,0.8054264635989887
Prkar2a,0.08052849381604225,0.437887688079608,0.568,0.8054264635989887
Nckipsd,0.08054256524877074,0.43780737808634085,0.168,0.8054264635989887
Cdk20,0.08060690872648181,0.4374402562963632,0.221,0.8053771891010364
Vamp8,0.0806196803444413,0.43736740656757256,0.821,0.8053771891010364
Rpp38,0.08072280359026199,0.4367794399122299,0.389,0.8052219768196138
Canx,0.08075490872791036,0.4365964809893603,0.926,0.8050082842812115
Slirp,0.08081762846777436,0.4362391826643035,0.811,0.804843863898324
Gbp8,0.08083020288841677,0.4361675693615612,0.432,0.804843863898324
Phactr1,0.08083772029641563,0.4361247597251875,0.326,0.804843863898324
Pank3,0.0808534856373765,0.43603498804621776,0.632,0.804843863898324
Tmem69,0.08093537950966,0.43556883310372807,0.211,0.804843863898324
Hspa8,0.08094071553388886,0.43553846929202666,0.947,0.804843863898324
Zfp458,0.08108289743310719,0.43472984796206626,0.116,0.8042837110139491
Tex14,0.08113328295271763,0.43444349864906173,0.116,0.8041256494958046
Orc4,0.08115146099491143,0.434340216117984,0.579,0.804058429683724
Dnajc17,0.08118661331620536,0.43414053008815623,0.347,0.8040539836910565
Mesd,0.08122298129065193,0.4339339933631775,0.789,0.8038021379684777
Usp50,0.08125734578694183,0.4337388859024134,0.316,0.8035646972736118
Leo1,0.08128471814502826,0.43358351262696027,0.484,0.803524808784058
Phf23,0.08128969640453158,0.43355525801571015,0.579,0.803524808784058
Bbs12,0.08129591346189197,0.4335199739537362,0.147,0.803524808784058
Nfkbil1,0.08135084153737401,0.4332083081251624,0.516,0.8034495143124537
Begain,0.08143471569048383,0.43273264628028096,0.232,0.803063506010407
Slc19a2,0.0814410215274198,0.4326968970365275,0.137,0.803063506010407
Nipal3,0.08145404107732215,0.43262309152667755,0.179,0.803063506010407
Crat,0.08147664755993206,0.4324949564356855,0.4,0.803063506010407
Gm5113,0.08151117434979596,0.4322992979515007,0.116,0.8028797634189743
Necap1,0.08154301161727165,0.4321189253109914,0.389,0.8027981962973741
Gm16685,0.08159815433526701,0.4318066181494591,0.189,0.8025908247744591
Anks1,0.0816607493461436,0.4314522600412962,0.579,0.8024240153368278
Recql5,0.08167847283855027,0.43135195529048276,0.274,0.8024240153368278
Spcs2,0.081683851379303,0.4313215184808551,0.884,0.8024240153368278
Slc8a1,0.08175035758679937,0.4309452654445409,0.789,0.8024240153368278
Zfp954,0.08180286621267611,0.43064833485498044,0.189,0.8024240153368278
Adk,0.0818387190930973,0.4304456578146997,0.758,0.8024240153368278
Pgpep1,0.08187847448274298,0.43022098350391513,0.347,0.8024240153368278
Gpr108,0.0819047590476984,0.4300724752364644,0.684,0.8024240153368278
Snhg1,0.08198943484105287,0.42959425464009604,0.789,0.802198789341156
Syngr1,0.08200714036782547,0.42949429817279683,0.158,0.8021368856992956
Sepsecs,0.08202994260544966,0.4293655878364131,0.4,0.8021368856992956
Akirin1,0.08203110301255676,0.4293590383501451,0.632,0.8021368856992956
Acsl4,0.08204807366293561,0.42926326035286533,0.884,0.8021368856992956
Hmgn3,0.08211957994992292,0.42885983141647643,0.737,0.8021368856992956
Rfc1,0.08213153870178111,0.42879238290947375,0.768,0.8021368856992956
Mob1b,0.0822294761375474,0.42824023479424633,0.747,0.8012904003700352
Mib2,0.08222990743367109,0.4282378041491657,0.305,0.8012904003700352
Slc39a1,0.08225820190349291,0.42807836294878976,0.884,0.8012372414537986
Sqstm1,0.08234729536617501,0.42757653749743374,0.874,0.8007972992874258
Polr3b,0.08241814650050354,0.42717770399850674,0.432,0.8002999987377236
Gm10509,0.08245794422038523,0.4269537691958356,0.189,0.8001301555695954
Alpk1,0.08263929456312519,0.42593419508264985,0.463,0.7988428429174285
Saal1,0.08271541771581782,0.4255066381047261,0.463,0.7984752860290902
Myo9a,0.08279394825793558,0.4250658180904703,0.747,0.7979620509400057
Zfp235,0.08282336337728106,0.4249007680895258,0.137,0.7979017082344285
Zfp11,0.08283018121993972,0.42486251802376385,0.105,0.7979017082344285
Cachd1,0.08285428938569468,0.4247272801265365,0.421,0.7979017082344285
Ebna1bp2,0.08295623399254717,0.424155682211642,0.747,0.7972506694294279
Mrps12,0.08296511907321372,0.4241058850169207,0.779,0.7972506694294279
Dcaf12l1,0.0829873700374341,0.42398119234335097,0.137,0.7971722794341709
Podn,0.08299391847465623,0.4239444994280941,0.305,0.7971722794341709
Tmem41a,0.08305546762845017,0.4235997098258052,0.337,0.7968293460564692
Mir99ahg,0.08309029612113937,0.4234046770986801,0.747,0.7968293460564692
Ovca2,0.08314552454945724,0.42309551475152873,0.105,0.7967546809318704
Fmo5,0.08315396460357617,0.4230482797618298,0.189,0.7967546809318704
Cdca7l,0.08318365709777067,0.4228821290618603,0.168,0.7967124917239004
2900076A07Rik,0.08326463563205473,0.4224291874801145,0.274,0.796547764015295
Gaa,0.08327245014661805,0.4223854929365096,0.768,0.796547764015295
Gm46430,0.08328227323665709,0.42233057122002315,0.295,0.796547764015295
Tst,0.08339099956036383,0.42172294828794754,0.737,0.7960977983433206
Abhd16a,0.08353902770028758,0.4208964963085272,0.632,0.7954831152489353
Zfpm2,0.0835767776795927,0.4206858851655545,0.832,0.7953044844534252
Psma5,0.08360887588526852,0.4205068537611456,0.853,0.7952639491373341
Stard5,0.08366692215769783,0.4201832058522823,0.495,0.7948857338377744
Aebp2,0.08366880965059466,0.4201726841979938,0.779,0.7948857338377744
Exoc6b,0.08374490197097588,0.41974864142886337,0.842,0.7944391452768541
Fcf1,0.08379091117435711,0.4194923641617856,0.716,0.7940792710847484
Nsmf,0.08385734260400149,0.41912249215206265,0.442,0.7939076141832531
Ndufa1,0.08390329801884622,0.4188667354505765,0.853,0.7939076141832531
Rsrp1,0.0839115456352184,0.41882084436923495,0.863,0.7939076141832531
Atraid,0.08391320524072159,0.41881161040555803,0.842,0.7939076141832531
Nipsnap1,0.08392062039426768,0.418770354294297,0.211,0.7939076141832531
Snx20,0.08393631029878612,0.41868306723671667,0.179,0.7939076141832531
Zfp84,0.08397253935861475,0.4184815557132241,0.305,0.7939076141832531
Adck5,0.08402006857407494,0.4182172762030588,0.337,0.7939076141832531
Ahnak,0.08403884917368634,0.41811287597741575,0.937,0.7939076141832531
Rdh13,0.08406557110244561,0.41796435640770435,0.2,0.7939076141832531
Abcc3,0.08414991021325846,0.41749580304615086,0.168,0.7938905576427311
Ppie,0.08420719110230454,0.41717774774287664,0.579,0.7935762384582888
Kif13b,0.08428665445801427,0.4167367558428502,0.674,0.7933349510707404
Rars,0.08430213117023752,0.4166508973629153,0.779,0.7933281517025886
Tgoln1,0.08435550867282993,0.41635485953965246,0.832,0.7930553601439991
Gpbp1l1,0.08437249797806312,0.41626066050537547,0.653,0.7930553601439991
Snx33,0.08438586856525662,0.41618653454509247,0.389,0.7930553601439991
Slu7,0.08441506013792167,0.41602472435812776,0.632,0.7930553601439991
Maf1,0.08447503958756916,0.415692370276729,0.758,0.7930553601439991
Fam3a,0.0844838647189055,0.41564348207544133,0.547,0.7930553601439991
Myg1,0.08457270390546871,0.41515152954987256,0.653,0.7927360711363423
Eif4a2,0.0845864183197045,0.415075615299784,0.842,0.7927360711363423
Stradb,0.08462495328125375,0.41486235353252177,0.305,0.7925620173213983
Ift140,0.08467204834281741,0.41460180465091667,0.295,0.7923519991855109
Cct3,0.08475248312279365,0.4141570271802997,0.863,0.7918444944830985
Slc15a4,0.08480172796104675,0.4138848567816512,0.337,0.7915917172063426
Glrx2,0.08481617178840306,0.41380504721031497,0.789,0.7915917172063426
Gm26652,0.08483260199833077,0.4137142727487332,0.189,0.7915917172063426
Elf1,0.08485100982059467,0.4136125860477067,0.779,0.7915917172063426
Utp11,0.08500950133045916,0.41273766502401166,0.747,0.7915631365923904
Arrdc1,0.0850396332430414,0.41257144990504513,0.379,0.7915631365923904
Stat2,0.08508239512397506,0.4123356317504461,0.516,0.7915631365923904
Dusp22,0.08511956199236749,0.4121307321800529,0.516,0.7915631365923904
Atp6v0a1,0.0851536926179374,0.4119426236324325,0.789,0.7915631365923904
Tbcd,0.08517302995821578,0.4118360694748894,0.621,0.7915631365923904
Bicd1,0.08520213987430525,0.4116756960234257,0.768,0.7915631365923904
Snap29,0.08521784966817476,0.41158916217852604,0.484,0.7915631365923904
Washc3,0.08524722989535129,0.41142735634461824,0.684,0.7915411420653472
Cisd3,0.08525486229932357,0.41138532845576936,0.4,0.7915411420653472
Dclre1c,0.08525632325890535,0.4113772839568801,0.284,0.7915411420653472
Parp3,0.08528271998471472,0.41123195117826594,0.611,0.7915411420653472
Bola3,0.08529198208604916,0.4111809638196602,0.716,0.7915411420653472
Phldb3,0.08537826297989755,0.41070616965634643,0.116,0.7915411420653472
Vps9d1,0.08538037992851996,0.41069452435144604,0.305,0.7915411420653472
Cltc,0.08538210841311124,0.4106850161248581,0.884,0.7915411420653472
Cul4a,0.08538581465940417,0.41066462885601507,0.779,0.7915411420653472
Tomm6,0.08539632551160976,0.41060681412113675,0.958,0.7915411420653472
Kbtbd7,0.08548820381565587,0.41010164187250275,0.2,0.7915271522204052
Ugp2,0.08549417680807513,0.41006881329911427,0.884,0.7915271522204052
Tut4,0.08549806103082716,0.41004746578058093,0.842,0.7915271522204052
Rab23,0.08550789615726424,0.4099934152614847,0.326,0.7915271522204052
Tmem120a,0.08561461551088197,0.4094071898295548,0.611,0.79133163687757
Oga,0.08570951232499942,0.4088863196353226,0.779,0.7907067224772618
Mfsd7a,0.08589834013510714,0.40785103541792267,0.284,0.7889545904493291
6030458C11Rik,0.0859227632178087,0.4077172435694052,0.389,0.7889542213598466
Trerf1,0.08594686975014908,0.407585211050978,0.842,0.7888258589763206
Tecpr2,0.08596686444328687,0.4074757182786004,0.442,0.7887512910631306
Rtn3,0.08599848458541264,0.4073025986983895,0.884,0.7887512910631306
Gm1976,0.08604221098873245,0.4070632687051342,0.389,0.7887056103505803
Pdp1,0.08606848201600911,0.40691951781744007,0.474,0.7885641189358253
Srp54c,0.08607129385894416,0.4069041336247814,0.221,0.7885641189358253
Zfp33b,0.08608068745327156,0.40685274174086383,0.368,0.7885641189358253
Fads2,0.08611484998772076,0.4066658723488765,0.684,0.7885641189358253
Pick1,0.08612700368005573,0.40659940368783787,0.284,0.7885641189358253
Rac1,0.08620754377069793,0.40615909035548403,0.874,0.7885641189358253
Ehd1,0.0863294046061385,0.40549340890479557,0.705,0.7883353887175972
6330418K02Rik,0.08638116468095473,0.4052108565940117,0.147,0.7879136445545422
Apip,0.08638280151538182,0.40520192319146575,0.589,0.7879136445545422
Zfp219,0.08638455367560287,0.40519236050005547,0.463,0.7879136445545422
Psip1,0.08645688426023378,0.4047977207190466,0.811,0.7876232242518851
Anxa4,0.08646975508932231,0.40472752044920035,0.695,0.7876232242518851
Fig4,0.08647481763140835,0.4046999102186929,0.411,0.7876232242518851
Zbtb33,0.08647906662387482,0.4046767378027367,0.495,0.7876232242518851
Sirt2,0.08649764577166608,0.4045754232484571,0.779,0.7876232242518851
Gm14167,0.08669313700652954,0.4035102886954479,0.105,0.7874279797222971
Pus1,0.08669653912925918,0.4034917668578798,0.495,0.7874279797222971
Ipo7,0.08670291769162368,0.4034570420367056,0.747,0.7874279797222971
Dbp,0.08674398703604354,0.4032335031593546,0.253,0.7873840742290406
Taldo1,0.08689658971021955,0.40240353232884785,0.853,0.7862748922168391
Rab11fip5,0.08695900594610236,0.4020643553657799,0.495,0.7858679334001171
Aebp1,0.08702713464852475,0.4016943288418636,0.926,0.7855283072319637
Itgb1bp1,0.08706188997407795,0.4015056401647963,0.6,0.7855283072319637
Clip4,0.08708443264983087,0.40138328265778545,0.189,0.7855283072319637
Glis2,0.087098335399273,0.40130783206472864,0.474,0.7855283072319637
Fam83h,0.08711656340645786,0.4012089208741817,0.116,0.7855283072319637
Pomgnt1,0.08713167228671734,0.4011269460127519,0.484,0.7855283072319637
Sfxn1,0.08718400179299778,0.4008431031133809,0.853,0.7855283072319637
Tomm40l,0.0872123211919686,0.400689544057069,0.263,0.7855283072319637
Svil,0.08723507106673258,0.4005662103658437,0.789,0.7855283072319637
Slc18b1,0.08725748209672202,0.40044473559432936,0.253,0.7855283072319637
Lactb2,0.08728267619996935,0.4003082017038032,0.432,0.7855283072319637
Rdm1,0.08729010710648602,0.40026793680052797,0.516,0.7855283072319637
Wwox,0.0874119761503639,0.399607922351105,0.811,0.7855283072319637
Lmbrd2,0.08748502403897869,0.39921262082702424,0.421,0.7855283072319637
Plekhf1,0.08749643662930418,0.3991508820614511,0.358,0.7855283072319637
Ywhae,0.08754812088359407,0.39887135618325453,0.947,0.7855283072319637
Pdhb,0.08757984784860691,0.3986998234964737,0.684,0.7855283072319637
Smg7,0.08759201345636776,0.39863406140345536,0.674,0.7855283072319637
Il17ra,0.08759904922404782,0.398596031973408,0.442,0.7855283072319637
Usp54,0.08766189339514925,0.3982564446971907,0.558,0.7855283072319637
Shprh,0.08775029107056688,0.3977790658018948,0.611,0.7852329551625098
Tulp2,0.08775921437403655,0.39773089565014685,0.179,0.7852329551625098
Tigar,0.08777030955735879,0.39767100598996263,0.126,0.7852329551625098
Prmt5,0.08784130429308361,0.3972879167040948,0.568,0.7849656106411167
Cyp27a1,0.08787567449222031,0.3971025329739285,0.105,0.7847284584295523
Cipc,0.0879123382810004,0.3969048348254537,0.284,0.7846616775185467
Tarbp1,0.08791582540630716,0.3968860346229157,0.126,0.7846616775185467
Tram1,0.08797607682516549,0.3965612835157477,0.863,0.7846616775185467
Cebpb,0.08797916894004658,0.39654462148142344,0.926,0.7846616775185467
Nphp1,0.08801464282480286,0.39635349820687005,0.316,0.7846616775185467
Cracr2b,0.08802532661060326,0.3962959477068734,0.211,0.7846616775185467
Acaa1a,0.08803169344245017,0.39626165376404343,0.821,0.7846616775185467
Srcap,0.08810610921610972,0.3958609555672601,0.684,0.7846616775185467
Anapc1,0.08811819681867958,0.39579589156004114,0.8,0.7846616775185467
Tyw5,0.08817618083286415,0.39548386904862176,0.284,0.7846616775185467
Slc10a7,0.08822331867774967,0.3952303195358887,0.716,0.7846616775185467
Mfap1b,0.08827588083533745,0.39494770723229167,0.674,0.7844995794520209
Usp49,0.08831270391428547,0.3947497912606712,0.189,0.784468842050129
Ralgds,0.08839770112384752,0.3942931752658497,0.411,0.7838208866584533
Il17rd,0.0884105785045357,0.3942240237483613,0.358,0.7838131897907888
Smdt1,0.08846662369291775,0.39392314525989813,0.863,0.7836375960373458
Syf2,0.08849810627050088,0.39375419110272847,0.768,0.7835845172157545
Tm6sf1,0.08850284776949624,0.39372874915119294,0.179,0.7835845172157545
Map1s,0.08855061417813094,0.39347249861563394,0.389,0.7835845172157545
Zfp955b,0.08857626928884003,0.39333490869941157,0.432,0.7835845172157545
Apba1,0.08861398836862489,0.3931326710557037,0.2,0.7835845172157545
Mapk13,0.08871976833950933,0.39256584339634526,0.295,0.7835845172157545
Aco1,0.08882020673113326,0.3920280902634111,0.589,0.7835845172157545
Zfp36l2,0.08887023720636222,0.39176038822465953,0.884,0.7835845172157545
Mast4,0.08889825430510319,0.3916105225857913,0.884,0.7835845172157545
Ogfod3,0.08899741885840143,0.39108035872140745,0.421,0.7834003782395627
Mgme1,0.08902412037360796,0.3909376776039366,0.168,0.7833814811688112
Efna2,0.089045556007363,0.39082315754364405,0.526,0.7833814811688112
Dleu2,0.08911113699876785,0.390472915030736,0.695,0.7833814811688112
Gm14410,0.08912601401957365,0.3903934887794991,0.284,0.7833814811688112
Anapc13,0.08918280153721671,0.3900903972919362,0.821,0.7833814811688112
Zfp575,0.08921962312324931,0.389893945014815,0.137,0.7833814811688112
9430091E24Rik,0.08937355530742859,0.38907331974944126,0.105,0.7829910685329964
Trpm6,0.08948349572965957,0.3884878517658952,0.232,0.78270557080337
Rimoc1,0.08949038571531852,0.3884511779682782,0.516,0.78270557080337
Psmd4,0.08959386040176752,0.3879006557064425,0.8,0.7821197603807313
Gclm,0.08976742772649215,0.3869782665649131,0.6,0.7815724216391777
Clns1a,0.08977178307624165,0.3869551378637758,0.632,0.7815724216391777
Gm12940,0.0899364356794964,0.38608137332152526,0.2,0.7802859871185917
Bcl7a,0.08996712814981295,0.38591862826332635,0.316,0.7802197288361272
Or8b53,0.09000113440415579,0.38573836019547514,0.116,0.7799866101157074
Zfp790,0.09003662108183515,0.3855502983268886,0.2,0.7798690080880983
Lpxn,0.09004188764126249,0.3855223928594401,0.221,0.7798690080880983
Rnf6,0.09010448008460006,0.3851908326004426,0.684,0.7796102608093924
Ppp1r12a,0.09013448304327536,0.38503196386079064,0.863,0.7796102608093924
B230354K17Rik,0.0901360740337527,0.3850235405035686,0.326,0.7796102608093924
Slc39a11,0.09014246084097945,0.38498972723759883,0.474,0.7796102608093924
Itpkc,0.09024102796864081,0.3844681160718839,0.232,0.7796102608093924
Bbs4,0.0905474419526647,0.38284931007078393,0.242,0.7779440964663906
Tmem14c,0.0905792802295615,0.38268134225732486,0.884,0.7778660701682241
Gnptab,0.09068059620156241,0.3821471297206427,0.789,0.777637980971382
Ugt1a7c,0.09086696921264369,0.3811656094615883,0.316,0.7764939723117222
Per3,0.09090014508979467,0.3809910508220834,0.305,0.7764939723117222
Enox2,0.09096493990603141,0.3806502648289003,0.568,0.7763661847801268
Afg3l2,0.09100416948229445,0.3804440278390844,0.663,0.7761818183325235
Cplane1,0.09101304480608301,0.38039737802368057,0.716,0.7761818183325235
Ninl,0.09101802779778924,0.38037118830963546,0.537,0.7761818183325235
Tcim,0.09103533861457085,0.38028021421986447,0.253,0.7761818183325235
Rab14,0.09105903233672219,0.38015571716727803,0.895,0.7761818183325235
Acer3,0.09108112768251496,0.38003964088190023,0.516,0.7761818183325235
Bcs1l,0.09113559821168186,0.3797535754877033,0.4,0.7761818183325235
Gm56495,0.09118519411500121,0.3794932237045574,0.116,0.7761156765492456
Msra,0.09121144014044294,0.3793554899123718,0.421,0.7761156765492456
Aip,0.09121450314208046,0.3793394178753857,0.705,0.7761156765492456
Pnisr,0.0912220358656071,0.37929989427829125,0.789,0.7761156765492456
Sting1,0.09124474493399726,0.3791807566965586,0.768,0.7761156765492456
Sdsl,0.09125147508242551,0.37914545296747615,0.379,0.7761156765492456
Prr15l,0.09126077239441689,0.379096686173946,0.116,0.7761156765492456
Usp8,0.09135484922020164,0.37860344261974654,0.758,0.7757494087944192
Hnrnpf,0.09135524555162414,0.3786013654818061,0.916,0.7757494087944192
H2-Aa,0.09136131274263969,0.37856956873166503,0.547,0.7757494087944192
Hsd17b7,0.09146949469421108,0.3780028835979864,0.242,0.7756632376675208
Gm32031,0.09147201785698533,0.37798967275424467,0.232,0.7756632376675208
5730409E04Rik,0.09163829606244601,0.37711968572523435,0.295,0.7750900490419187
Tor2a,0.09167835451388945,0.3769102769158862,0.589,0.7748595223341888
Cbarp,0.09168968022042454,0.37685108366028053,0.2,0.7748595223341888
Nprl2,0.09174770098949149,0.37654792939927595,0.221,0.7744837321884142
Cyb5r4,0.09182352379825227,0.3761519839675834,0.695,0.774353155872919
Grcc10,0.09183748419124937,0.37607911059842314,0.842,0.774353155872919
Hoxd3os1,0.09187469058120379,0.37588493480559637,0.189,0.774275246562154
Eif2b1,0.09190504260776394,0.37572657624172,0.547,0.774081846419755
Apoc1,0.09212992260769706,0.3745545510361442,0.116,0.7729935535048098
Ssbp2,0.09215167727911992,0.37444128855445236,0.8,0.7729935535048098
Cul1,0.09216956081652189,0.37434819616544524,0.874,0.7729935535048098
Alox5ap,0.092284114336022,0.37375222418766507,0.189,0.7727988558328388
4732440D04Rik,0.09229433071536104,0.3736991008928233,0.179,0.7727988558328388
Pgm2l1,0.09243223572535973,0.3729824700868253,0.116,0.7725376088205125
Epdr1,0.09249640340641145,0.37264930491942583,0.484,0.771980711554097
Dynll1,0.09252933283334944,0.3724784024130626,0.926,0.7717598236020092
Pkn2,0.09262380121338584,0.3719883802347853,0.853,0.7712768919839522
Rgma,0.09263188438006642,0.3719464698615469,0.379,0.7712768919839522
Ncoa4,0.09266497526749919,0.37177492710531235,0.842,0.771100630463549
Stk10,0.09266821410374623,0.3717581396114463,0.347,0.771100630463549
Trappc10,0.09275758444361187,0.3712950988849085,0.611,0.7706379001402068
Farsb,0.09278763245170328,0.3711394948971338,0.632,0.7704481181241158
Shkbp1,0.09286075979911916,0.37076097037977307,0.495,0.7700897842885022
E330011O21Rik,0.09287462869237402,0.3706892083021026,0.137,0.7700897842885022
Ctbs,0.0928912606801323,0.37060316028017337,0.474,0.7700897842885022
Zfp984,0.09292240259393975,0.37044207584685995,0.389,0.7700409660343445
Edn1,0.09294744637529402,0.37031256560488646,0.105,0.7700409660343445
Sp4,0.09296472603226234,0.37022322252537365,0.347,0.7700409660343445
Oxnad1,0.09303610495995734,0.3698543031140624,0.516,0.7700409660343445
Clcn6,0.0930484378206159,0.36979058394596387,0.179,0.7700409660343445
Ctdsp2,0.09306631543681033,0.3696982290659214,0.874,0.7700409660343445
Arfgef1,0.09307130083295242,0.3696724772712453,0.821,0.7700409660343445
Naaladl2,0.09314421475297505,0.36929596968783096,0.695,0.7700409660343445
Polrmt,0.09314432092066986,0.36929542163790596,0.158,0.7700409660343445
Abhd17a,0.09318387568727551,0.36909126997820896,0.789,0.7700409660343445
Gpr137,0.09326123796077847,0.36869218432288087,0.347,0.7700273190406732
Naa38,0.0933515919953565,0.3682264131147249,0.779,0.769858008404754
Mphosph9,0.09340678805572347,0.36794205714751227,0.305,0.7695314893172234
Gm15663,0.09344149115027849,0.36776334458312576,0.147,0.7695314893172234
Dennd1c,0.09351818559081942,0.36736857540205703,0.126,0.7693471477838827
Ftl1,0.09359349094630685,0.3669812090855886,0.937,0.7691934078796083
Atg7,0.09361391061327841,0.3668762147011959,0.453,0.7691780530674454
Arap2,0.09377531434121872,0.3660469531690814,0.674,0.7685129859592866
Mtch2,0.09378156882290928,0.3660148420092907,0.789,0.7685129859592866
Sirt5,0.09378859704416104,0.36597876045332733,0.242,0.7685129859592866
Aopep,0.09392095696509628,0.365299657504049,0.768,0.7676651277051145
Mipol1,0.09393948122337231,0.36520467633346243,0.653,0.7676651277051145
Samd5,0.09395761660861213,0.36511170376708335,0.389,0.7676651277051145
Cnksr3,0.09397780845469242,0.3650082056934201,0.347,0.7676651277051145
Dpm2,0.09403176460833235,0.364731729153251,0.674,0.7676651277051145
Creb5,0.09404077553635276,0.36468556883481873,0.411,0.7676651277051145
Osbpl7,0.09407637076580035,0.36450326011753287,0.305,0.7675536029868848
Slc25a19,0.09411929273439501,0.36428350044350777,0.305,0.7672253972680578
Lrrn4cl,0.09416433988079022,0.36405294754667816,0.463,0.7672253972680578
Zc3h15,0.09417970469521068,0.3639743304119343,0.842,0.7672253972680578
Pgm2,0.09439056638871943,0.362896469899623,0.495,0.766320421049028
Trim65,0.09452523090174005,0.3622091357665922,0.179,0.7656769530192733
Cd48,0.09457790003680842,0.3619405283814444,0.232,0.7655134620884275
Cacna1a,0.09459667346744113,0.36184481543317526,0.579,0.7654458595676771
Prmt7,0.09466640700538886,0.36148942822627295,0.484,0.7650984601996932
Gm30025,0.09482287426244675,0.3606927985409244,0.316,0.764328557706641
Wdr3,0.09483498139015147,0.3606312021110535,0.516,0.764328557706641
Pvt1,0.09485564345201986,0.36052609645001565,0.632,0.764328557706641
Ttc23,0.09486231010807429,0.36049218793175086,0.484,0.764328557706641
Pan3,0.09488563745404698,0.36037355388204717,0.779,0.764328557706641
Ms4a6c,0.09492900052381109,0.3601530897930013,0.168,0.764328557706641
Gm14164,0.09497478821945418,0.35992038899517054,0.158,0.764328557706641
Gm12840,0.09498413439133768,0.3598729015892881,0.832,0.764328557706641
Abhd14a,0.09506642288651447,0.3594549651780018,0.611,0.7641958370694708
Helb,0.0951127338278468,0.35921988774550306,0.295,0.7640661102143942
D030028A08Rik,0.09513270606986204,0.35911853665049454,0.179,0.7639858734164577
Rragc,0.09514243433063176,0.3590691760439536,0.705,0.7639858734164577
Thnsl1,0.09516565016422632,0.35895139726120906,0.116,0.7639009973263624
Styk1,0.09525084230095679,0.3585194044411699,0.242,0.7636584156688181
Dnajc1,0.09525215482376342,0.35851275140926897,0.874,0.7636584156688181
Airn,0.09525637057150606,0.3584913827702446,0.811,0.7636584156688181
Tmem100,0.09527167286516833,0.3584138256451399,0.253,0.7636584156688181
Qrich1,0.09529700572453365,0.35828545309183124,0.747,0.7636584156688181
Cdkn2a,0.09537153441579244,0.3579079490009216,0.263,0.7635751143663941
Ubxn6,0.09538880812412871,0.35782048905973796,0.716,0.7635241891132528
A430033K04Rik,0.0954054667539308,0.3577361559084852,0.284,0.7634799189465306
6330562C20Rik,0.09545839691013103,0.3574682823689145,0.126,0.763282642588293
Epb41l3,0.09549873525482253,0.357264218004989,0.137,0.7630206882959841
Ly9,0.09550690219311382,0.3572229117327381,0.126,0.7630206882959841
Nudt17,0.09553070704207989,0.3571025298136622,0.179,0.7630206882959841
Mthfsl,0.09564290805765692,0.35653546402223146,0.495,0.7628156301701592
Ccdc191,0.09564520828141285,0.35652384449616337,0.368,0.7628156301701592
Filip1,0.09567810405752335,0.3563576979462406,0.284,0.7628156301701592
Rbm28,0.09576028085128115,0.35594285779687884,0.621,0.7626348846479523
Comtd1,0.09587962750138392,0.35534091264864887,0.453,0.7620250648637841
Slc25a26,0.09591126988651827,0.3551814249294901,0.337,0.7618191084545173
Rabep1,0.09595524713166599,0.35495983939667775,0.779,0.761479862718583
5730480H06Rik,0.09600290154904582,0.35471982284860126,0.411,0.7612468426042581
Ptafr,0.09602204383809002,0.3546234390573507,0.105,0.7612468426042581
Tnfrsf11b,0.09604099063478971,0.3545280556161522,0.326,0.7612468426042581
Gm15551,0.09604739675740909,0.35449580902008393,0.116,0.7612468426042581
Mocs1,0.09622712425616316,0.35359185481603594,0.389,0.7606871116071197
Hspbp1,0.0962273690622939,0.3535906245219167,0.379,0.7606871116071197
Zfp758,0.09631141485691008,0.3531684025474039,0.295,0.7604901379818291
Snap23,0.09631546246660593,0.35314807643676194,0.768,0.7604901379818291
Tagap,0.09637221724190767,0.3528631444249418,0.211,0.7601054494277497
Cpne3,0.09641968291273742,0.3526249573829334,0.779,0.7599122875717853
Znfx1,0.09648166029614294,0.3523140999482077,0.411,0.7598770249825992
Naglu,0.09649513148787443,0.3522465556236323,0.589,0.7598678392693052
Crip1,0.09656330953870033,0.3519048357381389,0.947,0.7594035518885395
Poldip2,0.09657029943960548,0.35186981285180696,0.726,0.7594035518885395
1600020E01Rik,0.09664021513166918,0.35151961989044755,0.589,0.7591755552966765
Il10ra,0.09664678384023383,0.3514867297796599,0.168,0.7591755552966765
Cdc26,0.09672182669594825,0.3511111196158323,0.863,0.7589289630645133
Ip6k2,0.09672513438508193,0.35109456948097073,0.547,0.7589289630645133
Impact,0.0968473958968106,0.35048317113194005,0.716,0.7582435019425593
Gsta4,0.09685897996011096,0.35042527668224954,0.368,0.7582435019425593
Pnrc2,0.09699518991720099,0.34974497865234655,0.674,0.757738715026836
Il34,0.09715884258772431,0.34892870981713975,0.558,0.7567895626398838
Galt,0.09716653661564173,0.34889036277097174,0.326,0.7567895626398838
Guk1,0.09723402223789282,0.34855412719195156,0.705,0.7567895626398838
Trappc8,0.09728425646036996,0.3483039753173377,0.663,0.7567895626398838
Rdh10,0.09732010773697213,0.3481255150091547,0.737,0.7566877369143592
Pusl1,0.09733490675458718,0.3480518652093735,0.379,0.7566646289279282
Rnd1,0.09741534639657773,0.347651714263998,0.274,0.7562187468540742
Tax1bp3,0.09742820325848395,0.3475877838645707,0.768,0.7562187468540742
Dapp1,0.09746502758953779,0.3474047165821229,0.684,0.7562161769400925
Fas,0.0975236231142322,0.34711354112314174,0.621,0.7561306763907044
2610021A01Rik,0.09757308045214519,0.3468678944797837,0.179,0.7560070446576082
Csrp2,0.09762808638343157,0.3465948167606486,0.916,0.7560070446576082
Cplane2,0.09778271076122959,0.3458279034162135,0.105,0.7554343532342206
Park7,0.09778319860179513,0.34582548548599923,0.853,0.7554343532342206
Paqr4,0.09784178519345374,0.34553518429408103,0.158,0.7554343532342206
Macrod1,0.09789142986436725,0.3452893106652284,0.389,0.755424781395149
Zfp551,0.09790026134992048,0.3452455827390457,0.137,0.755424781395149
Cyp2d22,0.09799225541056339,0.3447902929361599,0.453,0.755424781395149
Rnf123,0.09805667543799405,0.34447169478500483,0.337,0.7553089187880849
Pdcd7,0.09809176324686533,0.34429824094143,0.453,0.7550664801796805
Ahsa1,0.09818184769515986,0.343853166676647,0.737,0.7545038326546968
Plekhh2,0.09820008475890052,0.3437631080301031,0.495,0.7545038326546968
Rhpn2,0.09836908239658089,0.3429292653466651,0.179,0.7536062990821085
Lrrc75a,0.09844902552043458,0.342535265458473,0.274,0.753486653338395
Cnot1,0.09858364025355709,0.34187246006768834,0.842,0.7527714337122198
Herpud1,0.09861159128596718,0.3417349382548829,0.695,0.7527714337122198
Nkrf,0.09861755042682453,0.3417056232032536,0.147,0.7527714337122198
Ppdpf,0.09863390800109441,0.34162516283873245,0.737,0.7527714337122198
Anxa11,0.09864658399895797,0.34156281977957925,0.768,0.7527714337122198
Ola1,0.09867417087424714,0.34142716684142405,0.716,0.7527714337122198
Gstz1,0.09875782253838727,0.3410160339569981,0.421,0.7527714337122198
Rprd1b,0.09882657683677849,0.3406783525504776,0.547,0.7525793859082555
Cacna1d,0.09914919852247224,0.3390966366282534,0.105,0.7516214354800514
Tecpr1,0.09924752571434113,0.33861549144429104,0.484,0.751109589095068
Wdr17,0.09936129424128624,0.33805932532274563,0.253,0.7504674188837837
Bloc1s1,0.09937066840402285,0.3380135247656424,0.726,0.7504674188837837
Glmp,0.0993751833377374,0.3379914669701263,0.779,0.7504674188837837
Rbis,0.09937871571493528,0.337974210107563,0.811,0.7504674188837837
Oplah,0.09939011047782063,0.3379185466148341,0.305,0.7504674188837837
Rpp14,0.09939243401255957,0.33790719684327253,0.495,0.7504674188837837
Mospd2,0.0994974859638437,0.3373943011849765,0.505,0.7504674188837837
Rdh14,0.09959751833071083,0.33690637042305116,0.611,0.7504674188837837
Ttc28,0.09971122923325204,0.3363522618546534,0.821,0.7498294853488345
H2-M3,0.09975988767521078,0.3361153275858275,0.484,0.7496443616830016
Son,0.09978995419185321,0.33596897646465984,0.905,0.7496443616830016
Nsg1,0.0998228537445214,0.33580888155660893,0.379,0.7496443616830016
Adam15,0.09983897551528266,0.3357304478747547,0.632,0.7496443616830016
Nck1,0.09988334170268758,0.3355146627885789,0.747,0.7493535260607267
Ythdf2,0.09989120072697487,0.33547644779072117,0.737,0.7493535260607267
Rogdi,0.1001498759416139,0.3342201625329212,0.253,0.747992822280109
Rassf3,0.10017987675667409,0.334074653562478,0.432,0.7478065558025119
Wdr75,0.10024150689772747,0.3337758631694572,0.558,0.747418036207347
Rapgef3,0.10024321363782095,0.3337675911004906,0.137,0.747418036207347
Crtc3,0.10025774973959962,0.33369714414827245,0.789,0.747418036207347
Cdk12,0.10027060299468914,0.33363486071165005,0.811,0.747418036207347
Mettl23,0.10028123706968788,0.33358333640574866,0.684,0.747418036207347
Zc3h13,0.10041019930748081,0.33295888956728603,0.726,0.7468405355939479
Impa1,0.10045726852323505,0.33273116120689594,0.674,0.7468405355939479
Lancl3,0.10073351731828456,0.3313966205559741,0.442,0.7451459219130301
Ifi27,0.10074353221529386,0.3313483032576293,0.842,0.7451459219130301
Cd47,0.10081222007116913,0.3310170365370143,0.905,0.7451459219130301
Zfp57,0.10086700757751037,0.33075295934589,0.284,0.7451459219130301
Cstpp1,0.10108383307832938,0.32970917074464046,0.611,0.7445585881382167
Zdhhc6,0.10114113590220475,0.32943366844219146,0.674,0.7445058690246503
Dnajc18,0.10116784314645438,0.3293053146622147,0.568,0.7444867093107158
mt-Atp6,0.10117581187010079,0.32926702352049053,1.0,0.7444867093107158
Rpf2,0.10122622885884593,0.32902482666305677,0.568,0.7442730018355921
Peli2,0.10149614881943146,0.3277300977659149,0.189,0.7426924929075782
Fam117a,0.10150823718931554,0.32767218951133936,0.379,0.7426924929075782
Cby1,0.10156749092104334,0.32738843430863307,0.411,0.7424615908616035
Ndufc2,0.10159000003476337,0.3272806834529842,0.884,0.7424615908616035
Oser1,0.10162229708383268,0.3271261174400403,0.474,0.7424615908616035
Zfp112,0.10162555548768222,0.32711052608243296,0.137,0.7424615908616035
Ap3s1,0.10163872654150317,0.3270475078512851,0.853,0.7424615908616035
Map3k3,0.10165378360925596,0.3269754752990224,0.684,0.7424615908616035
Fnip1,0.10168901451852316,0.32680697131410297,0.768,0.7424615908616035
Sco2,0.10169802159730797,0.32676390075888895,0.474,0.7424615908616035
Grk2,0.1017181426644847,0.32666769781311134,0.589,0.7424615908616035
Wipi2,0.10174762413066388,0.3265267735760623,0.611,0.7424615908616035
Tirap,0.10179597722274215,0.32629572530191986,0.442,0.7424615908616035
Lss,0.1018555809570531,0.32601106132725144,0.158,0.7424615908616035
Fkbp15,0.10197064669183815,0.3254619634565782,0.568,0.7422263618657425
Gpr183,0.10201393340531281,0.3252555509597036,0.179,0.7421785253464769
Atrn,0.10205183504521259,0.32507488597286993,0.589,0.7421779850047937
Mcu,0.10209072255345639,0.3248895884442987,0.653,0.7421779850047937
Ptpn13,0.1021460594631749,0.32462602673280894,0.842,0.7420111751343683
Zfp607b,0.1022322192895911,0.32421593256369985,0.116,0.7416385411111344
Prrg3,0.1022423184974851,0.3241678851939712,0.316,0.7416385411111344
Wdr55,0.10235030412941569,0.3236544245905787,0.442,0.7407774830459547
Wtap,0.10247142187821359,0.3230791427513857,0.779,0.7403074937053221
Zfp512b,0.10248605085972827,0.32300970282477814,0.4,0.7402896548610635
Smarcb1,0.10252348417739514,0.3228320603062719,0.8,0.7402896548610635
Rnf168,0.10253856369688362,0.3227605170678378,0.474,0.7402896548610635
Irf2bp1,0.10254070542333908,0.32275035669067154,0.411,0.7402896548610635
Nr1h3,0.10262140857343481,0.32236764948975327,0.179,0.7399480725336394
Cops8,0.10267215079677164,0.3221271709795544,0.705,0.7396788949993325
Rnf170,0.10279433531200974,0.3215485844646074,0.547,0.7392240434302387
Rab3d,0.10294479207338202,0.3208370366522457,0.516,0.7383196311604598
Atp5h,0.10298278460944268,0.3206575205883372,0.905,0.7382808916019491
Bod1,0.10301921850872267,0.32048542980672995,0.684,0.7380261901974312
Cep95,0.10303758301550366,0.32039870996472697,0.526,0.7380261901974312
Dctn6,0.1030556228685167,0.3203135378781746,0.737,0.7380261901974312
Ddhd1,0.10307859279959479,0.3202051103459362,0.516,0.7380261901974312
Prmt2,0.10313459072695533,0.3199408760133531,0.537,0.7379043600254188
Ing5,0.10316581334422131,0.31979360850304345,0.4,0.7377211630616984
Emilin2,0.10318401930506307,0.3197077567044648,0.8,0.7377211630616984
Jpt2,0.1034820466262345,0.3183044917130596,0.484,0.7359680400536696
Ctnnal1,0.10349644481446946,0.31823679834250773,0.168,0.7359532430081838
Mzt2,0.10352642199874003,0.3180958897783013,0.453,0.7359532430081838
Bak1,0.10356415021184988,0.31791860445695824,0.726,0.7357842489812447
2810449D17Rik,0.10361976486862214,0.31765738669711197,0.284,0.7354690889694933
Hps5,0.10362379898234564,0.3176384441606547,0.411,0.7354690889694933
Tut7,0.10365588014336662,0.31748783017109194,0.821,0.7354690889694933
Ecpas,0.10372606966134018,0.31715846648006774,0.821,0.7352063967531322
Aagab,0.10374258346114067,0.3170810076640409,0.474,0.7352063967531322
Cebpz,0.1038030384412733,0.3167975446489396,0.811,0.7348895128670436
Stx18,0.10385006331477907,0.31657716621120985,0.621,0.7346649085385397
Hdgfl2,0.10387215033770417,0.3164736912474931,0.505,0.7346649085385397
Tspan17,0.10392267036141792,0.31623709329579164,0.305,0.734440769671677
Grk3,0.10398311609605403,0.31595416086728145,0.116,0.7341939455030045
Hspa2,0.10399945120867873,0.31587772807462244,0.463,0.734174192991094
Zfp292,0.10400546733690404,0.31584958132535706,0.779,0.734174192991094
AW112010,0.10401414662554234,0.31580897770490585,0.568,0.734174192991094
Tasor2,0.10408688544142991,0.31546882208218574,0.737,0.734174192991094
Atf3,0.10421360048852464,0.3148768178225037,0.126,0.7334094959446755
Nelfa,0.10429341651485514,0.31450429162887605,0.6,0.7329683675442381
Cars2,0.10433326086820856,0.3143184323693858,0.379,0.7326774252493138
Abca1,0.10434198356758106,0.3142777536660418,0.684,0.7326774252493138
Cyba,0.10451451408081236,0.31347384977718035,0.863,0.7316095031697251
Tnfrsf11a,0.10485165706458105,0.3119067823479475,0.105,0.7297476102205389
Ipo5,0.1048638640922549,0.3118501385713389,0.737,0.7297476102205389
Mtfr1l,0.10495942845544116,0.3114069256689849,0.695,0.7291464423766579
Lysmd2,0.10500640490700033,0.3111892059625681,0.347,0.7290631797058644
Zfp653,0.10500927762845261,0.3111758950916603,0.158,0.7290631797058644
Fastkd5,0.10501393765774068,0.31115430344347245,0.126,0.7290631797058644
Flt1,0.10506653741464667,0.3109106566353658,0.221,0.7290631797058644
Nit2,0.10508152854344717,0.31084123905972866,0.505,0.7290631797058644
5033421B08Rik,0.10509312487377488,0.3107875482614641,0.137,0.7290631797058644
Phb,0.1051835554968286,0.3103690626589583,0.726,0.7290631797058644
Evi2a,0.10520795878967185,0.31025619432368795,0.126,0.7290631797058644
Tmem185b,0.10526413632895702,0.3099964673899607,0.411,0.7290631797058644
Arid5b,0.10528459713824043,0.30990190555328434,0.874,0.7290631797058644
Dennd10,0.1053355913670277,0.309666311793793,0.484,0.7290631797058644
Ascc2,0.1053403706954692,0.3096442372238885,0.474,0.7290631797058644
Trpm7,0.1053812454902344,0.3094554881402013,0.832,0.7290631797058644
Il20rb,0.10548073134752621,0.3089964011288821,0.179,0.728760516274698
Atf7ip,0.10551136517249927,0.308855127641476,0.779,0.7285704356760712
2300009A05Rik,0.10555997675767118,0.3086310326589677,0.389,0.7284131979529643
Dcun1d3,0.10569514033442261,0.30800849692309273,0.516,0.727573878134089
Rbm39,0.1057021482804341,0.3079762420631659,0.895,0.727573878134089
Lrrc1,0.1057740871645752,0.30764526238981205,0.421,0.7270019022858636
Man2b1,0.10581293134994263,0.307466642634262,0.726,0.7268659141779059
Parm1,0.10588972865166103,0.30711369938598654,0.137,0.7263358368753137
Cpsf3,0.10593753644432062,0.3068941187975626,0.653,0.7263358368753137
Syne3,0.10595297965589728,0.3068232101873082,0.295,0.7263358368753137
Atp6v0c,0.10602921249745938,0.30647333808606636,0.916,0.7263358368753137
Nid2,0.10605621086636499,0.3063494909377688,0.337,0.7263358368753137
Slc2a12,0.10615381180783626,0.3059020472857725,0.126,0.7263358368753137
1110019D14Rik,0.10617819999241847,0.30579030821460357,0.263,0.7263358368753137
Gm5165,0.1062384602325159,0.3055143287308171,0.253,0.7261105591985195
Lmbr1,0.10626591843215616,0.3053886297482338,0.695,0.7259555092827248
2510002D24Rik,0.106315106880455,0.30516353776224825,0.484,0.7258515447526376
Themis2,0.1063386391378423,0.30505588975627246,0.116,0.7258515447526376
Ankrd13b,0.10642695290445475,0.3046521206733319,0.2,0.7256413435676843
Hapstr1,0.10644453312674307,0.3045717858573723,0.8,0.7255939350772757
Epb41l4a,0.10648685393220816,0.3043784528888789,0.284,0.7254212155293308
Ormdl2,0.10653128889130707,0.30417554817760445,0.632,0.7253374335039683
Rnf144a,0.10653715684702736,0.30414875975905076,0.2,0.7253374335039683
Mrpl36,0.10656933322277665,0.3040018954194726,0.674,0.7253374335039683
Pakap,0.10660885255832679,0.3038215786374663,0.853,0.7253374335039683
Rsph3a,0.10664717029585093,0.30364681120195575,0.274,0.7253374335039683
Foxn2,0.10699873754057794,0.3020463787481585,0.474,0.7235975398302352
Stoml1,0.10707070496434966,0.30171944508971177,0.337,0.7232472304236712
Stap2,0.10708176734832364,0.3016692114410518,0.263,0.7232472304236712
Wdr46,0.10714615669147418,0.3013769318686262,0.421,0.7228591332294436
Fmo2,0.10722038573102508,0.30104021768986117,0.116,0.7222860822871615
Arl8b,0.1072245478249543,0.30102134510234924,0.768,0.7222860822871615
Fhit,0.10723701547221601,0.3009648164760506,0.337,0.7222860822871615
Jade2,0.10730550820810625,0.3006543927826789,0.368,0.7222860822871615
Apex1,0.10753133957810783,0.2996323642309076,0.726,0.7213826401056743
Zfp397,0.1075318857971331,0.29962989501428705,0.568,0.7213826401056743
Trim8,0.10756884823766723,0.2994628350565921,0.8,0.7213826401056743
Napb,0.10765923335322138,0.29905457701089144,0.2,0.7213826401056743
Fam172a,0.10775616845469897,0.2986171398020614,0.842,0.7209925593411122
Sdf2l1,0.10780858676222023,0.2983807678589182,0.621,0.7207117038185538
Rps6ka5,0.10785082383686373,0.2981903960013422,0.326,0.7207117038185538
Tmem38b,0.10786174644064701,0.29814117839607185,0.537,0.7207117038185538
Yme1l1,0.10786217897432626,0.2981392294952361,0.811,0.7207117038185538
Dync1i2,0.10789406377081279,0.2979955867274834,0.895,0.7207117038185538
Nqo2,0.10804988021950411,0.29729427935895075,0.432,0.7198250478449126
Lamc3,0.10807036150166689,0.29720217684178213,0.347,0.7197471838118754
Ndufaf7,0.10809665832904668,0.29708394985054654,0.632,0.7196060088471883
Hap1,0.10815251784381828,0.2968329156663117,0.116,0.7192881570949353
Mrpl43,0.10821353698964212,0.29655885350082506,0.779,0.7190594010469319
Lnpep,0.10841085777324443,0.2956737447167717,0.863,0.7180733521064478
Hexdc,0.10845888938400601,0.2954585560972343,0.221,0.7177857875790337
Amigo2,0.10846501978953021,0.2954310984132472,0.274,0.7177857875790337
Smn1,0.10858282862018097,0.2949037669655519,0.568,0.7172188636733606
Dtx2,0.10858435880113332,0.2948969217114552,0.432,0.7172188636733606
Polr2j,0.1087235633410583,0.29427462929106685,0.821,0.7164143296629845
Enpp5,0.10876206507801087,0.29410266622920045,0.453,0.7161685472140344
Fam220a,0.10877309708890692,0.2940534053902127,0.126,0.7161685472140344
Surf2,0.10883374036700445,0.29378271435676934,0.495,0.7160879113442407
Gjb5,0.10885482281508754,0.2936886479855502,0.653,0.7160039789568531
Mrm3,0.10894165254551903,0.29330143771859457,0.211,0.715285011081479
Peli1,0.10897703783590372,0.29314373653572007,0.789,0.7151111021097909
Raver2,0.10897739895910215,0.29314212741110296,0.105,0.7151111021097909
Gtf2h5,0.10900052265175039,0.29303910296332875,0.884,0.7151111021097909
Rpp30,0.10908355193375557,0.29266937443150626,0.453,0.7151111021097909
Gpx4,0.1092144053806151,0.29208731113286024,0.905,0.7142425984695673
Mtarc2,0.10927267186212507,0.29182837608328854,0.853,0.7140483614422684
Adat2,0.10929567134871815,0.29172620862075443,0.189,0.7140483614422684
Gm28320,0.1094279184091746,0.2911392046151541,0.126,0.7137011902438046
Arhgef28,0.10944641128170375,0.2910571827581285,0.147,0.7137011902438046
Rps19bp1,0.10954124313762093,0.29063681309253175,0.653,0.7133434617338571
Cetn3,0.10958977165794395,0.29042185187254005,0.811,0.7131940075422784
Adarb1,0.10959984430209721,0.2903772474289957,0.4,0.7131940075422784
Dhx33,0.10960233979900018,0.2903661973821343,0.347,0.7131940075422784
Ube2e2,0.10960723464384957,0.29034452384398235,0.874,0.7131940075422784
Arrdc2,0.10961502278942277,0.29031004147136874,0.137,0.7131940075422784
Sft2d2,0.10978349585759109,0.2895647828778381,0.516,0.7123139414083594
Pcyt2,0.10998038677270633,0.2886954224736761,0.547,0.7114872614206544
Atp6v1a,0.11002518119609152,0.2884978772030827,0.811,0.711292404841358
Lgals3bp,0.11007398053189035,0.2882827721484629,0.789,0.7109080396768522
Kitl,0.11008709568281544,0.2882249793551021,0.432,0.7109080396768522
Cuedc1,0.11011326007306543,0.2881097071732421,0.653,0.7109080396768522
Gss,0.11014300029340861,0.2879787181386314,0.505,0.7109080396768522
Hcfc1r1,0.1101969348094524,0.2877412675865591,0.8,0.7109080396768522
Lims2,0.11024761990715588,0.28751824128945724,0.137,0.7109080396768522
Opa3,0.11030383201508526,0.2872710290837705,0.516,0.7106022344888406
Crb2,0.11032645239766262,0.2871715879531139,0.442,0.7105366986336792
Fam76a,0.11033657970439611,0.287127074857174,0.705,0.7105366986336792
Hand2os1,0.11038905037161564,0.2868965210774031,0.168,0.710407615709709
Nip7,0.11043033446654303,0.2867152070519849,0.674,0.710407615709709
Cacnb2,0.11044161219606119,0.28666569006617426,0.505,0.710407615709709
Ugt1a6a,0.11044900116351732,0.286633250499852,0.105,0.710407615709709
Rbpj,0.11045022548320811,0.2866278756406807,0.821,0.710407615709709
Def6,0.11045539398152687,0.28660518626690296,0.305,0.710407615709709
Ebp,0.11047838227437991,0.2865042836026484,0.705,0.710407615709709
Fam110c,0.11053081770970687,0.286274216730787,0.463,0.710407615709709
Alcam,0.11055289358228343,0.28617739288155003,0.389,0.710407615709709
Eapp,0.11066071479270861,0.28570480635802653,0.8,0.7097988019740998
Ctps2,0.11075802091896601,0.2852787537663447,0.674,0.709269095288663
Tec,0.11087208101293337,0.28477988261648374,0.663,0.7083803709500974
Pus3,0.11095027508264274,0.28443821637675953,0.326,0.7078237645669951
1700007L15Rik,0.11103321911527418,0.28407609371188686,0.168,0.7078027925292852
Ppp1r9b,0.11109382018341542,0.2838117116542563,0.737,0.7075383167007985
Ophn1,0.11132792551704129,0.2827919287804036,0.632,0.7060685128960803
Ano1,0.11152768388401378,0.2819236982946153,0.232,0.7053673359915494
Iqcc,0.11154445762595422,0.2818508738814194,0.337,0.7053321056052944
Glb1l2,0.11156838172711074,0.2817470273894198,0.242,0.7053321056052944
Inpp5k,0.11159757863089798,0.28162032803293136,0.432,0.7052097408695803
Pard6a,0.11159960412784957,0.28161153984191273,0.263,0.7052097408695803
Gm49959,0.11161065614340016,0.2815635907730371,0.126,0.7052097408695803
Ddx17,0.11165103912035443,0.2813884359320108,0.905,0.705203704912472
Nipbl,0.1116624827252021,0.2813388143178391,0.863,0.705203704912472
Gm44899,0.11179082816310537,0.28078268466535405,0.158,0.7044207469237163
Slc4a3,0.11183069677960628,0.280610080782327,0.232,0.7041348463852456
Shb,0.11184503924551846,0.2805480050408542,0.726,0.7041348463852456
Mrpl1,0.1119209495111466,0.280219610008739,0.484,0.7041348463852456
Pomp,0.11194019783569373,0.2801363807735047,0.874,0.7041348463852456
Adh5,0.1120487721441723,0.27966721787807197,0.768,0.7039234413394077
Tmem106c,0.11208832889585996,0.279496418963711,0.495,0.7039234413394077
Slc25a23,0.11216668382399086,0.27915830252017965,0.421,0.7038511517322331
Zbtb11os1,0.11217227272531373,0.2791341958060003,0.305,0.7038511517322331
Txndc15,0.11221900133614203,0.2789326949044849,0.821,0.7037497095436331
Pigf,0.1122598870708442,0.27875646923463354,0.358,0.7036007832878379
Gcdh,0.11249242752079237,0.27775559079799,0.337,0.7023305439152682
Pam,0.11251666854374233,0.27765139363005803,0.884,0.7023305439152682
Ggt5,0.11255775180859934,0.27747486188528503,0.168,0.7023305439152682
Psd3,0.11256765349090408,0.2774323263399816,0.568,0.7023305439152682
Eif3l,0.11271365458467117,0.2768056435266189,0.863,0.7023190150835007
Psap,0.11278390208131134,0.2765044575364977,0.958,0.7018404899473665
Lgals1,0.11289351755749855,0.2760349206266525,0.968,0.701153224447687
Srrm3,0.11292660004126673,0.2758933172593543,0.158,0.7009916521278747
Lgals8,0.11294850558165834,0.27579958153111844,0.716,0.7009916521278747
H3f3a,0.11302582795237266,0.27546888320907054,0.947,0.700604719485556
Aplp2,0.11309979726912568,0.27515277471397803,0.842,0.7003941840132997
Triobp,0.11318070347101533,0.2748073004081235,0.568,0.6999599609674032
Rbbp9,0.1132674645969583,0.274437149123847,0.442,0.6991654677551519
Dstn,0.11327546161351397,0.2744030481118429,0.905,0.6991654677551519
Hyou1,0.11340689984163646,0.2738429750040497,0.558,0.698629925893404
Atp2c1,0.11342934075335931,0.2737474286162685,0.8,0.698629925893404
Reps2,0.11344574978014,0.2736775782983931,0.137,0.698629925893404
Slc26a11,0.11344788644971694,0.2736684837567874,0.316,0.698629925893404
Tnip2,0.11344814908108575,0.27366736590404617,0.516,0.698629925893404
Reep3,0.11352452637045041,0.27334240720921404,0.821,0.698629925893404
D830050J10Rik,0.11355699207106382,0.2732043556331748,0.211,0.698629925893404
Ero1b,0.11364379097353819,0.2728354972364855,0.221,0.698629925893404
Cds2,0.11365280683371519,0.2727972028899393,0.621,0.698629925893404
Kansl1l,0.11367406549620743,0.27270692226648574,0.653,0.698629925893404
Ubxn4,0.11371969528532862,0.2725132110129403,0.874,0.6985623664885512
Socs5,0.11373196865846878,0.2724611229129966,0.768,0.6985623664885512
H2ac25,0.11386771578447255,0.27188546018225795,0.379,0.6977182376063006
Gm26782,0.11391052487590969,0.2717040897369808,0.568,0.6975306832311157
Pik3r1,0.11398867481070189,0.2713732000284558,0.653,0.6968301994742662
Bcar1,0.11401308548065084,0.2712699000311323,0.516,0.6967318264572236
Rnpep,0.11418919157435123,0.2705254472696448,0.505,0.6955458341256157
Tnks1bp1,0.11420230739211966,0.2704700579948371,0.8,0.6955458341256157
Per2,0.11430659895958176,0.2700298975665134,0.242,0.6950205180363181
Ankib1,0.11437125740144088,0.2697572507688757,0.737,0.6948419430797569
Psat1,0.11439866191233056,0.2696417495901952,0.316,0.6948419430797569
Kti12,0.11442635729827466,0.2695250563836049,0.453,0.6947589849716497
Mthfs,0.11443771028882464,0.26947723094432885,0.442,0.6947589849716497
Sik2,0.11450622067869726,0.26918874669008697,0.716,0.6947589849716497
Cyb5r3,0.11453568580775092,0.26906473877450143,0.863,0.6947589849716497
Rnf180,0.11467985750121094,0.26845852925419783,0.105,0.6945446155473288
Cxcl2,0.11472901709669368,0.26825203537090303,0.179,0.6944111303923921
Cln6,0.11482768831987449,0.2678378929179305,0.432,0.6939997575503373
Mettl15,0.11489013585753764,0.2675760118420544,0.347,0.6939997575503373
Tusc1,0.11489451982681032,0.2675576336594371,0.253,0.6939997575503373
Klf2,0.11491822239259088,0.26745828413343437,0.632,0.6939997575503373
3110009E18Rik,0.11495619984703445,0.2672991532965469,0.284,0.6939997575503373
Tram2,0.11496354199803406,0.2672683960475674,0.537,0.6939997575503373
Bend6,0.11497936947140522,0.2672021007954078,0.305,0.6939997575503373
Pigq,0.11499130474766865,0.26715211583082704,0.379,0.6939997575503373
Comt,0.11508857276067835,0.2667449930098672,0.811,0.6938490318608049
Otud6b,0.11509833797847904,0.26670414313785334,0.558,0.6938490318608049
Vtcn1,0.11515589907468875,0.26646343951622414,0.168,0.693717805349372
Pik3cg,0.1151631199883938,0.26643325415725755,0.2,0.693717805349372
Sema4a,0.11524727902924017,0.2660816174636469,0.242,0.6934659725607427
Mypop,0.11532341663213581,0.2657637671431455,0.2,0.6929607849203528
Zfp991,0.1153977987409149,0.2654534939115281,0.274,0.692740730579378
Plcb1,0.11548371327587781,0.26509542056231783,0.2,0.6922576586976403
Zfp809,0.11568411741980983,0.2642614519934866,0.558,0.691755062905011
Luc7l,0.11568794640447139,0.264245535272538,0.758,0.691755062905011
Tor4a,0.11570597817342428,0.26417058768540547,0.316,0.691755062905011
Bambi,0.1157853755765459,0.26384075035510896,0.337,0.6915380680012647
Pts,0.11579125611257343,0.26381633220892076,0.589,0.6915380680012647
Crebl2,0.1158114752923076,0.263732386446929,0.253,0.6915380680012647
Gpam,0.11594874444523771,0.26316295322721156,0.526,0.6907123379154306
Firre,0.11597639104757428,0.26304836798287784,0.284,0.6906673418697604
Eml5,0.11612080350672364,0.26245038089557665,0.147,0.689700530403412
Med25,0.11614347652835232,0.262356579778877,0.674,0.6896049591517023
Tmem80,0.1161487063784234,0.2623349464708764,0.463,0.6896049591517023
Prdm11,0.1161944616174048,0.26214573132602015,0.189,0.6894421870463034
Mmp19,0.11624320718778539,0.26194425210008676,0.674,0.6894160191649747
Slc38a7,0.11624332207167204,0.2619437773768633,0.232,0.6894160191649747
Mcrip2,0.11635892076327266,0.26146639676547073,0.295,0.6892265699150399
Dis3l,0.1165446374018824,0.26070069394192186,0.221,0.6885686828334043
Cdpf1,0.11668156844727182,0.2601371105921519,0.463,0.6880535995539239
Cmbl,0.11670386828225905,0.2600454071231287,0.421,0.6880487446732936
Il6st,0.11670635394820442,0.26003518669867,0.905,0.6880487446732936
Vit,0.11672763549880186,0.2599476935858391,0.568,0.6880487446732936
Ntpcr,0.11681852707828308,0.2595742440683857,0.484,0.6877113743444632
Eno2,0.1168663938776771,0.25937771901124035,0.337,0.6873823930884129
Acadl,0.11686893109142776,0.259367304890752,0.779,0.6873823930884129
Flot2,0.11689166075808272,0.25927402254751103,0.653,0.6873823930884129
Thsd4,0.11690639875687663,0.2592135501543629,0.453,0.6873823930884129
Dcaf11,0.11696297730811518,0.25898148848333863,0.442,0.6873823930884129
Mitd1,0.1170060641451716,0.2588048592157306,0.653,0.6873823930884129
Pde7b,0.1170558658398161,0.2586008055389466,0.505,0.6873823930884129
Phc3,0.11705713699851457,0.2585955986260506,0.621,0.6873823930884129
Ptrh2,0.1171794913596173,0.25809474595861914,0.621,0.6868570735299984
Pram1,0.11726017623658143,0.2577648279415907,0.158,0.6868570735299984
Morn1,0.11734671228274772,0.257411304623228,0.147,0.686471490827625
Mapkbp1,0.11736178336921531,0.2573497689842556,0.4,0.686471490827625
Cyb561d2,0.11747380135723612,0.2568927113030354,0.526,0.6860566691760557
Ecm1,0.11749587294419951,0.25680271985500974,0.874,0.6860566691760557
Ifi44,0.11752508882056395,0.2566836324445974,0.189,0.6860566691760557
Uba7,0.1175320173649901,0.25665539640202756,0.474,0.6860566691760557
Tmem62,0.11754022960350895,0.2566219316416335,0.295,0.6860566691760557
Chmp1b2,0.11759597159368211,0.25639486256317084,0.516,0.6860566691760557
Ppp2r3a,0.11766283511752544,0.2561226702334654,0.589,0.6860566691760557
Edc4,0.11768346639194066,0.25603872299589997,0.474,0.6860566691760557
Rad51b,0.1179031863130415,0.2551458641979836,0.526,0.6855763080968811
Ubac2,0.11802411182051896,0.2546553782188314,0.674,0.6848877789812495
Gtf2h3,0.11810712120749664,0.2543190575288141,0.421,0.6846159550667298
Ppp4r3a,0.11813808971701391,0.2541936634755708,0.674,0.6844815692646734
Qpct,0.11817335184171687,0.25405093576097443,0.221,0.6842506921673441
Entpd5,0.11824705544204343,0.25375278874787266,0.4,0.6840614581265619
Cxcl5,0.11826286387191537,0.2536888714509009,0.4,0.6840427306334981
Fdft1,0.11829798416893185,0.2535469110770131,0.547,0.683967144754369
Cyp1b1,0.1183390485939201,0.2533809928569922,0.832,0.6838268332735234
Slc48a1,0.11835683067929444,0.2533091685459552,0.611,0.6838268332735234
Dazap2,0.11837224218060544,0.2532469306373819,0.884,0.6838268332735234
Vat1,0.1184012543864126,0.2531297959825597,0.768,0.6838268332735234
Zfp524,0.11841255690906537,0.2530841729259578,0.389,0.6838268332735234
Ahsa2,0.11847227260143957,0.2528432218273116,0.611,0.6838268332735234
Slc25a46,0.11847432899005325,0.25283492715993167,0.547,0.6838268332735234
Tmem202,0.11852265896844776,0.25264003663021883,0.126,0.6838268332735234
Gstt3,0.1186520496884372,0.2521187758680013,0.295,0.6838268332735234
Rbm47,0.11871331977520454,0.25187220199721344,0.474,0.6838268332735234
Mthfd1,0.11871519959711856,0.2518646395034896,0.379,0.6838268332735234
Atp6v0b,0.11883613371295906,0.251378450802516,0.842,0.6836468989322332
Hoxa5,0.11887894604423108,0.2512064878315513,0.674,0.6835854503354725
Sdf2,0.11890856074314228,0.25108758264143055,0.863,0.6835841335335079
Aven,0.11891851945110236,0.2510476063804119,0.442,0.6835841335335079
Gm50304,0.11895397828921149,0.2509053029353779,0.221,0.6835841335335079
Amotl2,0.11896088899777857,0.25087757532293453,0.568,0.6835841335335079
Galnt15,0.11899516837836624,0.2507400683755424,0.337,0.6835841335335079
Mrps22,0.11909577090650769,0.25033681425647497,0.432,0.6835841335335079
Rab36,0.11919359821502704,0.249945111772502,0.211,0.6833085057041055
Ccdc157,0.11925922784257742,0.24968256562857805,0.253,0.6827462002965923
Nedd4l,0.11926068285107179,0.24967674713070254,0.6,0.6827462002965923
Zfp617,0.1192930453496194,0.2495473553931492,0.379,0.6827462002965923
Pex11a,0.11939739040931135,0.24913047695142188,0.263,0.6818576787681154
Slc7a1,0.11940998529917718,0.24908019037396448,0.474,0.6818576787681154
Lypd1,0.11956483803558388,0.24846249314359933,0.116,0.6804947890454374
Elp4,0.11957393897788982,0.24842622291775446,0.568,0.6804947890454374
Ercc3,0.11960658041102948,0.24829616612148528,0.4,0.6803496272525499
Ndufa3,0.1196890458214311,0.24796779902657276,0.884,0.6799153603361633
Zfp963,0.11978781892777851,0.24757489034318875,0.179,0.6792962859283953
Ar,0.11978876909686385,0.2475711127571087,0.6,0.6792962859283953
Ap4e1,0.11982118472420836,0.24744226176397463,0.558,0.6792962859283953
Sdcbp,0.11982913131513595,0.24741068139188116,0.884,0.6792962859283953
Ciao3,0.1198889563135343,0.24717302130438196,0.274,0.6792962859283953
Scml4,0.11991766189325023,0.2470590417119702,0.158,0.6792962859283953
Dusp14,0.11996663784353162,0.2468646593387062,0.263,0.6792962859283953
Cetn2,0.11999156714200537,0.2467657570555763,0.726,0.6792962859283953
Map3k8,0.12025935662382568,0.24570507494281874,0.463,0.6785144514347803
Atp2a2,0.12026339634562103,0.24568909820625162,0.884,0.6785144514347803
Dync2li1,0.12027434070583058,0.24564581784636735,0.589,0.6785144514347803
Sord,0.12028222720746796,0.24561463329709463,0.326,0.6785144514347803
Unc50,0.12041601508180744,0.24508602975890095,0.747,0.6780525251878166
Eola1,0.12052476229439094,0.24465694224354823,0.495,0.6775258291641969
Procr,0.12056504471163781,0.24449813030309017,0.347,0.6775188208052628
Tafazzin,0.12083957465164816,0.24341770206587182,0.579,0.6756163543007219
Mpst,0.12086971868224199,0.2432992699236484,0.495,0.6756004123804792
Naa20,0.12096288094951209,0.24293349881294918,0.832,0.675365251272767
Cd151,0.12109420258204752,0.24241855358334075,0.842,0.6748712202353749
Gm4890,0.121118918523014,0.24232172065667218,0.137,0.6748327283687005
Cd274,0.1211280178629641,0.24228607770474714,0.189,0.6748327283687005
4833419F23Rik,0.12114439575632045,0.2422219331309862,0.105,0.6748327283687005
Zfp3,0.12118335271141562,0.24206940412264788,0.147,0.6748327283687005
Nckap1,0.12120712320918135,0.24197636764179542,0.863,0.6748327283687005
Zup1,0.12123832469614129,0.2418542842289319,0.516,0.6748327283687005
Cdc42ep3,0.12130319296541983,0.24160060782273293,0.389,0.6748327283687005
Tgfa,0.12131901123637379,0.24153877622052375,0.421,0.6748327283687005
Snx8,0.12135553002259965,0.2413960707976403,0.463,0.6748327283687005
Sv2a,0.12149051992723615,0.24086907406345306,0.421,0.6748327283687005
Hscb,0.12168277489936935,0.24011989308693446,0.453,0.6748327283687005
Cacna2d1,0.1217243960753563,0.23995791626908056,0.779,0.6747799247533232
Phyh,0.12173978645613508,0.23989804083235397,0.632,0.6747799247533232
Traf2,0.12174085260783543,0.23989389341108713,0.537,0.6747799247533232
Fam174b,0.1217566081386382,0.23983260884598087,0.116,0.6747799247533232
Zfp950,0.12178536914944763,0.23972076463877084,0.6,0.6747799247533232
Nhs,0.12178814373335597,0.2397099769059129,0.4,0.6747799247533232
Tmod3,0.12192169341580039,0.23919112659312486,0.811,0.6743692604805884
Pnrc1,0.12192169365829732,0.23919112565171463,0.842,0.6743692604805884
Zmym2,0.1219360299290711,0.2391354745415996,0.705,0.6743692604805884
Tmem53,0.1219949645052178,0.23890679433529605,0.463,0.6743192006544193
Diaph1,0.12201770472340889,0.23881859746253992,0.747,0.674228756109268
Tgm2,0.12209654151517782,0.2385130076586924,0.716,0.6737626523242606
Chmp4c,0.1221167043556662,0.23843489540117832,0.105,0.6737626523242606
Fbln1,0.12212535271590168,0.23840139649149988,0.811,0.6737626523242606
Stard9,0.12216754605028231,0.23823800998417818,0.4,0.6737356669922739
Pmvk,0.12219288470221862,0.23813992774882065,0.463,0.6737356669922739
Zmat3,0.12223892148736286,0.23796179782722754,0.421,0.6737356669922739
Gm15559,0.12235321185280434,0.2375199748308152,0.105,0.6735396907154828
S100a4,0.12236982749296935,0.23745578968614683,0.695,0.6735396907154828
Trem2,0.12246403174127142,0.23709211267389202,0.568,0.6728350264418391
Klhl2,0.12249800074642746,0.23696106982342927,0.684,0.6726221194727932
Acbd4,0.12251193699293884,0.23690732228225592,0.242,0.6726221194727932
Zc3hav1l,0.12264281285799826,0.2364029904812532,0.284,0.671832119930984
Gsdmd,0.12264391052458506,0.2363987637698748,0.579,0.671832119930984
Ptprd,0.12265664834780407,0.23634971892978468,0.621,0.671832119930984
Sp110,0.1226728607386787,0.23628730609174106,0.389,0.671832119930984
Zfp992,0.12268804128280722,0.23622887594957098,0.368,0.671832119930984
Rab19,0.12272111240390814,0.23610161951512418,0.105,0.671832119930984
Tceanc2,0.12287585130991426,0.23550682378227975,0.432,0.671832119930984
Stk16,0.1229085543853685,0.23538125117186826,0.621,0.671832119930984
Slc35a4,0.12296613290824038,0.23516027563231445,0.621,0.671638779618744
Nudt14,0.12297009820651754,0.2351450628825579,0.326,0.671638779618744
Srr,0.12310024341272623,0.23464614499474548,0.4,0.6714728931245075
Casp12,0.12310369088870604,0.23463293896535375,0.789,0.6714728931245075
Cdc34,0.12328415873756267,0.23394235509347625,0.579,0.670552842589489
D830024N08Rik,0.12344594519120095,0.23332446372931956,0.126,0.669741055701157
Ankrd24,0.1235028138844888,0.2331075426806624,0.221,0.6692783990833843
Nab2,0.1235301730586857,0.23300323345946625,0.642,0.6692252434070136
Hspa1b,0.12362047972134034,0.23265916267014972,0.389,0.6686305807038027
4933412E12Rik,0.1236258774710675,0.23263860833764,0.137,0.6686305807038027
Kif1c,0.12365467387253459,0.232528974650438,0.747,0.6685764843457398
Plbd1,0.12369342100325387,0.23238151345758873,0.105,0.6685764843457398
Grn,0.12380001379587173,0.23197618674494097,0.863,0.6679467803948456
Gns,0.1238808333536042,0.23166919389018326,0.716,0.6678520719953822
Pctp,0.12393806627989994,0.23145196651532987,0.168,0.667557953867299
Tbl1x,0.12394623695651034,0.2314209663534372,0.905,0.667557953867299
Gucy1a1,0.12414163741115013,0.2306804665176912,0.463,0.6667715326799628
Akap10,0.12414675406945795,0.23066109844531235,0.547,0.6667715326799628
Actr10,0.12417250684889818,0.23056363378460945,0.789,0.6667715326799628
Ubiad1,0.12418629739560882,0.2305114535525963,0.263,0.6667715326799628
Znhit6,0.12421776056384273,0.23039243513269134,0.463,0.6667442681702157
Gm19522,0.1242220297189256,0.23037628914635014,0.126,0.6667442681702157
Slc25a39,0.12423919579626318,0.23031137486228545,0.811,0.6667442681702157
Cuta,0.12437027264630865,0.22981612372393345,0.779,0.6666364316053321
Ddx28,0.12439417844936224,0.22972588020368065,0.253,0.6665825624953101
Zfp808,0.12440224419017552,0.2296954379268113,0.295,0.6665825624953101
Snw1,0.12456402100236015,0.22908544478993195,0.884,0.6655284141284087
Mfsd12,0.12457488770438566,0.22904451166481585,0.211,0.6655284141284087
Plxna1,0.12462674368905444,0.2288492490130358,0.495,0.6651641086660666
Afap1l2,0.12476172662343094,0.22834152031653845,0.495,0.664307813868506
Gngt2,0.12476751782472921,0.22831975479670025,0.453,0.664307813868506
Nfe2l3,0.12481671556131253,0.22813490976644188,0.474,0.664307813868506
Armcx3,0.12482962345816427,0.22808642977339047,0.716,0.664307813868506
Prg4,0.12484348728650331,0.2280343674971491,0.274,0.664307813868506
Ndufa13,0.1249431398298762,0.22766039139587546,0.874,0.6640599241519866
Gm36975,0.12504562124497226,0.2272762477928733,0.179,0.6634983296098295
Zfp612,0.1251026162336753,0.22706280333718837,0.221,0.6633510449268795
Gabarapl2,0.12518134027589034,0.22676821555126545,0.874,0.6633510449268795
2210016L21Rik,0.12522422407253148,0.22660785593950875,0.695,0.6633058328292739
Kifc3,0.12545304757184406,0.2257535387995026,0.516,0.6612887875983477
Smad3,0.12547356637913418,0.2256770420752834,0.8,0.6612887875983477
Slc25a15,0.1256007278641182,0.22520337387501013,0.179,0.6603215897722214
Saraf,0.12562204501895147,0.225124037285105,0.863,0.6602501992384601
Lbp,0.12567471329345165,0.224928104655144,0.211,0.6599979845049643
Sult5a1,0.1256877861633738,0.22487949049931713,0.295,0.6599979845049643
Kxd1,0.12572927258804645,0.22472526359908204,0.737,0.6598865835251108
Pigh,0.125817718232092,0.2243967127856519,0.284,0.6592844581815727
Get3,0.1259246393485981,0.2239999818815794,0.505,0.6592844581815727
Malat1,0.1259256148725675,0.22399636447157653,0.968,0.6592844581815727
Car11,0.12593498938524136,0.22396160426721173,0.168,0.6592844581815727
Ankrd40,0.12596156730060487,0.22386307537009015,0.611,0.6592844581815727
Dhx32,0.1259898160362095,0.22375838588723976,0.684,0.6592844581815727
Dop1b,0.1260615004733436,0.22349287881524463,0.526,0.6591694905268096
Abca8b,0.12612642737467517,0.22325259191395844,0.211,0.6588825838736134
Tmem150a,0.12613606401169714,0.2232169433450271,0.463,0.6588825838736134
Zfand3,0.1261668942888457,0.22310292059008882,0.853,0.6588825838736134
1500004A13Rik,0.12634510675527416,0.22244462272194518,0.305,0.6579787978401707
Tsen34,0.12636317571123085,0.2223779543921184,0.853,0.6579787978401707
Podxl,0.1264617340610484,0.22201455520171617,0.358,0.6573930368204701
Repin1,0.12650544336192254,0.22185352655944154,0.116,0.6570782667486963
Isoc1,0.12653450500799235,0.22174650664142867,0.737,0.6569233420290239
Mrpl12,0.12655669817672593,0.2216648044924424,0.811,0.6569233420290239
Mpdz,0.12668220512337763,0.2212031612541257,0.8,0.6568429828296646
Lpcat3,0.12672500812225168,0.22104587717157173,0.789,0.6567923403115717
Psma6,0.12681337312634977,0.22072142026171138,0.863,0.6561566702006497
Rab5b,0.12682277364821323,0.22068692338865775,0.747,0.6561566702006497
Tlcd4,0.12685829791781855,0.22055659515962361,0.168,0.6561504058675919
Ppp6c,0.12697711129199524,0.22012109793452445,0.705,0.6555044699652368
Zbtb49,0.127004525963188,0.2200206987357572,0.105,0.6555044699652368
Ctsz,0.12705163874782943,0.21984823576275442,0.863,0.6555044699652368
Klf3,0.12706166147331452,0.21981155848099676,0.8,0.6555044699652368
Gm9929,0.12715202066435766,0.21948109198849639,0.137,0.6552236378681939
Iqsec1,0.12715304030530686,0.21947736490577174,0.6,0.6552236378681939
Gpt,0.12716234270831833,0.21944336399483208,0.158,0.6552236378681939
Brat1,0.12717534972880998,0.21939582869407778,0.2,0.6552236378681939
Srek1,0.12721148237529636,0.2192638169196108,0.821,0.6552236378681939
Rab11a,0.12721377567901074,0.21925544015532752,0.832,0.6552236378681939
Nabp2,0.12725497612057554,0.2191049855621647,0.737,0.6552236378681939
Egln2,0.12733870784545392,0.21879944120482867,0.705,0.6552236378681939
Pgap6,0.12734614790349869,0.21877230635697018,0.105,0.6552236378681939
Cd300a,0.12734614790349869,0.21877230635697018,0.105,0.6552236378681939
Cant1,0.1277248888765792,0.2173941296111717,0.432,0.6525628285603347
Atox1,0.12773334998245117,0.2173634113291877,0.895,0.6525628285603347
Ddx41,0.12782306829519507,0.2170378753951848,0.611,0.6518193521435677
Eif2ak2,0.12787644612146037,0.21684436187950745,0.6,0.6515641273992107
Gdpgp1,0.12800633694390984,0.21637397193832159,0.189,0.6511283912439667
Synj1,0.12803909209530584,0.21625546576335966,0.726,0.651087364582059
Wt1,0.1282050157288043,0.2156558701497106,0.842,0.6501079670819924
Nat8f1,0.12822097716636854,0.2155982527259708,0.147,0.6500974938424741
BC005624,0.1283290292860662,0.21520849421426724,0.726,0.6492483392036952
Pih1d1,0.12851526305001698,0.21453789678776086,0.621,0.6486745326559165
Pacsin2,0.12853857277217795,0.21445406675558723,0.674,0.6486745326559165
Smarcd2,0.12857344078913843,0.21432871237101464,0.611,0.6486350959384694
Clptm1l,0.12863059447233102,0.2141233509935286,0.789,0.6482549357991171
Gpatch8,0.12863092577481175,0.21412216098335443,0.832,0.6482549357991171
Ubb,0.1287069117148588,0.21384934993435528,0.958,0.6478629925664441
Flii,0.12871419277429683,0.21382322182554497,0.705,0.6478629925664441
Sqle,0.12872804444713365,0.21377352130138288,0.4,0.6478629925664441
Pex11b,0.12877322001418737,0.21361148598943883,0.442,0.6478629925664441
Adamts7,0.12886661521068252,0.2132767734261768,0.326,0.6478153854106008
Anxa7,0.1288746195896797,0.21324810442351017,0.8,0.6478153854106008
Pdcd6,0.12896270550469272,0.21293279094176615,0.884,0.6478153854106008
Tmed5,0.12905732079520488,0.21259447385664523,0.8,0.6472971003405413
Gm56817,0.12914531594167877,0.21228017142464822,0.126,0.6469157406842008
Il16,0.12916302143232555,0.21221697060624406,0.621,0.6468873231960326
Tnfrsf1b,0.12916796099824499,0.21219934091344045,0.705,0.6468873231960326
Gm19705,0.1292109986824357,0.21204578013312977,0.326,0.6468581509294943
Tmem94,0.12926645706173664,0.2118480181410094,0.295,0.6465834147989578
Rabif,0.12947113122278867,0.21111929469622367,0.495,0.6453603018170153
Nudt7,0.12950648414867658,0.21099360470173287,0.432,0.6452878786687994
1700096K18Rik,0.12956580727476696,0.21078281327433712,0.253,0.6452516962518398
Gata6,0.1297611928188104,0.21008961425901737,0.884,0.6441639423922425
Ipo13,0.1298216329115865,0.20987551085367132,0.179,0.6440008328188171
Ik,0.1298459726088251,0.2097893336453241,0.842,0.6439009532411571
Qtrt1,0.12987054926949645,0.20970234301847104,0.432,0.643798525344613
Sema4b,0.13003846993321586,0.20910866477910708,0.589,0.6433319500293071
Epn1,0.13011815390222178,0.20882736405589924,0.726,0.6433319500293071
Bach1,0.13015352802835592,0.20870257264294856,0.8,0.6433319500293071
Lamtor1,0.1301674407505545,0.20865350647336092,0.884,0.6433319500293071
Snx32,0.1302810325378548,0.20825320857895555,0.253,0.6432972151807356
Oat,0.13038735744854463,0.20787901573638787,0.863,0.642493517573913
Zfp185,0.13043551389153718,0.2077096950644713,0.116,0.642493517573913
Gm10115,0.13044705155257036,0.20766914263801867,0.232,0.642493517573913
Parp10,0.13044867862706633,0.20766342427152734,0.379,0.642493517573913
Btbd8,0.1306305305538088,0.20702501208505697,0.326,0.6424785009318374
Tnrc6c,0.13065076875600123,0.2069540502858191,0.821,0.6424243231080222
Rrp15,0.13083517590952837,0.20630825808164113,0.6,0.641248577475088
Tifab,0.1309200389713641,0.20601155260535356,0.105,0.6409900782929464
Gpr146,0.1309659641315285,0.20585111236174738,0.368,0.6408229987367128
Krt7,0.13097144274516387,0.20583197870561304,0.284,0.6408229987367128
Alms1,0.131002787046316,0.20572253547228073,0.337,0.6407549892128858
Hpgd,0.13103602694834973,0.20560651892082624,0.147,0.6407260505274748
Pkdcc,0.1311409056419928,0.20524076957159548,0.789,0.6402509535583649
Doc2b,0.13123538230088164,0.20491169435242726,0.105,0.6400389312614104
Ldhd,0.13136933478257848,0.2044457665559823,0.137,0.6389329305147525
Cox20,0.1314513093696402,0.2041610080070606,0.768,0.638375318526244
Sesn3,0.13147767343018524,0.20406948642929118,0.758,0.638375318526244
Bicdl1,0.1316484453054632,0.20347737117999434,0.316,0.6370779079520831
Dvl2,0.1316662281317384,0.2034157838119504,0.284,0.6370779079520831
mt-Nd3,0.13177676060586377,0.20303327542484909,0.968,0.6366729010253755
Slc44a3,0.1318753914269418,0.20269238919998042,0.189,0.6363046853433452
Lmo2,0.13187600148006992,0.2026902820215458,0.147,0.6363046853433452
Niban1,0.1319176560853795,0.2025464403957118,0.411,0.6363046853433452
Optn,0.1319242394185838,0.2025237135359364,0.232,0.6363046853433452
Det1,0.1319790706879192,0.2023344970611962,0.211,0.6363046853433452
Gyg,0.13200038943062337,0.20226096273295335,0.4,0.6363046853433452
Rbm24,0.13210413820362898,0.2019033775966994,0.126,0.635787530854996
Wdr20,0.13212686714207258,0.20182509960778552,0.568,0.635787530854996
Gm15446,0.1321282542611269,0.20182032310358736,0.221,0.635787530854996
Gm57399,0.13228652673260677,0.2012758487332181,0.105,0.6351430001944152
Commd6,0.13242515944306588,0.20079980390400182,0.747,0.6338073726275893
Il7,0.13254068575047412,0.20040372099142847,0.126,0.6338073726275893
Gpcpd1,0.132613908064218,0.2001529683516713,0.611,0.6338073726275893
Srgap2,0.13262702127238904,0.20010808546814532,0.8,0.6338073726275893
Mtln,0.1326534228112111,0.20001774223674085,0.684,0.6338073726275893
Ccr5,0.13269310282524224,0.1998820166049681,0.137,0.6338073726275893
Hoxb3,0.1327339005066598,0.1997425369910333,0.411,0.6338073726275893
Ndst2,0.13305955423204274,0.19863169452853,0.4,0.6315642783064687
Rangrf,0.13306983504127193,0.19859669799961766,0.368,0.6315642783064687
Gna15,0.13312654899850385,0.19840371979122315,0.137,0.6315571218274698
S100a1,0.1331956313961744,0.19816883828685827,0.895,0.6309767280059155
Dalrd3,0.13363605497035788,0.1966760921944522,0.484,0.6290543435770737
Ccl7,0.1336442486461416,0.1966483979980844,0.295,0.6290543435770737
Tmem70,0.1337609476771962,0.1962542663014358,0.579,0.62871530829278
Armc5,0.13379455805010598,0.19614085849121918,0.284,0.6285557953696087
Gabarapl1,0.13385285753438958,0.19594425695194745,0.768,0.6283928133605857
Ppp1r37,0.13387511003465458,0.195869253011217,0.547,0.6283200964215021
Iqcb1,0.13393107484742306,0.1956807103568238,0.463,0.6280508658792792
S1pr1,0.1340099908309266,0.1954150687882678,0.147,0.6280177000892807
Creld1,0.13405287189173126,0.19527083461363526,0.463,0.6279249263202892
Orai3,0.13407306958404083,0.1952029245305726,0.484,0.6279249263202892
Mmp23,0.13409563016990458,0.19512708990826877,0.842,0.6279249263202892
Kif16b,0.13415577064767886,0.19492503897388935,0.568,0.6279249263202892
Tbc1d16,0.13433308618554424,0.19433019969115975,0.379,0.6267985515821175
Med23,0.1343472850201823,0.19428262368671054,0.442,0.6267985515821175
Meaf6,0.13446542338991524,0.19388710373091617,0.674,0.6263122019093651
Pde4d,0.1344796706269771,0.19383944418535728,0.674,0.6263122019093651
Rab9,0.13454563839523717,0.1936188805385159,0.779,0.6262931363528103
Tnfsf13b,0.13459089417844164,0.19346767243103663,0.137,0.6262931363528103
Mapk10,0.13461859199779114,0.19337517088925207,0.179,0.6262931363528103
Urm1,0.1346485719420259,0.19327508382474762,0.611,0.6261883247392727
Gm4951,0.13473034241944232,0.1930022860553478,0.221,0.6261492701071496
Smim14,0.13474018641659646,0.19296946387923955,0.853,0.6261492701071496
Itgb4,0.13474135771066922,0.1929655587809701,0.189,0.6261492701071496
Fam120aos,0.13487861515061067,0.19250833748490467,0.232,0.6252839521310974
Hsd17b10,0.13489748368392765,0.19244554539332007,0.779,0.6252839521310974
Mlst8,0.13489964424912768,0.1924383562508567,0.2,0.6252839521310974
Tm2d3,0.13496477832882312,0.19222171793710136,0.663,0.6252839521310974
Cdk5rap3,0.13498806809929484,0.192144298143155,0.758,0.6252839521310974
Inpp4a,0.135114636222583,0.19172395503935438,0.432,0.6243638535821883
Gm15764,0.13514148796609823,0.19163486381984052,0.137,0.6243638535821883
Snrnp48,0.1352105031156927,0.1914060163788838,0.653,0.6241749154430358
Lonp2,0.13526850411983996,0.19121384378079953,0.789,0.6238871256184946
Ift22,0.13532348489550983,0.19103180698237612,0.568,0.6238871256184946
Imp4,0.1353287379150525,0.19101442123829676,0.663,0.6238871256184946
Idua,0.13538740280619585,0.1908203378317627,0.105,0.6238871256184946
Kidins220,0.1353886380751038,0.190816252677905,0.747,0.6238871256184946
Ebpl,0.13547138447309034,0.19054274652367867,0.726,0.6238871256184946
Mrgprf,0.1355142243670599,0.1904012571131413,0.211,0.6237784158683458
Galnt1,0.13551870661008011,0.190386457789542,0.884,0.6237784158683458
Itfg2,0.13552796794873473,0.19035588164384287,0.411,0.6237784158683458
6530402F18Rik,0.1355308122838618,0.19034649183583283,0.2,0.6237784158683458
Atp10a,0.135620353788829,0.19005106615026995,0.495,0.6237049881046954
Add1,0.13567617169145355,0.1898670734696871,0.874,0.6237049881046954
Slc36a1,0.13568542967179614,0.1898365688539645,0.284,0.6237049881046954
Spcs1,0.13584090324560127,0.18932482124160166,0.884,0.6233641157538092
B9d1,0.1359908001546912,0.188832377274539,0.421,0.6231813400591802
Gm39469,0.1360157306180938,0.18875056547786456,0.4,0.6231311629619796
Lgals3,0.1360654021322092,0.18858764012088505,0.726,0.6229149195297666
Ndufc1,0.1360777011144706,0.18854731453334175,0.863,0.6229149195297666
Paxx,0.13609931153850272,0.18847647398487738,0.537,0.6229113743838213
Cog4,0.13612802171226213,0.18838238981426525,0.663,0.6227718487059148
Dnajb9,0.13615455993291353,0.1882954535208159,0.8,0.6226558827938409
Arid3b,0.1361582273376865,0.1882834417962326,0.179,0.6226558827938409
Trmt2a,0.1361738149168131,0.18823239453986243,0.4,0.6226558827938409
Lamtor2,0.1361876020608368,0.18818725184200355,0.874,0.6226558827938409
Lgmn,0.13649091629479854,0.18719610926983726,0.926,0.6209015701665569
H6pd,0.13649816985825822,0.1871724532546411,0.863,0.6209015701665569
Acvr1b,0.13654240354472558,0.18702824112440394,0.695,0.6208593008517329
Acy1,0.1366151295210285,0.18679131298962098,0.126,0.6207592845464653
Gamt,0.13662526736149658,0.18675830306001734,0.589,0.6207592845464653
Wdr36,0.13663478908772067,0.1867273031274093,0.579,0.6207592845464653
Prkcz,0.1367458301574032,0.18636606220753849,0.358,0.6207204740432495
Skic2,0.1368729719937182,0.1859530661593742,0.547,0.6200609778669022
Tyrobp,0.13696248391103183,0.18566270324549297,0.274,0.6197531492545549
Stag1,0.1371156812383155,0.1851665201338517,0.884,0.6195070491789749
Fam174c,0.13714205859353448,0.18508118531781714,0.379,0.6195070491789749
Msln,0.13723943109130377,0.18476641809994593,0.337,0.619286512220623
Fahd1,0.1372914108733285,0.1845985474151853,0.326,0.6191270276017122
Slfn2,0.13741334582053144,0.18420518970214544,0.516,0.6186455205395939
Sox6,0.13746241136886567,0.18404707839777004,0.526,0.6183137298047076
Isg15,0.13748091998125342,0.18398746099585686,0.505,0.6182977792388288
Plgrkt,0.13758192813894,0.18366235524493632,0.789,0.6177125768700141
4930599N23Rik,0.1376373882283712,0.18348402902540303,0.168,0.6174587265997797
Kif3b,0.13771068076767096,0.1832485580096938,0.516,0.6170121806007834
Rhoj,0.13772582086400173,0.1831999440438672,0.905,0.6170121806007834
Neo1,0.1379113022937325,0.18260513692356276,0.8,0.6160550376626069
Ctps,0.138019662155642,0.1822582978949836,0.737,0.6155767602883455
Actr8,0.13808958637256913,0.18203473924598743,0.389,0.6153236563674556
Nova1,0.13812091741190588,0.18193463395884144,0.274,0.6153236563674556
Caml,0.13819339045019322,0.18170323050309603,0.684,0.6149128209274729
Gulp1,0.1385711026114291,0.18050068779176257,0.653,0.6139546065168255
Zc3hav1,0.13863240701625845,0.1803060594337599,0.726,0.6137368015956584
Kcnq1ot1,0.13869709370115643,0.18010085940183312,0.705,0.6134669556986696
Mras,0.1386982825862791,0.18009708960147539,0.642,0.6134669556986696
Uqcc1,0.13880974294805742,0.1797439193940772,0.505,0.6131208068649673
Sp3os,0.13882959958375107,0.17968105538746532,0.632,0.6130805433467735
Lacc1,0.1389083848178018,0.17943178810987828,0.6,0.6124040590776887
Zbtb20,0.13896862780287678,0.179241357039005,0.916,0.6121020972603337
Cenpx,0.13903045503235825,0.17904607185455104,0.789,0.6119573540442911
Gm16552,0.13921016216060775,0.1784793394365216,0.126,0.6110071052451739
Rab7b,0.13922437032544632,0.1784345880091032,0.526,0.6110071052451739
Fndc3a,0.13928970938545196,0.17822889544072446,0.853,0.6110071052451739
Isca1,0.13934966236565546,0.1780403114515397,0.6,0.6107800055996107
Dock4,0.13939203615822998,0.17790711150881003,0.505,0.6104974815336616
Cobl,0.13940566113007705,0.17786429758617373,0.137,0.6104974815336616
Sspn,0.13945175853876052,0.1777195010633055,0.505,0.610202473339179
Clcn2,0.1396868154046251,0.1769825065896388,0.137,0.608890818516273
AI661453,0.14008522945427357,0.17573844413842044,0.168,0.6072971836794515
Cygb,0.1400866492936067,0.1757340221417155,0.232,0.6072971836794515
Cbr3,0.14011013809334008,0.1756608796581154,0.621,0.6072971836794515
Xpa,0.1401870504540598,0.1754215362568255,0.653,0.6072971836794515
Ndufs3,0.14021614827112697,0.1753310492558149,0.8,0.6072971836794515
Dph7,0.14029006695664314,0.1751013345239808,0.326,0.6072971836794515
Rom1,0.14044379977519497,0.17462429169891372,0.211,0.6070393371247415
Prxl2b,0.14044721671791263,0.1746136995599973,0.463,0.6070393371247415
Eef2k,0.14066113674450353,0.17395151061867425,0.505,0.6069491365510185
Rasgef1b,0.14067637075235997,0.173904424267402,0.116,0.6069491365510185
Naprt,0.140682058604137,0.17388684625361062,0.337,0.6069491365510185
1600012H06Rik,0.1408452998810804,0.17338291381367646,0.695,0.6064572398597669
4833420G17Rik,0.14101915243837476,0.17284740548600142,0.674,0.6057731458465905
Trps1,0.14103814004691567,0.17278899278871337,0.842,0.6057731458465905
Acy3,0.14105589993035866,0.17273437015832263,0.263,0.6057731458465905
Strbp,0.14116094613575175,0.17241154782129595,0.621,0.6057731458465905
Tmem176a,0.1412489950189715,0.17214130292350455,0.895,0.6056399262927822
Gm26881,0.14126141729763833,0.17210320083242853,0.2,0.6056399262927822
Rexo2,0.14130462022401302,0.17197073548924016,0.842,0.6056399262927822
Eif2b5,0.14136046724380863,0.1717996130760632,0.516,0.6056377677689577
Zfp934,0.1414277479245824,0.17159362299197808,0.379,0.6054213095382449
Zfp689,0.14145776189940845,0.1715017893073605,0.105,0.6054213095382449
Lipe,0.14163959038351828,0.170946222816668,0.232,0.604402619952807
Zfp268,0.14171743099269668,0.17070879106275919,0.221,0.6042748980809404
Zfyve19,0.14172981480369493,0.17067104000973332,0.337,0.6042748980809404
Szt2,0.1420086293586922,0.16982272404834545,0.189,0.6019452011013252
Chaserr,0.14206658398974878,0.16964678341322098,0.695,0.6019452011013252
Alas1,0.14208146883112954,0.16960161721467823,0.411,0.6019452011013252
Anxa3,0.14211618969213866,0.16949629556109064,0.674,0.6019349366465588
Ppa2,0.14218432814699525,0.16928974582742715,0.768,0.6019135262510861
Kank1,0.14220341015150165,0.16923193538991468,0.653,0.6018862109676261
St3gal3,0.142289846619091,0.16897025172179472,0.421,0.6011335740514339
Rsph1,0.14238121053571062,0.16869397514819376,0.137,0.6006846262171893
Rtl8a,0.14253738788491901,0.16822248082574054,0.537,0.6002518060251609
Asl,0.14254947775348914,0.16818602253336773,0.495,0.6002518060251609
Sec11a,0.14255854197328718,0.16815869223652974,0.895,0.6002518060251609
Gpat3,0.1425642557055584,0.1681414659639841,0.242,0.6002518060251609
Med4,0.14257871601990865,0.16809787553441102,0.558,0.6002518060251609
Hspb1,0.14262649356599927,0.16795391009117594,0.853,0.6002518060251609
Ubox5,0.1427692658861841,0.16752424489357298,0.168,0.6002518060251609
Ust,0.14279289196214187,0.1674532219570011,0.779,0.6002518060251609
Gpr18,0.1428723110258084,0.16721464144783912,0.126,0.6001355594975749
Lrrc8d,0.14287864905794148,0.16719561238047748,0.305,0.6001355594975749
Exo5,0.1430026631101507,0.16682359930126786,0.284,0.6001355594975749
Sp100,0.14315030078774657,0.16638151933450307,0.663,0.6001355594975749
Pip4p2,0.14315401741787664,0.16637040160860966,0.716,0.6001355594975749
Vsir,0.14322644309431246,0.16615386104491983,0.358,0.6000028299447676
Atp1b1,0.14326659294279612,0.16603390963916087,0.411,0.6000028299447676
Vps26a,0.1433129576053356,0.16589547063170088,0.674,0.5997913025820032
Stt3b,0.1433276968009514,0.16585147915971332,0.779,0.5997913025820032
Marchf9,0.1433761004873068,0.165707071391381,0.105,0.5997913025820032
Adgrf5,0.1434022970747965,0.16562895520104684,0.305,0.5997913025820032
Ifnar2,0.14345271566426743,0.1654786875989182,0.874,0.5997913025820032
Ildr2,0.1435480291290975,0.16519489104780002,0.863,0.5997226764469039
Eln,0.1436334524901129,0.16494084873414555,0.653,0.5997226764469039
Ptpn3,0.14375755045709654,0.16457230686096924,0.579,0.5997226764469039
Gm37305,0.1438128693481101,0.16440821945171744,0.116,0.5997226764469039
Dlx4,0.14396402590694143,0.1639604756721692,0.116,0.599291759937819
Aldh7a1,0.14401071177049596,0.16382236943015882,0.8,0.598969302602898
Ak5,0.14427945448081653,0.1630290506916546,0.547,0.5975747046867517
Dus3l,0.14430247187784498,0.16296123690410888,0.347,0.5975747046867517
Sema6a,0.1444017683624673,0.16266892975390154,0.358,0.5974811378265817
Samd9l,0.1444946928875654,0.162395732865122,0.642,0.5972459756858602
Dffa,0.14452190378554772,0.16231579768300675,0.221,0.5972459756858602
Hif3a,0.14461588295133854,0.1620399475668401,0.168,0.5969073240955819
Eps8,0.14463252073633617,0.1619911481910607,0.821,0.5969073240955819
N6amt1,0.1448171137325071,0.16145046054461176,0.642,0.5960210301738623
Polr2e,0.14487951348442502,0.16126799021436947,0.863,0.5960210301738623
Clec14a,0.14492653852410134,0.16113058013651554,0.105,0.5960210301738623
Syk,0.1449748598723656,0.16098947281562012,0.221,0.5960210301738623
Btf3,0.14513081091582702,0.16053469324134573,0.968,0.5952085524507358
Arl4d,0.14527342459862574,0.16011964438998277,0.463,0.5942987852211818
Rfx2,0.14530449058497874,0.16002933894934462,0.189,0.5941472704900373
Mrpl9,0.1453785729361163,0.1598141425068396,0.621,0.5938992290559031
Abi1,0.14539854864532836,0.1597561533868054,0.937,0.5938992290559031
Birc3,0.14541733617545716,0.15970162781557204,0.589,0.5938992290559031
Map3k14,0.14542569581810555,0.15967737073362637,0.547,0.5938992290559031
Gm15261,0.14542583212917082,0.15967697522404173,0.105,0.5938992290559031
Simc1,0.14549534816984086,0.15947536784266814,0.389,0.5938992290559031
Nr4a3,0.14561036554486154,0.15914221555121508,0.158,0.5938992290559031
Naxd,0.14573934625354182,0.15876923444625507,0.8,0.5934368727824082
Txndc12,0.14581706863888236,0.15854479456156237,0.684,0.5934368727824082
Casp4,0.1458318293175734,0.15850219668075188,0.737,0.5934368727824082
Hdc,0.14583471856528635,0.1584938595909503,0.674,0.5934368727824082
Btf3l4,0.14589129883837998,0.15833065978862354,0.568,0.5934368727824082
Zfp160,0.14591712530872186,0.15825620769410384,0.516,0.5934368727824082
Hgf,0.14614319963009315,0.15760559761521137,0.116,0.5928159971350572
Abhd14b,0.1462033831545522,0.15743273438146557,0.326,0.5923832158314815
Phf11d,0.14624991554403344,0.15729917778735952,0.442,0.5922518744725073
Lgals4,0.14633718463427967,0.15704892710091745,0.147,0.5922518744725073
Catsper2,0.14637227758701646,0.15694837915825705,0.221,0.5922518744725073
Bnip1,0.14640513988456874,0.1568542660003361,0.368,0.5922518744725073
C030006K11Rik,0.1465557428085825,0.15642349808151665,0.284,0.5919246585139523
Dnaja3,0.14664541416419516,0.1561674316618343,0.547,0.5918286053167543
Gata5,0.1468690563021006,0.15553016014032447,0.411,0.5905527321959212
Gne,0.14700346185410768,0.15514810489171774,0.295,0.5897003151107486
Ak3,0.14723039088905843,0.1545046381556257,0.737,0.5889324413760628
Mat2a,0.14733023765244307,0.15422215118988264,0.853,0.5886651319943245
Slc66a1,0.14741577370575026,0.1539804593659635,0.232,0.5886651319943245
Tmem108,0.14747336824003568,0.15381787909754316,0.768,0.5886651319943245
Arsi,0.14752812099262103,0.1536634397883459,0.105,0.5886651319943245
Arl6ip5,0.14755455927802608,0.1535889077098711,0.853,0.5886185811913254
Sod1,0.14791147185948086,0.1525853815054098,0.789,0.5857950888389267
Sptssa,0.14803675101384195,0.15223430221712597,0.842,0.5853151741194028
Edem3,0.14808164252542044,0.15210864665230445,0.505,0.5853151741194028
Nqo1,0.14818508626244922,0.1518193936436438,0.105,0.5853151741194028
Zfand6,0.14842893354882425,0.1511391700884235,0.832,0.584265297891726
Gm11266,0.14854647331081267,0.1508121044802419,0.263,0.5835645950674394
Rilpl2,0.14858084589774373,0.15071655983306184,0.632,0.5835645950674394
Brix1,0.1487899812762358,0.15013620926551347,0.758,0.5826391288464835
Pet100,0.14882971016446517,0.15002615136951927,0.726,0.5824002584849072
Ptov1,0.14885995092561458,0.1499424182874639,0.863,0.5822634593717915
Emp3,0.14902676010520655,0.1494811735272291,0.905,0.5809745375971394
Plxna4,0.14902769568398308,0.149478589561435,0.747,0.5809745375971394
ENSMUSG00000121501,0.1492022504550625,0.1489970749348178,0.126,0.5802815046196423
Chchd4,0.1492611595408982,0.14883483560370314,0.505,0.5798377258577754
Ralbp1,0.14938639374044121,0.14849037364595236,0.895,0.5792475361815952
Kcnh3,0.1496323968631164,0.14781547602015535,0.116,0.5786369674680528
Arhgef12,0.14965250488623802,0.14776041274846116,0.895,0.5786369674680528
Mt1,0.14975101569269955,0.14749087619971402,0.874,0.5784762322552366
Rapgef2,0.14983205245555795,0.14726942787988948,0.832,0.5780529652022991
Hikeshi,0.14995217007616635,0.14694164387653463,0.674,0.5775215443618826
Fgf18,0.1499606611870686,0.1469184936230973,0.137,0.5775215443618826
Nipa1,0.15010367616012382,0.14652898830676833,0.316,0.5770165262457883
Aqp5,0.15020999086251047,0.1462399411807691,0.326,0.5768406615497683
Zfp873,0.15021922909168922,0.14621484467857038,0.147,0.5768406615497683
Klhl20,0.15042455951662712,0.14565788212834593,0.389,0.576383324699379
Col24a1,0.1505019833369856,0.14544828396065196,0.579,0.576383324699379
Trim30a,0.15060491310283483,0.14516998918417212,0.505,0.5760264574138647
Babam2,0.1506152735225748,0.145141999597865,0.747,0.5760264574138647
C2,0.15067877663611848,0.14497052918337025,0.747,0.5759107504987173
Edf1,0.150682799790343,0.1449596710506632,0.874,0.5759107504987173
A430046D13Rik,0.15070308915483835,0.1449049212133241,0.116,0.5759107504987173
Usp11,0.15073502493002677,0.1448187756905242,0.211,0.5759107504987173
Scnm1,0.15088758737434713,0.14440777695161708,0.579,0.5757368792219911
Zbtb24,0.15117930848744807,0.1436243383587465,0.368,0.5746409299145182
Ulk4,0.15132841358227692,0.1432251461179153,0.242,0.5740001099592152
Ppp2r5b,0.15157122561207387,0.14257686964592545,0.4,0.5723572296351143
Nop14,0.151791380920971,0.1419910013224602,0.621,0.5709597966774211
Dzip1,0.1518104697603711,0.1419402887060174,0.368,0.5709597966774211
Adamtsl4,0.1519028424142809,0.1416950790132945,0.253,0.5708065819507137
Tap1,0.15194578979647516,0.14158118126110986,0.495,0.5707066284034852
Cys1,0.15203980950955573,0.1413320797342071,0.126,0.5704115231491176
Fzd5,0.1520810330076185,0.14122296424627032,0.137,0.5702059772361882
Rnf130,0.1521519766413085,0.1410353309484935,0.779,0.5702059772361882
2010001A14Rik,0.15223199232459095,0.14082392998221005,0.105,0.5697011210567372
Lrch3,0.15240118067575312,0.14037772460444617,0.716,0.5686623951840706
Ang,0.1525352273893209,0.14002495948190094,0.379,0.5679641663405403
E130311K13Rik,0.15254276665434138,0.14000513866214204,0.389,0.5679641663405403
Ehbp1,0.1525451672214264,0.13999882798773,0.674,0.5679641663405403
Nme6,0.15256256227874895,0.1399531058320941,0.295,0.5679641663405403
Klhl13,0.15263963343306314,0.13975066360598357,0.263,0.5679641663405403
Atf7,0.15271911150393377,0.13954213141519123,0.726,0.5679641663405403
Ccl6,0.1527706456844977,0.13940704354114264,0.274,0.5679641663405403
Jmjd8,0.15281079259074842,0.13930187406803324,0.305,0.5679641663405403
Nsmaf,0.1529471772884036,0.13894504732033233,0.589,0.5679641663405403
Mettl1,0.15309226093219833,0.13856622187271497,0.589,0.5679641663405403
Adamts9,0.15315386571100503,0.13840560362666893,0.705,0.5677608755536091
Xbp1,0.15323282586100598,0.1381999422152771,0.863,0.5674988735221724
Lrba,0.1532645398699812,0.13811740442513187,0.642,0.5674988735221724
Apbb3,0.15333045406962287,0.13794597795689234,0.221,0.5672319716878104
Sdhaf2,0.1533577403926693,0.13787506024106372,0.653,0.5672319716878104
Pgghg,0.15349985405644942,0.13750615079345932,0.4,0.5663932598892165
Fkbpl,0.15359522427361239,0.1372590016966732,0.411,0.5658121085950253
Platr25,0.15372026581463447,0.13693547105748724,0.211,0.5654003442184489
Ift57,0.15373806320291863,0.1368894694465172,0.495,0.5654003442184489
Rhou,0.1537431201693054,0.13687640064618675,0.821,0.5654003442184489
Emc7,0.1539259404828985,0.13640457081070412,0.884,0.564567280842511
Zfp180,0.15407269846743174,0.1360267064405859,0.305,0.5641896631150511
Nemf,0.15428194367852024,0.13548932899169433,0.726,0.5638892108156929
Ctsb,0.15439210508876863,0.13520706466599014,0.947,0.5633002170175376
Prkce,0.15442215316156319,0.13513015074310158,0.684,0.5631751891608542
Phldb1,0.15451948233039509,0.13488124601497842,0.6,0.5625283504348196
Gm20559,0.15486893740757424,0.13399043916397685,0.484,0.5620553515960509
Klhl29,0.15488951802344936,0.133938116394097,0.526,0.5620553515960509
Magi3,0.15493600797002555,0.13381998071725226,0.716,0.5620553515960509
Fzd4,0.15495150017906895,0.133780631060366,0.337,0.5620553515960509
Itgb7,0.1550320561383022,0.13357616372882536,0.147,0.5620553515960509
Hsd17b4,0.15504338027373296,0.133547439860625,0.632,0.5620553515960509
2900005J15Rik,0.1552122114936389,0.13311975389866523,0.242,0.5620553515960509
Psmf1,0.1552162757805105,0.13310947105306023,0.516,0.5620553515960509
Tmem205,0.15525551111994207,0.13301023481658433,0.768,0.5620553515960509
9230114K14Rik,0.15542763318833766,0.132575559585435,0.2,0.5620553515960509
Creg1,0.1554958499789224,0.13240358539512076,0.874,0.5620553515960509
Gxylt2,0.15558520308551624,0.13217858386032452,0.758,0.5618387425059768
Cpne8,0.15563929251902778,0.13204252202332287,0.789,0.5618387425059768
Irgm1,0.15595926526232756,0.13123981405945778,0.537,0.5617629392350169
Herc6,0.15608186846405234,0.13093323058374495,0.453,0.5611207357212853
Tob1,0.15608255825884002,0.13093150721929997,0.379,0.5611207357212853
2210016F16Rik,0.1562901016134499,0.13041377209219612,0.758,0.5598420312874504
Ramp2,0.15642631866663595,0.1300748170299818,0.453,0.5589137013964262
Srgn,0.15667892348264456,0.12944802984149753,0.579,0.5572902453592187
6820408C15Rik,0.15677819199180215,0.12920234784693943,0.105,0.5568775960635123
Cyld,0.1567822606404751,0.1291922858577577,0.779,0.5568775960635123
Atp6v1f,0.1569495526209811,0.1287790819490662,0.895,0.5562051931519562
Abcc10,0.1570119269454617,0.12862527889530723,0.221,0.5561410600273511
Idi1,0.15709770831889994,0.1284139879926838,0.389,0.5556276590371728
Ccnd1,0.15711060609068628,0.12838224203508378,0.368,0.5556276590371728
Nrxn2,0.15721916674658973,0.1281152738274185,0.505,0.5556276590371728
Klf9,0.15724596668370366,0.12804943384395967,0.884,0.5556276590371728
Scn7a,0.15732050773043005,0.12786644334764727,0.232,0.5552594521790961
Pgap3,0.1573704240757773,0.1277440158093017,0.168,0.5551293513652861
Ighm,0.15751268200021057,0.1273955983036616,0.337,0.5540162799102009
Cfh,0.1575756757511496,0.1272415468082639,0.926,0.5537474637647064
Camkk2,0.15767672246809009,0.12699473447987017,0.516,0.5530742752628949
Krr1,0.15783374479291062,0.12661192611583194,0.463,0.552408937817149
Scara5,0.15806584392066542,0.1260477056809917,0.105,0.5515116439600652
Plekha4,0.15812381111090795,0.12590709170430475,0.411,0.5515116439600652
Elovl6,0.15852080545433905,0.1249473109211104,0.421,0.550021387445829
Slc1a5,0.15853291373955178,0.12491812614603276,0.716,0.550021387445829
4931406C07Rik,0.15866514435897938,0.12459974901678099,0.526,0.5492306669346124
Chrd,0.15879449988904276,0.12428889713208394,0.274,0.5491485406331225
Atp6v0e2,0.1588069591640647,0.12425898793009839,0.211,0.5491485406331225
Btbd6,0.15895877280816567,0.12389499416332088,0.189,0.5484195485096711
Cavin2,0.15910711485677334,0.12354011527739983,0.547,0.548113946056554
Ibtk,0.15912469073742655,0.12349812025149852,0.747,0.548113946056554
Atl3,0.15926001628202796,0.123175146507544,0.821,0.5476423495362681
Aqr,0.15939251906160873,0.12285953878290481,0.653,0.5475777587848323
Ypel2,0.15969675856624635,0.12213722390572095,0.4,0.5453706386894724
Tmem119,0.1598050715728104,0.12188086059877414,0.768,0.5453706386894724
Glyr1,0.15999786787038092,0.12142556012746039,0.758,0.5444199777634119
Blvrb,0.16007553254261794,0.1212425203581184,0.779,0.5440055836845769
Tmem230,0.1602472884190479,0.1208384809048121,0.558,0.5432512656954034
Mfsd11,0.16028607767313607,0.12074737649254808,0.474,0.5432512656954034
Elac2,0.16031763136873065,0.12067330526499247,0.358,0.5432512656954034
mt-Co3,0.16038633818589026,0.12051213937472587,0.989,0.5429603217532208
Cyb561,0.16041550106202676,0.12044378201208265,0.326,0.5428560400221758
Igfbp4,0.16043398492927627,0.12040047155530388,0.937,0.5428560400221758
Lcmt1,0.16046587813917715,0.12032576921192237,0.6,0.5428560400221758
Riox2,0.16053953324337797,0.12015338586686275,0.337,0.5428560400221758
Socs3,0.1606628772654843,0.11986513604081139,0.747,0.5422836052908901
Stk11,0.16073700168535604,0.11969216684816471,0.779,0.5422836052908901
Rffl,0.16073844634682524,0.11968879764525579,0.611,0.5422836052908901
Hs1bp3,0.16074205438223102,0.11968038339560323,0.358,0.5422836052908901
Zmynd15,0.16092534608671372,0.11925353081598282,0.263,0.5419671250974663
Fgf1,0.16106364528679362,0.11893223506467741,0.726,0.5408012039818559
Pdia3,0.16112659792862513,0.11878620518028123,0.916,0.5406618520089601
Insl6,0.1611830553518117,0.11865535976510647,0.126,0.5404643916550997
Sgsm2,0.1612704171165025,0.11845310975415613,0.389,0.5402129463514357
Tmem170b,0.16139651975254446,0.11816164041942767,0.274,0.5402129463514357
Oas1c,0.16140132912523425,0.11815053516516869,0.126,0.5402129463514357
Med6,0.16140699424057353,0.11813745496080683,0.621,0.5402129463514357
Trim30d,0.16191463856743094,0.11696988325629175,0.411,0.5379416900171863
Casp7,0.16195158804312546,0.1168852494765943,0.484,0.5379416900171863
Iars,0.16208742761998454,0.11657451183356397,0.705,0.5379416900171863
Naa25,0.16211446038828972,0.11651274968706898,0.558,0.5379416900171863
Fxyd1,0.16217389257824194,0.11637705303829594,0.726,0.5379416900171863
Nme5,0.16220589267948002,0.11630404043587378,0.147,0.5379416900171863
Cln3,0.16237770030642648,0.11591264304749435,0.411,0.5379416900171863
Hspa1a,0.16260429509732421,0.11539799255748087,0.232,0.536529027431067
Tsc1,0.16262734933796316,0.1153457301390963,0.516,0.536529027431067
Wdr73,0.16268460586709801,0.1152160126320604,0.358,0.536529027431067
Hmgcs1,0.16270251100519068,0.11517547082825998,0.621,0.536529027431067
Cnrip1,0.1627612815059318,0.11504247697963438,0.579,0.536529027431067
Ywhag,0.16276328711659271,0.11503794050994348,0.842,0.536529027431067
Slitrk4,0.1627961450531213,0.11496363919744483,0.147,0.536529027431067
Togaram1,0.162960703348119,0.11459208382887014,0.611,0.536529027431067
Fbxo8,0.16310761118314832,0.11426116734464745,0.411,0.5361210771032364
Myl4,0.16314831249861803,0.11416961683990733,0.116,0.5359009340878684
Slc22a5,0.163160234072541,0.11414281209929839,0.284,0.5359009340878684
Trim11,0.16330491642529082,0.1138178933318951,0.358,0.5350867052607926
Dram1,0.16336329305709762,0.11368699771614095,0.737,0.5346806821690969
Mtg2,0.1633666118168238,0.11367955969742646,0.411,0.5346806821690969
Bicc1,0.16356127988549937,0.1132439280716229,0.947,0.5340612114516796
Dars,0.16357519632550446,0.11321283524117037,0.737,0.5340612114516796
Exosc7,0.16358254311373968,0.11319642333556645,0.653,0.5340612114516796
Gpr39,0.16360438820776754,0.11314763472505109,0.863,0.5340612114516796
Bicra,0.16363892464072163,0.11307053466414493,0.611,0.5340612114516796
AI429214,0.1639012273000763,0.11248629171615948,0.137,0.5328542808858132
Cd9,0.1639339742383961,0.11241351713558514,0.916,0.5328542808858132
Arhgap29,0.16412296632510565,0.11199422724529921,0.863,0.5320346050778322
Pomt2,0.16424289907055403,0.11172877953180614,0.347,0.5312980023122361
Mrps26,0.1643663018608899,0.11145616151791035,0.737,0.5304217722336702
Tmeff2,0.1645729545861105,0.11100078685733754,0.768,0.5295138847024441
Smad6,0.16468639384690434,0.11075143002571705,0.516,0.5291653085231933
Sh3d19,0.16486571479922413,0.11035814303140211,0.811,0.5280387134997377
Oxct1,0.1651715809614879,0.10968982220282898,0.768,0.526818278075747
Ginm1,0.16550322569781295,0.1089687354384295,0.747,0.5260907142779345
Tor3a,0.16566512210585235,0.10861807051452764,0.432,0.5250310679017445
Pigt,0.16595331658109844,0.10799602006962077,0.768,0.5234494463752362
Cdh23,0.16604323244032754,0.10780251096274494,0.158,0.5231951289934028
Neil1,0.16612042082039677,0.10763660835407976,0.158,0.5226011955145312
Cxcl10,0.16623246482653725,0.1073961437849832,0.137,0.5218557257896776
Tmem37,0.16626903700607326,0.10731774464657322,0.537,0.521685894725265
Aldh3b1,0.16628625532371105,0.10728084948561664,0.411,0.521685894725265
Tmcc3,0.16636482156926294,0.1071126243099147,0.263,0.521685894725265
Tom1,0.1664803428754144,0.10686564484296363,0.474,0.521685894725265
Ifi207,0.16649505771800618,0.10683421705877773,0.295,0.521685894725265
Arf3,0.16669052611996332,0.10641742121574493,0.832,0.5209785704336148
Ogn,0.16672921515169445,0.10633507541615593,0.442,0.5209785704336148
Sgta,0.1668765323795994,0.10602197998730716,0.726,0.5202312683725366
Idnk,0.16688360401839844,0.10600696864147356,0.726,0.5202312683725366
Mob2,0.1671067435314666,0.10553414956283554,0.6,0.5188978434893392
Erap1,0.1673205751731169,0.10508259927655175,0.558,0.5177376977897238
Glt8d1,0.16765059842187438,0.10438864866101907,0.768,0.5157742616081353
Gfpt2,0.1676894645898798,0.10430715972799157,0.779,0.5156791794235948
Ddo,0.1677575873029494,0.10416444984229091,0.221,0.5155410343183787
Otud4,0.1677868675892567,0.10410315764160966,0.653,0.5154501500217762
Casp1,0.16784025912576397,0.10399146610439951,0.411,0.5154196168419489
Carhsp1,0.1681506275118955,0.1033440497566522,0.768,0.5147410325342358
Klf10,0.16816020945131074,0.10332411248054785,0.484,0.5147410325342358
Sema3d,0.16819922447337546,0.10324296443337475,0.147,0.5147410325342358
Erich1,0.1684371160748153,0.10274924748852084,0.326,0.514045922747779
Ssbp4,0.16862585101273536,0.1023588654367102,0.842,0.5133763146610607
Stxbp2,0.16874879168587942,0.10210519827605107,0.663,0.5125322390052446
Nceh1,0.1689647702135434,0.10166075546300812,0.284,0.5108257311107608
Epha4,0.1691038682779383,0.10137532120487325,0.411,0.509720888486982
Cox7a1,0.16921067968546347,0.10115656682463166,0.126,0.5095915934598677
Mitf,0.1692177103156578,0.10114218077566031,0.347,0.5095915934598677
Zfp64,0.16924007048655168,0.10109643813604632,0.589,0.5095915934598677
Wdr13,0.16924380478284792,0.10108880039307241,0.432,0.5095915934598677
Ube2l6,0.16937695164788005,0.1008167709638787,0.568,0.5088301677020981
Gm4876,0.1694593241651023,0.10064876501016415,0.168,0.5082855456853712
Chd8,0.16987788463082126,0.09979846322491677,0.747,0.506030467880733
Cd74,0.1700304832839685,0.09948986621753197,0.726,0.5051056336887554
Zfp119b,0.17020228524408024,0.09914333152823379,0.116,0.5043987737199389
Vps72,0.17031334883592983,0.0989198144937983,0.726,0.503916085119659
Zfp605,0.17051555478055347,0.09851388840267501,0.2,0.5032193752554684
Rab6b,0.1706942115025436,0.09815632694228378,0.453,0.5025855085697234
Mrps36,0.1707634555738369,0.09801801720842308,0.768,0.502305733086443
Ifi203,0.17081054091348583,0.09792405536293657,0.716,0.5020392708161108
Best1,0.1709939646440415,0.09755869632370688,0.232,0.5020392708161108
Chil1,0.17111269060715914,0.0973227797787635,0.168,0.5020392708161108
Rapgef5,0.17118283516222965,0.0971836087606936,0.474,0.5020392708161108
Cab39l,0.1712056238008415,0.09713842843240304,0.684,0.5020392708161108
Tpra1,0.17130364292026312,0.09694428588247586,0.368,0.5017284657719343
Zc3h3,0.17144613153370228,0.0966626089204529,0.295,0.5013511642798609
Agtrap,0.17160461824591408,0.09635006325863807,0.695,0.5003785508418975
Dguok,0.17171042361304004,0.09614185164390526,0.663,0.5003785508418975
Rcan2,0.17171232277075255,0.09613811757986124,0.189,0.5003785508418975
Nckap5,0.17178677715269172,0.0959918176784902,0.274,0.5003785508418975
Lncpint,0.17181196719854894,0.09594235994557873,0.758,0.5003785508418975
Nr1h4,0.17184077451318866,0.09588582472106588,0.495,0.5003785508418975
Ampd3,0.17184641549769766,0.09587475719073618,0.242,0.5003785508418975
Gm12216,0.17191407504077333,0.09574208851991653,0.421,0.5003785508418975
Prelp,0.17207729084598913,0.09542264558720608,0.568,0.5003785508418975
Pals1,0.172212131116828,0.09515937260107075,0.705,0.5003785508418975
Ago1,0.17227326815627372,0.09504019247692524,0.474,0.5003785508418975
Slc44a1,0.172496826216887,0.09460539116071898,0.842,0.5000454677614966
C1d,0.17258097785175988,0.09444213027309868,0.842,0.4997649441115451
Rhno1,0.17262754092346352,0.09435188971484922,0.505,0.49972789581217225
C2cd2,0.1726988287341583,0.09421386366426991,0.263,0.4995309904552104
Gm6712,0.17278101647121902,0.09405493107767915,0.137,0.4995309904552104
Akr1e1,0.1731051622566223,0.09343016698032787,0.611,0.4983634006809403
Gps2,0.17323649374713093,0.09317797072905,0.747,0.4981246191200816
Tnip3,0.1735893350105447,0.09250306960451737,0.137,0.49617296389642795
Ifit3,0.17397879340817773,0.09176261838817967,0.179,0.4934141329990476
Sp2,0.17418839183719992,0.09136606662456546,0.379,0.49248964703856307
Kcnk6,0.1742336468897173,0.09128062404078001,0.137,0.49248964703856307
Sigmar1,0.17446550165181812,0.09084386765959636,0.642,0.491777420644172
Cstb,0.1745613987726413,0.09066370552748079,0.916,0.491264898080293
Rab3il1,0.17466323043737775,0.09047270379658566,0.2,0.491264898080293
Tbc1d4,0.1747046479036088,0.09039510981515546,0.568,0.491264898080293
Ttll4,0.1748396571044454,0.09014254107589267,0.463,0.49041299986327297
Rigi,0.17510061070150015,0.0896559453933325,0.579,0.4890953822524958
L3hypdh,0.17559229375494756,0.08874476730890775,0.6,0.4870011065256194
Gbp7,0.17565413723866366,0.08863068171408386,0.547,0.4865974372844101
Zfp579,0.17579972894972734,0.0883625608897391,0.453,0.4859550734812456
Ubc,0.17616461367273492,0.08769341712274167,0.916,0.4847008076623488
Abhd11,0.1763301782923322,0.08739112567858841,0.579,0.4844437885608545
Zbtb8a,0.1764674082390992,0.08714119571022086,0.611,0.4844437885608545
Cd14,0.17657994754955095,0.08693665736073335,0.547,0.4844266006471142
0610040B10Rik,0.176644373819319,0.0868197353848559,0.147,0.4844266006471142
Adcy9,0.17671060837433733,0.08669966192847772,0.453,0.4844266006471142
Ccdc25,0.17687147015015445,0.0864085924633859,0.589,0.4841881164841297
Tlr4,0.1769362145473874,0.08629166081797887,0.526,0.4841881164841297
Bscl2,0.17695068430840724,0.08626554489815429,0.674,0.4841881164841297
Klf7,0.17704854926904642,0.0860890770113012,0.779,0.4841552916509103
Nipa2,0.1771722791219951,0.08586638091970314,0.768,0.48358238072367526
Dhcr7,0.17724834065019152,0.0857297084538954,0.242,0.4832660138055972
Ackr3,0.1773214282117619,0.08559854280321122,0.189,0.48311476495357464
Mbd2,0.17737762103951296,0.08549780561124928,0.842,0.483106637333692
Apoe,0.17738933548056673,0.08547681694793376,0.853,0.483106637333692
Tppp,0.17769910420745172,0.08492329216886456,0.126,0.4817509977982674
Cd200r4,0.1778010806263046,0.08474169607805315,0.105,0.4815397751108302
Pmp22,0.1778416931451849,0.08466946079899819,0.705,0.4815397751108302
Ift27,0.17784589859766106,0.08466198359004401,0.758,0.4815397751108302
Mrpl48,0.17790235225580786,0.08456166100078372,0.821,0.4815397751108302
Hsd3b7,0.17791015617727168,0.08454780026563984,0.484,0.4815397751108302
Tmem242,0.17791362182966014,0.08454164541581465,0.537,0.4815397751108302
Sqor,0.17802009692204232,0.08435272394639608,0.547,0.4815397751108302
Agk,0.17818276540893638,0.08406474620744087,0.432,0.48119827116173125
Golph3l,0.17836594877730302,0.08374138802508024,0.632,0.4808495050891352
Nagpa,0.17849924019746594,0.08350672322530209,0.295,0.4804337449766182
Itprid2,0.17873295596119737,0.08309652236768392,0.611,0.47945215957173515
Abca8a,0.1787854194211561,0.08300466341129949,0.326,0.4793828732945998
Slc37a3,0.17910918273407,0.082439571687658,0.442,0.47758908916906423
Mid1,0.17919633926731318,0.08228797528064571,0.516,0.47731000927280826
Adamtsl5,0.17929269598429073,0.08212063535402525,0.379,0.4771270276306794
Dtwd2,0.17968013489781753,0.08145052002099955,0.168,0.4756564051490628
Parp14,0.17973461994901552,0.0813566336464206,0.526,0.47535236019103266
Sdk1,0.17992527512445047,0.08102878452552197,0.442,0.4743601247186457
Ccl2,0.18007790789464564,0.08076707960989825,0.505,0.47419896033982617
Spryd4,0.18017342756600904,0.08060364489126842,0.2,0.4735843347448291
A730046J19Rik,0.1803238272624449,0.08034684578404885,0.105,0.4735843347448291
Cobll1,0.18054321914276358,0.07997341931833644,0.568,0.47274654902181346
Serpina3n,0.18056543536881803,0.0799356826180989,0.695,0.47274654902181346
Gm27241,0.18062990663568557,0.07982625168467625,0.137,0.47262021892401757
Cd180,0.18070766608285782,0.07969442532155199,0.116,0.4720725036190798
Khk,0.18097233705927823,0.07924703019542183,0.442,0.4712823633266121
Zfp993,0.18114954031931202,0.0789486135592648,0.189,0.47001462243425424
Pnpo,0.18118634212185372,0.07888675092149812,0.389,0.47001462243425424
Dnajc3,0.18122629215643668,0.07881964012716056,0.916,0.46990437885144826
Snapc5,0.18135925968999908,0.07859660126725942,0.611,0.46942324192326995
Tmem98,0.18145151751534375,0.07844214570340603,0.621,0.46942324192326995
9130221H12Rik,0.1814733694593297,0.07840559738817501,0.137,0.46942324192326995
Spsb1,0.18181068481377202,0.07784315073203885,0.863,0.46803340552808737
Ctdsp1,0.182060319602203,0.0774289893076503,0.705,0.46647760893976775
Atg2a,0.18211150606671878,0.07734428598270049,0.558,0.46620122580034373
Phyhd1,0.18214774471345094,0.07728436321014485,0.474,0.46620122580034373
Fan1,0.18224726539442118,0.07711999120928188,0.2,0.46601899066424135
Ccdc149,0.18242760979636832,0.07682284196716754,0.432,0.46586457752514177
Ablim1,0.18242938070613895,0.07681992863931236,0.526,0.46586457752514177
Utp4,0.18245719043625155,0.07677419040508089,0.589,0.46586457752514177
Mocos,0.18264976106664801,0.07645807135078944,0.158,0.4657696918868234
Supt7l,0.18271939071114682,0.07634402645301652,0.263,0.4657696918868234
Tmem199,0.1828654954698581,0.07610516824174235,0.347,0.4657567084231318
Scrn1,0.18310435048171625,0.07571596994712006,0.495,0.46454862092747595
Sdr42e1,0.1831619172281027,0.07562240813302377,0.105,0.46454862092747595
Ly96,0.18323521923427913,0.07550340655941086,0.695,0.46454862092747595
Fis1,0.18325984286469585,0.07546346527293123,0.884,0.46454862092747595
Rhoa,0.1833366036393873,0.0753390626883525,0.926,0.46454862092747595
Atg14,0.18337899488095763,0.07527043181583712,0.263,0.46454862092747595
Mctp1,0.18347123288240375,0.07512127317031074,0.126,0.46454862092747595
Tlr3,0.1836977866135186,0.07475591934695508,0.221,0.46454862092747595
Gm17167,0.18381512997852914,0.0745672466208866,0.295,0.46438222519553185
Zc3h12a,0.18382924589439859,0.07454457589212476,0.453,0.46438222519553185
Spsb2,0.183973379745767,0.07431340805008459,0.568,0.46338184012663025
Tmem256,0.18409391529155864,0.0741205309377949,0.874,0.4632710969397564
Enpp2,0.1844707043209553,0.07352019968213334,0.695,0.46034884390009534
Tango2,0.18451757385827094,0.07344579763250922,0.621,0.46034884390009534
Efcab14,0.18460145061063063,0.07331280049037471,0.674,0.46034884390009534
Zfp704,0.18465596654284572,0.07322646258389831,0.663,0.46034884390009534
Tusc2,0.18473023984302578,0.07310896626457568,0.411,0.46007303875197075
Arhgap20,0.1847385076516933,0.0730958964321374,0.116,0.46007303875197075
Gm38407,0.18475012809124317,0.07307752990730979,0.379,0.46007303875197075
Tnfrsf1a,0.18495564043449209,0.0727533235237354,0.874,0.4600048212477572
4933439C10Rik,0.18527113928022904,0.07225786228305811,0.147,0.4592266427617556
Cbr1,0.18531918666063055,0.07218264744290974,0.653,0.4592266427617556
Tmem123,0.18536208793078884,0.07211554179459162,0.653,0.4592266427617556
Mtmr10,0.18536505050755034,0.07211090962370684,0.221,0.4592266427617556
Nmi,0.18550073864695563,0.07189900966013281,0.611,0.4589534338060684
Nek4,0.18557632997859455,0.0717811788252692,0.442,0.4589534338060684
Gm30122,0.1859211713613812,0.07124561726928266,0.105,0.4581928904939887
Snx17,0.18615680085609207,0.07088152551144962,0.789,0.4578491694313555
Synm,0.1862360340124228,0.0707594331686356,0.126,0.4575167011609088
ENSMUSG00000121500,0.18664150300737042,0.07013728904018177,0.158,0.4553775518291469
Uap1,0.18664912603553896,0.07012563483532941,0.653,0.4553775518291469
Zcchc9,0.18686676130346774,0.06979356951881177,0.674,0.45456705917938867
Mpp1,0.18694976506855804,0.06966725833405955,0.6,0.4545093257553157
Ankhd1,0.18702688165630826,0.06955007148336416,0.779,0.45418130183802563
Prcp,0.18705446721613297,0.06950819097805602,0.632,0.45418130183802563
H2-Q4,0.187176192151652,0.06932363091159484,0.537,0.45418130183802563
Sp140,0.18755742595412703,0.06874816242654935,0.6,0.453299937537385
4930578G10Rik,0.18756232404304196,0.06874079401646524,0.358,0.453299937537385
Eef2kmt,0.18763585524918072,0.06863025450966732,0.653,0.4532213089601901
mt-Nd4l,0.1877986128607333,0.06838609197027211,0.884,0.4528423899578802
Mapk12,0.18784370335771905,0.0683185733947994,0.305,0.4528423899578802
Ifitm3,0.18790087080357656,0.06823304829591736,0.905,0.4528423899578802
Dhx58,0.18792727496161452,0.0681935757202582,0.147,0.4528423899578802
Tmem238,0.18845797166979028,0.06740412588670286,0.379,0.4506240787721712
Sh3bp5,0.1884943908606173,0.06735022211191556,0.642,0.4506240787721712
B4galt4,0.18858158653625223,0.06722130622797715,0.347,0.4506240787721712
Vps35,0.18863196773529783,0.0671469104287764,0.8,0.4506240787721712
Lilrb4b,0.18874823631326063,0.06697547595376611,0.137,0.4506240787721712
Rbms1,0.18875901215132437,0.06695960527390189,0.947,0.4506240787721712
Mustn1,0.188864935667592,0.0668037629264347,0.326,0.4506240787721712
Npl,0.1890177154188833,0.0665794999064795,0.737,0.4506240787721712
Fbln5,0.18933296451588025,0.06611867843016554,0.253,0.44953962169365663
Fnta,0.18940538516941352,0.06601318215271589,0.768,0.44907664482020376
Pard3b,0.18990212562739345,0.06529324534321214,0.684,0.446378271206036
Ptgfr,0.18992243551911486,0.06526394585783975,0.126,0.446378271206036
Plac8,0.19041025123829647,0.06456341141972811,0.832,0.44415817349987974
Thbd,0.19109084076565888,0.06359625430757712,0.495,0.44011540372972824
Ttyh1,0.1911350675936846,0.06353381507080422,0.126,0.44011540372972824
Ciita,0.19116253669713895,0.06349505940310639,0.158,0.44011540372972824
Trim56,0.19119861165422103,0.06344419107989403,0.568,0.44011540372972824
Eva1c,0.19121304692163543,0.06342384558035861,0.116,0.44011540372972824
Syne1,0.1916229468388759,0.06284833019415141,0.884,0.4379686016489704
6430548M08Rik,0.19201177527000937,0.062306332499098026,0.421,0.43545525862437134
Gch1,0.19223412985930416,0.061998100352260596,0.432,0.43460359767856505
Dennd4c,0.19253937031109528,0.06157699299965563,0.768,0.4334293308081449
Tmbim6,0.1926294549324169,0.06145315910509065,0.895,0.433098072621971
H2-T22,0.19267657852004105,0.06138846200290545,0.737,0.433098072621971
Pdcd4,0.1926769636253851,0.0613879335112027,0.758,0.433098072621971
Ndufa6,0.1926994841813108,0.06135703431646775,0.895,0.433098072621971
Chid1,0.1929074223447132,0.06107233212346928,0.453,0.43256231690013686
Mrpl22,0.19291271147865618,0.061065104475203226,0.653,0.43256231690013686
Rnf213,0.1932881306937628,0.06055386852880986,0.853,0.43047383032884545
Tcea1,0.19329514074456225,0.060544355717528565,0.853,0.43047383032884545
Tmem106a,0.19360584064153824,0.060123950521012354,0.4,0.42939268524610297
Dolk,0.1937218559127695,0.059967583138825165,0.442,0.428589744492782
Arhgap6,0.1941083705773465,0.05944902422603078,0.537,0.4269165274413586
Irak2,0.19420225089011328,0.05932362580702021,0.505,0.42652621261370766
Gstt1,0.19421531317805846,0.059306195287990575,0.347,0.42652621261370766
Abcb7,0.19435429639053178,0.05912099272227844,0.558,0.42583428891205594
Zfp36l1,0.19444057170276197,0.0590062640051764,0.905,0.42526303235903545
Zxdb,0.19449724648194786,0.05893099700413662,0.242,0.42523120954728955
Nenf,0.1945787507560484,0.058822892645205474,0.884,0.42523120954728955
Tcf7l2,0.19488821560541153,0.058413903647522025,0.821,0.42302517557044444
Dpagt1,0.195285637184145,0.05789208220321902,0.684,0.4210237619709575
Prkn,0.1954032096974723,0.05773844006556857,0.253,0.4210237619709575
Slc46a1,0.1959594917387436,0.0570160129840474,0.242,0.41794338699600553
D330023K18Rik,0.1959925285304226,0.05697334284085274,0.232,0.41794338699600553
Bmp2k,0.19638374717351778,0.056470031322701536,0.811,0.41575257012355527
Svip,0.1964807215415828,0.05634583636473154,0.263,0.4155678484221939
Zfr,0.19669892865617852,0.0560671966425936,0.8,0.41427620313084396
Aplf,0.19705520723530362,0.05561467335282058,0.284,0.41296560479116684
Srebf2,0.197765450653779,0.054721496741532434,0.726,0.40860759413904224
Gbp5,0.1978863591278757,0.054570625274826444,0.232,0.40824113566138354
2010004M13Rik,0.1978874440088721,0.05456927309013202,0.305,0.40824113566138354
Zfp947,0.19807507538536925,0.054335824463881306,0.147,0.40699329029184206
Tspan7,0.19866553260036066,0.05360652795554181,0.389,0.4048135730579815
Lratd1,0.19876435734403508,0.05348525481075172,0.137,0.40441201594090914
Snx1,0.19882824850522982,0.053406970568986516,0.747,0.404323767731287
Ifi211,0.19887072456361643,0.05335497783324619,0.768,0.404323767731287
Rhbdl1,0.19928446980674416,0.0528507060832065,0.242,0.402991837128841
Il18,0.19938264398042582,0.05273162856904651,0.474,0.40251027605120243
Nol8,0.1996554005753577,0.05240195374825756,0.484,0.4020385039331173
5430431A17Rik,0.20042696451918784,0.05147855181272796,0.105,0.3977496599841857
Hacd3,0.20054428459959156,0.05133932465086202,0.705,0.39744118058214073
Palmd,0.20064088628501647,0.05122491752738132,0.379,0.3968113450008178
Por,0.2008839777139989,0.050937948730191945,0.842,0.3953535555290334
Pirb,0.20090888211471683,0.05090862409481684,0.126,0.3953535555290334
Lcn2,0.20093693928938441,0.05087560376876543,0.453,0.3953535555290334
Cela1,0.2009373037924456,0.050875174903371984,0.537,0.3953535555290334
Zcchc3,0.20117706558434703,0.05059372170546816,0.495,0.3947230776592308
Ppp1r9a,0.20127445217151502,0.050479767964046615,0.358,0.3943465022409289
Cadm3,0.2012760594116543,0.05047788908046252,0.147,0.3943465022409289
Tlr2,0.20133416190876752,0.05041000524275049,0.221,0.39431461429948217
Tcf7l1,0.20145071344436738,0.05027405957483881,0.789,0.39418901983086196
Tfcp2l1,0.2014828626434613,0.050236613994709925,0.2,0.39418901983086196
Lhpp,0.20193583404958113,0.04971145857804952,0.211,0.3913175320592011
Plxdc2,0.20198307982611025,0.049656945672251436,0.674,0.39122765530624865
Sbsn,0.2020077807522237,0.049628465001898506,0.653,0.39122765530624865
Cavin1,0.20224341738924864,0.04935744813017914,0.937,0.39020367908002235
Crls1,0.2030238423034896,0.04846855316608636,0.6,0.3879427756172482
Cox19,0.2030373753686885,0.04845325660515936,0.674,0.3879427756172482
Nfkbib,0.20305003540158156,0.048438950452567645,0.516,0.3879427756172482
Adgrg6,0.20329621842579268,0.04816145054202676,0.2,0.38758346960999684
Hdgfl3,0.2035093252077655,0.047922296668483993,0.653,0.3864358738069089
Zscan26,0.2035617862531313,0.04786357437402481,0.568,0.3862217321968521
Immp2l,0.20388461252583728,0.0475035266738493,0.642,0.38512818688245004
Upk1b,0.20397983789806595,0.04739775080496113,0.337,0.38479025957753094
Tifa,0.20406018366344625,0.04730865474176029,0.316,0.38446669293081903
Iscu,0.20410463907734366,0.04725941734526067,0.853,0.38444703527408186
Dab2,0.20431292962087472,0.04702928574119786,0.874,0.3835639718964074
Il11ra1,0.20432645987746745,0.04701436885411521,0.811,0.3835639718964074
Irf1,0.20474325105374977,0.04655677790918193,0.505,0.3820965361281937
Maob,0.20507761917388823,0.04619234986075065,0.421,0.38092825877612163
Ccl27a,0.20510313959599522,0.04616463246599384,0.379,0.38092825877612163
Lamtor4,0.20520607474752617,0.04605297576989718,0.821,0.38065288334473807
Pla2r1,0.20536021511335661,0.04588619376618575,0.337,0.38023155869606096
Ccdc86,0.20538293499937785,0.04586165291256067,0.547,0.38023155869606096
Pnpla2,0.20556289455810128,0.045667653851533485,0.442,0.37972225294419387
Tmco6,0.2059026608639676,0.04530323511589979,0.179,0.3793277155067007
Spint2,0.20591952862637544,0.04528520648929987,0.611,0.3793277155067007
H2-Q6,0.2065307679540963,0.04463590367522518,0.358,0.3773750391740575
Pcdh7,0.20670533396008833,0.04445189173895482,0.895,0.37666468885647886
Ccdc57,0.2067633180517838,0.04439090956169352,0.263,0.37666468885647886
Fuca1,0.20685874378997207,0.04429070100436351,0.842,0.37666468885647886
Krba1,0.2069388693837016,0.04420670456444082,0.232,0.37666468885647886
Zfp2,0.2069814529728739,0.04416211762594067,0.179,0.37666468885647886
Gmip,0.20705776496839018,0.04408230894273562,0.421,0.37666468885647886
Abca9,0.20756513353381675,0.043554732195653215,0.505,0.37619554996439153
Rab32,0.20764873591497135,0.043468305518893524,0.463,0.3760258965168261
Osbpl1a,0.20775842008924295,0.043355132135534664,0.284,0.3758592574378084
Slc25a3,0.20778148412463895,0.04333136558994257,0.926,0.3758592574378084
Aqp1,0.2079284430524002,0.043180184613569546,0.116,0.3755104643078192
Cebpa,0.2079421481472214,0.04316610815951301,0.126,0.3755104643078192
Plekhg5,0.20805253650881075,0.04305286771697817,0.347,0.3755104643078192
Syngr2,0.20809656505767476,0.04300777056821816,0.832,0.3755104643078192
Pigbos1,0.20822171052857186,0.04287980217996268,0.684,0.374714544959834
Gm44148,0.2082344060544929,0.04286683798930557,0.326,0.374714544959834
Fads3,0.2082583444067104,0.04284240191754779,0.705,0.374714544959834
Nifk,0.20865593965929383,0.0424382311541118,0.568,0.3729437963809851
Bin3,0.20881289202101125,0.0422795588727266,0.663,0.3727244224558211
Shisa5,0.2088503324819631,0.042241781153952856,0.842,0.3727214861765979
Zfp277,0.20892655578198102,0.04216495805758777,0.632,0.3727214861765979
Cpeb1,0.20907629940852124,0.0420143747185128,0.411,0.37262655414045065
Pgrmc1,0.20917696661585966,0.04191339486046478,0.832,0.37262655414045065
Kazn,0.20957354921214297,0.041517544587530444,0.642,0.3705823985916226
Prr13,0.20964958925972377,0.041442001877178926,0.853,0.3705093942958208
Bri3,0.20980762968608757,0.04128536138184505,0.895,0.37040471514603746
Hyi,0.21023459689833188,0.040864641259984694,0.779,0.36864143321460274
Plscr4,0.2106095821760173,0.04049809620528953,0.758,0.36711927831833646
Tmem141,0.2107542851161019,0.04035738543310474,0.326,0.36682144352406404
Rarres2,0.21085369370940646,0.04026095590456982,0.832,0.3662221951107347
Tom1l1,0.2109157359598791,0.04020087040633075,0.284,0.3661671198507463
Zbtb16,0.21099395601732332,0.04012522397308944,0.379,0.3658189553871563
Efna5,0.21115958053258949,0.03996544085049386,0.811,0.36491638653374886
2310033P09Rik,0.21121297912288545,0.03991403890753501,0.526,0.3647244027113949
Rnasel,0.21126870028881556,0.03986046007517642,0.568,0.36451221943841833
Kif13a,0.21131779034976636,0.0398133071524418,0.663,0.36451221943841833
Eif1,0.21145312786405124,0.039683551250006964,0.968,0.3637254960754455
Fcgr4,0.21185519810845455,0.03930014408033529,0.147,0.3625126917773649
Iglc1,0.21196689348635414,0.039194184151789,0.137,0.3625126917773649
Man1a,0.2120334772024433,0.0391311330578159,0.758,0.36241425240645436
Il1rl1,0.21206838910054363,0.03909810730039522,0.105,0.36241425240645436
Uqcc6,0.2121058219721193,0.03906272264027151,0.411,0.36241425240645436
Cdan1,0.21222878158027242,0.038946679243790486,0.179,0.36194487436547396
Nfkbie,0.21235195947229446,0.03883071881565091,0.347,0.3616711774321301
Desi2,0.21259508023380544,0.03860269014618141,0.842,0.36042185115489905
Marchf2,0.21268475493115932,0.038518865236948106,0.716,0.36042185115489905
C330020E22Rik,0.21287693013226597,0.03833973873222412,0.442,0.3602406949599793
Zbtb42,0.212889687011466,0.038327872742134124,0.126,0.3602406949599793
Adamtsl1,0.2130512712721629,0.03817783851078298,0.705,0.35981264285633535
Vwa5a,0.2133717418957585,0.0378817281638163,0.811,0.35862955509976746
Hebp1,0.21341947994244828,0.03783778377013543,0.358,0.35862955509976746
Sulf2,0.2137035630940884,0.037577157523142474,0.705,0.35796430262551543
9130023H24Rik,0.21384874160662742,0.03744454774241643,0.116,0.3578612139111274
Nfkbia,0.21393600933535567,0.03736502386283065,0.779,0.3578612139111274
Yae1d1,0.21433235870270181,0.03700562266549008,0.611,0.3553890810388493
Idh1,0.21445832813853508,0.036892004480344305,0.758,0.35493773861818434
Insig1,0.21452316121975712,0.0368336422655096,0.411,0.3546604191515427
Slc25a51,0.21473415238609114,0.03664424498639082,0.811,0.35397054724577376
Cmah,0.21482628864407366,0.03656179480497071,0.158,0.3537449397447891
Adamts19,0.21494747127955435,0.036453588622383744,0.189,0.352982450474969
Parp9,0.2151305887829307,0.03629058906174569,0.632,0.35254134535953113
Lgals7,0.21518070562484531,0.036246084896308255,0.737,0.35239412255058555
Arhgdib,0.2152922898030865,0.03614716158587366,0.8,0.3522319782614962
Rnf185,0.21548012917060477,0.03598114674926475,0.537,0.35207915430167996
Oxr1,0.215554086632377,0.035915957905489126,0.705,0.35174788464209455
Muc16,0.2156010304796392,0.0358746312847303,0.147,0.35174788464209455
Pi16,0.2157709325056434,0.03572539277743645,0.221,0.3513143252077637
Gsn,0.21626498729440669,0.03529438181623882,0.874,0.34878982919142343
Stat1,0.21718796766623544,0.034500870768199784,0.716,0.34434909003638803
Bop1,0.21731467949060027,0.03439311276903365,0.516,0.34395569624496075
Lrp2,0.21740734150434693,0.034314490536163735,0.263,0.34395569624496075
Sfrp2,0.21798980064071152,0.033823735315160315,0.432,0.3420943887914073
Rpain,0.21804243332949919,0.033779681577174585,0.495,0.3420943887914073
Eef1akmt2,0.218180564107417,0.03366429515215365,0.411,0.3420943887914073
Rtp4,0.21843869044933373,0.033449560163478644,0.347,0.3420943887914073
Gm57182,0.21862276958971702,0.0332971300881163,0.116,0.3417467167278642
Sppl2a,0.2186504944862422,0.03327422272639843,0.853,0.3417467167278642
Ces2g,0.21882376569965797,0.03313135980239627,0.484,0.3416577536244302
Hadhb,0.21911763720988756,0.03289024210500698,0.821,0.3404423594438093
Dock3,0.21927075010223113,0.03276520170364421,0.284,0.3400688355321865
Gm35533,0.21930651175209828,0.03273605453098898,0.295,0.3400688355321865
P2rx4,0.21952531576436876,0.032558195769477535,0.621,0.33934570885774024
Gatd3a,0.2197222482998874,0.03239881250580657,0.474,0.33869276194214515
Sorbs3,0.219935281574107,0.03222713934397841,0.453,0.33824411023002515
Mbp,0.2199529099446202,0.032212967913059096,0.663,0.33824411023002515
Sod3,0.21995894836237695,0.03220811484260927,0.695,0.33824411023002515
Cdc42bpb,0.2200127996092987,0.03216486189974476,0.768,0.33824411023002515
Tmem147,0.2202266315938699,0.03199359650525973,0.821,0.33824411023002515
Acat1,0.22026874530465407,0.031959956980121475,0.821,0.33824411023002515
Met,0.22044014596681752,0.031823353387491864,0.347,0.3381442514368273
Gbp6,0.22075312872622654,0.03157518164186959,0.379,0.3372982259554521
Tsc22d1,0.2208018067581484,0.03153673074750662,0.832,0.33718746757374174
Hsd17b8,0.22139657729126133,0.03107010177268498,0.463,0.33458180447051894
Ly6e,0.22160124249171564,0.030910885147448608,0.884,0.3337558731411994
Ephx1,0.22167329935396687,0.030854993692739197,0.589,0.33361290835639296
Tspan5,0.22174891202019362,0.03079643594739932,0.832,0.33361290835639296
Cacnb3,0.22208409498013107,0.03053798469095976,0.705,0.33212824473220454
Matn4,0.22316152509476786,0.02971958472155236,0.168,0.32618195041286946
Msmo1,0.22329558466153376,0.02961906499921701,0.453,0.325735929690261
Amigo1,0.22390996773935784,0.02916206394144228,0.147,0.3227178817925322
Tapbpl,0.22400594196542628,0.02909121661945561,0.421,0.3225283822251187
Trmt1l,0.2242518308593665,0.02891036825498229,0.547,0.3214136959607151
Slc35c1,0.22428506021576095,0.028886001639519904,0.2,0.3214136959607151
Nr3c2,0.22460987189326384,0.028648736402723318,0.189,0.32088188245102506
Clip1,0.22573348839150495,0.0278406622192958,0.737,0.3144711488871916
Npdc1,0.22643532916868417,0.027345791922639445,0.832,0.3112236242797458
Dhrs7,0.22649751909425334,0.027302303960817374,0.726,0.31110939293975937
Cep68,0.22662965064400195,0.027210102286888506,0.4,0.31057624940554845
2900089D17Rik,0.22678563536341964,0.027101596172195094,0.274,0.3099132049900443
Rars2,0.22679041448035644,0.027098277531096424,0.653,0.3099132049900443
Slc4a4,0.2269964403962391,0.02695553986889915,0.684,0.309421765971197
Drap1,0.2273636921539926,0.02670268604018868,0.842,0.30762413204491673
Fmn1,0.22740015074448372,0.02667769451601578,0.674,0.30762413204491673
Camk1,0.22795771318249025,0.026297967175783005,0.832,0.304493434792311
Pcdh15,0.22935201111920214,0.02536844134401117,0.274,0.2983338640720295
Timp2,0.22962729672853807,0.025188263785822906,0.958,0.2977245435890655
Mgst1,0.22982899194485007,0.02505694466636003,0.895,0.2971248403167025
Tcea3,0.2299264361180114,0.02499371019419222,0.684,0.29693076369951227
Gstm4,0.23018296440064578,0.02482789080175914,0.168,0.29662535806639
Lrrn4,0.2304227142268602,0.024673765216020133,0.347,0.29539906755769846
Tax1bp1,0.23102640905181104,0.02428928101201675,0.874,0.29345901489735476
Fzd7,0.2311348753222298,0.02422074467308426,0.432,0.2931637916227044
Celf2,0.2317828079889895,0.02381476258337764,0.895,0.29088138575472444
Fndc1,0.23191490048444963,0.023732712463984555,0.768,0.2904510556323187
Bnc1,0.23208117074159462,0.023629775674904537,0.505,0.2901586136578962
C4b,0.2322500392576262,0.023525620634986068,0.579,0.29001245068201
Ap4s1,0.2325794853117305,0.023323552104187562,0.568,0.2881130556738478
Sh3tc1,0.23262372370574777,0.023296531318443333,0.158,0.2880756452528827
Tmem223,0.2330990455692311,0.02300788781061934,0.674,0.28655851863511805
Rassf2,0.2331720907855411,0.022963802438289035,0.432,0.28655851863511805
Daglb,0.2334332195880761,0.02280679170659738,0.442,0.2862265791588228
Camsap3,0.23374846867247068,0.02261846299398914,0.158,0.2855729602195874
Ccdc9b,0.2338211862501922,0.022575210973161612,0.558,0.2855729602195874
Rbpms,0.23384978492662545,0.022558220020397896,0.874,0.2855729602195874
Txnip,0.23392096853610841,0.022515976116498325,0.832,0.2855729602195874
Pigp,0.23401213639997345,0.022461971369720165,0.8,0.2855729602195874
Capns1,0.23450844680868554,0.022169912840938343,0.926,0.2840919354121096
Relb,0.2352818036327627,0.021721300767808975,0.695,0.28104273525763185
Ldhb,0.23528833617628236,0.02171754469440462,0.768,0.28104273525763185
Pdpn,0.2356284871516524,0.021522731967715814,0.926,0.2798261766581648
Gstm2,0.2364434678273469,0.021062052147506477,0.8,0.2763847651749839
Trp53inp1,0.2365330902914007,0.021011911382699196,0.474,0.27607951991308255
Rspo1,0.23681671220784553,0.02085390812157225,0.484,0.27515700529199777
Map1lc3b,0.23692762208419374,0.020792398871320034,0.905,0.27464723129586316
Fads6,0.23697256001242128,0.020767521172737963,0.126,0.27464723129586316
Sephs2,0.2375106555487511,0.020471607909698365,0.379,0.2719055267386596
Acaa2,0.23761818685535174,0.020412909244154388,0.832,0.2719055267386596
Laptm4a,0.2377118260464087,0.020361911631399436,0.905,0.2719055267386596
Anxa1,0.23771703922661933,0.020359075653971832,0.874,0.2719055267386596
Tent5c,0.23826303804900253,0.020063922169235287,0.274,0.2696913481362824
Elovl1,0.2383346694194305,0.02002547396664947,0.737,0.2696023183063904
Trim47,0.23882218605050387,0.01976547556460044,0.589,0.26880515956558076
Serping1,0.23884175627749338,0.019755099351399134,0.895,0.26880515956558076
Alg6,0.23948524401833288,0.019416516186383126,0.368,0.26797024120678414
Ech1,0.23993333305146233,0.019183702218959896,0.832,0.2658656858280863
Oma1,0.23997735668074974,0.019160958866811153,0.442,0.2658656858280863
Pnp,0.24084459279585857,0.018717633971618103,0.895,0.2622434435206751
2700038G22Rik,0.24085298265104452,0.018713388617531815,0.126,0.2622434435206751
Galnt18,0.2409049341960311,0.018687119042020053,0.158,0.2622434435206751
Bcl3,0.24114845806796137,0.01856440252968623,0.716,0.26131627335749424
Emc2,0.24124816715942285,0.01851435765905409,0.684,0.2609438202820018
Fabp4,0.24177867569270647,0.0182500390626891,0.611,0.25840591866239154
Cav1,0.24181623001118885,0.018231451939888968,0.779,0.25840591866239154
Gm15345,0.24315598566881413,0.017578935366448667,0.105,0.25430153848789055
Gstm1,0.24320726947925245,0.01755436346488586,0.611,0.25430153848789055
Dnaja1,0.2432196019395336,0.017548458963237572,0.916,0.25430153848789055
Esam,0.24367938220553706,0.01732954543004343,0.453,0.25313363987655896
Sypl,0.2437655699872404,0.017288772432509668,0.8,0.252845664551941
Nr1d1,0.24412771849926998,0.01711835348159099,0.411,0.252196405218973
Pin4,0.24434398553102454,0.01701727605665875,0.789,0.25167453721040434
Samhd1,0.24449683521872592,0.016946149305328926,0.674,0.2515412120665786
Spef2,0.24507432425671247,0.016679733493246668,0.105,0.24909810740511698
Mapkapk3,0.24546757720066018,0.0165003896941537,0.716,0.2475593752272413
Sesn1,0.24573634484310855,0.016378778338472025,0.674,0.246291911873046
Lyz2,0.24583206054616574,0.016335656568915176,0.474,0.246291911873046
Zfp598,0.24611339002411534,0.016209479803402052,0.411,0.24574144444374801
Arsb,0.2462174710041642,0.01616301328408778,0.737,0.24574144444374801
Atg3,0.24658927601572483,0.015997961760870042,0.811,0.24500960059026353
Gm12359,0.2466119257333187,0.01598795438392064,0.116,0.24500960059026353
Fgfbp3,0.24679359822514033,0.01590788130107699,0.147,0.2445658524737918
Clca3a2,0.2469704297735867,0.015830275283210377,0.242,0.2440167668310785
Plce1,0.24754032881360555,0.015582388504354235,0.653,0.2423545839012711
Myo5b,0.24757423221838723,0.015567748147351774,0.221,0.2423545839012711
Ifi47,0.24858807518394582,0.015135412334291474,0.621,0.23817941795260517
Cldn3,0.24867433269376554,0.015099114141157579,0.389,0.23810614007031605
Myrf,0.2487586905077867,0.015063688333719625,0.758,0.23810614007031605
Twsg1,0.24899748118896203,0.014963799094336249,0.832,0.23734522552932014
Sema5a,0.2491658554577701,0.014893711493688054,0.832,0.23734522552932014
Tmem106b,0.2491909072621412,0.0148833077650978,0.779,0.23734522552932014
Maf,0.24984949063118722,0.014612055894331923,0.916,0.23486874849162437
Arhgap28,0.2508773278567037,0.014197285616583434,0.684,0.23220414143737864
Xaf1,0.2511968689286661,0.014070438909748715,0.558,0.2314298082045929
Rap1gap,0.25150543403119946,0.013948884265214583,0.2,0.2299826557460908
Sned1,0.2516012271954226,0.013911333937819854,0.358,0.22975706546272764
Pltp,0.25339692282159015,0.01322350290032196,0.758,0.22206237667715492
Shtn1,0.25362613153516367,0.013137870894284868,0.379,0.2212432199546682
Grina,0.2539912381642332,0.013002463735928178,0.811,0.2201982821964593
Wt1os,0.2541274603425715,0.012952254950829897,0.768,0.21965780394719572
Tmem135,0.25446990116203394,0.012826782583881527,0.674,0.2187658785293544
Cldn15,0.2544740173797747,0.01282528083523121,0.232,0.2187658785293544
Chl1,0.2547713846438835,0.01271719435901096,0.716,0.21856202309770745
Tbc1d2b,0.25525080245112475,0.012544606309712105,0.726,0.2168541324824255
Hdac10,0.2556441925084833,0.01240451519936636,0.189,0.21554415918783196
Dbndd2,0.2558893239749695,0.01231791181886548,0.747,0.21512941602350663
Xdh,0.2566344358172696,0.012057895339467044,0.842,0.21291051373673647
Gas6,0.2567498014742619,0.012018067853679619,0.653,0.21251979487353634
C1qtnf4,0.25908335204895616,0.011236726884494992,0.189,0.20380570951983593
D130017N08Rik,0.25944872436055355,0.011118496382336996,0.105,0.2028872128612771
Sema3c,0.26002692236259556,0.01093361866609722,0.295,0.2005884071790776
Pdgfra,0.26104101176815475,0.010615849386007343,0.863,0.19832375515677925
Nfia,0.2614191861208828,0.010499432035599448,0.895,0.1975966778235777
Pkia,0.2615387986579382,0.010462843771585963,0.568,0.19752730371923374
Sntg1,0.26183572272301997,0.010372499628161455,0.674,0.19752730371923374
Tcp11l2,0.2619954423083723,0.010324185295785533,0.611,0.19752730371923374
Dipk2a,0.26340304803739595,0.009906841451035141,0.558,0.1927900248015866
Rab30,0.2645473336556952,0.009578540370500498,0.211,0.18880362623459387
Gltp,0.2645617961654973,0.009574452819841863,0.632,0.18880362623459387
Crybg3,0.26500525263152447,0.009449858810790752,0.6,0.18723507383030455
Slpi,0.26528355409199217,0.009372395485356625,0.674,0.1866333175787804
Cpq,0.2653718398291674,0.009347938453408039,0.863,0.1866333175787804
Tnfsf13os,0.26590504358524325,0.009201416857959931,0.274,0.18444309217616844
Psd,0.26613007156844587,0.009140187903339873,0.379,0.18352213403913353
Gsta3,0.2661489109622684,0.009135078068979282,0.116,0.18352213403913353
Snx10,0.2665775545978459,0.009019492339511723,0.642,0.18277229656153113
Psme2,0.26668131938088846,0.008991705573792764,0.811,0.18277229656153113
Heg1,0.26687761272042776,0.008939346566128388,0.926,0.18223214638285834
Sntb2,0.2671545816052922,0.008865923959921054,0.895,0.18135119077814665
mt-Nd2,0.2675009448882576,0.008774851447322093,0.968,0.18093788115489942
Calml4,0.2675753801926877,0.008755387173112725,0.316,0.18093788115489942
Fam180a,0.2677995711944345,0.008696992007776622,0.158,0.1806657145975327
Psen2,0.2682881702883765,0.00857091124941644,0.663,0.17928733688457002
Ctsl,0.2684947997855399,0.008518076941835756,0.968,0.17880515706402433
Nfe2l2,0.26929261011443206,0.008316758842257663,0.874,0.17705553797692866
Has1,0.2693803594826339,0.008294873990730336,0.189,0.17705553797692866
Gbp4,0.2694956125959563,0.008266206666901673,0.147,0.17705553797692866
Flrt1,0.26955705847437783,0.008250958679464767,0.221,0.17705553797692866
Ccdc80,0.2696902888790548,0.00821798214799851,0.958,0.17705553797692866
Cdc42ep2,0.26973684862318764,0.008206485298322878,0.705,0.17705553797692866
Espn,0.2711876705278236,0.007855261089177673,0.263,0.17211335747765752
Prkg1,0.27152390246022023,0.007775780022668177,0.716,0.17068334685955538
Jdp2,0.27172664497142623,0.0077281975260336784,0.537,0.17057438914537937
Styx,0.27191067104724204,0.007685230088839278,0.305,0.1702519514330133
Gpm6a,0.2719727999402484,0.007670771518223554,0.463,0.1702519514330133
Tesc,0.2727596340226372,0.007489724745046854,0.442,0.1693580508734041
Ly6a,0.2728075107142772,0.007478831223956151,0.526,0.1693580508734041
Pid1,0.27289248584535014,0.007459531004340138,0.411,0.16931302224784883
Slc43a2,0.27346878044924383,0.007329794041476972,0.505,0.1682769350975411
Il18bp,0.27414175079807035,0.0071808170508205725,0.347,0.16667106475165688
Adora2b,0.2746646577969799,0.007066912206646727,0.558,0.16525192625813045
Cd81,0.2751312388625133,0.006966627213224928,0.947,0.16414902070210255
Lsr,0.27548361757742357,0.0068917239104095765,0.453,0.16414902070210255
Fhl1,0.27657210750329225,0.006664824507170029,0.253,0.1606751596104753
Adhfe1,0.27777772958194463,0.006421242348430036,0.221,0.15670702617398263
Glb1l,0.27800056839134873,0.006377093291076976,0.263,0.1562648145835944
Tpbgl,0.27818028513522935,0.006341683575700141,0.368,0.15571491757347974
2210408F21Rik,0.278282430661141,0.006321635449385029,0.579,0.15571491757347974
Ifitm2,0.27968151404163016,0.00605263046607783,0.937,0.15203751884141528
C1rl,0.2803920206280539,0.005919943324650887,0.463,0.1496437042085962
Cdk2ap2,0.28046291652095046,0.005906846073315805,0.779,0.1496437042085962
Cst3,0.281641885093618,0.005692778522007284,0.884,0.1463606585557884
Oasl2,0.28174920299025275,0.005673638709357913,0.747,0.1463606585557884
Serpinb8,0.2822548654785578,0.005584221600000046,0.305,0.1453375203074501
Lrmda,0.2825820251366156,0.005527037977669204,0.895,0.1448976965019086
Irgm2,0.2826143345857222,0.0055214189726667,0.442,0.1448976965019086
Cxcl13,0.28312897900628314,0.0054325972874701735,0.4,0.14367664235826955
Tgtp2,0.28342906076808727,0.005381394345003439,0.179,0.14295221659392987
Igfbp5,0.283635726978494,0.005346380606466865,0.295,0.1426494479921658
Gda,0.28381822290780145,0.005315630250094754,0.926,0.1426494479921658
Cldn10,0.28407308844854995,0.005272948668846882,0.705,0.14227481947605508
Nherf1,0.28472728141987896,0.0051647837171584525,0.779,0.14062031313360893
Zbp1,0.2852714198608841,0.005076322619480816,0.611,0.13947690089726808
Selenop,0.2857415276703992,0.005000984276675449,0.821,0.13835672398627216
Ilvbl,0.2858645490182143,0.004981434083236752,0.758,0.13835672398627216
Irf7,0.28589265373812484,0.004976977314465598,0.579,0.13835672398627216
Bst2,0.28602207208225994,0.004956500251614547,0.779,0.13835672398627216
Fam13a,0.2865739113116989,0.004870024829975676,0.316,0.13831296592363312
AV099323,0.2870211124608949,0.004800934249762791,0.116,0.13737620930892597
Tmtc2,0.2877122368854878,0.004695874077087447,0.8,0.1361916909265434
Ccdc69,0.2878989876806857,0.00466783910361651,0.211,0.1361916909265434
Lvrn,0.28836901376777546,0.004597937564041913,0.526,0.13544716804115464
Ddx60,0.2884296450307454,0.004588988823297544,0.484,0.13544716804115464
Plac9,0.2885825439317481,0.004566490903916441,0.653,0.13544716804115464
Iigp1,0.2892387522691723,0.004471046768606953,0.589,0.1341768222479131
Tmem126b,0.2894067433616269,0.00444690047780737,0.579,0.13416116391178723
Il15ra,0.28944097019053594,0.0044419951446791,0.179,0.13416116391178723
Spice1,0.2896642658064004,0.0044101109989044445,0.242,0.13416116391178723
Rnase4,0.2898808565645298,0.004379379338564015,0.916,0.13416116391178723
Ptges,0.2902589606614477,0.0043261882236758755,0.674,0.13416116391178723
Tnfsf13,0.2906240342566353,0.004275377741490829,0.505,0.13299083041989737
Tle5,0.2906877973958208,0.004266558082489824,0.842,0.13299083041989737
Osr1,0.29119105404936013,0.004197515721070889,0.695,0.13159156987701873
Gbp3,0.2913375701323171,0.0041776032728746,0.368,0.13159156987701873
Gm13375,0.29150862952816975,0.004154461932560689,0.105,0.13159156987701873
Ccdc30,0.2924501521989203,0.004029126429878201,0.116,0.1307505974149934
Slc6a4,0.29249045438432525,0.004023837577817842,0.253,0.1307505974149934
mt-Cytb,0.2934080816370207,0.0039050830090520136,0.979,0.1288140980485921
Cyp7b1,0.29344468788302636,0.0039004112566610274,0.653,0.1288140980485921
Kiz,0.2943624187852691,0.003784908966724683,0.842,0.12694246358509292
Rpap3,0.29454248485919426,0.003762608695222985,0.695,0.12694246358509292
Mvp,0.29460505553209343,0.0037548871803473396,0.747,0.12694246358509292
Serpina3i,0.29492764971604657,0.0037153019134736616,0.295,0.12694246358509292
Aldh6a1,0.2949931524826555,0.003707309853714724,0.632,0.12694246358509292
Ifi205,0.29505372006747405,0.0036999336246031148,0.695,0.12694246358509292
Dpp4,0.2952297313153424,0.0036785725114486054,0.368,0.12692132225564198
Fcor,0.29588358315497093,0.0036001822580049962,0.589,0.12529677788946664
Tgfbr3,0.29981286264249596,0.003159790655057973,0.853,0.11393275193778103
Hfe,0.3008017662498962,0.0030568566548824106,0.411,0.11156133086678756
Itm2b,0.30159886335240027,0.002976088243128286,0.926,0.10894479126597968
Trf,0.30192908129413,0.0029431927686078517,0.747,0.1084015815112714
Slc31a2,0.30228597909785954,0.0029080068562772044,0.337,0.10821940569958062
Fabp5,0.30228627751968534,0.002907977594121676,0.663,0.10821940569958062
Enpp4,0.3029964957686585,0.002839080546793135,0.474,0.10787607634602903
Clu,0.3033106828092064,0.002809072317062771,0.895,0.10774382622281518
Nnmt,0.30377337661855075,0.002765398746843123,0.842,0.10727883360983445
mt-Nd4,0.3043823641618727,0.0027088467733064245,0.979,0.10608689155695188
Psmb9,0.30575995458476063,0.002584737773372014,0.674,0.10323683281324299
Lgals2,0.30602085279634805,0.002561817559372509,0.179,0.10287539610496894
Cyb5a,0.306101245477396,0.002554791909458449,0.863,0.10287539610496894
Slc24a2,0.3061720943507353,0.002548614682767628,0.105,0.10287539610496894
Aldh2,0.30734982110064735,0.002447879449851828,0.842,0.10170134447879205
Pnpla7,0.30849088117948253,0.0023537137073266555,0.526,0.09954061138973744
Akr1b3,0.30945045376287433,0.0022770646056620106,0.758,0.09808858201385601
Adamts5,0.30948536303082513,0.0022743190079758235,0.611,0.09808858201385601
Thoc5,0.3108489123036503,0.002169382864685676,0.379,0.09541311375927074
Gstt2,0.3110259552496833,0.002156083174578542,0.263,0.09541311375927074
Ndufa4,0.31180447657697213,0.0020984680248301575,0.968,0.0940160655751332
Col6a6,0.31293911228240423,0.002016984133635936,0.242,0.09278899805581103
Tnxb,0.31469021434307,0.0018968237285152947,0.495,0.08896547854798104
Igtp,0.31523063065247225,0.0018610687158240632,0.389,0.08797579555472256
Tap2,0.31646595633452324,0.0017816139314431934,0.621,0.08488824791602549
Iah1,0.31894071729214063,0.0016315992222026546,0.779,0.07867715606822198
Saa3,0.3190990805027382,0.0016224006312801128,0.716,0.07854904991846902
Ide,0.32010326061779837,0.0015651570280020982,0.811,0.07701983784926719
Slfn8,0.32139289065679977,0.0014943263075892763,0.253,0.07414204948439851
Ifit1,0.3222779086051451,0.001447412785408981,0.189,0.07302136686725057
Cryl1,0.3226890537076262,0.0014260762601853443,0.653,0.07302136686725057
Tmem254,0.32276376895995795,0.0014222296517106864,0.853,0.07302136686725057
Ntn1,0.322862129349869,0.0014171800541819643,0.295,0.07302136686725057
Tmem176b,0.3234651006408673,0.0013865786221718276,0.895,0.07276150873611494
Rasgrf2,0.3241801693792794,0.0013510657845277817,0.158,0.07177985342842953
Dusp3,0.32459175432363935,0.001331001269793745,0.695,0.07134523324291739
Ptgis,0.32498713951465624,0.0013119815579933232,0.979,0.07067785651002334
St3gal1,0.32506438582221814,0.0013082946180891094,0.863,0.07067785651002334
Pelp1,0.325832829304281,0.0012721259502020518,0.726,0.07006612974346806
Smpd3,0.32677118696976637,0.0012291923277397844,0.495,0.06961372267338616
Etfbkmt,0.32736443072305216,0.0012027326474041706,0.611,0.06942889854510517
Eci1,0.3290483695355969,0.001130421293442963,0.6,0.06656481182529676
Sult1a1,0.32948657876744686,0.0011122636905260424,0.284,0.06611361451557521
Wfdc1,0.3295425291102724,0.001109964534561613,0.4,0.06611361451557521
B2m,0.3314445733152775,0.001034329327499376,0.937,0.06412379411004443
Psme1,0.3317786942880752,0.0010215380488174735,0.853,0.06388337162578857
Abi3bp,0.3340777870179569,0.0009373542221361144,0.621,0.05954927060946204
Nit1,0.3348734842158899,0.0009097250040801882,0.516,0.058726172709628065
Tmem151a,0.33639957979689994,0.0008588014351039753,0.642,0.05870105603199958
Mill2,0.33692102734954393,0.0008420066206713637,0.421,0.058103295944833704
Mndal,0.3380667644266095,0.0008061522953219778,0.726,0.05736984181171511
Dbi,0.33910963484376183,0.0007747343989870495,0.895,0.05603756583516568
Npr1,0.3413759818309341,0.0007102775570591418,0.579,0.05297082377396966
Ly6c1,0.34330173786576096,0.0006594009866769243,0.116,0.04995281465583352
Psmb8,0.34356365257702526,0.0006527451074381854,0.821,0.04992044907649868
Flrt2,0.3457969886577901,0.0005984377732654029,0.874,0.04727264699735325
Ifi27l2a,0.3480160700351426,0.0005486041173932669,0.6,0.04420865528550977
Col6a5,0.34866157682403165,0.0005348391836826493,0.421,0.043610634571264996
Pkhd1l1,0.34976238564073153,0.0005120934528862625,0.484,0.042404869577967956
Sdc4,0.350077050918066,0.0005057565864292951,0.905,0.042344595792681176
Igfbp6,0.35214954668032766,0.0004657842200481589,0.8,0.040526602392161194
Cxadr,0.35524067308490487,0.0004115286348221763,0.789,0.03921606601833231
Cp,0.3580912550875288,0.00036670454266687425,0.768,0.03609033970328819
Sod2,0.361255957899843,0.00032222915267627136,0.853,0.03272382012351491
H2-D1,0.3624011722144689,0.00030739876110568934,0.884,0.031546469440991556
Efemp1,0.3631352515927515,0.0002982259213098278,0.6,0.03126109998105825
Cxcl16,0.3687620101707118,0.0002358573071394485,0.779,0.026466716699283722
Naaa,0.37036269437957975,0.00022045544077147614,0.537,0.024971778088142584
Dapk1,0.3805543976735749,0.00014222715343965744,0.589,0.017788764909895487
Col14a1,0.3847088248725291,0.00011846342064460669,0.284,0.015630662545931786
Dmkn,0.3849230762210297,0.00011734396194489373,0.705,0.015630662545931786
Rtn1,0.3870291835592808,0.00010685009701492335,0.484,0.01545721825130343
Adgrd1,0.3878149774494607,0.00010316310120005185,0.895,0.015105845806207592
Steap4,0.3888022192964547,9.869829779914728e-05,0.8,0.014813380770929516
Frmd4b,0.3900062575351324,9.349599361652147e-05,0.758,0.014392389684020169
Ppl,0.39052254225806826,9.134428444994767e-05,0.389,0.014392389684020169
Ifih1,0.39632886484433555,7.01140285285123e-05,0.537,0.011692488063081211
Ifi204,0.3969952145183843,6.799617977385137e-05,0.916,0.01149901592316385
Cfb,0.4014265259685828,5.535769679539929e-05,0.811,0.010225844083420914
Myl12b,0.40148502495812444,5.520654813796551e-05,0.884,0.010225844083420914
Tapbp,0.4032173232625768,5.0901162566552274e-05,0.811,0.010019184572731035
Cd55,0.40331390477271406,5.067058794767403e-05,0.568,0.010019184572731035
Upk3b,0.40556463096721274,4.556529446878841e-05,0.484,0.009432801563564524
Clec2d,0.4056083338579773,4.5471088448202754e-05,0.695,0.009432801563564524
C1s1,0.40744997293939955,4.166245089897922e-05,0.905,0.009242052939337858
Psmb10,0.4107263639594754,3.5612705081812004e-05,0.8,0.008810577345622416
Aldh1a1,0.411601146577257,3.414220921103319e-05,0.695,0.00872224480844416
Fras1,0.4146041016033952,2.9514618150142732e-05,0.326,0.007875156002861417
C1ra,0.4171051574047264,2.6115167347115694e-05,0.832,0.007126473053109503
C3,0.4299136270085167,1.3741365232086995e-05,0.916,0.004282387786966537
Fth1,0.4441489361702128,6.524675944841868e-06,0.989,0.002448180752178635
H2-K1,0.4455800494407897,6.042656110014947e-06,0.926,0.002340457158482241
Cd34,0.4472054948167972,5.535892843595904e-06,0.821,0.002215648845768534
Gbp2,0.4485595877550169,5.144563802882876e-06,0.684,0.002130026813145334
Nkain4,0.4733071403134728,1.2729840373979248e-06,0.737,0.0008491510742798269
Dcn,0.5007716292430902,2.3642651980306935e-07,0.979,0.00025807029302504124
Add3,0.5008304495356264,2.3553794163910393e-07,0.874,0.00025807029302504124
Clec3b,0.5327045522284642,2.747887371795781e-08,0.305,5.49898061219199e-05
